# 3ds Max Wavefront OBJ Exporter v0.97b - (c)2007 guruware
# File Created: 30.05.2022 13:01:39

#
# object 7397
#

v  -0.2427 -0.0802 0.3390
v  -0.0211 -0.0802 0.4050
v  0.0526 -0.0802 0.3982
v  0.1280 -0.0802 0.3766
v  0.2006 -0.0802 0.3390
v  0.3772 -0.0802 0.0737
v  0.3839 -0.0802 -0.0000
v  0.3772 -0.0802 -0.0737
v  0.2653 -0.0802 -0.2864
v  0.2006 -0.0802 -0.3390
v  0.1280 -0.0802 -0.3766
v  -0.2427 -0.0802 -0.3390
v  -0.3074 -0.0802 -0.2864
v  -0.3600 -0.0802 -0.2216
v  -0.3976 -0.0802 -0.1491
v  -0.4193 -0.0802 -0.0737
v  -0.4193 -0.0802 0.0737
v  0.0526 -4.8152 0.3982
v  0.1280 -4.8152 0.3766
v  0.2006 -4.8152 0.3390
v  0.2653 -0.0802 0.2864
v  0.2653 -4.8152 0.2864
v  0.3179 -0.0802 0.2216
v  0.3555 -0.0802 0.1491
v  0.3555 -4.8152 0.1491
v  0.3772 -4.8152 0.0737
v  0.3839 -4.8152 -0.0000
v  0.3772 -4.8152 -0.0737
v  0.3555 -0.0802 -0.1491
v  0.3555 -4.8152 -0.1491
v  0.3179 -0.0802 -0.2216
v  0.3179 -4.8152 -0.2216
v  0.2006 -4.8152 -0.3390
v  0.0526 -0.0802 -0.3982
v  0.0526 -4.8152 -0.3982
v  -0.0211 -0.0802 -0.4050
v  -0.0211 -4.8152 -0.4050
v  -0.0948 -0.0802 -0.3982
v  -0.0948 -4.8152 -0.3982
v  -0.1701 -0.0802 -0.3766
v  -0.1701 -4.8152 -0.3766
v  -0.2427 -4.8152 -0.3390
v  -0.3074 -4.8152 -0.2864
v  -0.3976 -4.8152 -0.1491
v  -0.4193 -4.8152 -0.0737
v  -0.4261 -0.0802 0.0000
v  -0.3976 -0.0802 0.1491
v  -0.3600 -0.0802 0.2216
v  -0.3600 -4.8152 0.2216
v  -0.3074 -0.0802 0.2864
v  -0.1701 -0.0802 0.3766
v  -0.1701 -4.8152 0.3766
v  -0.0948 -0.0802 0.3982
v  -0.1701 -6.4405 -0.2967
v  -0.0211 -5.2420 0.3654
v  -0.0211 -4.8152 0.4050
v  -0.0948 -6.4558 -0.2813
v  -0.0211 -6.4606 -0.2766
v  -0.2427 -6.4139 -0.3232
v  -0.3600 -6.3309 -0.4062
v  -0.4261 -6.1742 -0.5629
v  -0.4193 -6.1221 -0.6151
v  -0.2427 -5.9345 -0.8026
v  -0.0948 -5.8926 -0.8445
v  -0.0211 -5.8878 -0.8493
v  0.0526 -5.8926 -0.8445
v  0.1280 -5.9079 -0.8292
v  0.2006 -5.9345 -0.8026
v  0.2653 -5.9717 -0.7654
v  0.3179 -6.0175 -0.7197
v  0.3555 -6.0688 -0.6684
v  0.3772 -6.1221 -0.6151
v  0.3839 -6.1742 -0.5629
v  0.3555 -6.2796 -0.4575
v  0.3179 -6.3309 -0.4062
v  0.0526 -6.4558 -0.2813
v  0.3179 -4.8152 0.2216
v  0.2653 -4.8152 -0.2864
v  0.1280 -4.8152 -0.3766
v  -0.3600 -4.8152 -0.2216
v  -0.4261 -4.8152 0.0000
v  -0.4193 -4.8152 0.0737
v  -0.3976 -4.8152 0.1491
v  -0.3074 -4.8152 0.2864
v  -0.2427 -4.8152 0.3390
v  -0.0948 -4.8152 0.3982
v  -0.0211 -5.6743 0.2405
v  -0.0211 -6.0895 0.0250
v  0.3179 -5.9891 -0.1284
v  0.2653 -6.0246 -0.0743
v  -0.3600 -5.9891 -0.1284
v  -0.3074 -6.0246 -0.0743
v  -0.3976 -5.9494 -0.1891
v  -0.4193 -5.9081 -0.2522
v  -0.4261 -5.8677 -0.3139
v  -0.4193 -5.8274 -0.3755
v  -0.3976 -5.7861 -0.4386
v  -0.3600 -5.7464 -0.4993
v  -0.3074 -5.7109 -0.5535
v  -0.2427 -5.6821 -0.5975
v  -0.1701 -5.6615 -0.6289
v  -0.0948 -5.6496 -0.6471
v  -0.0211 -5.6459 -0.6527
v  0.0526 -5.6496 -0.6471
v  0.1280 -5.6615 -0.6289
v  0.2006 -5.6821 -0.5975
v  0.2653 -5.7109 -0.5535
v  0.3179 -5.7464 -0.4993
v  0.3555 -5.7861 -0.4386
v  0.3772 -5.8274 -0.3755
v  0.3839 -5.8677 -0.3139
v  0.3772 -5.9081 -0.2522
v  0.3555 -5.9494 -0.1891
v  0.0526 -6.0858 0.0193
v  0.0524 -5.6718 0.2343
v  0.0524 -5.2407 0.3588
v  0.1276 -5.2368 0.3376
v  0.2000 -5.2299 0.3008
v  0.2648 -5.2203 0.2493
v  0.3174 -5.2085 0.1859
v  0.3551 -5.1952 0.1147
v  0.3770 -5.1814 0.0407
v  0.3839 -5.1678 -0.0318
v  0.3773 -5.1543 -0.1043
v  0.3558 -5.1405 -0.1785
v  0.3183 -5.1271 -0.2499
v  0.2657 -5.1152 -0.3138
v  0.2009 -5.1055 -0.3657
v  0.1283 -5.0986 -0.4027
v  0.0528 -5.0946 -0.4241
v  -0.0211 -5.0934 -0.4308
v  -0.0949 -5.0946 -0.4241
v  -0.1704 -5.0986 -0.4027
v  -0.2430 -5.1055 -0.3656
v  -0.3078 -5.1152 -0.3138
v  -0.3604 -5.1271 -0.2499
v  -0.3979 -5.1405 -0.1785
v  -0.4194 -5.1543 -0.1043
v  -0.4260 -5.1678 -0.0318
v  -0.4191 -5.1814 0.0407
v  -0.3972 -5.1952 0.1147
v  -0.3595 -5.2085 0.1859
v  -0.3069 -5.2203 0.2493
v  -0.2422 -5.2299 0.3008
v  -0.1697 -5.2368 0.3376
v  -0.0946 -5.2407 0.3588
v  -0.0945 -5.6718 0.2343
v  -0.0948 -6.0858 0.0193
v  0.1280 -6.0739 0.0012
v  0.2006 -6.0534 -0.0302
v  0.1276 -5.6638 0.2142
v  0.2000 -5.6500 0.1795
v  0.2647 -5.6307 0.1308
v  0.3173 -5.6069 0.0709
v  0.3551 -5.5801 0.0036
v  0.3769 -5.5523 -0.0664
v  0.3839 -5.5251 -0.1349
v  0.3773 -5.4979 -0.2034
v  0.3558 -5.4700 -0.2736
v  0.3183 -5.4432 -0.3412
v  0.2657 -5.4192 -0.4015
v  0.2009 -5.3997 -0.4506
v  0.1283 -5.3858 -0.4857
v  0.0528 -5.3777 -0.5059
v  -0.0211 -5.3752 -0.5122
v  -0.0949 -5.3777 -0.5059
v  -0.1704 -5.3858 -0.4857
v  -0.2431 -5.3997 -0.4506
v  -0.3079 -5.4192 -0.4015
v  -0.3604 -5.4432 -0.3412
v  -0.3979 -5.4700 -0.2736
v  -0.4194 -5.4979 -0.2034
v  -0.4260 -5.5251 -0.1349
v  -0.4191 -5.5523 -0.0664
v  -0.3972 -5.5801 0.0036
v  -0.3595 -5.6069 0.0709
v  -0.3068 -5.6307 0.1308
v  -0.2427 -6.0534 -0.0302
v  -0.1701 -6.0739 0.0012
v  -0.2421 -5.6500 0.1795
v  -0.1697 -5.6638 0.2142
v  0.1280 -6.4405 -0.2967
v  0.2006 -6.4139 -0.3232
v  0.2653 -6.3767 -0.3604
v  0.3772 -6.2263 -0.5108
v  -0.3074 -6.3767 -0.3604
v  -0.3976 -6.2796 -0.4575
v  -0.4193 -6.2263 -0.5108
v  -0.3976 -6.0688 -0.6684
v  -0.3600 -6.0175 -0.7196
v  -0.3074 -5.9717 -0.7654
v  -0.1701 -5.9079 -0.8292
v  -0.0211 -5.0281 0.3952
v  0.0524 -5.0275 0.3884
v  0.1276 -5.0255 0.3670
v  0.2000 -5.0221 0.3297
v  0.2648 -5.0173 0.2775
v  0.3174 -5.0113 0.2132
v  0.3551 -5.0047 0.1411
v  0.3770 -4.9978 0.0661
v  0.3839 -4.9911 -0.0073
v  0.3773 -4.9843 -0.0808
v  0.3557 -4.9774 -0.1560
v  0.3182 -4.9708 -0.2283
v  0.2656 -4.9648 -0.2930
v  0.2008 -4.9600 -0.3455
v  0.1282 -4.9566 -0.3830
v  0.0527 -4.9546 -0.4047
v  -0.0211 -4.9540 -0.4114
v  -0.0949 -4.9546 -0.4047
v  -0.1703 -4.9566 -0.3830
v  -0.2429 -4.9600 -0.3455
v  -0.3077 -4.9648 -0.2930
v  -0.3603 -4.9708 -0.2283
v  -0.3978 -4.9774 -0.1560
v  -0.4194 -4.9843 -0.0808
v  -0.4260 -4.9911 -0.0073
v  -0.4191 -4.9978 0.0661
v  -0.3973 -5.0047 0.1411
v  -0.3595 -5.0113 0.2132
v  -0.3069 -5.0173 0.2775
v  -0.2422 -5.0221 0.3297
v  -0.1697 -5.0255 0.3670
v  -0.0946 -5.0275 0.3884
v  0.0521 -5.4573 0.3076
v  -0.0942 -5.4573 0.3076
v  -0.0211 -5.4591 0.3140
v  0.1270 -5.4513 0.2870
v  0.1992 -5.4411 0.2513
v  0.2639 -5.4267 0.2013
v  0.3167 -5.4089 0.1395
v  0.3546 -5.3889 0.0701
v  0.3767 -5.3681 -0.0022
v  0.3838 -5.3477 -0.0731
v  0.3774 -5.3272 -0.1441
v  0.3561 -5.3063 -0.2168
v  0.3187 -5.2861 -0.2868
v  0.2661 -5.2681 -0.3495
v  0.2013 -5.2534 -0.4004
v  0.1285 -5.2429 -0.4368
v  0.0529 -5.2368 -0.4577
v  -0.0211 -5.2350 -0.4643
v  -0.0950 -5.2368 -0.4577
v  -0.1707 -5.2429 -0.4367
v  -0.2434 -5.2534 -0.4004
v  -0.3083 -5.2681 -0.3495
v  -0.3608 -5.2861 -0.2868
v  -0.3982 -5.3063 -0.2168
v  -0.4196 -5.3272 -0.1441
v  -0.4260 -5.3477 -0.0731
v  -0.4188 -5.3681 -0.0022
v  -0.3967 -5.3889 0.0701
v  -0.3588 -5.4089 0.1395
v  -0.3060 -5.4267 0.2013
v  -0.2414 -5.4411 0.2513
v  -0.1692 -5.4513 0.2870
v  0.0521 -5.8834 0.1377
v  -0.0942 -5.8834 0.1377
v  -0.0211 -5.8865 0.1437
v  0.1269 -5.8735 0.1187
v  0.1991 -5.8564 0.0858
v  0.2638 -5.8325 0.0396
v  0.3165 -5.8029 -0.0174
v  0.3545 -5.7697 -0.0815
v  0.3766 -5.7350 -0.1483
v  0.3838 -5.7011 -0.2138
v  0.3775 -5.6671 -0.2793
v  0.3561 -5.6322 -0.3465
v  0.3188 -5.5986 -0.4113
v  0.2662 -5.5686 -0.4692
v  0.2014 -5.5442 -0.5163
v  0.1286 -5.5268 -0.5499
v  0.0529 -5.5167 -0.5693
v  -0.0211 -5.5135 -0.5754
v  -0.0951 -5.5167 -0.5693
v  -0.1707 -5.5268 -0.5499
v  -0.2435 -5.5442 -0.5163
v  -0.3083 -5.5686 -0.4692
v  -0.3609 -5.5986 -0.4113
v  -0.3983 -5.6322 -0.3465
v  -0.4196 -5.6671 -0.2793
v  -0.4260 -5.7011 -0.2138
v  -0.4187 -5.7350 -0.1483
v  -0.3966 -5.7697 -0.0815
v  -0.3586 -5.8029 -0.0174
v  -0.3059 -5.8325 0.0396
v  -0.2412 -5.8564 0.0858
v  -0.1690 -5.8735 0.1187
v  -0.1721 -6.2638 -0.1387
v  0.2681 -6.2057 -0.2103
v  -0.3102 -6.2057 -0.2103
v  -0.2453 -6.2395 -0.1686
v  -0.0211 -6.2824 -0.1159
v  -0.3625 -6.1641 -0.2614
v  -0.3992 -6.1180 -0.3181
v  -0.4200 -6.0703 -0.3769
v  -0.4258 -6.0238 -0.4341
v  -0.4182 -5.9776 -0.4910
v  -0.3958 -5.9305 -0.5490
v  -0.3578 -5.8854 -0.6046
v  -0.3052 -5.8451 -0.6541
v  -0.2407 -5.8125 -0.6942
v  -0.1687 -5.7892 -0.7228
v  -0.0940 -5.7757 -0.7393
v  -0.0210 -5.7716 -0.7445
v  0.0519 -5.7758 -0.7394
v  0.1266 -5.7892 -0.7228
v  0.1986 -5.8125 -0.6942
v  0.2631 -5.8451 -0.6541
v  0.3157 -5.8854 -0.6046
v  0.3537 -5.9305 -0.5490
v  0.3761 -5.9776 -0.4910
v  0.3837 -6.0238 -0.4341
v  0.3779 -6.0703 -0.3769
v  0.3571 -6.1180 -0.3182
v  0.2032 -6.2395 -0.1686
v  0.1300 -6.2639 -0.1386
v  0.0537 -6.2779 -0.1213
v  -0.0958 -6.2779 -0.1213
v  0.3204 -6.1641 -0.2614
v  -0.0211 -5.1333 0.3831
v  0.0525 -5.1324 0.3764
v  0.1278 -5.1294 0.3550
v  0.2003 -5.1244 0.3179
v  0.2650 -5.1172 0.2658
v  0.3176 -5.1084 0.2018
v  0.3553 -5.0986 0.1300
v  0.3771 -5.0883 0.0553
v  0.3839 -5.0782 -0.0177
v  0.3772 -5.0681 -0.0907
v  0.3556 -5.0578 -0.1655
v  0.3181 -5.0478 -0.2374
v  0.2655 -5.0389 -0.3016
v  0.2007 -5.0317 -0.3538
v  0.1281 -5.0265 -0.3911
v  0.0527 -5.0235 -0.4126
v  -0.0211 -5.0226 -0.4193
v  -0.0948 -5.0235 -0.4126
v  -0.1702 -5.0265 -0.3911
v  -0.2428 -5.0317 -0.3538
v  -0.3076 -5.0389 -0.3016
v  -0.3602 -5.0478 -0.2374
v  -0.3977 -5.0578 -0.1655
v  -0.4194 -5.0681 -0.0907
v  -0.4260 -5.0782 -0.0177
v  -0.4192 -5.0883 0.0553
v  -0.3974 -5.0986 0.1300
v  -0.3598 -5.1084 0.2018
v  -0.3071 -5.1172 0.2659
v  -0.2424 -5.1244 0.3179
v  -0.1699 -5.1294 0.3550
v  -0.0946 -5.1324 0.3764
v  -0.0943 -5.3498 0.3358
v  0.0522 -5.3498 0.3358
v  -0.0211 -5.3513 0.3423
v  0.1272 -5.3448 0.3149
v  0.1995 -5.3362 0.2787
v  0.2642 -5.3241 0.2279
v  0.3169 -5.3091 0.1653
v  0.3548 -5.2924 0.0949
v  0.3768 -5.2750 0.0217
v  0.3839 -5.2580 -0.0500
v  0.3774 -5.2410 -0.1218
v  0.3560 -5.2237 -0.1954
v  0.3186 -5.2069 -0.2663
v  0.2660 -5.1920 -0.3297
v  0.2012 -5.1799 -0.3812
v  0.1285 -5.1712 -0.4180
v  0.0529 -5.1662 -0.4392
v  -0.0211 -5.1647 -0.4459
v  -0.0950 -5.1662 -0.4392
v  -0.1706 -5.1712 -0.4180
v  -0.2433 -5.1799 -0.3812
v  -0.3081 -5.1920 -0.3297
v  -0.3607 -5.2069 -0.2663
v  -0.3981 -5.2237 -0.1954
v  -0.4195 -5.2410 -0.1218
v  -0.4260 -5.2580 -0.0500
v  -0.4189 -5.2750 0.0217
v  -0.3969 -5.2924 0.0949
v  -0.3590 -5.3091 0.1653
v  -0.3063 -5.3241 0.2279
v  -0.2416 -5.3362 0.2787
v  -0.1694 -5.3448 0.3149
v  0.0524 -5.5637 0.2742
v  -0.0211 -5.5658 0.2805
v  0.1275 -5.5567 0.2538
v  0.1999 -5.5447 0.2184
v  0.2646 -5.5279 0.1688
v  0.3173 -5.5072 0.1077
v  0.3550 -5.4839 0.0392
v  0.3769 -5.4596 -0.0321
v  0.3839 -5.4358 -0.1019
v  0.3773 -5.4120 -0.1717
v  0.3558 -5.3876 -0.2432
v  0.3183 -5.3641 -0.3120
v  0.2657 -5.3431 -0.3735
v  0.2009 -5.3260 -0.4234
v  0.1283 -5.3138 -0.4591
v  0.0528 -5.3067 -0.4797
v  -0.0211 -5.3045 -0.4861
v  -0.0949 -5.3067 -0.4797
v  -0.1704 -5.3138 -0.4591
v  -0.2430 -5.3260 -0.4234
v  -0.3078 -5.3431 -0.3735
v  -0.3604 -5.3641 -0.3120
v  -0.3979 -5.3876 -0.2432
v  -0.4194 -5.4120 -0.1717
v  -0.4260 -5.4358 -0.1019
v  -0.4190 -5.4596 -0.0321
v  -0.3972 -5.4839 0.0392
v  -0.3594 -5.5072 0.1077
v  -0.3067 -5.5279 0.1688
v  -0.2420 -5.5447 0.2184
v  -0.1697 -5.5567 0.2538
v  -0.0945 -5.5637 0.2742
v  -0.0944 -5.7790 0.1885
v  0.0523 -5.7790 0.1885
v  -0.0211 -5.7818 0.1946
v  0.1273 -5.7701 0.1690
v  0.1996 -5.7545 0.1351
v  0.2643 -5.7327 0.0876
v  0.3170 -5.7059 0.0291
v  0.3548 -5.6758 -0.0367
v  0.3768 -5.6445 -0.1051
v  0.3839 -5.6138 -0.1722
v  0.3774 -5.5832 -0.2393
v  0.3559 -5.5518 -0.3081
v  0.3185 -5.5216 -0.3743
v  0.2659 -5.4947 -0.4335
v  0.2011 -5.4728 -0.4817
v  0.1284 -5.4571 -0.5161
v  0.0528 -5.4481 -0.5359
v  -0.0211 -5.4453 -0.5421
v  -0.0950 -5.4481 -0.5359
v  -0.1705 -5.4571 -0.5161
v  -0.2432 -5.4728 -0.4817
v  -0.3080 -5.4947 -0.4335
v  -0.3606 -5.5216 -0.3743
v  -0.3980 -5.5518 -0.3081
v  -0.4195 -5.5832 -0.2393
v  -0.4260 -5.6138 -0.1722
v  -0.4189 -5.6445 -0.1051
v  -0.3970 -5.6758 -0.0367
v  -0.3591 -5.7059 0.0291
v  -0.3064 -5.7327 0.0877
v  -0.2417 -5.7545 0.1351
v  -0.1694 -5.7701 0.1690
v  0.0522 -5.9851 0.0817
v  -0.0211 -5.9884 0.0875
v  0.1271 -5.9743 0.0632
v  0.1994 -5.9556 0.0310
v  0.2641 -5.9294 -0.0141
v  0.3168 -5.8970 -0.0697
v  0.3547 -5.8607 -0.1321
v  0.3767 -5.8228 -0.1971
v  0.3839 -5.7856 -0.2608
v  0.3774 -5.7484 -0.3245
v  0.3560 -5.7102 -0.3898
v  0.3186 -5.6734 -0.4527
v  0.2661 -5.6405 -0.5089
v  0.2012 -5.6137 -0.5546
v  0.1285 -5.5946 -0.5873
v  0.0529 -5.5835 -0.6061
v  -0.0211 -5.5800 -0.6120
v  -0.0950 -5.5835 -0.6061
v  -0.1706 -5.5946 -0.5873
v  -0.2434 -5.6137 -0.5546
v  -0.3082 -5.6405 -0.5089
v  -0.3607 -5.6734 -0.4527
v  -0.3982 -5.7102 -0.3898
v  -0.4195 -5.7484 -0.3245
v  -0.4260 -5.7856 -0.2608
v  -0.4188 -5.8228 -0.1971
v  -0.3968 -5.8607 -0.1321
v  -0.3589 -5.8970 -0.0697
v  -0.3062 -5.9294 -0.0141
v  -0.2415 -5.9556 0.0310
v  -0.1693 -5.9743 0.0632
v  -0.0943 -5.9851 0.0817
v  -0.1713 -6.1704 -0.0661
v  0.2669 -6.1165 -0.1400
v  -0.3615 -6.0779 -0.1928
v  -0.3986 -6.0349 -0.2517
v  -0.4197 -5.9904 -0.3127
v  -0.4259 -5.9469 -0.3722
v  -0.4187 -5.9036 -0.4315
v  -0.3966 -5.8594 -0.4921
v  -0.3588 -5.8169 -0.5502
v  -0.3061 -5.7791 -0.6021
v  -0.2415 -5.7484 -0.6442
v  -0.1693 -5.7265 -0.6743
v  -0.0943 -5.7139 -0.6916
v  -0.0211 -5.7099 -0.6970
v  0.0522 -5.7139 -0.6916
v  0.1272 -5.7265 -0.6743
v  0.1994 -5.7484 -0.6442
v  0.2640 -5.7791 -0.6021
v  0.3166 -5.8169 -0.5502
v  0.3545 -5.8594 -0.4921
v  0.3765 -5.9036 -0.4315
v  0.3838 -5.9469 -0.3722
v  0.3776 -5.9904 -0.3127
v  0.3564 -6.0349 -0.2517
v  0.2021 -6.1479 -0.0970
v  0.1292 -6.1704 -0.0661
v  0.0533 -6.1834 -0.0483
v  -0.0954 -6.1834 -0.0483
v  0.3193 -6.0779 -0.1928
v  -0.3091 -6.1165 -0.1400
v  -0.2442 -6.1479 -0.0970
v  -0.0211 -6.1875 -0.0427
v  -0.3092 -6.2929 -0.2835
v  -0.2444 -6.3286 -0.2439
v  -0.0211 -6.3736 -0.1940
v  -0.1704 -6.3525 -0.2175
v  0.2671 -6.2929 -0.2835
v  -0.3616 -6.2490 -0.3321
v  -0.3987 -6.2002 -0.3863
v  -0.4197 -6.1496 -0.4424
v  -0.4259 -6.1003 -0.4971
v  -0.4186 -6.0511 -0.5517
v  -0.3965 -6.0009 -0.6073
v  -0.3586 -5.9526 -0.6607
v  -0.3060 -5.9096 -0.7083
v  -0.2415 -5.8748 -0.7469
v  -0.1693 -5.8499 -0.7745
v  -0.0943 -5.8356 -0.7904
v  -0.0210 -5.8310 -0.7954
v  0.0522 -5.8355 -0.7904
v  0.1271 -5.8499 -0.7745
v  0.1993 -5.8748 -0.7469
v  0.2639 -5.9097 -0.7083
v  0.3165 -5.9526 -0.6607
v  0.3544 -6.0009 -0.6073
v  0.3765 -6.0511 -0.5517
v  0.3838 -6.1003 -0.4971
v  0.3776 -6.1496 -0.4424
v  0.3565 -6.2002 -0.3863
v  0.2022 -6.3286 -0.2439
v  0.1293 -6.3542 -0.2156
v  0.0533 -6.3690 -0.1991
v  -0.0955 -6.3690 -0.1991
v  0.3195 -6.2490 -0.3321
v  -0.0211 -4.9222 0.4025
v  0.0526 -4.9219 0.3957
v  0.1280 -4.9209 0.3741
v  0.2005 -4.9191 0.3365
v  0.2653 -4.9166 0.2840
v  0.3179 -4.9136 0.2193
v  0.3555 -4.9102 0.1469
v  0.3772 -4.9067 0.0715
v  0.3839 -4.9033 -0.0021
v  0.3772 -4.8999 -0.0757
v  0.3555 -4.8965 -0.1510
v  0.3179 -4.8932 -0.2235
v  0.2653 -4.8902 -0.2882
v  0.2005 -4.8879 -0.3407
v  0.1280 -4.8862 -0.3783
v  0.0526 -4.8852 -0.3999
v  -0.0211 -4.8849 -0.4067
v  -0.0947 -4.8852 -0.3999
v  -0.1701 -4.8862 -0.3783
v  -0.2427 -4.8879 -0.3407
v  -0.3074 -4.8902 -0.2882
v  -0.3600 -4.8932 -0.2235
v  -0.3976 -4.8965 -0.1510
v  -0.4193 -4.8999 -0.0757
v  -0.4261 -4.9033 -0.0021
v  -0.4193 -4.9067 0.0715
v  -0.3976 -4.9102 0.1469
v  -0.3600 -4.9136 0.2193
v  -0.3074 -4.9166 0.2840
v  -0.2426 -4.9191 0.3365
v  -0.1701 -4.9209 0.3741
v  -0.0947 -4.9219 0.3957
v  -0.1763 -7.4799 -1.3397
v  -0.4169 -7.1648 -1.6741
v  -0.2443 -6.9922 -1.8574
v  -0.0207 -6.9455 -1.9068
v  0.0580 -6.9510 -1.9010
v  0.1341 -6.9667 -1.8843
v  0.2037 -6.9923 -1.8573
v  0.3284 -7.0832 -1.7607
v  0.3494 -7.3355 -1.4929
v  0.0452 -7.4974 -1.3211
v  0.2266 -7.4431 -1.3787
v  -0.3066 -7.4203 -1.4030
v  -0.3971 -7.3263 -1.5027
v  -0.4115 -7.2967 -1.5341
v  -0.3052 -7.0258 -1.8216
v  -0.1696 -7.4491 -1.3051
v  -0.0946 -7.4642 -1.2900
v  -0.0213 -7.4691 -1.2851
v  -0.2418 -7.4226 -1.3316
v  -0.3591 -7.3403 -1.4139
v  -0.4258 -7.1842 -1.5701
v  -0.4193 -7.1321 -1.6222
v  -0.2437 -6.9436 -1.8107
v  -0.0953 -6.9014 -1.8529
v  -0.0213 -6.8965 -1.8578
v  0.0527 -6.9015 -1.8527
v  0.1284 -6.9167 -1.8375
v  0.2012 -6.9435 -1.8107
v  0.2660 -6.9810 -1.7732
v  0.3184 -7.0271 -1.7271
v  0.3559 -7.0786 -1.6757
v  0.3772 -7.1320 -1.6222
v  0.3837 -7.1842 -1.5701
v  0.3545 -7.2894 -1.4649
v  0.3169 -7.3405 -1.4137
v  0.0520 -7.4643 -1.2899
v  0.1270 -7.4490 -1.3051
v  0.1994 -7.4229 -1.3312
v  0.2639 -7.3859 -1.3683
v  0.3765 -7.2362 -1.5180
v  -0.3065 -7.3858 -1.3684
v  -0.3969 -7.2893 -1.4649
v  -0.4189 -7.2362 -1.5180
v  -0.3980 -7.0787 -1.6755
v  -0.3604 -7.0274 -1.7268
v  -0.3083 -6.9813 -1.7730
v  -0.1710 -6.9169 -1.8374
v  -0.3742 -7.3592 -1.4679
v  -0.4215 -7.2627 -1.5702
v  0.2975 -7.0524 -1.7933
v  0.0544 -7.7436 -1.5982
v  -0.0999 -7.7318 -1.5586
v  -0.1763 -7.7165 -1.5764
v  -0.1001 -7.7292 -1.5560
v  -0.1771 -7.7137 -1.5739
v  -0.2460 -7.6912 -1.6041
v  -0.3066 -7.6573 -1.6403
v  -0.2476 -7.6880 -1.6021
v  -0.3459 -7.6264 -1.6731
v  -0.3082 -7.6538 -1.6387
v  -0.3738 -7.5975 -1.7035
v  -0.3473 -7.6227 -1.6717
v  -0.3956 -7.5662 -1.7364
v  -0.3749 -7.5937 -1.7022
v  -0.4117 -7.5332 -1.7709
v  -0.3966 -7.5623 -1.7352
v  -0.4217 -7.4992 -1.8065
v  -0.4125 -7.5292 -1.7697
v  -0.4257 -7.4580 -1.8495
v  -0.4223 -7.4951 -1.8054
v  -0.4179 -7.4039 -1.9060
v  -0.4258 -7.4539 -1.8484
v  -0.3941 -7.3511 -1.9613
v  -0.4175 -7.4001 -1.9046
v  -0.3940 -7.3478 -1.9594
v  -0.3548 -7.3022 -2.0110
v  -0.3008 -7.2664 -2.0558
v  -0.3557 -7.2993 -2.0103
v  -0.2236 -7.2315 -2.0978
v  -0.3039 -7.2590 -2.0532
v  -0.1753 -7.2182 -2.1150
v  -0.2440 -7.2239 -2.0905
v  -0.0731 -7.2062 -2.1349
v  -0.1745 -7.1992 -2.1177
v  -0.0211 -7.2076 -2.1374
v  -0.0864 -7.1838 -2.1336
v  -0.0211 -7.1813 -2.1374
v  0.0292 -7.2139 -2.1350
v  0.1244 -7.2401 -2.1166
v  0.0566 -7.1882 -2.1320
v  0.1676 -7.2596 -2.1010
v  0.1310 -7.2056 -2.1161
v  0.2416 -7.3096 -2.0589
v  0.1992 -7.2329 -2.0904
v  0.2635 -7.3356 -2.0402
v  0.2588 -7.2690 -2.0558
v  0.2912 -7.3652 -2.0123
v  0.2862 -7.2938 -2.0317
v  0.3073 -7.3125 -2.0139
v  0.3127 -7.4291 -1.9615
v  0.3431 -7.3618 -1.9661
v  0.3231 -7.4564 -1.9349
v  0.3542 -7.3913 -1.9385
v  0.3289 -7.5014 -1.8899
v  0.3648 -7.4149 -1.9145
v  0.3231 -7.5464 -1.8449
v  0.3716 -7.4700 -1.8610
v  0.3633 -7.5248 -1.8077
v  0.3044 -7.5925 -1.7988
v  0.3403 -7.5774 -1.7567
v  0.2719 -7.6368 -1.7545
v  0.2264 -7.6764 -1.7149
v  0.3035 -7.6256 -1.7100
v  0.1705 -7.7085 -1.6828
v  0.2544 -7.6678 -1.6693
v  0.1092 -7.7312 -1.6601
v  0.1949 -7.7023 -1.6364
v  0.0426 -7.7448 -1.6466
v  0.1276 -7.7280 -1.6122
v  -0.0194 -7.6844 -1.5628
v  -0.1157 -7.6766 -1.5731
v  -0.1688 -7.6640 -1.5877
v  -0.2183 -7.6458 -1.6078
v  -0.2648 -7.6214 -1.6343
v  -0.3007 -7.5954 -1.6620
v  -0.3277 -7.5699 -1.6891
v  -0.3492 -7.5420 -1.7186
v  -0.3657 -7.5120 -1.7502
v  -0.3766 -7.4801 -1.7838
v  -0.3816 -7.4410 -1.8248
v  -0.3745 -7.3897 -1.8794
v  -0.3513 -7.3393 -1.9317
v  -0.3191 -7.2994 -1.9747
v  -0.2753 -7.2615 -2.0151
v  -0.2206 -7.2325 -2.0474
v  -0.1587 -7.2095 -2.0715
v  -0.0910 -7.1965 -2.0867
v  0.2277 -7.2679 -2.0276
v  0.2648 -7.2964 -2.0009
v  0.2930 -7.3257 -1.9733
v  0.3143 -7.3577 -1.9429
v  0.1182 -7.7014 -1.6187
v  -0.0236 -7.7236 -1.6017
v  -0.0915 -7.7208 -1.6073
v  -0.1597 -7.7072 -1.6234
v  -0.2222 -7.6849 -1.6481
v  -0.2760 -7.6545 -1.6809
v  -0.3111 -7.6270 -1.7103
v  -0.3362 -7.6013 -1.7374
v  -0.3558 -7.5735 -1.7668
v  -0.3699 -7.5441 -1.7978
v  -0.3785 -7.5136 -1.8298
v  -0.3821 -7.4769 -1.8683
v  -0.3747 -7.4290 -1.9186
v  -0.3535 -7.3820 -1.9680
v  -0.3191 -7.3386 -2.0139
v  -0.2753 -7.3007 -2.0543
v  -0.2206 -7.2712 -2.0861
v  -0.1587 -7.2489 -2.1109
v  -0.0910 -7.2360 -2.1262
v  -0.0207 -7.2320 -2.1326
v  0.0495 -7.2381 -2.1290
v  0.1174 -7.2542 -2.1153
v  0.1795 -7.2787 -2.0931
v  0.2274 -7.3069 -2.0671
v  0.0573 -7.7269 -1.5535
v  -0.0211 -7.7335 -1.5492
v  -0.0999 -7.6929 -1.5197
v  -0.1763 -7.6776 -1.5374
v  -0.1001 -7.6903 -1.5171
v  -0.1771 -7.6748 -1.5350
v  -0.2460 -7.6523 -1.5652
v  -0.3066 -7.6184 -1.6014
v  -0.2476 -7.6491 -1.5632
v  -0.3433 -7.5903 -1.6312
v  -0.3082 -7.6149 -1.5998
v  -0.3735 -7.5585 -1.6647
v  -0.3447 -7.5866 -1.6298
v  -0.3952 -7.5272 -1.6976
v  -0.3747 -7.5547 -1.6634
v  -0.4117 -7.4943 -1.7320
v  -0.3962 -7.5232 -1.6964
v  -0.4217 -7.4603 -1.7676
v  -0.4125 -7.4903 -1.7308
v  -0.4257 -7.4191 -1.8106
v  -0.4223 -7.4562 -1.7665
v  -0.4179 -7.3650 -1.8671
v  -0.4258 -7.4150 -1.8095
v  -0.3941 -7.3122 -1.9224
v  -0.4175 -7.3612 -1.8657
v  -0.3940 -7.3089 -1.9205
v  -0.3557 -7.2634 -1.9736
v  -0.3052 -7.2215 -2.0180
v  -0.3557 -7.2604 -1.9714
v  -0.2444 -7.1879 -2.0539
v  -0.3051 -7.2187 -2.0155
v  -0.1750 -7.1632 -2.0810
v  -0.2440 -7.1850 -2.0516
v  -0.0995 -7.1482 -2.0984
v  -0.1745 -7.1603 -2.0788
v  -0.0208 -7.1437 -2.1054
v  -0.0993 -7.1455 -2.0959
v  -0.0204 -7.1410 -2.1028
v  0.0579 -7.1506 -2.1009
v  0.1337 -7.1683 -2.0856
v  0.0584 -7.1479 -2.0983
v  0.2033 -7.1956 -2.0607
v  0.1347 -7.1658 -2.0829
v  0.2575 -7.2269 -2.0316
v  0.2048 -7.1938 -2.0575
v  0.2977 -7.2588 -2.0015
v  0.2586 -7.2254 -2.0280
v  0.3280 -7.2920 -1.9699
v  0.2989 -7.2575 -1.9977
v  0.3515 -7.3281 -1.9356
v  0.3297 -7.2906 -1.9662
v  0.3646 -7.3558 -1.9090
v  0.3538 -7.3266 -1.9319
v  0.3785 -7.3979 -1.8688
v  0.3672 -7.3543 -1.9054
v  0.3834 -7.4478 -1.8210
v  0.3799 -7.3966 -1.8649
v  0.3750 -7.5015 -1.7696
v  0.3839 -7.4465 -1.8171
v  0.3749 -7.4999 -1.7660
v  0.3516 -7.5552 -1.7184
v  0.3513 -7.5532 -1.7151
v  0.3138 -7.6050 -1.6709
v  0.2630 -7.6486 -1.6297
v  0.3136 -7.6029 -1.6678
v  0.2024 -7.6846 -1.5961
v  0.2630 -7.6464 -1.6267
v  0.1329 -7.7122 -1.5710
v  0.2021 -7.6824 -1.5931
v  0.0574 -7.7294 -1.5562
v  0.1327 -7.7098 -1.5681
v  -0.0211 -7.7360 -1.5520
v  -0.0194 -7.6455 -1.5239
v  -0.1157 -7.6377 -1.5342
v  -0.1688 -7.6251 -1.5488
v  -0.2183 -7.6069 -1.5689
v  -0.2648 -7.5825 -1.5954
v  -0.2987 -7.5585 -1.6210
v  -0.3271 -7.5313 -1.6499
v  -0.3484 -7.5037 -1.6790
v  -0.3657 -7.4731 -1.7113
v  -0.3766 -7.4412 -1.7449
v  -0.3816 -7.4021 -1.7859
v  -0.3745 -7.3508 -1.8405
v  -0.3513 -7.3004 -1.8928
v  -0.3191 -7.2606 -1.9358
v  -0.2206 -7.1936 -2.0085
v  -0.0910 -7.1576 -2.0478
v  0.2277 -7.2290 -1.9887
v  0.2648 -7.2575 -1.9620
v  0.2930 -7.2868 -1.9344
v  0.3143 -7.3189 -1.9040
v  0.1182 -7.6625 -1.5798
v  -0.0915 -7.6819 -1.5684
v  -0.1597 -7.6683 -1.5845
v  -0.2222 -7.6460 -1.6092
v  -0.2760 -7.6156 -1.6420
v  -0.3089 -7.5906 -1.6687
v  -0.3360 -7.5624 -1.6986
v  -0.3555 -7.5345 -1.7280
v  -0.3699 -7.5052 -1.7589
v  -0.3785 -7.4747 -1.7908
v  -0.3821 -7.4380 -1.8294
v  -0.3535 -7.3431 -1.9291
v  -0.0219 -7.1928 -2.0934
v  0.0470 -7.1989 -2.0902
v  0.1127 -7.2140 -2.0768
v  0.1780 -7.2393 -2.0540
v  0.3246 -7.3825 -1.9194
v  0.3361 -7.4213 -1.8825
v  0.3399 -7.4639 -1.8419
v  0.3334 -7.5091 -1.7988
v  0.3145 -7.5558 -1.7544
v  0.2822 -7.6011 -1.7115
v  0.2380 -7.6410 -1.6740
v  0.1823 -7.6756 -1.6419
v  0.0482 -7.7173 -1.6053
v  0.0573 -7.6880 -1.5146
v  -0.0211 -7.6946 -1.5104
v  -0.0999 -7.6540 -1.4808
v  -0.1763 -7.6387 -1.4986
v  -0.1001 -7.6514 -1.4782
v  -0.1771 -7.6360 -1.4961
v  -0.2460 -7.6134 -1.5263
v  -0.3001 -7.5842 -1.5577
v  -0.2476 -7.6102 -1.5243
v  -0.3431 -7.5512 -1.5926
v  -0.3017 -7.5807 -1.5559
v  -0.3723 -7.5210 -1.6244
v  -0.3444 -7.5475 -1.5911
v  -0.3952 -7.4883 -1.6587
v  -0.3735 -7.5172 -1.6230
v  -0.4117 -7.4554 -1.6931
v  -0.3962 -7.4843 -1.6575
v  -0.4228 -7.4182 -1.7321
v  -0.4125 -7.4514 -1.6919
v  -0.4257 -7.3802 -1.7717
v  -0.4233 -7.4141 -1.7310
v  -0.4179 -7.3261 -1.8282
v  -0.4258 -7.3761 -1.7706
v  -0.3941 -7.2733 -1.8835
v  -0.4175 -7.3224 -1.8268
v  -0.3940 -7.2700 -1.8816
v  -0.3557 -7.2245 -1.9347
v  -0.3052 -7.1826 -1.9791
v  -0.3557 -7.2215 -1.9325
v  -0.2444 -7.1491 -2.0150
v  -0.3051 -7.1798 -1.9766
v  -0.1750 -7.1244 -2.0421
v  -0.2440 -7.1461 -2.0127
v  -0.0995 -7.1093 -2.0596
v  -0.1745 -7.1214 -2.0399
v  -0.0208 -7.1048 -2.0665
v  -0.0993 -7.1066 -2.0571
v  -0.0204 -7.1021 -2.0639
v  0.0579 -7.1117 -2.0620
v  0.1337 -7.1295 -2.0467
v  0.0584 -7.1090 -2.0594
v  0.2033 -7.1568 -2.0218
v  0.1347 -7.1269 -2.0440
v  0.2575 -7.1880 -1.9927
v  0.2048 -7.1549 -2.0186
v  0.2977 -7.2199 -1.9626
v  0.2586 -7.1865 -1.9891
v  0.3280 -7.2531 -1.9310
v  0.2989 -7.2186 -1.9588
v  0.3515 -7.2892 -1.8967
v  0.3297 -7.2517 -1.9273
v  0.3646 -7.3169 -1.8702
v  0.3538 -7.2877 -1.8930
v  0.3785 -7.3590 -1.8299
v  0.3672 -7.3155 -1.8665
v  0.3834 -7.4089 -1.7822
v  0.3799 -7.3578 -1.8260
v  0.3750 -7.4626 -1.7307
v  0.3839 -7.4076 -1.7783
v  0.3749 -7.4610 -1.7272
v  0.3516 -7.5163 -1.6795
v  0.3513 -7.5143 -1.6762
v  0.3138 -7.5661 -1.6320
v  0.2630 -7.6098 -1.5908
v  0.3136 -7.5640 -1.6289
v  0.2024 -7.6457 -1.5572
v  0.2630 -7.6075 -1.5878
v  0.1329 -7.6733 -1.5321
v  0.2021 -7.6435 -1.5542
v  0.0574 -7.6905 -1.5173
v  0.1327 -7.6709 -1.5292
v  -0.0211 -7.6971 -1.5131
v  -0.0194 -7.6067 -1.4851
v  -0.1157 -7.5988 -1.4954
v  -0.1688 -7.5862 -1.5099
v  -0.2183 -7.5680 -1.5301
v  -0.2625 -7.5452 -1.5548
v  -0.2997 -7.5185 -1.5833
v  -0.3267 -7.4929 -1.6106
v  -0.3484 -7.4648 -1.6402
v  -0.3657 -7.4342 -1.6724
v  -0.3778 -7.3991 -1.7093
v  -0.3816 -7.3632 -1.7470
v  -0.3745 -7.3120 -1.8017
v  -0.3513 -7.2615 -1.8540
v  -0.3191 -7.2218 -1.8970
v  -0.2206 -7.1548 -1.9697
v  -0.0910 -7.1188 -2.0090
v  0.2277 -7.1902 -1.9499
v  0.2648 -7.2187 -1.9232
v  0.2930 -7.2480 -1.8956
v  0.3143 -7.2800 -1.8652
v  0.1182 -7.6237 -1.5410
v  -0.0915 -7.6430 -1.5295
v  -0.1597 -7.6294 -1.5456
v  -0.2222 -7.6071 -1.5703
v  -0.2704 -7.5810 -1.5985
v  -0.3087 -7.5516 -1.6299
v  -0.3350 -7.5248 -1.6583
v  -0.3555 -7.4957 -1.6891
v  -0.3699 -7.4663 -1.7200
v  -0.3796 -7.4330 -1.7550
v  -0.3821 -7.3991 -1.7905
v  -0.3535 -7.3042 -1.8903
v  -0.2753 -7.2226 -1.9762
v  -0.1587 -7.1707 -2.0326
v  -0.0219 -7.1539 -2.0545
v  0.0470 -7.1600 -2.0513
v  0.1127 -7.1751 -2.0379
v  0.1780 -7.2004 -2.0151
v  0.3246 -7.3436 -1.8805
v  0.3361 -7.3824 -1.8436
v  0.3399 -7.4250 -1.8030
v  0.3334 -7.4702 -1.7599
v  0.3145 -7.5169 -1.7156
v  0.2822 -7.5622 -1.6726
v  0.2380 -7.6021 -1.6352
v  0.1823 -7.6367 -1.6030
v  0.0482 -7.6784 -1.5664
v  0.0573 -7.6493 -1.4759
v  -0.0211 -7.6558 -1.4716
v  -0.0999 -7.6153 -1.4421
v  -0.1763 -7.6000 -1.4598
v  -0.1001 -7.6127 -1.4395
v  -0.1771 -7.5972 -1.4574
v  -0.2460 -7.5747 -1.4876
v  -0.3066 -7.5405 -1.5242
v  -0.2476 -7.5715 -1.4856
v  -0.3459 -7.5097 -1.5568
v  -0.3081 -7.5370 -1.5225
v  -0.3734 -7.4808 -1.5872
v  -0.3472 -7.5060 -1.5553
v  -0.3952 -7.4496 -1.6200
v  -0.3746 -7.4770 -1.5859
v  -0.4117 -7.4167 -1.6544
v  -0.3962 -7.4456 -1.6188
v  -0.4228 -7.3794 -1.6934
v  -0.4125 -7.4127 -1.6532
v  -0.4262 -7.3332 -1.7416
v  -0.4233 -7.3754 -1.6922
v  -0.4179 -7.2874 -1.7895
v  -0.4261 -7.3293 -1.7404
v  -0.3941 -7.2346 -1.8448
v  -0.4175 -7.2836 -1.7881
v  -0.3940 -7.2313 -1.8429
v  -0.3557 -7.1858 -1.8960
v  -0.3052 -7.1439 -1.9404
v  -0.3557 -7.1828 -1.8938
v  -0.2444 -7.1103 -1.9763
v  -0.3051 -7.1411 -1.9379
v  -0.1750 -7.0856 -2.0034
v  -0.2440 -7.1074 -1.9740
v  -0.0995 -7.0706 -2.0208
v  -0.1745 -7.0827 -2.0012
v  -0.0208 -7.0661 -2.0278
v  -0.0993 -7.0679 -2.0183
v  -0.0204 -7.0634 -2.0252
v  0.0579 -7.0730 -2.0233
v  0.1337 -7.0907 -2.0080
v  0.0584 -7.0703 -2.0207
v  0.2033 -7.1180 -1.9831
v  0.1347 -7.0882 -2.0053
v  0.2575 -7.1493 -1.9540
v  0.2048 -7.1162 -1.9799
v  0.3003 -7.1815 -1.9237
v  0.2586 -7.1477 -1.9504
v  0.3280 -7.2144 -1.8923
v  0.2998 -7.1853 -1.9159
v  0.3515 -7.2505 -1.8580
v  0.3297 -7.2130 -1.8886
v  0.3646 -7.2782 -1.8314
v  0.3538 -7.2490 -1.8543
v  0.3785 -7.3203 -1.7912
v  0.3672 -7.2767 -1.8278
v  0.3834 -7.3702 -1.7434
v  0.3799 -7.3190 -1.7873
v  0.3750 -7.4239 -1.6920
v  0.3839 -7.3689 -1.7395
v  0.3749 -7.4223 -1.6884
v  0.3516 -7.4776 -1.6408
v  0.3513 -7.4756 -1.6375
v  0.3138 -7.5274 -1.5933
v  0.2630 -7.5710 -1.5521
v  0.3136 -7.5253 -1.5902
v  0.2024 -7.6070 -1.5185
v  0.2630 -7.5688 -1.5491
v  0.1329 -7.6346 -1.4934
v  0.2021 -7.6048 -1.5155
v  0.0574 -7.6518 -1.4786
v  0.1327 -7.6322 -1.4905
v  -0.0211 -7.6583 -1.4743
v  -0.0194 -7.5677 -1.4461
v  -0.1157 -7.5601 -1.4566
v  -0.1688 -7.5475 -1.4712
v  -0.2183 -7.5293 -1.4913
v  -0.2677 -7.5028 -1.5201
v  -0.3020 -7.4777 -1.5468
v  -0.3276 -7.4530 -1.5730
v  -0.3484 -7.4261 -1.6014
v  -0.3657 -7.3955 -1.6337
v  -0.3778 -7.3604 -1.6706
v  -0.3820 -7.3165 -1.7167
v  -0.3745 -7.2731 -1.7628
v  -0.3513 -7.2228 -1.8152
v  -0.3191 -7.1829 -1.8581
v  -0.2206 -7.1159 -1.9308
v  -0.0910 -7.0799 -1.9701
v  0.2277 -7.1513 -1.9110
v  0.2648 -7.1798 -1.8843
v  0.2930 -7.2091 -1.8567
v  0.3143 -7.2412 -1.8263
v  0.1182 -7.5848 -1.5021
v  -0.0915 -7.6043 -1.4908
v  -0.1597 -7.5907 -1.5069
v  -0.2222 -7.5684 -1.5316
v  -0.2764 -7.5375 -1.5649
v  -0.3113 -7.5102 -1.5940
v  -0.3361 -7.4847 -1.6211
v  -0.3555 -7.4569 -1.6504
v  -0.3699 -7.4276 -1.6813
v  -0.3796 -7.3943 -1.7162
v  -0.3823 -7.3532 -1.7594
v  -0.3535 -7.2655 -1.8515
v  -0.2753 -7.1838 -1.9374
v  -0.1587 -7.1319 -1.9938
v  -0.0219 -7.1151 -2.0157
v  0.0470 -7.1212 -2.0125
v  0.1127 -7.1363 -1.9991
v  0.1780 -7.1616 -1.9763
v  0.3246 -7.3048 -1.8417
v  0.3361 -7.3436 -1.8048
v  0.3399 -7.3862 -1.7642
v  0.3334 -7.4314 -1.7211
v  0.3145 -7.4781 -1.6768
v  0.2822 -7.5234 -1.6338
v  0.2380 -7.5633 -1.5964
v  0.1823 -7.5979 -1.5642
v  0.0482 -7.6396 -1.5276
v  0.0573 -7.6102 -1.4368
v  -0.0211 -7.6169 -1.4327
v  -0.0999 -7.5761 -1.4031
v  -0.1763 -7.5608 -1.4208
v  -0.1001 -7.5736 -1.4005
v  -0.1771 -7.5581 -1.4184
v  -0.2460 -7.5356 -1.4485
v  -0.3066 -7.5014 -1.4851
v  -0.2476 -7.5324 -1.4465
v  -0.3459 -7.4706 -1.5177
v  -0.3081 -7.4980 -1.4834
v  -0.3734 -7.4418 -1.5482
v  -0.3472 -7.4669 -1.5162
v  -0.3952 -7.4105 -1.5809
v  -0.3746 -7.4379 -1.5468
v  -0.4117 -7.3776 -1.6153
v  -0.3962 -7.4065 -1.5797
v  -0.4228 -7.3404 -1.6543
v  -0.4125 -7.3736 -1.6142
v  -0.4262 -7.2941 -1.7026
v  -0.4233 -7.3363 -1.6532
v  -0.4179 -7.2483 -1.7504
v  -0.4261 -7.2902 -1.7013
v  -0.3941 -7.1955 -1.8057
v  -0.4175 -7.2446 -1.7490
v  -0.3940 -7.1922 -1.8038
v  -0.3557 -7.1467 -1.8569
v  -0.3052 -7.1048 -1.9013
v  -0.3557 -7.1437 -1.8547
v  -0.2444 -7.0713 -1.9372
v  -0.3051 -7.1020 -1.8988
v  -0.1750 -7.0466 -1.9643
v  -0.2440 -7.0683 -1.9349
v  -0.0995 -7.0315 -1.9818
v  -0.1745 -7.0436 -1.9621
v  -0.0208 -7.0270 -1.9887
v  -0.0993 -7.0288 -1.9793
v  -0.0204 -7.0243 -1.9861
v  0.0579 -7.0339 -1.9842
v  0.1337 -7.0517 -1.9689
v  0.0584 -7.0312 -1.9817
v  0.2033 -7.0790 -1.9440
v  0.1347 -7.0491 -1.9662
v  0.2575 -7.1102 -1.9149
v  0.2048 -7.0771 -1.9408
v  0.2977 -7.1421 -1.8848
v  0.2586 -7.1087 -1.9113
v  0.3280 -7.1753 -1.8532
v  0.2989 -7.1408 -1.8810
v  0.3515 -7.2114 -1.8189
v  0.3297 -7.1739 -1.8495
v  0.3646 -7.2391 -1.7924
v  0.3538 -7.2099 -1.8152
v  0.3785 -7.2812 -1.7521
v  0.3672 -7.2377 -1.7887
v  0.3834 -7.3311 -1.7044
v  0.3799 -7.2800 -1.7482
v  0.3750 -7.3848 -1.6529
v  0.3839 -7.3298 -1.7005
v  0.3749 -7.3832 -1.6494
v  0.3516 -7.4385 -1.6017
v  0.3513 -7.4365 -1.5984
v  0.3138 -7.4883 -1.5542
v  0.2630 -7.5320 -1.5130
v  0.3136 -7.4862 -1.5511
v  0.2024 -7.5679 -1.4794
v  0.2630 -7.5297 -1.5100
v  0.1329 -7.5955 -1.4543
v  0.2021 -7.5657 -1.4764
v  0.0574 -7.6127 -1.4395
v  0.1327 -7.5931 -1.4514
v  -0.0211 -7.6194 -1.4354
v  -0.0174 -7.5288 -1.4069
v  -0.1156 -7.5211 -1.4177
v  -0.1687 -7.5085 -1.4322
v  -0.2183 -7.4902 -1.4523
v  -0.2677 -7.4637 -1.4810
v  -0.3020 -7.4386 -1.5077
v  -0.3276 -7.4139 -1.5340
v  -0.3484 -7.3871 -1.5624
v  -0.3657 -7.3564 -1.5946
v  -0.3778 -7.3213 -1.6315
v  -0.3820 -7.2774 -1.6777
v  -0.3743 -7.2337 -1.7235
v  -0.3513 -7.1837 -1.7762
v  -0.3191 -7.1439 -1.8192
v  -0.2206 -7.0769 -1.8918
v  -0.0910 -7.0409 -1.9311
v  0.2277 -7.1123 -1.8720
v  0.2648 -7.1408 -1.8453
v  0.2930 -7.1701 -1.8177
v  0.3143 -7.2022 -1.7873
v  0.1182 -7.5458 -1.4631
v  -0.0915 -7.5653 -1.4517
v  -0.1597 -7.5516 -1.4678
v  -0.2222 -7.5293 -1.4925
v  -0.2764 -7.4984 -1.5258
v  -0.3113 -7.4712 -1.5549
v  -0.3361 -7.4456 -1.5820
v  -0.3555 -7.4179 -1.6113
v  -0.3699 -7.3885 -1.6422
v  -0.3796 -7.3552 -1.6772
v  -0.3823 -7.3141 -1.7203
v  -0.3535 -7.2265 -1.8125
v  -0.2753 -7.1449 -1.8985
v  -0.1587 -7.0930 -1.9549
v  -0.0219 -7.0762 -1.9768
v  0.0470 -7.0823 -1.9736
v  0.1127 -7.0974 -1.9602
v  0.1780 -7.1227 -1.9374
v  0.3246 -7.2659 -1.8028
v  0.3361 -7.3047 -1.7659
v  0.3399 -7.3473 -1.7253
v  0.3334 -7.3925 -1.6822
v  0.3145 -7.4392 -1.6379
v  0.2822 -7.4845 -1.5949
v  0.2380 -7.5244 -1.5575
v  0.1823 -7.5590 -1.5253
v  0.0482 -7.6007 -1.4887
v  0.0572 -7.5711 -1.3986
v  -0.0211 -7.5778 -1.3939
v  -0.0999 -7.5372 -1.3642
v  -0.1763 -7.5220 -1.3819
v  -0.2461 -7.4968 -1.4096
v  -0.3066 -7.4630 -1.4458
v  -0.3455 -7.4315 -1.4786
v  -0.3745 -7.4012 -1.5106
v  -0.3975 -7.3686 -1.5452
v  -0.4116 -7.3387 -1.5765
v  -0.4217 -7.3047 -1.6120
v  -0.4258 -7.2568 -1.6619
v  -0.4168 -7.2056 -1.7154
v  -0.3942 -7.1566 -1.7669
v  -0.3557 -7.1078 -1.8180
v  -0.3052 -7.0659 -1.8624
v  -0.2444 -7.0324 -1.8983
v  -0.1751 -7.0076 -1.9257
v  -0.0995 -6.9926 -1.9430
v  -0.0208 -6.9882 -1.9495
v  0.0578 -6.9951 -1.9452
v  0.1338 -7.0127 -1.9302
v  0.2033 -7.0401 -1.9051
v  0.2575 -7.0713 -1.8760
v  0.2977 -7.1032 -1.8459
v  0.3280 -7.1364 -1.8143
v  0.3515 -7.1725 -1.7800
v  0.3646 -7.2002 -1.7535
v  0.3785 -7.2423 -1.7132
v  0.3834 -7.2922 -1.6655
v  0.3712 -7.3567 -1.6040
v  0.3714 -7.3541 -1.6012
v  0.3516 -7.3996 -1.5628
v  0.3513 -7.3976 -1.5595
v  0.3138 -7.4494 -1.5153
v  0.2630 -7.4931 -1.4741
v  0.3136 -7.4473 -1.5122
v  0.2024 -7.5290 -1.4405
v  0.2630 -7.4908 -1.4711
v  0.1328 -7.5563 -1.4154
v  0.2021 -7.5268 -1.4375
v  0.0573 -7.5734 -1.4007
v  0.1324 -7.5540 -1.4134
v  -0.0211 -7.5803 -1.3965
v  0.0474 -7.5221 -1.4108
v  0.3283 -7.3282 -1.5908
v  0.3145 -7.3591 -1.5614
v  0.2862 -7.4010 -1.5217
v  0.2431 -7.4416 -1.4835
v  0.1857 -7.4783 -1.4494
v  0.1198 -7.5054 -1.4249
v  -0.0915 -7.5263 -1.4128
v  -0.1597 -7.5124 -1.4288
v  -0.2222 -7.4904 -1.4536
v  -0.2760 -7.4600 -1.4864
v  -0.3111 -7.4325 -1.5158
v  -0.3371 -7.4055 -1.5444
v  -0.3574 -7.3763 -1.5752
v  -0.3699 -7.3496 -1.6033
v  -0.3785 -7.3191 -1.6353
v  -0.3819 -7.2766 -1.6799
v  -0.3739 -7.2311 -1.7277
v  -0.3535 -7.1875 -1.7736
v  -0.2753 -7.1059 -1.8595
v  -0.1587 -7.0540 -1.9159
v  -0.0219 -7.0373 -1.9378
v  0.0470 -7.0433 -1.9346
v  0.1127 -7.0584 -1.9212
v  0.1780 -7.0837 -1.8985
v  0.3246 -7.2269 -1.7638
v  0.3361 -7.2657 -1.7269
v  0.3399 -7.3083 -1.6863
v  0.3334 -7.3535 -1.6432
v  0.3145 -7.4002 -1.5989
v  0.2822 -7.4455 -1.5559
v  0.2380 -7.4854 -1.5185
v  0.1823 -7.5200 -1.4864
v  0.0482 -7.5617 -1.4497
v  -0.0211 -7.5415 -1.3575
v  0.0452 -7.5366 -1.3603
v  0.3172 -7.4065 -1.4802
v  0.2758 -7.4448 -1.4439
v  0.2266 -7.4776 -1.4132
v  0.1406 -7.5150 -1.3793
v  -0.0211 -7.7489 -1.5944
v  -0.0939 -7.7439 -1.6009
v  -0.1638 -7.7293 -1.6170
v  -0.2282 -7.7056 -1.6423
v  -0.2849 -7.6735 -1.6759
v  -0.3317 -7.6342 -1.7166
v  -0.3667 -7.5893 -1.7631
v  -0.3829 -7.5530 -1.8006
v  -0.3907 -7.5213 -1.8332
v  -0.3963 -7.4893 -1.8662
v  -0.3896 -7.4383 -1.9187
v  -0.3688 -7.3893 -1.9692
v  -0.3345 -7.3440 -2.0161
v  -0.2879 -7.3044 -2.0573
v  -0.2308 -7.2720 -2.0913
v  -0.1655 -7.2482 -2.1166
v  -0.0946 -7.2342 -2.1322
v  -0.0211 -7.2306 -2.1374
v  -0.0211 -7.7489 -1.6424
v  -0.0848 -7.7448 -1.6466
v  -0.1499 -7.7315 -1.6598
v  -0.2126 -7.7085 -1.6828
v  -0.2686 -7.6764 -1.7149
v  -0.3140 -7.6368 -1.7545
v  -0.3465 -7.5925 -1.7988
v  -0.3652 -7.5464 -1.8449
v  -0.3711 -7.5014 -1.8899
v  -0.3652 -7.4564 -1.9349
v  -0.3465 -7.4103 -1.9810
v  -0.3140 -7.3660 -2.0253
v  -0.2686 -7.3264 -2.0649
v  -0.2126 -7.2943 -2.0971
v  -0.1499 -7.2713 -2.1200
v  -0.0848 -7.2580 -2.1333
v  -0.0211 -7.2539 -2.1374
v  0.0448 -7.2370 -2.1324
v  0.0426 -7.2580 -2.1333
v  0.1199 -7.2538 -2.1173
v  0.1078 -7.2713 -2.1200
v  0.1705 -7.2943 -2.0971
v  0.2541 -7.3501 -2.0407
v  0.2719 -7.3660 -2.0253
v  0.2184 -7.3224 -2.0710
v  0.3044 -7.4103 -1.9810
v  0.3714 -7.3178 -1.5649
v  0.3495 -7.3636 -1.5211
v  -0.0998 -7.4959 -1.3228
v  -0.2460 -7.4543 -1.3669
v  -0.3454 -7.3891 -1.4360
v  -0.4256 -7.2156 -1.6202
v  -0.3946 -7.1160 -1.7259
v  -0.3562 -7.0674 -1.7775
v  -0.1753 -6.9664 -1.8847
v  -0.0996 -6.9507 -1.9013
v  0.2573 -7.0221 -1.8257
v  0.3531 -7.1171 -1.7248
v  0.3791 -7.1837 -1.6541
v  0.3832 -7.2311 -1.6037
v  -0.0210 -7.5012 -1.3171
v  0.3171 -7.3762 -1.4498
v  0.2757 -7.4123 -1.4114
v  0.1408 -7.4780 -1.3417
v  0.3713 -7.2921 -1.5390
v  -0.0621 -0.6450 0.4159
v  -0.0622 -0.2593 0.4166
v  -0.0211 -0.2600 0.4200
v  -0.0211 -0.6450 0.4200
v  -0.0624 -0.6616 0.4190
v  -0.0211 -0.6616 0.4231
v  -0.0634 -0.6768 0.4290
v  -0.0211 -0.6768 0.4331
v  -0.0649 -0.6868 0.4441
v  -0.0211 -0.6868 0.4484
v  -0.0665 -0.6900 0.4607
v  -0.0211 -0.6900 0.4650
v  -0.0749 -0.6900 0.5453
v  -0.0211 -0.6900 0.5500
v  -0.0770 -0.6856 0.5672
v  -0.0211 -0.6856 0.5720
v  -0.0790 -0.6721 0.5873
v  -0.0211 -0.6721 0.5922
v  -0.0803 -0.6519 0.6004
v  -0.0210 -0.6519 0.6054
v  -0.0807 -0.6300 0.6046
v  -0.0210 -0.6300 0.6096
v  -0.0807 -0.3740 0.6046
v  -0.0211 -0.3740 0.6095
v  -0.0808 -0.3576 0.6061
v  -0.0210 -0.3576 0.6111
v  -0.0813 -0.3408 0.6109
v  -0.0211 -0.3408 0.6160
v  -0.0822 -0.3247 0.6193
v  -0.0211 -0.3246 0.6244
v  -0.0833 -0.3103 0.6310
v  -0.0211 -0.3102 0.6361
v  -0.0847 -0.2986 0.6454
v  -0.0211 -0.2986 0.6506
v  -0.0871 -0.2874 0.6698
v  -0.0211 -0.2874 0.6751
v  -0.1273 -0.1698 1.0781
v  -0.0211 -0.1698 1.0853
v  -0.1280 -0.1677 1.0844
v  -0.0211 -0.1677 1.0916
v  -0.1294 -0.1576 1.0993
v  -0.0211 -0.1576 1.1066
v  -0.1304 -0.1425 1.1090
v  -0.0211 -0.1425 1.1164
v  -0.1307 -0.1260 1.1121
v  -0.0211 -0.1260 1.1195
v  -0.1307 -0.0451 1.1121
v  -0.0211 -0.0451 1.1195
v  -0.1304 -0.0286 1.1089
v  -0.0211 -0.0286 1.1165
v  -0.1294 -0.0135 1.0993
v  -0.0211 -0.0135 1.1066
v  -0.1280 -0.0034 1.0843
v  -0.0211 -0.0033 1.0915
v  -0.1263 -0.0000 1.0678
v  -0.0211 -0.0000 1.0750
v  -0.1243 0.0000 1.0473
v  -0.0211 0.0000 1.0545
v  -0.1026 -0.6450 0.4078
v  -0.1026 -0.2600 0.4078
v  -0.1032 -0.6616 0.4109
v  -0.1052 -0.6768 0.4207
v  -0.1081 -0.6868 0.4356
v  -0.1114 -0.6900 0.4520
v  -0.1280 -0.6900 0.5353
v  -0.1323 -0.6856 0.5569
v  -0.1362 -0.6721 0.5767
v  -0.1388 -0.6519 0.5896
v  -0.1396 -0.6300 0.5937
v  -0.1396 -0.3741 0.5938
v  -0.1399 -0.3575 0.5952
v  -0.1408 -0.3408 0.6000
v  -0.1425 -0.3246 0.6083
v  -0.1448 -0.3102 0.6198
v  -0.1476 -0.2986 0.6340
v  -0.1524 -0.2874 0.6581
v  -0.2324 -0.1698 1.0604
v  -0.2336 -0.1677 1.0665
v  -0.2365 -0.1576 1.0812
v  -0.2385 -0.1425 1.0909
v  -0.2391 -0.1260 1.0940
v  -0.2390 -0.0451 1.0939
v  -0.2384 -0.0286 1.0908
v  -0.2365 -0.0135 1.0812
v  -0.2336 -0.0033 1.0664
v  -0.2304 -0.0000 1.0502
v  -0.2264 0.0000 1.0301
v  -0.1421 -0.6450 0.3958
v  -0.1421 -0.2600 0.3958
v  -0.1430 -0.6616 0.3988
v  -0.1459 -0.6768 0.4084
v  -0.1503 -0.6868 0.4230
v  -0.1551 -0.6900 0.4389
v  -0.1798 -0.6900 0.5202
v  -0.1862 -0.6856 0.5413
v  -0.1921 -0.6721 0.5606
v  -0.1959 -0.6519 0.5732
v  -0.1971 -0.6300 0.5772
v  -0.1971 -0.3741 0.5773
v  -0.1975 -0.3576 0.5786
v  -0.1989 -0.3408 0.5833
v  -0.2014 -0.3246 0.5914
v  -0.2048 -0.3102 0.6026
v  -0.2090 -0.2986 0.6165
v  -0.2161 -0.2874 0.6400
v  -0.3352 -0.1698 1.0325
v  -0.3370 -0.1677 1.0384
v  -0.3414 -0.1576 1.0528
v  -0.3442 -0.1425 1.0623
v  -0.3452 -0.1260 1.0653
v  -0.3451 -0.0451 1.0652
v  -0.3442 -0.0286 1.0622
v  -0.3414 -0.0135 1.0528
v  -0.3370 -0.0033 1.0384
v  -0.3322 -0.0000 1.0226
v  -0.3263 0.0000 1.0030
v  -0.1802 -0.6450 0.3800
v  -0.1802 -0.2600 0.3800
v  -0.1814 -0.6616 0.3828
v  -0.1852 -0.6768 0.3921
v  -0.1910 -0.6868 0.4062
v  -0.1974 -0.6900 0.4215
v  -0.2299 -0.6900 0.5001
v  -0.2384 -0.6856 0.5204
v  -0.2461 -0.6721 0.5391
v  -0.2511 -0.6519 0.5512
v  -0.2527 -0.6300 0.5551
v  -0.2527 -0.3740 0.5552
v  -0.2533 -0.3576 0.5565
v  -0.2552 -0.3407 0.5610
v  -0.2584 -0.3247 0.5688
v  -0.2629 -0.3102 0.5796
v  -0.2684 -0.2986 0.5930
v  -0.2778 -0.2874 0.6157
v  -0.4348 -0.1698 0.9947
v  -0.4372 -0.1677 1.0004
v  -0.4429 -0.1576 1.0143
v  -0.4467 -0.1425 1.0234
v  -0.4479 -0.1260 1.0263
v  -0.4479 -0.0451 1.0262
v  -0.4467 -0.0286 1.0233
v  -0.4429 -0.0135 1.0142
v  -0.4371 -0.0034 1.0003
v  -0.4308 -0.0000 0.9851
v  -0.4230 0.0000 0.9661
v  -0.2166 -0.6450 0.3605
v  -0.2166 -0.2600 0.3605
v  -0.2180 -0.6616 0.3632
v  -0.2227 -0.6768 0.3720
v  -0.2299 -0.6868 0.3855
v  -0.2378 -0.6900 0.4002
v  -0.2778 -0.6900 0.4751
v  -0.2882 -0.6856 0.4946
v  -0.2977 -0.6721 0.5124
v  -0.3040 -0.6519 0.5240
v  -0.3059 -0.6300 0.5277
v  -0.3059 -0.3740 0.5277
v  -0.3066 -0.3576 0.5290
v  -0.3090 -0.3407 0.5334
v  -0.3129 -0.3247 0.5407
v  -0.3184 -0.3103 0.5511
v  -0.3253 -0.2986 0.5639
v  -0.3368 -0.2874 0.5855
v  -0.5302 -0.1698 0.9472
v  -0.5331 -0.1677 0.9527
v  -0.5402 -0.1576 0.9660
v  -0.5448 -0.1425 0.9747
v  -0.5463 -0.1260 0.9774
v  -0.5463 -0.0451 0.9774
v  -0.5448 -0.0286 0.9746
v  -0.5402 -0.0135 0.9659
v  -0.5331 -0.0034 0.9527
v  -0.5253 -0.0000 0.9381
v  -0.5157 -0.0000 0.9200
v  -0.2509 -0.6450 0.3375
v  -0.2509 -0.2600 0.3375
v  -0.2526 -0.6616 0.3401
v  -0.2581 -0.6768 0.3484
v  -0.2666 -0.6868 0.3611
v  -0.2759 -0.6900 0.3749
v  -0.3231 -0.6900 0.4456
v  -0.3353 -0.6856 0.4639
v  -0.3465 -0.6721 0.4807
v  -0.3539 -0.6519 0.4917
v  -0.3562 -0.6300 0.4952
v  -0.3561 -0.3740 0.4951
v  -0.3570 -0.3576 0.4964
v  -0.3598 -0.3407 0.5005
v  -0.3644 -0.3247 0.5075
v  -0.3709 -0.3103 0.5172
v  -0.3790 -0.2986 0.5293
v  -0.3926 -0.2874 0.5497
v  -0.6205 -0.1698 0.8907
v  -0.6239 -0.1677 0.8958
v  -0.6323 -0.1576 0.9084
v  -0.6377 -0.1425 0.9165
v  -0.6394 -0.1260 0.9191
v  -0.6394 -0.0451 0.9191
v  -0.6377 -0.0286 0.9165
v  -0.6323 -0.0135 0.9083
v  -0.6239 -0.0034 0.8958
v  -0.6147 -0.0000 0.8821
v  -0.6033 -0.0000 0.8651
v  -0.2827 -0.6450 0.3113
v  -0.2827 -0.2600 0.3113
v  -0.2847 -0.6616 0.3137
v  -0.2911 -0.6768 0.3214
v  -0.3007 -0.6868 0.3332
v  -0.3113 -0.6900 0.3461
v  -0.3652 -0.6900 0.4118
v  -0.3792 -0.6856 0.4288
v  -0.3920 -0.6721 0.4444
v  -0.4004 -0.6519 0.4547
v  -0.4030 -0.6300 0.4579
v  -0.4029 -0.3741 0.4578
v  -0.4040 -0.3575 0.4590
v  -0.4070 -0.3408 0.4628
v  -0.4124 -0.3246 0.4693
v  -0.4198 -0.3102 0.4784
v  -0.4290 -0.2986 0.4896
v  -0.4446 -0.2874 0.5085
v  -0.7048 -0.1698 0.8256
v  -0.7087 -0.1677 0.8304
v  -0.7183 -0.1576 0.8420
v  -0.7245 -0.1425 0.8496
v  -0.7264 -0.1260 0.8520
v  -0.7264 -0.0451 0.8520
v  -0.7245 -0.0286 0.8496
v  -0.7183 -0.0135 0.8420
v  -0.7087 -0.0034 0.8304
v  -0.6982 -0.0000 0.8176
v  -0.6852 -0.0000 0.8018
v  -0.3119 -0.6450 0.2821
v  -0.3119 -0.2600 0.2821
v  -0.3141 -0.6616 0.2843
v  -0.3212 -0.6768 0.2914
v  -0.3319 -0.6868 0.3022
v  -0.3437 -0.6900 0.3139
v  -0.4038 -0.6900 0.3740
v  -0.4194 -0.6856 0.3896
v  -0.4336 -0.6721 0.4039
v  -0.4430 -0.6519 0.4132
v  -0.4459 -0.6300 0.4161
v  -0.4459 -0.3740 0.4160
v  -0.4470 -0.3576 0.4172
v  -0.4504 -0.3408 0.4206
v  -0.4563 -0.3246 0.4266
v  -0.4647 -0.3102 0.4349
v  -0.4749 -0.2986 0.4451
v  -0.4923 -0.2874 0.4625
v  -0.7823 -0.1698 0.7525
v  -0.7867 -0.1677 0.7569
v  -0.7973 -0.1576 0.7675
v  -0.8043 -0.1425 0.7745
v  -0.8064 -0.1260 0.7767
v  -0.8065 -0.0451 0.7767
v  -0.8043 -0.0286 0.7745
v  -0.7973 -0.0135 0.7676
v  -0.7867 -0.0033 0.7569
v  -0.7750 -0.0000 0.7452
v  -0.7605 -0.0000 0.7307
v  -0.3380 -0.6450 0.2502
v  -0.3380 -0.2600 0.2502
v  -0.3404 -0.6616 0.2521
v  -0.3482 -0.6768 0.2585
v  -0.3600 -0.6868 0.2682
v  -0.3728 -0.6900 0.2787
v  -0.4385 -0.6900 0.3326
v  -0.4555 -0.6856 0.3466
v  -0.4711 -0.6721 0.3594
v  -0.4813 -0.6519 0.3678
v  -0.4845 -0.6300 0.3704
v  -0.4844 -0.3740 0.3704
v  -0.4856 -0.3576 0.3713
v  -0.4894 -0.3408 0.3744
v  -0.4959 -0.3246 0.3798
v  -0.5050 -0.3102 0.3872
v  -0.5163 -0.2986 0.3964
v  -0.5352 -0.2874 0.4120
v  -0.8523 -0.1698 0.6722
v  -0.8571 -0.1677 0.6761
v  -0.8687 -0.1576 0.6857
v  -0.8763 -0.1425 0.6919
v  -0.8787 -0.1260 0.6939
v  -0.8788 -0.0451 0.6939
v  -0.8764 -0.0286 0.6920
v  -0.8688 -0.0135 0.6858
v  -0.8571 -0.0033 0.6761
v  -0.8443 -0.0000 0.6657
v  -0.8285 -0.0000 0.6527
v  -0.3609 -0.6450 0.2158
v  -0.3609 -0.2600 0.2158
v  -0.3635 -0.6616 0.2175
v  -0.3718 -0.6768 0.2231
v  -0.3845 -0.6868 0.2316
v  -0.3983 -0.6900 0.2408
v  -0.4690 -0.6900 0.2880
v  -0.4873 -0.6856 0.3003
v  -0.5041 -0.6721 0.3115
v  -0.5150 -0.6519 0.3188
v  -0.5184 -0.6300 0.3211
v  -0.5184 -0.3740 0.3211
v  -0.5197 -0.3576 0.3219
v  -0.5237 -0.3408 0.3246
v  -0.5308 -0.3246 0.3293
v  -0.5406 -0.3102 0.3359
v  -0.5526 -0.2986 0.3439
v  -0.5730 -0.2874 0.3576
v  -0.9141 -0.1698 0.5855
v  -0.9192 -0.1677 0.5889
v  -0.9318 -0.1576 0.5973
v  -0.9400 -0.1425 0.6027
v  -0.9425 -0.1260 0.6045
v  -0.9426 -0.0451 0.6045
v  -0.9401 -0.0286 0.6028
v  -0.9320 -0.0135 0.5974
v  -0.9193 -0.0033 0.5889
v  -0.9055 -0.0000 0.5797
v  -0.8885 -0.0000 0.5683
v  -0.3803 -0.6450 0.1794
v  -0.3803 -0.2600 0.1794
v  -0.3831 -0.6616 0.1809
v  -0.3919 -0.6768 0.1856
v  -0.4054 -0.6868 0.1928
v  -0.4200 -0.6900 0.2006
v  -0.4950 -0.6900 0.2407
v  -0.5144 -0.6856 0.2511
v  -0.5322 -0.6721 0.2606
v  -0.5438 -0.6519 0.2668
v  -0.5474 -0.6300 0.2687
v  -0.5474 -0.3740 0.2687
v  -0.5487 -0.3576 0.2695
v  -0.5530 -0.3408 0.2717
v  -0.5605 -0.3246 0.2757
v  -0.5709 -0.3102 0.2813
v  -0.5837 -0.2986 0.2881
v  -0.6053 -0.2874 0.2997
v  -0.9671 -0.1698 0.4930
v  -0.9725 -0.1677 0.4959
v  -0.9859 -0.1576 0.5031
v  -0.9946 -0.1425 0.5077
v  -0.9973 -0.1260 0.5092
v  -0.9974 -0.0451 0.5092
v  -0.9947 -0.0286 0.5078
v  -0.9861 -0.0135 0.5032
v  -0.9726 -0.0032 0.4960
v  -0.9580 -0.0000 0.4882
v  -0.9399 -0.0000 0.4785
v  -0.3961 -0.6450 0.1413
v  -0.3961 -0.2600 0.1413
v  -0.3990 -0.6616 0.1425
v  -0.4082 -0.6768 0.1463
v  -0.4223 -0.6868 0.1521
v  -0.4377 -0.6900 0.1585
v  -0.5162 -0.6900 0.1910
v  -0.5365 -0.6856 0.1994
v  -0.5551 -0.6721 0.2072
v  -0.5673 -0.6519 0.2122
v  -0.5711 -0.6300 0.2138
v  -0.5711 -0.3740 0.2138
v  -0.5725 -0.3576 0.2144
v  -0.5770 -0.3408 0.2162
v  -0.5848 -0.3246 0.2195
v  -0.5957 -0.3102 0.2240
v  -0.6091 -0.2986 0.2295
v  -0.6318 -0.2874 0.2389
v  -1.0108 -0.1698 0.3959
v  -1.0165 -0.1677 0.3982
v  -1.0304 -0.1576 0.4040
v  -1.0396 -0.1425 0.4078
v  -1.0425 -0.1260 0.4090
v  -1.0425 -0.0451 0.4090
v  -1.0397 -0.0286 0.4078
v  -1.0306 -0.0135 0.4041
v  -1.0165 -0.0033 0.3982
v  -1.0012 -0.0000 0.3919
v  -0.9823 -0.0000 0.3841
v  -0.4080 -0.6450 0.1018
v  -0.4080 -0.2600 0.1018
v  -0.4110 -0.6616 0.1027
v  -0.4206 -0.6768 0.1056
v  -0.4352 -0.6868 0.1100
v  -0.4511 -0.6900 0.1148
v  -0.5324 -0.6900 0.1395
v  -0.5535 -0.6856 0.1459
v  -0.5728 -0.6721 0.1517
v  -0.5854 -0.6519 0.1556
v  -0.5893 -0.6300 0.1568
v  -0.5893 -0.3740 0.1568
v  -0.5908 -0.3576 0.1572
v  -0.5954 -0.3408 0.1586
v  -0.6035 -0.3246 0.1611
v  -0.6148 -0.3102 0.1645
v  -0.6287 -0.2986 0.1687
v  -0.6522 -0.2874 0.1758
v  -1.0447 -0.1698 0.2949
v  -1.0506 -0.1677 0.2967
v  -1.0651 -0.1576 0.3011
v  -1.0746 -0.1425 0.3040
v  -1.0775 -0.1260 0.3049
v  -1.0776 -0.0451 0.3049
v  -1.0746 -0.0286 0.3040
v  -1.0652 -0.0135 0.3011
v  -1.0506 -0.0033 0.2967
v  -1.0348 -0.0000 0.2919
v  -1.0152 -0.0000 0.2859
v  -0.4160 -0.6450 0.0613
v  -0.4160 -0.2600 0.0613
v  -0.4191 -0.6616 0.0619
v  -0.4289 -0.6768 0.0638
v  -0.4439 -0.6868 0.0668
v  -0.4602 -0.6900 0.0701
v  -0.5435 -0.6900 0.0866
v  -0.5651 -0.6856 0.0909
v  -0.5849 -0.6721 0.0949
v  -0.5978 -0.6519 0.0975
v  -0.6019 -0.6300 0.0983
v  -0.6019 -0.3740 0.0983
v  -0.6034 -0.3576 0.0986
v  -0.6081 -0.3408 0.0995
v  -0.6164 -0.3246 0.1011
v  -0.6280 -0.3102 0.1034
v  -0.6422 -0.2986 0.1063
v  -0.6662 -0.2874 0.1110
v  -1.0686 -0.1698 0.1911
v  -1.0747 -0.1677 0.1923
v  -1.0895 -0.1576 0.1952
v  -1.0991 -0.1425 0.1972
v  -1.1022 -0.1260 0.1978
v  -1.1023 -0.0451 0.1978
v  -1.0993 -0.0286 0.1972
v  -1.0897 -0.0135 0.1953
v  -1.0746 -0.0032 0.1923
v  -1.0584 -0.0000 0.1891
v  -1.0383 -0.0000 0.1851
v  -0.4200 -0.6450 0.0202
v  -0.4200 -0.2600 0.0202
v  -0.4231 -0.6616 0.0205
v  -0.4331 -0.6768 0.0215
v  -0.4483 -0.6868 0.0230
v  -0.4648 -0.6900 0.0246
v  -0.5494 -0.6900 0.0329
v  -0.5713 -0.6856 0.0351
v  -0.5914 -0.6721 0.0371
v  -0.6045 -0.6519 0.0384
v  -0.6087 -0.6300 0.0388
v  -0.6086 -0.3740 0.0388
v  -0.6102 -0.3576 0.0389
v  -0.6150 -0.3408 0.0394
v  -0.6234 -0.3246 0.0402
v  -0.6351 -0.3102 0.0414
v  -0.6495 -0.2986 0.0428
v  -0.6739 -0.2874 0.0452
v  -1.0823 -0.1698 0.0854
v  -1.0885 -0.1677 0.0860
v  -1.1034 -0.1576 0.0875
v  -1.1131 -0.1425 0.0884
v  -1.1162 -0.1260 0.0888
v  -1.1163 -0.0451 0.0888
v  -1.1132 -0.0286 0.0885
v  -1.1035 -0.0135 0.0875
v  -1.0884 -0.0033 0.0860
v  -1.0719 -0.0000 0.0844
v  -1.0515 -0.0000 0.0824
v  -0.4200 -0.6450 -0.0211
v  -0.4200 -0.2600 -0.0211
v  -0.4231 -0.6616 -0.0211
v  -0.4331 -0.6768 -0.0211
v  -0.4484 -0.6868 -0.0211
v  -0.4650 -0.6900 -0.0211
v  -0.5500 -0.6900 -0.0211
v  -0.5720 -0.6856 -0.0211
v  -0.5922 -0.6721 -0.0211
v  -0.6055 -0.6519 -0.0211
v  -0.6096 -0.6300 -0.0210
v  -0.6095 -0.3740 -0.0210
v  -0.6111 -0.3576 -0.0210
v  -0.6160 -0.3408 -0.0211
v  -0.6244 -0.3246 -0.0211
v  -0.6361 -0.3102 -0.0211
v  -0.6506 -0.2986 -0.0211
v  -0.6741 -0.2874 -0.0211
v  -1.0853 -0.1698 -0.0211
v  -1.0916 -0.1677 -0.0211
v  -1.1066 -0.1576 -0.0211
v  -1.1164 -0.1425 -0.0211
v  -1.1196 -0.1260 -0.0211
v  -1.1195 -0.0451 -0.0211
v  -1.1165 -0.0286 -0.0211
v  -1.1066 -0.0135 -0.0211
v  -1.0915 -0.0033 -0.0211
v  -1.0750 -0.0000 -0.0211
v  -1.0545 -0.0000 -0.0211
v  -0.4159 -0.6450 -0.0621
v  -0.4159 -0.2600 -0.0621
v  -0.4190 -0.6616 -0.0624
v  -0.4290 -0.6768 -0.0634
v  -0.4441 -0.6868 -0.0649
v  -0.4607 -0.6900 -0.0665
v  -0.5453 -0.6900 -0.0749
v  -0.5672 -0.6856 -0.0770
v  -0.5873 -0.6721 -0.0790
v  -0.6004 -0.6519 -0.0803
v  -0.6046 -0.6300 -0.0807
v  -0.6046 -0.3740 -0.0807
v  -0.6061 -0.3576 -0.0809
v  -0.6109 -0.3408 -0.0813
v  -0.6193 -0.3247 -0.0822
v  -0.6310 -0.3103 -0.0833
v  -0.6454 -0.2986 -0.0847
v  -0.6686 -0.2874 -0.0870
v  -1.0781 -0.1698 -0.1274
v  -1.0844 -0.1677 -0.1280
v  -1.0993 -0.1576 -0.1294
v  -1.1090 -0.1425 -0.1304
v  -1.1121 -0.1260 -0.1307
v  -1.1121 -0.0451 -0.1307
v  -1.1089 -0.0286 -0.1304
v  -1.0993 -0.0135 -0.1294
v  -1.0842 -0.0034 -0.1280
v  -1.0677 -0.0000 -0.1263
v  -1.0473 -0.0000 -0.1243
v  -0.4078 -0.6450 -0.1026
v  -0.4078 -0.2600 -0.1026
v  -0.4109 -0.6616 -0.1032
v  -0.4207 -0.6768 -0.1052
v  -0.4356 -0.6868 -0.1081
v  -0.4520 -0.6900 -0.1114
v  -0.5353 -0.6900 -0.1280
v  -0.5569 -0.6856 -0.1323
v  -0.5767 -0.6721 -0.1362
v  -0.5896 -0.6519 -0.1388
v  -0.5937 -0.6300 -0.1396
v  -0.5938 -0.3740 -0.1396
v  -0.5952 -0.3576 -0.1399
v  -0.6000 -0.3408 -0.1408
v  -0.6083 -0.3246 -0.1425
v  -0.6198 -0.3102 -0.1448
v  -0.6340 -0.2986 -0.1476
v  -0.6581 -0.2874 -0.1524
v  -1.0603 -0.1698 -0.2324
v  -1.0662 -0.1677 -0.2336
v  -1.0807 -0.1576 -0.2364
v  -1.0900 -0.1425 -0.2383
v  -1.0930 -0.1260 -0.2389
v  -1.0931 -0.0451 -0.2389
v  -1.0900 -0.0286 -0.2383
v  -1.0803 -0.0135 -0.2363
v  -1.0663 -0.0037 -0.2336
v  -1.0502 -0.0001 -0.2304
v  -1.0301 -0.0000 -0.2264
v  -0.3958 -0.6450 -0.1421
v  -0.3958 -0.2600 -0.1421
v  -0.3988 -0.6616 -0.1430
v  -0.4084 -0.6768 -0.1459
v  -0.4229 -0.6868 -0.1503
v  -0.4389 -0.6900 -0.1551
v  -0.5202 -0.6900 -0.1798
v  -0.5413 -0.6856 -0.1862
v  -0.5606 -0.6721 -0.1921
v  -0.5732 -0.6519 -0.1959
v  -0.5772 -0.6300 -0.1971
v  -0.5773 -0.3740 -0.1971
v  -0.5786 -0.3576 -0.1975
v  -0.5833 -0.3408 -0.1989
v  -0.5914 -0.3246 -0.2014
v  -0.6026 -0.3102 -0.2048
v  -0.6165 -0.2986 -0.2090
v  -0.6400 -0.2874 -0.2161
v  -1.0324 -0.1698 -0.3352
v  -1.0382 -0.1677 -0.3369
v  -1.0523 -0.1576 -0.3412
v  -1.0614 -0.1425 -0.3439
v  -1.0642 -0.1260 -0.3448
v  -1.0643 -0.0451 -0.3448
v  -1.0613 -0.0286 -0.3439
v  -1.0518 -0.0135 -0.3411
v  -1.0382 -0.0037 -0.3369
v  -1.0226 -0.0001 -0.3322
v  -1.0029 -0.0000 -0.3263
v  -0.3800 -0.6450 -0.1802
v  -0.3800 -0.2600 -0.1802
v  -0.3828 -0.6616 -0.1814
v  -0.3921 -0.6768 -0.1852
v  -0.4062 -0.6868 -0.1910
v  -0.4215 -0.6900 -0.1974
v  -0.5001 -0.6900 -0.2299
v  -0.5204 -0.6856 -0.2384
v  -0.5391 -0.6721 -0.2461
v  -0.5512 -0.6519 -0.2511
v  -0.5551 -0.6300 -0.2527
v  -0.5552 -0.3741 -0.2528
v  -0.5565 -0.3576 -0.2533
v  -0.5610 -0.3408 -0.2552
v  -0.5688 -0.3247 -0.2584
v  -0.5796 -0.3102 -0.2629
v  -0.5930 -0.2986 -0.2684
v  -0.6157 -0.2874 -0.2778
v  -0.9946 -0.1698 -0.4348
v  -1.0002 -0.1677 -0.4371
v  -1.0137 -0.1576 -0.4427
v  -1.0225 -0.1425 -0.4463
v  -1.0253 -0.1260 -0.4475
v  -1.0253 -0.0451 -0.4475
v  -1.0225 -0.0286 -0.4463
v  -1.0133 -0.0135 -0.4425
v  -1.0002 -0.0037 -0.4371
v  -0.9851 -0.0001 -0.4308
v  -0.9661 -0.0000 -0.4230
v  -0.3605 -0.6450 -0.2166
v  -0.3605 -0.2600 -0.2166
v  -0.3632 -0.6616 -0.2180
v  -0.3720 -0.6768 -0.2227
v  -0.3855 -0.6868 -0.2299
v  -0.4002 -0.6900 -0.2378
v  -0.4751 -0.6900 -0.2778
v  -0.4946 -0.6856 -0.2882
v  -0.5124 -0.6721 -0.2977
v  -0.5240 -0.6519 -0.3040
v  -0.5277 -0.6300 -0.3059
v  -0.5277 -0.3740 -0.3059
v  -0.5290 -0.3576 -0.3066
v  -0.5333 -0.3408 -0.3089
v  -0.5407 -0.3247 -0.3129
v  -0.5511 -0.3103 -0.3185
v  -0.5639 -0.2986 -0.3253
v  -0.5855 -0.2874 -0.3368
v  -0.9471 -0.1698 -0.5301
v  -0.9527 -0.1677 -0.5331
v  -0.9660 -0.1576 -0.5402
v  -0.9738 -0.1425 -0.5444
v  -0.9765 -0.1260 -0.5458
v  -0.9765 -0.0451 -0.5458
v  -0.9738 -0.0286 -0.5444
v  -0.9651 -0.0135 -0.5397
v  -0.9525 -0.0037 -0.5330
v  -0.9381 -0.0001 -0.5253
v  -0.9200 -0.0000 -0.5157
v  -0.3375 -0.6450 -0.2509
v  -0.3375 -0.2600 -0.2509
v  -0.3401 -0.6616 -0.2526
v  -0.3484 -0.6768 -0.2581
v  -0.3611 -0.6868 -0.2666
v  -0.3749 -0.6900 -0.2759
v  -0.4456 -0.6900 -0.3231
v  -0.4639 -0.6856 -0.3353
v  -0.4807 -0.6721 -0.3465
v  -0.4917 -0.6519 -0.3539
v  -0.4952 -0.6300 -0.3562
v  -0.4951 -0.3740 -0.3562
v  -0.4964 -0.3576 -0.3570
v  -0.5005 -0.3408 -0.3597
v  -0.5075 -0.3247 -0.3644
v  -0.5172 -0.3103 -0.3709
v  -0.5293 -0.2986 -0.3790
v  -0.5493 -0.2874 -0.3923
v  -0.8907 -0.1698 -0.6205
v  -0.8958 -0.1677 -0.6239
v  -0.9084 -0.1576 -0.6323
v  -0.9158 -0.1425 -0.6372
v  -0.9183 -0.1260 -0.6389
v  -0.9184 -0.0451 -0.6390
v  -0.9159 -0.0286 -0.6373
v  -0.9076 -0.0135 -0.6318
v  -0.8957 -0.0037 -0.6238
v  -0.8821 -0.0001 -0.6147
v  -0.8651 -0.0000 -0.6033
v  -0.3113 -0.6450 -0.2827
v  -0.3113 -0.2600 -0.2827
v  -0.3137 -0.6616 -0.2847
v  -0.3214 -0.6768 -0.2911
v  -0.3332 -0.6868 -0.3007
v  -0.3461 -0.6900 -0.3113
v  -0.4118 -0.6900 -0.3652
v  -0.4288 -0.6856 -0.3792
v  -0.4444 -0.6721 -0.3920
v  -0.4547 -0.6519 -0.4004
v  -0.4579 -0.6300 -0.4030
v  -0.4578 -0.3740 -0.4029
v  -0.4590 -0.3576 -0.4039
v  -0.4628 -0.3408 -0.4070
v  -0.4693 -0.3246 -0.4124
v  -0.4784 -0.3102 -0.4198
v  -0.4896 -0.2986 -0.4290
v  -0.5085 -0.2874 -0.4446
v  -0.8256 -0.1698 -0.7048
v  -0.8303 -0.1677 -0.7087
v  -0.8420 -0.1576 -0.7183
v  -0.8496 -0.1425 -0.7245
v  -0.8520 -0.1260 -0.7264
v  -0.8514 -0.0451 -0.7260
v  -0.8491 -0.0286 -0.7241
v  -0.8415 -0.0135 -0.7178
v  -0.8303 -0.0036 -0.7086
v  -0.8176 -0.0001 -0.6982
v  -0.8018 -0.0000 -0.6852
v  -0.2821 -0.6450 -0.3119
v  -0.2821 -0.2600 -0.3119
v  -0.2843 -0.6616 -0.3141
v  -0.2914 -0.6768 -0.3212
v  -0.3022 -0.6868 -0.3319
v  -0.3139 -0.6900 -0.3437
v  -0.3740 -0.6900 -0.4038
v  -0.3896 -0.6856 -0.4194
v  -0.4039 -0.6721 -0.4336
v  -0.4132 -0.6519 -0.4430
v  -0.4161 -0.6300 -0.4459
v  -0.4161 -0.3740 -0.4458
v  -0.4172 -0.3576 -0.4469
v  -0.4206 -0.3408 -0.4504
v  -0.4266 -0.3246 -0.4563
v  -0.4349 -0.3102 -0.4647
v  -0.4451 -0.2986 -0.4749
v  -0.4625 -0.2874 -0.4923
v  -0.7525 -0.1698 -0.7823
v  -0.7569 -0.1677 -0.7867
v  -0.7675 -0.1576 -0.7973
v  -0.7745 -0.1425 -0.8043
v  -0.7767 -0.1260 -0.8064
v  -0.7766 -0.0451 -0.8063
v  -0.7742 -0.0286 -0.8040
v  -0.7673 -0.0135 -0.7970
v  -0.7568 -0.0035 -0.7866
v  -0.7452 -0.0001 -0.7750
v  -0.7307 -0.0000 -0.7605
v  -0.2502 -0.6450 -0.3380
v  -0.2502 -0.2600 -0.3380
v  -0.2521 -0.6616 -0.3404
v  -0.2585 -0.6768 -0.3482
v  -0.2682 -0.6868 -0.3600
v  -0.2787 -0.6900 -0.3728
v  -0.3326 -0.6900 -0.4385
v  -0.3466 -0.6856 -0.4555
v  -0.3594 -0.6721 -0.4711
v  -0.3678 -0.6519 -0.4813
v  -0.3704 -0.6300 -0.4845
v  -0.3704 -0.3740 -0.4844
v  -0.3713 -0.3576 -0.4856
v  -0.3744 -0.3408 -0.4894
v  -0.3798 -0.3246 -0.4959
v  -0.3872 -0.3102 -0.5050
v  -0.3964 -0.2986 -0.5163
v  -0.4120 -0.2874 -0.5352
v  -0.6722 -0.1698 -0.8523
v  -0.6761 -0.1677 -0.8571
v  -0.6857 -0.1576 -0.8687
v  -0.6919 -0.1425 -0.8763
v  -0.6939 -0.1260 -0.8787
v  -0.6939 -0.0451 -0.8788
v  -0.6920 -0.0286 -0.8764
v  -0.6857 -0.0135 -0.8687
v  -0.6761 -0.0034 -0.8571
v  -0.6657 -0.0001 -0.8443
v  -0.6527 -0.0000 -0.8285
v  -0.2158 -0.6450 -0.3609
v  -0.2158 -0.2600 -0.3609
v  -0.2175 -0.6616 -0.3635
v  -0.2231 -0.6768 -0.3718
v  -0.2316 -0.6868 -0.3845
v  -0.2408 -0.6900 -0.3983
v  -0.2880 -0.6900 -0.4690
v  -0.3003 -0.6856 -0.4873
v  -0.3115 -0.6721 -0.5041
v  -0.3188 -0.6519 -0.5150
v  -0.3211 -0.6300 -0.5184
v  -0.3211 -0.3740 -0.5184
v  -0.3219 -0.3576 -0.5197
v  -0.3246 -0.3408 -0.5237
v  -0.3293 -0.3246 -0.5308
v  -0.3359 -0.3102 -0.5406
v  -0.3439 -0.2986 -0.5526
v  -0.3576 -0.2874 -0.5731
v  -0.5855 -0.1698 -0.9141
v  -0.5889 -0.1677 -0.9192
v  -0.5973 -0.1576 -0.9318
v  -0.6027 -0.1425 -0.9400
v  -0.6045 -0.1260 -0.9425
v  -0.6045 -0.0451 -0.9426
v  -0.6028 -0.0286 -0.9401
v  -0.5974 -0.0135 -0.9320
v  -0.5889 -0.0033 -0.9193
v  -0.5797 -0.0000 -0.9055
v  -0.5683 -0.0000 -0.8885
v  -0.1794 -0.6450 -0.3803
v  -0.1794 -0.2600 -0.3803
v  -0.1809 -0.6616 -0.3831
v  -0.1856 -0.6768 -0.3919
v  -0.1928 -0.6868 -0.4054
v  -0.2006 -0.6900 -0.4200
v  -0.2407 -0.6900 -0.4950
v  -0.2511 -0.6856 -0.5144
v  -0.2606 -0.6721 -0.5322
v  -0.2668 -0.6519 -0.5438
v  -0.2687 -0.6300 -0.5474
v  -0.2687 -0.3740 -0.5474
v  -0.2695 -0.3576 -0.5487
v  -0.2717 -0.3408 -0.5530
v  -0.2757 -0.3246 -0.5605
v  -0.2813 -0.3102 -0.5709
v  -0.2881 -0.2986 -0.5837
v  -0.2997 -0.2874 -0.6053
v  -0.4930 -0.1698 -0.9671
v  -0.4959 -0.1677 -0.9725
v  -0.5031 -0.1576 -0.9859
v  -0.5077 -0.1425 -0.9946
v  -0.5092 -0.1260 -0.9973
v  -0.5092 -0.0451 -0.9974
v  -0.5078 -0.0286 -0.9947
v  -0.5032 -0.0135 -0.9861
v  -0.4960 -0.0032 -0.9726
v  -0.4882 -0.0000 -0.9580
v  -0.4785 -0.0000 -0.9399
v  -0.1413 -0.6450 -0.3961
v  -0.1413 -0.2600 -0.3961
v  -0.1425 -0.6616 -0.3990
v  -0.1463 -0.6768 -0.4082
v  -0.1521 -0.6870 -0.4222
v  -0.1585 -0.6900 -0.4377
v  -0.1910 -0.6900 -0.5162
v  -0.1994 -0.6856 -0.5365
v  -0.2072 -0.6721 -0.5551
v  -0.2122 -0.6519 -0.5673
v  -0.2138 -0.6300 -0.5711
v  -0.2138 -0.3740 -0.5711
v  -0.2144 -0.3576 -0.5725
v  -0.2162 -0.3408 -0.5770
v  -0.2195 -0.3246 -0.5848
v  -0.2240 -0.3102 -0.5957
v  -0.2295 -0.2986 -0.6091
v  -0.2389 -0.2874 -0.6318
v  -0.3959 -0.1698 -1.0108
v  -0.3982 -0.1677 -1.0165
v  -0.4040 -0.1576 -1.0304
v  -0.4078 -0.1425 -1.0396
v  -0.4090 -0.1260 -1.0425
v  -0.4090 -0.0451 -1.0425
v  -0.4078 -0.0286 -1.0397
v  -0.4041 -0.0135 -1.0306
v  -0.3982 -0.0033 -1.0165
v  -0.3919 -0.0000 -1.0012
v  -0.3841 -0.0000 -0.9823
v  -0.1018 -0.6450 -0.4080
v  -0.1018 -0.2600 -0.4080
v  -0.1027 -0.6616 -0.4110
v  -0.1056 -0.6768 -0.4206
v  -0.1100 -0.6870 -0.4351
v  -0.1148 -0.6900 -0.4511
v  -0.1395 -0.6900 -0.5324
v  -0.1459 -0.6856 -0.5535
v  -0.1517 -0.6721 -0.5728
v  -0.1556 -0.6519 -0.5853
v  -0.1569 -0.3740 -0.5893
v  -0.1573 -0.3576 -0.5908
v  -0.1586 -0.3408 -0.5954
v  -0.1611 -0.3246 -0.6035
v  -0.1645 -0.3102 -0.6148
v  -0.1687 -0.2986 -0.6287
v  -0.1758 -0.2874 -0.6522
v  -0.2949 -0.1698 -1.0447
v  -0.2967 -0.1677 -1.0506
v  -0.3011 -0.1576 -1.0651
v  -0.3040 -0.1425 -1.0746
v  -0.3049 -0.1260 -1.0775
v  -0.3049 -0.0451 -1.0776
v  -0.3040 -0.0286 -1.0746
v  -0.3011 -0.0135 -1.0652
v  -0.2967 -0.0033 -1.0506
v  -0.2919 -0.0000 -1.0348
v  -0.2859 -0.0000 -1.0152
v  -0.0613 -0.6450 -0.4160
v  -0.0613 -0.2600 -0.4160
v  -0.0619 -0.6616 -0.4191
v  -0.0638 -0.6768 -0.4289
v  -0.0668 -0.6868 -0.4439
v  -0.0701 -0.6900 -0.4602
v  -0.0866 -0.6900 -0.5435
v  -0.0909 -0.6856 -0.5651
v  -0.0949 -0.6721 -0.5849
v  -0.0975 -0.6519 -0.5978
v  -0.0983 -0.6300 -0.6019
v  -0.0983 -0.3740 -0.6019
v  -0.0986 -0.3576 -0.6034
v  -0.0995 -0.3408 -0.6081
v  -0.1011 -0.3246 -0.6164
v  -0.1034 -0.3102 -0.6280
v  -0.1063 -0.2986 -0.6422
v  -0.1111 -0.2874 -0.6663
v  -0.1911 -0.1698 -1.0686
v  -0.1923 -0.1677 -1.0746
v  -0.1952 -0.1576 -1.0895
v  -0.1972 -0.1425 -1.0991
v  -0.1978 -0.1260 -1.1022
v  -0.1978 -0.0451 -1.1023
v  -0.1972 -0.0286 -1.0993
v  -0.1953 -0.0135 -1.0896
v  -0.1923 -0.0032 -1.0746
v  -0.1891 -0.0000 -1.0584
v  -0.1851 -0.0000 -1.0383
v  -0.0202 -0.6450 -0.4200
v  -0.0202 -0.2600 -0.4200
v  -0.0205 -0.6616 -0.4231
v  -0.0215 -0.6768 -0.4331
v  -0.0230 -0.6868 -0.4483
v  -0.0246 -0.6900 -0.4648
v  -0.0329 -0.6900 -0.5494
v  -0.0351 -0.6856 -0.5713
v  -0.0371 -0.6721 -0.5914
v  -0.0384 -0.6519 -0.6045
v  -0.0388 -0.6300 -0.6087
v  -0.0388 -0.3742 -0.6086
v  -0.0389 -0.3576 -0.6102
v  -0.0394 -0.3407 -0.6150
v  -0.0402 -0.3246 -0.6234
v  -0.0414 -0.3102 -0.6351
v  -0.0428 -0.2986 -0.6495
v  -0.0452 -0.2874 -0.6739
v  -0.0854 -0.1698 -1.0823
v  -0.0860 -0.1677 -1.0885
v  -0.0875 -0.1576 -1.1034
v  -0.0884 -0.1425 -1.1131
v  -0.0888 -0.1260 -1.1162
v  -0.0888 -0.0451 -1.1163
v  -0.0885 -0.0286 -1.1132
v  -0.0875 -0.0135 -1.1035
v  -0.0860 -0.0033 -1.0884
v  -0.0844 -0.0000 -1.0719
v  -0.0824 -0.0000 -1.0515
v  0.0211 -0.6450 -0.4200
v  0.0211 -0.2600 -0.4200
v  0.0211 -0.6616 -0.4231
v  0.0211 -0.6768 -0.4331
v  0.0211 -0.6868 -0.4484
v  0.0211 -0.6900 -0.4650
v  0.0211 -0.6900 -0.5500
v  0.0211 -0.6856 -0.5720
v  0.0211 -0.6721 -0.5923
v  0.0211 -0.6519 -0.6055
v  0.0210 -0.6300 -0.6096
v  0.0210 -0.3741 -0.6095
v  0.0211 -0.3576 -0.6111
v  0.0211 -0.3407 -0.6160
v  0.0211 -0.3246 -0.6244
v  0.0211 -0.3102 -0.6361
v  0.0211 -0.2986 -0.6506
v  0.0211 -0.2874 -0.6751
v  0.0211 -0.1698 -1.0853
v  0.0211 -0.1677 -1.0916
v  0.0211 -0.1576 -1.1066
v  0.0211 -0.1425 -1.1164
v  0.0211 -0.1260 -1.1195
v  0.0211 -0.0451 -1.1195
v  0.0211 -0.0286 -1.1165
v  0.0211 -0.0135 -1.1066
v  0.0211 -0.0033 -1.0915
v  0.0211 -0.0000 -1.0750
v  0.0211 -0.0000 -1.0545
v  0.0621 -0.6450 -0.4159
v  0.0621 -0.2600 -0.4159
v  0.0624 -0.6616 -0.4190
v  0.0634 -0.6768 -0.4290
v  0.0649 -0.6868 -0.4441
v  0.0665 -0.6900 -0.4607
v  0.0749 -0.6900 -0.5453
v  0.0770 -0.6856 -0.5672
v  0.0790 -0.6721 -0.5873
v  0.0803 -0.6519 -0.6004
v  0.0807 -0.6300 -0.6046
v  0.0808 -0.3741 -0.6050
v  0.0809 -0.3576 -0.6061
v  0.0813 -0.3407 -0.6110
v  0.0821 -0.3247 -0.6193
v  0.0833 -0.3103 -0.6310
v  0.0847 -0.2986 -0.6454
v  0.0871 -0.2874 -0.6698
v  0.1273 -0.1698 -1.0781
v  0.1280 -0.1677 -1.0844
v  0.1294 -0.1576 -1.0993
v  0.1304 -0.1425 -1.1090
v  0.1307 -0.1260 -1.1121
v  0.1307 -0.0451 -1.1121
v  0.1304 -0.0286 -1.1090
v  0.1294 -0.0135 -1.0993
v  0.1280 -0.0034 -1.0843
v  0.1263 -0.0000 -1.0677
v  0.1243 -0.0000 -1.0473
v  0.1026 -0.6450 -0.4078
v  0.1026 -0.2600 -0.4078
v  0.1032 -0.6616 -0.4109
v  0.1052 -0.6768 -0.4207
v  0.1081 -0.6868 -0.4356
v  0.1114 -0.6900 -0.4520
v  0.1280 -0.6900 -0.5353
v  0.1323 -0.6856 -0.5573
v  0.1362 -0.6721 -0.5767
v  0.1388 -0.6519 -0.5896
v  0.1395 -0.6300 -0.5937
v  0.1408 -0.3407 -0.6000
v  0.1425 -0.3246 -0.6083
v  0.1448 -0.3102 -0.6198
v  0.1476 -0.2986 -0.6340
v  0.1524 -0.2874 -0.6581
v  0.2324 -0.1698 -1.0604
v  0.2336 -0.1677 -1.0664
v  0.2365 -0.1576 -1.0812
v  0.2385 -0.1425 -1.0909
v  0.2391 -0.1260 -1.0940
v  0.2390 -0.0451 -1.0939
v  0.2384 -0.0286 -1.0908
v  0.2365 -0.0135 -1.0812
v  0.2336 -0.0034 -1.0664
v  0.2304 -0.0000 -1.0502
v  0.2264 -0.0000 -1.0301
v  0.1421 -0.6450 -0.3958
v  0.1421 -0.2600 -0.3958
v  0.1430 -0.6616 -0.3988
v  0.1459 -0.6768 -0.4084
v  0.1503 -0.6868 -0.4230
v  0.1551 -0.6900 -0.4389
v  0.1798 -0.6900 -0.5202
v  0.1862 -0.6856 -0.5413
v  0.1921 -0.6721 -0.5606
v  0.1959 -0.6519 -0.5732
v  0.1971 -0.6300 -0.5772
v  0.1972 -0.3740 -0.5772
v  0.1976 -0.3576 -0.5786
v  0.1990 -0.3408 -0.5833
v  0.2014 -0.3246 -0.5914
v  0.2048 -0.3102 -0.6026
v  0.2090 -0.2986 -0.6165
v  0.2161 -0.2874 -0.6400
v  0.3352 -0.1698 -1.0325
v  0.3370 -0.1677 -1.0384
v  0.3414 -0.1576 -1.0528
v  0.3443 -0.1425 -1.0623
v  0.3452 -0.1260 -1.0653
v  0.3451 -0.0451 -1.0652
v  0.3442 -0.0286 -1.0622
v  0.3411 -0.0135 -1.0518
v  0.3369 -0.0037 -1.0382
v  0.3322 -0.0001 -1.0226
v  0.3263 -0.0000 -1.0029
v  0.1802 -0.6450 -0.3800
v  0.1802 -0.2600 -0.3800
v  0.1814 -0.6616 -0.3828
v  0.1852 -0.6768 -0.3921
v  0.1910 -0.6868 -0.4062
v  0.1974 -0.6900 -0.4215
v  0.2299 -0.6900 -0.5001
v  0.2383 -0.6856 -0.5204
v  0.2461 -0.6721 -0.5391
v  0.2511 -0.6519 -0.5512
v  0.2527 -0.6300 -0.5551
v  0.2528 -0.3740 -0.5552
v  0.2533 -0.3576 -0.5565
v  0.2552 -0.3408 -0.5610
v  0.2584 -0.3246 -0.5688
v  0.2629 -0.3102 -0.5796
v  0.2684 -0.2986 -0.5930
v  0.2778 -0.2874 -0.6157
v  0.4348 -0.1698 -0.9947
v  0.4372 -0.1677 -1.0004
v  0.4429 -0.1576 -1.0143
v  0.4467 -0.1425 -1.0234
v  0.4479 -0.1260 -1.0263
v  0.4479 -0.0450 -1.0262
v  0.4467 -0.0286 -1.0233
v  0.4429 -0.0135 -1.0142
v  0.4371 -0.0034 -1.0003
v  0.4308 -0.0001 -0.9851
v  0.4230 -0.0000 -0.9661
v  0.2166 -0.6450 -0.3605
v  0.2166 -0.2600 -0.3605
v  0.2180 -0.6616 -0.3632
v  0.2227 -0.6768 -0.3720
v  0.2299 -0.6868 -0.3855
v  0.2378 -0.6900 -0.4002
v  0.2778 -0.6900 -0.4751
v  0.2882 -0.6856 -0.4945
v  0.2977 -0.6721 -0.5124
v  0.3040 -0.6519 -0.5240
v  0.3059 -0.6300 -0.5276
v  0.3059 -0.3740 -0.5277
v  0.3066 -0.3576 -0.5290
v  0.3089 -0.3408 -0.5333
v  0.3129 -0.3247 -0.5407
v  0.3185 -0.3103 -0.5511
v  0.3253 -0.2986 -0.5639
v  0.3368 -0.2874 -0.5855
v  0.5302 -0.1698 -0.9472
v  0.5331 -0.1677 -0.9527
v  0.5402 -0.1576 -0.9660
v  0.5448 -0.1425 -0.9747
v  0.5463 -0.1260 -0.9774
v  0.5463 -0.0450 -0.9774
v  0.5448 -0.0286 -0.9746
v  0.5402 -0.0135 -0.9659
v  0.5331 -0.0034 -0.9527
v  0.5253 -0.0000 -0.9381
v  0.5157 0.0000 -0.9200
v  0.2509 -0.6450 -0.3375
v  0.2509 -0.2600 -0.3375
v  0.2526 -0.6616 -0.3401
v  0.2581 -0.6768 -0.3484
v  0.2666 -0.6868 -0.3611
v  0.2759 -0.6900 -0.3749
v  0.3231 -0.6900 -0.4456
v  0.3353 -0.6856 -0.4639
v  0.3466 -0.6721 -0.4808
v  0.3539 -0.6519 -0.4917
v  0.3562 -0.6300 -0.4952
v  0.3562 -0.3740 -0.4951
v  0.3570 -0.3576 -0.4964
v  0.3597 -0.3408 -0.5005
v  0.3644 -0.3247 -0.5075
v  0.3709 -0.3103 -0.5172
v  0.3790 -0.2986 -0.5293
v  0.3926 -0.2874 -0.5497
v  0.6205 -0.1698 -0.8907
v  0.6239 -0.1677 -0.8959
v  0.6323 -0.1576 -0.9084
v  0.6377 -0.1425 -0.9165
v  0.6394 -0.1260 -0.9191
v  0.6394 -0.0450 -0.9191
v  0.6377 -0.0286 -0.9165
v  0.6323 -0.0135 -0.9083
v  0.6239 -0.0034 -0.8958
v  0.6147 -0.0000 -0.8821
v  0.6033 0.0000 -0.8651
v  0.2827 -0.6450 -0.3113
v  0.2827 -0.2600 -0.3113
v  0.2847 -0.6616 -0.3137
v  0.2911 -0.6768 -0.3214
v  0.3007 -0.6868 -0.3332
v  0.3113 -0.6900 -0.3461
v  0.3652 -0.6900 -0.4118
v  0.3792 -0.6856 -0.4288
v  0.3920 -0.6721 -0.4445
v  0.4004 -0.6519 -0.4547
v  0.4030 -0.6300 -0.4579
v  0.4029 -0.3740 -0.4578
v  0.4039 -0.3576 -0.4590
v  0.4070 -0.3408 -0.4628
v  0.4124 -0.3246 -0.4693
v  0.4198 -0.3102 -0.4784
v  0.4290 -0.2986 -0.4896
v  0.4446 -0.2874 -0.5085
v  0.7048 -0.1698 -0.8256
v  0.7087 -0.1677 -0.8304
v  0.7183 -0.1576 -0.8420
v  0.7245 -0.1425 -0.8496
v  0.7264 -0.1260 -0.8520
v  0.7264 -0.0450 -0.8520
v  0.7242 -0.0286 -0.8493
v  0.7178 -0.0135 -0.8415
v  0.7086 -0.0036 -0.8303
v  0.6982 -0.0001 -0.8176
v  0.6852 0.0000 -0.8018
v  0.3119 -0.6450 -0.2821
v  0.3119 -0.2600 -0.2821
v  0.3141 -0.6616 -0.2843
v  0.3212 -0.6768 -0.2914
v  0.3319 -0.6868 -0.3022
v  0.3437 -0.6900 -0.3139
v  0.4038 -0.6900 -0.3740
v  0.4194 -0.6856 -0.3896
v  0.4336 -0.6721 -0.4039
v  0.4430 -0.6519 -0.4132
v  0.4459 -0.6300 -0.4161
v  0.4458 -0.3741 -0.4161
v  0.4470 -0.3575 -0.4172
v  0.4504 -0.3408 -0.4206
v  0.4563 -0.3246 -0.4266
v  0.4647 -0.3102 -0.4349
v  0.4749 -0.2986 -0.4451
v  0.4923 -0.2874 -0.4625
v  0.7823 -0.1698 -0.7525
v  0.7867 -0.1677 -0.7569
v  0.7973 -0.1576 -0.7675
v  0.8043 -0.1425 -0.7745
v  0.8064 -0.1260 -0.7767
v  0.8065 -0.0450 -0.7767
v  0.8043 -0.0286 -0.7745
v  0.7970 -0.0135 -0.7673
v  0.7866 -0.0035 -0.7568
v  0.7750 -0.0001 -0.7452
v  0.7605 0.0000 -0.7307
v  0.3380 -0.6450 -0.2502
v  0.3380 -0.2600 -0.2502
v  0.3404 -0.6616 -0.2521
v  0.3482 -0.6768 -0.2585
v  0.3600 -0.6868 -0.2682
v  0.3728 -0.6900 -0.2787
v  0.4385 -0.6897 -0.3326
v  0.4555 -0.6856 -0.3466
v  0.4711 -0.6721 -0.3594
v  0.4813 -0.6519 -0.3678
v  0.4845 -0.6300 -0.3704
v  0.4845 -0.3740 -0.3703
v  0.4857 -0.3576 -0.3713
v  0.4894 -0.3408 -0.3744
v  0.4959 -0.3246 -0.3798
v  0.5050 -0.3102 -0.3872
v  0.5163 -0.2986 -0.3964
v  0.5352 -0.2874 -0.4120
v  0.8523 -0.1698 -0.6722
v  0.8571 -0.1677 -0.6761
v  0.8687 -0.1576 -0.6857
v  0.8763 -0.1425 -0.6919
v  0.8787 -0.1260 -0.6939
v  0.8788 -0.0450 -0.6939
v  0.8764 -0.0286 -0.6920
v  0.8687 -0.0135 -0.6857
v  0.8571 -0.0034 -0.6761
v  0.8443 -0.0001 -0.6657
v  0.8285 0.0000 -0.6527
v  0.3609 -0.6450 -0.2158
v  0.3609 -0.2600 -0.2158
v  0.3635 -0.6616 -0.2175
v  0.3718 -0.6768 -0.2231
v  0.3845 -0.6868 -0.2316
v  0.3983 -0.6900 -0.2408
v  0.4690 -0.6898 -0.2880
v  0.4873 -0.6856 -0.3003
v  0.5041 -0.6721 -0.3115
v  0.5150 -0.6519 -0.3188
v  0.5184 -0.6300 -0.3211
v  0.5184 -0.3740 -0.3211
v  0.5197 -0.3576 -0.3219
v  0.5237 -0.3408 -0.3246
v  0.5308 -0.3246 -0.3293
v  0.5406 -0.3102 -0.3359
v  0.5526 -0.2986 -0.3439
v  0.5730 -0.2874 -0.3576
v  0.9141 -0.1698 -0.5855
v  0.9192 -0.1677 -0.5889
v  0.9318 -0.1576 -0.5973
v  0.9400 -0.1425 -0.6027
v  0.9425 -0.1260 -0.6045
v  0.9426 -0.0450 -0.6045
v  0.9401 -0.0286 -0.6028
v  0.9320 -0.0135 -0.5974
v  0.9192 -0.0033 -0.5889
v  0.9055 -0.0000 -0.5797
v  0.8885 0.0000 -0.5683
v  0.3803 -0.6450 -0.1794
v  0.3803 -0.2600 -0.1794
v  0.3831 -0.6616 -0.1809
v  0.3919 -0.6768 -0.1856
v  0.4054 -0.6868 -0.1928
v  0.4200 -0.6900 -0.2006
v  0.4950 -0.6900 -0.2407
v  0.5144 -0.6856 -0.2511
v  0.5322 -0.6721 -0.2606
v  0.5438 -0.6519 -0.2668
v  0.5474 -0.6300 -0.2687
v  0.5474 -0.3740 -0.2687
v  0.5487 -0.3576 -0.2695
v  0.5530 -0.3408 -0.2717
v  0.5605 -0.3246 -0.2757
v  0.5709 -0.3102 -0.2813
v  0.5837 -0.2986 -0.2881
v  0.6053 -0.2874 -0.2997
v  0.9671 -0.1698 -0.4930
v  0.9725 -0.1677 -0.4960
v  0.9859 -0.1576 -0.5031
v  0.9946 -0.1425 -0.5077
v  0.9973 -0.1260 -0.5092
v  0.9974 -0.0450 -0.5092
v  0.9947 -0.0286 -0.5078
v  0.9861 -0.0135 -0.5032
v  0.9726 -0.0032 -0.4960
v  0.9580 -0.0000 -0.4882
v  0.9399 0.0000 -0.4785
v  0.3961 -0.6450 -0.1413
v  0.3961 -0.2600 -0.1413
v  0.3990 -0.6616 -0.1425
v  0.4082 -0.6768 -0.1463
v  0.4223 -0.6868 -0.1521
v  0.4377 -0.6900 -0.1585
v  0.5162 -0.6900 -0.1910
v  0.5365 -0.6856 -0.1994
v  0.5551 -0.6721 -0.2072
v  0.5673 -0.6519 -0.2122
v  0.5711 -0.6300 -0.2138
v  0.5711 -0.3740 -0.2138
v  0.5725 -0.3576 -0.2144
v  0.5770 -0.3408 -0.2162
v  0.5848 -0.3246 -0.2195
v  0.5957 -0.3102 -0.2240
v  0.6091 -0.2986 -0.2295
v  0.6318 -0.2874 -0.2389
v  1.0108 -0.1698 -0.3959
v  1.0165 -0.1677 -0.3982
v  1.0304 -0.1576 -0.4040
v  1.0396 -0.1425 -0.4078
v  1.0425 -0.1260 -0.4090
v  1.0425 -0.0450 -0.4090
v  1.0397 -0.0286 -0.4078
v  1.0306 -0.0135 -0.4041
v  1.0165 -0.0033 -0.3982
v  1.0012 -0.0000 -0.3919
v  0.9823 0.0000 -0.3841
v  0.4080 -0.6450 -0.1018
v  0.4080 -0.2600 -0.1018
v  0.4110 -0.6616 -0.1027
v  0.4206 -0.6768 -0.1056
v  0.4352 -0.6868 -0.1100
v  0.4511 -0.6900 -0.1148
v  0.5324 -0.6900 -0.1395
v  0.5535 -0.6856 -0.1459
v  0.5728 -0.6721 -0.1517
v  0.5854 -0.6519 -0.1556
v  0.5893 -0.6300 -0.1568
v  0.5893 -0.3740 -0.1568
v  0.5908 -0.3576 -0.1572
v  0.5954 -0.3408 -0.1586
v  0.6035 -0.3246 -0.1611
v  0.6148 -0.3102 -0.1645
v  0.6287 -0.2986 -0.1687
v  0.6522 -0.2874 -0.1758
v  1.0447 -0.1698 -0.2949
v  1.0506 -0.1677 -0.2967
v  1.0651 -0.1576 -0.3011
v  1.0745 -0.1425 -0.3040
v  1.0775 -0.1260 -0.3049
v  1.0776 -0.0450 -0.3049
v  1.0746 -0.0286 -0.3040
v  1.0652 -0.0135 -0.3011
v  1.0506 -0.0033 -0.2967
v  1.0348 -0.0000 -0.2919
v  1.0152 0.0000 -0.2859
v  0.4160 -0.6450 -0.0613
v  0.4160 -0.2600 -0.0613
v  0.4191 -0.6616 -0.0619
v  0.4289 -0.6768 -0.0638
v  0.4439 -0.6868 -0.0668
v  0.4602 -0.6900 -0.0701
v  0.5435 -0.6900 -0.0866
v  0.5651 -0.6856 -0.0909
v  0.5849 -0.6721 -0.0949
v  0.5978 -0.6519 -0.0975
v  0.6019 -0.6300 -0.0983
v  0.6019 -0.3740 -0.0983
v  0.6034 -0.3576 -0.0986
v  0.6081 -0.3408 -0.0995
v  0.6164 -0.3246 -0.1011
v  0.6280 -0.3102 -0.1034
v  0.6422 -0.2986 -0.1063
v  0.6663 -0.2874 -0.1111
v  1.0686 -0.1698 -0.1911
v  1.0747 -0.1677 -0.1923
v  1.0895 -0.1576 -0.1952
v  1.0991 -0.1425 -0.1972
v  1.1022 -0.1260 -0.1978
v  1.1023 -0.0450 -0.1978
v  1.0993 -0.0286 -0.1972
v  1.0896 -0.0135 -0.1953
v  1.0746 -0.0032 -0.1923
v  1.0584 -0.0000 -0.1891
v  1.0383 0.0000 -0.1851
v  0.4200 -0.6450 -0.0202
v  0.4200 -0.2600 -0.0202
v  0.4231 -0.6616 -0.0205
v  0.4331 -0.6768 -0.0215
v  0.4483 -0.6868 -0.0230
v  0.4648 -0.6900 -0.0246
v  0.5494 -0.6900 -0.0329
v  0.5713 -0.6856 -0.0351
v  0.5914 -0.6721 -0.0371
v  0.6045 -0.6519 -0.0384
v  0.6086 -0.6300 -0.0388
v  0.6086 -0.3740 -0.0388
v  0.6102 -0.3576 -0.0389
v  0.6150 -0.3408 -0.0394
v  0.6234 -0.3246 -0.0402
v  0.6351 -0.3102 -0.0414
v  0.6495 -0.2986 -0.0428
v  0.6739 -0.2874 -0.0452
v  1.0823 -0.1698 -0.0854
v  1.0885 -0.1677 -0.0860
v  1.1034 -0.1576 -0.0875
v  1.1131 -0.1425 -0.0884
v  1.1162 -0.1260 -0.0888
v  1.1163 -0.0450 -0.0888
v  1.1132 -0.0286 -0.0885
v  1.0991 -0.0135 -0.0871
v  1.0875 -0.0052 -0.0860
v  1.0718 -0.0004 -0.0844
v  1.0515 0.0000 -0.0824
v  0.4200 -0.6450 0.0211
v  0.4200 -0.2600 0.0211
v  0.4231 -0.6616 0.0211
v  0.4331 -0.6768 0.0211
v  0.4484 -0.6868 0.0211
v  0.4650 -0.6900 0.0211
v  0.5500 -0.6900 0.0211
v  0.5720 -0.6856 0.0211
v  0.5922 -0.6721 0.0211
v  0.6055 -0.6519 0.0211
v  0.6096 -0.6300 0.0210
v  0.6095 -0.3740 0.0210
v  0.6111 -0.3576 0.0210
v  0.6160 -0.3408 0.0211
v  0.6244 -0.3246 0.0211
v  0.6361 -0.3102 0.0211
v  0.6506 -0.2986 0.0211
v  0.6751 -0.2874 0.0211
v  1.0853 -0.1698 0.0211
v  1.0916 -0.1677 0.0211
v  1.1066 -0.1576 0.0211
v  1.1164 -0.1425 0.0211
v  1.1196 -0.1260 0.0211
v  1.1196 -0.0450 0.0211
v  1.1165 -0.0286 0.0211
v  1.1066 -0.0135 0.0211
v  1.0915 -0.0033 0.0211
v  1.0750 -0.0000 0.0211
v  1.0545 0.0000 0.0211
v  0.4159 -0.6450 0.0621
v  0.4159 -0.2600 0.0621
v  0.4190 -0.6616 0.0624
v  0.4290 -0.6768 0.0634
v  0.4441 -0.6868 0.0649
v  0.4607 -0.6900 0.0665
v  0.5453 -0.6900 0.0749
v  0.5672 -0.6856 0.0770
v  0.5873 -0.6721 0.0790
v  0.6004 -0.6519 0.0803
v  0.6046 -0.6300 0.0807
v  0.6046 -0.3740 0.0807
v  0.6061 -0.3576 0.0809
v  0.6109 -0.3408 0.0813
v  0.6193 -0.3247 0.0822
v  0.6310 -0.3103 0.0833
v  0.6454 -0.2986 0.0847
v  0.6698 -0.2874 0.0871
v  1.0781 -0.1698 0.1273
v  1.0844 -0.1677 0.1280
v  1.0993 -0.1576 0.1294
v  1.1090 -0.1425 0.1304
v  1.1121 -0.1260 0.1307
v  1.1121 -0.0450 0.1307
v  1.1090 -0.0286 0.1304
v  1.0993 -0.0135 0.1294
v  1.0842 -0.0034 0.1280
v  1.0677 -0.0000 0.1263
v  1.0473 0.0000 0.1243
v  0.4078 -0.6450 0.1026
v  0.4078 -0.2600 0.1026
v  0.4109 -0.6616 0.1032
v  0.4207 -0.6768 0.1052
v  0.4356 -0.6868 0.1081
v  0.4520 -0.6900 0.1114
v  0.5353 -0.6900 0.1280
v  0.5569 -0.6856 0.1323
v  0.5767 -0.6721 0.1362
v  0.5896 -0.6519 0.1388
v  0.5937 -0.6300 0.1396
v  0.5938 -0.3740 0.1396
v  0.5952 -0.3576 0.1399
v  0.6000 -0.3408 0.1408
v  0.6083 -0.3246 0.1425
v  0.6198 -0.3102 0.1448
v  0.6340 -0.2986 0.1476
v  0.6581 -0.2874 0.1524
v  1.0604 -0.1698 0.2324
v  1.0664 -0.1677 0.2336
v  1.0812 -0.1576 0.2365
v  1.0909 -0.1425 0.2385
v  1.0940 -0.1260 0.2391
v  1.0939 -0.0450 0.2391
v  1.0908 -0.0286 0.2384
v  1.0812 -0.0135 0.2365
v  1.0664 -0.0034 0.2336
v  1.0502 -0.0000 0.2304
v  1.0301 0.0000 0.2264
v  0.3958 -0.6450 0.1421
v  0.3958 -0.2600 0.1421
v  0.3988 -0.6616 0.1430
v  0.4084 -0.6768 0.1459
v  0.4230 -0.6868 0.1503
v  0.4389 -0.6900 0.1551
v  0.5202 -0.6900 0.1798
v  0.5413 -0.6856 0.1862
v  0.5606 -0.6721 0.1921
v  0.5732 -0.6519 0.1959
v  0.5772 -0.6300 0.1971
v  0.5773 -0.3740 0.1971
v  0.5786 -0.3576 0.1975
v  0.5833 -0.3408 0.1989
v  0.5914 -0.3246 0.2014
v  0.6026 -0.3102 0.2048
v  0.6165 -0.2986 0.2090
v  0.6400 -0.2874 0.2161
v  1.0325 -0.1698 0.3352
v  1.0384 -0.1677 0.3370
v  1.0528 -0.1576 0.3414
v  1.0623 -0.1425 0.3443
v  1.0653 -0.1260 0.3452
v  1.0652 -0.0450 0.3451
v  1.0622 -0.0286 0.3442
v  1.0528 -0.0135 0.3414
v  1.0384 -0.0034 0.3370
v  1.0226 -0.0000 0.3322
v  1.0029 0.0000 0.3263
v  0.3800 -0.6450 0.1802
v  0.3800 -0.2600 0.1802
v  0.3828 -0.6616 0.1814
v  0.3921 -0.6768 0.1852
v  0.4062 -0.6868 0.1910
v  0.4215 -0.6900 0.1974
v  0.5001 -0.6900 0.2299
v  0.5204 -0.6856 0.2384
v  0.5391 -0.6721 0.2461
v  0.5512 -0.6519 0.2511
v  0.5551 -0.6300 0.2527
v  0.5552 -0.3740 0.2528
v  0.5565 -0.3576 0.2533
v  0.5610 -0.3408 0.2552
v  0.5688 -0.3246 0.2584
v  0.5796 -0.3102 0.2629
v  0.5930 -0.2986 0.2684
v  0.6157 -0.2874 0.2778
v  0.9947 -0.1698 0.4348
v  1.0004 -0.1677 0.4372
v  1.0143 -0.1576 0.4429
v  1.0234 -0.1425 0.4467
v  1.0263 -0.1260 0.4479
v  1.0262 -0.0450 0.4479
v  1.0233 -0.0286 0.4467
v  1.0142 -0.0135 0.4429
v  1.0003 -0.0034 0.4371
v  0.9851 -0.0000 0.4308
v  0.9661 0.0000 0.4230
v  0.3605 -0.6450 0.2166
v  0.3605 -0.2600 0.2166
v  0.3632 -0.6616 0.2180
v  0.3720 -0.6768 0.2227
v  0.3855 -0.6868 0.2299
v  0.4002 -0.6900 0.2378
v  0.4751 -0.6900 0.2778
v  0.4946 -0.6856 0.2882
v  0.5124 -0.6721 0.2977
v  0.5240 -0.6519 0.3040
v  0.5276 -0.6300 0.3059
v  0.5277 -0.3740 0.3059
v  0.5290 -0.3576 0.3066
v  0.5333 -0.3408 0.3089
v  0.5407 -0.3247 0.3129
v  0.5511 -0.3103 0.3185
v  0.5639 -0.2986 0.3253
v  0.5855 -0.2874 0.3368
v  0.9472 -0.1698 0.5302
v  0.9527 -0.1677 0.5331
v  0.9660 -0.1576 0.5402
v  0.9747 -0.1425 0.5448
v  0.9774 -0.1260 0.5463
v  0.9774 -0.0450 0.5463
v  0.9746 -0.0286 0.5448
v  0.9659 -0.0135 0.5402
v  0.9527 -0.0034 0.5331
v  0.9381 -0.0000 0.5253
v  0.9200 0.0000 0.5157
v  0.3375 -0.6450 0.2509
v  0.3375 -0.2600 0.2509
v  0.3401 -0.6616 0.2526
v  0.3484 -0.6768 0.2581
v  0.3611 -0.6868 0.2666
v  0.3749 -0.6900 0.2759
v  0.4456 -0.6900 0.3231
v  0.4639 -0.6856 0.3353
v  0.4807 -0.6721 0.3465
v  0.4917 -0.6519 0.3539
v  0.4952 -0.6300 0.3562
v  0.4951 -0.3740 0.3562
v  0.4964 -0.3576 0.3570
v  0.5005 -0.3408 0.3597
v  0.5075 -0.3247 0.3644
v  0.5172 -0.3103 0.3709
v  0.5293 -0.2986 0.3790
v  0.5497 -0.2874 0.3926
v  0.8907 -0.1698 0.6205
v  0.8958 -0.1677 0.6239
v  0.9084 -0.1576 0.6323
v  0.9165 -0.1425 0.6377
v  0.9191 -0.1260 0.6394
v  0.9191 -0.0450 0.6394
v  0.9165 -0.0286 0.6377
v  0.9083 -0.0135 0.6323
v  0.8958 -0.0034 0.6239
v  0.8821 -0.0000 0.6147
v  0.8651 0.0000 0.6033
v  0.3113 -0.6450 0.2827
v  0.3113 -0.2600 0.2827
v  0.3137 -0.6616 0.2847
v  0.3214 -0.6768 0.2911
v  0.3332 -0.6868 0.3007
v  0.3461 -0.6900 0.3113
v  0.4118 -0.6900 0.3652
v  0.4288 -0.6856 0.3792
v  0.4444 -0.6721 0.3920
v  0.4547 -0.6519 0.4004
v  0.4579 -0.6300 0.4030
v  0.4578 -0.3740 0.4029
v  0.4590 -0.3576 0.4039
v  0.4628 -0.3408 0.4070
v  0.4693 -0.3246 0.4124
v  0.4784 -0.3102 0.4198
v  0.4896 -0.2986 0.4290
v  0.5085 -0.2874 0.4446
v  0.8256 -0.1698 0.7048
v  0.8304 -0.1677 0.7087
v  0.8420 -0.1576 0.7183
v  0.8496 -0.1425 0.7245
v  0.8520 -0.1260 0.7264
v  0.8520 -0.0450 0.7264
v  0.8496 -0.0286 0.7245
v  0.8420 -0.0135 0.7183
v  0.8304 -0.0034 0.7087
v  0.8176 -0.0000 0.6982
v  0.8018 0.0000 0.6852
v  0.2821 -0.6450 0.3119
v  0.2821 -0.2600 0.3119
v  0.2843 -0.6616 0.3141
v  0.2914 -0.6768 0.3212
v  0.3022 -0.6868 0.3319
v  0.3139 -0.6900 0.3437
v  0.3740 -0.6900 0.4038
v  0.3896 -0.6856 0.4194
v  0.4039 -0.6721 0.4336
v  0.4132 -0.6519 0.4430
v  0.4161 -0.6300 0.4459
v  0.4161 -0.3740 0.4458
v  0.4172 -0.3576 0.4469
v  0.4206 -0.3408 0.4504
v  0.4266 -0.3246 0.4563
v  0.4349 -0.3102 0.4647
v  0.4451 -0.2986 0.4749
v  0.4625 -0.2874 0.4923
v  0.7525 -0.1698 0.7823
v  0.7569 -0.1677 0.7867
v  0.7675 -0.1576 0.7973
v  0.7745 -0.1425 0.8043
v  0.7767 -0.1260 0.8064
v  0.7767 -0.0450 0.8065
v  0.7745 -0.0286 0.8043
v  0.7676 -0.0135 0.7974
v  0.7569 -0.0033 0.7867
v  0.7452 -0.0000 0.7750
v  0.7307 0.0000 0.7605
v  0.2502 -0.6450 0.3380
v  0.2502 -0.2600 0.3380
v  0.2521 -0.6616 0.3404
v  0.2585 -0.6768 0.3482
v  0.2682 -0.6868 0.3600
v  0.2787 -0.6900 0.3728
v  0.3326 -0.6900 0.4385
v  0.3466 -0.6856 0.4555
v  0.3594 -0.6721 0.4711
v  0.3678 -0.6519 0.4813
v  0.3704 -0.6300 0.4845
v  0.3704 -0.3740 0.4844
v  0.3713 -0.3576 0.4856
v  0.3744 -0.3408 0.4894
v  0.3798 -0.3246 0.4959
v  0.3872 -0.3102 0.5050
v  0.3964 -0.2986 0.5163
v  0.4120 -0.2874 0.5352
v  0.6722 -0.1698 0.8523
v  0.6761 -0.1677 0.8571
v  0.6857 -0.1576 0.8687
v  0.6919 -0.1425 0.8763
v  0.6939 -0.1260 0.8787
v  0.6939 -0.0450 0.8788
v  0.6920 -0.0286 0.8764
v  0.6858 -0.0135 0.8688
v  0.6761 -0.0033 0.8571
v  0.6657 -0.0000 0.8443
v  0.6527 0.0000 0.8285
v  0.2158 -0.6450 0.3609
v  0.2158 -0.2600 0.3609
v  0.2175 -0.6616 0.3635
v  0.2231 -0.6768 0.3718
v  0.2316 -0.6868 0.3845
v  0.2408 -0.6900 0.3983
v  0.2880 -0.6898 0.4690
v  0.2985 -0.6856 0.4846
v  0.3115 -0.6721 0.5041
v  0.3188 -0.6519 0.5150
v  0.3211 -0.6300 0.5184
v  0.3211 -0.3740 0.5184
v  0.3219 -0.3576 0.5197
v  0.3246 -0.3408 0.5237
v  0.3293 -0.3246 0.5308
v  0.3359 -0.3102 0.5406
v  0.3439 -0.2986 0.5526
v  0.3576 -0.2874 0.5730
v  0.5855 -0.1698 0.9141
v  0.5889 -0.1677 0.9192
v  0.5973 -0.1576 0.9318
v  0.6027 -0.1425 0.9400
v  0.6045 -0.1260 0.9425
v  0.6045 -0.0450 0.9426
v  0.6028 -0.0286 0.9401
v  0.5974 -0.0135 0.9320
v  0.5889 -0.0033 0.9193
v  0.5797 0.0000 0.9055
v  0.5683 0.0000 0.8885
v  0.1794 -0.6450 0.3803
v  0.1794 -0.2600 0.3803
v  0.1809 -0.6616 0.3831
v  0.1856 -0.6768 0.3919
v  0.1928 -0.6868 0.4054
v  0.2006 -0.6900 0.4200
v  0.2407 -0.6897 0.4949
v  0.2488 -0.6856 0.5101
v  0.2590 -0.6721 0.5291
v  0.2668 -0.6519 0.5438
v  0.2687 -0.6300 0.5474
v  0.2687 -0.3740 0.5474
v  0.2694 -0.3576 0.5487
v  0.2717 -0.3408 0.5530
v  0.2757 -0.3246 0.5605
v  0.2813 -0.3102 0.5709
v  0.2881 -0.2986 0.5837
v  0.2997 -0.2874 0.6053
v  0.4930 -0.1698 0.9671
v  0.4959 -0.1677 0.9725
v  0.5031 -0.1576 0.9859
v  0.5077 -0.1425 0.9946
v  0.5092 -0.1260 0.9973
v  0.5092 -0.0450 0.9974
v  0.5078 -0.0286 0.9947
v  0.5032 -0.0135 0.9861
v  0.4960 -0.0032 0.9726
v  0.4882 -0.0000 0.9580
v  0.4785 -0.0000 0.9399
v  0.1413 -0.6450 0.3961
v  0.1413 -0.2600 0.3961
v  0.1425 -0.6616 0.3990
v  0.1463 -0.6768 0.4082
v  0.1521 -0.6868 0.4223
v  0.1585 -0.6900 0.4377
v  0.1910 -0.6900 0.5162
v  0.1994 -0.6856 0.5365
v  0.2072 -0.6721 0.5551
v  0.2122 -0.6519 0.5673
v  0.2138 -0.6300 0.5711
v  0.2138 -0.3740 0.5711
v  0.2144 -0.3576 0.5725
v  0.2162 -0.3408 0.5770
v  0.2195 -0.3246 0.5848
v  0.2240 -0.3102 0.5957
v  0.2295 -0.2986 0.6091
v  0.2389 -0.2874 0.6318
v  0.3959 -0.1698 1.0108
v  0.3982 -0.1677 1.0165
v  0.4040 -0.1576 1.0304
v  0.4078 -0.1425 1.0396
v  0.4090 -0.1260 1.0425
v  0.4090 -0.0450 1.0425
v  0.4078 -0.0286 1.0397
v  0.4041 -0.0135 1.0306
v  0.3982 -0.0033 1.0165
v  0.3919 -0.0000 1.0012
v  0.3841 0.0000 0.9823
v  0.1018 -0.6450 0.4080
v  0.1018 -0.2600 0.4080
v  0.1027 -0.6616 0.4110
v  0.1056 -0.6768 0.4206
v  0.1100 -0.6868 0.4352
v  0.1148 -0.6900 0.4511
v  0.1395 -0.6900 0.5324
v  0.1459 -0.6856 0.5535
v  0.1517 -0.6721 0.5728
v  0.1556 -0.6519 0.5854
v  0.1568 -0.6300 0.5893
v  0.1568 -0.3740 0.5893
v  0.1572 -0.3576 0.5908
v  0.1586 -0.3408 0.5954
v  0.1611 -0.3246 0.6035
v  0.1645 -0.3102 0.6148
v  0.1687 -0.2986 0.6287
v  0.1758 -0.2874 0.6522
v  0.2949 -0.1698 1.0447
v  0.2967 -0.1677 1.0506
v  0.3011 -0.1576 1.0651
v  0.3040 -0.1425 1.0746
v  0.3049 -0.1260 1.0775
v  0.3049 -0.0451 1.0776
v  0.3040 -0.0286 1.0746
v  0.3011 -0.0135 1.0652
v  0.2967 -0.0033 1.0506
v  0.2919 -0.0000 1.0348
v  0.2859 0.0000 1.0152
v  0.0613 -0.6450 0.4160
v  0.0613 -0.2600 0.4160
v  0.0619 -0.6616 0.4191
v  0.0638 -0.6768 0.4289
v  0.0668 -0.6868 0.4439
v  0.0693 -0.6906 0.4600
v  0.0866 -0.6900 0.5435
v  0.0909 -0.6856 0.5651
v  0.0949 -0.6721 0.5849
v  0.0975 -0.6519 0.5978
v  0.0983 -0.6300 0.6019
v  0.0983 -0.3740 0.6019
v  0.0986 -0.3576 0.6034
v  0.0995 -0.3408 0.6081
v  0.1011 -0.3246 0.6164
v  0.1034 -0.3102 0.6280
v  0.1063 -0.2986 0.6422
v  0.1111 -0.2874 0.6663
v  0.1911 -0.1698 1.0686
v  0.1923 -0.1677 1.0747
v  0.1952 -0.1576 1.0895
v  0.1971 -0.1425 1.0991
v  0.1978 -0.1260 1.1022
v  0.1978 -0.0451 1.1023
v  0.1972 -0.0286 1.0993
v  0.1953 -0.0135 1.0897
v  0.1923 -0.0032 1.0746
v  0.1891 -0.0000 1.0584
v  0.1851 0.0000 1.0383
v  0.0202 -0.6450 0.4200
v  0.0202 -0.2600 0.4200
v  0.0205 -0.6616 0.4231
v  0.0215 -0.6768 0.4331
v  0.0230 -0.6868 0.4483
v  0.0246 -0.6900 0.4648
v  0.0329 -0.6900 0.5494
v  0.0351 -0.6856 0.5713
v  0.0371 -0.6721 0.5914
v  0.0384 -0.6519 0.6045
v  0.0388 -0.6300 0.6087
v  0.0388 -0.3740 0.6086
v  0.0389 -0.3576 0.6102
v  0.0394 -0.3408 0.6150
v  0.0402 -0.3246 0.6234
v  0.0414 -0.3102 0.6351
v  0.0428 -0.2986 0.6495
v  0.0452 -0.2874 0.6739
v  0.0854 -0.1698 1.0823
v  0.0860 -0.1677 1.0885
v  0.0875 -0.1576 1.1034
v  0.0884 -0.1425 1.1131
v  0.0888 -0.1260 1.1162
v  0.0888 -0.0451 1.1163
v  0.0885 -0.0286 1.1132
v  0.0875 -0.0135 1.1035
v  0.0860 -0.0033 1.0884
v  0.0844 -0.0000 1.0719
v  0.0824 0.0000 1.0515
v  -0.0000 -0.2600 0.0000
v  0.0261 -0.5627 -0.5685
v  -0.0012 -0.5684 -0.5686
v  0.0619 -0.5248 -0.5684
v  0.0474 -0.5465 -0.5684
v  0.0665 -0.4996 -0.5684
v  0.0613 -0.4740 -0.5685
v  0.0474 -0.4524 -0.5687
v  0.0260 -0.4369 -0.5689
v  -0.0012 -0.4315 -0.5690
v  -0.0279 -0.4375 -0.5691
v  -0.0484 -0.4533 -0.5691
v  -0.0612 -0.4738 -0.5691
v  -0.0672 -0.4996 -0.5690
v  -0.0615 -0.5256 -0.5689
v  -0.0495 -0.5458 -0.5688
v  -0.0284 -0.5623 -0.5687
v  0.0419 -0.6011 -0.6085
v  0.0739 -0.5744 -0.6055
v  0.0000 -0.6094 -0.6099
v  0.1005 -0.5000 -0.6010
v  0.0940 -0.4598 -0.6027
v  0.0946 -0.5393 -0.6026
v  -0.0419 -0.6013 -0.6084
v  -0.1002 -0.5000 -0.6007
v  -0.0927 -0.5418 -0.6024
v  -0.0931 -0.4583 -0.6026
v  -0.0748 -0.5748 -0.6054
v  -0.0800 -0.5782 -0.6046
v  -0.0730 -0.4252 -0.6052
v  -0.0411 -0.3998 -0.6086
v  0.0000 -0.3906 -0.6099
v  0.0414 -0.3999 -0.6087
v  0.0741 -0.4246 -0.6055
v  -0.0441 -0.6068 -0.6076
v  0.0000 -0.6156 -0.6099
v  0.0442 -0.6068 -0.6078
v  0.0782 -0.5788 -0.6049
v  0.1007 -0.5419 -0.6016
v  0.1072 -0.5000 -0.6005
v  0.1002 -0.4572 -0.6017
v  0.0783 -0.4203 -0.6049
v  0.0437 -0.3941 -0.6079
v  0.0000 -0.3844 -0.6100
v  -0.0434 -0.3941 -0.6084
v  -0.0775 -0.4207 -0.6049
v  -0.0990 -0.4558 -0.6019
v  -0.1067 -0.5000 -0.6006
v  -0.0986 -0.5442 -0.6019
v  -0.0807 -0.5020 0.6046
v  -0.0211 -0.5020 0.6096
v  -0.1396 -0.5020 0.5938
v  -0.1971 -0.5020 0.5772
v  -0.2527 -0.5021 0.5551
v  -0.3059 -0.5021 0.5277
v  -0.3562 -0.5021 0.4952
v  -0.4030 -0.5021 0.4578
v  -0.4459 -0.5020 0.4161
v  -0.4845 -0.5020 0.3704
v  -0.5185 -0.5020 0.3211
v  -0.5475 -0.5020 0.2688
v  -0.5712 -0.5020 0.2138
v  -0.5894 -0.5020 0.1568
v  -0.6019 -0.5020 0.0983
v  -0.6087 -0.5020 0.0388
v  -0.6096 -0.5020 -0.0210
v  -0.6046 -0.5020 -0.0807
v  -0.5938 -0.5020 -0.1396
v  -0.5772 -0.5020 -0.1971
v  -0.5551 -0.5020 -0.2527
v  -0.5277 -0.5020 -0.3059
v  -0.4952 -0.5020 -0.3562
v  -0.4578 -0.5020 -0.4030
v  -0.4161 -0.5020 -0.4459
v  -0.3704 -0.5020 -0.4845
v  -0.3211 -0.5020 -0.5185
v  -0.2688 -0.5020 -0.5475
v  -0.2138 -0.5020 -0.5712
v  -0.1568 -0.5020 -0.5894
v  0.1971 -0.5020 -0.5772
v  0.1396 -0.5020 -0.5938
v  0.2527 -0.5020 -0.5551
v  0.3060 -0.5020 -0.5277
v  0.3562 -0.5020 -0.4952
v  0.4030 -0.5020 -0.4578
v  0.4459 -0.5020 -0.4161
v  0.4845 -0.5020 -0.3704
v  0.5185 -0.5020 -0.3211
v  0.5475 -0.5020 -0.2688
v  0.5712 -0.5020 -0.2138
v  0.5894 -0.5020 -0.1568
v  0.6019 -0.5020 -0.0983
v  0.6087 -0.5020 -0.0388
v  0.6096 -0.5020 0.0210
v  0.6046 -0.5020 0.0807
v  0.5938 -0.5020 0.1396
v  0.5772 -0.5020 0.1971
v  0.5551 -0.5020 0.2527
v  0.5277 -0.5020 0.3059
v  0.4952 -0.5020 0.3562
v  0.4578 -0.5020 0.4030
v  0.4161 -0.5020 0.4459
v  0.3704 -0.5020 0.4845
v  0.3211 -0.5020 0.5185
v  0.2688 -0.5020 0.5475
v  0.2138 -0.5020 0.5712
v  0.1568 -0.5020 0.5894
v  0.0900 -0.5020 0.6032
v  0.0388 -0.5020 0.6087
v  -0.0807 -0.6240 0.6046
v  -0.0210 -0.6240 0.6096
v  0.0388 -0.6240 0.6087
v  0.0983 -0.6240 0.6019
v  0.1568 -0.6240 0.5893
v  0.2138 -0.6240 0.5711
v  0.2687 -0.6240 0.5474
v  0.3211 -0.6240 0.5184
v  0.3704 -0.6240 0.4845
v  0.4161 -0.6240 0.4459
v  0.4579 -0.6241 0.4030
v  0.4952 -0.6240 0.3562
v  0.5277 -0.6242 0.3059
v  0.5551 -0.6241 0.2527
v  0.5772 -0.6240 0.1971
v  0.5937 -0.6240 0.1396
v  0.6046 -0.6241 0.0807
v  0.6096 -0.6240 0.0211
v  0.6087 -0.6241 -0.0388
v  0.6019 -0.6240 -0.0983
v  0.5893 -0.6240 -0.1568
v  0.5711 -0.6240 -0.2138
v  0.5474 -0.6238 -0.2687
v  0.5184 -0.6240 -0.3211
v  0.4845 -0.6240 -0.3704
v  0.4459 -0.6240 -0.4161
v  0.4030 -0.6240 -0.4579
v  0.3562 -0.6240 -0.4952
v  0.3059 -0.6240 -0.5276
v  0.2527 -0.6240 -0.5551
v  0.1971 -0.6240 -0.5772
v  0.1971 -0.3801 -0.5772
v  0.2528 -0.3800 -0.5552
v  0.3059 -0.3801 -0.5277
v  0.3562 -0.3801 -0.4951
v  0.4029 -0.3801 -0.4578
v  0.4458 -0.3801 -0.4161
v  0.4845 -0.3801 -0.3703
v  0.5184 -0.3801 -0.3211
v  0.5474 -0.3801 -0.2687
v  0.5711 -0.3801 -0.2138
v  0.5893 -0.3801 -0.1568
v  0.6019 -0.3801 -0.0983
v  0.6086 -0.3801 -0.0388
v  0.6095 -0.3801 0.0210
v  0.6046 -0.3801 0.0807
v  0.5938 -0.3801 0.1396
v  0.5773 -0.3801 0.1971
v  0.5552 -0.3801 0.2528
v  0.5277 -0.3801 0.3059
v  0.4951 -0.3801 0.3562
v  0.4578 -0.3801 0.4029
v  0.4161 -0.3801 0.4458
v  0.3704 -0.3800 0.4844
v  0.3211 -0.3801 0.5184
v  0.2687 -0.3800 0.5474
v  0.2138 -0.3801 0.5711
v  0.1568 -0.3801 0.5893
v  0.0983 -0.3800 0.6019
v  0.0388 -0.3801 0.6086
v  -0.0211 -0.3800 0.6095
v  -0.0807 -0.3801 0.6046
v  -0.1396 -0.3801 0.5938
v  -0.1971 -0.3801 0.5773
v  -0.2527 -0.3801 0.5552
v  -0.3059 -0.3801 0.5277
v  -0.3561 -0.3801 0.4951
v  -0.4029 -0.3801 0.4578
v  -0.4459 -0.3801 0.4160
v  -0.4844 -0.3801 0.3704
v  -0.5184 -0.3801 0.3211
v  -0.5474 -0.3801 0.2687
v  -0.5711 -0.3801 0.2138
v  -0.5893 -0.3801 0.1568
v  -0.6019 -0.3801 0.0983
v  -0.6086 -0.3801 0.0388
v  -0.6095 -0.3801 -0.0210
v  -0.6046 -0.3801 -0.0807
v  -0.5938 -0.3801 -0.1396
v  -0.5773 -0.3801 -0.1971
v  -0.5552 -0.3801 -0.2528
v  -0.5277 -0.3801 -0.3059
v  -0.4951 -0.3801 -0.3562
v  -0.4578 -0.3801 -0.4029
v  -0.4161 -0.3801 -0.4458
v  -0.3704 -0.3801 -0.4844
v  -0.3211 -0.3801 -0.5184
v  -0.2687 -0.3801 -0.5474
v  -0.2138 -0.3801 -0.5711
v  -0.2138 -0.6240 -0.5711
v  -0.2687 -0.6240 -0.5474
v  -0.3211 -0.6240 -0.5184
v  -0.3704 -0.6240 -0.4845
v  -0.4161 -0.6240 -0.4459
v  -0.4579 -0.6240 -0.4030
v  -0.4952 -0.6240 -0.3562
v  -0.5277 -0.6240 -0.3059
v  -0.5551 -0.6240 -0.2527
v  -0.5772 -0.6240 -0.1971
v  -0.5937 -0.6240 -0.1396
v  -0.6046 -0.6240 -0.0807
v  -0.6096 -0.6240 -0.0210
v  -0.6087 -0.6240 0.0388
v  -0.6019 -0.6240 0.0983
v  -0.5893 -0.6240 0.1568
v  -0.5711 -0.6240 0.2138
v  -0.5474 -0.6240 0.2687
v  -0.5184 -0.6240 0.3211
v  -0.4845 -0.6240 0.3704
v  -0.4459 -0.6240 0.4161
v  -0.4030 -0.6240 0.4579
v  -0.3562 -0.6240 0.4952
v  -0.3059 -0.6240 0.5277
v  -0.2527 -0.6240 0.5551
v  -0.1971 -0.6240 0.5772
v  -0.1396 -0.6240 0.5937
v  -0.0983 -0.3801 -0.6019
v  -0.0388 -0.3799 -0.6086
v  0.0211 -0.3800 -0.6096
v  0.0808 -0.3801 -0.6051
v  0.1396 -0.3802 -0.5938
v  0.1395 -0.6241 -0.5937
v  0.0807 -0.6240 -0.6046
v  0.0211 -0.6240 -0.6096
v  -0.0388 -0.6241 -0.6086
v  -0.0983 -0.6240 -0.6019
v  -0.1570 -0.6244 -0.5893
v  -0.1569 -0.3801 -0.5893
v  -0.1569 -0.6300 -0.5893
v  0.1396 -0.3740 -0.5938
v  0.1399 -0.3576 -0.5952
v  -0.0879 -0.2858 0.6755
v  -0.0212 -0.2858 0.6809
v  0.0456 -0.2858 0.6797
v  0.1120 -0.2858 0.6720
v  0.1773 -0.2858 0.6577
v  0.2409 -0.2858 0.6372
v  0.3022 -0.2858 0.6105
v  0.3606 -0.2858 0.5779
v  0.4155 -0.2858 0.5398
v  0.4664 -0.2858 0.4965
v  0.5129 -0.2858 0.4484
v  0.5543 -0.2858 0.3960
v  0.5905 -0.2858 0.3397
v  0.6209 -0.2858 0.2802
v  0.6454 -0.2858 0.2180
v  0.6637 -0.2858 0.1537
v  0.6755 -0.2858 0.0879
v  0.6809 -0.2858 0.0212
v  0.6797 -0.2858 -0.0456
v  0.6720 -0.2858 -0.1120
v  0.6577 -0.2858 -0.1773
v  0.6372 -0.2858 -0.2409
v  0.6105 -0.2858 -0.3022
v  0.5779 -0.2858 -0.3606
v  0.5398 -0.2858 -0.4155
v  0.4965 -0.2858 -0.4664
v  0.4484 -0.2858 -0.5129
v  0.3960 -0.2858 -0.5543
v  0.3397 -0.2858 -0.5905
v  0.2802 -0.2858 -0.6209
v  0.2180 -0.2858 -0.6454
v  0.1537 -0.2858 -0.6637
v  0.0879 -0.2858 -0.6755
v  0.0212 -0.2858 -0.6809
v  -0.0456 -0.2858 -0.6797
v  -0.1120 -0.2858 -0.6720
v  -0.1773 -0.2858 -0.6577
v  -0.2409 -0.2858 -0.6372
v  -0.3022 -0.2858 -0.6105
v  -0.3606 -0.2858 -0.5779
v  -0.4155 -0.2858 -0.5398
v  -0.4661 -0.2858 -0.4961
v  -0.5129 -0.2858 -0.4484
v  -0.5538 -0.2858 -0.3955
v  -0.5905 -0.2858 -0.3397
v  -0.6209 -0.2858 -0.2802
v  -0.6454 -0.2858 -0.2180
v  -0.6637 -0.2858 -0.1537
v  -0.6736 -0.2858 -0.0876
v  -0.6793 -0.2858 -0.0212
v  -0.6793 -0.2858 0.0456
v  -0.6716 -0.2858 0.1119
v  -0.6577 -0.2858 0.1773
v  -0.6372 -0.2858 0.2409
v  -0.6105 -0.2858 0.3022
v  -0.5779 -0.2858 0.3606
v  -0.5398 -0.2858 0.4155
v  -0.4965 -0.2858 0.4664
v  -0.4484 -0.2858 0.5129
v  -0.3960 -0.2858 0.5543
v  -0.3397 -0.2858 0.5905
v  -0.2802 -0.2858 0.6209
v  -0.2180 -0.2858 0.6454
v  -0.1537 -0.2858 0.6637
v  -0.0210 -0.1715 1.0796
v  -0.1267 -0.1715 1.0723
v  -0.2312 -0.1715 1.0547
v  -0.3334 -0.1715 1.0270
v  -0.4325 -0.1715 0.9894
v  -0.5274 -0.1715 0.9422
v  -0.6172 -0.1715 0.8860
v  -0.7011 -0.1715 0.8212
v  -0.7782 -0.1715 0.7485
v  -0.8478 -0.1715 0.6687
v  -0.9093 -0.1715 0.5823
v  -0.9620 -0.1715 0.4904
v  -1.0054 -0.1715 0.3938
v  -1.0392 -0.1715 0.2933
v  -1.0629 -0.1715 0.1901
v  -1.0764 -0.1715 0.0850
v  -1.0796 -0.1715 -0.0210
v  -1.0723 -0.1715 -0.1267
v  -1.0547 -0.1715 -0.2312
v  -1.0269 -0.1715 -0.3334
v  -0.9893 -0.1715 -0.4325
v  -0.9421 -0.1715 -0.5273
v  -0.8860 -0.1715 -0.6172
v  -0.8212 -0.1715 -0.7011
v  -0.7485 -0.1715 -0.7782
v  -0.6687 -0.1715 -0.8478
v  -0.5824 -0.1715 -0.9093
v  -0.4904 -0.1715 -0.9620
v  -0.3938 -0.1715 -1.0054
v  -0.2933 -0.1715 -1.0392
v  -0.1901 -0.1715 -1.0629
v  -0.0850 -0.1715 -1.0764
v  0.0210 -0.1715 -1.0796
v  0.1267 -0.1715 -1.0723
v  0.2312 -0.1715 -1.0547
v  0.3334 -0.1715 -1.0270
v  0.4325 -0.1715 -0.9894
v  0.5274 -0.1715 -0.9422
v  0.6172 -0.1715 -0.8860
v  0.7011 -0.1715 -0.8212
v  0.7782 -0.1715 -0.7485
v  0.8478 -0.1715 -0.6687
v  0.9093 -0.1715 -0.5823
v  0.9620 -0.1715 -0.4904
v  1.0054 -0.1715 -0.3938
v  1.0392 -0.1715 -0.2933
v  1.0629 -0.1715 -0.1901
v  1.0764 -0.1715 -0.0850
v  1.0796 -0.1715 0.0210
v  1.0723 -0.1715 0.1267
v  1.0547 -0.1715 0.2312
v  1.0270 -0.1715 0.3334
v  0.9894 -0.1715 0.4325
v  0.9422 -0.1715 0.5274
v  0.8860 -0.1715 0.6172
v  0.8212 -0.1715 0.7011
v  0.7485 -0.1715 0.7782
v  0.6687 -0.1715 0.8478
v  0.5823 -0.1715 0.9093
v  0.4904 -0.1715 0.9620
v  0.3938 -0.1715 1.0054
v  0.2933 -0.1715 1.0392
v  0.1901 -0.1715 1.0629
v  0.0850 -0.1715 1.0764
v  0.0279 -0.5665 -0.5728
v  0.0506 -0.5494 -0.5726
v  0.0660 -0.5264 -0.5726
v  0.0714 -0.4996 -0.5720
v  0.0659 -0.4722 -0.5721
v  0.0506 -0.4494 -0.5729
v  0.0277 -0.4329 -0.5731
v  -0.0012 -0.4273 -0.5733
v  -0.0297 -0.4336 -0.5734
v  -0.0516 -0.4504 -0.5734
v  -0.0652 -0.4722 -0.5733
v  -0.0715 -0.4996 -0.5733
v  -0.0655 -0.5272 -0.5731
v  -0.0527 -0.5487 -0.5731
v  -0.0302 -0.5662 -0.5731
v  -0.0012 -0.5726 -0.5729
v  0.0703 -0.5719 -0.6012
v  0.0395 -0.5965 -0.6049
v  -0.0000 -0.6050 -0.6055
v  -0.0396 -0.5967 -0.6051
v  -0.0709 -0.5719 -0.6016
v  -0.0884 -0.5406 -0.5980
v  -0.0957 -0.5000 -0.5962
v  -0.0887 -0.4596 -0.5981
v  -0.0695 -0.4278 -0.6007
v  -0.0390 -0.4037 -0.6045
v  0.0000 -0.3950 -0.6055
v  0.0396 -0.4035 -0.6049
v  0.0707 -0.4272 -0.6020
v  0.0894 -0.4611 -0.5981
v  0.0959 -0.5000 -0.5964
v  0.0899 -0.5380 -0.5982
v  -0.0006 -0.4997 -0.5688
v  -0.3745 -7.3897 -1.8794
v  -0.3745 -7.3508 -1.8405
v  -0.3745 -7.3120 -1.8017
v  -0.3745 -7.2731 -1.7628
v  -0.0033 -7.1732 -1.5752
v  -0.0806 -0.6411 0.6034
v  -0.0210 -0.6411 0.6084
v  -0.1393 -0.6411 0.5925
v  -0.1967 -0.6411 0.5760
v  -0.2522 -0.6411 0.5540
v  -0.3053 -0.6411 0.5266
v  -0.3555 -0.6411 0.4942
v  -0.4022 -0.6411 0.4569
v  -0.4450 -0.6411 0.4153
v  -0.4835 -0.6411 0.3696
v  -0.5174 -0.6411 0.3204
v  -0.5463 -0.6411 0.2682
v  -0.5700 -0.6411 0.2133
v  -0.5882 -0.6411 0.1564
v  -0.6007 -0.6411 0.0980
v  -0.6074 -0.6411 0.0387
v  -0.6084 -0.6411 -0.0210
v  -0.6034 -0.6411 -0.0806
v  -0.5925 -0.6411 -0.1393
v  -0.5760 -0.6411 -0.1967
v  -0.5540 -0.6411 -0.2522
v  -0.5266 -0.6411 -0.3053
v  -0.4942 -0.6411 -0.3555
v  -0.4569 -0.6411 -0.4022
v  -0.4153 -0.6411 -0.4450
v  -0.3696 -0.6411 -0.4835
v  -0.3204 -0.6411 -0.5174
v  -0.2682 -0.6411 -0.5463
v  -0.2133 -0.6411 -0.5700
v  -0.1565 -0.6411 -0.5881
v  -0.0980 -0.6411 -0.6007
v  -0.0387 -0.6411 -0.6075
v  0.0210 -0.6411 -0.6084
v  0.0806 -0.6411 -0.6034
v  0.1967 -0.6411 -0.5760
v  0.2522 -0.6411 -0.5539
v  0.3053 -0.6411 -0.5266
v  0.3555 -0.6411 -0.4942
v  0.4022 -0.6411 -0.4569
v  0.4450 -0.6411 -0.4153
v  0.4836 -0.6411 -0.3696
v  0.5174 -0.6411 -0.3204
v  0.5463 -0.6411 -0.2682
v  0.5700 -0.6411 -0.2133
v  0.5882 -0.6411 -0.1564
v  0.6007 -0.6411 -0.0980
v  0.6074 -0.6411 -0.0387
v  0.6084 -0.6411 0.0210
v  0.6034 -0.6411 0.0806
v  0.5925 -0.6411 0.1393
v  0.5760 -0.6411 0.1967
v  0.5539 -0.6411 0.2522
v  0.5266 -0.6411 0.3053
v  0.4942 -0.6411 0.3555
v  0.4569 -0.6411 0.4022
v  0.4153 -0.6411 0.4450
v  0.3696 -0.6411 0.4836
v  0.3204 -0.6411 0.5174
v  0.2683 -0.6411 0.5465
v  0.2133 -0.6411 0.5700
v  0.1564 -0.6411 0.5882
v  0.0980 -0.6411 0.6007
v  0.0387 -0.6411 0.6074
v  0.1393 -0.6411 -0.5925
v  -0.0798 -0.6629 0.5950
v  -0.0211 -0.6629 0.6000
v  -0.1377 -0.6629 0.5843
v  -0.1943 -0.6629 0.5680
v  -0.2490 -0.6629 0.5462
v  -0.3014 -0.6629 0.5192
v  -0.3509 -0.6629 0.4872
v  -0.3969 -0.6629 0.4504
v  -0.4391 -0.6629 0.4093
v  -0.4771 -0.6629 0.3643
v  -0.5105 -0.6629 0.3158
v  -0.5390 -0.6629 0.2642
v  -0.5623 -0.6629 0.2101
v  -0.5802 -0.6629 0.1540
v  -0.5925 -0.6629 0.0964
v  -0.5991 -0.6629 0.0378
v  -0.6000 -0.6629 -0.0211
v  -0.5950 -0.6629 -0.0798
v  -0.5843 -0.6629 -0.1377
v  -0.5680 -0.6629 -0.1943
v  -0.5462 -0.6629 -0.2490
v  -0.5192 -0.6629 -0.3014
v  -0.4872 -0.6629 -0.3509
v  -0.4504 -0.6629 -0.3969
v  -0.4093 -0.6629 -0.4391
v  -0.3643 -0.6629 -0.4771
v  -0.3158 -0.6629 -0.5105
v  -0.2642 -0.6629 -0.5390
v  -0.2101 -0.6629 -0.5623
v  -0.0964 -0.6629 -0.5925
v  -0.0378 -0.6629 -0.5991
v  0.0211 -0.6629 -0.6000
v  0.0798 -0.6629 -0.5950
v  0.1377 -0.6629 -0.5843
v  0.1943 -0.6629 -0.5680
v  0.2491 -0.6629 -0.5462
v  0.3014 -0.6629 -0.5192
v  0.3509 -0.6629 -0.4872
v  0.3969 -0.6629 -0.4505
v  0.4391 -0.6629 -0.4093
v  0.4771 -0.6629 -0.3643
v  0.5105 -0.6629 -0.3158
v  0.5390 -0.6629 -0.2642
v  0.5623 -0.6629 -0.2101
v  0.5802 -0.6629 -0.1540
v  0.5925 -0.6629 -0.0964
v  0.5991 -0.6629 -0.0378
v  0.6000 -0.6629 0.0211
v  0.5950 -0.6629 0.0798
v  0.5843 -0.6629 0.1377
v  0.5680 -0.6629 0.1943
v  0.5462 -0.6629 0.2490
v  0.5192 -0.6629 0.3014
v  0.4872 -0.6629 0.3509
v  0.4504 -0.6629 0.3969
v  0.4093 -0.6629 0.4391
v  0.3643 -0.6629 0.4771
v  0.3158 -0.6629 0.5106
v  0.2635 -0.6629 0.5376
v  0.2101 -0.6629 0.5623
v  0.1540 -0.6629 0.5802
v  0.0964 -0.6629 0.5925
v  0.0378 -0.6629 0.5991
v  -0.1540 -0.6629 -0.5802
v  -0.0781 -0.6801 0.5780
v  -0.0211 -0.6801 0.5829
v  -0.1344 -0.6801 0.5675
v  -0.1893 -0.6801 0.5516
v  -0.2425 -0.6801 0.5304
v  -0.2933 -0.6801 0.5041
v  -0.3413 -0.6801 0.4729
v  -0.3860 -0.6801 0.4372
v  -0.4270 -0.6801 0.3972
v  -0.4639 -0.6801 0.3534
v  -0.4963 -0.6801 0.3063
v  -0.5239 -0.6801 0.2562
v  -0.5465 -0.6801 0.2036
v  -0.5638 -0.6801 0.1490
v  -0.5757 -0.6801 0.0930
v  -0.5821 -0.6801 0.0362
v  -0.5829 -0.6801 -0.0211
v  -0.5780 -0.6801 -0.0781
v  -0.5675 -0.6801 -0.1344
v  -0.5516 -0.6801 -0.1893
v  -0.5304 -0.6801 -0.2425
v  -0.5041 -0.6801 -0.2933
v  -0.4729 -0.6801 -0.3413
v  -0.4372 -0.6801 -0.3860
v  -0.3972 -0.6801 -0.4270
v  -0.3535 -0.6801 -0.4639
v  -0.3063 -0.6801 -0.4963
v  -0.2562 -0.6801 -0.5239
v  -0.2036 -0.6801 -0.5465
v  -0.1490 -0.6801 -0.5638
v  -0.0930 -0.6801 -0.5757
v  -0.0362 -0.6801 -0.5821
v  0.0211 -0.6801 -0.5829
v  0.0781 -0.6801 -0.5779
v  0.1344 -0.6801 -0.5677
v  0.1893 -0.6801 -0.5516
v  0.2425 -0.6801 -0.5304
v  0.2933 -0.6801 -0.5041
v  0.3413 -0.6801 -0.4729
v  0.3860 -0.6801 -0.4372
v  0.4270 -0.6801 -0.3972
v  0.4639 -0.6801 -0.3535
v  0.4963 -0.6801 -0.3063
v  0.5239 -0.6801 -0.2562
v  0.5465 -0.6801 -0.2036
v  0.5638 -0.6801 -0.1490
v  0.5757 -0.6801 -0.0930
v  0.5821 -0.6801 -0.0362
v  0.5829 -0.6801 0.0211
v  0.5780 -0.6801 0.0781
v  0.5675 -0.6801 0.1344
v  0.5516 -0.6801 0.1893
v  0.5304 -0.6801 0.2425
v  0.5041 -0.6801 0.2933
v  0.4729 -0.6801 0.3413
v  0.4372 -0.6801 0.3860
v  0.3972 -0.6801 0.4270
v  0.3535 -0.6801 0.4639
v  0.3054 -0.6801 0.4950
v  0.2540 -0.6801 0.5198
v  0.2036 -0.6801 0.5465
v  0.1490 -0.6801 0.5638
v  0.0930 -0.6801 0.5757
v  0.0362 -0.6801 0.5821
v  0.2856 -7.4347 -1.9559
v  0.2856 -7.4305 -1.9517
v  0.2913 -7.4335 -1.9571
v  0.2779 -7.4176 -1.9738
v  0.2835 -7.4160 -1.9753
v  0.2779 -7.4133 -1.9695
v  0.2950 -7.4597 -1.9317
v  0.2950 -7.4554 -1.9274
v  0.3010 -7.4590 -1.9323
v  0.3004 -7.5008 -1.8905
v  0.3004 -7.4966 -1.8862
v  0.3064 -7.5009 -1.8904
v  0.2950 -7.5420 -1.8493
v  0.2950 -7.5377 -1.8451
v  0.3009 -7.5429 -1.8484
v  0.2779 -7.5841 -1.8072
v  0.2779 -7.5798 -1.8030
v  0.2834 -7.5858 -1.8055
v  0.2482 -7.6246 -1.7667
v  0.2482 -7.6204 -1.7625
v  0.2531 -7.6271 -1.7642
v  0.2067 -7.6608 -1.7305
v  0.2067 -7.6565 -1.7263
v  0.2107 -7.6639 -1.7274
v  0.1555 -7.6902 -1.7011
v  0.1555 -7.6859 -1.6969
v  0.1585 -7.6938 -1.6975
v  0.0995 -7.7109 -1.6804
v  0.0995 -7.7067 -1.6762
v  0.1014 -7.7149 -1.6764
v  0.0387 -7.7233 -1.6680
v  0.0387 -7.7190 -1.6638
v  0.0394 -7.7275 -1.6638
v  -0.0195 -7.7270 -1.6643
v  -0.0195 -7.7228 -1.6600
v  -0.0198 -7.7313 -1.6600
v  -0.0778 -7.7233 -1.6680
v  -0.0778 -7.7190 -1.6638
v  -0.0791 -7.7274 -1.6639
v  -0.1373 -7.7112 -1.6802
v  -0.1373 -7.7069 -1.6759
v  -0.1397 -7.7150 -1.6763
v  -0.1946 -7.6902 -1.7011
v  -0.1946 -7.6859 -1.6969
v  -0.1980 -7.6937 -1.6977
v  -0.2458 -7.6608 -1.7305
v  -0.2458 -7.6565 -1.7263
v  -0.2501 -7.6637 -1.7276
v  -0.2873 -7.6246 -1.7667
v  -0.2873 -7.6204 -1.7625
v  -0.2924 -7.6269 -1.7644
v  -0.3170 -7.5841 -1.8072
v  -0.3170 -7.5798 -1.8030
v  -0.3226 -7.5857 -1.8056
v  -0.3341 -7.5420 -1.8493
v  -0.3341 -7.5377 -1.8451
v  -0.3400 -7.5428 -1.8485
v  -0.3395 -7.5008 -1.8905
v  -0.3395 -7.4966 -1.8862
v  -0.3455 -7.5009 -1.8904
v  -0.3341 -7.4597 -1.9317
v  -0.3341 -7.4554 -1.9274
v  -0.3401 -7.4590 -1.9323
v  -0.3170 -7.4176 -1.9738
v  -0.3170 -7.4133 -1.9695
v  -0.3227 -7.4162 -1.9752
v  -0.2873 -7.3770 -2.0143
v  -0.2873 -7.3728 -2.0100
v  -0.2925 -7.3749 -2.0164
v  -0.2458 -7.3409 -2.0505
v  -0.2458 -7.3366 -2.0462
v  -0.2502 -7.3380 -2.0533
v  -0.1946 -7.3115 -2.0798
v  -0.1946 -7.3072 -2.0756
v  -0.1982 -7.3081 -2.0832
v  -0.1373 -7.2905 -2.1008
v  -0.1373 -7.2862 -2.0966
v  -0.1398 -7.2866 -2.1047
v  -0.0778 -7.2784 -2.1129
v  -0.0778 -7.2741 -2.1087
v  -0.0792 -7.2743 -2.1171
v  -0.0195 -7.2746 -2.1167
v  -0.0195 -7.2703 -2.1125
v  -0.0199 -7.2704 -2.1209
v  0.0387 -7.2784 -2.1129
v  0.0387 -7.2741 -2.1087
v  0.0395 -7.2742 -2.1171
v  0.0982 -7.2905 -2.1008
v  0.0982 -7.2862 -2.0966
v  0.1002 -7.2865 -2.1048
v  0.1555 -7.3115 -2.0798
v  0.1555 -7.3072 -2.0756
v  0.1587 -7.3079 -2.0835
v  0.1993 -7.3372 -2.0560
v  0.1993 -7.3330 -2.0518
v  0.2034 -7.3341 -2.0592
v  0.2320 -7.3625 -2.0283
v  0.2320 -7.3583 -2.0241
v  0.2367 -7.3599 -2.0310
v  0.2482 -7.3770 -2.0143
v  0.2482 -7.3728 -2.0100
v  0.2532 -7.3747 -2.0166
v  0.2856 -7.1131 -1.6345
v  0.2799 -7.1143 -1.6333
v  0.2856 -7.1174 -1.6387
v  0.2783 -7.0956 -1.6522
v  0.2783 -7.0999 -1.6564
v  0.2727 -7.0972 -1.6507
v  0.2951 -7.1381 -1.6102
v  0.2891 -7.1388 -1.6095
v  0.2951 -7.1424 -1.6145
v  0.3004 -7.1793 -1.5691
v  0.2944 -7.1792 -1.5692
v  0.3004 -7.1835 -1.5733
v  0.2951 -7.2204 -1.5279
v  0.2892 -7.2195 -1.5288
v  0.2951 -7.2247 -1.5322
v  0.2779 -7.2625 -1.4858
v  0.2725 -7.2608 -1.4876
v  0.2779 -7.2668 -1.4901
v  0.2482 -7.3031 -1.4453
v  0.2434 -7.3006 -1.4478
v  0.2482 -7.3073 -1.4495
v  0.2067 -7.3392 -1.4091
v  0.2027 -7.3361 -1.4123
v  0.2067 -7.3435 -1.4134
v  0.1555 -7.3686 -1.3797
v  0.1525 -7.3649 -1.3834
v  0.1555 -7.3729 -1.3840
v  0.0995 -7.3894 -1.3590
v  0.0976 -7.3854 -1.3630
v  0.0995 -7.3936 -1.3632
v  0.0387 -7.4017 -1.3466
v  0.0379 -7.3975 -1.3508
v  0.0387 -7.4060 -1.3509
v  -0.0195 -7.4055 -1.3429
v  -0.0192 -7.4013 -1.3471
v  -0.0195 -7.4097 -1.3471
v  -0.0777 -7.4017 -1.3466
v  -0.0764 -7.3976 -1.3508
v  -0.0777 -7.4060 -1.3509
v  -0.1373 -7.3896 -1.3587
v  -0.1349 -7.3857 -1.3626
v  -0.1373 -7.3939 -1.3630
v  -0.1946 -7.3686 -1.3797
v  -0.1912 -7.3651 -1.3832
v  -0.1946 -7.3729 -1.3840
v  -0.2457 -7.3392 -1.4091
v  -0.2414 -7.3363 -1.4121
v  -0.2457 -7.3435 -1.4134
v  -0.2873 -7.3031 -1.4453
v  -0.2823 -7.3008 -1.4476
v  -0.2873 -7.3073 -1.4495
v  -0.3170 -7.2626 -1.4858
v  -0.3114 -7.2610 -1.4874
v  -0.3170 -7.2668 -1.4901
v  -0.3341 -7.2204 -1.5279
v  -0.3282 -7.2196 -1.5288
v  -0.3341 -7.2247 -1.5322
v  -0.3394 -7.1793 -1.5691
v  -0.3335 -7.1792 -1.5692
v  -0.3395 -7.1835 -1.5733
v  -0.3341 -7.1381 -1.6102
v  -0.3282 -7.1387 -1.6096
v  -0.3341 -7.1424 -1.6145
v  -0.3170 -7.0960 -1.6523
v  -0.3113 -7.0974 -1.6510
v  -0.3170 -7.1003 -1.6566
v  -0.2873 -7.0555 -1.6929
v  -0.2821 -7.0576 -1.6907
v  -0.2873 -7.0597 -1.6971
v  -0.2457 -7.0193 -1.7290
v  -0.2413 -7.0222 -1.7262
v  -0.2457 -7.0236 -1.7333
v  -0.1946 -6.9899 -1.7584
v  -0.1910 -6.9933 -1.7550
v  -0.1946 -6.9942 -1.7627
v  -0.1380 -6.9664 -1.7793
v  -0.1355 -6.9703 -1.7755
v  -0.1380 -6.9707 -1.7835
v  -0.0780 -6.9547 -1.7915
v  -0.0766 -6.9588 -1.7874
v  -0.0780 -6.9589 -1.7957
v  -0.0195 -6.9513 -1.7953
v  -0.0192 -6.9555 -1.7911
v  -0.0195 -6.9555 -1.7995
v  0.0389 -6.9555 -1.7915
v  0.0380 -6.9597 -1.7873
v  0.0389 -6.9597 -1.7957
v  0.0985 -6.9679 -1.7794
v  0.0965 -6.9719 -1.7754
v  0.0985 -6.9722 -1.7836
v  0.1558 -6.9892 -1.7584
v  0.1527 -6.9928 -1.7547
v  0.1558 -6.9935 -1.7626
v  0.1997 -7.0150 -1.7345
v  0.1957 -7.0181 -1.7314
v  0.1997 -7.0192 -1.7388
v  0.2332 -7.0391 -1.7065
v  0.2285 -7.0418 -1.7039
v  0.2332 -7.0434 -1.7108
v  0.2486 -7.0551 -1.6927
v  0.2435 -7.0574 -1.6904
v  0.2485 -7.0593 -1.6970
v  -0.0438 -0.5325 -0.5819
v  -0.0045 -0.5404 -0.5885
v  -0.0044 -0.4182 -0.5752
v  -0.0045 -0.5317 -0.5907
v  -0.0245 -0.5479 -0.5830
v  -0.0199 -0.4218 -0.5747
v  -0.0568 -0.4517 -0.5745
v  -0.0687 -0.4811 -0.5745
v  -0.0700 -0.4956 -0.5745
v  -0.0651 -0.5233 -0.5745
v  -0.0405 -0.5287 -0.5839
v  -0.0045 -0.5022 -0.5946
v  -0.0045 -0.4913 -0.5947
v  -0.0193 -0.5011 -0.5927
v  -0.0177 -0.5067 -0.5927
v  -0.0149 -0.5120 -0.5927
v  -0.0111 -0.5168 -0.5927
v  -0.0155 -0.5328 -0.5891
v  -0.0087 -0.5374 -0.5889
v  -0.0130 -0.5476 -0.5851
v  -0.0219 -0.5432 -0.5849
v  -0.0317 -0.5374 -0.5844
v  -0.0600 -0.5234 -0.5771
v  -0.0461 -0.5179 -0.5839
v  -0.0044 -0.4538 -0.5892
v  -0.0121 -0.4396 -0.5839
v  -0.0081 -0.4710 -0.5924
v  -0.0146 -0.4579 -0.5891
v  -0.0193 -0.4903 -0.5927
v  -0.0177 -0.4847 -0.5927
v  -0.0149 -0.4794 -0.5927
v  -0.0117 -0.4752 -0.5926
v  -0.0176 -0.4257 -0.5771
v  -0.0311 -0.4326 -0.5771
v  -0.0432 -0.4424 -0.5771
v  -0.0529 -0.4543 -0.5771
v  -0.0600 -0.4679 -0.5771
v  -0.0640 -0.4819 -0.5771
v  -0.0653 -0.4957 -0.5771
v  -0.0640 -0.5094 -0.5771
v  -0.0219 -0.5276 -0.5891
v  -0.0278 -0.5204 -0.5891
v  -0.0319 -0.5123 -0.5891
v  -0.0343 -0.5039 -0.5891
v  -0.0493 -0.5067 -0.5839
v  -0.0198 -0.4957 -0.5927
v  -0.0351 -0.4957 -0.5891
v  -0.0503 -0.4957 -0.5839
v  -0.0343 -0.4875 -0.5891
v  -0.0493 -0.4847 -0.5839
v  -0.0319 -0.4791 -0.5891
v  -0.0461 -0.4735 -0.5839
v  -0.0277 -0.4709 -0.5891
v  -0.0404 -0.4625 -0.5839
v  -0.0218 -0.4638 -0.5891
v  -0.0326 -0.4530 -0.5839
v  -0.0229 -0.4452 -0.5839
v  -0.0337 -0.4287 -0.5745
v  -0.0465 -0.4391 -0.5745
v  -0.0644 -0.4662 -0.5745
v  -0.0687 -0.5102 -0.5745
v  -0.0394 -0.5587 -0.5718
v  -0.0548 -0.5427 -0.5732
v  -0.0044 -0.4233 -0.5776
v  -0.0044 -0.4686 -0.5925
v  -0.0044 -0.4795 -0.5939
v  -0.0045 -0.5117 -0.5940
v  -0.0045 -0.5207 -0.5928
v  -0.0335 -0.5411 -0.5823
v  -0.0045 -0.5570 -0.5828
v  -0.0152 -0.5530 -0.5830
v  -0.0151 -0.5534 -0.5805
v  -0.0045 -0.5744 -0.5694
v  -0.0152 -0.5713 -0.5699
v  -0.0606 -0.5334 -0.5738
v  -0.0247 -0.5482 -0.5818
v  -0.0279 -0.5659 -0.5708
v  -0.0044 -0.4378 -0.5833
v  -0.0045 -0.5404 -0.5057
v  -0.0045 -0.5317 -0.5057
v  -0.0045 -0.5022 -0.5057
v  -0.0045 -0.4913 -0.5057
v  -0.0044 -0.4538 -0.5057
v  -0.0044 -0.4233 -0.5057
v  -0.0044 -0.4686 -0.5057
v  -0.0044 -0.4795 -0.5057
v  -0.0045 -0.5117 -0.5057
v  -0.0045 -0.5207 -0.5057
v  -0.0044 -0.4378 -0.5057
v  -0.0044 -0.4182 -0.5057
v  -0.0199 -0.4218 -0.5057
v  -0.0650 -0.5233 -0.5057
v  -0.0334 -0.4287 -0.5042
v  -0.0458 -0.4383 -0.5057
v  -0.0557 -0.4499 -0.5057
v  -0.0640 -0.4662 -0.5057
v  -0.0686 -0.4811 -0.5057
v  -0.0697 -0.4958 -0.5057
v  -0.0685 -0.5102 -0.5057
v  -0.0151 -0.5707 -0.5057
v  -0.0273 -0.5654 -0.5057
v  -0.0385 -0.5587 -0.5057
v  -0.0545 -0.5427 -0.5057
v  -0.0605 -0.5334 -0.5057
v  -0.0045 -0.5744 -0.5057
v  -0.0045 -0.5570 -0.5799
v  -0.0045 -0.5608 -0.5057
v  -0.0043 -0.4195 -0.5692
v  -0.0198 -0.4218 -0.5687
v  -0.0337 -0.4287 -0.5685
v  -0.0465 -0.4391 -0.5685
v  -0.0568 -0.4517 -0.5685
v  -0.0643 -0.4662 -0.5685
v  -0.0686 -0.4811 -0.5685
v  -0.0700 -0.4956 -0.5685
v  -0.0687 -0.5102 -0.5685
v  -0.0651 -0.5231 -0.5672
v  -0.0607 -0.5330 -0.5668
v  -0.0549 -0.5423 -0.5660
v  -0.0396 -0.5582 -0.5644
v  -0.0282 -0.5658 -0.5634
v  -0.0157 -0.5715 -0.5628
v  -0.0045 -0.5744 -0.5622
v  -0.0045 -0.5572 -0.5715
v  -0.0045 -0.5380 -0.5829
v  -0.0045 -0.5304 -0.5849
v  -0.0045 -0.5198 -0.5869
v  -0.0045 -0.5111 -0.5880
v  -0.0045 -0.5020 -0.5886
v  -0.0045 -0.4914 -0.5887
v  -0.0044 -0.4800 -0.5879
v  -0.0044 -0.4697 -0.5866
v  -0.0044 -0.4555 -0.5834
v  -0.0044 -0.4400 -0.5777
v  -0.0044 -0.4257 -0.5721
v  -0.0045 -0.4913 -0.5117
v  -0.0045 -0.5022 -0.5117
v  -0.0045 -0.5117 -0.5117
v  -0.0045 -0.5207 -0.5117
v  -0.0045 -0.5317 -0.5117
v  -0.0045 -0.5404 -0.5117
v  -0.0045 -0.5608 -0.5117
v  -0.0045 -0.5744 -0.5117
v  -0.0151 -0.5707 -0.5117
v  -0.0273 -0.5654 -0.5117
v  -0.0386 -0.5587 -0.5117
v  -0.0545 -0.5427 -0.5117
v  -0.0605 -0.5334 -0.5117
v  -0.0651 -0.5233 -0.5117
v  -0.0686 -0.5102 -0.5117
v  -0.0697 -0.4958 -0.5117
v  -0.0686 -0.4811 -0.5117
v  -0.0640 -0.4662 -0.5117
v  -0.0558 -0.4499 -0.5117
v  -0.0457 -0.4383 -0.5117
v  -0.0334 -0.4287 -0.5117
v  -0.0199 -0.4218 -0.5117
v  -0.0044 -0.4182 -0.5117
v  -0.0044 -0.4233 -0.5117
v  -0.0044 -0.4378 -0.5117
v  -0.0044 -0.4538 -0.5117
v  -0.0044 -0.4686 -0.5117
v  -0.0044 -0.4795 -0.5117
v  -0.0372 -0.5447 -0.5792
v  -0.0267 -0.5527 -0.5784
v  -0.0150 -0.5586 -0.5775
v  -0.0151 -0.5663 -0.5731
v  -0.0261 -0.5612 -0.5740
v  -0.0361 -0.5546 -0.5748
v  -0.0504 -0.5398 -0.5762
v  -0.0550 -0.5325 -0.5768
v  -0.0458 -0.5375 -0.5791
v  -0.0046 -0.5616 -0.5768
v  -0.0046 -0.5693 -0.5724
v  -0.0045 -0.5514 -0.5848
v  -0.0045 -0.5513 -0.5827
v  0.0148 -0.5530 -0.5830
v  0.0126 -0.5476 -0.5851
v  0.0041 -0.5514 -0.5848
v  0.0041 -0.5570 -0.5828
v  0.0039 -0.4233 -0.5776
v  0.0172 -0.4257 -0.5771
v  0.0195 -0.4218 -0.5747
v  0.0039 -0.4182 -0.5752
v  0.0040 -0.5022 -0.5946
v  0.0189 -0.5011 -0.5927
v  0.0194 -0.4957 -0.5927
v  0.0040 -0.4913 -0.5947
v  0.0173 -0.5067 -0.5927
v  0.0145 -0.5120 -0.5927
v  0.0040 -0.5117 -0.5940
v  0.0106 -0.5168 -0.5927
v  0.0040 -0.5207 -0.5928
v  0.0041 -0.5317 -0.5907
v  0.0082 -0.5374 -0.5889
v  0.0151 -0.5328 -0.5891
v  0.0241 -0.5479 -0.5830
v  0.0215 -0.5432 -0.5849
v  0.0331 -0.5411 -0.5823
v  0.0313 -0.5374 -0.5844
v  0.0434 -0.5325 -0.5819
v  0.0401 -0.5287 -0.5839
v  0.0596 -0.5234 -0.5771
v  0.0457 -0.5179 -0.5839
v  0.0040 -0.4378 -0.5833
v  0.0040 -0.4538 -0.5892
v  0.0117 -0.4396 -0.5839
v  0.0040 -0.4686 -0.5925
v  0.0077 -0.4710 -0.5924
v  0.0142 -0.4579 -0.5891
v  0.0189 -0.4903 -0.5927
v  0.0173 -0.4847 -0.5927
v  0.0145 -0.4794 -0.5927
v  0.0040 -0.4795 -0.5939
v  0.0112 -0.4752 -0.5926
v  0.0307 -0.4326 -0.5771
v  0.0332 -0.4287 -0.5745
v  0.0427 -0.4424 -0.5771
v  0.0461 -0.4391 -0.5745
v  0.0525 -0.4543 -0.5771
v  0.0564 -0.4517 -0.5745
v  0.0595 -0.4679 -0.5771
v  0.0639 -0.4662 -0.5745
v  0.0636 -0.4819 -0.5771
v  0.0682 -0.4811 -0.5745
v  0.0648 -0.4957 -0.5771
v  0.0696 -0.4956 -0.5745
v  0.0636 -0.5094 -0.5771
v  0.0682 -0.5102 -0.5745
v  0.0647 -0.5233 -0.5745
v  0.0215 -0.5276 -0.5891
v  0.0273 -0.5204 -0.5891
v  0.0315 -0.5123 -0.5891
v  0.0339 -0.5039 -0.5891
v  0.0489 -0.5067 -0.5839
v  0.0346 -0.4957 -0.5891
v  0.0499 -0.4957 -0.5839
v  0.0339 -0.4875 -0.5891
v  0.0489 -0.4847 -0.5839
v  0.0315 -0.4791 -0.5891
v  0.0456 -0.4735 -0.5839
v  0.0272 -0.4709 -0.5891
v  0.0400 -0.4625 -0.5839
v  0.0214 -0.4638 -0.5891
v  0.0322 -0.4530 -0.5839
v  0.0225 -0.4452 -0.5839
v  0.0646 -0.5231 -0.5672
v  0.0646 -0.5233 -0.5117
v  0.0681 -0.5102 -0.5117
v  0.0682 -0.5102 -0.5685
v  0.0152 -0.5715 -0.5628
v  0.0041 -0.5744 -0.5622
v  0.0041 -0.5744 -0.5117
v  0.0147 -0.5707 -0.5117
v  0.0332 -0.4287 -0.5685
v  0.0329 -0.4287 -0.5117
v  0.0195 -0.4218 -0.5117
v  0.0193 -0.4218 -0.5687
v  0.0461 -0.4391 -0.5685
v  0.0453 -0.4383 -0.5117
v  0.0564 -0.4517 -0.5685
v  0.0553 -0.4499 -0.5117
v  0.0639 -0.4662 -0.5685
v  0.0636 -0.4662 -0.5117
v  0.0682 -0.4811 -0.5685
v  0.0681 -0.4811 -0.5117
v  0.0695 -0.4956 -0.5685
v  0.0693 -0.4958 -0.5117
v  0.0277 -0.5658 -0.5634
v  0.0269 -0.5654 -0.5117
v  0.0391 -0.5582 -0.5644
v  0.0381 -0.5587 -0.5117
v  0.0541 -0.5427 -0.5117
v  0.0544 -0.5423 -0.5660
v  0.0603 -0.5330 -0.5668
v  0.0600 -0.5334 -0.5117
v  0.0041 -0.5513 -0.5827
v  0.0041 -0.5570 -0.5799
v  0.0146 -0.5534 -0.5805
v  0.0242 -0.5482 -0.5818
v  0.0147 -0.5663 -0.5731
v  0.0145 -0.5586 -0.5775
v  0.0042 -0.5616 -0.5768
v  0.0041 -0.5693 -0.5724
v  0.0257 -0.5612 -0.5740
v  0.0263 -0.5527 -0.5784
v  0.0357 -0.5546 -0.5748
v  0.0367 -0.5447 -0.5792
v  0.0500 -0.5398 -0.5762
v  0.0453 -0.5375 -0.5791
v  0.0546 -0.5325 -0.5768
v  0.0040 -0.5020 -0.5886
v  0.0040 -0.4914 -0.5887
v  0.0040 -0.4913 -0.5117
v  0.0040 -0.5022 -0.5117
v  0.0041 -0.5304 -0.5849
v  0.0040 -0.5198 -0.5869
v  0.0040 -0.5207 -0.5117
v  0.0041 -0.5317 -0.5117
v  0.0041 -0.5380 -0.5829
v  0.0041 -0.5404 -0.5117
v  0.0040 -0.4400 -0.5777
v  0.0039 -0.4257 -0.5721
v  0.0039 -0.4233 -0.5117
v  0.0040 -0.4378 -0.5117
v  0.0038 -0.4195 -0.5692
v  0.0039 -0.4182 -0.5117
v  0.0040 -0.4697 -0.5866
v  0.0040 -0.4555 -0.5834
v  0.0040 -0.4538 -0.5117
v  0.0040 -0.4686 -0.5117
v  0.0040 -0.4800 -0.5879
v  0.0040 -0.4795 -0.5117
v  0.0040 -0.5111 -0.5880
v  0.0040 -0.5117 -0.5117
v  0.0041 -0.5572 -0.5715
v  0.0041 -0.5608 -0.5117
v  0.0041 -0.5404 -0.5885
v  0.0602 -0.5334 -0.5738
v  0.0543 -0.5427 -0.5732
v  0.0390 -0.5587 -0.5718
v  0.0274 -0.5659 -0.5708
v  0.0148 -0.5713 -0.5699
v  0.0041 -0.5744 -0.5694
v  0.0040 -0.4913 -0.5057
v  0.0040 -0.5022 -0.5057
v  0.0040 -0.5117 -0.5057
v  0.0040 -0.5207 -0.5057
v  0.0041 -0.5317 -0.5057
v  0.0041 -0.5404 -0.5057
v  0.0041 -0.5608 -0.5057
v  0.0041 -0.5744 -0.5057
v  0.0147 -0.5707 -0.5057
v  0.0268 -0.5654 -0.5057
v  0.0381 -0.5587 -0.5057
v  0.0540 -0.5427 -0.5057
v  0.0600 -0.5334 -0.5057
v  0.0646 -0.5233 -0.5057
v  0.0681 -0.5102 -0.5057
v  0.0693 -0.4958 -0.5057
v  0.0681 -0.4811 -0.5057
v  0.0636 -0.4662 -0.5057
v  0.0553 -0.4499 -0.5057
v  0.0453 -0.4383 -0.5057
v  0.0329 -0.4287 -0.5042
v  0.0195 -0.4218 -0.5057
v  0.0039 -0.4182 -0.5057
v  0.0039 -0.4233 -0.5057
v  0.0040 -0.4378 -0.5057
v  0.0040 -0.4538 -0.5057
v  0.0040 -0.4686 -0.5057
v  0.0040 -0.4795 -0.5057
v  0.0000 -0.0000 -0.0000
# 4370 vertices

o 7397
g 7397
s 1
f 2 53 86 56 
f 18 3 2 56 
f 19 4 3 18 
f 20 5 4 19 
f 22 21 5 20 
f 77 23 21 22 
f 25 24 23 77 
f 26 6 24 25 
f 27 7 6 26 
f 28 8 7 27 
f 30 29 8 28 
f 32 31 29 30 
f 78 9 31 32 
f 33 10 9 78 
f 79 11 10 33 
f 35 34 11 79 
f 37 36 34 35 
f 39 38 36 37 
f 41 40 38 39 
f 42 12 40 41 
f 43 13 12 42 
f 80 14 13 43 
f 44 15 14 80 
f 45 16 15 44 
f 81 46 16 45 
f 82 17 46 81 
f 83 47 17 82 
f 49 48 47 83 
f 84 50 48 49 
f 85 1 50 84 
f 52 51 1 85 
f 86 53 51 52 
f 57 543 516 54 
f 184 75 544 517 
f 91 483 510 92 
f 186 59 514 513 
f 76 542 515 58 
f 55 116 322 321 
f 86 576 545 56 
f 54 516 514 59 
f 93 484 483 91 
f 94 485 484 93 
f 95 486 485 94 
f 96 487 486 95 
f 97 488 487 96 
f 98 489 488 97 
f 99 490 489 98 
f 100 491 490 99 
f 101 492 491 100 
f 102 493 492 101 
f 103 494 493 102 
f 104 495 494 103 
f 105 496 495 104 
f 106 497 496 105 
f 107 498 497 106 
f 108 499 498 107 
f 109 500 499 108 
f 110 501 500 109 
f 111 502 501 110 
f 112 503 502 111 
f 113 504 503 112 
f 89 509 504 113 
f 183 184 517 540 
f 182 183 540 541 
f 76 182 541 542 
f 115 87 419 418 
f 116 55 355 354 
f 116 117 323 322 
f 117 118 324 323 
f 118 119 325 324 
f 119 120 326 325 
f 120 121 327 326 
f 121 122 328 327 
f 122 123 329 328 
f 123 124 330 329 
f 124 125 331 330 
f 125 126 332 331 
f 126 127 333 332 
f 127 128 334 333 
f 128 129 335 334 
f 130 336 335 129 
f 131 337 336 130 
f 132 338 337 131 
f 133 339 338 132 
f 134 340 339 133 
f 134 135 341 340 
f 136 342 341 135 
f 137 343 342 136 
f 137 138 344 343 
f 139 345 344 138 
f 140 346 345 139 
f 141 347 346 140 
f 142 348 347 141 
f 143 349 348 142 
f 144 350 349 143 
f 145 351 350 144 
f 146 352 351 145 
f 147 87 386 416 
f 148 88 450 480 
f 57 58 515 543 
f 114 149 451 449 
f 149 150 452 451 
f 150 90 453 452 
f 90 89 454 453 
f 89 113 455 454 
f 113 112 456 455 
f 112 111 457 456 
f 115 151 387 385 
f 151 152 388 387 
f 152 153 389 388 
f 153 154 390 389 
f 154 155 391 390 
f 155 156 392 391 
f 156 157 393 392 
f 111 110 458 457 
f 110 109 459 458 
f 109 108 460 459 
f 108 107 461 460 
f 107 106 462 461 
f 106 105 463 462 
f 105 104 464 463 
f 104 103 465 464 
f 157 158 394 393 
f 158 159 395 394 
f 159 160 396 395 
f 160 161 397 396 
f 161 162 398 397 
f 162 163 399 398 
f 163 164 400 399 
f 164 165 401 400 
f 103 102 466 465 
f 102 101 467 466 
f 101 100 468 467 
f 100 99 469 468 
f 99 98 470 469 
f 98 97 471 470 
f 97 96 472 471 
f 96 95 473 472 
f 165 166 402 401 
f 166 167 403 402 
f 167 168 404 403 
f 168 169 405 404 
f 169 170 406 405 
f 170 171 407 406 
f 171 172 408 407 
f 172 173 409 408 
f 95 94 474 473 
f 94 93 475 474 
f 93 91 476 475 
f 91 92 477 476 
f 92 178 478 477 
f 178 179 479 478 
f 179 148 480 479 
f 173 174 410 409 
f 174 175 411 410 
f 175 176 412 411 
f 176 177 413 412 
f 177 180 414 413 
f 180 181 415 414 
f 181 147 416 415 
f 194 546 545 193 
f 224 352 321 193 
f 195 547 546 194 
f 196 548 547 195 
f 197 549 548 196 
f 198 550 549 197 
f 199 551 550 198 
f 200 552 551 199 
f 201 553 552 200 
f 202 554 553 201 
f 203 555 554 202 
f 204 556 555 203 
f 205 557 556 204 
f 206 558 557 205 
f 207 559 558 206 
f 208 560 559 207 
f 209 561 560 208 
f 210 562 561 209 
f 211 563 562 210 
f 212 564 563 211 
f 213 565 564 212 
f 214 566 565 213 
f 215 567 566 214 
f 216 568 567 215 
f 217 569 568 216 
f 218 570 569 217 
f 219 571 570 218 
f 220 572 571 219 
f 221 573 572 220 
f 222 574 573 221 
f 223 575 574 222 
f 224 576 575 223 
f 227 386 385 225 
f 227 355 353 226 
f 228 356 354 225 
f 229 357 356 228 
f 230 358 357 229 
f 231 359 358 230 
f 232 360 359 231 
f 233 361 360 232 
f 234 362 361 233 
f 235 363 362 234 
f 236 364 363 235 
f 237 365 364 236 
f 238 366 365 237 
f 239 367 366 238 
f 240 368 367 239 
f 241 369 368 240 
f 242 370 369 241 
f 243 371 370 242 
f 244 372 371 243 
f 245 373 372 244 
f 246 374 373 245 
f 247 375 374 246 
f 248 376 375 247 
f 249 377 376 248 
f 250 378 377 249 
f 251 379 378 250 
f 252 380 379 251 
f 253 381 380 252 
f 254 382 381 253 
f 255 383 382 254 
f 256 384 383 255 
f 226 353 384 256 
f 259 450 449 257 
f 259 419 417 258 
f 260 420 418 257 
f 261 421 420 260 
f 262 422 421 261 
f 263 423 422 262 
f 264 424 423 263 
f 265 425 424 264 
f 266 426 425 265 
f 267 427 426 266 
f 268 428 427 267 
f 269 429 428 268 
f 270 430 429 269 
f 271 431 430 270 
f 272 432 431 271 
f 273 433 432 272 
f 274 434 433 273 
f 275 435 434 274 
f 276 436 435 275 
f 277 437 436 276 
f 278 438 437 277 
f 279 439 438 278 
f 280 440 439 279 
f 281 441 440 280 
f 282 442 441 281 
f 283 443 442 282 
f 284 444 443 283 
f 285 445 444 284 
f 286 446 445 285 
f 287 447 446 286 
f 288 448 447 287 
f 258 417 448 288 
f 319 508 481 289 
f 320 509 482 290 
f 294 518 513 291 
f 292 511 510 291 
f 318 507 512 293 
f 289 481 511 292 
f 295 519 518 294 
f 296 520 519 295 
f 297 521 520 296 
f 298 522 521 297 
f 299 523 522 298 
f 300 524 523 299 
f 301 525 524 300 
f 302 526 525 301 
f 303 527 526 302 
f 304 528 527 303 
f 305 529 528 304 
f 306 530 529 305 
f 307 531 530 306 
f 308 532 531 307 
f 309 533 532 308 
f 310 534 533 309 
f 311 535 534 310 
f 312 536 535 311 
f 313 537 536 312 
f 314 538 537 313 
f 315 539 538 314 
f 320 544 539 315 
f 290 482 505 316 
f 316 505 506 317 
f 317 506 507 318 
f 293 512 508 319 
f 322 194 193 321 
f 323 195 194 322 
f 324 196 195 323 
f 325 197 196 324 
f 326 198 197 325 
f 327 199 198 326 
f 328 200 199 327 
f 329 201 200 328 
f 330 202 201 329 
f 331 203 202 330 
f 332 204 203 331 
f 333 205 204 332 
f 334 206 205 333 
f 335 207 206 334 
f 336 208 207 335 
f 337 209 208 336 
f 338 210 209 337 
f 339 211 210 338 
f 340 212 211 339 
f 341 213 212 340 
f 342 214 213 341 
f 343 215 214 342 
f 344 216 215 343 
f 345 217 216 344 
f 346 218 217 345 
f 347 219 218 346 
f 348 220 219 347 
f 349 221 220 348 
f 350 222 221 349 
f 351 223 222 350 
f 352 224 223 351 
f 352 146 55 321 
f 355 227 225 354 
f 355 55 146 353 
f 356 117 116 354 
f 357 118 117 356 
f 358 119 118 357 
f 359 120 119 358 
f 360 121 120 359 
f 361 122 121 360 
f 362 123 122 361 
f 363 124 123 362 
f 364 125 124 363 
f 365 126 125 364 
f 366 127 126 365 
f 367 128 127 366 
f 368 129 128 367 
f 369 130 129 368 
f 370 131 130 369 
f 371 132 131 370 
f 372 133 132 371 
f 373 134 133 372 
f 374 135 134 373 
f 375 136 135 374 
f 376 137 136 375 
f 377 138 137 376 
f 378 139 138 377 
f 379 140 139 378 
f 380 141 140 379 
f 381 142 141 380 
f 382 143 142 381 
f 383 144 143 382 
f 384 145 144 383 
f 353 146 145 384 
f 386 227 226 416 
f 387 228 225 385 
f 388 229 228 387 
f 389 230 229 388 
f 390 231 230 389 
f 391 232 231 390 
f 392 233 232 391 
f 393 234 233 392 
f 394 235 234 393 
f 395 236 235 394 
f 396 237 236 395 
f 397 238 237 396 
f 398 239 238 397 
f 399 240 239 398 
f 400 241 240 399 
f 401 242 241 400 
f 402 243 242 401 
f 403 244 243 402 
f 404 245 244 403 
f 405 246 245 404 
f 406 247 246 405 
f 407 248 247 406 
f 408 249 248 407 
f 409 250 249 408 
f 410 251 250 409 
f 411 252 251 410 
f 412 253 252 411 
f 413 254 253 412 
f 414 255 254 413 
f 415 256 255 414 
f 416 226 256 415 
f 386 87 115 385 
f 419 259 257 418 
f 419 87 147 417 
f 420 151 115 418 
f 421 152 151 420 
f 422 153 152 421 
f 423 154 153 422 
f 424 155 154 423 
f 425 156 155 424 
f 426 157 156 425 
f 427 158 157 426 
f 428 159 158 427 
f 429 160 159 428 
f 430 161 160 429 
f 431 162 161 430 
f 432 163 162 431 
f 433 164 163 432 
f 434 165 164 433 
f 435 166 165 434 
f 436 167 166 435 
f 437 168 167 436 
f 438 169 168 437 
f 439 170 169 438 
f 440 171 170 439 
f 441 172 171 440 
f 442 173 172 441 
f 443 174 173 442 
f 444 175 174 443 
f 445 176 175 444 
f 446 177 176 445 
f 447 180 177 446 
f 448 181 180 447 
f 417 147 181 448 
f 450 259 258 480 
f 451 260 257 449 
f 452 261 260 451 
f 453 262 261 452 
f 454 263 262 453 
f 455 264 263 454 
f 456 265 264 455 
f 457 266 265 456 
f 458 267 266 457 
f 459 268 267 458 
f 460 269 268 459 
f 461 270 269 460 
f 462 271 270 461 
f 463 272 271 462 
f 464 273 272 463 
f 465 274 273 464 
f 466 275 274 465 
f 467 276 275 466 
f 468 277 276 467 
f 469 278 277 468 
f 470 279 278 469 
f 471 280 279 470 
f 472 281 280 471 
f 473 282 281 472 
f 474 283 282 473 
f 475 284 283 474 
f 476 285 284 475 
f 477 286 285 476 
f 478 287 286 477 
f 479 288 287 478 
f 480 258 288 479 
f 450 88 114 449 
f 483 294 291 510 
f 484 295 294 483 
f 485 296 295 484 
f 486 297 296 485 
f 487 298 297 486 
f 488 299 298 487 
f 489 300 299 488 
f 490 301 300 489 
f 491 302 301 490 
f 492 303 302 491 
f 493 304 303 492 
f 494 305 304 493 
f 495 306 305 494 
f 496 307 306 495 
f 497 308 307 496 
f 498 309 308 497 
f 499 310 309 498 
f 500 311 310 499 
f 501 312 311 500 
f 502 313 312 501 
f 503 314 313 502 
f 504 315 314 503 
f 509 320 315 504 
f 508 148 179 481 
f 509 89 90 482 
f 511 178 92 510 
f 507 114 88 512 
f 481 179 178 511 
f 482 90 150 505 
f 505 150 149 506 
f 506 149 114 507 
f 512 88 148 508 
f 543 319 289 516 
f 544 320 290 517 
f 514 292 291 513 
f 542 318 293 515 
f 516 289 292 514 
f 517 290 316 540 
f 540 316 317 541 
f 541 317 318 542 
f 515 293 319 543 
f 518 60 186 513 
f 519 187 60 518 
f 520 188 187 519 
f 521 61 188 520 
f 522 62 61 521 
f 523 189 62 522 
f 524 190 189 523 
f 525 191 190 524 
f 526 63 191 525 
f 527 192 63 526 
f 528 64 192 527 
f 529 65 64 528 
f 530 66 65 529 
f 531 67 66 530 
f 532 68 67 531 
f 533 69 68 532 
f 534 70 69 533 
f 535 71 70 534 
f 536 72 71 535 
f 537 73 72 536 
f 538 185 73 537 
f 539 74 185 538 
f 544 75 74 539 
f 57 54 592 593 
f 76 58 594 612 
f 58 57 593 594 
f 54 59 595 592 
f 186 60 596 617 
f 188 61 597 619 
f 61 62 598 597 
f 191 63 599 622 
f 63 192 623 599 
f 64 65 601 600 
f 65 66 602 601 
f 66 67 603 602 
f 67 68 604 603 
f 68 69 605 604 
f 69 70 606 605 
f 70 71 607 606 
f 71 72 608 607 
f 72 73 609 608 
f 73 185 616 609 
f 74 75 611 610 
f 75 184 615 611 
f 182 76 612 613 
f 183 182 613 614 
f 184 183 614 615 
f 185 74 610 616 
f 59 186 617 595 
f 60 187 618 596 
f 187 188 619 618 
f 62 189 620 598 
f 189 190 621 620 
f 190 191 622 621 
f 192 64 600 623 
f 576 224 193 545 
f 546 18 56 545 
f 547 19 18 546 
f 548 20 19 547 
f 549 22 20 548 
f 550 77 22 549 
f 551 25 77 550 
f 552 26 25 551 
f 553 27 26 552 
f 554 28 27 553 
f 555 30 28 554 
f 556 32 30 555 
f 557 78 32 556 
f 558 33 78 557 
f 559 79 33 558 
f 560 35 79 559 
f 561 37 35 560 
f 562 39 37 561 
f 563 41 39 562 
f 564 42 41 563 
f 565 43 42 564 
f 566 80 43 565 
f 567 44 80 566 
f 568 45 44 567 
f 569 81 45 568 
f 570 82 81 569 
f 571 83 82 570 
f 572 49 83 571 
f 573 84 49 572 
f 574 85 84 573 
f 575 52 85 574 
f 576 86 52 575 
f 592 577 1346 593 
f 594 1358 586 612 
f 593 1346 1358 594 
f 595 1347 577 592 
f 596 1348 588 617 
f 625 590 619 
f 598 578 1349 597 
f 599 579 591 622 
f 623 1352 579 599 
f 601 580 1353 600 
f 602 581 580 601 
f 603 582 581 602 
f 604 583 582 603 
f 605 1354 583 604 
f 606 584 626 
f 607 1355 584 606 
f 608 1356 1355 607 
f 609 1357 1356 608 
f 616 1362 1357 609 
f 611 1359 585 610 
f 615 1360 1359 611 
f 612 586 1361 613 
f 613 1361 587 614 
f 614 587 1360 615 
f 610 585 1362 616 
f 617 588 1347 595 
f 624 1348 596 
f 619 590 589 618 
f 620 1350 578 598 
f 621 1351 1350 620 
f 622 591 1351 621 
f 600 1353 1352 623 
f 596 618 589 624 
f 619 597 1349 625 
f 626 1354 605 606 
s 2
f 1318 694 627 1300 
s 4
f 630 628 813 743 
f 630 631 629 628 
f 631 634 632 629 
f 634 636 633 632 
f 636 638 635 633 
f 638 640 637 635 
f 640 642 639 637 
f 642 644 641 639 
f 644 646 643 641 
f 646 648 645 643 
f 648 650 647 645 
f 650 651 649 647 
f 649 651 654 652 
f 654 656 652 
s 2
f 656 658 655 653 
f 658 660 657 655 
f 660 662 659 657 
f 662 663 661 659 
f 666 664 661 663 
f 666 668 665 664 
f 668 670 667 665 
f 670 672 669 667 
f 672 674 671 669 
f 674 675 673 671 
f 675 677 1343 673 
f 677 679 676 1343 
f 679 681 678 676 
f 681 683 680 678 
f 683 684 682 680 
f 682 684 686 685 
f 685 686 689 687 
f 689 691 688 687 
f 691 693 690 688 
f 693 695 692 690 
f 695 627 694 692 
s 1
f 1300 627 858 719 
f 630 743 696 697 
f 631 630 697 698 
f 634 631 698 699 
f 636 634 699 700 
f 638 636 700 701 
f 640 638 701 702 
f 642 640 702 703 
f 644 642 703 704 
f 646 644 704 705 
f 648 646 705 706 
f 650 648 706 707 
f 651 650 707 708 
f 654 651 708 709 
f 656 654 709 710 
f 658 656 710 711 
f 660 658 711 712 
f 662 660 712 713 
f 663 662 713 846 
f 666 663 846 847 
f 668 666 847 848 
f 670 668 848 849 
f 672 670 849 714 
f 674 672 714 715 
f 675 674 715 716 
f 677 675 716 717 
f 679 677 717 850 
f 681 679 850 851 
f 683 681 851 852 
f 684 683 852 853 
f 686 684 853 854 
f 689 686 854 855 
f 691 689 855 856 
f 693 691 856 857 
f 695 693 857 718 
f 627 695 718 858 
s 2
f 813 628 720 719 
f 628 629 721 720 
f 629 632 722 721 
f 632 633 723 722 
f 633 635 724 723 
f 635 637 725 724 
f 637 639 726 725 
f 639 641 727 726 
f 641 643 728 727 
f 643 645 729 728 
f 645 647 730 729 
f 647 649 731 730 
f 649 652 732 731 
f 652 653 733 732 
f 653 655 734 733 
f 655 657 735 734 
f 657 659 736 735 
f 659 661 737 736 
f 661 664 738 737 
f 664 665 739 738 
f 665 667 740 739 
f 667 669 741 740 
f 669 671 741 
s 4
f 813 811 742 743 
f 746 744 930 860 
f 746 747 745 744 
f 747 750 748 745 
f 750 752 749 748 
f 752 754 751 749 
f 754 756 753 751 
f 756 758 755 753 
f 758 760 757 755 
f 760 762 759 757 
f 762 764 761 759 
f 764 766 763 761 
f 766 767 765 763 
f 765 767 770 768 
f 770 772 769 768 
f 772 774 771 769 
f 774 776 773 771 
f 776 778 775 773 
f 778 779 777 775 
f 782 780 777 779 
f 782 784 781 780 
f 784 786 783 781 
f 786 788 785 783 
f 788 790 787 785 
f 790 792 789 787 
f 792 794 791 789 
f 794 796 793 791 
f 796 798 795 793 
f 798 800 797 795 
f 800 801 799 797 
f 799 801 803 802 
f 802 803 806 804 
f 806 808 805 804 
f 808 810 807 805 
f 810 812 809 807 
f 812 742 811 809 
s 1
f 743 742 977 696 
f 746 860 814 815 
f 747 746 815 816 
f 750 747 816 817 
f 752 750 817 818 
f 754 752 818 819 
f 756 754 819 820 
f 758 756 820 821 
f 760 758 821 822 
f 762 760 822 823 
f 764 762 823 824 
f 766 764 824 825 
f 767 766 825 826 
f 770 767 826 827 
f 772 770 827 963 
f 774 772 963 828 
f 776 774 828 964 
f 778 776 964 829 
f 779 778 829 965 
f 782 779 965 966 
f 784 782 966 967 
f 786 784 967 968 
f 788 786 968 830 
f 790 788 830 831 
f 792 790 831 832 
f 794 792 832 833 
f 796 794 833 969 
f 798 796 969 970 
f 800 798 970 971 
f 801 800 971 972 
f 803 801 972 973 
f 806 803 973 974 
f 808 806 974 975 
f 810 808 975 976 
f 812 810 976 834 
f 742 812 834 977 
s 2
f 930 744 835 696 
f 744 745 836 835 
f 745 748 837 836 
f 748 749 838 837 
f 749 751 839 838 
f 751 753 840 839 
f 753 755 841 840 
f 755 757 842 841 
f 757 759 843 842 
f 759 761 844 843 
f 761 763 3617 844 
f 763 765 845 3617 
f 765 768 709 845 
f 768 769 710 709 
f 769 771 711 710 
f 771 773 712 711 
f 773 775 713 712 
f 775 777 846 713 
f 777 780 847 846 
f 780 781 848 847 
f 781 783 849 848 
f 783 785 714 849 
f 785 787 715 714 
f 787 789 716 715 
f 789 791 717 716 
f 791 793 850 717 
f 793 795 851 850 
f 795 797 852 851 
f 797 799 853 852 
f 799 802 854 853 
f 802 804 855 854 
f 804 805 856 855 
f 805 807 857 856 
f 807 809 718 857 
f 809 811 858 718 
f 811 813 719 858 
s 4
f 930 928 859 860 
f 863 861 1049 979 
f 863 864 862 861 
f 864 867 865 862 
f 867 869 866 865 
f 869 871 868 866 
f 871 873 870 868 
f 873 875 872 870 
f 875 877 874 872 
f 877 879 876 874 
f 879 881 878 876 
f 881 883 880 878 
f 883 884 882 880 
f 882 884 887 885 
f 887 889 886 885 
f 889 891 888 886 
f 891 893 890 888 
f 893 895 892 890 
f 895 896 894 892 
f 899 897 894 896 
f 899 901 898 897 
f 901 903 900 898 
f 903 905 902 900 
f 905 907 904 902 
f 907 909 906 904 
f 909 911 908 906 
f 911 913 910 908 
f 913 915 912 910 
f 915 917 914 912 
f 917 918 916 914 
f 916 918 920 919 
f 919 920 923 921 
f 923 925 922 921 
f 925 927 924 922 
f 927 929 926 924 
f 929 859 928 926 
s 1
f 860 859 1096 814 
f 863 979 931 932 
f 864 863 932 933 
f 867 864 933 934 
f 869 867 934 935 
f 871 869 935 936 
f 873 871 936 937 
f 875 873 937 938 
f 877 875 938 939 
f 879 877 939 940 
f 881 879 940 941 
f 883 881 941 942 
f 884 883 942 943 
f 887 884 943 944 
f 889 887 944 1082 
f 891 889 1082 945 
f 893 891 945 1083 
f 895 893 1083 946 
f 896 895 946 1084 
f 899 896 1084 1085 
f 901 899 1085 1086 
f 903 901 1086 1087 
f 905 903 1087 947 
f 907 905 947 948 
f 909 907 948 949 
f 911 909 949 950 
f 913 911 950 1088 
f 915 913 1088 1089 
f 917 915 1089 1090 
f 918 917 1090 1091 
f 920 918 1091 1092 
f 923 920 1092 1093 
f 925 923 1093 1094 
f 927 925 1094 1095 
f 929 927 1095 951 
f 859 929 951 1096 
s 2
f 1049 861 952 814 
f 861 862 953 952 
f 862 865 954 953 
f 865 866 955 954 
f 866 868 956 955 
f 868 870 957 956 
f 870 872 958 957 
f 872 874 959 958 
f 874 876 960 959 
f 876 878 961 960 
f 878 880 3618 961 
f 880 882 962 3618 
f 882 885 827 962 
f 885 886 963 827 
f 886 888 828 963 
f 888 890 964 828 
f 890 892 829 964 
f 892 894 965 829 
f 894 897 966 965 
f 897 898 967 966 
f 898 900 968 967 
f 900 902 830 968 
f 902 904 831 830 
f 904 906 832 831 
f 906 908 833 832 
f 908 910 969 833 
f 910 912 970 969 
f 912 914 971 970 
f 914 916 972 971 
f 916 919 973 972 
f 919 921 974 973 
f 921 922 975 974 
f 922 924 976 975 
f 924 926 834 976 
f 926 928 977 834 
f 928 930 696 977 
s 4
f 1049 1047 978 979 
f 982 980 1168 1098 
f 982 983 981 980 
f 983 986 984 981 
f 986 988 985 984 
f 988 990 987 985 
f 990 992 989 987 
f 992 994 991 989 
f 994 996 993 991 
f 996 998 995 993 
f 998 1000 997 995 
f 1000 1002 999 997 
f 1002 1003 1001 999 
f 1001 1003 1006 1004 
f 1006 1008 1005 1004 
f 1008 1010 1007 1005 
f 1010 1012 1009 1007 
f 1012 1014 1011 1009 
f 1014 1015 1013 1011 
f 1018 1016 1013 1015 
f 1018 1020 1017 1016 
f 1020 1022 1019 1017 
f 1022 1024 1021 1019 
f 1024 1026 1023 1021 
f 1026 1028 1025 1023 
f 1028 1030 1027 1025 
f 1030 1032 1029 1027 
f 1032 1034 1031 1029 
f 1034 1036 1033 1031 
f 1036 1037 1035 1033 
f 1035 1037 1039 1038 
f 1038 1039 1042 1040 
f 1042 1044 1041 1040 
f 1044 1046 1043 1041 
f 1046 1048 1045 1043 
f 1048 978 1047 1045 
s 1
f 979 978 1215 931 
f 982 1098 1050 1051 
f 983 982 1051 1052 
f 986 983 1052 1053 
f 988 986 1053 1054 
f 990 988 1054 1055 
f 992 990 1055 1056 
f 994 992 1056 1057 
f 996 994 1057 1058 
f 998 996 1058 1059 
f 1000 998 1059 1060 
f 1002 1000 1060 1061 
f 1003 1002 1061 1062 
f 1006 1003 1062 1063 
f 1008 1006 1063 1201 
f 1010 1008 1201 1064 
f 1012 1010 1064 1202 
f 1014 1012 1202 1065 
f 1015 1014 1065 1203 
f 1018 1015 1203 1204 
f 1020 1018 1204 1205 
f 1022 1020 1205 1206 
f 1024 1022 1206 1066 
f 1026 1024 1066 1067 
f 1028 1026 1067 1068 
f 1030 1028 1068 1069 
f 1032 1030 1069 1207 
f 1034 1032 1207 1208 
f 1036 1034 1208 1209 
f 1037 1036 1209 1210 
f 1039 1037 1210 1211 
f 1042 1039 1211 1212 
f 1044 1042 1212 1213 
f 1046 1044 1213 1214 
f 1048 1046 1214 1070 
f 978 1048 1070 1215 
s 2
f 1168 980 1071 931 
f 980 981 1072 1071 
f 981 984 1073 1072 
f 984 985 1074 1073 
f 985 987 1075 1074 
f 987 989 1076 1075 
f 989 991 1077 1076 
f 991 993 1078 1077 
f 993 995 1079 1078 
f 995 997 1080 1079 
f 997 999 3619 1080 
f 999 1001 1081 3619 
f 1001 1004 944 1081 
f 1004 1005 1082 944 
f 1005 1007 945 1082 
f 1007 1009 1083 945 
f 1009 1011 946 1083 
f 1011 1013 1084 946 
f 1013 1016 1085 1084 
f 1016 1017 1086 1085 
f 1017 1019 1087 1086 
f 1019 1021 947 1087 
f 1021 1023 948 947 
f 1023 1025 949 948 
f 1025 1027 950 949 
f 1027 1029 1088 950 
f 1029 1031 1089 1088 
f 1031 1033 1090 1089 
f 1033 1035 1091 1090 
f 1035 1038 1092 1091 
f 1038 1040 1093 1092 
f 1040 1041 1094 1093 
f 1041 1043 1095 1094 
f 1043 1045 951 1095 
f 1045 1047 1096 951 
f 1047 1049 814 1096 
s 4
f 1168 1166 1097 1098 
f 1101 1099 1259 1217 
f 1101 1102 1100 1099 
f 1102 1105 1103 1100 
f 1105 1107 1104 1103 
f 1107 1109 1106 1104 
f 1109 1111 1108 1106 
f 1111 1113 1110 1108 
f 1113 1115 1112 1110 
f 1115 1117 1114 1112 
f 1117 1119 1116 1114 
f 1119 1121 1118 1116 
f 1121 1122 1120 1118 
f 1120 1122 1125 1123 
f 1125 1127 1124 1123 
f 1127 1129 1126 1124 
f 1129 1131 1128 1126 
f 1131 1133 1130 1128 
f 1133 1134 1132 1130 
f 1137 1135 1132 1134 
f 1137 1139 1136 1135 
f 1139 1141 1138 1136 
f 1141 1143 1140 1138 
f 1143 1145 1142 1140 
f 1145 1147 1144 1142 
f 1147 1149 1146 1144 
f 1149 1151 1148 1146 
f 1151 1153 1150 1148 
f 1153 1155 1152 1150 
f 1155 1156 1154 1152 
f 1154 1156 1158 1157 
f 1157 1158 1161 1159 
f 1161 1163 1160 1159 
f 1163 1165 1162 1160 
f 1165 1167 1164 1162 
f 1167 1097 1166 1164 
s 1
f 1098 1097 1293 1050 
f 1101 1217 1169 1170 
f 1102 1101 1170 1171 
f 1105 1102 1171 1172 
f 1107 1105 1172 1173 
f 1109 1107 1173 1174 
f 1111 1109 1174 1175 
f 1113 1111 1175 1176 
f 1115 1113 1176 1177 
f 1117 1115 1177 1178 
f 1119 1117 1178 1179 
f 1121 1119 1179 1180 
f 1122 1121 1180 1181 
f 1125 1122 1181 1182 
f 1127 1125 1182 1279 
f 1129 1127 1279 1183 
f 1131 1129 1183 1280 
f 1133 1131 1280 1184 
f 1134 1133 1184 1281 
f 1137 1134 1281 1282 
f 1139 1137 1282 1283 
f 1141 1139 1283 1284 
f 1143 1141 1284 1185 
f 1145 1143 1185 1186 
f 1147 1145 1186 1187 
f 1149 1147 1187 1188 
f 1151 1149 1188 1285 
f 1153 1151 1285 1286 
f 1155 1153 1286 1287 
f 1156 1155 1287 1288 
f 1158 1156 1288 1289 
f 1161 1158 1289 1290 
f 1163 1161 1290 1291 
f 1165 1163 1291 1292 
f 1167 1165 1292 1189 
f 1097 1167 1189 1293 
s 2
f 1259 1099 1190 1050 
f 1099 1100 1191 1190 
f 1100 1103 1192 1191 
f 1103 1104 1193 1192 
f 1104 1106 1194 1193 
f 1106 1108 1195 1194 
f 1108 1110 1196 1195 
f 1110 1112 1197 1196 
f 1112 1114 1198 1197 
f 1114 1116 1199 1198 
f 1116 1118 3620 1199 
f 1118 1120 1200 3620 
f 1120 1123 1063 1200 
f 1123 1124 1201 1063 
f 1124 1126 1064 1201 
f 1126 1128 1202 1064 
f 1128 1130 1065 1202 
f 1130 1132 1203 1065 
f 1132 1135 1204 1203 
f 1135 1136 1205 1204 
f 1136 1138 1206 1205 
f 1138 1140 1066 1206 
f 1140 1142 1067 1066 
f 1142 1144 1068 1067 
f 1144 1146 1069 1068 
f 1146 1148 1207 1069 
f 1148 1150 1208 1207 
f 1150 1152 1209 1208 
f 1152 1154 1210 1209 
f 1154 1157 1211 1210 
f 1157 1159 1212 1211 
f 1159 1160 1213 1212 
f 1160 1162 1214 1213 
f 1162 1164 1070 1214 
f 1164 1166 1215 1070 
f 1166 1168 931 1215 
s 4
f 1259 1257 1216 1217 
f 1246 1247 1249 1248 
f 1248 1249 1252 1250 
f 1252 1254 1251 1250 
f 1254 1256 1253 1251 
f 1256 1258 1255 1253 
f 1258 1216 1257 1255 
s 1
f 1217 1216 1260 1169 
f 1249 1247 1261 1262 
f 1252 1249 1262 1263 
f 1254 1252 1263 1264 
f 1256 1254 1264 1265 
f 1258 1256 1265 1266 
f 1216 1258 1266 1260 
s 2
f 1294 1218 1267 1169 
f 1218 1219 1268 1267 
f 1219 1220 1269 1268 
f 1220 1221 1270 1269 
f 1221 1222 1271 1270 
f 1222 1223 1272 1271 
f 1223 1224 1273 1272 
f 1224 1225 1274 1273 
f 1225 1226 1275 1274 
f 1226 1227 1276 1275 
f 1227 1228 1277 1276 
f 1228 1229 1278 1277 
f 1229 1230 1182 1278 
f 1230 1231 1279 1182 
f 1231 1232 1183 1279 
f 1232 1233 1280 1183 
f 1233 1234 1184 1280 
f 1234 1235 1281 1184 
f 1235 1236 1282 1281 
f 1236 1237 1283 1282 
f 1237 1238 1284 1283 
f 1238 1239 1185 1284 
f 1239 1240 1186 1185 
f 1240 1241 1187 1186 
f 1241 1242 1188 1187 
f 1242 1243 1285 1188 
f 1243 1244 1286 1285 
f 1244 1245 1287 1286 
f 1245 1246 1288 1287 
f 1246 1248 1289 1288 
f 1248 1250 1290 1289 
f 1250 1251 1291 1290 
f 1251 1253 1292 1291 
f 1253 1255 1189 1292 
f 1255 1257 1293 1189 
f 1257 1259 1050 1293 
f 1169 1260 1295 1294 
f 1263 1262 1345 1296 
f 1264 1263 1296 1297 
f 1265 1264 1297 1298 
f 1266 1265 1298 1299 
f 1260 1266 1299 1295 
s 1
f 719 720 1301 1300 
f 720 721 1302 1301 
f 721 722 1303 1302 
f 722 723 1304 1303 
f 723 724 1305 1304 
f 724 725 1305 
f 725 726 1306 1305 
f 726 727 1307 1306 
f 727 728 1308 1307 
f 728 729 1309 1308 
f 729 730 1310 1309 
f 730 731 1311 1310 
f 731 732 1312 1311 
f 732 733 1313 1312 
f 733 734 1314 1313 
f 734 735 1315 1314 
f 735 736 1316 1315 
f 736 737 1317 1316 
f 737 738 1335 1317 
s 2
f 1300 1301 1319 1318 
f 1301 1302 1320 1319 
f 1302 1303 1321 1320 
f 1303 1304 1322 1321 
f 1304 1305 1323 1322 
f 1305 1306 1324 1323 
f 1306 1307 1324 
f 1307 1308 1325 1324 
f 1308 1309 1326 1325 
f 1309 1310 1327 1326 
f 1310 1311 1328 1327 
f 1311 1312 1329 1328 
f 1312 1313 1330 1329 
f 1313 1314 1331 1330 
f 1314 1315 1332 1331 
f 1315 1316 1333 1332 
f 1316 1317 1334 1333 
f 1317 1335 1336 1334 
s 1
f 738 739 1337 1335 
s 2
f 1335 1337 1338 1336 
s 1
f 739 740 1337 
s 2
f 1337 740 1339 1338 
f 740 741 1342 1339 
f 741 671 1340 1342 
f 671 673 1341 1340 
f 1341 673 1343 
s 1
f 1343 676 3816 3818 
f 676 678 3822 3816 
f 678 680 3825 3822 
f 680 682 3828 3825 
f 682 685 3831 3828 
f 685 687 3834 3831 
f 687 688 3837 3834 
f 688 690 3840 3837 
f 690 692 3843 3840 
f 692 694 3846 3843 
f 694 1318 3849 3846 
f 1318 1319 3852 3849 
f 1319 1320 3855 3852 
f 1320 1321 3858 3855 
f 1321 1322 3861 3858 
f 1322 1323 3864 3861 
f 1323 1324 3867 3864 
f 1324 1325 3870 3867 
f 1325 1326 3873 3870 
f 1326 1327 3876 3873 
f 1327 1328 3879 3876 
f 1328 1329 3882 3879 
f 1329 1330 3885 3882 
f 1330 1331 3888 3885 
f 1331 1332 3891 3888 
f 1332 1333 3894 3891 
f 1333 1334 3897 3894 
f 1334 1336 3900 3897 
f 1336 1338 3903 3900 
f 1338 1339 3906 3903 
f 1339 1342 3909 3906 
f 1342 1340 3912 3909 
f 1340 1341 3915 3912 
f 1341 1343 3818 3915 
s 2
f 1262 1261 1344 1345 
f 1261 1247 1344 
s 1
f 1218 1294 1358 1346 
f 1219 1218 1346 577 
f 1220 1219 577 1347 
f 1221 1220 1347 588 
f 1222 1221 588 1348 
f 1223 1222 1348 624 
f 1224 1223 624 589 
f 1225 1224 589 590 
f 1226 1225 590 625 
f 1227 1226 625 1349 
f 1228 1227 1349 578 
f 1229 1228 578 1350 
f 1230 1229 1350 1351 
f 1231 1230 1351 591 
f 1232 1231 591 579 
f 1233 1232 579 1352 
f 1234 1233 1352 1353 
f 1235 1234 1353 580 
f 1236 1235 580 581 
f 1237 1236 581 582 
f 1238 1237 582 583 
f 1239 1238 583 1354 
f 1240 1239 1354 626 
f 1241 1240 626 584 
f 1242 1241 584 1355 
f 1244 1243 1356 
f 1245 1244 1356 1357 
f 1294 1295 586 1358 
f 1296 1345 585 1359 
f 1297 1296 1359 1360 
f 1298 1297 1360 587 
f 1299 1298 587 1361 
f 1295 1299 1361 586 
f 1345 1344 1362 585 
s 2
f 656 653 652 
s 1
f 1364 1365 1366 1363 
f 1367 1363 1366 1368 
f 1369 1367 1368 1370 
f 1371 1369 1370 1372 
f 1373 1371 1372 1374 
f 1375 1373 1374 1376 
f 1377 1375 1376 1378 
f 1379 3750 3751 1380 
f 1381 3686 3687 1382 
f 1383 3622 3623 1384 
f 3386 3265 3266 3385 
f 1387 1385 1386 1388 
f 1389 1387 1388 1390 
f 1391 1389 1390 1392 
f 1393 1391 1392 1394 
f 1395 1393 1394 1396 
f 1397 1395 1396 1398 
f 3521 3456 3457 3520 
f 1401 1399 1400 1402 
f 1403 1401 1402 1404 
f 1405 1403 1404 1406 
f 1407 1405 1406 1408 
f 1409 1407 1408 1410 
f 1411 1409 1410 1412 
f 1413 1411 1412 1414 
f 1415 1413 1414 1416 
f 1417 1415 1416 1418 
f 1417 1418 1420 1419 
f 1422 1364 1363 1421 
f 1423 1421 1363 1367 
f 1424 1423 1367 1369 
f 1425 1424 1369 1371 
f 1426 1425 1371 1373 
f 1427 1426 1373 1375 
f 1428 1427 1375 1377 
f 1429 3752 3750 1379 
f 1430 3688 3686 1381 
f 1431 3624 3622 1383 
f 3387 3267 3265 3386 
f 1433 1432 1385 1387 
f 1434 1433 1387 1389 
f 1435 1434 1389 1391 
f 1436 1435 1391 1393 
f 1437 1436 1393 1395 
f 1438 1437 1395 1397 
f 3522 3519 3456 3521 
f 1440 1439 1399 1401 
f 1441 1440 1401 1403 
f 1442 1441 1403 1405 
f 1443 1442 1405 1407 
f 1444 1443 1407 1409 
f 1445 1444 1409 1411 
f 1446 1445 1411 1413 
f 1447 1446 1413 1415 
f 1448 1447 1415 1417 
f 1448 1417 1419 1449 
f 1450 1451 1422 1421 
f 1452 1450 1421 1423 
f 1453 1452 1423 1424 
f 1454 1453 1424 1425 
f 1455 1454 1425 1426 
f 1456 1455 1426 1427 
f 1457 1456 1427 1428 
f 1458 3753 3752 1429 
f 1459 3689 3688 1430 
f 1460 3625 3624 1431 
f 3388 3268 3267 3387 
f 1462 1461 1432 1433 
f 1463 1462 1433 1434 
f 1464 1463 1434 1435 
f 1465 1464 1435 1436 
f 1466 1465 1436 1437 
f 1467 1466 1437 1438 
f 3523 3518 3519 3522 
f 1469 1468 1439 1440 
f 1470 1469 1440 1441 
f 1471 1470 1441 1442 
f 1472 1471 1442 1443 
f 1473 1472 1443 1444 
f 1474 1473 1444 1445 
f 1475 1474 1445 1446 
f 1476 1475 1446 1447 
f 1477 1476 1447 1448 
f 1477 1448 1449 1478 
f 1480 1451 1450 1479 
f 1481 1479 1450 1452 
f 1482 1481 1452 1453 
f 1483 1482 1453 1454 
f 1484 1483 1454 1455 
f 1485 1484 1455 1456 
f 1486 1485 1456 1457 
f 1487 3754 3753 1458 
f 1488 3690 3689 1459 
f 1489 3626 3625 1460 
f 3389 3269 3268 3388 
f 1491 1490 1461 1462 
f 1492 1491 1462 1463 
f 1493 1492 1463 1464 
f 1494 1493 1464 1465 
f 1495 1494 1465 1466 
f 1496 1495 1466 1467 
f 3524 3517 3518 3523 
f 1498 1497 1468 1469 
f 1499 1498 1469 1470 
f 1500 1499 1470 1471 
f 1501 1500 1471 1472 
f 1502 1501 1472 1473 
f 1503 1502 1473 1474 
f 1504 1503 1474 1475 
f 1505 1504 1475 1476 
f 1506 1505 1476 1477 
f 1506 1477 1478 1507 
f 1508 1509 1480 1479 
f 1510 1508 1479 1481 
f 1511 1510 1481 1482 
f 1512 1511 1482 1483 
f 1513 1512 1483 1484 
f 1514 1513 1484 1485 
f 1515 1514 1485 1486 
f 1516 3755 3754 1487 
f 1517 3691 3690 1488 
f 1518 3627 3626 1489 
f 3390 3270 3269 3389 
f 1520 1519 1490 1491 
f 1521 1520 1491 1492 
f 1522 1521 1492 1493 
f 1523 1522 1493 1494 
f 1524 1523 1494 1495 
f 1525 1524 1495 1496 
f 3525 3516 3517 3524 
f 1527 1526 1497 1498 
f 1528 1527 1498 1499 
f 1529 1528 1499 1500 
f 1530 1529 1500 1501 
f 1531 1530 1501 1502 
f 1532 1531 1502 1503 
f 1533 1532 1503 1504 
f 1534 1533 1504 1505 
f 1535 1534 1505 1506 
f 1535 1506 1507 1536 
f 1538 1509 1508 1537 
f 1539 1537 1508 1510 
f 1540 1539 1510 1511 
f 1541 1540 1511 1512 
f 1542 1541 1512 1513 
f 1543 1542 1513 1514 
f 1544 1543 1514 1515 
f 1545 3756 3755 1516 
f 1546 3692 3691 1517 
f 1547 3628 3627 1518 
f 3391 3271 3270 3390 
f 1549 1548 1519 1520 
f 1550 1549 1520 1521 
f 1551 1550 1521 1522 
f 1552 1551 1522 1523 
f 1553 1552 1523 1524 
f 1554 1553 1524 1525 
f 3526 3515 3516 3525 
f 1556 1555 1526 1527 
f 1557 1556 1527 1528 
f 1558 1557 1528 1529 
f 1559 1558 1529 1530 
f 1560 1559 1530 1531 
f 1561 1560 1531 1532 
f 1562 1561 1532 1533 
f 1563 1562 1533 1534 
f 1564 1563 1534 1535 
f 1564 1535 1536 1565 
f 1567 1538 1537 1566 
f 1568 1566 1537 1539 
f 1569 1568 1539 1540 
f 1570 1569 1540 1541 
f 1571 1570 1541 1542 
f 1572 1571 1542 1543 
f 1573 1572 1543 1544 
f 1574 3757 3756 1545 
f 1575 3693 3692 1546 
f 1576 3629 3628 1547 
f 3392 3272 3271 3391 
f 1578 1577 1548 1549 
f 1579 1578 1549 1550 
f 1580 1579 1550 1551 
f 1581 1580 1551 1552 
f 1582 1581 1552 1553 
f 1583 1582 1553 1554 
f 3527 3514 3515 3526 
f 1585 1584 1555 1556 
f 1586 1585 1556 1557 
f 1587 1586 1557 1558 
f 1588 1587 1558 1559 
f 1589 1588 1559 1560 
f 1590 1589 1560 1561 
f 1591 1590 1561 1562 
f 1592 1591 1562 1563 
f 1593 1592 1563 1564 
f 1593 1564 1565 1594 
f 1596 1567 1566 1595 
f 1597 1595 1566 1568 
f 1598 1597 1568 1569 
f 1599 1598 1569 1570 
f 1600 1599 1570 1571 
f 1601 1600 1571 1572 
f 1602 1601 1572 1573 
f 1603 3758 3757 1574 
f 1604 3694 3693 1575 
f 1605 3630 3629 1576 
f 3393 3273 3272 3392 
f 1607 1606 1577 1578 
f 1608 1607 1578 1579 
f 1609 1608 1579 1580 
f 1610 1609 1580 1581 
f 1611 1610 1581 1582 
f 1612 1611 1582 1583 
f 3528 3513 3514 3527 
f 1614 1613 1584 1585 
f 1615 1614 1585 1586 
f 1616 1615 1586 1587 
f 1617 1616 1587 1588 
f 1618 1617 1588 1589 
f 1619 1618 1589 1590 
f 1620 1619 1590 1591 
f 1621 1620 1591 1592 
f 1622 1621 1592 1593 
f 1622 1593 1594 1623 
f 1625 1596 1595 1624 
f 1626 1624 1595 1597 
f 1627 1626 1597 1598 
f 1628 1627 1598 1599 
f 1629 1628 1599 1600 
f 1630 1629 1600 1601 
f 1631 1630 1601 1602 
f 1632 3759 3758 1603 
f 1633 3695 3694 1604 
f 1634 3631 3630 1605 
f 3394 3274 3273 3393 
f 1636 1635 1606 1607 
f 1637 1636 1607 1608 
f 1638 1637 1608 1609 
f 1639 1638 1609 1610 
f 1640 1639 1610 1611 
f 1641 1640 1611 1612 
f 3529 3512 3513 3528 
f 1643 1642 1613 1614 
f 1644 1643 1614 1615 
f 1645 1644 1615 1616 
f 1646 1645 1616 1617 
f 1647 1646 1617 1618 
f 1648 1647 1618 1619 
f 1649 1648 1619 1620 
f 1650 1649 1620 1621 
f 1651 1650 1621 1622 
f 1651 1622 1623 1652 
f 1654 1625 1624 1653 
f 1655 1653 1624 1626 
f 1656 1655 1626 1627 
f 1657 1656 1627 1628 
f 1658 1657 1628 1629 
f 1659 1658 1629 1630 
f 1660 1659 1630 1631 
f 1661 3760 3759 1632 
f 1662 3696 3695 1633 
f 1663 3632 3631 1634 
f 3395 3275 3274 3394 
f 1665 1664 1635 1636 
f 1666 1665 1636 1637 
f 1667 1666 1637 1638 
f 1668 1667 1638 1639 
f 1669 1668 1639 1640 
f 1670 1669 1640 1641 
f 3530 3511 3512 3529 
f 1672 1671 1642 1643 
f 1673 1672 1643 1644 
f 1674 1673 1644 1645 
f 1675 1674 1645 1646 
f 1676 1675 1646 1647 
f 1677 1676 1647 1648 
f 1678 1677 1648 1649 
f 1679 1678 1649 1650 
f 1680 1679 1650 1651 
f 1680 1651 1652 1681 
f 1683 1654 1653 1682 
f 1684 1682 1653 1655 
f 1685 1684 1655 1656 
f 1686 1685 1656 1657 
f 1687 1686 1657 1658 
f 1688 1687 1658 1659 
f 1689 1688 1659 1660 
f 1690 3761 3760 1661 
f 1691 3697 3696 1662 
f 1692 3633 3632 1663 
f 3396 3276 3275 3395 
f 1694 1693 1664 1665 
f 1695 1694 1665 1666 
f 1696 1695 1666 1667 
f 1697 1696 1667 1668 
f 1698 1697 1668 1669 
f 1699 1698 1669 1670 
f 3531 3510 3511 3530 
f 1701 1700 1671 1672 
f 1702 1701 1672 1673 
f 1703 1702 1673 1674 
f 1704 1703 1674 1675 
f 1705 1704 1675 1676 
f 1706 1705 1676 1677 
f 1707 1706 1677 1678 
f 1708 1707 1678 1679 
f 1709 1708 1679 1680 
f 1709 1680 1681 1710 
f 1712 1683 1682 1711 
f 1713 1711 1682 1684 
f 1714 1713 1684 1685 
f 1715 1714 1685 1686 
f 1716 1715 1686 1687 
f 1717 1716 1687 1688 
f 1718 1717 1688 1689 
f 1719 3762 3761 1690 
f 1720 3698 3697 1691 
f 1721 3634 3633 1692 
f 3397 3277 3276 3396 
f 1723 1722 1693 1694 
f 1724 1723 1694 1695 
f 1725 1724 1695 1696 
f 1726 1725 1696 1697 
f 1727 1726 1697 1698 
f 1728 1727 1698 1699 
f 3532 3509 3510 3531 
f 1730 1729 1700 1701 
f 1731 1730 1701 1702 
f 1732 1731 1702 1703 
f 1733 1732 1703 1704 
f 1734 1733 1704 1705 
f 1735 1734 1705 1706 
f 1736 1735 1706 1707 
f 1737 1736 1707 1708 
f 1738 1737 1708 1709 
f 1738 1709 1710 1739 
f 1741 1712 1711 1740 
f 1742 1740 1711 1713 
f 1743 1742 1713 1714 
f 1744 1743 1714 1715 
f 1745 1744 1715 1716 
f 1746 1745 1716 1717 
f 1747 1746 1717 1718 
f 1748 3763 3762 1719 
f 1749 3699 3698 1720 
f 1750 3635 3634 1721 
f 3398 3278 3277 3397 
f 1752 1751 1722 1723 
f 1753 1752 1723 1724 
f 1754 1753 1724 1725 
f 1755 1754 1725 1726 
f 1756 1755 1726 1727 
f 1757 1756 1727 1728 
f 3533 3508 3509 3532 
f 1759 1758 1729 1730 
f 1760 1759 1730 1731 
f 1761 1760 1731 1732 
f 1762 1761 1732 1733 
f 1763 1762 1733 1734 
f 1764 1763 1734 1735 
f 1765 1764 1735 1736 
f 1766 1765 1736 1737 
f 1767 1766 1737 1738 
f 1767 1738 1739 1768 
f 1770 1741 1740 1769 
f 1771 1769 1740 1742 
f 1772 1771 1742 1743 
f 1773 1772 1743 1744 
f 1774 1773 1744 1745 
f 1775 1774 1745 1746 
f 1776 1775 1746 1747 
f 1777 3764 3763 1748 
f 1778 3700 3699 1749 
f 1779 3636 3635 1750 
f 3399 3279 3278 3398 
f 1781 1780 1751 1752 
f 1782 1781 1752 1753 
f 1783 1782 1753 1754 
f 1784 1783 1754 1755 
f 1785 1784 1755 1756 
f 1786 1785 1756 1757 
f 3534 3507 3508 3533 
f 1788 1787 1758 1759 
f 1789 1788 1759 1760 
f 1790 1789 1760 1761 
f 1791 1790 1761 1762 
f 1792 1791 1762 1763 
f 1793 1792 1763 1764 
f 1794 1793 1764 1765 
f 1795 1794 1765 1766 
f 1796 1795 1766 1767 
f 1796 1767 1768 1797 
f 1799 1770 1769 1798 
f 1800 1798 1769 1771 
f 1801 1800 1771 1772 
f 1802 1801 1772 1773 
f 1803 1802 1773 1774 
f 1804 1803 1774 1775 
f 1805 1804 1775 1776 
f 1806 3765 3764 1777 
f 1807 3701 3700 1778 
f 1808 3637 3636 1779 
f 3400 3280 3279 3399 
f 1810 1809 1780 1781 
f 1811 1810 1781 1782 
f 1812 1811 1782 1783 
f 1813 1812 1783 1784 
f 1814 1813 1784 1785 
f 1815 1814 1785 1786 
f 3535 3506 3507 3534 
f 1817 1816 1787 1788 
f 1818 1817 1788 1789 
f 1819 1818 1789 1790 
f 1820 1819 1790 1791 
f 1821 1820 1791 1792 
f 1822 1821 1792 1793 
f 1823 1822 1793 1794 
f 1824 1823 1794 1795 
f 1825 1824 1795 1796 
f 1825 1796 1797 1826 
f 1828 1799 1798 1827 
f 1829 1827 1798 1800 
f 1830 1829 1800 1801 
f 1831 1830 1801 1802 
f 1832 1831 1802 1803 
f 1833 1832 1803 1804 
f 1834 1833 1804 1805 
f 1835 3766 3765 1806 
f 1836 3702 3701 1807 
f 1837 3638 3637 1808 
f 3401 3281 3280 3400 
f 1839 1838 1809 1810 
f 1840 1839 1810 1811 
f 1841 1840 1811 1812 
f 1842 1841 1812 1813 
f 1843 1842 1813 1814 
f 1844 1843 1814 1815 
f 3536 3505 3506 3535 
f 1846 1845 1816 1817 
f 1847 1846 1817 1818 
f 1848 1847 1818 1819 
f 1849 1848 1819 1820 
f 1850 1849 1820 1821 
f 1851 1850 1821 1822 
f 1852 1851 1822 1823 
f 1853 1852 1823 1824 
f 1854 1853 1824 1825 
f 1854 1825 1826 1855 
f 1857 1828 1827 1856 
f 1858 1856 1827 1829 
f 1859 1858 1829 1830 
f 1860 1859 1830 1831 
f 1861 1860 1831 1832 
f 1862 1861 1832 1833 
f 1863 1862 1833 1834 
f 1864 3767 3766 1835 
f 1865 3703 3702 1836 
f 1866 3639 3638 1837 
f 3402 3282 3281 3401 
f 1868 1867 1838 1839 
f 1869 1868 1839 1840 
f 1870 1869 1840 1841 
f 1871 1870 1841 1842 
f 1872 1871 1842 1843 
f 1873 1872 1843 1844 
f 3537 3504 3505 3536 
f 1875 1874 1845 1846 
f 1876 1875 1846 1847 
f 1877 1876 1847 1848 
f 1878 1877 1848 1849 
f 1879 1878 1849 1850 
f 1880 1879 1850 1851 
f 1881 1880 1851 1852 
f 1882 1881 1852 1853 
f 1883 1882 1853 1854 
f 1883 1854 1855 1884 
f 1886 1857 1856 1885 
f 1887 1885 1856 1858 
f 1888 1887 1858 1859 
f 1889 1888 1859 1860 
f 1890 1889 1860 1861 
f 1891 1890 1861 1862 
f 1892 1891 1862 1863 
f 1893 3768 3767 1864 
f 1894 3704 3703 1865 
f 1895 3640 3639 1866 
f 3403 3283 3282 3402 
f 1897 1896 1867 1868 
f 1898 1897 1868 1869 
f 1899 1898 1869 1870 
f 1900 1899 1870 1871 
f 1901 1900 1871 1872 
f 1902 1901 1872 1873 
f 3538 3503 3504 3537 
f 1904 1903 1874 1875 
f 1905 1904 1875 1876 
f 1906 1905 1876 1877 
f 1907 1906 1877 1878 
f 1908 1907 1878 1879 
f 1909 1908 1879 1880 
f 1910 1909 1880 1881 
f 1911 1910 1881 1882 
f 1912 1911 1882 1883 
f 1912 1883 1884 1913 
f 1915 1886 1885 1914 
f 1916 1914 1885 1887 
f 1917 1916 1887 1888 
f 1918 1917 1888 1889 
f 1919 1918 1889 1890 
f 1920 1919 1890 1891 
f 1921 1920 1891 1892 
f 1922 3769 3768 1893 
f 1923 3705 3704 1894 
f 1924 3641 3640 1895 
f 3404 3284 3283 3403 
f 1926 1925 1896 1897 
f 1927 1926 1897 1898 
f 1928 1927 1898 1899 
f 1929 1928 1899 1900 
f 1930 1929 1900 1901 
f 1931 1930 1901 1902 
f 3539 3502 3503 3538 
f 1933 1932 1903 1904 
f 1934 1933 1904 1905 
f 1935 1934 1905 1906 
f 1936 1935 1906 1907 
f 1937 1936 1907 1908 
f 1938 1937 1908 1909 
f 1939 1938 1909 1910 
f 1940 1939 1910 1911 
f 1941 1940 1911 1912 
f 1941 1912 1913 1942 
f 1944 1915 1914 1943 
f 1945 1943 1914 1916 
f 1946 1945 1916 1917 
f 1947 1946 1917 1918 
f 1948 1947 1918 1919 
f 1949 1948 1919 1920 
f 1950 1949 1920 1921 
f 1951 3770 3769 1922 
f 1952 3706 3705 1923 
f 1953 3642 3641 1924 
f 3405 3285 3284 3404 
f 1955 1954 1925 1926 
f 1956 1955 1926 1927 
f 1957 1956 1927 1928 
f 1958 1957 1928 1929 
f 1959 1958 1929 1930 
f 1960 1959 1930 1931 
f 3540 3501 3502 3539 
f 1962 1961 1932 1933 
f 1963 1962 1933 1934 
f 1964 1963 1934 1935 
f 1965 1964 1935 1936 
f 1966 1965 1936 1937 
f 1967 1966 1937 1938 
f 1968 1967 1938 1939 
f 1969 1968 1939 1940 
f 1970 1969 1940 1941 
f 1970 1941 1942 1971 
f 1973 1944 1943 1972 
f 1974 1972 1943 1945 
f 1975 1974 1945 1946 
f 1976 1975 1946 1947 
f 1977 1976 1947 1948 
f 1978 1977 1948 1949 
f 1979 1978 1949 1950 
f 1980 3771 3770 1951 
f 1981 3707 3706 1952 
f 1982 3643 3642 1953 
f 3406 3286 3285 3405 
f 1984 1983 1954 1955 
f 1985 1984 1955 1956 
f 1986 1985 1956 1957 
f 1987 1986 1957 1958 
f 1988 1987 1958 1959 
f 1989 1988 1959 1960 
f 3541 3500 3501 3540 
f 1991 1990 1961 1962 
f 1992 1991 1962 1963 
f 1993 1992 1963 1964 
f 1994 1993 1964 1965 
f 1995 1994 1965 1966 
f 1996 1995 1966 1967 
f 1997 1996 1967 1968 
f 1998 1997 1968 1969 
f 1999 1998 1969 1970 
f 1999 1970 1971 2000 
f 2002 1973 1972 2001 
f 2003 2001 1972 1974 
f 2004 2003 1974 1975 
f 2005 2004 1975 1976 
f 2006 2005 1976 1977 
f 2007 2006 1977 1978 
f 2008 2007 1978 1979 
f 2009 3772 3771 1980 
f 2010 3708 3707 1981 
f 2011 3644 3643 1982 
f 3407 3287 3286 3406 
f 2013 2012 1983 1984 
f 2014 2013 1984 1985 
f 2015 2014 1985 1986 
f 2016 2015 1986 1987 
f 2017 2016 1987 1988 
f 2018 2017 1988 1989 
f 3542 3499 3500 3541 
f 2020 2019 1990 1991 
f 2021 2020 1991 1992 
f 2022 2021 1992 1993 
f 2023 2022 1993 1994 
f 2024 2023 1994 1995 
f 2025 2024 1995 1996 
f 2026 2025 1996 1997 
f 2027 2026 1997 1998 
f 2028 2027 1998 1999 
f 2028 1999 2000 2029 
f 2031 2002 2001 2030 
f 2032 2030 2001 2003 
f 2033 2032 2003 2004 
f 2034 2033 2004 2005 
f 2035 2034 2005 2006 
f 2036 2035 2006 2007 
f 2037 2036 2007 2008 
f 2038 3773 3772 2009 
f 2039 3709 3708 2010 
f 2040 3645 3644 2011 
f 3408 3288 3287 3407 
f 2042 2041 2012 2013 
f 2043 2042 2013 2014 
f 2044 2043 2014 2015 
f 2045 2044 2015 2016 
f 2046 2045 2016 2017 
f 2047 2046 2017 2018 
f 3543 3498 3499 3542 
f 2049 2048 2019 2020 
f 2050 2049 2020 2021 
f 2051 2050 2021 2022 
f 2052 2051 2022 2023 
f 2053 2052 2023 2024 
f 2054 2053 2024 2025 
f 2055 2054 2025 2026 
f 2056 2055 2026 2027 
f 2057 2056 2027 2028 
f 2057 2028 2029 2058 
f 2060 2031 2030 2059 
f 2061 2059 2030 2032 
f 2062 2061 2032 2033 
f 2063 2062 2033 2034 
f 2064 2063 2034 2035 
f 2065 2064 2035 2036 
f 2066 2065 2036 2037 
f 2067 3774 3773 2038 
f 2068 3710 3709 2039 
f 2069 3646 3645 2040 
f 3409 3289 3288 3408 
f 2071 2070 2041 2042 
f 2072 2071 2042 2043 
f 2073 2072 2043 2044 
f 2074 2073 2044 2045 
f 2075 2074 2045 2046 
f 2076 2075 2046 2047 
f 3544 3497 3498 3543 
f 2078 2077 2048 2049 
f 2079 2078 2049 2050 
f 2080 2079 2050 2051 
f 2081 2080 2051 2052 
f 2082 2081 2052 2053 
f 2083 2082 2053 2054 
f 2084 2083 2054 2055 
f 2085 2084 2055 2056 
f 2086 2085 2056 2057 
f 2086 2057 2058 2087 
f 2089 2060 2059 2088 
f 2090 2088 2059 2061 
f 2091 2090 2061 2062 
f 2092 2091 2062 2063 
f 2093 2092 2063 2064 
f 2094 2093 2064 2065 
f 2095 2094 2065 2066 
f 2096 3775 3774 2067 
f 2097 3711 3710 2068 
f 2098 3647 3646 2069 
f 3410 3290 3289 3409 
f 2100 2099 2070 2071 
f 2101 2100 2071 2072 
f 2102 2101 2072 2073 
f 2103 2102 2073 2074 
f 2104 2103 2074 2075 
f 2105 2104 2075 2076 
f 3545 3496 3497 3544 
f 2107 2106 2077 2078 
f 2108 2107 2078 2079 
f 2109 2108 2079 2080 
f 2110 2109 2080 2081 
f 2111 2110 2081 2082 
f 2112 2111 2082 2083 
f 2113 2112 2083 2084 
f 2114 2113 2084 2085 
f 2115 2114 2085 2086 
f 2115 2086 2087 2116 
f 2118 2089 2088 2117 
f 2119 2117 2088 2090 
f 2120 2119 2090 2091 
f 2121 2120 2091 2092 
f 2122 2121 2092 2093 
f 2123 2122 2093 2094 
f 2124 2123 2094 2095 
f 2125 3776 3775 2096 
f 2126 3712 3711 2097 
f 2127 3648 3647 2098 
f 3411 3291 3290 3410 
f 2129 2128 2099 2100 
f 2130 2129 2100 2101 
f 2131 2130 2101 2102 
f 2132 2131 2102 2103 
f 2133 2132 2103 2104 
f 2134 2133 2104 2105 
f 3546 3495 3496 3545 
f 2136 2135 2106 2107 
f 2137 2136 2107 2108 
f 2138 2137 2108 2109 
f 2139 2138 2109 2110 
f 2140 2139 2110 2111 
f 2141 2140 2111 2112 
f 2142 2141 2112 2113 
f 2143 2142 2113 2114 
f 2144 2143 2114 2115 
f 2144 2115 2116 2145 
f 2147 2118 2117 2146 
f 2148 2146 2117 2119 
f 2149 2148 2119 2120 
f 2150 2149 2120 2121 
f 2151 2150 2121 2122 
f 2152 2151 2122 2123 
f 2153 2152 2123 2124 
f 2154 3777 3776 2125 
f 2155 3713 3712 2126 
f 2156 3649 3648 2127 
f 3412 3292 3291 3411 
f 2158 2157 2128 2129 
f 2159 2158 2129 2130 
f 2160 2159 2130 2131 
f 2161 2160 2131 2132 
f 2162 2161 2132 2133 
f 2163 2162 2133 2134 
f 3547 3494 3495 3546 
f 2165 2164 2135 2136 
f 2166 2165 2136 2137 
f 2167 2166 2137 2138 
f 2168 2167 2138 2139 
f 2169 2168 2139 2140 
f 2170 2169 2140 2141 
f 2171 2170 2141 2142 
f 2172 2171 2142 2143 
f 2173 2172 2143 2144 
f 2173 2144 2145 2174 
f 2176 2147 2146 2175 
f 2177 2175 2146 2148 
f 2178 2177 2148 2149 
f 2179 2178 2149 2150 
f 2180 2179 2150 2151 
f 2181 2180 2151 2152 
f 2182 2181 2152 2153 
f 2183 3778 3777 2154 
f 2184 3714 3713 2155 
f 2185 3650 3649 2156 
f 3413 3293 3292 3412 
f 2187 2186 2157 2158 
f 2188 2187 2158 2159 
f 2189 2188 2159 2160 
f 2190 2189 2160 2161 
f 2191 2190 2161 2162 
f 2192 2191 2162 2163 
f 3548 3493 3494 3547 
f 2194 2193 2164 2165 
f 2195 2194 2165 2166 
f 2196 2195 2166 2167 
f 2197 2196 2167 2168 
f 2198 2197 2168 2169 
f 2199 2198 2169 2170 
f 2200 2199 2170 2171 
f 2201 2200 2171 2172 
f 2202 2201 2172 2173 
f 2202 2173 2174 2203 
f 2205 2176 2175 2204 
f 2206 2204 2175 2177 
f 2207 2206 2177 2178 
f 2208 2207 2178 2179 
f 2209 2208 2179 2180 
f 2210 2209 2180 2181 
f 2211 2210 2181 2182 
f 2212 3779 3778 2183 
f 2213 3749 3714 2184 
f 3453 3651 3650 2185 
f 3452 3294 3293 3413 
f 2215 2214 2186 2187 
f 2216 2215 2187 2188 
f 2217 2216 2188 2189 
f 2218 2217 2189 2190 
f 2219 2218 2190 2191 
f 2220 2219 2191 2192 
f 3549 3492 3493 3548 
f 2222 2221 2193 2194 
f 2223 2222 2194 2195 
f 2224 2223 2195 2196 
f 2225 2224 2196 2197 
f 2226 2225 2197 2198 
f 2227 2226 2198 2199 
f 2228 2227 2199 2200 
f 2229 2228 2200 2201 
f 2230 2229 2201 2202 
f 2230 2202 2203 2231 
f 2234 2232 2204 2206 
f 2235 2234 2206 2207 
f 2236 2235 2207 2208 
f 2237 2236 2208 2209 
f 2238 2237 2209 2210 
f 2239 2238 2210 2211 
f 2240 3780 3779 2212 
f 2244 2243 2214 2215 
f 2245 2244 2215 2216 
f 2246 2245 2216 2217 
f 2247 2246 2217 2218 
f 2248 2247 2218 2219 
f 2249 2248 2219 2220 
f 3550 3491 3492 3549 
f 2251 2250 2221 2222 
f 2252 2251 2222 2223 
f 2253 2252 2223 2224 
f 2254 2253 2224 2225 
f 2255 2254 2225 2226 
f 2256 2255 2226 2227 
f 2257 2256 2227 2228 
f 2258 2257 2228 2229 
f 2259 2258 2229 2230 
f 2259 2230 2231 2260 
f 2263 2261 2232 2234 
f 2264 2263 2234 2235 
f 2265 2264 2235 2236 
f 2266 2265 2236 2237 
f 2267 2266 2237 2238 
f 2268 2267 2238 2239 
f 2269 3781 3780 2240 
f 2270 3716 3715 2241 
f 2271 3653 3652 2242 
f 2273 2272 2243 2244 
f 2274 2273 2244 2245 
f 2275 2274 2245 2246 
f 2276 2275 2246 2247 
f 2277 2276 2247 2248 
f 2278 2277 2248 2249 
f 3551 3490 3491 3550 
f 2280 2279 2250 2251 
f 2281 2280 2251 2252 
f 2282 2281 2252 2253 
f 2283 2282 2253 2254 
f 2284 2283 2254 2255 
f 2285 2284 2255 2256 
f 2286 2285 2256 2257 
f 2287 2286 2257 2258 
f 2288 2287 2258 2259 
f 2288 2259 2260 2289 
f 2292 2290 2261 2263 
f 2293 2292 2263 2264 
f 2294 2293 2264 2265 
f 2295 2294 2265 2266 
f 2296 2295 2266 2267 
f 2297 2296 2267 2268 
f 2298 3782 3781 2269 
f 2299 3717 3716 2270 
f 2300 3654 3653 2271 
f 2302 2301 2272 2273 
f 2303 2302 2273 2274 
f 2304 2303 2274 2275 
f 2305 2304 2275 2276 
f 2306 2305 2276 2277 
f 2307 2306 2277 2278 
f 3552 3489 3490 3551 
f 2309 2308 2279 2280 
f 2310 2309 2280 2281 
f 2311 2310 2281 2282 
f 2312 2311 2282 2283 
f 2313 2312 2283 2284 
f 2314 2313 2284 2285 
f 2315 2314 2285 2286 
f 2316 2315 2286 2287 
f 2317 2316 2287 2288 
f 2317 2288 2289 2318 
f 2321 2319 2290 2292 
f 2322 2321 2292 2293 
f 2323 2322 2293 2294 
f 2324 2323 2294 2295 
f 2325 2324 2295 2296 
f 2326 2325 2296 2297 
f 2327 3783 3782 2298 
f 2328 3718 3717 2299 
f 2329 3655 3654 2300 
f 2331 2330 2301 2302 
f 2332 2331 2302 2303 
f 2333 2332 2303 2304 
f 2334 2333 2304 2305 
f 2335 2334 2305 2306 
f 2336 2335 2306 2307 
f 3553 3488 3489 3552 
f 2338 2337 2308 2309 
f 2339 2338 2309 2310 
f 2340 2339 2310 2311 
f 2341 2340 2311 2312 
f 2342 2341 2312 2313 
f 2343 2342 2313 2314 
f 2344 2343 2314 2315 
f 2345 2344 2315 2316 
f 2346 2345 2316 2317 
f 2346 2317 2318 2347 
f 2350 2348 2319 2321 
f 2351 2350 2321 2322 
f 2352 2351 2322 2323 
f 2353 2352 2323 2324 
f 2354 2353 2324 2325 
f 2355 2354 2325 2326 
f 2356 3784 3783 2327 
f 2357 3719 3718 2328 
f 2357 2328 3655 3685 
f 2359 3455 2331 2332 
f 2360 2359 2332 2333 
f 2361 2360 2333 2334 
f 2362 2361 2334 2335 
f 2363 2362 2335 2336 
f 3554 3487 3488 3553 
f 2365 2364 2337 2338 
f 2366 2365 2338 2339 
f 2367 2366 2339 2340 
f 2368 2367 2340 2341 
f 2369 2368 2341 2342 
f 2370 2369 2342 2343 
f 2371 2370 2343 2344 
f 2372 2371 2344 2345 
f 2373 2372 2345 2346 
f 2373 2346 2347 2374 
f 2348 2375 2376 2349 
f 2377 2375 2348 2350 
f 2378 2377 2350 2351 
f 2379 2378 2351 2352 
f 2380 2379 2352 2353 
f 2381 2380 2353 2354 
f 2382 2381 2354 2355 
f 2383 3785 3784 2356 
f 2384 3720 3719 2357 
f 2385 3656 3685 2358 
f 3356 3295 3296 3445 
f 2387 2386 3454 3455 
f 2388 2387 3455 2359 
f 2389 2388 2359 2360 
f 2390 2389 2360 2361 
f 2391 2390 2361 2362 
f 2392 2391 2362 2363 
f 3555 3486 3487 3554 
f 2394 2393 2364 2365 
f 2395 2394 2365 2366 
f 2396 2395 2366 2367 
f 2397 2396 2367 2368 
f 2398 2397 2368 2369 
f 2399 2398 2369 2370 
f 2400 2399 2370 2371 
f 2401 2400 2371 2372 
f 2402 2401 2372 2373 
f 2402 2373 2374 2403 
f 2405 2376 2375 2404 
f 2406 2404 2375 2377 
f 2407 2406 2377 2378 
f 2408 2407 2378 2379 
f 2409 2408 2379 2380 
f 2410 2409 2380 2381 
f 2411 2410 2381 2382 
f 2412 3786 3785 2383 
f 2413 3721 3720 2384 
f 2414 3657 3656 2385 
f 3357 3297 3295 3356 
f 2416 2415 2386 2387 
f 2417 2416 2387 2388 
f 2418 2417 2388 2389 
f 2419 2418 2389 2390 
f 2420 2419 2390 2391 
f 2421 2420 2391 2392 
f 3556 3485 3486 3555 
f 2423 2422 2393 2394 
f 2424 2423 2394 2395 
f 2425 2424 2395 2396 
f 2426 2425 2396 2397 
f 2427 2426 2397 2398 
f 2428 2427 2398 2399 
f 2429 2428 2399 2400 
f 2430 2429 2400 2401 
f 2431 2430 2401 2402 
f 2431 2402 2403 2432 
f 2434 2405 2404 2433 
f 2435 2433 2404 2406 
f 2436 2435 2406 2407 
f 2437 2436 2407 2408 
f 2438 2437 2408 2409 
f 2439 2438 2409 2410 
f 2440 2439 2410 2411 
f 2441 3787 3786 2412 
f 2442 3722 3721 2413 
f 2443 3658 3657 2414 
f 3358 3298 3297 3357 
f 2445 2444 2415 2416 
f 2446 2445 2416 2417 
f 2447 2446 2417 2418 
f 2448 2447 2418 2419 
f 2449 2448 2419 2420 
f 2450 2449 2420 2421 
f 3557 3484 3485 3556 
f 2452 2451 2422 2423 
f 2453 2452 2423 2424 
f 2454 2453 2424 2425 
f 2455 2454 2425 2426 
f 2456 2455 2426 2427 
f 2457 2456 2427 2428 
f 2458 2457 2428 2429 
f 2459 2458 2429 2430 
f 2460 2459 2430 2431 
f 2460 2431 2432 2461 
f 2463 2434 2433 2462 
f 2464 2462 2433 2435 
f 2465 2464 2435 2436 
f 2466 2465 2436 2437 
f 2467 2466 2437 2438 
f 2468 2467 2438 2439 
f 2469 2468 2439 2440 
f 2470 3788 3787 2441 
f 2471 3723 3722 2442 
f 2472 3659 3658 2443 
f 3359 3299 3298 3358 
f 2474 2473 2444 2445 
f 2475 2474 2445 2446 
f 2476 2475 2446 2447 
f 2477 2476 2447 2448 
f 2478 2477 2448 2449 
f 2479 2478 2449 2450 
f 3558 3483 3484 3557 
f 2481 2480 2451 2452 
f 2482 2481 2452 2453 
f 2483 2482 2453 2454 
f 2484 2483 2454 2455 
f 2485 2484 2455 2456 
f 2486 2485 2456 2457 
f 2487 2486 2457 2458 
f 2488 2487 2458 2459 
f 2489 2488 2459 2460 
f 2489 2460 2461 2490 
f 2492 2463 2462 2491 
f 2493 2491 2462 2464 
f 2494 2493 2464 2465 
f 2495 2494 2465 2466 
f 2496 2495 2466 2467 
f 2497 2496 2467 2468 
f 2498 2497 2468 2469 
f 2499 3789 3788 2470 
f 2500 3724 3723 2471 
f 2501 3660 3659 2472 
f 3360 3300 3299 3359 
f 2503 2502 2473 2474 
f 2504 2503 2474 2475 
f 2505 2504 2475 2476 
f 2506 2505 2476 2477 
f 2507 2506 2477 2478 
f 2508 2507 2478 2479 
f 3559 3482 3483 3558 
f 2510 2509 2480 2481 
f 2511 2510 2481 2482 
f 2512 2511 2482 2483 
f 2513 2512 2483 2484 
f 2514 2513 2484 2485 
f 2515 2514 2485 2486 
f 2516 2515 2486 2487 
f 2517 2516 2487 2488 
f 2518 2517 2488 2489 
f 2518 2489 2490 2519 
f 2521 2492 2491 2520 
f 2522 2520 2491 2493 
f 2523 2522 2493 2494 
f 2524 2523 2494 2495 
f 2525 2524 2495 2496 
f 2526 2525 2496 2497 
f 2527 2526 2497 2498 
f 2528 3790 3789 2499 
f 2529 3725 3724 2500 
f 2530 3661 3660 2501 
f 3361 3301 3300 3360 
f 2532 2531 2502 2503 
f 2533 2532 2503 2504 
f 2534 2533 2504 2505 
f 2535 2534 2505 2506 
f 2536 2535 2506 2507 
f 2537 2536 2507 2508 
f 3560 3481 3482 3559 
f 2539 2538 2509 2510 
f 2540 2539 2510 2511 
f 2541 2540 2511 2512 
f 2542 2541 2512 2513 
f 2543 2542 2513 2514 
f 2544 2543 2514 2515 
f 2545 2544 2515 2516 
f 2546 2545 2516 2517 
f 2547 2546 2517 2518 
f 2547 2518 2519 2548 
f 2550 2521 2520 2549 
f 2551 2549 2520 2522 
f 2552 2551 2522 2523 
f 2553 2552 2523 2524 
f 2554 2553 2524 2525 
f 2555 2554 2525 2526 
f 2556 2555 2526 2527 
f 2557 3791 3790 2528 
f 2558 3726 3725 2529 
f 2559 3662 3661 2530 
f 3362 3302 3301 3361 
f 2561 2560 2531 2532 
f 2562 2561 2532 2533 
f 2563 2562 2533 2534 
f 2564 2563 2534 2535 
f 2565 2564 2535 2536 
f 2566 2565 2536 2537 
f 3561 3480 3481 3560 
f 2568 2567 2538 2539 
f 2569 2568 2539 2540 
f 2570 2569 2540 2541 
f 2571 2570 2541 2542 
f 2572 2571 2542 2543 
f 2573 2572 2543 2544 
f 2574 2573 2544 2545 
f 2575 2574 2545 2546 
f 2576 2575 2546 2547 
f 2576 2547 2548 2577 
f 2579 2550 2549 2578 
f 2580 2578 2549 2551 
f 2581 2580 2551 2552 
f 2582 2581 2552 2553 
f 2583 2582 2553 2554 
f 2584 2583 2554 2555 
f 2585 2584 2555 2556 
f 2586 3792 3791 2557 
f 2587 3727 3726 2558 
f 2588 3663 3662 2559 
f 3363 3303 3302 3362 
f 2590 2589 2560 2561 
f 2591 2590 2561 2562 
f 2592 2591 2562 2563 
f 2593 2592 2563 2564 
f 2594 2593 2564 2565 
f 2595 2594 2565 2566 
f 3562 3479 3480 3561 
f 2597 2596 2567 2568 
f 2598 2597 2568 2569 
f 2599 2598 2569 2570 
f 2600 2599 2570 2571 
f 2601 2600 2571 2572 
f 2602 2601 2572 2573 
f 2603 2602 2573 2574 
f 2604 2603 2574 2575 
f 2605 2604 2575 2576 
f 2605 2576 2577 2606 
f 2608 2579 2578 2607 
f 2609 2607 2578 2580 
f 2610 2609 2580 2581 
f 2611 2610 2581 2582 
f 2612 2611 2582 2583 
f 2613 2612 2583 2584 
f 2614 2613 2584 2585 
f 2615 3793 3792 2586 
f 2616 3728 3727 2587 
f 2617 3664 3663 2588 
f 3364 3304 3303 3363 
f 2619 2618 2589 2590 
f 2620 2619 2590 2591 
f 2621 2620 2591 2592 
f 2622 2621 2592 2593 
f 2623 2622 2593 2594 
f 2624 2623 2594 2595 
f 3563 3478 3479 3562 
f 2626 2625 2596 2597 
f 2627 2626 2597 2598 
f 2628 2627 2598 2599 
f 2629 2628 2599 2600 
f 2630 2629 2600 2601 
f 2631 2630 2601 2602 
f 2632 2631 2602 2603 
f 2633 2632 2603 2604 
f 2634 2633 2604 2605 
f 2634 2605 2606 2635 
f 2637 2608 2607 2636 
f 2638 2636 2607 2609 
f 2639 2638 2609 2610 
f 2640 2639 2610 2611 
f 2641 2640 2611 2612 
f 2642 2641 2612 2613 
f 2643 2642 2613 2614 
f 2644 3794 3793 2615 
f 2645 3729 3728 2616 
f 2646 3665 3664 2617 
f 3365 3305 3304 3364 
f 2648 2647 2618 2619 
f 2649 2648 2619 2620 
f 2650 2649 2620 2621 
f 2651 2650 2621 2622 
f 2652 2651 2622 2623 
f 2653 2652 2623 2624 
f 3564 3477 3478 3563 
f 2655 2654 2625 2626 
f 2656 2655 2626 2627 
f 2657 2656 2627 2628 
f 2658 2657 2628 2629 
f 2659 2658 2629 2630 
f 2660 2659 2630 2631 
f 2661 2660 2631 2632 
f 2662 2661 2632 2633 
f 2663 2662 2633 2634 
f 2663 2634 2635 2664 
f 2666 2637 2636 2665 
f 2667 2665 2636 2638 
f 2668 2667 2638 2639 
f 2669 2668 2639 2640 
f 2670 2669 2640 2641 
f 2671 2670 2641 2642 
f 2672 2671 2642 2643 
f 2673 3795 3794 2644 
f 2674 3730 3729 2645 
f 2675 3666 3665 2646 
f 3366 3306 3305 3365 
f 2677 2676 2647 2648 
f 2678 2677 2648 2649 
f 2679 2678 2649 2650 
f 2680 2679 2650 2651 
f 2681 2680 2651 2652 
f 2682 2681 2652 2653 
f 3565 3476 3477 3564 
f 2684 2683 2654 2655 
f 2685 2684 2655 2656 
f 2686 2685 2656 2657 
f 2687 2686 2657 2658 
f 2688 2687 2658 2659 
f 2689 2688 2659 2660 
f 2690 2689 2660 2661 
f 2691 2690 2661 2662 
f 2692 2691 2662 2663 
f 2692 2663 2664 2693 
f 2695 2666 2665 2694 
f 2696 2694 2665 2667 
f 2697 2696 2667 2668 
f 2698 2697 2668 2669 
f 2699 2698 2669 2670 
f 2700 2699 2670 2671 
f 2701 2700 2671 2672 
f 2702 3796 3795 2673 
f 2703 3731 3730 2674 
f 2704 3667 3666 2675 
f 3367 3307 3306 3366 
f 2706 2705 2676 2677 
f 2707 2706 2677 2678 
f 2708 2707 2678 2679 
f 2709 2708 2679 2680 
f 2710 2709 2680 2681 
f 2711 2710 2681 2682 
f 3566 3475 3476 3565 
f 2713 2712 2683 2684 
f 2714 2713 2684 2685 
f 2715 2714 2685 2686 
f 2716 2715 2686 2687 
f 2717 2716 2687 2688 
f 2718 2717 2688 2689 
f 2719 2718 2689 2690 
f 2720 2719 2690 2691 
f 2721 2720 2691 2692 
f 2721 2692 2693 2722 
f 2724 2695 2694 2723 
f 2725 2723 2694 2696 
f 2726 2725 2696 2697 
f 2727 2726 2697 2698 
f 2728 2727 2698 2699 
f 2729 2728 2699 2700 
f 2730 2729 2700 2701 
f 2731 3797 3796 2702 
f 2732 3732 3731 2703 
f 2733 3668 3667 2704 
f 3368 3308 3307 3367 
f 2735 2734 2705 2706 
f 2736 2735 2706 2707 
f 2737 2736 2707 2708 
f 2738 2737 2708 2709 
f 2739 2738 2709 2710 
f 2740 2739 2710 2711 
f 3567 3474 3475 3566 
f 2742 2741 2712 2713 
f 2743 2742 2713 2714 
f 2744 2743 2714 2715 
f 2745 2744 2715 2716 
f 2746 2745 2716 2717 
f 2747 2746 2717 2718 
f 2748 2747 2718 2719 
f 2749 2748 2719 2720 
f 2750 2749 2720 2721 
f 2750 2721 2722 2751 
f 2753 2724 2723 2752 
f 2754 2752 2723 2725 
f 2755 2754 2725 2726 
f 2756 2755 2726 2727 
f 2757 2756 2727 2728 
f 2758 2757 2728 2729 
f 2759 2758 2729 2730 
f 2760 3798 3797 2731 
f 2761 3733 3732 2732 
f 2762 3669 3668 2733 
f 3369 3309 3308 3368 
f 2764 2763 2734 2735 
f 2765 2764 2735 2736 
f 2766 2765 2736 2737 
f 2767 2766 2737 2738 
f 2768 2767 2738 2739 
f 2769 2768 2739 2740 
f 3568 3473 3474 3567 
f 2771 2770 2741 2742 
f 2772 2771 2742 2743 
f 2773 2772 2743 2744 
f 2774 2773 2744 2745 
f 2775 2774 2745 2746 
f 2776 2775 2746 2747 
f 2777 2776 2747 2748 
f 2778 2777 2748 2749 
f 2779 2778 2749 2750 
f 2779 2750 2751 2780 
f 2782 2753 2752 2781 
f 2783 2781 2752 2754 
f 2784 2783 2754 2755 
f 2785 2784 2755 2756 
f 2786 2785 2756 2757 
f 2787 2786 2757 2758 
f 2788 2787 2758 2759 
f 2789 3799 3798 2760 
f 2790 3734 3733 2761 
f 2791 3670 3669 2762 
f 3370 3310 3309 3369 
f 2793 2792 2763 2764 
f 2794 2793 2764 2765 
f 2795 2794 2765 2766 
f 2796 2795 2766 2767 
f 2797 2796 2767 2768 
f 2798 2797 2768 2769 
f 3569 3472 3473 3568 
f 2800 2799 2770 2771 
f 2801 2800 2771 2772 
f 2802 2801 2772 2773 
f 2803 2802 2773 2774 
f 2804 2803 2774 2775 
f 2805 2804 2775 2776 
f 2806 2805 2776 2777 
f 2807 2806 2777 2778 
f 2808 2807 2778 2779 
f 2808 2779 2780 2809 
f 2811 2782 2781 2810 
f 2812 2810 2781 2783 
f 2813 2812 2783 2784 
f 2814 2813 2784 2785 
f 2815 2814 2785 2786 
f 2816 2815 2786 2787 
f 2817 2816 2787 2788 
f 2818 3800 3799 2789 
f 2819 3735 3734 2790 
f 2820 3671 3670 2791 
f 3371 3311 3310 3370 
f 2822 2821 2792 2793 
f 2823 2822 2793 2794 
f 2824 2823 2794 2795 
f 2825 2824 2795 2796 
f 2826 2825 2796 2797 
f 2827 2826 2797 2798 
f 3570 3471 3472 3569 
f 2829 2828 2799 2800 
f 2830 2829 2800 2801 
f 2831 2830 2801 2802 
f 2832 2831 2802 2803 
f 2833 2832 2803 2804 
f 2834 2833 2804 2805 
f 2835 2834 2805 2806 
f 2836 2835 2806 2807 
f 2837 2836 2807 2808 
f 2837 2808 2809 2838 
f 2840 2811 2810 2839 
f 2841 2839 2810 2812 
f 2842 2841 2812 2813 
f 2843 2842 2813 2814 
f 2844 2843 2814 2815 
f 2845 2844 2815 2816 
f 2846 2845 2816 2817 
f 2847 3801 3800 2818 
f 2848 3736 3735 2819 
f 2849 3672 3671 2820 
f 3372 3312 3311 3371 
f 2851 2850 2821 2822 
f 2852 2851 2822 2823 
f 2853 2852 2823 2824 
f 2854 2853 2824 2825 
f 2855 2854 2825 2826 
f 2856 2855 2826 2827 
f 3571 3470 3471 3570 
f 2858 2857 2828 2829 
f 2859 2858 2829 2830 
f 2860 2859 2830 2831 
f 2861 2860 2831 2832 
f 2862 2861 2832 2833 
f 2863 2862 2833 2834 
f 2864 2863 2834 2835 
f 2865 2864 2835 2836 
f 2866 2865 2836 2837 
f 2866 2837 2838 2867 
f 2869 2840 2839 2868 
f 2870 2868 2839 2841 
f 2871 2870 2841 2842 
f 2872 2871 2842 2843 
f 2873 2872 2843 2844 
f 2874 2873 2844 2845 
f 2875 2874 2845 2846 
f 2876 3802 3801 2847 
f 2877 3737 3736 2848 
f 2878 3673 3672 2849 
f 3373 3313 3312 3372 
f 2880 2879 2850 2851 
f 2881 2880 2851 2852 
f 2882 2881 2852 2853 
f 2883 2882 2853 2854 
f 2884 2883 2854 2855 
f 2885 2884 2855 2856 
f 3572 3469 3470 3571 
f 2887 2886 2857 2858 
f 2888 2887 2858 2859 
f 2889 2888 2859 2860 
f 2890 2889 2860 2861 
f 2891 2890 2861 2862 
f 2892 2891 2862 2863 
f 2893 2892 2863 2864 
f 2894 2893 2864 2865 
f 2895 2894 2865 2866 
f 2895 2866 2867 2896 
f 2898 2869 2868 2897 
f 2899 2897 2868 2870 
f 2900 2899 2870 2871 
f 2901 2900 2871 2872 
f 2902 2901 2872 2873 
f 2903 2902 2873 2874 
f 2904 2903 2874 2875 
f 2905 3803 3802 2876 
f 2906 3738 3737 2877 
f 2907 3674 3673 2878 
f 3374 3314 3313 3373 
f 2909 2908 2879 2880 
f 2910 2909 2880 2881 
f 2911 2910 2881 2882 
f 2912 2911 2882 2883 
f 2913 2912 2883 2884 
f 2914 2913 2884 2885 
f 3573 3468 3469 3572 
f 2916 2915 2886 2887 
f 2917 2916 2887 2888 
f 2918 2917 2888 2889 
f 2919 2918 2889 2890 
f 2920 2919 2890 2891 
f 2921 2920 2891 2892 
f 2922 2921 2892 2893 
f 2923 2922 2893 2894 
f 2924 2923 2894 2895 
f 2924 2895 2896 2925 
f 2927 2898 2897 2926 
f 2928 2926 2897 2899 
f 2929 2928 2899 2900 
f 2930 2929 2900 2901 
f 2931 2930 2901 2902 
f 2932 2931 2902 2903 
f 2933 2932 2903 2904 
f 2934 3804 3803 2905 
f 2935 3739 3738 2906 
f 2936 3675 3674 2907 
f 3375 3315 3314 3374 
f 2938 2937 2908 2909 
f 2939 2938 2909 2910 
f 2940 2939 2910 2911 
f 2941 2940 2911 2912 
f 2942 2941 2912 2913 
f 2943 2942 2913 2914 
f 3574 3467 3468 3573 
f 2945 2944 2915 2916 
f 2946 2945 2916 2917 
f 2947 2946 2917 2918 
f 2948 2947 2918 2919 
f 2949 2948 2919 2920 
f 2950 2949 2920 2921 
f 2951 2950 2921 2922 
f 2952 2951 2922 2923 
f 2953 2952 2923 2924 
f 2953 2924 2925 2954 
f 2956 2927 2926 2955 
f 2957 2955 2926 2928 
f 2958 2957 2928 2929 
f 2959 2958 2929 2930 
f 2960 2959 2930 2931 
f 2961 2960 2931 2932 
f 2962 2961 2932 2933 
f 2963 3805 3804 2934 
f 2964 3740 3739 2935 
f 2965 3676 3675 2936 
f 3376 3316 3315 3375 
f 2967 2966 2937 2938 
f 2968 2967 2938 2939 
f 2969 2968 2939 2940 
f 2970 2969 2940 2941 
f 2971 2970 2941 2942 
f 2972 2971 2942 2943 
f 3575 3466 3467 3574 
f 2974 2973 2944 2945 
f 2975 2974 2945 2946 
f 2976 2975 2946 2947 
f 2977 2976 2947 2948 
f 2978 2977 2948 2949 
f 2979 2978 2949 2950 
f 2980 2979 2950 2951 
f 2981 2980 2951 2952 
f 2982 2981 2952 2953 
f 2982 2953 2954 2983 
f 2985 2956 2955 2984 
f 2986 2984 2955 2957 
f 2987 2986 2957 2958 
f 2988 2987 2958 2959 
f 2989 2988 2959 2960 
f 2990 2989 2960 2961 
f 2991 2990 2961 2962 
f 2992 3806 3805 2963 
f 2993 3741 3740 2964 
f 2994 3677 3676 2965 
f 3377 3317 3316 3376 
f 2996 2995 2966 2967 
f 2997 2996 2967 2968 
f 2998 2997 2968 2969 
f 2999 2998 2969 2970 
f 3000 2999 2970 2971 
f 3001 3000 2971 2972 
f 3576 3465 3466 3575 
f 3003 3002 2973 2974 
f 3004 3003 2974 2975 
f 3005 3004 2975 2976 
f 3006 3005 2976 2977 
f 3007 3006 2977 2978 
f 3008 3007 2978 2979 
f 3009 3008 2979 2980 
f 3010 3009 2980 2981 
f 3011 3010 2981 2982 
f 3011 2982 2983 3012 
f 3013 3014 2985 2984 
f 3015 3013 2984 2986 
f 3016 3015 2986 2987 
f 3017 3016 2987 2988 
f 3018 3017 2988 2989 
f 3019 3018 2989 2990 
f 3020 3019 2990 2991 
f 3021 3807 3806 2992 
f 3022 3742 3741 2993 
f 3023 3678 3677 2994 
f 3378 3318 3317 3377 
f 3025 3024 2995 2996 
f 3026 3025 2996 2997 
f 3027 3026 2997 2998 
f 3028 3027 2998 2999 
f 3029 3028 2999 3000 
f 3030 3029 3000 3001 
f 3577 3464 3465 3576 
f 3032 3031 3002 3003 
f 3033 3032 3003 3004 
f 3034 3033 3004 3005 
f 3035 3034 3005 3006 
f 3036 3035 3006 3007 
f 3037 3036 3007 3008 
f 3038 3037 3008 3009 
f 3039 3038 3009 3010 
f 3040 3039 3010 3011 
f 3040 3011 3012 3041 
f 3043 3014 3013 3042 
f 3044 3042 3013 3015 
f 3045 3044 3015 3016 
f 3046 3045 3016 3017 
f 3047 3046 3017 3018 
f 3048 3047 3018 3019 
f 3049 3048 3019 3020 
f 3050 3808 3807 3021 
f 3051 3743 3742 3022 
f 3052 3679 3678 3023 
f 3379 3319 3318 3378 
f 3054 3053 3024 3025 
f 3055 3054 3025 3026 
f 3056 3055 3026 3027 
f 3057 3056 3027 3028 
f 3058 3057 3028 3029 
f 3059 3058 3029 3030 
f 3578 3463 3464 3577 
f 3061 3060 3031 3032 
f 3062 3061 3032 3033 
f 3063 3062 3033 3034 
f 3064 3063 3034 3035 
f 3065 3064 3035 3036 
f 3066 3065 3036 3037 
f 3067 3066 3037 3038 
f 3068 3067 3038 3039 
f 3069 3068 3039 3040 
f 3069 3040 3041 3070 
f 3072 3043 3042 3071 
f 3073 3071 3042 3044 
f 3074 3073 3044 3045 
f 3075 3074 3045 3046 
f 3076 3075 3046 3047 
f 3077 3076 3047 3048 
f 3078 3077 3048 3049 
f 3079 3809 3808 3050 
f 3080 3744 3743 3051 
f 3081 3680 3679 3052 
f 3380 3320 3319 3379 
f 3083 3082 3053 3054 
f 3084 3083 3054 3055 
f 3085 3084 3055 3056 
f 3086 3085 3056 3057 
f 3087 3086 3057 3058 
f 3088 3087 3058 3059 
f 3579 3462 3463 3578 
f 3090 3089 3060 3061 
f 3091 3090 3061 3062 
f 3092 3091 3062 3063 
f 3093 3092 3063 3064 
f 3094 3093 3064 3065 
f 3095 3094 3065 3066 
f 3096 3095 3066 3067 
f 3097 3096 3067 3068 
f 3098 3097 3068 3069 
f 3098 3069 3070 3099 
f 3100 3101 3072 3071 
f 3102 3100 3071 3073 
f 3103 3102 3073 3074 
f 3104 3103 3074 3075 
f 3105 3104 3075 3076 
f 3106 3105 3076 3077 
f 3107 3106 3077 3078 
f 3108 3810 3809 3079 
f 3109 3745 3744 3080 
f 3110 3681 3680 3081 
f 3381 3321 3320 3380 
f 3112 3111 3082 3083 
f 3113 3112 3083 3084 
f 3114 3113 3084 3085 
f 3115 3114 3085 3086 
f 3116 3115 3086 3087 
f 3117 3116 3087 3088 
f 3580 3461 3462 3579 
f 3119 3118 3089 3090 
f 3120 3119 3090 3091 
f 3121 3120 3091 3092 
f 3122 3121 3092 3093 
f 3123 3122 3093 3094 
f 3124 3123 3094 3095 
f 3125 3124 3095 3096 
f 3126 3125 3096 3097 
f 3127 3126 3097 3098 
f 3127 3098 3099 3128 
f 3130 3101 3100 3129 
f 3131 3129 3100 3102 
f 3132 3131 3102 3103 
f 3133 3132 3103 3104 
f 3134 3133 3104 3105 
f 3135 3134 3105 3106 
f 3136 3135 3106 3107 
f 3137 3811 3810 3108 
f 3138 3746 3745 3109 
f 3139 3682 3681 3110 
f 3382 3322 3321 3381 
f 3141 3140 3111 3112 
f 3142 3141 3112 3113 
f 3143 3142 3113 3114 
f 3144 3143 3114 3115 
f 3145 3144 3115 3116 
f 3146 3145 3116 3117 
f 3581 3460 3461 3580 
f 3148 3147 3118 3119 
f 3149 3148 3119 3120 
f 3150 3149 3120 3121 
f 3151 3150 3121 3122 
f 3152 3151 3122 3123 
f 3153 3152 3123 3124 
f 3154 3153 3124 3125 
f 3155 3154 3125 3126 
f 3156 3155 3126 3127 
f 3156 3127 3128 3157 
f 3159 3130 3129 3158 
f 3160 3158 3129 3131 
f 3161 3160 3131 3132 
f 3162 3161 3132 3133 
f 3163 3162 3133 3134 
f 3164 3163 3134 3135 
f 3165 3164 3135 3136 
f 3166 3812 3811 3137 
f 3167 3747 3746 3138 
f 3168 3683 3682 3139 
f 3383 3323 3322 3382 
f 3170 3169 3140 3141 
f 3171 3170 3141 3142 
f 3172 3171 3142 3143 
f 3173 3172 3143 3144 
f 3174 3173 3144 3145 
f 3175 3174 3145 3146 
f 3582 3459 3460 3581 
f 3177 3176 3147 3148 
f 3178 3177 3148 3149 
f 3179 3178 3149 3150 
f 3180 3179 3150 3151 
f 3181 3180 3151 3152 
f 3182 3181 3152 3153 
f 3183 3182 3153 3154 
f 3184 3183 3154 3155 
f 3185 3184 3155 3156 
f 3185 3156 3157 3186 
f 3188 3159 3158 3187 
f 3189 3187 3158 3160 
f 3190 3189 3160 3161 
f 3191 3190 3161 3162 
f 3192 3191 3162 3163 
f 3193 3192 3163 3164 
f 3194 3193 3164 3165 
f 3195 3813 3812 3166 
f 3196 3748 3747 3167 
f 3197 3684 3683 3168 
f 3384 3324 3323 3383 
f 3199 3198 3169 3170 
f 3200 3199 3170 3171 
f 3201 3200 3171 3172 
f 3202 3201 3172 3173 
f 3203 3202 3173 3174 
f 3204 3203 3174 3175 
f 3583 3458 3459 3582 
f 3206 3205 3176 3177 
f 3207 3206 3177 3178 
f 3208 3207 3178 3179 
f 3209 3208 3179 3180 
f 3210 3209 3180 3181 
f 3211 3210 3181 3182 
f 3212 3211 3182 3183 
f 3213 3212 3183 3184 
f 3214 3213 3184 3185 
f 3214 3185 3186 3215 
f 1365 3188 3187 1366 
f 1368 1366 3187 3189 
f 1370 1368 3189 3190 
f 1372 1370 3190 3191 
f 1374 1372 3191 3192 
f 1376 1374 3192 3193 
f 1378 1376 3193 3194 
f 1380 3751 3813 3195 
f 1382 3687 3748 3196 
f 1384 3623 3684 3197 
f 3385 3266 3324 3384 
f 1388 1386 3198 3199 
f 1390 1388 3199 3200 
f 1392 1390 3200 3201 
f 1394 1392 3201 3202 
f 1396 1394 3202 3203 
f 1398 1396 3203 3204 
f 3520 3457 3458 3583 
f 1402 1400 3205 3206 
f 1404 1402 3206 3207 
f 1406 1404 3207 3208 
f 1408 1406 3208 3209 
f 1410 1408 3209 3210 
f 1412 1410 3210 3211 
f 1414 1412 3211 3212 
f 1416 1414 3212 3213 
f 1418 1416 3213 3214 
f 1418 3214 3215 1420 
s 2
f 1365 1364 3216 
f 1364 1422 3216 
f 1422 1451 3216 
f 1451 1480 3216 
f 1480 1509 3216 
f 1509 1538 3216 
f 1538 1567 3216 
f 1567 1596 3216 
f 1596 1625 3216 
f 1625 1654 3216 
f 1654 1683 3216 
f 1683 1712 3216 
f 1712 1741 3216 
f 1741 1770 3216 
f 1770 1799 3216 
f 1799 1828 3216 
f 1828 1857 3216 
f 1857 1886 3216 
f 1886 1915 3216 
f 1915 1944 3216 
f 1944 1973 3216 
f 1973 2002 3216 
f 2002 2031 3216 
f 2031 2060 3216 
f 2060 2089 3216 
f 2089 2118 3216 
f 2118 2147 3216 
f 2147 2176 3216 
f 2176 2205 3216 
f 2205 2233 3216 
f 2233 2262 3216 
f 2262 2291 3216 
f 2291 2320 3216 
f 2320 2349 3216 
f 2349 2376 3216 
f 2376 2405 3216 
f 2405 2434 3216 
f 2434 2463 3216 
f 2463 2492 3216 
f 2492 2521 3216 
f 2521 2550 3216 
f 2550 2579 3216 
f 2579 2608 3216 
f 2608 2637 3216 
f 2637 2666 3216 
f 2666 2695 3216 
f 2695 2724 3216 
f 2724 2753 3216 
f 2753 2782 3216 
f 2782 2811 3216 
f 2811 2840 3216 
f 2840 2869 3216 
f 2869 2898 3216 
f 2898 2927 3216 
f 2927 2956 3216 
f 2956 2985 3216 
f 2985 3014 3216 
f 3014 3043 3216 
f 3043 3072 3216 
f 3072 3101 3216 
f 3101 3130 3216 
f 3130 3159 3216 
f 3159 3188 3216 
f 3188 1365 3216 
s 1
f 2320 2291 2290 2319 
f 2232 2261 2262 2233 
f 2261 2290 2291 2262 
f 2349 2320 2319 2348 
f 2204 2232 2233 2205 
f 3600 3601 3584 3585 
f 3601 3602 3599 3584 
f 3613 3614 3587 3588 
f 3614 3615 3586 3587 
f 3615 3600 3585 3586 
f 3602 3603 3598 3599 
f 3605 3606 3595 3596 
f 3606 3607 3594 3595 
f 3603 3604 3597 3598 
f 3604 3605 3596 3597 
f 3607 3608 3593 3594 
f 3608 3609 3592 3593 
f 3609 3610 3591 3592 
f 3610 3611 3590 3591 
f 3611 3612 3589 3590 
f 3612 3613 3588 3589 
f 3244 3250 3450 3451 
f 3250 3244 3243 3239 
f 3251 3250 3239 3235 
f 3252 3251 3235 3233 
f 3253 3252 3233 3234 
f 3254 3253 3234 3238 
f 3255 3254 3238 3236 
f 3256 3255 3236 3237 
f 3257 3256 3237 3249 
f 3258 3257 3249 3248 
f 3259 3258 3248 3247 
f 3260 3259 3247 3246 
f 3261 3260 3246 3245 
f 3262 3261 3245 3242 
f 3263 3262 3242 3240 
f 3264 3263 3240 3241 
f 3244 3264 3241 3243 
f 3250 3251 3448 3449 
f 3251 3252 3448 
f 3259 3260 3442 3443 
f 3260 3261 3441 3442 
f 3261 3262 3452 3441 
f 3262 3294 3452 
f 3265 3325 3326 3266 
f 3267 3440 3325 3265 
f 3268 3439 3440 3267 
f 3269 3438 3439 3268 
f 3270 3437 3438 3269 
f 3271 3436 3437 3270 
f 3272 3435 3436 3271 
f 3273 3434 3435 3272 
f 3274 3433 3434 3273 
f 3275 3432 3433 3274 
f 3276 3431 3432 3275 
f 3277 3430 3431 3276 
f 3278 3429 3430 3277 
f 3279 3428 3429 3278 
f 3280 3427 3428 3279 
f 3281 3426 3427 3280 
f 3282 3425 3426 3281 
f 3283 3424 3425 3282 
f 3284 3423 3424 3283 
f 3285 3422 3423 3284 
f 3286 3421 3422 3285 
f 3287 3420 3421 3286 
f 3288 3419 3420 3287 
f 3289 3418 3419 3288 
f 3290 3417 3418 3289 
f 3291 3416 3417 3290 
f 3292 3415 3416 3291 
f 3293 3414 3415 3292 
f 3294 3451 3414 3293 
f 3295 3355 3446 3296 
f 3297 3354 3355 3295 
f 3298 3353 3354 3297 
f 3299 3352 3353 3298 
f 3300 3351 3352 3299 
f 3301 3350 3351 3300 
f 3302 3349 3350 3301 
f 3303 3348 3349 3302 
f 3304 3347 3348 3303 
f 3305 3346 3347 3304 
f 3306 3345 3346 3305 
f 3307 3344 3345 3306 
f 3308 3343 3344 3307 
f 3309 3342 3343 3308 
f 3310 3341 3342 3309 
f 3311 3340 3341 3310 
f 3312 3339 3340 3311 
f 3313 3338 3339 3312 
f 3314 3337 3338 3313 
f 3315 3336 3337 3314 
f 3316 3335 3336 3315 
f 3317 3334 3335 3316 
f 3318 3333 3334 3317 
f 3319 3332 3333 3318 
f 3320 3331 3332 3319 
f 3321 3330 3331 3320 
f 3322 3329 3330 3321 
f 3323 3328 3329 3322 
f 3324 3327 3328 3323 
f 3266 3326 3327 3324 
f 3263 3264 3294 
f 3255 3256 3296 
f 3254 3255 3296 
f 3256 3257 3445 3296 
f 3257 3258 3444 3445 
f 3258 3259 3443 3444 
f 3250 3449 3450 
f 3253 3254 3446 3447 
f 3252 3253 3447 3448 
f 3264 3244 3451 3294 
f 3262 3263 3294 
f 1383 1384 3326 3325 
f 1384 3197 3327 3326 
f 3197 3168 3328 3327 
f 3168 3139 3329 3328 
f 3139 3110 3330 3329 
f 3110 3081 3331 3330 
f 3081 3052 3332 3331 
f 3052 3023 3333 3332 
f 3023 2994 3334 3333 
f 2994 2965 3335 3334 
f 2965 2936 3336 3335 
f 2936 2907 3337 3336 
f 2907 2878 3338 3337 
f 2878 2849 3339 3338 
f 2849 2820 3340 3339 
f 2820 2791 3341 3340 
f 2791 2762 3342 3341 
f 2762 2733 3343 3342 
f 2733 2704 3344 3343 
f 2704 2675 3345 3344 
f 2675 2646 3346 3345 
f 2646 2617 3347 3346 
f 2617 2588 3348 3347 
f 2588 2559 3349 3348 
f 2559 2530 3350 3349 
f 2530 2501 3351 3350 
f 2501 2472 3352 3351 
f 2472 2443 3353 3352 
f 2443 2414 3354 3353 
f 2414 2385 3355 3354 
f 2385 2358 3446 3355 
f 2386 2415 3357 3356 
f 2415 2444 3358 3357 
f 2444 2473 3359 3358 
f 2473 2502 3360 3359 
f 2502 2531 3361 3360 
f 2531 2560 3362 3361 
f 2560 2589 3363 3362 
f 2589 2618 3364 3363 
f 2618 2647 3365 3364 
f 2647 2676 3366 3365 
f 2676 2705 3367 3366 
f 2705 2734 3368 3367 
f 2734 2763 3369 3368 
f 2763 2792 3370 3369 
f 2792 2821 3371 3370 
f 2821 2850 3372 3371 
f 2850 2879 3373 3372 
f 2879 2908 3374 3373 
f 2908 2937 3375 3374 
f 2937 2966 3376 3375 
f 2966 2995 3377 3376 
f 2995 3024 3378 3377 
f 3024 3053 3379 3378 
f 3053 3082 3380 3379 
f 3082 3111 3381 3380 
f 3111 3140 3382 3381 
f 3140 3169 3383 3382 
f 3169 3198 3384 3383 
f 3198 1386 3385 3384 
f 1386 1385 3386 3385 
f 1385 1432 3387 3386 
f 1432 1461 3388 3387 
f 1461 1490 3389 3388 
f 1490 1519 3390 3389 
f 1519 1548 3391 3390 
f 1548 1577 3392 3391 
f 1577 1606 3393 3392 
f 1606 1635 3394 3393 
f 1635 1664 3395 3394 
f 1664 1693 3396 3395 
f 1693 1722 3397 3396 
f 1722 1751 3398 3397 
f 1751 1780 3399 3398 
f 1780 1809 3400 3399 
f 1809 1838 3401 3400 
f 1838 1867 3402 3401 
f 1867 1896 3403 3402 
f 1896 1925 3404 3403 
f 1925 1954 3405 3404 
f 1954 1983 3406 3405 
f 1983 2012 3407 3406 
f 2012 2041 3408 3407 
f 2041 2070 3409 3408 
f 2070 2099 3410 3409 
f 2099 2128 3411 3410 
f 2128 2157 3412 3411 
f 2157 2186 3413 3412 
f 2186 2214 3452 3413 
f 3451 3453 2185 3414 
f 2185 2156 3415 3414 
f 2156 2127 3416 3415 
f 2127 2098 3417 3416 
f 2098 2069 3418 3417 
f 2069 2040 3419 3418 
f 2040 2011 3420 3419 
f 2011 1982 3421 3420 
f 1982 1953 3422 3421 
f 1953 1924 3423 3422 
f 1924 1895 3424 3423 
f 1895 1866 3425 3424 
f 1866 1837 3426 3425 
f 1837 1808 3427 3426 
f 1808 1779 3428 3427 
f 1779 1750 3429 3428 
f 1750 1721 3430 3429 
f 1721 1692 3431 3430 
f 1692 1663 3432 3431 
f 1663 1634 3433 3432 
f 1634 1605 3434 3433 
f 1605 1576 3435 3434 
f 1576 1547 3436 3435 
f 1547 1518 3437 3436 
f 1518 1489 3438 3437 
f 1489 1460 3439 3438 
f 1460 1431 3440 3439 
f 1431 1383 3325 3440 
f 2214 2243 3441 3452 
f 2243 2272 3442 3441 
f 2272 2301 3443 3442 
f 2301 2330 3444 3443 
f 2358 2329 3447 3446 
f 2329 2300 3448 3447 
f 2300 2271 3449 3448 
f 2271 2242 3450 3449 
f 3445 3454 2386 3356 
f 3254 3296 3446 
f 3451 3450 2242 3453 
f 3453 2242 3652 3651 
f 2213 2241 3715 3749 
f 3445 3444 2330 3454 
f 3454 2330 2331 3455 
f 1397 1398 3457 3456 
f 1398 3204 3458 3457 
f 3204 3175 3459 3458 
f 3175 3146 3460 3459 
f 3146 3117 3461 3460 
f 3117 3088 3462 3461 
f 3088 3059 3463 3462 
f 3059 3030 3464 3463 
f 3030 3001 3465 3464 
f 3001 2972 3466 3465 
f 2972 2943 3467 3466 
f 2943 2914 3468 3467 
f 2914 2885 3469 3468 
f 2885 2856 3470 3469 
f 2856 2827 3471 3470 
f 2827 2798 3472 3471 
f 2798 2769 3473 3472 
f 2769 2740 3474 3473 
f 2740 2711 3475 3474 
f 2711 2682 3476 3475 
f 2682 2653 3477 3476 
f 2653 2624 3478 3477 
f 2624 2595 3479 3478 
f 2595 2566 3480 3479 
f 2566 2537 3481 3480 
f 2537 2508 3482 3481 
f 2508 2479 3483 3482 
f 2479 2450 3484 3483 
f 2450 2421 3485 3484 
f 2421 2392 3486 3485 
f 2392 2363 3487 3486 
f 2363 2336 3488 3487 
f 2336 2307 3489 3488 
f 2307 2278 3490 3489 
f 2278 2249 3491 3490 
f 2249 2220 3492 3491 
f 2220 2192 3493 3492 
f 2192 2163 3494 3493 
f 2163 2134 3495 3494 
f 2134 2105 3496 3495 
f 2105 2076 3497 3496 
f 2076 2047 3498 3497 
f 2047 2018 3499 3498 
f 2018 1989 3500 3499 
f 1989 1960 3501 3500 
f 1960 1931 3502 3501 
f 1931 1902 3503 3502 
f 1902 1873 3504 3503 
f 1873 1844 3505 3504 
f 1844 1815 3506 3505 
f 1815 1786 3507 3506 
f 1786 1757 3508 3507 
f 1757 1728 3509 3508 
f 1728 1699 3510 3509 
f 1699 1670 3511 3510 
f 1670 1641 3512 3511 
f 1641 1612 3513 3512 
f 1612 1583 3514 3513 
f 1583 1554 3515 3514 
f 1554 1525 3516 3515 
f 1525 1496 3517 3516 
f 1496 1467 3518 3517 
f 1467 1438 3519 3518 
f 1438 1397 3456 3519 
f 1400 1399 3521 3520 
f 1399 1439 3522 3521 
f 1439 1468 3523 3522 
f 1468 1497 3524 3523 
f 1497 1526 3525 3524 
f 1526 1555 3526 3525 
f 1555 1584 3527 3526 
f 1584 1613 3528 3527 
f 1613 1642 3529 3528 
f 1642 1671 3530 3529 
f 1671 1700 3531 3530 
f 1700 1729 3532 3531 
f 1729 1758 3533 3532 
f 1758 1787 3534 3533 
f 1787 1816 3535 3534 
f 1816 1845 3536 3535 
f 1845 1874 3537 3536 
f 1874 1903 3538 3537 
f 1903 1932 3539 3538 
f 1932 1961 3540 3539 
f 1961 1990 3541 3540 
f 1990 2019 3542 3541 
f 2019 2048 3543 3542 
f 2048 2077 3544 3543 
f 2077 2106 3545 3544 
f 2106 2135 3546 3545 
f 2135 2164 3547 3546 
f 2164 2193 3548 3547 
f 2193 2221 3549 3548 
f 2221 2250 3550 3549 
f 2250 2279 3551 3550 
f 2279 2308 3552 3551 
f 2308 2337 3553 3552 
f 2337 2364 3554 3553 
f 2364 2393 3555 3554 
f 2393 2422 3556 3555 
f 2422 2451 3557 3556 
f 2451 2480 3558 3557 
f 2480 2509 3559 3558 
f 2509 2538 3560 3559 
f 2538 2567 3561 3560 
f 2567 2596 3562 3561 
f 2596 2625 3563 3562 
f 2625 2654 3564 3563 
f 2654 2683 3565 3564 
f 2683 2712 3566 3565 
f 2712 2741 3567 3566 
f 2741 2770 3568 3567 
f 2770 2799 3569 3568 
f 2799 2828 3570 3569 
f 2828 2857 3571 3570 
f 2857 2886 3572 3571 
f 2886 2915 3573 3572 
f 2915 2944 3574 3573 
f 2944 2973 3575 3574 
f 2973 3002 3576 3575 
f 3002 3031 3577 3576 
f 3031 3060 3578 3577 
f 3060 3089 3579 3578 
f 3089 3118 3580 3579 
f 3118 3147 3581 3580 
f 3147 3176 3582 3581 
f 3176 3205 3583 3582 
f 3205 1400 3520 3583 
f 3217 3220 3585 3584 
f 3220 3219 3586 3585 
f 3219 3221 3587 3586 
f 3221 3222 3588 3587 
f 3222 3223 3589 3588 
f 3223 3224 3590 3589 
f 3224 3225 3591 3590 
f 3225 3226 3592 3591 
f 3226 3227 3593 3592 
f 3227 3228 3594 3593 
f 3228 3229 3595 3594 
f 3229 3230 3596 3595 
f 3230 3231 3597 3596 
f 3231 3232 3598 3597 
f 3232 3218 3599 3598 
f 3218 3217 3584 3599 
f 3234 3233 3601 3600 
f 3233 3235 3602 3601 
f 3235 3239 3603 3602 
f 3239 3243 3604 3603 
f 3243 3241 3605 3604 
f 3241 3240 3606 3605 
f 3240 3242 3607 3606 
f 3242 3245 3608 3607 
f 3245 3246 3609 3608 
f 3246 3247 3610 3609 
f 3247 3248 3611 3610 
f 3248 3249 3612 3611 
f 3249 3237 3613 3612 
f 3237 3236 3614 3613 
f 3236 3238 3615 3614 
f 3238 3234 3600 3615 
f 3220 3217 3616 
f 3217 3218 3616 
f 3222 3221 3616 
f 3221 3219 3616 
f 3219 3220 3616 
f 3218 3232 3616 
f 3230 3229 3616 
f 3229 3228 3616 
f 3232 3231 3616 
f 3231 3230 3616 
f 3228 3227 3616 
f 3227 3226 3616 
f 3226 3225 3616 
f 3225 3224 3616 
f 3224 3223 3616 
f 3223 3222 3616 
s 2
f 3819 3815 3918 3920 
f 3815 3821 3924 3918 
f 3821 3824 3927 3924 
f 3824 3827 3930 3927 
f 3827 3830 3933 3930 
f 3830 3833 3936 3933 
f 3833 3836 3939 3936 
f 3836 3839 3942 3939 
f 3839 3842 3945 3942 
f 3842 3845 3948 3945 
f 3845 3848 3951 3948 
f 3848 3851 3954 3951 
f 3851 3854 3957 3954 
f 3854 3857 3960 3957 
f 3857 3860 3963 3960 
f 3860 3863 3966 3963 
f 3863 3866 3969 3966 
f 3866 3869 3972 3969 
f 3869 3872 3975 3972 
f 3872 3875 3978 3975 
f 3875 3878 3981 3978 
f 3878 3881 3984 3981 
f 3881 3884 3987 3984 
f 3884 3887 3990 3987 
f 3887 3890 3993 3990 
f 3890 3893 3996 3993 
f 3893 3896 3999 3996 
f 3896 3899 4002 3999 
f 3899 3902 4005 4002 
f 3902 3905 4008 4005 
f 3905 3908 4011 4008 
f 3908 3911 4014 4011 
f 3911 3914 4017 4014 
f 3914 3819 3920 4017 
s 1
f 3921 3917 3621 
f 3917 3923 3621 
f 3923 3926 3621 
f 3926 3929 3621 
f 3929 3932 3621 
f 3932 3935 3621 
f 3935 3938 3621 
f 3938 3941 3621 
f 3941 3944 3621 
f 3944 3947 3621 
f 3947 3950 3621 
f 3950 3953 3621 
f 3953 3956 3621 
f 3956 3959 3621 
f 3959 3962 3621 
f 3962 3965 3621 
f 3965 3968 3621 
f 3968 3971 3621 
f 3971 3974 3621 
f 3974 3977 3621 
f 3977 3980 3621 
f 3980 3983 3621 
f 3983 3986 3621 
f 3986 3989 3621 
f 3989 3992 3621 
f 3992 3995 3621 
f 3995 3998 3621 
f 3998 4001 3621 
f 4001 4004 3621 
f 4004 4007 3621 
f 4007 4010 3621 
f 4010 4013 3621 
f 4013 4016 3621 
f 4016 3921 3621 
f 1243 1242 1355 1356 
f 1245 1247 1246 
f 1357 1362 1344 
f 1245 1344 1247 
f 1245 1357 1344 
f 3622 1381 1382 3623 
f 3624 1430 1381 3622 
f 3625 1459 1430 3624 
f 3626 1488 1459 3625 
f 3627 1517 1488 3626 
f 3628 1546 1517 3627 
f 3629 1575 1546 3628 
f 3630 1604 1575 3629 
f 3631 1633 1604 3630 
f 3632 1662 1633 3631 
f 3633 1691 1662 3632 
f 3634 1720 1691 3633 
f 3635 1749 1720 3634 
f 3636 1778 1749 3635 
f 3637 1807 1778 3636 
f 3638 1836 1807 3637 
f 3639 1865 1836 3638 
f 3640 1894 1865 3639 
f 3641 1923 1894 3640 
f 3642 1952 1923 3641 
f 3643 1981 1952 3642 
f 3644 2010 1981 3643 
f 3645 2039 2010 3644 
f 3646 2068 2039 3645 
f 3647 2097 2068 3646 
f 3648 2126 2097 3647 
f 3649 2155 2126 3648 
f 3650 2184 2155 3649 
f 3651 2213 2184 3650 
f 3653 2270 2241 3652 
f 3654 2299 2270 3653 
f 3655 2328 2299 3654 
f 3655 2329 2358 3685 
f 3656 2384 2357 3685 
f 3657 2413 2384 3656 
f 3658 2442 2413 3657 
f 3659 2471 2442 3658 
f 3660 2500 2471 3659 
f 3661 2529 2500 3660 
f 3662 2558 2529 3661 
f 3663 2587 2558 3662 
f 3664 2616 2587 3663 
f 3665 2645 2616 3664 
f 3666 2674 2645 3665 
f 3667 2703 2674 3666 
f 3668 2732 2703 3667 
f 3669 2761 2732 3668 
f 3670 2790 2761 3669 
f 3671 2819 2790 3670 
f 3672 2848 2819 3671 
f 3673 2877 2848 3672 
f 3674 2906 2877 3673 
f 3675 2935 2906 3674 
f 3676 2964 2935 3675 
f 3677 2993 2964 3676 
f 3678 3022 2993 3677 
f 3679 3051 3022 3678 
f 3680 3080 3051 3679 
f 3681 3109 3080 3680 
f 3682 3138 3109 3681 
f 3683 3167 3138 3682 
f 3684 3196 3167 3683 
f 3623 1382 3196 3684 
f 3652 2241 2213 3651 
f 3686 1379 1380 3687 
f 3688 1429 1379 3686 
f 3689 1458 1429 3688 
f 3690 1487 1458 3689 
f 3691 1516 1487 3690 
f 3692 1545 1516 3691 
f 3693 1574 1545 3692 
f 3694 1603 1574 3693 
f 3695 1632 1603 3694 
f 3696 1661 1632 3695 
f 3697 1690 1661 3696 
f 3698 1719 1690 3697 
f 3699 1748 1719 3698 
f 3700 1777 1748 3699 
f 3701 1806 1777 3700 
f 3702 1835 1806 3701 
f 3703 1864 1835 3702 
f 3704 1893 1864 3703 
f 3705 1922 1893 3704 
f 3706 1951 1922 3705 
f 3707 1980 1951 3706 
f 3708 2009 1980 3707 
f 3709 2038 2009 3708 
f 3710 2067 2038 3709 
f 3711 2096 2067 3710 
f 3712 2125 2096 3711 
f 3713 2154 2125 3712 
f 3714 2183 2154 3713 
f 3749 2212 2183 3714 
f 3716 2269 2240 3715 
f 3717 2298 2269 3716 
f 3718 2327 2298 3717 
f 3719 2356 2327 3718 
f 3720 2383 2356 3719 
f 3721 2412 2383 3720 
f 3722 2441 2412 3721 
f 3723 2470 2441 3722 
f 3724 2499 2470 3723 
f 3725 2528 2499 3724 
f 3726 2557 2528 3725 
f 3727 2586 2557 3726 
f 3728 2615 2586 3727 
f 3729 2644 2615 3728 
f 3730 2673 2644 3729 
f 3731 2702 2673 3730 
f 3732 2731 2702 3731 
f 3733 2760 2731 3732 
f 3734 2789 2760 3733 
f 3735 2818 2789 3734 
f 3736 2847 2818 3735 
f 3737 2876 2847 3736 
f 3738 2905 2876 3737 
f 3739 2934 2905 3738 
f 3740 2963 2934 3739 
f 3741 2992 2963 3740 
f 3742 3021 2992 3741 
f 3743 3050 3021 3742 
f 3744 3079 3050 3743 
f 3745 3108 3079 3744 
f 3746 3137 3108 3745 
f 3747 3166 3137 3746 
f 3748 3195 3166 3747 
f 3687 1380 3195 3748 
f 3715 2240 2212 3749 
f 3750 1377 1378 3751 
f 3752 1428 1377 3750 
f 3753 1457 1428 3752 
f 3754 1486 1457 3753 
f 3755 1515 1486 3754 
f 3756 1544 1515 3755 
f 3757 1573 1544 3756 
f 3758 1602 1573 3757 
f 3759 1631 1602 3758 
f 3760 1660 1631 3759 
f 3761 1689 1660 3760 
f 3762 1718 1689 3761 
f 3763 1747 1718 3762 
f 3764 1776 1747 3763 
f 3765 1805 1776 3764 
f 3766 1834 1805 3765 
f 3767 1863 1834 3766 
f 3768 1892 1863 3767 
f 3769 1921 1892 3768 
f 3770 1950 1921 3769 
f 3771 1979 1950 3770 
f 3772 2008 1979 3771 
f 3773 2037 2008 3772 
f 3774 2066 2037 3773 
f 3775 2095 2066 3774 
f 3776 2124 2095 3775 
f 3777 2153 2124 3776 
f 3778 2182 2153 3777 
f 3779 2211 2182 3778 
f 3780 2239 2211 3779 
f 3781 2268 2239 3780 
f 3782 2297 2268 3781 
f 3783 2326 2297 3782 
f 3784 2355 2326 3783 
f 3785 2382 2355 3784 
f 3786 2411 2382 3785 
f 3787 2440 2411 3786 
f 3788 2469 2440 3787 
f 3789 2498 2469 3788 
f 3790 2527 2498 3789 
f 3791 2556 2527 3790 
f 3792 2585 2556 3791 
f 3793 2614 2585 3792 
f 3794 2643 2614 3793 
f 3795 2672 2643 3794 
f 3796 2701 2672 3795 
f 3797 2730 2701 3796 
f 3798 2759 2730 3797 
f 3799 2788 2759 3798 
f 3800 2817 2788 3799 
f 3801 2846 2817 3800 
f 3802 2875 2846 3801 
f 3803 2904 2875 3802 
f 3804 2933 2904 3803 
f 3805 2962 2933 3804 
f 3806 2991 2962 3805 
f 3807 3020 2991 3806 
f 3808 3049 3020 3807 
f 3809 3078 3049 3808 
f 3810 3107 3078 3809 
f 3811 3136 3107 3810 
f 3812 3165 3136 3811 
f 3813 3194 3165 3812 
f 3751 1378 3194 3813 
f 3818 3816 3814 3817 
f 3816 3822 3820 3814 
f 3822 3825 3823 3820 
f 3825 3828 3826 3823 
f 3828 3831 3829 3826 
f 3831 3834 3832 3829 
f 3834 3837 3835 3832 
f 3837 3840 3838 3835 
f 3840 3843 3841 3838 
f 3843 3846 3844 3841 
f 3846 3849 3847 3844 
f 3849 3852 3850 3847 
f 3852 3855 3853 3850 
f 3855 3858 3856 3853 
f 3858 3861 3859 3856 
f 3861 3864 3862 3859 
f 3864 3867 3865 3862 
f 3867 3870 3868 3865 
f 3870 3873 3871 3868 
f 3873 3876 3874 3871 
f 3876 3879 3877 3874 
f 3879 3882 3880 3877 
f 3882 3885 3883 3880 
f 3885 3888 3886 3883 
f 3888 3891 3889 3886 
f 3891 3894 3892 3889 
f 3894 3897 3895 3892 
f 3897 3900 3898 3895 
f 3900 3903 3901 3898 
f 3903 3906 3904 3901 
f 3906 3909 3907 3904 
f 3909 3912 3910 3907 
f 3912 3915 3913 3910 
f 3915 3818 3817 3913 
s 2
f 3815 3819 3817 3814 
f 3821 3815 3814 3820 
f 3824 3821 3820 3823 
f 3827 3824 3823 3826 
f 3830 3827 3826 3829 
f 3833 3830 3829 3832 
f 3836 3833 3832 3835 
f 3839 3836 3835 3838 
f 3842 3839 3838 3841 
f 3845 3842 3841 3844 
f 3848 3845 3844 3847 
f 3851 3848 3847 3850 
f 3854 3851 3850 3853 
f 3857 3854 3853 3856 
f 3860 3857 3856 3859 
f 3863 3860 3859 3862 
f 3866 3863 3862 3865 
f 3869 3866 3865 3868 
f 3872 3869 3868 3871 
f 3875 3872 3871 3874 
f 3878 3875 3874 3877 
f 3881 3878 3877 3880 
f 3884 3881 3880 3883 
f 3887 3884 3883 3886 
f 3890 3887 3886 3889 
f 3893 3890 3889 3892 
f 3896 3893 3892 3895 
f 3899 3896 3895 3898 
f 3902 3899 3898 3901 
f 3905 3902 3901 3904 
f 3908 3905 3904 3907 
f 3911 3908 3907 3910 
f 3914 3911 3910 3913 
f 3819 3914 3913 3817 
f 3920 3918 3916 3919 
f 3918 3924 3922 3916 
f 3924 3927 3925 3922 
f 3927 3930 3928 3925 
f 3930 3933 3931 3928 
f 3933 3936 3934 3931 
f 3936 3939 3937 3934 
f 3939 3942 3940 3937 
f 3942 3945 3943 3940 
f 3945 3948 3946 3943 
f 3948 3951 3949 3946 
f 3951 3954 3952 3949 
f 3954 3957 3955 3952 
f 3957 3960 3958 3955 
f 3960 3963 3961 3958 
f 3963 3966 3964 3961 
f 3966 3969 3967 3964 
f 3969 3972 3970 3967 
f 3972 3975 3973 3970 
f 3975 3978 3976 3973 
f 3978 3981 3979 3976 
f 3981 3984 3982 3979 
f 3984 3987 3985 3982 
f 3987 3990 3988 3985 
f 3990 3993 3991 3988 
f 3993 3996 3994 3991 
f 3996 3999 3997 3994 
f 3999 4002 4000 3997 
f 4002 4005 4003 4000 
f 4005 4008 4006 4003 
f 4008 4011 4009 4006 
f 4011 4014 4012 4009 
f 4014 4017 4015 4012 
f 4017 3920 3919 4015 
s 1
f 3917 3921 3919 3916 
f 3923 3917 3916 3922 
f 3926 3923 3922 3925 
f 3929 3926 3925 3928 
f 3932 3929 3928 3931 
f 3935 3932 3931 3934 
f 3938 3935 3934 3937 
f 3941 3938 3937 3940 
f 3944 3941 3940 3943 
f 3947 3944 3943 3946 
f 3950 3947 3946 3949 
f 3953 3950 3949 3952 
f 3956 3953 3952 3955 
f 3959 3956 3955 3958 
f 3962 3959 3958 3961 
f 3965 3962 3961 3964 
f 3968 3965 3964 3967 
f 3971 3968 3967 3970 
f 3974 3971 3970 3973 
f 3977 3974 3973 3976 
f 3980 3977 3976 3979 
f 3983 3980 3979 3982 
f 3986 3983 3982 3985 
f 3989 3986 3985 3988 
f 3992 3989 3988 3991 
f 3995 3992 3991 3994 
f 3998 3995 3994 3997 
f 4001 3998 3997 4000 
f 4004 4001 4000 4003 
f 4007 4004 4003 4006 
f 4010 4007 4006 4009 
f 4013 4010 4009 4012 
f 4016 4013 4012 4015 
f 3921 4016 4015 3919 
f 4088 4037 4192 4087 
f 4081 4050 4023 4020 
f 4029 4031 4063 4030 
f 4029 4032 4031 
f 4029 4033 4032 
f 4029 4084 4034 4033 
f 4084 4085 4034 
f 4085 4021 4036 4035 
f 4022 4038 4037 4088 
f 4022 4086 4039 4038 
f 4018 4028 4039 4086 
f 4028 4018 4040 4041 
f 4095 4042 4043 
f 4042 4082 4044 4045 
f 4046 4030 4063 
f 4047 4030 4046 
f 4048 4030 4047 
f 4048 4083 4030 
f 4049 4083 4048 
f 4044 4083 4049 
f 4044 4082 4083 
f 4051 4075 4023 4050 
f 4051 4052 4076 4075 
f 4052 4053 4024 4076 
f 4053 4054 4077 4024 
f 4054 4055 4025 4077 
f 4055 4056 4026 4025 
f 4056 4057 4078 4026 
f 4057 4040 4027 4078 
f 4036 4037 4038 4035 
f 4035 4038 4039 4058 
f 4034 4058 4059 4033 
f 4058 4039 4028 4059 
f 4033 4059 4060 4032 
f 4059 4028 4041 4060 
f 4032 4060 4061 4031 
f 4060 4041 4062 4061 
f 4031 4061 4064 4063 
f 4061 4062 4065 4064 
f 4041 4040 4057 4062 
f 4062 4057 4056 4065 
f 4063 4064 4066 4046 
f 4064 4065 4067 4066 
f 4046 4066 4068 4047 
f 4066 4067 4069 4068 
f 4065 4056 4055 4067 
f 4067 4055 4054 4069 
f 4047 4068 4070 4048 
f 4068 4069 4071 4070 
f 4048 4070 4072 4049 
f 4070 4071 4073 4072 
f 4069 4054 4053 4071 
f 4071 4053 4052 4073 
f 4049 4072 4045 4044 
f 4072 4073 4074 4045 
f 4045 4074 4043 4042 
f 4073 4052 4051 4074 
f 4074 4051 4050 4043 
s 2
f 4134 4166 4167 4133 
f 4139 4140 4160 4161 
f 4127 4173 4174 4126 
f 4128 4172 4173 4127 
f 4129 4171 4172 4128 
f 4130 4170 4171 4129 
f 4131 4169 4170 4130 
f 4132 4168 4169 4131 
f 4133 4167 4168 4132 
f 4138 4139 4161 4162 
f 4137 4138 4162 4163 
f 4137 4163 4164 4136 
f 4135 4136 4164 4165 
f 4134 4135 4165 4166 
s 4
f 4193 4123 4087 4192 
s 1
f 4123 4089 4088 4087 
f 4089 4093 4022 4088 
f 4093 4086 4022 
f 4184 4183 4190 4191 
f 4185 4182 4183 4184 
f 4186 4181 4182 4185 
f 4186 4187 4189 4181 
f 4187 4188 4189 
f 4043 4050 4081 4095 
f 4085 4035 4058 4034 
s 4
f 4146 4147 4153 4154 
f 4143 4144 4156 4157 
f 4142 4143 4157 4158 
f 4151 4152 4176 4177 
f 4152 4125 4175 4176 
f 4149 4150 4178 4179 
f 4148 4149 4179 4180 
f 4147 4148 4180 4153 
f 4145 4146 4154 4155 
f 4144 4145 4155 4156 
f 4140 4141 4159 4160 
f 4150 4151 4177 4178 
s 2
f 4125 4126 4174 4175 
s 1
f 4021 4019 4036 
s 4
f 4141 4142 4158 4159 
s 2
f 4020 4023 4126 4125 
f 4023 4075 4127 4126 
f 4075 4076 4128 4127 
f 4076 4024 4129 4128 
f 4024 4077 4130 4129 
f 4077 4025 4131 4130 
f 4025 4026 4132 4131 
f 4026 4078 4133 4132 
f 4078 4027 4134 4133 
f 4027 4092 4135 4134 
f 4092 4080 4136 4135 
f 4080 4079 4137 4136 
f 4079 4094 4138 4137 
f 4094 4091 4139 4138 
f 4091 4090 4140 4139 
s 4
f 4090 4191 4140 
f 4123 4193 4141 
f 4019 4021 4143 4142 
f 4021 4085 4144 4143 
f 4085 4084 4145 4144 
f 4084 4029 4146 4145 
f 4029 4030 4147 4146 
f 4030 4083 4148 4147 
f 4083 4082 4149 4148 
f 4082 4042 4150 4149 
f 4042 4095 4151 4150 
f 4095 4081 4152 4151 
f 4081 4020 4125 4152 
f 4099 4098 4154 4153 
f 4098 4104 4155 4154 
f 4104 4105 4156 4155 
f 4105 4097 4157 4156 
f 4097 4096 4158 4157 
f 4096 4124 4159 4158 
f 4124 4122 4160 4159 
s 2
f 4122 4117 4161 4160 
f 4117 4118 4162 4161 
f 4118 4119 4163 4162 
f 4119 4120 4164 4163 
f 4120 4121 4165 4164 
f 4121 4109 4166 4165 
f 4109 4116 4167 4166 
f 4116 4115 4168 4167 
f 4115 4114 4169 4168 
f 4114 4113 4170 4169 
f 4113 4112 4171 4170 
f 4112 4111 4172 4171 
f 4111 4110 4173 4172 
f 4110 4108 4174 4173 
f 4108 4107 4175 4174 
s 4
f 4107 4101 4176 4175 
f 4101 4106 4177 4176 
f 4106 4100 4178 4177 
f 4100 4102 4179 4178 
f 4102 4103 4180 4179 
f 4103 4099 4153 4180 
s 1
f 4086 4093 4182 4181 
f 4093 4089 4183 4182 
f 4089 4123 4190 4183 
f 4191 4090 4091 4184 
f 4091 4094 4185 4184 
f 4094 4079 4186 4185 
f 4079 4080 4187 4186 
f 4080 4092 4188 4187 
f 4092 4027 4040 4188 
f 4040 4018 4189 4188 
f 4018 4086 4181 4189 
s 4
f 4190 4123 4141 
f 4191 4190 4141 4140 
s 1
f 4037 4036 4019 4192 
s 4
f 4192 4019 4193 
f 4193 4019 4142 4141 
s 1
f 4194 4197 4196 4195 
f 4198 4201 4200 4199 
f 4202 4205 4204 4203 
f 4202 4203 4206 
f 4202 4206 4207 
f 4202 4207 4209 4208 
f 4208 4209 4210 
f 4210 4213 4212 4211 
f 4214 4194 4195 4215 
f 4214 4215 4217 4216 
f 4218 4216 4217 4219 
f 4219 4221 4220 4218 
f 4222 4224 4223 
f 4223 4227 4226 4225 
f 4228 4204 4205 
f 4229 4228 4205 
f 4230 4229 4205 
f 4230 4205 4231 
f 4232 4230 4231 
f 4226 4232 4231 
f 4226 4231 4225 
f 4233 4199 4200 4234 
f 4233 4234 4236 4235 
f 4235 4236 4238 4237 
f 4237 4238 4240 4239 
f 4239 4240 4242 4241 
f 4241 4242 4244 4243 
f 4243 4244 4246 4245 
f 4245 4246 4247 4220 
f 4212 4213 4215 4195 
f 4213 4248 4217 4215 
f 4209 4207 4249 4248 
f 4248 4249 4219 4217 
f 4207 4206 4250 4249 
f 4249 4250 4221 4219 
f 4206 4203 4251 4250 
f 4250 4251 4252 4221 
f 4203 4204 4253 4251 
f 4251 4253 4254 4252 
f 4221 4252 4245 4220 
f 4252 4254 4243 4245 
f 4204 4228 4255 4253 
f 4253 4255 4256 4254 
f 4228 4229 4257 4255 
f 4255 4257 4258 4256 
f 4254 4256 4241 4243 
f 4256 4258 4239 4241 
f 4229 4230 4259 4257 
f 4257 4259 4260 4258 
f 4230 4232 4261 4259 
f 4259 4261 4262 4260 
f 4258 4260 4237 4239 
f 4260 4262 4235 4237 
f 4232 4226 4227 4261 
f 4261 4227 4263 4262 
f 4227 4223 4224 4263 
f 4262 4263 4233 4235 
f 4263 4224 4199 4233 
s 2
f 4264 4267 4266 4265 
f 4268 4271 4270 4269 
f 4272 4275 4274 4273 
f 4276 4272 4273 4277 
f 4278 4276 4277 4279 
f 4280 4278 4279 4281 
f 4282 4280 4281 4283 
f 4284 4282 4283 4285 
f 4267 4284 4285 4266 
f 4286 4287 4271 4268 
f 4288 4289 4287 4286 
f 4288 4291 4290 4289 
f 4292 4293 4290 4291 
f 4264 4265 4293 4292 
s 4
f 4294 4196 4197 4295 
s 1
f 4295 4197 4194 4296 
f 4296 4194 4214 4297 
f 4297 4214 4216 
f 4298 4301 4300 4299 
f 4302 4298 4299 4303 
f 4304 4302 4303 4305 
f 4304 4305 4307 4306 
f 4306 4307 4308 
f 4224 4222 4198 4199 
f 4210 4209 4248 4213 
s 4
f 4309 4312 4311 4310 
f 4313 4316 4315 4314 
f 4317 4318 4316 4313 
f 4319 4322 4321 4320 
f 4320 4321 4324 4323 
f 4325 4328 4327 4326 
f 4329 4330 4328 4325 
f 4310 4311 4330 4329 
f 4331 4332 4312 4309 
f 4314 4315 4332 4331 
f 4269 4270 4334 4333 
f 4326 4327 4322 4319 
s 2
f 4323 4324 4274 4275 
s 1
f 4211 4212 4335 
s 4
f 4333 4334 4318 4317 
s 2
f 4201 4323 4275 4200 
f 4200 4275 4272 4234 
f 4234 4272 4276 4236 
f 4236 4276 4278 4238 
f 4238 4278 4280 4240 
f 4240 4280 4282 4242 
f 4242 4282 4284 4244 
f 4244 4284 4267 4246 
f 4246 4267 4264 4247 
f 4247 4264 4292 4336 
f 4336 4292 4291 4337 
f 4337 4291 4288 4338 
f 4338 4288 4286 4339 
f 4339 4286 4268 4340 
f 4340 4268 4269 4341 
s 4
f 4341 4269 4301 
f 4295 4333 4294 
f 4335 4317 4313 4211 
f 4211 4313 4314 4210 
f 4210 4314 4331 4208 
f 4208 4331 4309 4202 
f 4202 4309 4310 4205 
f 4205 4310 4329 4231 
f 4231 4329 4325 4225 
f 4225 4325 4326 4223 
f 4223 4326 4319 4222 
f 4222 4319 4320 4198 
f 4198 4320 4323 4201 
f 4342 4311 4312 4343 
f 4343 4312 4332 4344 
f 4344 4332 4315 4345 
f 4345 4315 4316 4346 
f 4346 4316 4318 4347 
f 4347 4318 4334 4348 
f 4348 4334 4270 4349 
s 2
f 4349 4270 4271 4350 
f 4350 4271 4287 4351 
f 4351 4287 4289 4352 
f 4352 4289 4290 4353 
f 4353 4290 4293 4354 
f 4354 4293 4265 4355 
f 4355 4265 4266 4356 
f 4356 4266 4285 4357 
f 4357 4285 4283 4358 
f 4358 4283 4281 4359 
f 4359 4281 4279 4360 
f 4360 4279 4277 4361 
f 4361 4277 4273 4362 
f 4362 4273 4274 4363 
f 4363 4274 4324 4364 
s 4
f 4364 4324 4321 4365 
f 4365 4321 4322 4366 
f 4366 4322 4327 4367 
f 4367 4327 4328 4368 
f 4368 4328 4330 4369 
f 4369 4330 4311 4342 
s 1
f 4216 4305 4303 4297 
f 4297 4303 4299 4296 
f 4296 4299 4300 4295 
f 4301 4298 4340 4341 
f 4340 4298 4302 4339 
f 4339 4302 4304 4338 
f 4338 4304 4306 4337 
f 4337 4306 4308 4336 
f 4336 4308 4220 4247 
f 4220 4308 4307 4218 
f 4218 4307 4305 4216 
s 4
f 4300 4333 4295 
f 4301 4269 4333 4300 
s 1
f 4195 4196 4335 4212 
s 4
f 4196 4294 4335 
f 4294 4333 4317 4335 
s off
f 1419 1420 4370 
f 1449 1419 4370 
f 1478 1449 4370 
f 1507 1478 4370 
f 1536 1507 4370 
f 1565 1536 4370 
f 1594 1565 4370 
f 1623 1594 4370 
f 1652 1623 4370 
f 1681 1652 4370 
f 1710 1681 4370 
f 1739 1710 4370 
f 1768 1739 4370 
f 1797 1768 4370 
f 1826 1797 4370 
f 1855 1826 4370 
f 1884 1855 4370 
f 1913 1884 4370 
f 1942 1913 4370 
f 1971 1942 4370 
f 2000 1971 4370 
f 2029 2000 4370 
f 2058 2029 4370 
f 2087 2058 4370 
f 2116 2087 4370 
f 2145 2116 4370 
f 2174 2145 4370 
f 2203 2174 4370 
f 2231 2203 4370 
f 2260 2231 4370 
f 2289 2260 4370 
f 2318 2289 4370 
f 2347 2318 4370 
f 2374 2347 4370 
f 2403 2374 4370 
f 2432 2403 4370 
f 2461 2432 4370 
f 2490 2461 4370 
f 2519 2490 4370 
f 2548 2519 4370 
f 2577 2548 4370 
f 2606 2577 4370 
f 2635 2606 4370 
f 2664 2635 4370 
f 2693 2664 4370 
f 2722 2693 4370 
f 2751 2722 4370 
f 2780 2751 4370 
f 2809 2780 4370 
f 2838 2809 4370 
f 2867 2838 4370 
f 2896 2867 4370 
f 2925 2896 4370 
f 2954 2925 4370 
f 2983 2954 4370 
f 3012 2983 4370 
f 3041 3012 4370 
f 3070 3041 4370 
f 3099 3070 4370 
f 3128 3099 4370 
f 3157 3128 4370 
f 3186 3157 4370 
f 3215 3186 4370 
f 1420 3215 4370 
# 4142 polygons - 238 triangles

