# 3ds Max Wavefront OBJ Exporter v0.97b - (c)2007 guruware
# File Created: 25.05.2021 15:14:57

#
# object 31762_SC02
#

v  -2.1819 -0.5122 -0.9038
v  -1.9638 -0.5122 -1.3121
v  -1.6704 -0.5123 -1.6704
v  -1.3121 -0.5122 -1.9638
v  -0.9038 -0.5122 -2.1819
v  -0.4608 -0.5122 -2.3164
v  0.0000 -0.5123 -2.3623
v  -2.1261 -0.3534 -1.0296
v  -2.1282 -0.3174 -1.0254
v  -2.1266 -0.2845 -1.0283
v  -2.1229 -0.2535 -1.0363
v  -2.1154 -0.2212 -1.0514
v  -2.1046 -0.1934 -1.0728
v  -2.0932 -0.1743 -1.0946
v  -2.0795 -0.1581 -1.1207
v  -2.0618 -0.1473 -1.1530
v  -2.0430 -0.1445 -1.1860
v  -2.0258 -0.1486 -1.2151
v  -2.0100 -0.1579 -1.2412
v  -1.9941 -0.1736 -1.2665
v  -1.9774 -0.2002 -1.2925
v  -1.9642 -0.2333 -1.3123
v  -1.9557 -0.2702 -1.3250
v  -1.9526 -0.2987 -1.3296
v  -1.9527 -0.3329 -1.3295
v  -1.9566 -0.3656 -1.3237
v  -1.9641 -0.3971 -1.3125
v  -1.9749 -0.4242 -1.2963
v  -1.9884 -0.4479 -1.2755
v  -2.0019 -0.4641 -1.2541
v  -2.0180 -0.4770 -1.2281
v  -2.0352 -0.4843 -1.1993
v  -2.0524 -0.4847 -1.1696
v  -2.0733 -0.4764 -1.1321
v  -2.0901 -0.4606 -1.1009
v  -2.1026 -0.4405 -1.0767
v  -2.1138 -0.4135 -1.0546
v  -2.1210 -0.3860 -1.0400
v  -2.1198 -0.3523 -1.0317
v  -2.1218 -0.3173 -1.0277
v  -2.1202 -0.2854 -1.0302
v  -2.1165 -0.2552 -1.0380
v  -2.1094 -0.2239 -1.0530
v  -2.0989 -0.1968 -1.0736
v  -2.0878 -0.1782 -1.0947
v  -2.0746 -0.1626 -1.1202
v  -2.0573 -0.1520 -1.1514
v  -2.0391 -0.1494 -1.1835
v  -2.0225 -0.1534 -1.2118
v  -2.0073 -0.1626 -1.2371
v  -1.9920 -0.1779 -1.2616
v  -1.9755 -0.2036 -1.2869
v  -1.9625 -0.2356 -1.3062
v  -1.9543 -0.2714 -1.3185
v  -1.9512 -0.2992 -1.3229
v  -1.9514 -0.3324 -1.3228
v  -1.9552 -0.3642 -1.3171
v  -1.9627 -0.3947 -1.3063
v  -1.9729 -0.4212 -1.2905
v  -1.9861 -0.4441 -1.2703
v  -1.9992 -0.4599 -1.2496
v  -2.0148 -0.4724 -1.2243
v  -2.0315 -0.4795 -1.1962
v  -2.0482 -0.4798 -1.1671
v  -2.0685 -0.4719 -1.1312
v  -2.0845 -0.4559 -1.1005
v  -2.0966 -0.4360 -1.0769
v  -2.1079 -0.4107 -1.0560
v  -2.1148 -0.3840 -1.0418
v  -2.1311 -0.3175 -1.0190
v  -2.1290 -0.3550 -1.0234
v  -2.1238 -0.3890 -1.0343
v  -2.1163 -0.4177 -1.0495
v  -2.1047 -0.4457 -1.0725
v  -2.0917 -0.4667 -1.0979
v  -2.0743 -0.4832 -1.1302
v  -2.0543 -0.4911 -1.1656
v  -2.0337 -0.4911 -1.2009
v  -2.0168 -0.4834 -1.2296
v  -2.0001 -0.4703 -1.2569
v  -1.9860 -0.4534 -1.2791
v  -1.9719 -0.4288 -1.3006
v  -1.9606 -0.4006 -1.3176
v  -1.9528 -0.3678 -1.3292
v  -1.9487 -0.3337 -1.3352
v  -1.9486 -0.2981 -1.3353
v  -1.9518 -0.2681 -1.3306
v  -1.9607 -0.2300 -1.3175
v  -1.9744 -0.1955 -1.2969
v  -1.9919 -0.1678 -1.2699
v  -2.0085 -0.1514 -1.2434
v  -2.0250 -0.1417 -1.2163
v  -2.0428 -0.1375 -1.1861
v  -2.0624 -0.1404 -1.1518
v  -2.0808 -0.1516 -1.1183
v  -2.0952 -0.1684 -1.0912
v  -2.1068 -0.1883 -1.0685
v  -2.1180 -0.2173 -1.0461
v  -2.1257 -0.2509 -1.0304
v  -2.1297 -0.2832 -1.0221
v  -2.0548 -0.5157 -1.1638
v  -2.3132 -0.5366 -0.4601
v  -2.1784 -0.5364 -0.9023
v  -1.9607 -0.5365 -1.3101
v  -0.9023 -0.5364 -2.1784
v  0.0000 -0.5366 -2.3585
v  2.1819 -0.5122 -0.9038
v  1.9638 -0.5122 -1.3121
v  1.6704 -0.5123 -1.6704
v  1.3121 -0.5122 -1.9638
v  0.9038 -0.5122 -2.1819
v  0.4608 -0.5122 -2.3164
v  2.1261 -0.3534 -1.0296
v  2.1282 -0.3174 -1.0254
v  2.1266 -0.2845 -1.0283
v  2.1229 -0.2535 -1.0363
v  2.1154 -0.2212 -1.0514
v  2.1046 -0.1934 -1.0728
v  2.0932 -0.1743 -1.0946
v  2.0795 -0.1581 -1.1207
v  2.0618 -0.1473 -1.1530
v  2.0430 -0.1445 -1.1860
v  2.0258 -0.1486 -1.2151
v  2.0100 -0.1579 -1.2412
v  1.9941 -0.1736 -1.2665
v  1.9744 -0.2061 -1.2969
v  1.9642 -0.2333 -1.3123
v  1.9557 -0.2702 -1.3250
v  1.9526 -0.2987 -1.3296
v  1.9527 -0.3329 -1.3295
v  1.9566 -0.3656 -1.3237
v  1.9641 -0.3971 -1.3125
v  1.9749 -0.4242 -1.2963
v  1.9884 -0.4479 -1.2755
v  2.0019 -0.4641 -1.2541
v  2.0180 -0.4770 -1.2281
v  2.0346 -0.4839 -1.2003
v  2.0536 -0.4842 -1.1674
v  2.0733 -0.4764 -1.1321
v  2.0901 -0.4606 -1.1009
v  2.1026 -0.4405 -1.0767
v  2.1138 -0.4135 -1.0546
v  2.1210 -0.3860 -1.0400
v  2.1198 -0.3523 -1.0317
v  2.1218 -0.3173 -1.0277
v  2.1202 -0.2854 -1.0302
v  2.1165 -0.2552 -1.0380
v  2.1094 -0.2239 -1.0530
v  2.0989 -0.1968 -1.0736
v  2.0878 -0.1782 -1.0947
v  2.0746 -0.1626 -1.1202
v  2.0573 -0.1520 -1.1514
v  2.0391 -0.1494 -1.1835
v  2.0225 -0.1534 -1.2118
v  2.0073 -0.1626 -1.2371
v  1.9920 -0.1779 -1.2616
v  1.9727 -0.2093 -1.2912
v  1.9625 -0.2356 -1.3062
v  1.9543 -0.2714 -1.3185
v  1.9512 -0.2992 -1.3229
v  1.9514 -0.3324 -1.3228
v  1.9552 -0.3642 -1.3171
v  1.9627 -0.3947 -1.3063
v  1.9729 -0.4212 -1.2905
v  1.9861 -0.4441 -1.2703
v  1.9992 -0.4599 -1.2496
v  2.0148 -0.4724 -1.2243
v  2.0307 -0.4793 -1.1979
v  2.0491 -0.4795 -1.1656
v  2.0685 -0.4719 -1.1312
v  2.0845 -0.4559 -1.1005
v  2.0966 -0.4360 -1.0769
v  2.1079 -0.4107 -1.0560
v  2.1148 -0.3840 -1.0418
v  2.1311 -0.3175 -1.0190
v  2.1290 -0.3550 -1.0234
v  2.1238 -0.3890 -1.0343
v  2.1163 -0.4177 -1.0495
v  2.1047 -0.4457 -1.0725
v  2.0917 -0.4667 -1.0979
v  2.0743 -0.4832 -1.1302
v  2.0538 -0.4911 -1.1664
v  2.0337 -0.4911 -1.2009
v  2.0168 -0.4834 -1.2296
v  2.0001 -0.4703 -1.2569
v  1.9860 -0.4534 -1.2791
v  1.9719 -0.4288 -1.3006
v  1.9606 -0.4006 -1.3176
v  1.9528 -0.3678 -1.3292
v  1.9487 -0.3337 -1.3352
v  1.9486 -0.2981 -1.3353
v  1.9518 -0.2681 -1.3306
v  1.9607 -0.2300 -1.3175
v  1.9714 -0.2014 -1.3013
v  1.9919 -0.1678 -1.2699
v  2.0085 -0.1514 -1.2434
v  2.0250 -0.1417 -1.2163
v  2.0428 -0.1375 -1.1861
v  2.0624 -0.1404 -1.1518
v  2.0808 -0.1516 -1.1183
v  2.0952 -0.1684 -1.0912
v  2.1068 -0.1883 -1.0685
v  2.1180 -0.2173 -1.0461
v  2.1257 -0.2509 -1.0304
v  2.1297 -0.2832 -1.0221
v  2.0548 -0.5157 -1.1638
v  2.1787 -0.5365 -0.9025
v  1.9609 -0.5365 -1.3102
v  0.0000 -0.5125 2.3623
v  -0.0000 -0.5366 2.3585
v  -0.0000 -0.5634 2.3463
v  -0.0000 -0.5859 2.3259
v  -0.0000 -0.6010 2.3001
v  -0.0000 -0.6072 2.2762
v  -0.0000 -0.6197 2.1886
v  -0.0000 -0.6389 2.0892
v  -0.0000 -0.6726 1.9895
v  -0.0000 -0.7293 1.9016
v  -0.0000 -0.7684 1.8667
v  -0.0000 -0.8151 1.8427
v  -0.0000 -0.8315 1.8407
v  -0.0000 -0.8450 1.8451
v  -0.0000 -0.8562 1.8544
v  -0.0000 -0.8668 1.8715
v  -0.0000 -0.8841 1.8900
v  -0.0000 -0.9096 1.8987
v  -0.0000 -0.9364 1.8987
v  -0.0000 -0.9609 1.8899
v  -0.0000 -0.9813 1.8732
v  -0.0000 -1.0039 1.8407
v  -0.0000 -1.0517 1.6638
v  -0.0000 -1.0855 1.4541
v  -0.0000 -1.1302 1.2464
v  -0.0000 -1.2021 1.0508
v  -0.0000 -1.3150 0.8763
v  -0.0000 -1.3860 0.7981
v  -0.0000 -1.4647 0.7259
v  -0.0000 -1.5498 0.6600
v  -0.0000 -1.6397 0.6002
v  -0.0000 -1.7329 0.5466
v  -0.0000 -1.8283 0.4993
v  -0.0000 -1.9256 0.4581
v  -0.0000 -2.0245 0.4230
v  -0.0000 -2.1250 0.3938
v  -0.0000 -2.2268 0.3703
v  -0.0000 -2.4336 0.3385
v  -0.0000 -2.7155 0.3150
v  -0.4607 -0.5122 2.3158
v  -0.4601 -0.5366 2.3132
v  -0.4577 -0.5634 2.3012
v  -0.4538 -0.5859 2.2812
v  -0.4487 -0.6010 2.2559
v  -0.4441 -0.6072 2.2325
v  -0.4270 -0.6197 2.1466
v  -0.4076 -0.6389 2.0491
v  -0.3881 -0.6724 1.9512
v  -0.3709 -0.7290 1.8649
v  -0.3641 -0.7682 1.8306
v  -0.3594 -0.8150 1.8069
v  -0.3590 -0.8316 1.8049
v  -0.3599 -0.8452 1.8094
v  -0.3617 -0.8564 1.8186
v  -0.3651 -0.8670 1.8354
v  -0.3687 -0.8843 1.8534
v  -0.3703 -0.9097 1.8618
v  -0.3703 -0.9363 1.8618
v  -0.3686 -0.9607 1.8533
v  -0.3654 -0.9811 1.8370
v  -0.3591 -1.0037 1.8052
v  -0.3246 -1.0517 1.6318
v  -0.2837 -1.0855 1.4262
v  -0.2432 -1.1301 1.2225
v  -0.2050 -1.2020 1.0305
v  -0.1709 -1.3148 0.8593
v  -0.1557 -1.3858 0.7825
v  -0.1416 -1.4646 0.7118
v  -0.1287 -1.5496 0.6471
v  -0.1170 -1.6395 0.5884
v  -0.1066 -1.7328 0.5359
v  -0.0974 -1.8282 0.4895
v  -0.0893 -1.9255 0.4491
v  -0.0825 -2.0245 0.4147
v  -0.0768 -2.1249 0.3860
v  -0.0722 -2.2267 0.3630
v  -0.0660 -2.4336 0.3318
v  -0.0614 -2.7155 0.3087
v  -0.9036 -0.5122 2.1815
v  -0.9026 -0.5366 2.1790
v  -0.8979 -0.5634 2.1677
v  -0.8901 -0.5859 2.1489
v  -0.8802 -0.6010 2.1250
v  -0.8711 -0.6072 2.1030
v  -0.8375 -0.6197 2.0220
v  -0.7995 -0.6389 1.9302
v  -0.7613 -0.6724 1.8380
v  -0.7276 -0.7290 1.7566
v  -0.7142 -0.7682 1.7243
v  -0.7050 -0.8150 1.7020
v  -0.7042 -0.8316 1.7002
v  -0.7060 -0.8452 1.7044
v  -0.7096 -0.8565 1.7131
v  -0.7161 -0.8670 1.7289
v  -0.7231 -0.8844 1.7458
v  -0.7264 -0.9097 1.7537
v  -0.7264 -0.9363 1.7537
v  -0.7231 -0.9607 1.7457
v  -0.7167 -0.9811 1.7303
v  -0.7044 -1.0036 1.7005
v  -0.6367 -1.0517 1.5371
v  -0.5565 -1.0855 1.3434
v  -0.4770 -1.1301 1.1515
v  -0.4021 -1.2020 0.9707
v  -0.3353 -1.3149 0.8095
v  -0.3054 -1.3859 0.7372
v  -0.2778 -1.4647 0.6706
v  -0.2525 -1.5497 0.6096
v  -0.2296 -1.6395 0.5542
v  -0.2091 -1.7328 0.5047
v  -0.1910 -1.8282 0.4610
v  -0.1752 -1.9255 0.4230
v  -0.1618 -2.0244 0.3906
v  -0.1506 -2.1249 0.3636
v  -0.1416 -2.2267 0.3419
v  -0.1295 -2.4336 0.3125
v  -0.1205 -2.7155 0.2908
v  -1.3118 -0.5122 1.9633
v  -1.3103 -0.5366 1.9610
v  -1.3035 -0.5634 1.9509
v  -1.2922 -0.5859 1.9339
v  -1.2779 -0.6010 1.9125
v  -1.2646 -0.6072 1.8926
v  -1.2159 -0.6197 1.8198
v  -1.1607 -0.6389 1.7371
v  -1.1053 -0.6726 1.6542
v  -1.0565 -0.7293 1.5811
v  -1.0371 -0.7684 1.5521
v  -1.0237 -0.8151 1.5321
v  -1.0226 -0.8315 1.5305
v  -1.0251 -0.8450 1.5342
v  -1.0303 -0.8562 1.5419
v  -1.0397 -0.8668 1.5561
v  -1.0500 -0.8841 1.5715
v  -1.0549 -0.9096 1.5787
v  -1.0549 -0.9364 1.5787
v  -1.0500 -0.9609 1.5714
v  -1.0407 -0.9813 1.5575
v  -1.0227 -1.0039 1.5305
v  -0.9243 -1.0517 1.3834
v  -0.8079 -1.0855 1.2090
v  -0.6925 -1.1301 1.0363
v  -0.5837 -1.2020 0.8736
v  -0.4868 -1.3149 0.7285
v  -0.4433 -1.3859 0.6635
v  -0.4033 -1.4647 0.6035
v  -0.3666 -1.5497 0.5487
v  -0.3333 -1.6396 0.4989
v  -0.3036 -1.7328 0.4543
v  -0.2773 -1.8282 0.4150
v  -0.2544 -1.9255 0.3808
v  -0.2349 -2.0245 0.3516
v  -0.2187 -2.1249 0.3273
v  -0.2056 -2.2267 0.3078
v  -0.1880 -2.4336 0.2813
v  -0.1749 -2.7155 0.2618
v  -1.6704 -0.5123 1.6704
v  -1.6677 -0.5366 1.6677
v  -1.6591 -0.5634 1.6591
v  -1.6447 -0.5859 1.6447
v  -1.6264 -0.6010 1.6264
v  -1.6095 -0.6072 1.6095
v  -1.5476 -0.6197 1.5476
v  -1.4773 -0.6389 1.4773
v  -1.4068 -0.6726 1.4068
v  -1.3446 -0.7293 1.3446
v  -1.3199 -0.7684 1.3199
v  -1.3030 -0.8151 1.3030
v  -1.3016 -0.8315 1.3016
v  -1.3047 -0.8450 1.3047
v  -1.3113 -0.8562 1.3113
v  -1.3233 -0.8668 1.3233
v  -1.3365 -0.8841 1.3365
v  -1.3426 -0.9096 1.3426
v  -1.3426 -0.9364 1.3426
v  -1.3364 -0.9609 1.3364
v  -1.3245 -0.9813 1.3245
v  -1.3016 -1.0039 1.3016
v  -1.1765 -1.0517 1.1765
v  -1.0282 -1.0855 1.0282
v  -0.8814 -1.1302 0.8814
v  -0.7430 -1.2021 0.7430
v  -0.6196 -1.3150 0.6196
v  -0.5643 -1.3860 0.5643
v  -0.5133 -1.4647 0.5133
v  -0.4667 -1.5498 0.4667
v  -0.4244 -1.6397 0.4244
v  -0.3865 -1.7329 0.3865
v  -0.3531 -1.8283 0.3531
v  -0.3239 -1.9256 0.3239
v  -0.2991 -2.0245 0.2991
v  -0.2784 -2.1250 0.2784
v  -0.2619 -2.2268 0.2619
v  -0.2394 -2.4336 0.2394
v  -0.2227 -2.7155 0.2227
v  -1.9638 -0.5122 1.3121
v  -1.9607 -0.5365 1.3101
v  -1.9506 -0.5632 1.3033
v  -1.9338 -0.5857 1.2921
v  -1.9124 -0.6009 1.2778
v  -1.8926 -0.6071 1.2646
v  -1.8198 -0.6196 1.2159
v  -1.7371 -0.6389 1.1607
v  -1.6542 -0.6724 1.1053
v  -1.5810 -0.7291 1.0564
v  -1.5519 -0.7683 1.0369
v  -1.5318 -0.8150 1.0235
v  -1.5302 -0.8316 1.0224
v  -1.5340 -0.8451 1.0250
v  -1.5418 -0.8564 1.0302
v  -1.5560 -0.8670 1.0397
v  -1.5713 -0.8843 1.0499
v  -1.5784 -0.9097 1.0547
v  -1.5784 -0.9363 1.0547
v  -1.5711 -0.9608 1.0498
v  -1.5573 -0.9811 1.0406
v  -1.5304 -1.0037 1.0226
v  -1.3834 -1.0517 0.9243
v  -1.2090 -1.0855 0.8079
v  -1.0363 -1.1301 0.6925
v  -0.8736 -1.2020 0.5837
v  -0.7285 -1.3149 0.4868
v  -0.6635 -1.3859 0.4433
v  -0.6035 -1.4647 0.4033
v  -0.5487 -1.5497 0.3666
v  -0.4989 -1.6396 0.3333
v  -0.4543 -1.7328 0.3036
v  -0.4150 -1.8282 0.2773
v  -0.3808 -1.9255 0.2544
v  -0.3516 -2.0245 0.2349
v  -0.3273 -2.1249 0.2187
v  -0.3078 -2.2267 0.2056
v  -0.2813 -2.4336 0.1880
v  -0.2618 -2.7155 0.1749
v  -2.1819 -0.5122 0.9038
v  -2.1784 -0.5364 0.9023
v  -2.1673 -0.5631 0.8977
v  -2.1486 -0.5856 0.8900
v  -2.1250 -0.6008 0.8802
v  -2.1030 -0.6071 0.8711
v  -2.0220 -0.6196 0.8375
v  -1.9302 -0.6388 0.7995
v  -1.8380 -0.6724 0.7613
v  -1.7566 -0.7290 0.7276
v  -1.7243 -0.7682 0.7142
v  -1.7020 -0.8150 0.7050
v  -1.7002 -0.8316 0.7042
v  -1.7044 -0.8452 0.7060
v  -1.7131 -0.8565 0.7096
v  -1.7289 -0.8670 0.7161
v  -1.7458 -0.8844 0.7231
v  -1.7537 -0.9097 0.7264
v  -1.7537 -0.9363 0.7264
v  -1.7457 -0.9607 0.7231
v  -1.7303 -0.9811 0.7167
v  -1.7005 -1.0036 0.7044
v  -1.5371 -1.0517 0.6367
v  -1.3434 -1.0855 0.5565
v  -1.1515 -1.1301 0.4770
v  -0.9707 -1.2020 0.4021
v  -0.8095 -1.3149 0.3353
v  -0.7372 -1.3859 0.3054
v  -0.6706 -1.4647 0.2778
v  -0.6096 -1.5497 0.2525
v  -0.5542 -1.6395 0.2296
v  -0.5047 -1.7328 0.2091
v  -0.4610 -1.8282 0.1910
v  -0.4230 -1.9255 0.1752
v  -0.3906 -2.0244 0.1618
v  -0.3636 -2.1249 0.1506
v  -0.3419 -2.2267 0.1416
v  -0.3125 -2.4336 0.1295
v  -0.2908 -2.7155 0.1205
v  -2.3164 -0.5122 0.4608
v  -2.3127 -0.5365 0.4600
v  -2.3008 -0.5631 0.4577
v  -2.2810 -0.5857 0.4537
v  -2.2559 -0.6008 0.4487
v  -2.2325 -0.6071 0.4441
v  -2.1465 -0.6196 0.4270
v  -2.0490 -0.6388 0.4076
v  -1.9512 -0.6724 0.3881
v  -1.8649 -0.7290 0.3709
v  -1.8306 -0.7682 0.3641
v  -1.8069 -0.8150 0.3594
v  -1.8049 -0.8316 0.3590
v  -1.8094 -0.8452 0.3599
v  -1.8186 -0.8564 0.3617
v  -1.8354 -0.8670 0.3651
v  -1.8534 -0.8843 0.3687
v  -1.8618 -0.9097 0.3703
v  -1.8618 -0.9363 0.3703
v  -1.8533 -0.9607 0.3686
v  -1.8370 -0.9811 0.3654
v  -1.8052 -1.0037 0.3591
v  -1.6318 -1.0517 0.3246
v  -1.4262 -1.0855 0.2837
v  -1.2225 -1.1301 0.2432
v  -1.0305 -1.2020 0.2050
v  -0.8593 -1.3148 0.1709
v  -0.7825 -1.3858 0.1557
v  -0.7118 -1.4646 0.1416
v  -0.6471 -1.5496 0.1287
v  -0.5884 -1.6395 0.1170
v  -0.5359 -1.7328 0.1066
v  -0.4895 -1.8282 0.0974
v  -0.4491 -1.9255 0.0893
v  -0.4147 -2.0245 0.0825
v  -0.3860 -2.1249 0.0768
v  -0.3630 -2.2267 0.0722
v  -0.3318 -2.4336 0.0660
v  -0.3087 -2.7155 0.0614
v  -2.3623 -0.5123 0.0000
v  -2.3585 -0.5366 0.0000
v  -2.3463 -0.5634 0.0000
v  -2.3259 -0.5859 0.0000
v  -2.3001 -0.6010 0.0000
v  -2.2762 -0.6072 0.0000
v  -2.1886 -0.6197 0.0000
v  -2.0892 -0.6389 0.0000
v  -1.9895 -0.6726 0.0000
v  -1.9016 -0.7293 0.0000
v  -1.8667 -0.7684 0.0000
v  -1.8427 -0.8151 0.0000
v  -1.8407 -0.8315 0.0000
v  -1.8451 -0.8450 0.0000
v  -1.8544 -0.8562 0.0000
v  -1.8715 -0.8668 0.0000
v  -1.8900 -0.8841 0.0000
v  -1.8987 -0.9096 0.0000
v  -1.8987 -0.9364 0.0000
v  -1.8899 -0.9609 0.0000
v  -1.8732 -0.9813 0.0000
v  -1.8407 -1.0039 0.0000
v  -1.6638 -1.0517 0.0000
v  -1.4541 -1.0855 0.0000
v  -1.2464 -1.1302 0.0000
v  -1.0508 -1.2021 0.0000
v  -0.8763 -1.3150 0.0000
v  -0.7981 -1.3860 0.0000
v  -0.7259 -1.4647 0.0000
v  -0.6600 -1.5498 0.0000
v  -0.6002 -1.6397 0.0000
v  -0.5466 -1.7329 0.0000
v  -0.4993 -1.8283 0.0000
v  -0.4581 -1.9256 0.0000
v  -0.4230 -2.0245 0.0000
v  -0.3938 -2.1250 0.0000
v  -0.3703 -2.2268 0.0000
v  -0.3385 -2.4336 0.0000
v  -0.3150 -2.7155 -0.0000
v  -2.3158 -0.5122 -0.4606
v  -2.3012 -0.5634 -0.4577
v  -2.2812 -0.5859 -0.4538
v  -2.2559 -0.6008 -0.4487
v  -2.2325 -0.6071 -0.4441
v  -2.1465 -0.6196 -0.4270
v  -2.0490 -0.6388 -0.4076
v  -1.9512 -0.6724 -0.3881
v  -1.8649 -0.7290 -0.3709
v  -1.8306 -0.7682 -0.3641
v  -1.8069 -0.8150 -0.3594
v  -1.8049 -0.8316 -0.3590
v  -1.8094 -0.8452 -0.3599
v  -1.8186 -0.8564 -0.3617
v  -1.8354 -0.8670 -0.3651
v  -1.8534 -0.8843 -0.3687
v  -1.8618 -0.9097 -0.3703
v  -1.8618 -0.9363 -0.3703
v  -1.8533 -0.9607 -0.3686
v  -1.8370 -0.9811 -0.3654
v  -1.8052 -1.0037 -0.3591
v  -1.6318 -1.0517 -0.3246
v  -1.4262 -1.0855 -0.2837
v  -1.2225 -1.1301 -0.2432
v  -1.0305 -1.2020 -0.2050
v  -0.8593 -1.3148 -0.1709
v  -0.7827 -1.3860 -0.1557
v  -0.7118 -1.4646 -0.1416
v  -0.6471 -1.5496 -0.1287
v  -0.5884 -1.6395 -0.1170
v  -0.5359 -1.7328 -0.1066
v  -0.4895 -1.8282 -0.0974
v  -0.4491 -1.9255 -0.0893
v  -0.4147 -2.0245 -0.0825
v  -0.3860 -2.1249 -0.0768
v  -0.3630 -2.2267 -0.0722
v  -0.3318 -2.4336 -0.0660
v  -0.3087 -2.7155 -0.0614
v  -2.1673 -0.5631 -0.8977
v  -2.1486 -0.5856 -0.8900
v  -2.1250 -0.6008 -0.8802
v  -2.1030 -0.6071 -0.8711
v  -2.0220 -0.6196 -0.8375
v  -1.9302 -0.6388 -0.7995
v  -1.8380 -0.6724 -0.7613
v  -1.7566 -0.7290 -0.7276
v  -1.7243 -0.7682 -0.7142
v  -1.7020 -0.8150 -0.7050
v  -1.7002 -0.8316 -0.7042
v  -1.7044 -0.8452 -0.7060
v  -1.7131 -0.8565 -0.7096
v  -1.7289 -0.8670 -0.7161
v  -1.7458 -0.8844 -0.7231
v  -1.7537 -0.9097 -0.7264
v  -1.7537 -0.9363 -0.7264
v  -1.7457 -0.9607 -0.7231
v  -1.7303 -0.9811 -0.7167
v  -1.7005 -1.0036 -0.7044
v  -1.5371 -1.0517 -0.6367
v  -1.3434 -1.0855 -0.5565
v  -1.1515 -1.1301 -0.4770
v  -0.9707 -1.2020 -0.4021
v  -0.8095 -1.3149 -0.3353
v  -0.7372 -1.3859 -0.3054
v  -0.6706 -1.4647 -0.2778
v  -0.6097 -1.5498 -0.2526
v  -0.5542 -1.6395 -0.2296
v  -0.5047 -1.7328 -0.2091
v  -0.4610 -1.8282 -0.1910
v  -0.4230 -1.9255 -0.1752
v  -0.3906 -2.0244 -0.1618
v  -0.3636 -2.1249 -0.1506
v  -0.3419 -2.2267 -0.1416
v  -0.3125 -2.4336 -0.1295
v  -0.2908 -2.7155 -0.1205
v  -1.9506 -0.5632 -1.3033
v  -1.9338 -0.5857 -1.2921
v  -1.9124 -0.6009 -1.2778
v  -1.8926 -0.6071 -1.2646
v  -1.8198 -0.6196 -1.2159
v  -1.7371 -0.6389 -1.1607
v  -1.6542 -0.6724 -1.1053
v  -1.5810 -0.7291 -1.0564
v  -1.5519 -0.7683 -1.0369
v  -1.5318 -0.8150 -1.0235
v  -1.5302 -0.8316 -1.0224
v  -1.5340 -0.8451 -1.0250
v  -1.5418 -0.8564 -1.0302
v  -1.5560 -0.8670 -1.0397
v  -1.5713 -0.8843 -1.0499
v  -1.5784 -0.9097 -1.0547
v  -1.5784 -0.9363 -1.0547
v  -1.5711 -0.9608 -1.0498
v  -1.5573 -0.9811 -1.0406
v  -1.5304 -1.0037 -1.0226
v  -1.3834 -1.0517 -0.9243
v  -1.2090 -1.0855 -0.8079
v  -1.0363 -1.1301 -0.6925
v  -0.8736 -1.2020 -0.5837
v  -0.7285 -1.3149 -0.4868
v  -0.6635 -1.3859 -0.4433
v  -0.6035 -1.4647 -0.4033
v  -0.5487 -1.5497 -0.3666
v  -0.4990 -1.6397 -0.3334
v  -0.4543 -1.7328 -0.3036
v  -0.4150 -1.8282 -0.2773
v  -0.3808 -1.9255 -0.2544
v  -0.3516 -2.0245 -0.2349
v  -0.3273 -2.1249 -0.2187
v  -0.3078 -2.2267 -0.2056
v  -0.2813 -2.4336 -0.1880
v  -0.2618 -2.7155 -0.1749
v  -1.6677 -0.5366 -1.6677
v  -1.6591 -0.5634 -1.6591
v  -1.6447 -0.5859 -1.6447
v  -1.6264 -0.6010 -1.6264
v  -1.6095 -0.6072 -1.6095
v  -1.5476 -0.6197 -1.5476
v  -1.4773 -0.6389 -1.4773
v  -1.4068 -0.6726 -1.4068
v  -1.3446 -0.7293 -1.3446
v  -1.3199 -0.7684 -1.3199
v  -1.3030 -0.8151 -1.3030
v  -1.3016 -0.8315 -1.3016
v  -1.3047 -0.8450 -1.3047
v  -1.3113 -0.8562 -1.3113
v  -1.3233 -0.8668 -1.3233
v  -1.3365 -0.8841 -1.3365
v  -1.3426 -0.9096 -1.3426
v  -1.3426 -0.9364 -1.3426
v  -1.3364 -0.9609 -1.3364
v  -1.3245 -0.9813 -1.3245
v  -1.3016 -1.0039 -1.3016
v  -1.1765 -1.0517 -1.1765
v  -1.0282 -1.0855 -1.0282
v  -0.8814 -1.1302 -0.8814
v  -0.7430 -1.2021 -0.7430
v  -0.6196 -1.3150 -0.6196
v  -0.5643 -1.3860 -0.5643
v  -0.5133 -1.4647 -0.5133
v  -0.4667 -1.5498 -0.4667
v  -0.4244 -1.6397 -0.4244
v  -0.3865 -1.7329 -0.3865
v  -0.3531 -1.8283 -0.3531
v  -0.3239 -1.9256 -0.3239
v  -0.2991 -2.0245 -0.2991
v  -0.2784 -2.1250 -0.2784
v  -0.2619 -2.2268 -0.2619
v  -0.2394 -2.4336 -0.2394
v  -0.2227 -2.7155 -0.2227
v  -1.3101 -0.5365 -1.9607
v  -1.3033 -0.5632 -1.9506
v  -1.2921 -0.5857 -1.9338
v  -1.2778 -0.6009 -1.9124
v  -1.2646 -0.6071 -1.8926
v  -1.2159 -0.6196 -1.8198
v  -1.1607 -0.6389 -1.7371
v  -1.1053 -0.6724 -1.6542
v  -1.0564 -0.7291 -1.5810
v  -1.0369 -0.7683 -1.5519
v  -1.0235 -0.8150 -1.5318
v  -1.0224 -0.8316 -1.5302
v  -1.0250 -0.8451 -1.5340
v  -1.0302 -0.8564 -1.5418
v  -1.0397 -0.8670 -1.5560
v  -1.0499 -0.8843 -1.5713
v  -1.0547 -0.9097 -1.5784
v  -1.0547 -0.9363 -1.5784
v  -1.0498 -0.9608 -1.5711
v  -1.0406 -0.9811 -1.5573
v  -1.0226 -1.0037 -1.5304
v  -0.9243 -1.0517 -1.3834
v  -0.8079 -1.0855 -1.2090
v  -0.6925 -1.1301 -1.0363
v  -0.5837 -1.2020 -0.8736
v  -0.4868 -1.3149 -0.7285
v  -0.4433 -1.3859 -0.6635
v  -0.4033 -1.4647 -0.6035
v  -0.3666 -1.5497 -0.5487
v  -0.3334 -1.6397 -0.4990
v  -0.3036 -1.7328 -0.4543
v  -0.2773 -1.8282 -0.4150
v  -0.2544 -1.9255 -0.3808
v  -0.2349 -2.0245 -0.3516
v  -0.2187 -2.1249 -0.3273
v  -0.2056 -2.2267 -0.3078
v  -0.1880 -2.4336 -0.2813
v  -0.1749 -2.7155 -0.2618
v  -0.8977 -0.5631 -2.1673
v  -0.8900 -0.5856 -2.1486
v  -0.8802 -0.6008 -2.1250
v  -0.8711 -0.6071 -2.1030
v  -0.8375 -0.6196 -2.0220
v  -0.7995 -0.6388 -1.9302
v  -0.7613 -0.6724 -1.8380
v  -0.7276 -0.7290 -1.7566
v  -0.7142 -0.7682 -1.7243
v  -0.7050 -0.8150 -1.7020
v  -0.7042 -0.8316 -1.7002
v  -0.7060 -0.8452 -1.7044
v  -0.7096 -0.8565 -1.7131
v  -0.7161 -0.8670 -1.7289
v  -0.7231 -0.8844 -1.7458
v  -0.7264 -0.9097 -1.7537
v  -0.7264 -0.9363 -1.7537
v  -0.7231 -0.9607 -1.7457
v  -0.7167 -0.9811 -1.7303
v  -0.7044 -1.0036 -1.7005
v  -0.6367 -1.0517 -1.5371
v  -0.5565 -1.0855 -1.3434
v  -0.4770 -1.1301 -1.1515
v  -0.4021 -1.2020 -0.9707
v  -0.3353 -1.3149 -0.8095
v  -0.3054 -1.3859 -0.7372
v  -0.2778 -1.4647 -0.6706
v  -0.2525 -1.5497 -0.6096
v  -0.2297 -1.6397 -0.5545
v  -0.2091 -1.7328 -0.5047
v  -0.1910 -1.8282 -0.4610
v  -0.1752 -1.9255 -0.4230
v  -0.1618 -2.0244 -0.3906
v  -0.1506 -2.1249 -0.3636
v  -0.1416 -2.2267 -0.3419
v  -0.1295 -2.4336 -0.3125
v  -0.1205 -2.7155 -0.2908
v  -0.4600 -0.5365 -2.3127
v  -0.4577 -0.5631 -2.3008
v  -0.4537 -0.5857 -2.2810
v  -0.4487 -0.6008 -2.2559
v  -0.4441 -0.6071 -2.2325
v  -0.4270 -0.6196 -2.1465
v  -0.4076 -0.6388 -2.0490
v  -0.3881 -0.6724 -1.9512
v  -0.3709 -0.7290 -1.8649
v  -0.3641 -0.7682 -1.8306
v  -0.3594 -0.8150 -1.8069
v  -0.3590 -0.8316 -1.8049
v  -0.3599 -0.8452 -1.8094
v  -0.3617 -0.8564 -1.8186
v  -0.3651 -0.8670 -1.8354
v  -0.3687 -0.8843 -1.8534
v  -0.3703 -0.9097 -1.8618
v  -0.3703 -0.9363 -1.8618
v  -0.3686 -0.9607 -1.8533
v  -0.3654 -0.9811 -1.8370
v  -0.3591 -1.0037 -1.8052
v  -0.3246 -1.0517 -1.6318
v  -0.2837 -1.0855 -1.4262
v  -0.2432 -1.1301 -1.2225
v  -0.2050 -1.2020 -1.0305
v  -0.1709 -1.3148 -0.8593
v  -0.1557 -1.3858 -0.7825
v  -0.1416 -1.4646 -0.7118
v  -0.1287 -1.5496 -0.6471
v  -0.1171 -1.6397 -0.5886
v  -0.1066 -1.7328 -0.5359
v  -0.0974 -1.8282 -0.4895
v  -0.0893 -1.9255 -0.4491
v  -0.0825 -2.0245 -0.4147
v  -0.0768 -2.1249 -0.3860
v  -0.0722 -2.2267 -0.3630
v  -0.0660 -2.4336 -0.3318
v  -0.0614 -2.7155 -0.3087
v  -0.0000 -0.5634 -2.3463
v  -0.0000 -0.5859 -2.3259
v  -0.0000 -0.6010 -2.3001
v  -0.0000 -0.6072 -2.2762
v  -0.0000 -0.6197 -2.1886
v  -0.0000 -0.6389 -2.0892
v  -0.0000 -0.6726 -1.9895
v  -0.0000 -0.7293 -1.9016
v  -0.0000 -0.7684 -1.8667
v  -0.0000 -0.8151 -1.8427
v  -0.0000 -0.8315 -1.8407
v  -0.0000 -0.8450 -1.8451
v  -0.0000 -0.8562 -1.8544
v  -0.0000 -0.8668 -1.8715
v  -0.0000 -0.8841 -1.8900
v  -0.0000 -0.9096 -1.8987
v  -0.0000 -0.9364 -1.8987
v  -0.0000 -0.9609 -1.8899
v  -0.0000 -0.9813 -1.8732
v  -0.0000 -1.0039 -1.8407
v  -0.0000 -1.0517 -1.6638
v  -0.0000 -1.0855 -1.4541
v  -0.0000 -1.1302 -1.2464
v  -0.0000 -1.2021 -1.0508
v  -0.0000 -1.3150 -0.8763
v  -0.0000 -1.3860 -0.7981
v  -0.0000 -1.4647 -0.7259
v  -0.0000 -1.5498 -0.6600
v  -0.0000 -1.6397 -0.6002
v  -0.0000 -1.7329 -0.5466
v  -0.0000 -1.8283 -0.4993
v  -0.0000 -1.9256 -0.4581
v  -0.0000 -2.0245 -0.4230
v  -0.0000 -2.1250 -0.3938
v  -0.0000 -2.2268 -0.3703
v  -0.0000 -2.4336 -0.3385
v  -0.0000 -2.7155 -0.3150
v  0.4600 -0.5365 -2.3127
v  0.4577 -0.5631 -2.3008
v  0.4537 -0.5857 -2.2810
v  0.4487 -0.6008 -2.2559
v  0.4441 -0.6071 -2.2325
v  0.4270 -0.6196 -2.1465
v  0.4076 -0.6388 -2.0490
v  0.3881 -0.6724 -1.9512
v  0.3709 -0.7290 -1.8649
v  0.3641 -0.7682 -1.8306
v  0.3594 -0.8150 -1.8069
v  0.3590 -0.8316 -1.8049
v  0.3599 -0.8452 -1.8094
v  0.3617 -0.8564 -1.8186
v  0.3651 -0.8670 -1.8354
v  0.3687 -0.8843 -1.8534
v  0.3703 -0.9097 -1.8618
v  0.3703 -0.9363 -1.8618
v  0.3686 -0.9607 -1.8533
v  0.3654 -0.9811 -1.8370
v  0.3591 -1.0037 -1.8052
v  0.3246 -1.0517 -1.6318
v  0.2837 -1.0855 -1.4262
v  0.2432 -1.1301 -1.2225
v  0.2050 -1.2020 -1.0305
v  0.1709 -1.3148 -0.8593
v  0.1557 -1.3858 -0.7825
v  0.1416 -1.4646 -0.7118
v  0.1287 -1.5496 -0.6471
v  0.1170 -1.6395 -0.5884
v  0.1066 -1.7328 -0.5359
v  0.0974 -1.8282 -0.4895
v  0.0893 -1.9255 -0.4491
v  0.0825 -2.0245 -0.4147
v  0.0768 -2.1249 -0.3860
v  0.0722 -2.2267 -0.3630
v  0.0660 -2.4336 -0.3318
v  0.0614 -2.7155 -0.3087
v  0.9023 -0.5364 -2.1784
v  0.8977 -0.5631 -2.1673
v  0.8900 -0.5856 -2.1486
v  0.8802 -0.6008 -2.1250
v  0.8711 -0.6071 -2.1030
v  0.8375 -0.6196 -2.0220
v  0.7995 -0.6388 -1.9302
v  0.7613 -0.6724 -1.8380
v  0.7276 -0.7290 -1.7566
v  0.7142 -0.7682 -1.7243
v  0.7050 -0.8150 -1.7020
v  0.7042 -0.8316 -1.7002
v  0.7060 -0.8452 -1.7044
v  0.7096 -0.8565 -1.7131
v  0.7161 -0.8670 -1.7289
v  0.7231 -0.8844 -1.7458
v  0.7264 -0.9097 -1.7537
v  0.7264 -0.9363 -1.7537
v  0.7231 -0.9607 -1.7457
v  0.7167 -0.9811 -1.7303
v  0.7044 -1.0036 -1.7005
v  0.6367 -1.0517 -1.5371
v  0.5565 -1.0855 -1.3434
v  0.4770 -1.1301 -1.1515
v  0.4021 -1.2020 -0.9707
v  0.3353 -1.3149 -0.8095
v  0.3054 -1.3859 -0.7372
v  0.2778 -1.4647 -0.6706
v  0.2525 -1.5497 -0.6096
v  0.2296 -1.6395 -0.5542
v  0.2091 -1.7328 -0.5047
v  0.1910 -1.8282 -0.4610
v  0.1752 -1.9255 -0.4230
v  0.1618 -2.0244 -0.3906
v  0.1506 -2.1249 -0.3636
v  0.1416 -2.2267 -0.3419
v  0.1295 -2.4336 -0.3125
v  0.1205 -2.7155 -0.2908
v  1.3101 -0.5365 -1.9607
v  1.3033 -0.5632 -1.9506
v  1.2921 -0.5857 -1.9338
v  1.2778 -0.6009 -1.9124
v  1.2646 -0.6071 -1.8926
v  1.2159 -0.6196 -1.8198
v  1.1607 -0.6389 -1.7371
v  1.1053 -0.6724 -1.6542
v  1.0564 -0.7291 -1.5810
v  1.0369 -0.7683 -1.5519
v  1.0235 -0.8150 -1.5318
v  1.0224 -0.8316 -1.5302
v  1.0250 -0.8451 -1.5340
v  1.0302 -0.8564 -1.5418
v  1.0397 -0.8670 -1.5560
v  1.0499 -0.8843 -1.5713
v  1.0547 -0.9097 -1.5784
v  1.0547 -0.9363 -1.5784
v  1.0498 -0.9608 -1.5711
v  1.0406 -0.9811 -1.5573
v  1.0226 -1.0037 -1.5304
v  0.9243 -1.0517 -1.3834
v  0.8079 -1.0855 -1.2090
v  0.6925 -1.1301 -1.0363
v  0.5837 -1.2020 -0.8736
v  0.4868 -1.3149 -0.7285
v  0.4433 -1.3859 -0.6635
v  0.4033 -1.4647 -0.6035
v  0.3666 -1.5497 -0.5487
v  0.3333 -1.6396 -0.4989
v  0.3036 -1.7328 -0.4543
v  0.2774 -1.8283 -0.4152
v  0.2544 -1.9255 -0.3808
v  0.2349 -2.0245 -0.3516
v  0.2187 -2.1249 -0.3273
v  0.2056 -2.2267 -0.3078
v  0.1880 -2.4336 -0.2813
v  0.1749 -2.7155 -0.2618
v  1.6677 -0.5366 -1.6677
v  1.6591 -0.5634 -1.6591
v  1.6447 -0.5859 -1.6447
v  1.6264 -0.6010 -1.6264
v  1.6095 -0.6072 -1.6095
v  1.5476 -0.6197 -1.5476
v  1.4773 -0.6389 -1.4773
v  1.4068 -0.6726 -1.4068
v  1.3446 -0.7293 -1.3446
v  1.3199 -0.7684 -1.3199
v  1.3030 -0.8151 -1.3030
v  1.3016 -0.8315 -1.3016
v  1.3047 -0.8450 -1.3047
v  1.3113 -0.8562 -1.3113
v  1.3233 -0.8668 -1.3233
v  1.3365 -0.8841 -1.3365
v  1.3426 -0.9096 -1.3426
v  1.3426 -0.9364 -1.3426
v  1.3364 -0.9609 -1.3364
v  1.3245 -0.9813 -1.3245
v  1.3016 -1.0039 -1.3016
v  1.1765 -1.0517 -1.1765
v  1.0282 -1.0855 -1.0282
v  0.8814 -1.1302 -0.8814
v  0.7430 -1.2021 -0.7430
v  0.6196 -1.3150 -0.6196
v  0.5643 -1.3860 -0.5643
v  0.5133 -1.4647 -0.5133
v  0.4667 -1.5498 -0.4667
v  0.4244 -1.6397 -0.4244
v  0.3865 -1.7329 -0.3865
v  0.3531 -1.8283 -0.3531
v  0.3239 -1.9256 -0.3239
v  0.2991 -2.0245 -0.2991
v  0.2784 -2.1250 -0.2784
v  0.2619 -2.2268 -0.2619
v  0.2394 -2.4336 -0.2394
v  0.2227 -2.7155 -0.2227
v  1.9509 -0.5634 -1.3035
v  1.9339 -0.5859 -1.2922
v  1.9125 -0.6010 -1.2779
v  1.8926 -0.6072 -1.2646
v  1.8198 -0.6197 -1.2159
v  1.7371 -0.6389 -1.1607
v  1.6542 -0.6724 -1.1053
v  1.5810 -0.7291 -1.0564
v  1.5519 -0.7683 -1.0369
v  1.5318 -0.8150 -1.0235
v  1.5302 -0.8316 -1.0224
v  1.5340 -0.8451 -1.0250
v  1.5418 -0.8564 -1.0302
v  1.5560 -0.8670 -1.0397
v  1.5713 -0.8843 -1.0499
v  1.5784 -0.9097 -1.0547
v  1.5784 -0.9363 -1.0547
v  1.5711 -0.9608 -1.0498
v  1.5573 -0.9811 -1.0406
v  1.5304 -1.0037 -1.0226
v  1.3834 -1.0517 -0.9243
v  1.2090 -1.0855 -0.8079
v  1.0363 -1.1301 -0.6925
v  0.8736 -1.2020 -0.5837
v  0.7285 -1.3149 -0.4868
v  0.6635 -1.3859 -0.4433
v  0.6035 -1.4647 -0.4033
v  0.5487 -1.5497 -0.3666
v  0.4989 -1.6396 -0.3333
v  0.4545 -1.7329 -0.3037
v  0.4150 -1.8283 -0.2773
v  0.3808 -1.9255 -0.2544
v  0.3516 -2.0245 -0.2349
v  0.3273 -2.1249 -0.2187
v  0.3078 -2.2267 -0.2056
v  0.2813 -2.4336 -0.1880
v  0.2618 -2.7155 -0.1749
v  2.1677 -0.5634 -0.8979
v  2.1489 -0.5859 -0.8901
v  2.1250 -0.6010 -0.8802
v  2.1030 -0.6072 -0.8711
v  2.0220 -0.6196 -0.8375
v  1.9302 -0.6388 -0.7995
v  1.8380 -0.6724 -0.7613
v  1.7566 -0.7290 -0.7276
v  1.7243 -0.7682 -0.7142
v  1.7020 -0.8150 -0.7050
v  1.7002 -0.8316 -0.7042
v  1.7044 -0.8452 -0.7060
v  1.7131 -0.8565 -0.7096
v  1.7289 -0.8670 -0.7161
v  1.7458 -0.8844 -0.7231
v  1.7537 -0.9097 -0.7264
v  1.7537 -0.9363 -0.7264
v  1.7457 -0.9607 -0.7231
v  1.7303 -0.9811 -0.7167
v  1.7005 -1.0036 -0.7044
v  1.5371 -1.0517 -0.6367
v  1.3434 -1.0855 -0.5565
v  1.1515 -1.1301 -0.4770
v  0.9707 -1.2020 -0.4021
v  0.8095 -1.3149 -0.3353
v  0.7372 -1.3859 -0.3054
v  0.6706 -1.4647 -0.2778
v  0.6096 -1.5497 -0.2525
v  0.5542 -1.6395 -0.2296
v  0.5047 -1.7328 -0.2091
v  0.4610 -1.8282 -0.1910
v  0.4230 -1.9255 -0.1752
v  0.3906 -2.0244 -0.1618
v  0.3636 -2.1249 -0.1506
v  0.3419 -2.2267 -0.1416
v  0.3125 -2.4336 -0.1295
v  0.2908 -2.7155 -0.1205
v  2.3158 -0.5122 -0.4606
v  2.3132 -0.5366 -0.4601
v  2.3012 -0.5634 -0.4577
v  2.2812 -0.5859 -0.4538
v  2.2559 -0.6010 -0.4487
v  2.2325 -0.6072 -0.4441
v  2.1466 -0.6197 -0.4270
v  2.0491 -0.6389 -0.4076
v  1.9512 -0.6724 -0.3881
v  1.8649 -0.7290 -0.3709
v  1.8306 -0.7682 -0.3641
v  1.8069 -0.8150 -0.3594
v  1.8049 -0.8316 -0.3590
v  1.8094 -0.8452 -0.3599
v  1.8186 -0.8564 -0.3617
v  1.8354 -0.8670 -0.3651
v  1.8534 -0.8843 -0.3687
v  1.8618 -0.9097 -0.3703
v  1.8618 -0.9363 -0.3703
v  1.8533 -0.9607 -0.3686
v  1.8370 -0.9811 -0.3654
v  1.8052 -1.0037 -0.3591
v  1.6318 -1.0517 -0.3246
v  1.4262 -1.0855 -0.2837
v  1.2225 -1.1301 -0.2432
v  1.0305 -1.2020 -0.2050
v  0.8593 -1.3148 -0.1709
v  0.7825 -1.3858 -0.1557
v  0.7118 -1.4646 -0.1416
v  0.6471 -1.5496 -0.1287
v  0.5884 -1.6395 -0.1170
v  0.5359 -1.7328 -0.1066
v  0.4895 -1.8282 -0.0974
v  0.4491 -1.9255 -0.0893
v  0.4147 -2.0245 -0.0825
v  0.3860 -2.1249 -0.0768
v  0.3630 -2.2267 -0.0722
v  0.3318 -2.4336 -0.0660
v  0.3087 -2.7155 -0.0614
v  2.3623 -0.5123 0.0000
v  2.3585 -0.5366 0.0000
v  2.3463 -0.5634 0.0000
v  2.3259 -0.5859 0.0000
v  2.3001 -0.6010 0.0000
v  2.2762 -0.6072 0.0000
v  2.1886 -0.6197 0.0000
v  2.0892 -0.6389 0.0000
v  1.9895 -0.6726 0.0000
v  1.9016 -0.7293 0.0000
v  1.8667 -0.7684 0.0000
v  1.8427 -0.8151 0.0000
v  1.8407 -0.8315 0.0000
v  1.8451 -0.8450 0.0000
v  1.8544 -0.8562 0.0000
v  1.8715 -0.8668 0.0000
v  1.8900 -0.8841 0.0000
v  1.8987 -0.9096 0.0000
v  1.8987 -0.9364 0.0000
v  1.8899 -0.9609 0.0000
v  1.8732 -0.9813 0.0000
v  1.8407 -1.0039 0.0000
v  1.6638 -1.0517 0.0000
v  1.4541 -1.0855 0.0000
v  1.2464 -1.1302 0.0000
v  1.0508 -1.2021 -0.0000
v  0.8763 -1.3150 -0.0000
v  0.7981 -1.3860 -0.0000
v  0.7259 -1.4647 -0.0000
v  0.6600 -1.5498 -0.0000
v  0.6002 -1.6397 -0.0000
v  0.5466 -1.7329 -0.0000
v  0.4993 -1.8283 -0.0000
v  0.4581 -1.9256 -0.0000
v  0.4230 -2.0245 -0.0000
v  0.3938 -2.1250 -0.0000
v  0.3703 -2.2268 -0.0000
v  0.3385 -2.4336 -0.0000
v  0.3150 -2.7155 -0.0000
v  2.3164 -0.5122 0.4608
v  2.3127 -0.5365 0.4600
v  2.3008 -0.5631 0.4577
v  2.2810 -0.5857 0.4537
v  2.2559 -0.6008 0.4487
v  2.2325 -0.6071 0.4441
v  2.1465 -0.6196 0.4270
v  2.0490 -0.6388 0.4076
v  1.9512 -0.6724 0.3881
v  1.8649 -0.7290 0.3709
v  1.8306 -0.7682 0.3641
v  1.8069 -0.8150 0.3594
v  1.8049 -0.8316 0.3590
v  1.8094 -0.8452 0.3599
v  1.8186 -0.8564 0.3617
v  1.8354 -0.8670 0.3651
v  1.8534 -0.8843 0.3687
v  1.8618 -0.9097 0.3703
v  1.8618 -0.9363 0.3703
v  1.8533 -0.9607 0.3686
v  1.8370 -0.9811 0.3654
v  1.8052 -1.0037 0.3591
v  1.6318 -1.0517 0.3246
v  1.4262 -1.0855 0.2837
v  1.2225 -1.1301 0.2432
v  1.0305 -1.2020 0.2050
v  0.8593 -1.3148 0.1709
v  0.7825 -1.3858 0.1557
v  0.7118 -1.4646 0.1416
v  0.6471 -1.5496 0.1287
v  0.5884 -1.6395 0.1170
v  0.5359 -1.7328 0.1066
v  0.4895 -1.8282 0.0974
v  0.4491 -1.9255 0.0893
v  0.4147 -2.0245 0.0825
v  0.3860 -2.1249 0.0768
v  0.3630 -2.2267 0.0722
v  0.3318 -2.4336 0.0660
v  0.3087 -2.7155 0.0614
v  2.1819 -0.5122 0.9038
v  2.1784 -0.5364 0.9023
v  2.1673 -0.5631 0.8977
v  2.1486 -0.5856 0.8900
v  2.1250 -0.6008 0.8802
v  2.1030 -0.6071 0.8711
v  2.0220 -0.6196 0.8375
v  1.9302 -0.6388 0.7995
v  1.8381 -0.6726 0.7613
v  1.7568 -0.7293 0.7277
v  1.7246 -0.7684 0.7144
v  1.7024 -0.8151 0.7052
v  1.7006 -0.8315 0.7044
v  1.7047 -0.8450 0.7061
v  1.7133 -0.8562 0.7097
v  1.7290 -0.8668 0.7162
v  1.7462 -0.8841 0.7233
v  1.7542 -0.9096 0.7266
v  1.7542 -0.9364 0.7266
v  1.7457 -0.9607 0.7231
v  1.7303 -0.9811 0.7167
v  1.7005 -1.0036 0.7044
v  1.5371 -1.0517 0.6367
v  1.3434 -1.0855 0.5565
v  1.1515 -1.1301 0.4770
v  0.9707 -1.2020 0.4021
v  0.8095 -1.3149 0.3353
v  0.7372 -1.3859 0.3054
v  0.6706 -1.4647 0.2778
v  0.6096 -1.5497 0.2525
v  0.5542 -1.6395 0.2296
v  0.5047 -1.7328 0.2091
v  0.4610 -1.8282 0.1910
v  0.4230 -1.9255 0.1752
v  0.3906 -2.0244 0.1618
v  0.3636 -2.1249 0.1506
v  0.3419 -2.2267 0.1416
v  0.3125 -2.4336 0.1295
v  0.2908 -2.7155 0.1205
v  1.9638 -0.5122 1.3121
v  1.9607 -0.5365 1.3101
v  1.9506 -0.5632 1.3033
v  1.9338 -0.5857 1.2921
v  1.9124 -0.6009 1.2778
v  1.8926 -0.6071 1.2646
v  1.8198 -0.6196 1.2159
v  1.7371 -0.6389 1.1607
v  1.6542 -0.6726 1.1053
v  1.5811 -0.7293 1.0565
v  1.5519 -0.7683 1.0369
v  1.5318 -0.8150 1.0235
v  1.5302 -0.8316 1.0224
v  1.5340 -0.8451 1.0250
v  1.5418 -0.8564 1.0302
v  1.5560 -0.8670 1.0397
v  1.5713 -0.8843 1.0499
v  1.5784 -0.9097 1.0547
v  1.5784 -0.9363 1.0547
v  1.5711 -0.9608 1.0498
v  1.5573 -0.9811 1.0406
v  1.5305 -1.0039 1.0227
v  1.3834 -1.0517 0.9244
v  1.2091 -1.0855 0.8079
v  1.0364 -1.1302 0.6925
v  0.8736 -1.2020 0.5837
v  0.7285 -1.3149 0.4868
v  0.6635 -1.3859 0.4433
v  0.6035 -1.4647 0.4033
v  0.5487 -1.5497 0.3666
v  0.4989 -1.6396 0.3333
v  0.4543 -1.7328 0.3036
v  0.4150 -1.8282 0.2773
v  0.3808 -1.9255 0.2544
v  0.3516 -2.0245 0.2349
v  0.3273 -2.1249 0.2187
v  0.3078 -2.2267 0.2056
v  0.2813 -2.4336 0.1880
v  0.2618 -2.7155 0.1749
v  1.6704 -0.5123 1.6704
v  1.6677 -0.5366 1.6677
v  1.6591 -0.5634 1.6591
v  1.6447 -0.5859 1.6447
v  1.6264 -0.6010 1.6264
v  1.6095 -0.6072 1.6095
v  1.5476 -0.6197 1.5476
v  1.4773 -0.6389 1.4773
v  1.4068 -0.6726 1.4068
v  1.3446 -0.7293 1.3446
v  1.3199 -0.7684 1.3199
v  1.3030 -0.8151 1.3030
v  1.3016 -0.8315 1.3016
v  1.3047 -0.8450 1.3047
v  1.3113 -0.8562 1.3113
v  1.3233 -0.8668 1.3233
v  1.3365 -0.8841 1.3365
v  1.3426 -0.9096 1.3426
v  1.3426 -0.9364 1.3426
v  1.3364 -0.9609 1.3364
v  1.3245 -0.9813 1.3245
v  1.3016 -1.0039 1.3016
v  1.1765 -1.0517 1.1765
v  1.0282 -1.0855 1.0282
v  0.8814 -1.1302 0.8814
v  0.7430 -1.2021 0.7430
v  0.6196 -1.3150 0.6196
v  0.5643 -1.3860 0.5643
v  0.5133 -1.4647 0.5133
v  0.4667 -1.5498 0.4667
v  0.4244 -1.6397 0.4244
v  0.3865 -1.7329 0.3865
v  0.3531 -1.8283 0.3531
v  0.3239 -1.9256 0.3239
v  0.2991 -2.0245 0.2991
v  0.2784 -2.1250 0.2784
v  0.2619 -2.2268 0.2619
v  0.2394 -2.4336 0.2394
v  0.2227 -2.7155 0.2227
v  1.3121 -0.5122 1.9638
v  1.3101 -0.5365 1.9607
v  1.3033 -0.5632 1.9506
v  1.2921 -0.5857 1.9338
v  1.2778 -0.6009 1.9124
v  1.2646 -0.6071 1.8926
v  1.2159 -0.6196 1.8198
v  1.1607 -0.6389 1.7371
v  1.1053 -0.6724 1.6542
v  1.0564 -0.7291 1.5810
v  1.0371 -0.7684 1.5521
v  1.0237 -0.8151 1.5321
v  1.0226 -0.8315 1.5305
v  1.0251 -0.8450 1.5342
v  1.0303 -0.8562 1.5419
v  1.0397 -0.8668 1.5561
v  1.0500 -0.8841 1.5715
v  1.0549 -0.9096 1.5787
v  1.0549 -0.9364 1.5787
v  1.0500 -0.9609 1.5714
v  1.0407 -0.9813 1.5575
v  1.0227 -1.0039 1.5305
v  0.9244 -1.0517 1.3834
v  0.8079 -1.0855 1.2091
v  0.6925 -1.1302 1.0364
v  0.5837 -1.2020 0.8736
v  0.4868 -1.3149 0.7285
v  0.4433 -1.3859 0.6635
v  0.4033 -1.4647 0.6035
v  0.3666 -1.5497 0.5487
v  0.3333 -1.6396 0.4989
v  0.3036 -1.7328 0.4543
v  0.2773 -1.8282 0.4150
v  0.2544 -1.9255 0.3808
v  0.2349 -2.0245 0.3516
v  0.2187 -2.1249 0.3273
v  0.2056 -2.2267 0.3078
v  0.1880 -2.4336 0.2813
v  0.1749 -2.7155 0.2618
v  0.9038 -0.5122 2.1819
v  0.9023 -0.5364 2.1784
v  0.8977 -0.5631 2.1673
v  0.8900 -0.5856 2.1486
v  0.8802 -0.6008 2.1250
v  0.8711 -0.6071 2.1030
v  0.8375 -0.6196 2.0220
v  0.7995 -0.6388 1.9302
v  0.7613 -0.6724 1.8380
v  0.7276 -0.7290 1.7566
v  0.7142 -0.7682 1.7243
v  0.7052 -0.8151 1.7024
v  0.7044 -0.8315 1.7006
v  0.7061 -0.8450 1.7047
v  0.7097 -0.8562 1.7133
v  0.7162 -0.8668 1.7290
v  0.7233 -0.8841 1.7462
v  0.7264 -0.9097 1.7537
v  0.7264 -0.9363 1.7537
v  0.7231 -0.9607 1.7457
v  0.7167 -0.9811 1.7303
v  0.7044 -1.0036 1.7005
v  0.6367 -1.0517 1.5371
v  0.5565 -1.0855 1.3434
v  0.4770 -1.1302 1.1515
v  0.4021 -1.2020 0.9707
v  0.3353 -1.3149 0.8095
v  0.3054 -1.3859 0.7372
v  0.2778 -1.4647 0.6706
v  0.2525 -1.5497 0.6096
v  0.2296 -1.6395 0.5542
v  0.2091 -1.7328 0.5047
v  0.1910 -1.8282 0.4610
v  0.1752 -1.9255 0.4230
v  0.1618 -2.0244 0.3906
v  0.1506 -2.1249 0.3636
v  0.1416 -2.2267 0.3419
v  0.1295 -2.4336 0.3125
v  0.1205 -2.7155 0.2908
v  0.4607 -0.5122 2.3164
v  0.4600 -0.5365 2.3127
v  0.4577 -0.5631 2.3008
v  0.4537 -0.5857 2.2810
v  0.4487 -0.6008 2.2559
v  0.4441 -0.6071 2.2325
v  0.4270 -0.6197 2.1466
v  0.4076 -0.6389 2.0491
v  0.3881 -0.6726 1.9513
v  0.3710 -0.7293 1.8650
v  0.3642 -0.7684 1.8308
v  0.3594 -0.8150 1.8069
v  0.3590 -0.8316 1.8049
v  0.3599 -0.8452 1.8094
v  0.3617 -0.8564 1.8186
v  0.3651 -0.8670 1.8354
v  0.3687 -0.8843 1.8534
v  0.3703 -0.9097 1.8618
v  0.3703 -0.9363 1.8618
v  0.3686 -0.9607 1.8533
v  0.3654 -0.9811 1.8370
v  0.3591 -1.0039 1.8054
v  0.3246 -1.0517 1.6318
v  0.2837 -1.0855 1.4262
v  0.2432 -1.1301 1.2225
v  0.2050 -1.2020 1.0305
v  0.1709 -1.3148 0.8593
v  0.1557 -1.3858 0.7825
v  0.1416 -1.4646 0.7118
v  0.1287 -1.5496 0.6471
v  0.1170 -1.6395 0.5884
v  0.1066 -1.7328 0.5359
v  0.0974 -1.8282 0.4895
v  0.0893 -1.9255 0.4491
v  0.0825 -2.0245 0.4147
v  0.0768 -2.1249 0.3860
v  0.0722 -2.2267 0.3630
v  0.0660 -2.4336 0.3318
v  0.0614 -2.7155 0.3087
v  0.0249 -0.4838 2.3621
v  0.0505 -0.4782 2.3618
v  0.0831 -0.4653 2.3608
v  0.1115 -0.4468 2.3597
v  0.1359 -0.4230 2.3584
v  0.1551 -0.3953 2.3572
v  0.1683 -0.3644 2.3563
v  0.1750 -0.3316 2.3558
v  0.1750 -0.2982 2.3558
v  0.1682 -0.2654 2.3563
v  0.1550 -0.2346 2.3572
v  0.1359 -0.2067 2.3584
v  0.1116 -0.1831 2.3597
v  0.0825 -0.1643 2.3609
v  0.0503 -0.1516 2.3618
v  0.0256 -0.1461 2.3622
v  0.0002 -0.1444 2.3623
v  -0.0252 -0.1461 2.3622
v  -0.0501 -0.1516 2.3617
v  -0.0819 -0.1644 2.3606
v  -0.1106 -0.1826 2.3596
v  -0.1352 -0.2061 2.3584
v  -0.1547 -0.2339 2.3572
v  -0.1682 -0.2651 2.3563
v  -0.1750 -0.2983 2.3558
v  -0.1750 -0.3323 2.3558
v  -0.1680 -0.3654 2.3563
v  -0.1544 -0.3965 2.3573
v  -0.1349 -0.4242 2.3584
v  -0.1104 -0.4476 2.3597
v  -0.0821 -0.4657 2.3609
v  -0.0505 -0.4782 2.3618
v  -0.0263 -0.4835 2.3621
v  -0.0013 -0.4852 2.3622
v  0.0244 -0.4800 2.3584
v  0.0494 -0.4746 2.3580
v  0.0812 -0.4619 2.3572
v  0.1090 -0.4438 2.3560
v  0.1329 -0.4206 2.3547
v  0.1516 -0.3935 2.3536
v  0.1645 -0.3633 2.3527
v  0.1711 -0.3312 2.3522
v  0.1711 -0.2986 2.3522
v  0.1644 -0.2665 2.3527
v  0.1516 -0.2364 2.3536
v  0.1328 -0.2092 2.3547
v  0.1091 -0.1861 2.3560
v  0.0806 -0.1678 2.3572
v  0.0492 -0.1553 2.3580
v  0.0250 -0.1499 2.3584
v  0.0002 -0.1483 2.3586
v  -0.0247 -0.1500 2.3585
v  -0.0489 -0.1553 2.3580
v  -0.0800 -0.1678 2.3569
v  -0.1081 -0.1856 2.3559
v  -0.1322 -0.2086 2.3547
v  -0.1512 -0.2358 2.3536
v  -0.1644 -0.2662 2.3527
v  -0.1711 -0.2987 2.3522
v  -0.1710 -0.3319 2.3523
v  -0.1642 -0.3642 2.3527
v  -0.1509 -0.3947 2.3536
v  -0.1319 -0.4218 2.3547
v  -0.1079 -0.4446 2.3560
v  -0.0803 -0.4623 2.3572
v  -0.0494 -0.4746 2.3580
v  -0.0257 -0.4797 2.3583
v  -0.0013 -0.4814 2.3584
v  0.0525 -0.4850 2.3616
v  0.0259 -0.4907 2.3621
v  -0.0014 -0.4923 2.3623
v  -0.0273 -0.4904 2.3621
v  -0.0525 -0.4850 2.3616
v  -0.0854 -0.4720 2.3607
v  -0.1147 -0.4532 2.3594
v  -0.1402 -0.4288 2.3581
v  -0.1605 -0.4000 2.3568
v  -0.1747 -0.3675 2.3558
v  -0.1820 -0.3330 2.3552
v  -0.1820 -0.2976 2.3552
v  -0.1749 -0.2630 2.3558
v  -0.1608 -0.2305 2.3568
v  -0.1405 -0.2015 2.3581
v  -0.1149 -0.1771 2.3594
v  -0.0851 -0.1581 2.3606
v  -0.0520 -0.1449 2.3617
v  -0.0262 -0.1392 2.3622
v  0.0003 -0.1374 2.3623
v  0.0266 -0.1391 2.3621
v  0.0522 -0.1448 2.3617
v  0.0857 -0.1581 2.3607
v  0.1160 -0.1776 2.3594
v  0.1412 -0.2022 2.3580
v  0.1612 -0.2312 2.3568
v  0.1749 -0.2632 2.3558
v  0.1820 -0.2975 2.3552
v  0.1820 -0.3323 2.3552
v  0.1750 -0.3665 2.3558
v  0.1612 -0.3987 2.3568
v  0.1413 -0.4276 2.3580
v  0.1159 -0.4523 2.3593
v  0.0864 -0.4716 2.3607
v  -2.3169 0.0000 -0.4609
v  -2.3169 -0.0100 -0.4609
v  -2.1819 -0.0000 -0.9037
v  -2.1819 -0.0100 -0.9038
v  -1.6704 0.0000 -1.6704
v  -1.6704 -0.0100 -1.6704
v  -1.3124 0.0000 -1.9642
v  -1.3124 -0.0100 -1.9642
v  -0.9040 0.0000 -2.1825
v  -0.9040 -0.0100 -2.1825
v  -0.4609 0.0000 -2.3169
v  -0.4609 -0.0100 -2.3169
v  0.0000 0.0000 -2.3623
v  0.0000 -0.0100 -2.3623
v  -1.9638 -0.0000 -1.3122
v  -1.9639 -0.0100 -1.3118
v  2.1819 -0.0000 -0.9037
v  2.1819 -0.0100 -0.9038
v  2.3169 0.0000 -0.4609
v  2.3169 -0.0100 -0.4609
v  1.3124 0.0000 -1.9642
v  1.3124 -0.0100 -1.9642
v  1.6704 0.0000 -1.6704
v  1.6704 -0.0100 -1.6704
v  0.9040 0.0000 -2.1825
v  0.9040 -0.0100 -2.1825
v  0.4609 0.0000 -2.3169
v  0.4609 -0.0100 -2.3169
v  1.9638 -0.0000 -1.3122
v  1.9639 -0.0100 -1.3119
v  -0.4609 0.0000 2.3169
v  -0.4609 -0.0100 2.3169
v  -0.9040 0.0000 2.1825
v  -0.9040 -0.0100 2.1825
v  -1.3124 0.0000 1.9642
v  -1.3124 -0.0100 1.9642
v  -1.6704 0.0000 1.6704
v  -1.6704 -0.0100 1.6704
v  -1.9677 0.0000 1.3065
v  -1.9676 -0.0100 1.3066
v  -2.1842 0.0000 0.8983
v  -2.1842 -0.0100 0.8984
v  -2.3177 0.0000 0.4547
v  -2.3176 -0.0100 0.4548
v  -2.3623 0.0000 0.0000
v  -2.3623 -0.0100 0.0000
v  2.3623 0.0000 0.0000
v  2.3623 -0.0100 0.0000
v  2.3177 0.0000 0.4547
v  2.3176 -0.0100 0.4548
v  2.1842 0.0000 0.8983
v  2.1842 -0.0100 0.8984
v  1.9677 0.0000 1.3065
v  1.9676 -0.0100 1.3066
v  1.6704 0.0000 1.6704
v  1.6704 -0.0100 1.6704
v  1.3065 0.0000 1.9677
v  1.3066 -0.0100 1.9676
v  0.8983 0.0000 2.1842
v  0.8984 -0.0100 2.1842
v  0.4608 -0.0000 2.3164
v  0.4608 -0.0100 2.3164
v  -0.0000 0.0000 2.3623
v  0.0000 -0.0100 2.3623
v  -2.3071 0.0000 -0.4589
v  -2.3523 0.0000 0.0000
v  -2.3078 0.0000 0.4527
v  -2.1749 0.0000 0.8944
v  -1.9593 0.0000 1.3009
v  -1.6633 0.0000 1.6633
v  -1.3068 0.0000 1.9558
v  -0.9002 0.0000 2.1732
v  -0.4589 0.0000 2.3071
v  -0.0000 0.0000 2.3523
v  0.4588 -0.0000 2.3065
v  0.8944 0.0000 2.1749
v  1.3009 0.0000 1.9593
v  1.6633 0.0000 1.6633
v  1.9593 0.0000 1.3009
v  2.1749 0.0000 0.8944
v  2.3078 0.0000 0.4527
v  2.3523 0.0000 0.0000
v  2.3071 0.0000 -0.4589
v  2.1726 -0.0000 -0.8999
v  1.9554 -0.0000 -1.3066
v  1.6633 0.0000 -1.6633
v  1.3068 0.0000 -1.9558
v  0.9002 0.0000 -2.1732
v  0.4589 0.0000 -2.3071
v  0.0000 0.0000 -2.3523
v  -0.4589 0.0000 -2.3071
v  -0.9002 0.0000 -2.1732
v  -1.3068 0.0000 -1.9558
v  -1.6633 0.0000 -1.6633
v  -1.9554 -0.0000 -1.3066
v  -2.1726 -0.0000 -0.8999
v  0.0000 0.0000 -0.0000
v  -1.9636 -0.2375 -1.1502
v  -2.0101 -0.1868 -1.2191
v  -1.9562 -0.2417 -1.1629
v  -1.9492 -0.2491 -1.1751
v  -1.9868 -0.2175 -1.2596
v  -1.9429 -0.2593 -1.1860
v  -1.9378 -0.2719 -1.1949
v  -1.9341 -0.2860 -1.2012
v  -1.9320 -0.3006 -1.2048
v  -1.9666 -0.3150 -1.2945
v  -1.9313 -0.3150 -1.2060
v  -2.0355 -0.1772 -1.1752
v  -1.9678 -0.2899 -1.2925
v  -1.9714 -0.2642 -1.2862
v  -1.9778 -0.2396 -1.2751
v  -1.9978 -0.1996 -1.2405
v  -2.0230 -0.1795 -1.1969
v  -1.9503 -0.2854 -1.2283
v  -1.9538 -0.2854 -1.2222
v  -1.9503 -0.2924 -1.2283
v  -1.9564 -0.2854 -1.2318
v  -1.9700 -0.2854 -1.1942
v  -1.9760 -0.2854 -1.1977
v  -2.0014 -0.2854 -1.2578
v  -1.9954 -0.2854 -1.2543
v  -2.0014 -0.2924 -1.2578
v  -1.9990 -0.2805 -1.2621
v  -2.0049 -0.2854 -1.2518
v  -1.9736 -0.2840 -1.1879
v  -1.9797 -0.2840 -1.1914
v  -1.9791 -0.2730 -1.1783
v  -1.9852 -0.2730 -1.1818
v  -1.9798 -0.2657 -1.1771
v  -1.9859 -0.2657 -1.1806
v  -2.0310 -0.2264 -1.2067
v  -2.0249 -0.2264 -1.2032
v  -2.0310 -0.2334 -1.2067
v  -2.0285 -0.2214 -1.2110
v  -2.0345 -0.2264 -1.2006
v  -1.9798 -0.2264 -1.1771
v  -1.9859 -0.2264 -1.1806
v  -1.9833 -0.2264 -1.1711
v  -1.9798 -0.2334 -1.1771
v  -2.0006 -0.2264 -1.1551
v  -1.9769 -0.2797 -1.1821
v  -1.9830 -0.2797 -1.1856
v  -2.0457 -0.2264 -1.1811
v  -2.0457 -0.2194 -1.1811
v  -2.0310 -0.2657 -1.2067
v  -2.0249 -0.2657 -1.2032
v  -2.0281 -0.2617 -1.2116
v  -2.0303 -0.2730 -1.2079
v  -2.0242 -0.2730 -1.2044
v  -2.0276 -0.2685 -1.2125
v  -2.0281 -0.2797 -1.2117
v  -2.0220 -0.2797 -1.2082
v  -2.0256 -0.2747 -1.2160
v  -2.0247 -0.2840 -1.2174
v  -2.0187 -0.2840 -1.2139
v  -2.0225 -0.2787 -1.2213
v  -2.0211 -0.2854 -1.2237
v  -2.0151 -0.2854 -1.2202
v  -2.0191 -0.2797 -1.2272
v  -1.9979 -0.3150 -1.2639
v  -1.9989 -0.2854 -1.2483
v  -1.9599 -0.2854 -1.2257
v  -1.9859 -0.2334 -1.1806
v  -2.0249 -0.2334 -1.2032
v  -2.0284 -0.2264 -1.1971
v  -1.9894 -0.2264 -1.1746
v  -1.9564 -0.2924 -1.2318
v  -1.9954 -0.2924 -1.2543
v  -1.9833 -0.2334 -1.1711
v  -1.9833 -0.2664 -1.1711
v  -1.9824 -0.2757 -1.1726
v  -1.9795 -0.2847 -1.1778
v  -1.9749 -0.2907 -1.1856
v  -1.9703 -0.2924 -1.1936
v  -1.9538 -0.2924 -1.2222
v  -2.0332 -0.1795 -1.2028
v  -2.0325 -0.1853 -1.2040
v  -2.0280 -0.1795 -1.1998
v  -2.0457 -0.1832 -1.1811
v  -2.0405 -0.1772 -1.1781
v  -1.9716 -0.3150 -1.2974
v  -1.9798 -0.3150 -1.2952
v  -1.9780 -0.2899 -1.2984
v  -1.9728 -0.2899 -1.2954
v  -1.9808 -0.2910 -1.2935
v  -1.9817 -0.2642 -1.2921
v  -1.9765 -0.2642 -1.2891
v  -1.9844 -0.2668 -1.2874
v  -1.9881 -0.2396 -1.2810
v  -1.9829 -0.2396 -1.2780
v  -1.9904 -0.2426 -1.2769
v  -1.9970 -0.2175 -1.2655
v  -1.9918 -0.2175 -1.2625
v  -1.9991 -0.2218 -1.2618
v  -2.0080 -0.1996 -1.2464
v  -2.0028 -0.1996 -1.2434
v  -2.0097 -0.2041 -1.2435
v  -2.0204 -0.1868 -1.2250
v  -2.0152 -0.1868 -1.2220
v  -2.0215 -0.1924 -1.2231
v  -1.9636 -0.3924 -1.1502
v  -2.0230 -0.4505 -1.1969
v  -2.0355 -0.4528 -1.1752
v  -1.9562 -0.3882 -1.1629
v  -2.0101 -0.4431 -1.2191
v  -1.9492 -0.3809 -1.1751
v  -1.9978 -0.4303 -1.2405
v  -1.9429 -0.3706 -1.1860
v  -1.9868 -0.4124 -1.2596
v  -1.9378 -0.3580 -1.1949
v  -1.9778 -0.3904 -1.2751
v  -1.9341 -0.3439 -1.2012
v  -1.9714 -0.3657 -1.2862
v  -1.9320 -0.3293 -1.2048
v  -1.9678 -0.3400 -1.2925
v  -2.0280 -0.4505 -1.1998
v  -1.9728 -0.3400 -1.2954
v  -1.9765 -0.3657 -1.2891
v  -1.9829 -0.3904 -1.2780
v  -1.9918 -0.4124 -1.2625
v  -2.0028 -0.4303 -1.2434
v  -2.0152 -0.4431 -1.2220
v  -2.0151 -0.3445 -1.2202
v  -1.9989 -0.3445 -1.2483
v  -1.9599 -0.3445 -1.2257
v  -1.9760 -0.3445 -1.1977
v  -1.9797 -0.3459 -1.1914
v  -2.0187 -0.3459 -1.2139
v  -1.9830 -0.3503 -1.1856
v  -2.0220 -0.3503 -1.2082
v  -1.9852 -0.3569 -1.1818
v  -2.0242 -0.3569 -1.2044
v  -1.9859 -0.3642 -1.1806
v  -2.0249 -0.3642 -1.2032
v  -1.9859 -0.3965 -1.1806
v  -2.0249 -0.3965 -1.2032
v  -2.0284 -0.4035 -1.1971
v  -1.9894 -0.4035 -1.1746
v  -2.0006 -0.4035 -1.1551
v  -1.9564 -0.3150 -1.2318
v  -1.9564 -0.3375 -1.2318
v  -1.9954 -0.3375 -1.2543
v  -1.9954 -0.3150 -1.2543
v  -1.9703 -0.3375 -1.1936
v  -1.9538 -0.3375 -1.2222
v  -1.9538 -0.3150 -1.2222
v  -2.0285 -0.4085 -1.2110
v  -2.0325 -0.4446 -1.2040
v  -2.0215 -0.4375 -1.2231
v  -2.0097 -0.4258 -1.2435
v  -2.0457 -0.4468 -1.1811
v  -1.9808 -0.3390 -1.2935
v  -1.9990 -0.3494 -1.2621
v  -1.9844 -0.3631 -1.2874
v  -1.9991 -0.4082 -1.2618
v  -2.0191 -0.3502 -1.2272
v  -2.0225 -0.3512 -1.2213
v  -2.0256 -0.3552 -1.2160
v  -2.0276 -0.3614 -1.2125
v  -2.0281 -0.3682 -1.2116
v  -1.9904 -0.3873 -1.2769
v  -2.0049 -0.3445 -1.2518
v  -2.0014 -0.3445 -1.2578
v  -1.9954 -0.3445 -1.2543
v  -1.9564 -0.3445 -1.2318
v  -1.9503 -0.3445 -1.2283
v  -1.9538 -0.3445 -1.2222
v  -1.9798 -0.3965 -1.1771
v  -1.9798 -0.4035 -1.1771
v  -1.9859 -0.4035 -1.1806
v  -2.0249 -0.4035 -1.2032
v  -2.0310 -0.4035 -1.2067
v  -2.0310 -0.3965 -1.2067
v  -2.0345 -0.4035 -1.2006
v  -1.9833 -0.4035 -1.1711
v  -1.9503 -0.3375 -1.2283
v  -2.0014 -0.3375 -1.2578
v  -1.9833 -0.3965 -1.1711
v  -2.0211 -0.3445 -1.2237
v  -1.9700 -0.3445 -1.1942
v  -2.0247 -0.3459 -1.2174
v  -1.9736 -0.3459 -1.1879
v  -2.0281 -0.3503 -1.2117
v  -1.9769 -0.3503 -1.1821
v  -2.0303 -0.3569 -1.2079
v  -1.9791 -0.3569 -1.1783
v  -2.0310 -0.3642 -1.2067
v  -1.9798 -0.3642 -1.1771
v  -1.9946 -0.4035 -1.1516
v  -2.0457 -0.4035 -1.1811
v  -1.9503 -0.3150 -1.2283
v  -2.0014 -0.3150 -1.2578
v  -1.9833 -0.3635 -1.1711
v  -1.9824 -0.3542 -1.1726
v  -1.9795 -0.3452 -1.1778
v  -1.9749 -0.3393 -1.1856
v  -2.0332 -0.4505 -1.2028
v  -1.9768 -0.3150 -1.3004
v  -1.9780 -0.3400 -1.2984
v  -1.9817 -0.3657 -1.2921
v  -1.9881 -0.3904 -1.2810
v  -1.9970 -0.4124 -1.2655
v  -2.0080 -0.4303 -1.2464
v  -2.0204 -0.4431 -1.2250
v  -1.9779 -0.2375 -1.1254
v  -2.0480 -0.1795 -1.1535
v  -1.9707 -0.2362 -1.1378
v  -1.9852 -0.2417 -1.1127
v  -2.0609 -0.1868 -1.1313
v  -1.9923 -0.2491 -1.1005
v  -2.0732 -0.1996 -1.1099
v  -1.9986 -0.2593 -1.0896
v  -2.0842 -0.2175 -1.0908
v  -2.0037 -0.2719 -1.0807
v  -2.0932 -0.2396 -1.0753
v  -2.0073 -0.2860 -1.0744
v  -2.0996 -0.2642 -1.0642
v  -2.0094 -0.3006 -1.0707
v  -2.1032 -0.2899 -1.0579
v  -2.0101 -0.3150 -1.0696
v  -2.1044 -0.3150 -1.0559
v  -2.0531 -0.1795 -1.1564
v  -2.1083 -0.2899 -1.0608
v  -2.1094 -0.3150 -1.0588
v  -2.1046 -0.2642 -1.0671
v  -2.0982 -0.2396 -1.0782
v  -2.0893 -0.2175 -1.0937
v  -2.0782 -0.1996 -1.1128
v  -2.0659 -0.1868 -1.1342
v  -2.0643 -0.2854 -1.1350
v  -2.0805 -0.2854 -1.1069
v  -2.0414 -0.2854 -1.0844
v  -2.0253 -0.2854 -1.1125
v  -2.0216 -0.2840 -1.1187
v  -2.0607 -0.2840 -1.1413
v  -2.0183 -0.2797 -1.1245
v  -2.0573 -0.2797 -1.1470
v  -2.0161 -0.2730 -1.1283
v  -2.0551 -0.2730 -1.1508
v  -2.0154 -0.2657 -1.1295
v  -2.0544 -0.2657 -1.1520
v  -2.0154 -0.2334 -1.1295
v  -2.0544 -0.2334 -1.1520
v  -2.0509 -0.2264 -1.1581
v  -2.0119 -0.2264 -1.1356
v  -2.0397 -0.2264 -1.1776
v  -2.0449 -0.3150 -1.0784
v  -2.0449 -0.2924 -1.0784
v  -2.0840 -0.2924 -1.1009
v  -2.0840 -0.3150 -1.1009
v  -1.9946 -0.3150 -1.1516
v  -2.0189 -0.2924 -1.1095
v  -2.0354 -0.2924 -1.0809
v  -2.0354 -0.3150 -1.0809
v  -2.0630 -0.2214 -1.1512
v  -2.0589 -0.1853 -1.1583
v  -2.0700 -0.1924 -1.1391
v  -2.0818 -0.2041 -1.1187
v  -2.1106 -0.2910 -1.0687
v  -2.1116 -0.3150 -1.0670
v  -2.0935 -0.3150 -1.0983
v  -2.0925 -0.2805 -1.1001
v  -2.1071 -0.2668 -1.0748
v  -2.0923 -0.2218 -1.1004
v  -2.0724 -0.2797 -1.1350
v  -2.0690 -0.2787 -1.1409
v  -2.0659 -0.2747 -1.1463
v  -2.0639 -0.2685 -1.1497
v  -2.0633 -0.2617 -1.1506
v  -2.1010 -0.2426 -1.0853
v  -2.0865 -0.2854 -1.1104
v  -2.0900 -0.2854 -1.1044
v  -2.0840 -0.2854 -1.1009
v  -2.0449 -0.2854 -1.0784
v  -2.0389 -0.2854 -1.0749
v  -2.0354 -0.2854 -1.0809
v  -2.0093 -0.2334 -1.1260
v  -2.0093 -0.2264 -1.1260
v  -2.0154 -0.2264 -1.1295
v  -2.0544 -0.2264 -1.1520
v  -2.0605 -0.2264 -1.1555
v  -2.0605 -0.2334 -1.1555
v  -2.0570 -0.2264 -1.1616
v  -2.0058 -0.2264 -1.1321
v  -2.0389 -0.2924 -1.0749
v  -2.0900 -0.2924 -1.1044
v  -2.0058 -0.2334 -1.1321
v  -2.0703 -0.2854 -1.1385
v  -2.0192 -0.2854 -1.1090
v  -2.0667 -0.2840 -1.1448
v  -2.0156 -0.2840 -1.1152
v  -2.0634 -0.2797 -1.1505
v  -2.0122 -0.2797 -1.1210
v  -2.0612 -0.2730 -1.1543
v  -2.0100 -0.2730 -1.1248
v  -2.0605 -0.2657 -1.1555
v  -2.0093 -0.2657 -1.1260
v  -1.9946 -0.2264 -1.1516
v  -2.0389 -0.3150 -1.0749
v  -2.0900 -0.3150 -1.1044
v  -1.9946 -0.2334 -1.1516
v  -2.0058 -0.2664 -1.1321
v  -2.0067 -0.2757 -1.1305
v  -2.0097 -0.2847 -1.1254
v  -2.0142 -0.2907 -1.1176
v  -2.0583 -0.1795 -1.1594
v  -2.0457 -0.1772 -1.1811
v  -2.1146 -0.3150 -1.0618
v  -2.1135 -0.2899 -1.0638
v  -2.1098 -0.2642 -1.0701
v  -2.1034 -0.2396 -1.0812
v  -2.0944 -0.2175 -1.0967
v  -2.0834 -0.1996 -1.1158
v  -2.0711 -0.1868 -1.1372
v  -1.9779 -0.3924 -1.1254
v  -1.9707 -0.3937 -1.1378
v  -2.0480 -0.4505 -1.1535
v  -1.9852 -0.3882 -1.1127
v  -2.0609 -0.4431 -1.1313
v  -1.9923 -0.3809 -1.1005
v  -2.0732 -0.4303 -1.1099
v  -1.9986 -0.3706 -1.0896
v  -2.0842 -0.4124 -1.0908
v  -2.0037 -0.3580 -1.0807
v  -2.0932 -0.3904 -1.0753
v  -2.0073 -0.3439 -1.0744
v  -2.0996 -0.3657 -1.0642
v  -2.0094 -0.3293 -1.0707
v  -2.1032 -0.3400 -1.0579
v  -2.0405 -0.4528 -1.1781
v  -2.0531 -0.4505 -1.1564
v  -2.1083 -0.3400 -1.0608
v  -2.1046 -0.3657 -1.0671
v  -2.0982 -0.3904 -1.0782
v  -2.0893 -0.4124 -1.0937
v  -2.0782 -0.4303 -1.1128
v  -2.0659 -0.4431 -1.1342
v  -2.0643 -0.3445 -1.1350
v  -2.0253 -0.3445 -1.1125
v  -2.0414 -0.3445 -1.0844
v  -2.0805 -0.3445 -1.1069
v  -2.0216 -0.3459 -1.1187
v  -2.0607 -0.3459 -1.1413
v  -2.0183 -0.3503 -1.1245
v  -2.0573 -0.3503 -1.1470
v  -2.0161 -0.3569 -1.1283
v  -2.0551 -0.3569 -1.1508
v  -2.0154 -0.3642 -1.1295
v  -2.0544 -0.3642 -1.1520
v  -2.0544 -0.3965 -1.1520
v  -2.0154 -0.3965 -1.1295
v  -2.0509 -0.4035 -1.1581
v  -2.0397 -0.4035 -1.1776
v  -2.0119 -0.4035 -1.1356
v  -2.0840 -0.3375 -1.1009
v  -2.0449 -0.3375 -1.0784
v  -2.0354 -0.3375 -1.0809
v  -2.0189 -0.3375 -1.1095
v  -2.0630 -0.4085 -1.1512
v  -2.0700 -0.4375 -1.1391
v  -2.0589 -0.4446 -1.1583
v  -2.0818 -0.4258 -1.1187
v  -2.0457 -0.4105 -1.1811
v  -2.1106 -0.3390 -1.0687
v  -2.0925 -0.3494 -1.1001
v  -2.1071 -0.3631 -1.0748
v  -2.0923 -0.4082 -1.1004
v  -2.0690 -0.3512 -1.1409
v  -2.0724 -0.3502 -1.1350
v  -2.0659 -0.3552 -1.1463
v  -2.0639 -0.3614 -1.1497
v  -2.0633 -0.3682 -1.1506
v  -2.1010 -0.3873 -1.0853
v  -2.0840 -0.3445 -1.1009
v  -2.0900 -0.3445 -1.1044
v  -2.0865 -0.3445 -1.1104
v  -2.0354 -0.3445 -1.0809
v  -2.0389 -0.3445 -1.0749
v  -2.0449 -0.3445 -1.0784
v  -2.0154 -0.4035 -1.1295
v  -2.0093 -0.4035 -1.1260
v  -2.0093 -0.3965 -1.1260
v  -2.0605 -0.3965 -1.1555
v  -2.0605 -0.4035 -1.1555
v  -2.0544 -0.4035 -1.1520
v  -2.0570 -0.4035 -1.1616
v  -2.0058 -0.4035 -1.1321
v  -2.0389 -0.3375 -1.0749
v  -2.0900 -0.3375 -1.1044
v  -2.0058 -0.3965 -1.1321
v  -2.0703 -0.3445 -1.1385
v  -2.0192 -0.3445 -1.1090
v  -2.0667 -0.3459 -1.1448
v  -2.0156 -0.3459 -1.1152
v  -2.0634 -0.3503 -1.1505
v  -2.0122 -0.3503 -1.1210
v  -2.0612 -0.3569 -1.1543
v  -2.0100 -0.3569 -1.1248
v  -2.0605 -0.3642 -1.1555
v  -2.0093 -0.3642 -1.1260
v  -1.9946 -0.3965 -1.1516
v  -2.0058 -0.3635 -1.1321
v  -2.0067 -0.3542 -1.1305
v  -2.0097 -0.3452 -1.1254
v  -2.0142 -0.3393 -1.1176
v  -2.0457 -0.4528 -1.1811
v  -2.0583 -0.4505 -1.1594
v  -2.1135 -0.3400 -1.0638
v  -2.1098 -0.3657 -1.0701
v  -2.1034 -0.3904 -1.0812
v  -2.0944 -0.4124 -1.0967
v  -2.0834 -0.4303 -1.1158
v  -2.0711 -0.4431 -1.1372
v  -0.0143 -0.2375 2.2756
v  -0.0507 -0.1868 2.3504
v  -0.0290 -0.2417 2.2756
v  -0.0431 -0.2491 2.2756
v  -0.0974 -0.2175 2.3504
v  -0.0557 -0.2593 2.2756
v  -0.0659 -0.2719 2.2756
v  -0.0732 -0.2860 2.2756
v  -0.0774 -0.3006 2.2756
v  -0.1378 -0.3150 2.3504
v  -0.0787 -0.3150 2.2756
v  0.0000 -0.1772 2.3504
v  -0.1355 -0.2899 2.3504
v  -0.1281 -0.2642 2.3504
v  -0.1153 -0.2396 2.3504
v  -0.0754 -0.1996 2.3504
v  -0.0251 -0.1795 2.3504
v  -0.0886 -0.2854 2.3032
v  -0.0816 -0.2854 2.3032
v  -0.0886 -0.2924 2.3032
v  -0.0886 -0.2854 2.3102
v  -0.0492 -0.2854 2.3032
v  -0.0492 -0.2854 2.3102
v  -0.0886 -0.2854 2.3622
v  -0.0886 -0.2854 2.3552
v  -0.0886 -0.2924 2.3622
v  -0.0935 -0.2805 2.3622
v  -0.0816 -0.2854 2.3622
v  -0.0420 -0.2840 2.3032
v  -0.0420 -0.2840 2.3102
v  -0.0309 -0.2730 2.3032
v  -0.0309 -0.2730 2.3102
v  -0.0295 -0.2657 2.3032
v  -0.0295 -0.2657 2.3102
v  -0.0295 -0.2264 2.3622
v  -0.0295 -0.2264 2.3552
v  -0.0295 -0.2334 2.3622
v  -0.0345 -0.2214 2.3622
v  -0.0225 -0.2264 2.3622
v  -0.0295 -0.2264 2.3032
v  -0.0295 -0.2264 2.3102
v  -0.0225 -0.2264 2.3032
v  -0.0295 -0.2334 2.3032
v  0.0000 -0.2264 2.3102
v  -0.0353 -0.2797 2.3032
v  -0.0353 -0.2797 2.3102
v  0.0000 -0.2264 2.3622
v  0.0000 -0.2194 2.3622
v  -0.0295 -0.2657 2.3622
v  -0.0295 -0.2657 2.3552
v  -0.0352 -0.2617 2.3622
v  -0.0309 -0.2730 2.3622
v  -0.0309 -0.2730 2.3552
v  -0.0363 -0.2685 2.3622
v  -0.0353 -0.2797 2.3622
v  -0.0353 -0.2797 2.3552
v  -0.0402 -0.2747 2.3622
v  -0.0420 -0.2840 2.3622
v  -0.0420 -0.2840 2.3552
v  -0.0464 -0.2787 2.3622
v  -0.0492 -0.2854 2.3622
v  -0.0492 -0.2854 2.3552
v  -0.0533 -0.2797 2.3622
v  -0.0956 -0.3150 2.3622
v  -0.0816 -0.2854 2.3552
v  -0.0816 -0.2854 2.3102
v  -0.0295 -0.2334 2.3102
v  -0.0295 -0.2334 2.3552
v  -0.0225 -0.2264 2.3552
v  -0.0225 -0.2264 2.3102
v  -0.0886 -0.2924 2.3102
v  -0.0886 -0.2924 2.3552
v  -0.0225 -0.2334 2.3032
v  -0.0225 -0.2664 2.3032
v  -0.0243 -0.2757 2.3032
v  -0.0302 -0.2847 2.3032
v  -0.0393 -0.2907 2.3032
v  -0.0485 -0.2924 2.3032
v  -0.0816 -0.2924 2.3032
v  -0.0251 -0.1795 2.3622
v  -0.0264 -0.1853 2.3622
v  -0.0251 -0.1795 2.3562
v  0.0000 -0.1832 2.3622
v  0.0000 -0.1772 2.3562
v  -0.1378 -0.3150 2.3562
v  -0.1318 -0.3150 2.3622
v  -0.1355 -0.2899 2.3622
v  -0.1355 -0.2899 2.3562
v  -0.1298 -0.2910 2.3622
v  -0.1281 -0.2642 2.3622
v  -0.1281 -0.2642 2.3562
v  -0.1227 -0.2668 2.3622
v  -0.1153 -0.2396 2.3622
v  -0.1153 -0.2396 2.3562
v  -0.1106 -0.2426 2.3622
v  -0.0974 -0.2175 2.3622
v  -0.0974 -0.2175 2.3562
v  -0.0932 -0.2218 2.3622
v  -0.0754 -0.1996 2.3622
v  -0.0754 -0.1996 2.3562
v  -0.0721 -0.2041 2.3622
v  -0.0507 -0.1868 2.3622
v  -0.0507 -0.1868 2.3562
v  -0.0485 -0.1924 2.3622
v  -0.0143 -0.3924 2.2756
v  -0.0251 -0.4505 2.3504
v  0.0000 -0.4528 2.3504
v  -0.0290 -0.3882 2.2756
v  -0.0507 -0.4431 2.3504
v  -0.0431 -0.3809 2.2756
v  -0.0754 -0.4303 2.3504
v  -0.0557 -0.3706 2.2756
v  -0.0974 -0.4124 2.3504
v  -0.0659 -0.3580 2.2756
v  -0.1153 -0.3904 2.3504
v  -0.0732 -0.3439 2.2756
v  -0.1281 -0.3657 2.3504
v  -0.0774 -0.3293 2.2756
v  -0.1355 -0.3400 2.3504
v  -0.0251 -0.4505 2.3562
v  -0.1355 -0.3400 2.3562
v  -0.1281 -0.3657 2.3562
v  -0.1153 -0.3904 2.3562
v  -0.0974 -0.4124 2.3562
v  -0.0754 -0.4303 2.3562
v  -0.0507 -0.4431 2.3562
v  -0.0492 -0.3445 2.3552
v  -0.0816 -0.3445 2.3552
v  -0.0816 -0.3445 2.3102
v  -0.0492 -0.3445 2.3102
v  -0.0420 -0.3459 2.3102
v  -0.0420 -0.3459 2.3552
v  -0.0353 -0.3503 2.3102
v  -0.0353 -0.3503 2.3552
v  -0.0309 -0.3569 2.3102
v  -0.0309 -0.3569 2.3552
v  -0.0295 -0.3642 2.3102
v  -0.0295 -0.3642 2.3552
v  -0.0295 -0.3965 2.3102
v  -0.0295 -0.3965 2.3552
v  -0.0225 -0.4035 2.3552
v  -0.0225 -0.4035 2.3102
v  0.0000 -0.4035 2.3102
v  -0.0886 -0.3150 2.3102
v  -0.0886 -0.3375 2.3102
v  -0.0886 -0.3375 2.3552
v  -0.0886 -0.3150 2.3552
v  -0.0485 -0.3375 2.3032
v  -0.0816 -0.3375 2.3032
v  -0.0816 -0.3150 2.3032
v  -0.0345 -0.4085 2.3622
v  -0.0264 -0.4446 2.3622
v  -0.0485 -0.4375 2.3622
v  -0.0721 -0.4258 2.3622
v  0.0000 -0.4468 2.3622
v  -0.1298 -0.3390 2.3622
v  -0.0935 -0.3494 2.3622
v  -0.1227 -0.3631 2.3622
v  -0.0932 -0.4082 2.3622
v  -0.0533 -0.3502 2.3622
v  -0.0464 -0.3512 2.3622
v  -0.0402 -0.3552 2.3622
v  -0.0363 -0.3614 2.3622
v  -0.0352 -0.3682 2.3622
v  -0.1106 -0.3873 2.3622
v  -0.0816 -0.3445 2.3622
v  -0.0886 -0.3445 2.3622
v  -0.0886 -0.3445 2.3552
v  -0.0886 -0.3445 2.3102
v  -0.0886 -0.3445 2.3032
v  -0.0816 -0.3445 2.3032
v  -0.0295 -0.3965 2.3032
v  -0.0295 -0.4035 2.3032
v  -0.0295 -0.4035 2.3102
v  -0.0295 -0.4035 2.3552
v  -0.0295 -0.4035 2.3622
v  -0.0295 -0.3965 2.3622
v  -0.0225 -0.4035 2.3622
v  -0.0225 -0.4035 2.3032
v  -0.0886 -0.3375 2.3032
v  -0.0886 -0.3375 2.3622
v  -0.0225 -0.3965 2.3032
v  -0.0492 -0.3445 2.3622
v  -0.0492 -0.3445 2.3032
v  -0.0420 -0.3459 2.3622
v  -0.0420 -0.3459 2.3032
v  -0.0353 -0.3503 2.3622
v  -0.0353 -0.3503 2.3032
v  -0.0309 -0.3569 2.3622
v  -0.0309 -0.3569 2.3032
v  -0.0295 -0.3642 2.3622
v  -0.0295 -0.3642 2.3032
v  0.0000 -0.4035 2.3032
v  0.0000 -0.4035 2.3622
v  -0.0886 -0.3150 2.3032
v  -0.0886 -0.3150 2.3622
v  -0.0225 -0.3635 2.3032
v  -0.0243 -0.3542 2.3032
v  -0.0302 -0.3452 2.3032
v  -0.0393 -0.3393 2.3032
v  -0.0251 -0.4505 2.3622
v  -0.1378 -0.3150 2.3622
v  -0.1355 -0.3400 2.3622
v  -0.1281 -0.3657 2.3622
v  -0.1153 -0.3904 2.3622
v  -0.0974 -0.4124 2.3622
v  -0.0754 -0.4303 2.3622
v  -0.0507 -0.4431 2.3622
v  0.0143 -0.2375 2.2756
v  0.0251 -0.1795 2.3504
v  0.0000 -0.2362 2.2756
v  0.0290 -0.2417 2.2756
v  0.0507 -0.1868 2.3504
v  0.0431 -0.2491 2.2756
v  0.0754 -0.1996 2.3504
v  0.0557 -0.2593 2.2756
v  0.0974 -0.2175 2.3504
v  0.0659 -0.2719 2.2756
v  0.1153 -0.2396 2.3504
v  0.0732 -0.2860 2.2756
v  0.1281 -0.2642 2.3504
v  0.0774 -0.3006 2.2756
v  0.1355 -0.2899 2.3504
v  0.0787 -0.3150 2.2756
v  0.1378 -0.3150 2.3504
v  0.0251 -0.1795 2.3562
v  0.1355 -0.2899 2.3562
v  0.1378 -0.3150 2.3562
v  0.1281 -0.2642 2.3562
v  0.1153 -0.2396 2.3562
v  0.0974 -0.2175 2.3562
v  0.0754 -0.1996 2.3562
v  0.0507 -0.1868 2.3562
v  0.0492 -0.2854 2.3552
v  0.0816 -0.2854 2.3552
v  0.0816 -0.2854 2.3102
v  0.0492 -0.2854 2.3102
v  0.0420 -0.2840 2.3102
v  0.0420 -0.2840 2.3552
v  0.0353 -0.2797 2.3102
v  0.0353 -0.2797 2.3552
v  0.0309 -0.2730 2.3102
v  0.0309 -0.2730 2.3552
v  0.0295 -0.2657 2.3102
v  0.0295 -0.2657 2.3552
v  0.0295 -0.2334 2.3102
v  0.0295 -0.2334 2.3552
v  0.0225 -0.2264 2.3552
v  0.0225 -0.2264 2.3102
v  0.0000 -0.2264 2.3552
v  0.0886 -0.3150 2.3102
v  0.0886 -0.2924 2.3102
v  0.0886 -0.2924 2.3552
v  0.0886 -0.3150 2.3552
v  0.0000 -0.3150 2.3032
v  0.0486 -0.2924 2.3032
v  0.0816 -0.2924 2.3032
v  0.0816 -0.3150 2.3032
v  0.0345 -0.2214 2.3622
v  0.0264 -0.1853 2.3622
v  0.0485 -0.1924 2.3622
v  0.0721 -0.2041 2.3622
v  0.1298 -0.2910 2.3622
v  0.1318 -0.3150 2.3622
v  0.0956 -0.3150 2.3622
v  0.0935 -0.2805 2.3622
v  0.1227 -0.2668 2.3622
v  0.0932 -0.2218 2.3622
v  0.0533 -0.2797 2.3622
v  0.0465 -0.2787 2.3622
v  0.0402 -0.2747 2.3622
v  0.0363 -0.2685 2.3622
v  0.0352 -0.2617 2.3622
v  0.1106 -0.2426 2.3622
v  0.0816 -0.2854 2.3622
v  0.0886 -0.2854 2.3622
v  0.0886 -0.2854 2.3552
v  0.0886 -0.2854 2.3102
v  0.0886 -0.2854 2.3032
v  0.0816 -0.2854 2.3032
v  0.0295 -0.2334 2.3032
v  0.0295 -0.2264 2.3032
v  0.0295 -0.2264 2.3102
v  0.0295 -0.2264 2.3552
v  0.0295 -0.2264 2.3622
v  0.0295 -0.2334 2.3622
v  0.0225 -0.2264 2.3622
v  0.0225 -0.2264 2.3032
v  0.0886 -0.2924 2.3032
v  0.0886 -0.2924 2.3622
v  0.0225 -0.2334 2.3032
v  0.0492 -0.2854 2.3622
v  0.0492 -0.2854 2.3032
v  0.0420 -0.2840 2.3622
v  0.0420 -0.2840 2.3032
v  0.0353 -0.2797 2.3622
v  0.0353 -0.2797 2.3032
v  0.0309 -0.2730 2.3622
v  0.0309 -0.2730 2.3032
v  0.0295 -0.2657 2.3622
v  0.0295 -0.2657 2.3032
v  0.0000 -0.2264 2.3032
v  0.0886 -0.3150 2.3032
v  0.0886 -0.3150 2.3622
v  0.0000 -0.2334 2.3032
v  0.0225 -0.2664 2.3032
v  0.0243 -0.2757 2.3032
v  0.0302 -0.2847 2.3032
v  0.0393 -0.2907 2.3032
v  0.0251 -0.1795 2.3622
v  0.0000 -0.1772 2.3622
v  0.1378 -0.3150 2.3622
v  0.1355 -0.2899 2.3622
v  0.1281 -0.2642 2.3622
v  0.1153 -0.2396 2.3622
v  0.0974 -0.2175 2.3622
v  0.0754 -0.1996 2.3622
v  0.0507 -0.1868 2.3622
v  0.0143 -0.3924 2.2756
v  0.0000 -0.3937 2.2756
v  0.0251 -0.4505 2.3504
v  0.0290 -0.3882 2.2756
v  0.0507 -0.4431 2.3504
v  0.0431 -0.3809 2.2756
v  0.0754 -0.4303 2.3504
v  0.0557 -0.3706 2.2756
v  0.0974 -0.4124 2.3504
v  0.0659 -0.3580 2.2756
v  0.1153 -0.3904 2.3504
v  0.0732 -0.3439 2.2756
v  0.1281 -0.3657 2.3504
v  0.0774 -0.3293 2.2756
v  0.1355 -0.3400 2.3504
v  0.0000 -0.4528 2.3562
v  0.0251 -0.4505 2.3562
v  0.1355 -0.3400 2.3562
v  0.1281 -0.3657 2.3562
v  0.1153 -0.3904 2.3562
v  0.0974 -0.4124 2.3562
v  0.0754 -0.4303 2.3562
v  0.0507 -0.4431 2.3562
v  0.0492 -0.3445 2.3552
v  0.0492 -0.3445 2.3102
v  0.0816 -0.3445 2.3102
v  0.0816 -0.3445 2.3552
v  0.0420 -0.3459 2.3102
v  0.0420 -0.3459 2.3552
v  0.0353 -0.3503 2.3102
v  0.0353 -0.3503 2.3552
v  0.0309 -0.3569 2.3102
v  0.0309 -0.3569 2.3552
v  0.0295 -0.3642 2.3102
v  0.0295 -0.3642 2.3552
v  0.0295 -0.3965 2.3552
v  0.0295 -0.3965 2.3102
v  0.0225 -0.4035 2.3552
v  0.0000 -0.4035 2.3552
v  0.0225 -0.4035 2.3102
v  0.0886 -0.3375 2.3552
v  0.0886 -0.3375 2.3102
v  0.0816 -0.3375 2.3032
v  0.0486 -0.3375 2.3032
v  0.0345 -0.4085 2.3622
v  0.0485 -0.4375 2.3622
v  0.0264 -0.4446 2.3622
v  0.0721 -0.4258 2.3622
v  0.0000 -0.4105 2.3622
v  0.1298 -0.3390 2.3622
v  0.0935 -0.3494 2.3622
v  0.1227 -0.3631 2.3622
v  0.0932 -0.4082 2.3622
v  0.0465 -0.3512 2.3622
v  0.0533 -0.3502 2.3622
v  0.0402 -0.3552 2.3622
v  0.0363 -0.3614 2.3622
v  0.0352 -0.3682 2.3622
v  0.1106 -0.3873 2.3622
v  0.0886 -0.3445 2.3552
v  0.0886 -0.3445 2.3622
v  0.0816 -0.3445 2.3622
v  0.0816 -0.3445 2.3032
v  0.0886 -0.3445 2.3032
v  0.0886 -0.3445 2.3102
v  0.0295 -0.4035 2.3102
v  0.0295 -0.4035 2.3032
v  0.0295 -0.3965 2.3032
v  0.0295 -0.3965 2.3622
v  0.0295 -0.4035 2.3622
v  0.0295 -0.4035 2.3552
v  0.0225 -0.4035 2.3622
v  0.0225 -0.4035 2.3032
v  0.0886 -0.3375 2.3032
v  0.0886 -0.3375 2.3622
v  0.0225 -0.3965 2.3032
v  0.0492 -0.3445 2.3622
v  0.0492 -0.3445 2.3032
v  0.0420 -0.3459 2.3622
v  0.0420 -0.3459 2.3032
v  0.0353 -0.3503 2.3622
v  0.0353 -0.3503 2.3032
v  0.0309 -0.3569 2.3622
v  0.0309 -0.3569 2.3032
v  0.0295 -0.3642 2.3622
v  0.0295 -0.3642 2.3032
v  0.0000 -0.3965 2.3032
v  0.0225 -0.3635 2.3032
v  0.0243 -0.3542 2.3032
v  0.0302 -0.3452 2.3032
v  0.0393 -0.3393 2.3032
v  0.0000 -0.4528 2.3622
v  0.0251 -0.4505 2.3622
v  0.1355 -0.3400 2.3622
v  0.1281 -0.3657 2.3622
v  0.1153 -0.3904 2.3622
v  0.0974 -0.4124 2.3622
v  0.0754 -0.4303 2.3622
v  0.0507 -0.4431 2.3622
v  1.9779 -0.2375 -1.1254
v  2.0609 -0.1868 -1.1313
v  1.9852 -0.2417 -1.1127
v  1.9923 -0.2491 -1.1005
v  2.0842 -0.2175 -1.0908
v  1.9986 -0.2593 -1.0896
v  2.0037 -0.2719 -1.0807
v  2.0073 -0.2860 -1.0744
v  2.0094 -0.3006 -1.0707
v  2.1044 -0.3150 -1.0559
v  2.0101 -0.3150 -1.0696
v  2.0355 -0.1772 -1.1752
v  2.1032 -0.2899 -1.0579
v  2.0996 -0.2642 -1.0642
v  2.0932 -0.2396 -1.0753
v  2.0732 -0.1996 -1.1099
v  2.0480 -0.1795 -1.1535
v  2.0389 -0.2854 -1.0749
v  2.0354 -0.2854 -1.0809
v  2.0389 -0.2924 -1.0749
v  2.0449 -0.2854 -1.0784
v  2.0192 -0.2854 -1.1090
v  2.0253 -0.2854 -1.1125
v  2.0900 -0.2854 -1.1044
v  2.0840 -0.2854 -1.1009
v  2.0900 -0.2924 -1.1044
v  2.0925 -0.2805 -1.1001
v  2.0865 -0.2854 -1.1104
v  2.0156 -0.2840 -1.1152
v  2.0216 -0.2840 -1.1187
v  2.0100 -0.2730 -1.1248
v  2.0161 -0.2730 -1.1283
v  2.0094 -0.2657 -1.1260
v  2.0154 -0.2657 -1.1295
v  2.0605 -0.2264 -1.1555
v  2.0544 -0.2264 -1.1520
v  2.0605 -0.2334 -1.1555
v  2.0630 -0.2214 -1.1512
v  2.0570 -0.2264 -1.1616
v  2.0094 -0.2264 -1.1260
v  2.0154 -0.2264 -1.1295
v  2.0059 -0.2264 -1.1321
v  2.0094 -0.2334 -1.1260
v  2.0006 -0.2264 -1.1551
v  2.0122 -0.2797 -1.1210
v  2.0183 -0.2797 -1.1245
v  2.0457 -0.2264 -1.1811
v  2.0457 -0.2194 -1.1811
v  2.0605 -0.2657 -1.1555
v  2.0544 -0.2657 -1.1520
v  2.0633 -0.2617 -1.1506
v  2.0612 -0.2730 -1.1543
v  2.0551 -0.2730 -1.1508
v  2.0639 -0.2685 -1.1497
v  2.0634 -0.2797 -1.1505
v  2.0573 -0.2797 -1.1470
v  2.0659 -0.2747 -1.1463
v  2.0667 -0.2840 -1.1448
v  2.0607 -0.2840 -1.1413
v  2.0690 -0.2787 -1.1409
v  2.0703 -0.2854 -1.1385
v  2.0643 -0.2854 -1.1350
v  2.0724 -0.2797 -1.1350
v  2.0935 -0.3150 -1.0983
v  2.0805 -0.2854 -1.1069
v  2.0414 -0.2854 -1.0844
v  2.0154 -0.2334 -1.1295
v  2.0544 -0.2334 -1.1520
v  2.0509 -0.2264 -1.1581
v  2.0119 -0.2264 -1.1356
v  2.0449 -0.2924 -1.0784
v  2.0840 -0.2924 -1.1009
v  2.0059 -0.2334 -1.1321
v  2.0059 -0.2664 -1.1321
v  2.0067 -0.2757 -1.1305
v  2.0097 -0.2847 -1.1254
v  2.0142 -0.2907 -1.1176
v  2.0189 -0.2924 -1.1095
v  2.0354 -0.2924 -1.0809
v  2.0583 -0.1795 -1.1594
v  2.0589 -0.1853 -1.1583
v  2.0531 -0.1795 -1.1564
v  2.0457 -0.1832 -1.1811
v  2.0405 -0.1772 -1.1781
v  2.1094 -0.3150 -1.0588
v  2.1116 -0.3150 -1.0670
v  2.1135 -0.2899 -1.0638
v  2.1083 -0.2899 -1.0608
v  2.1106 -0.2910 -1.0687
v  2.1098 -0.2642 -1.0701
v  2.1046 -0.2642 -1.0671
v  2.1071 -0.2668 -1.0748
v  2.1034 -0.2396 -1.0812
v  2.0982 -0.2396 -1.0782
v  2.1010 -0.2426 -1.0853
v  2.0944 -0.2175 -1.0967
v  2.0893 -0.2175 -1.0937
v  2.0923 -0.2218 -1.1004
v  2.0834 -0.1996 -1.1158
v  2.0782 -0.1996 -1.1128
v  2.0818 -0.2041 -1.1187
v  2.0711 -0.1868 -1.1372
v  2.0659 -0.1868 -1.1342
v  2.0700 -0.1924 -1.1391
v  1.9779 -0.3924 -1.1254
v  2.0480 -0.4505 -1.1535
v  2.0355 -0.4528 -1.1752
v  1.9852 -0.3882 -1.1127
v  2.0609 -0.4431 -1.1313
v  1.9923 -0.3809 -1.1005
v  2.0732 -0.4303 -1.1099
v  1.9986 -0.3706 -1.0896
v  2.0842 -0.4124 -1.0908
v  2.0037 -0.3580 -1.0807
v  2.0932 -0.3904 -1.0753
v  2.0073 -0.3439 -1.0744
v  2.0996 -0.3657 -1.0642
v  2.0094 -0.3293 -1.0707
v  2.1032 -0.3400 -1.0579
v  2.0531 -0.4505 -1.1564
v  2.1083 -0.3400 -1.0608
v  2.1046 -0.3657 -1.0671
v  2.0982 -0.3904 -1.0782
v  2.0893 -0.4124 -1.0937
v  2.0782 -0.4303 -1.1128
v  2.0659 -0.4431 -1.1342
v  2.0643 -0.3445 -1.1350
v  2.0805 -0.3445 -1.1069
v  2.0414 -0.3445 -1.0844
v  2.0253 -0.3445 -1.1125
v  2.0216 -0.3459 -1.1187
v  2.0607 -0.3459 -1.1413
v  2.0183 -0.3503 -1.1245
v  2.0573 -0.3503 -1.1470
v  2.0161 -0.3569 -1.1283
v  2.0551 -0.3569 -1.1508
v  2.0154 -0.3642 -1.1295
v  2.0544 -0.3642 -1.1520
v  2.0154 -0.3965 -1.1295
v  2.0544 -0.3965 -1.1520
v  2.0509 -0.4035 -1.1581
v  2.0119 -0.4035 -1.1356
v  2.0006 -0.4035 -1.1551
v  2.0449 -0.3150 -1.0784
v  2.0449 -0.3375 -1.0784
v  2.0840 -0.3375 -1.1009
v  2.0840 -0.3150 -1.1009
v  2.0189 -0.3375 -1.1095
v  2.0354 -0.3375 -1.0809
v  2.0354 -0.3150 -1.0809
v  2.0630 -0.4085 -1.1512
v  2.0589 -0.4446 -1.1583
v  2.0700 -0.4375 -1.1391
v  2.0818 -0.4258 -1.1187
v  2.0457 -0.4468 -1.1811
v  2.1106 -0.3390 -1.0687
v  2.0925 -0.3494 -1.1001
v  2.1071 -0.3631 -1.0749
v  2.0923 -0.4082 -1.1004
v  2.0724 -0.3502 -1.1350
v  2.0690 -0.3512 -1.1409
v  2.0659 -0.3552 -1.1463
v  2.0639 -0.3614 -1.1497
v  2.0633 -0.3682 -1.1506
v  2.1010 -0.3873 -1.0853
v  2.0865 -0.3445 -1.1104
v  2.0900 -0.3445 -1.1044
v  2.0840 -0.3445 -1.1009
v  2.0449 -0.3445 -1.0784
v  2.0389 -0.3445 -1.0749
v  2.0354 -0.3445 -1.0809
v  2.0094 -0.3965 -1.1260
v  2.0094 -0.4035 -1.1260
v  2.0154 -0.4035 -1.1295
v  2.0544 -0.4035 -1.1520
v  2.0605 -0.4035 -1.1555
v  2.0605 -0.3965 -1.1555
v  2.0570 -0.4035 -1.1616
v  2.0059 -0.4035 -1.1321
v  2.0389 -0.3375 -1.0749
v  2.0900 -0.3375 -1.1044
v  2.0059 -0.3965 -1.1321
v  2.0703 -0.3445 -1.1385
v  2.0192 -0.3445 -1.1090
v  2.0667 -0.3459 -1.1448
v  2.0156 -0.3459 -1.1152
v  2.0634 -0.3503 -1.1505
v  2.0122 -0.3503 -1.1210
v  2.0612 -0.3569 -1.1543
v  2.0100 -0.3569 -1.1248
v  2.0605 -0.3642 -1.1555
v  2.0094 -0.3642 -1.1260
v  1.9946 -0.4035 -1.1516
v  2.0457 -0.4035 -1.1811
v  2.0389 -0.3150 -1.0749
v  2.0900 -0.3150 -1.1044
v  2.0059 -0.3635 -1.1321
v  2.0067 -0.3542 -1.1305
v  2.0097 -0.3452 -1.1254
v  2.0142 -0.3393 -1.1176
v  2.0583 -0.4505 -1.1594
v  2.1146 -0.3150 -1.0618
v  2.1135 -0.3400 -1.0638
v  2.1098 -0.3657 -1.0701
v  2.1034 -0.3904 -1.0812
v  2.0944 -0.4124 -1.0967
v  2.0834 -0.4303 -1.1158
v  2.0711 -0.4431 -1.1372
v  1.9636 -0.2375 -1.1502
v  2.0230 -0.1795 -1.1969
v  1.9707 -0.2362 -1.1378
v  1.9562 -0.2417 -1.1629
v  2.0101 -0.1868 -1.2191
v  1.9492 -0.2491 -1.1751
v  1.9978 -0.1996 -1.2405
v  1.9429 -0.2593 -1.1860
v  1.9868 -0.2175 -1.2596
v  1.9378 -0.2719 -1.1949
v  1.9778 -0.2396 -1.2751
v  1.9341 -0.2860 -1.2012
v  1.9714 -0.2642 -1.2862
v  1.9320 -0.3006 -1.2048
v  1.9678 -0.2899 -1.2925
v  1.9313 -0.3150 -1.2060
v  1.9666 -0.3150 -1.2945
v  2.0280 -0.1795 -1.1998
v  1.9728 -0.2899 -1.2954
v  1.9716 -0.3150 -1.2974
v  1.9765 -0.2642 -1.2891
v  1.9829 -0.2396 -1.2780
v  1.9918 -0.2175 -1.2625
v  2.0028 -0.1996 -1.2434
v  2.0152 -0.1868 -1.2220
v  2.0151 -0.2854 -1.2202
v  1.9989 -0.2854 -1.2483
v  1.9599 -0.2854 -1.2257
v  1.9760 -0.2854 -1.1977
v  1.9797 -0.2840 -1.1914
v  2.0187 -0.2840 -1.2139
v  1.9830 -0.2797 -1.1856
v  2.0220 -0.2797 -1.2082
v  1.9852 -0.2730 -1.1818
v  2.0242 -0.2730 -1.2044
v  1.9859 -0.2657 -1.1806
v  2.0249 -0.2657 -1.2032
v  1.9859 -0.2334 -1.1806
v  2.0249 -0.2334 -1.2032
v  2.0284 -0.2264 -1.1971
v  1.9894 -0.2264 -1.1746
v  2.0397 -0.2264 -1.1776
v  1.9564 -0.3150 -1.2318
v  1.9564 -0.2924 -1.2318
v  1.9954 -0.2924 -1.2543
v  1.9954 -0.3150 -1.2543
v  1.9946 -0.3150 -1.1516
v  1.9703 -0.2924 -1.1936
v  1.9538 -0.2924 -1.2222
v  1.9538 -0.3150 -1.2222
v  2.0285 -0.2214 -1.2110
v  2.0325 -0.1853 -1.2040
v  2.0215 -0.1924 -1.2231
v  2.0097 -0.2041 -1.2435
v  1.9808 -0.2910 -1.2935
v  1.9798 -0.3150 -1.2952
v  1.9979 -0.3150 -1.2639
v  1.9990 -0.2805 -1.2621
v  1.9844 -0.2668 -1.2874
v  1.9991 -0.2218 -1.2618
v  2.0191 -0.2797 -1.2272
v  2.0225 -0.2787 -1.2213
v  2.0256 -0.2747 -1.2160
v  2.0276 -0.2685 -1.2125
v  2.0281 -0.2617 -1.2116
v  1.9904 -0.2426 -1.2769
v  2.0049 -0.2854 -1.2518
v  2.0014 -0.2854 -1.2578
v  1.9954 -0.2854 -1.2543
v  1.9564 -0.2854 -1.2318
v  1.9503 -0.2854 -1.2283
v  1.9538 -0.2854 -1.2222
v  1.9798 -0.2334 -1.1771
v  1.9798 -0.2264 -1.1771
v  1.9859 -0.2264 -1.1806
v  2.0249 -0.2264 -1.2032
v  2.0310 -0.2264 -1.2067
v  2.0310 -0.2334 -1.2067
v  2.0345 -0.2264 -1.2006
v  1.9833 -0.2264 -1.1711
v  1.9503 -0.2924 -1.2283
v  2.0014 -0.2924 -1.2578
v  1.9833 -0.2334 -1.1711
v  2.0211 -0.2854 -1.2237
v  1.9700 -0.2854 -1.1942
v  2.0247 -0.2840 -1.2174
v  1.9736 -0.2840 -1.1879
v  2.0281 -0.2797 -1.2117
v  1.9769 -0.2797 -1.1821
v  2.0303 -0.2730 -1.2079
v  1.9791 -0.2730 -1.1783
v  2.0310 -0.2657 -1.2067
v  1.9798 -0.2657 -1.1771
v  1.9946 -0.2264 -1.1516
v  1.9503 -0.3150 -1.2283
v  2.0014 -0.3150 -1.2578
v  1.9946 -0.2334 -1.1516
v  1.9833 -0.2664 -1.1711
v  1.9824 -0.2757 -1.1726
v  1.9795 -0.2847 -1.1778
v  1.9749 -0.2907 -1.1856
v  2.0332 -0.1795 -1.2028
v  2.0457 -0.1772 -1.1811
v  1.9768 -0.3150 -1.3004
v  1.9780 -0.2899 -1.2984
v  1.9817 -0.2642 -1.2921
v  1.9881 -0.2396 -1.2810
v  1.9970 -0.2175 -1.2655
v  2.0080 -0.1996 -1.2464
v  2.0204 -0.1868 -1.2250
v  1.9636 -0.3924 -1.1502
v  1.9707 -0.3937 -1.1378
v  2.0230 -0.4505 -1.1969
v  1.9562 -0.3882 -1.1629
v  2.0101 -0.4431 -1.2191
v  1.9492 -0.3809 -1.1751
v  1.9978 -0.4303 -1.2405
v  1.9429 -0.3706 -1.1860
v  1.9868 -0.4124 -1.2596
v  1.9378 -0.3580 -1.1949
v  1.9778 -0.3904 -1.2751
v  1.9341 -0.3439 -1.2012
v  1.9714 -0.3657 -1.2862
v  1.9320 -0.3293 -1.2048
v  1.9678 -0.3400 -1.2925
v  2.0405 -0.4528 -1.1781
v  2.0280 -0.4505 -1.1998
v  1.9728 -0.3400 -1.2954
v  1.9765 -0.3657 -1.2891
v  1.9829 -0.3904 -1.2780
v  1.9918 -0.4124 -1.2625
v  2.0028 -0.4303 -1.2434
v  2.0152 -0.4431 -1.2220
v  2.0151 -0.3445 -1.2202
v  1.9760 -0.3445 -1.1977
v  1.9599 -0.3445 -1.2257
v  1.9989 -0.3445 -1.2483
v  1.9797 -0.3459 -1.1914
v  2.0187 -0.3459 -1.2139
v  1.9830 -0.3503 -1.1856
v  2.0220 -0.3503 -1.2082
v  1.9852 -0.3569 -1.1818
v  2.0242 -0.3569 -1.2044
v  1.9859 -0.3642 -1.1806
v  2.0249 -0.3642 -1.2032
v  2.0249 -0.3965 -1.2032
v  1.9859 -0.3965 -1.1806
v  2.0284 -0.4035 -1.1971
v  2.0397 -0.4035 -1.1776
v  1.9894 -0.4035 -1.1746
v  1.9954 -0.3375 -1.2543
v  1.9564 -0.3375 -1.2318
v  1.9538 -0.3375 -1.2222
v  1.9703 -0.3375 -1.1936
v  2.0285 -0.4085 -1.2110
v  2.0215 -0.4375 -1.2231
v  2.0325 -0.4446 -1.2040
v  2.0097 -0.4258 -1.2435
v  2.0457 -0.4105 -1.1811
v  1.9808 -0.3390 -1.2935
v  1.9990 -0.3494 -1.2621
v  1.9844 -0.3631 -1.2874
v  1.9991 -0.4082 -1.2618
v  2.0225 -0.3512 -1.2213
v  2.0191 -0.3502 -1.2272
v  2.0256 -0.3552 -1.2160
v  2.0276 -0.3614 -1.2125
v  2.0281 -0.3682 -1.2116
v  1.9904 -0.3873 -1.2769
v  1.9954 -0.3445 -1.2543
v  2.0014 -0.3445 -1.2578
v  2.0049 -0.3445 -1.2518
v  1.9538 -0.3445 -1.2222
v  1.9503 -0.3445 -1.2283
v  1.9564 -0.3445 -1.2318
v  1.9859 -0.4035 -1.1806
v  1.9798 -0.4035 -1.1771
v  1.9798 -0.3965 -1.1771
v  2.0310 -0.3965 -1.2067
v  2.0310 -0.4035 -1.2067
v  2.0249 -0.4035 -1.2032
v  2.0345 -0.4035 -1.2006
v  1.9833 -0.4035 -1.1711
v  1.9503 -0.3375 -1.2283
v  2.0014 -0.3375 -1.2578
v  1.9833 -0.3965 -1.1711
v  2.0211 -0.3445 -1.2237
v  1.9700 -0.3445 -1.1942
v  2.0247 -0.3459 -1.2174
v  1.9736 -0.3459 -1.1879
v  2.0281 -0.3503 -1.2117
v  1.9769 -0.3503 -1.1821
v  2.0303 -0.3569 -1.2079
v  1.9791 -0.3569 -1.1783
v  2.0310 -0.3642 -1.2067
v  1.9798 -0.3642 -1.1771
v  1.9946 -0.3965 -1.1516
v  1.9833 -0.3635 -1.1711
v  1.9824 -0.3542 -1.1726
v  1.9795 -0.3452 -1.1778
v  1.9749 -0.3393 -1.1856
v  2.0457 -0.4528 -1.1811
v  2.0332 -0.4505 -1.2028
v  1.9780 -0.3400 -1.2984
v  1.9817 -0.3657 -1.2921
v  1.9881 -0.3904 -1.2810
v  1.9970 -0.4124 -1.2655
v  2.0080 -0.4303 -1.2464
v  2.0204 -0.4431 -1.2250
v  0.0001 -0.3150 2.2899
v  0.0143 -0.4114 2.2899
v  0.0149 -0.4156 2.2941
v  0.0134 -0.4054 2.2899
v  0.0289 -0.4082 2.2899
v  0.0272 -0.4025 2.2899
v  0.0302 -0.4123 2.2941
v  0.0476 -0.4008 2.2899
v  0.0447 -0.3955 2.2899
v  0.0497 -0.4046 2.2941
v  0.0638 -0.3902 2.2899
v  0.0599 -0.3857 2.2899
v  0.0666 -0.3936 2.2940
v  0.0778 -0.3766 2.2899
v  0.0731 -0.3729 2.2899
v  0.0812 -0.3794 2.2939
v  0.0887 -0.3608 2.2899
v  0.0834 -0.3581 2.2899
v  0.0927 -0.3629 2.2939
v  0.0962 -0.3432 2.2899
v  0.0905 -0.3415 2.2899
v  0.1006 -0.3444 2.2939
v  0.1001 -0.3245 2.2899
v  0.0941 -0.3239 2.2899
v  0.1046 -0.3249 2.2938
v  0.1001 -0.3054 2.2899
v  0.0941 -0.3060 2.2899
v  0.1046 -0.3050 2.2938
v  0.0962 -0.2867 2.2899
v  0.0904 -0.2884 2.2899
v  0.1005 -0.2854 2.2939
v  0.0887 -0.2691 2.2899
v  0.0833 -0.2719 2.2899
v  0.0926 -0.2671 2.2939
v  0.0777 -0.2532 2.2899
v  0.0730 -0.2570 2.2899
v  0.0812 -0.2505 2.2939
v  0.0638 -0.2397 2.2899
v  0.0600 -0.2443 2.2899
v  0.0667 -0.2364 2.2940
v  0.0472 -0.2290 2.2899
v  0.0443 -0.2342 2.2899
v  0.0493 -0.2252 2.2941
v  0.0288 -0.2217 2.2899
v  0.0270 -0.2274 2.2899
v  0.0300 -0.2176 2.2941
v  0.0146 -0.2185 2.2899
v  0.0137 -0.2245 2.2899
v  0.0153 -0.2143 2.2941
v  0.0001 -0.2176 2.2899
v  0.0001 -0.2236 2.2899
v  0.0001 -0.2133 2.2941
v  -0.0144 -0.2186 2.2899
v  -0.0135 -0.2245 2.2899
v  -0.0151 -0.2143 2.2941
v  -0.0286 -0.2217 2.2899
v  -0.0269 -0.2274 2.2899
v  -0.0299 -0.2176 2.2941
v  -0.0468 -0.2290 2.2899
v  -0.0440 -0.2343 2.2899
v  -0.0489 -0.2252 2.2941
v  -0.0633 -0.2395 2.2899
v  -0.0594 -0.2441 2.2899
v  -0.0661 -0.2361 2.2940
v  -0.0773 -0.2529 2.2899
v  -0.0727 -0.2566 2.2899
v  -0.0808 -0.2501 2.2940
v  -0.0884 -0.2688 2.2899
v  -0.0831 -0.2715 2.2899
v  -0.0924 -0.2667 2.2939
v  -0.0962 -0.2865 2.2899
v  -0.0904 -0.2882 2.2899
v  -0.1005 -0.2853 2.2939
v  -0.1001 -0.3055 2.2899
v  -0.0941 -0.3060 2.2899
v  -0.1046 -0.3050 2.2938
v  -0.1000 -0.3248 2.2899
v  -0.0941 -0.3243 2.2899
v  -0.1045 -0.3253 2.2938
v  -0.0961 -0.3437 2.2899
v  -0.0903 -0.3420 2.2899
v  -0.1004 -0.3450 2.2939
v  -0.0883 -0.3615 2.2899
v  -0.0830 -0.3587 2.2899
v  -0.0922 -0.3636 2.2939
v  -0.0772 -0.3773 2.2899
v  -0.0725 -0.3735 2.2899
v  -0.0806 -0.3801 2.2940
v  -0.0631 -0.3907 2.2899
v  -0.0593 -0.3861 2.2899
v  -0.0659 -0.3940 2.2940
v  -0.0470 -0.4010 2.2899
v  -0.0441 -0.3958 2.2899
v  -0.0491 -0.4048 2.2941
v  -0.0289 -0.4082 2.2899
v  -0.0271 -0.4025 2.2899
v  -0.0302 -0.4123 2.2941
v  -0.0150 -0.4112 2.2899
v  -0.0141 -0.4053 2.2899
v  -0.0157 -0.4154 2.2941
v  -0.0007 -0.4122 2.2899
v  -0.0007 -0.4062 2.2899
v  -0.0008 -0.4165 2.2941
v  2.0266 -0.3372 -1.0595
v  2.0323 -0.3381 -1.0578
v  2.0277 -0.3165 -1.0571
v  2.0334 -0.3166 -1.0553
v  2.0268 -0.2976 -1.0587
v  2.0325 -0.2969 -1.0570
v  2.0248 -0.2798 -1.0632
v  2.0304 -0.2783 -1.0617
v  2.0207 -0.2612 -1.0716
v  2.0261 -0.2589 -1.0704
v  2.0147 -0.2452 -1.0835
v  2.0199 -0.2422 -1.0829
v  2.0084 -0.2342 -1.0956
v  2.0133 -0.2307 -1.0955
v  2.0008 -0.2248 -1.1101
v  2.0054 -0.2210 -1.1107
v  1.9910 -0.2186 -1.1281
v  1.9951 -0.2145 -1.1295
v  1.9805 -0.2170 -1.1465
v  1.9841 -0.2128 -1.1488
v  1.9709 -0.2193 -1.1627
v  1.9741 -0.2153 -1.1657
v  1.9621 -0.2247 -1.1771
v  1.9649 -0.2209 -1.1808
v  1.9533 -0.2337 -1.1911
v  1.9557 -0.2303 -1.1954
v  1.9423 -0.2525 -1.2081
v  1.9442 -0.2499 -1.2131
v  1.9367 -0.2681 -1.2166
v  1.9382 -0.2661 -1.2220
v  1.9319 -0.2894 -1.2236
v  1.9332 -0.2883 -1.2294
v  1.9302 -0.3058 -1.2261
v  1.9314 -0.3054 -1.2320
v  1.9302 -0.3254 -1.2261
v  1.9315 -0.3259 -1.2319
v  1.9324 -0.3443 -1.2229
v  1.9338 -0.3455 -1.2286
v  1.9366 -0.3624 -1.2167
v  1.9382 -0.3643 -1.2221
v  1.9426 -0.3779 -1.2077
v  1.9444 -0.3806 -1.2128
v  1.9501 -0.3916 -1.1961
v  1.9523 -0.3948 -1.2007
v  1.9576 -0.4009 -1.1843
v  1.9602 -0.4046 -1.1884
v  1.9666 -0.4084 -1.1698
v  1.9696 -0.4123 -1.1732
v  1.9757 -0.4125 -1.1547
v  1.9791 -0.4166 -1.1574
v  1.9866 -0.4124 -1.1355
v  1.9905 -0.4165 -1.1374
v  1.9974 -0.4080 -1.1164
v  2.0018 -0.4120 -1.1173
v  2.0067 -0.3989 -1.0991
v  2.0115 -0.4025 -1.0992
v  2.0136 -0.3873 -1.0857
v  2.0188 -0.3904 -1.0851
v  2.0198 -0.3718 -1.0733
v  2.0252 -0.3741 -1.0723
v  2.0238 -0.3560 -1.0653
v  2.0293 -0.3577 -1.0638
v  2.0236 -0.3358 -1.0646
v  2.0210 -0.3535 -1.0700
v  2.0174 -0.3683 -1.0776
v  2.0116 -0.3829 -1.0892
v  2.0051 -0.3937 -1.1018
v  1.9964 -0.4023 -1.1180
v  1.9863 -0.4064 -1.1361
v  1.9760 -0.4065 -1.1541
v  1.9675 -0.4027 -1.1682
v  1.9591 -0.3956 -1.1818
v  1.9520 -0.3869 -1.1928
v  1.9449 -0.3741 -1.2037
v  1.9392 -0.3595 -1.2121
v  1.9353 -0.3425 -1.2179
v  1.9332 -0.3248 -1.2209
v  1.9332 -0.3063 -1.2209
v  1.9348 -0.2911 -1.2186
v  1.9393 -0.2709 -1.2119
v  1.9446 -0.2564 -1.2041
v  1.9551 -0.2386 -1.1880
v  1.9633 -0.2303 -1.1751
v  1.9716 -0.2252 -1.1615
v  1.9806 -0.2230 -1.1463
v  1.9904 -0.2245 -1.1290
v  1.9996 -0.2304 -1.1122
v  2.0067 -0.2391 -1.0985
v  2.0126 -0.2495 -1.0871
v  2.0182 -0.2645 -1.0759
v  2.0220 -0.2819 -1.0681
v  2.0239 -0.2987 -1.0639
v  2.0247 -0.3164 -1.0624
v  1.9803 -0.3154 -1.1429
v  -2.0277 -0.3165 -1.0571
v  -2.0334 -0.3166 -1.0553
v  -2.0266 -0.3372 -1.0595
v  -2.0323 -0.3381 -1.0578
v  -2.0268 -0.2976 -1.0587
v  -2.0325 -0.2969 -1.0570
v  -2.0248 -0.2798 -1.0632
v  -2.0304 -0.2783 -1.0617
v  -2.0207 -0.2612 -1.0716
v  -2.0261 -0.2589 -1.0704
v  -2.0147 -0.2452 -1.0835
v  -2.0199 -0.2422 -1.0829
v  -2.0084 -0.2342 -1.0956
v  -2.0133 -0.2307 -1.0955
v  -2.0008 -0.2248 -1.1101
v  -2.0054 -0.2210 -1.1107
v  -1.9910 -0.2186 -1.1281
v  -1.9951 -0.2145 -1.1295
v  -1.9805 -0.2170 -1.1465
v  -1.9841 -0.2128 -1.1488
v  -1.9709 -0.2193 -1.1627
v  -1.9741 -0.2153 -1.1657
v  -1.9621 -0.2247 -1.1771
v  -1.9649 -0.2209 -1.1808
v  -1.9533 -0.2337 -1.1911
v  -1.9557 -0.2303 -1.1954
v  -1.9439 -0.2491 -1.2056
v  -1.9459 -0.2463 -1.2105
v  -1.9367 -0.2681 -1.2166
v  -1.9382 -0.2661 -1.2220
v  -1.9319 -0.2894 -1.2236
v  -1.9332 -0.2883 -1.2294
v  -1.9302 -0.3058 -1.2261
v  -1.9314 -0.3054 -1.2320
v  -1.9302 -0.3254 -1.2261
v  -1.9315 -0.3259 -1.2319
v  -1.9324 -0.3443 -1.2229
v  -1.9338 -0.3455 -1.2286
v  -1.9366 -0.3624 -1.2167
v  -1.9382 -0.3643 -1.2222
v  -1.9426 -0.3779 -1.2077
v  -1.9444 -0.3806 -1.2128
v  -1.9501 -0.3916 -1.1961
v  -1.9523 -0.3948 -1.2007
v  -1.9576 -0.4009 -1.1843
v  -1.9602 -0.4046 -1.1884
v  -1.9666 -0.4084 -1.1698
v  -1.9696 -0.4123 -1.1732
v  -1.9762 -0.4125 -1.1537
v  -1.9796 -0.4167 -1.1564
v  -1.9857 -0.4127 -1.1371
v  -1.9896 -0.4169 -1.1390
v  -1.9974 -0.4080 -1.1164
v  -2.0018 -0.4120 -1.1173
v  -2.0067 -0.3989 -1.0991
v  -2.0115 -0.4025 -1.0992
v  -2.0136 -0.3873 -1.0857
v  -2.0188 -0.3904 -1.0851
v  -2.0198 -0.3718 -1.0733
v  -2.0252 -0.3741 -1.0723
v  -2.0238 -0.3560 -1.0653
v  -2.0293 -0.3577 -1.0638
v  -2.0247 -0.3164 -1.0624
v  -2.0239 -0.2987 -1.0639
v  -2.0220 -0.2819 -1.0681
v  -2.0182 -0.2645 -1.0759
v  -2.0126 -0.2495 -1.0871
v  -2.0067 -0.2391 -1.0985
v  -1.9996 -0.2304 -1.1122
v  -1.9904 -0.2245 -1.1290
v  -1.9806 -0.2230 -1.1463
v  -1.9716 -0.2252 -1.1615
v  -1.9633 -0.2303 -1.1751
v  -1.9551 -0.2387 -1.1881
v  -1.9462 -0.2531 -1.2017
v  -1.9393 -0.2709 -1.2120
v  -1.9348 -0.2911 -1.2186
v  -1.9332 -0.3063 -1.2209
v  -1.9332 -0.3248 -1.2209
v  -1.9353 -0.3425 -1.2179
v  -1.9392 -0.3595 -1.2121
v  -1.9449 -0.3741 -1.2037
v  -1.9520 -0.3869 -1.1928
v  -1.9591 -0.3956 -1.1818
v  -1.9675 -0.4026 -1.1682
v  -1.9765 -0.4065 -1.1531
v  -1.9855 -0.4067 -1.1376
v  -1.9964 -0.4023 -1.1180
v  -2.0051 -0.3937 -1.1018
v  -2.0116 -0.3829 -1.0892
v  -2.0174 -0.3682 -1.0776
v  -2.0210 -0.3535 -1.0700
v  -2.0236 -0.3358 -1.0646
v  -1.9803 -0.3154 -1.1429
v  -0.3150 -4.8177 0.0000
v  -0.3150 -4.6801 0.0000
v  -0.2639 -5.1032 0.0000
v  0.3150 -4.8742 0.0000
v  0.3150 -4.5080 0.0000
v  0.3150 -4.4200 0.0000
v  0.3150 -4.9307 0.0000
v  -0.3106 -4.8189 0.3421
v  -0.3034 -4.8198 0.4275
v  -0.3133 -4.8750 0.4276
v  -0.3149 -4.8749 0.3421
v  -0.2972 -4.7584 0.3417
v  -0.2825 -4.7614 0.4268
v  -0.2716 -4.6918 0.3404
v  -0.2484 -4.7015 0.4247
v  -0.2326 -4.6226 0.3383
v  -0.2026 -4.6461 0.4206
v  -0.1819 -4.5560 0.3358
v  -0.1470 -4.5978 0.4137
v  -0.1217 -4.4953 0.3332
v  -0.0000 -4.4766 0.3509
v  -0.0000 -4.5497 0.4109
v  -0.0764 -4.5628 0.4118
v  -0.0621 -4.4829 0.3472
v  -0.3150 -4.8177 0.0608
v  -0.3150 -4.8742 0.0608
v  -0.3150 -4.8177 0.1857
v  -0.3150 -4.8743 0.1857
v  -0.3150 -4.8743 0.1215
v  -0.3150 -4.8176 0.1215
v  -0.3148 -4.8180 0.2564
v  -0.3150 -4.8745 0.2565
v  -0.3150 -4.7540 0.0608
v  -0.3147 -4.7542 0.1858
v  -0.3150 -4.7540 0.1216
v  -0.3096 -4.7553 0.2562
v  -0.3150 -4.6797 0.0610
v  -0.3086 -4.6804 0.1863
v  -0.3147 -4.6795 0.1220
v  -0.2945 -4.6837 0.2560
v  -0.3148 -4.5912 0.0620
v  -0.2929 -4.5927 0.1882
v  -0.3089 -4.5908 0.1236
v  -0.2665 -4.6004 0.2569
v  -0.3124 -4.5041 0.0642
v  -0.2718 -4.5050 0.1915
v  -0.2988 -4.5021 0.1268
v  -0.2268 -4.5139 0.2613
v  -0.3100 -4.4199 0.0614
v  -0.2645 -4.4195 0.1785
v  -0.2935 -4.4197 0.1208
v  -0.1154 -4.4202 0.3039
v  -0.1733 -4.4201 0.2727
v  -0.1724 -4.3408 0.2637
v  -0.1160 -4.3408 0.2929
v  -0.2244 -4.4200 0.2297
v  -0.2227 -4.3408 0.2228
v  -0.0573 -4.3408 0.3098
v  -0.0580 -4.4201 0.3210
v  -0.3091 -4.3408 0.0602
v  -0.2923 -4.3408 0.1173
v  -0.2635 -4.3408 0.1726
v  -0.2968 -4.8194 0.5103
v  -0.3108 -4.8745 0.5104
v  -0.2702 -4.7618 0.5097
v  -0.2312 -4.7084 0.5080
v  -0.1819 -4.6630 0.5047
v  -0.1250 -4.6281 0.4992
v  -0.0628 -4.6069 0.4975
v  -0.1778 -4.5019 0.3019
v  -0.0000 -4.5988 0.4938
v  -0.2927 -4.8155 0.5984
v  -0.3095 -4.8741 0.5984
v  -0.2635 -4.7591 0.5984
v  -0.2226 -4.7088 0.5984
v  -0.1722 -4.6679 0.5984
v  -0.1159 -4.6387 0.5984
v  -0.0590 -4.6220 0.5984
v  -0.0000 -4.3408 0.3150
v  -0.0000 -4.4201 0.3266
v  -0.3150 -4.9310 0.3420
v  -0.3150 -4.9309 0.2565
v  -0.3097 -4.9884 0.3420
v  -0.3098 -4.9883 0.2565
v  -0.2929 -5.0470 0.3420
v  -0.2930 -5.0469 0.2565
v  -0.2637 -5.1035 0.3420
v  -0.2638 -5.1034 0.2565
v  -0.2228 -5.1539 0.3420
v  -0.2229 -5.1538 0.2565
v  -0.1725 -5.1949 0.3420
v  -0.1725 -5.1948 0.2565
v  -0.1160 -5.2241 0.3420
v  -0.1161 -5.2241 0.2565
v  -0.0574 -5.2410 0.3420
v  -0.0574 -5.2410 0.2565
v  -0.0000 -5.2463 0.3420
v  -0.0000 -5.2463 0.2565
v  -0.3150 -4.9307 0.0608
v  -0.3150 -4.9309 0.1857
v  -0.3150 -4.9308 0.1215
v  -0.3150 -4.9312 0.5104
v  -0.3150 -4.9311 0.4275
v  -0.3098 -4.9881 0.0608
v  -0.3098 -4.9882 0.1857
v  -0.3098 -4.9881 0.1215
v  -0.3097 -4.9885 0.5104
v  -0.3097 -4.9885 0.4275
v  -0.2930 -5.0468 0.0608
v  -0.2930 -5.0469 0.1857
v  -0.2930 -5.0468 0.1215
v  -0.2927 -5.0472 0.5984
v  -0.2929 -5.0472 0.5104
v  -0.2929 -5.0471 0.4275
v  -0.2639 -5.1033 0.0608
v  -0.2638 -5.1034 0.1857
v  -0.2638 -5.1033 0.1215
v  -0.2637 -5.1036 0.5104
v  -0.2637 -5.1035 0.4275
v  -0.2230 -5.1537 0.0608
v  -0.2230 -5.1537 0.0000
v  -0.2229 -5.1538 0.1857
v  -0.2230 -5.1538 0.1215
v  -0.2228 -5.1540 0.5104
v  -0.2228 -5.1539 0.4275
v  -0.1726 -5.1948 0.0608
v  -0.1727 -5.1947 0.0000
v  -0.1726 -5.1948 0.1857
v  -0.1726 -5.1948 0.1215
v  -0.1724 -5.1949 0.5104
v  -0.1724 -5.1949 0.4275
v  -0.1161 -5.2241 0.0608
v  -0.1162 -5.2241 0.0000
v  -0.1161 -5.2241 0.1857
v  -0.1161 -5.2241 0.1215
v  -0.1160 -5.2242 0.5104
v  -0.1160 -5.2241 0.4275
v  -0.0574 -5.2410 0.0608
v  -0.0574 -5.2410 0.0000
v  -0.0574 -5.2410 0.1857
v  -0.0574 -5.2410 0.1215
v  -0.0573 -5.2410 0.5104
v  -0.0573 -5.2410 0.4275
v  -0.0000 -5.2463 0.0608
v  -0.0000 -5.2463 0.1857
v  -0.0000 -5.2463 0.1215
v  -0.0000 -5.2463 0.5104
v  -0.0000 -5.2463 0.4275
v  0.3106 -4.8189 0.3421
v  0.3149 -4.8749 0.3421
v  0.3133 -4.8750 0.4276
v  0.3034 -4.8198 0.4275
v  0.2972 -4.7584 0.3417
v  0.2825 -4.7614 0.4268
v  0.2716 -4.6918 0.3404
v  0.2484 -4.7015 0.4247
v  0.2326 -4.6226 0.3383
v  0.2026 -4.6461 0.4206
v  0.1819 -4.5560 0.3358
v  0.1470 -4.5978 0.4137
v  0.1217 -4.4953 0.3332
v  0.0621 -4.4829 0.3472
v  0.0764 -4.5628 0.4118
v  0.3150 -4.8177 0.0608
v  0.3150 -4.8742 0.0608
v  0.3150 -4.8177 0.1857
v  0.3150 -4.8176 0.1215
v  0.3150 -4.8743 0.1215
v  0.3150 -4.8743 0.1857
v  0.3148 -4.8180 0.2564
v  0.3150 -4.8745 0.2565
v  0.3150 -4.7540 0.0608
v  0.3147 -4.7542 0.1858
v  0.3150 -4.7540 0.1216
v  0.3096 -4.7553 0.2562
v  0.3150 -4.6797 0.0610
v  0.3086 -4.6804 0.1863
v  0.3147 -4.6795 0.1220
v  0.2945 -4.6837 0.2560
v  0.3148 -4.5912 0.0620
v  0.2929 -4.5927 0.1882
v  0.3089 -4.5908 0.1236
v  0.2665 -4.6004 0.2569
v  0.3124 -4.5041 0.0642
v  0.2718 -4.5050 0.1915
v  0.2988 -4.5021 0.1268
v  0.2268 -4.5139 0.2613
v  0.3100 -4.4199 0.0614
v  0.2645 -4.4195 0.1785
v  0.2935 -4.4197 0.1208
v  0.1154 -4.4202 0.3039
v  0.1160 -4.3408 0.2929
v  0.1724 -4.3408 0.2637
v  0.1733 -4.4201 0.2727
v  0.2227 -4.3408 0.2228
v  0.2244 -4.4200 0.2297
v  0.0580 -4.4201 0.3210
v  0.0573 -4.3408 0.3098
v  0.3091 -4.3408 0.0602
v  0.2923 -4.3408 0.1173
v  0.2635 -4.3408 0.1726
v  0.3108 -4.8745 0.5104
v  0.2968 -4.8194 0.5103
v  0.2702 -4.7618 0.5097
v  0.2312 -4.7084 0.5080
v  0.1819 -4.6630 0.5047
v  0.1250 -4.6281 0.4992
v  0.0628 -4.6069 0.4975
v  0.1778 -4.5019 0.3019
v  0.3150 -4.9310 0.3420
v  0.3150 -4.9309 0.2565
v  0.3097 -4.9884 0.3420
v  0.3098 -4.9883 0.2565
v  0.2929 -5.0470 0.3420
v  0.2930 -5.0469 0.2565
v  0.2637 -5.1035 0.3420
v  0.2638 -5.1034 0.2565
v  0.2228 -5.1539 0.3420
v  0.2229 -5.1538 0.2565
v  0.1725 -5.1949 0.3420
v  0.1725 -5.1948 0.2565
v  0.1160 -5.2241 0.3420
v  0.1161 -5.2241 0.2565
v  0.0574 -5.2410 0.3420
v  0.0574 -5.2410 0.2565
v  0.3150 -4.9307 0.0608
v  0.3150 -4.9309 0.1857
v  0.3150 -4.9308 0.1215
v  0.3150 -4.9312 0.5104
v  0.3150 -4.9311 0.4275
v  0.3098 -4.9881 0.0608
v  0.3098 -4.9882 0.1857
v  0.3098 -4.9881 0.1215
v  0.3097 -4.9885 0.5104
v  0.3097 -4.9885 0.4275
v  0.2930 -5.0468 0.0608
v  0.2931 -5.0467 0.0000
v  0.2930 -5.0469 0.1857
v  0.2930 -5.0468 0.1215
v  0.2929 -5.0472 0.5104
v  0.2929 -5.0471 0.4275
v  0.2639 -5.1033 0.0608
v  0.2638 -5.1034 0.1857
v  0.2638 -5.1033 0.1215
v  0.2637 -5.1036 0.5104
v  0.2637 -5.1035 0.4275
v  0.2230 -5.1537 0.0608
v  0.2230 -5.1537 0.0000
v  0.2229 -5.1538 0.1857
v  0.2230 -5.1538 0.1215
v  0.2228 -5.1540 0.5104
v  0.2228 -5.1539 0.4275
v  0.1726 -5.1948 0.0608
v  0.1726 -5.1948 0.1857
v  0.1726 -5.1948 0.1215
v  0.1724 -5.1949 0.5104
v  0.1724 -5.1949 0.4275
v  0.1161 -5.2241 0.0608
v  0.1162 -5.2241 0.0000
v  0.1161 -5.2241 0.1857
v  0.1161 -5.2241 0.1215
v  0.1160 -5.2242 0.5104
v  0.1160 -5.2241 0.4275
v  0.0574 -5.2410 0.0608
v  0.0574 -5.2410 0.1857
v  0.0574 -5.2410 0.1215
v  0.0573 -5.2410 0.5104
v  0.0573 -5.2410 0.4275
v  -0.0000 -4.1715 0.3150
v  -0.0578 -4.1715 0.3097
v  -0.1164 -4.1715 0.2927
v  -0.1726 -4.1715 0.2635
v  -0.2227 -4.1715 0.2227
v  -0.2633 -4.1715 0.1728
v  -0.2921 -4.1715 0.1176
v  -0.3091 -4.1715 0.0603
v  0.3150 -4.1715 0.0000
v  0.3091 -4.1715 0.0603
v  0.2921 -4.1715 0.1176
v  0.2633 -4.1715 0.1728
v  0.2227 -4.1715 0.2227
v  0.1726 -4.1715 0.2635
v  0.1164 -4.1715 0.2927
v  0.0578 -4.1715 0.3097
v  0.2635 -4.7591 0.5984
v  0.2927 -4.8155 0.5984
v  0.3095 -4.8741 0.5984
v  -0.2226 -5.1539 0.5984
v  -0.1722 -5.1948 0.5984
v  -0.0000 -5.2461 0.5984
v  0.0573 -5.2408 0.5984
v  0.1722 -5.1948 0.5984
v  0.2927 -5.0472 0.5984
v  0.3095 -4.9886 0.5984
v  -0.3146 -4.9313 1.4583
v  -0.3093 -4.8741 1.4583
v  -0.2633 -4.7592 1.4583
v  -0.2224 -4.7089 1.4583
v  -0.1721 -4.6680 1.4583
v  -0.0572 -4.6220 1.4583
v  -0.0000 -4.6168 1.4583
v  0.1158 -4.6388 1.4583
v  0.2224 -4.7089 1.4583
v  0.2633 -4.7592 1.4583
v  0.2925 -4.8155 1.4583
v  0.3093 -4.8741 1.4583
v  1.3598 -4.9313 2.7773
v  0.3252 -4.9313 1.6811
v  1.0199 -4.9313 2.7162
v  1.1374 -4.9313 2.7456
v  1.3371 -4.6839 2.7773
v  1.1382 -4.1872 2.7773
v  0.5005 -3.6670 2.7773
v  -0.0000 -3.5715 2.7773
v  -0.7441 -3.7932 2.7773
v  -1.2643 -4.4308 2.7773
v  -1.3371 -4.6839 2.7773
v  -1.0199 -4.9313 2.7162
v  -0.6986 -4.9313 2.5481
v  -0.6095 -4.9313 2.4652
v  0.6986 -4.9313 2.5481
v  0.6095 -4.9313 2.4652
v  0.4683 -4.9313 2.2668
v  0.1721 -4.6680 1.4583
v  0.0572 -4.6220 1.4583
v  -0.1158 -4.6388 1.4583
v  -0.2925 -4.8155 1.4583
v  -0.3252 -4.9313 1.6811
v  -0.3366 -4.9313 1.8021
v  -0.3804 -4.9313 2.0410
v  -0.4177 -4.9313 2.1562
v  -0.5993 -4.8204 2.4652
v  0.5993 -4.8204 2.4652
v  0.6869 -4.8042 2.5481
v  -0.6869 -4.8042 2.5481
v  1.1184 -4.7244 2.7456
v  1.0575 -4.5127 2.7456
v  0.9520 -4.3089 2.7456
v  0.8043 -4.1271 2.7456
v  0.6224 -3.9793 2.7456
v  0.4187 -3.8738 2.7456
v  0.2070 -3.8129 2.7456
v  -0.0000 -3.7939 2.7456
v  -0.2070 -3.8129 2.7456
v  -0.4187 -3.8738 2.7456
v  -0.6224 -3.9793 2.7456
v  -0.8043 -4.1271 2.7456
v  -0.9520 -4.3089 2.7456
v  -1.0575 -4.5127 2.7456
v  -1.1184 -4.7244 2.7456
v  0.5236 -4.8344 2.3706
v  0.4605 -4.8461 2.2668
v  0.4108 -4.8553 2.1562
v  0.3741 -4.8621 2.0410
v  0.3483 -4.8669 1.9225
v  0.3310 -4.8701 1.8021
v  0.3198 -4.8722 1.6811
v  0.3024 -4.8116 1.6811
v  0.2722 -4.7534 1.6811
v  0.2299 -4.7014 1.6811
v  0.1779 -4.6591 1.6811
v  0.1197 -4.6290 1.6811
v  0.0592 -4.6116 1.6811
v  -0.0000 -4.6061 1.6811
v  -0.0592 -4.6116 1.6811
v  -0.1197 -4.6290 1.6811
v  -0.1779 -4.6591 1.6811
v  -0.2299 -4.7014 1.6811
v  -0.2722 -4.7534 1.6811
v  -0.3024 -4.8116 1.6811
v  -0.3198 -4.8722 1.6811
v  -0.3310 -4.8701 1.8021
v  -0.3483 -4.8669 1.9225
v  -0.3741 -4.8621 2.0410
v  -0.4108 -4.8553 2.1562
v  -0.4605 -4.8461 2.2668
v  -0.5236 -4.8344 2.3706
v  -0.3130 -4.8074 1.8021
v  -0.3293 -4.8010 1.9225
v  -0.2817 -4.7471 1.8021
v  -0.2964 -4.7375 1.9225
v  -0.2380 -4.6933 1.8021
v  -0.2504 -4.6809 1.9225
v  -0.3537 -4.7913 2.0410
v  -0.3884 -4.7776 2.1562
v  -0.4355 -4.7589 2.2668
v  -0.4951 -4.7353 2.3706
v  -0.3184 -4.7232 2.0410
v  -0.3496 -4.7027 2.1562
v  -0.3920 -4.6750 2.2668
v  -0.4457 -4.6400 2.3706
v  -0.5667 -4.7070 2.4652
v  -0.5101 -4.5978 2.4652
v  -0.2690 -4.6623 2.0410
v  -0.2954 -4.6359 2.1562
v  -0.3312 -4.6002 2.2668
v  -0.3765 -4.5548 2.3706
v  -0.4309 -4.5004 2.4652
v  -0.6496 -4.6742 2.5481
v  -0.7851 -4.7860 2.6178
v  -0.7423 -4.6374 2.6178
v  -0.8912 -4.7664 2.6739
v  -0.8427 -4.5977 2.6739
v  -1.0029 -4.7457 2.7162
v  -0.9483 -4.5559 2.7162
v  -0.5847 -4.5490 2.5481
v  -0.4940 -4.4373 2.5481
v  -0.6683 -4.4944 2.6178
v  -0.7586 -4.4354 2.6739
v  -0.5646 -4.3668 2.6178
v  -0.6409 -4.2904 2.6739
v  -0.8537 -4.3732 2.7162
v  -0.7212 -4.2101 2.7162
v  -0.1842 -4.6496 1.8021
v  -0.1938 -4.6349 1.9225
v  -0.1239 -4.6184 1.8021
v  -0.1304 -4.6020 1.9225
v  -0.0612 -4.6004 1.8021
v  -0.0644 -4.5831 1.9225
v  -0.0000 -4.5947 1.8021
v  -0.0000 -4.5771 1.9225
v  -0.2082 -4.6129 2.0410
v  -0.2286 -4.5817 2.1562
v  -0.2563 -4.5393 2.2668
v  -0.2914 -4.4857 2.3706
v  -0.3335 -4.4212 2.4652
v  -0.1400 -4.5776 2.0410
v  -0.1538 -4.5429 2.1562
v  -0.1724 -4.4959 2.2668
v  -0.1960 -4.4362 2.3706
v  -0.2243 -4.3647 2.4652
v  -0.0692 -4.5573 2.0410
v  -0.0760 -4.5206 2.1562
v  -0.0852 -4.4708 2.2668
v  -0.0969 -4.4077 2.3706
v  -0.0000 -4.5509 2.0410
v  -0.0000 -4.5136 2.1562
v  -0.0000 -4.4630 2.2668
v  -0.0000 -4.3989 2.3706
v  -0.3823 -4.3466 2.5481
v  -0.2572 -4.2818 2.5481
v  -0.4369 -4.2631 2.6178
v  -0.4960 -4.1727 2.6739
v  -0.2939 -4.1890 2.6178
v  -0.3336 -4.0886 2.6739
v  -0.5581 -4.0776 2.7162
v  -0.3754 -3.9830 2.7162
v  -0.1109 -4.3321 2.4652
v  -0.1271 -4.2444 2.5481
v  -0.1453 -4.1463 2.6178
v  -0.0000 -4.3219 2.4652
v  -0.0000 -4.2327 2.5481
v  -0.0000 -4.1329 2.6178
v  -0.1649 -4.0401 2.6739
v  -0.0000 -4.0250 2.6739
v  -0.1856 -3.9284 2.7162
v  -0.0000 -3.9114 2.7162
v  0.0612 -4.6004 1.8021
v  0.0644 -4.5831 1.9225
v  0.1239 -4.6184 1.8021
v  0.1304 -4.6020 1.9225
v  0.1842 -4.6496 1.8021
v  0.1938 -4.6349 1.9225
v  0.2380 -4.6933 1.8021
v  0.2504 -4.6809 1.9225
v  0.0692 -4.5573 2.0410
v  0.0760 -4.5206 2.1562
v  0.0852 -4.4708 2.2668
v  0.0969 -4.4077 2.3706
v  0.1400 -4.5776 2.0410
v  0.1538 -4.5429 2.1562
v  0.1724 -4.4959 2.2668
v  0.1960 -4.4362 2.3706
v  0.2082 -4.6129 2.0410
v  0.2286 -4.5817 2.1562
v  0.2563 -4.5393 2.2668
v  0.2914 -4.4857 2.3706
v  0.2243 -4.3647 2.4652
v  0.3335 -4.4212 2.4652
v  0.2690 -4.6623 2.0410
v  0.2954 -4.6359 2.1562
v  0.3312 -4.6002 2.2668
v  0.3765 -4.5548 2.3706
v  0.4309 -4.5004 2.4652
v  0.1109 -4.3321 2.4652
v  0.1271 -4.2444 2.5481
v  0.1453 -4.1463 2.6178
v  0.2572 -4.2818 2.5481
v  0.2939 -4.1890 2.6178
v  0.1649 -4.0401 2.6739
v  0.3336 -4.0886 2.6739
v  0.1856 -3.9284 2.7162
v  0.3754 -3.9830 2.7162
v  0.3823 -4.3466 2.5481
v  0.4940 -4.4373 2.5481
v  0.4369 -4.2631 2.6178
v  0.4960 -4.1727 2.6739
v  0.5646 -4.3668 2.6178
v  0.6409 -4.2904 2.6739
v  0.5581 -4.0776 2.7162
v  0.7212 -4.2101 2.7162
v  0.2817 -4.7471 1.8021
v  0.2964 -4.7375 1.9225
v  0.3130 -4.8074 1.8021
v  0.3293 -4.8010 1.9225
v  0.3184 -4.7232 2.0410
v  0.3496 -4.7027 2.1562
v  0.3920 -4.6750 2.2668
v  0.4457 -4.6400 2.3706
v  0.5101 -4.5978 2.4652
v  0.3537 -4.7913 2.0410
v  0.3884 -4.7776 2.1562
v  0.4355 -4.7589 2.2668
v  0.4951 -4.7353 2.3706
v  0.5667 -4.7070 2.4652
v  0.5847 -4.5490 2.5481
v  0.6496 -4.6742 2.5481
v  0.6683 -4.4944 2.6178
v  0.7586 -4.4354 2.6739
v  0.7423 -4.6374 2.6178
v  0.8427 -4.5977 2.6739
v  0.8537 -4.3732 2.7162
v  0.9483 -4.5559 2.7162
v  0.7851 -4.7860 2.6178
v  0.8912 -4.7664 2.6739
v  1.0029 -4.7457 2.7162
v  0.5132 -3.6350 2.8164
v  0.2537 -3.5604 2.8164
v  -0.7629 -3.7644 2.8164
v  -0.9858 -3.9455 2.8164
v  -1.1669 -4.1684 2.8164
v  -1.3709 -4.6776 2.8164
v  -1.3914 -4.9313 2.8019
v  -1.1382 -4.1872 2.7773
v  -0.9615 -3.9698 2.7773
v  -0.5005 -3.6670 2.7773
v  -0.2474 -3.5942 2.7773
v  0.2474 -3.5942 2.7773
v  0.7441 -3.7932 2.7773
v  0.9615 -3.9698 2.7773
v  1.2643 -4.4308 2.7773
v  -1.3464 -4.6822 2.7798
v  -1.3596 -4.6797 2.7886
v  -1.3682 -4.6781 2.8019
v  -1.2732 -4.4273 2.7798
v  -1.2856 -4.4224 2.7886
v  -1.2937 -4.4192 2.8019
v  -1.1461 -4.1820 2.7798
v  -1.1573 -4.1747 2.7886
v  -1.1646 -4.1699 2.8019
v  -0.9682 -3.9631 2.7798
v  -0.9777 -3.9536 2.7886
v  -0.9839 -3.9474 2.8019
v  -0.7493 -3.7852 2.7798
v  -0.7566 -3.7741 2.7886
v  -0.7614 -3.7667 2.8019
v  -0.5040 -3.6582 2.7798
v  -0.5089 -3.6458 2.7886
v  -0.5122 -3.6376 2.8019
v  -0.2492 -3.5849 2.7798
v  -0.2516 -3.5718 2.7886
v  -0.2532 -3.5631 2.8019
v  -0.0000 -3.5620 2.7798
v  -0.0000 -3.5487 2.7886
v  -0.0000 -3.5399 2.8019
v  0.2492 -3.5849 2.7798
v  0.2516 -3.5718 2.7886
v  0.2532 -3.5631 2.8019
v  0.5040 -3.6582 2.7798
v  0.5089 -3.6458 2.7886
v  0.5122 -3.6376 2.8019
v  0.7493 -3.7852 2.7798
v  0.7566 -3.7741 2.7886
v  0.7614 -3.7667 2.8019
v  0.9682 -3.9631 2.7798
v  0.9777 -3.9536 2.7886
v  0.9839 -3.9474 2.8019
v  1.1461 -4.1820 2.7798
v  1.1573 -4.1747 2.7886
v  1.1646 -4.1699 2.8019
v  1.2732 -4.4273 2.7798
v  1.2856 -4.4224 2.7886
v  1.2937 -4.4192 2.8019
v  1.3464 -4.6822 2.7798
v  1.3596 -4.6797 2.7886
v  1.3682 -4.6781 2.8019
v  1.3827 -4.9313 2.7886
v  1.3914 -4.9313 2.8019
v  -1.2963 -4.4181 2.8164
v  -0.5132 -3.6350 2.8164
v  -0.2537 -3.5604 2.8164
v  -0.0000 -3.5371 2.8164
v  0.7629 -3.7644 2.8164
v  0.9858 -3.9455 2.8164
v  1.1669 -4.1684 2.8164
v  1.2963 -4.4181 2.8164
v  1.3709 -4.6776 2.8164
v  1.3942 -4.9313 2.8164
v  -0.3093 -4.9886 1.4583
v  -0.2925 -5.0471 1.4583
v  -0.2633 -5.1035 1.4583
v  -0.2224 -5.1538 1.4583
v  -0.1721 -5.1946 1.4583
v  -0.1158 -5.2238 1.4583
v  -0.0572 -5.2407 1.4583
v  -0.0000 -5.2459 1.4583
v  0.0572 -5.2407 1.4583
v  0.1158 -5.2238 1.4583
v  0.1721 -5.1946 1.4583
v  0.2224 -5.1538 1.4583
v  0.2633 -5.1035 1.4583
v  0.2925 -5.0471 1.4583
v  0.3093 -4.9886 1.4583
v  0.3146 -4.9313 1.4583
v  -0.5993 -5.0422 2.4652
v  -0.6869 -5.0584 2.5481
v  0.9064 -4.9313 2.6739
v  0.7984 -4.9313 2.6178
v  0.7851 -5.0766 2.6178
v  0.8912 -5.0962 2.6739
v  1.1184 -5.1383 2.7456
v  1.3371 -5.1788 2.7773
v  -0.3198 -4.9905 1.6811
v  0.3198 -4.9905 1.6811
v  0.6869 -5.0584 2.5481
v  1.0029 -5.1169 2.7162
v  1.0575 -5.3500 2.7456
v  1.2643 -5.4319 2.7773
v  0.9520 -5.5537 2.7456
v  1.1382 -5.6754 2.7773
v  0.8043 -5.7356 2.7456
v  0.9615 -5.8929 2.7773
v  0.6224 -5.8833 2.7456
v  0.7441 -6.0695 2.7773
v  0.4187 -5.9889 2.7456
v  0.5005 -6.1957 2.7773
v  0.2070 -6.0497 2.7456
v  0.2474 -6.2684 2.7773
v  -0.0000 -6.0687 2.7456
v  -0.0000 -6.2911 2.7773
v  -0.2070 -6.0497 2.7456
v  -0.2474 -6.2684 2.7773
v  -0.4187 -5.9889 2.7456
v  -0.5005 -6.1957 2.7773
v  -0.6224 -5.8833 2.7456
v  -0.7441 -6.0695 2.7773
v  -0.8043 -5.7356 2.7456
v  -0.9615 -5.8929 2.7773
v  -0.9520 -5.5537 2.7456
v  -1.1382 -5.6754 2.7773
v  -1.0575 -5.3500 2.7456
v  -1.2643 -5.4319 2.7773
v  -1.1184 -5.1383 2.7456
v  -1.3371 -5.1788 2.7773
v  -1.1374 -4.9313 2.7456
v  -1.3598 -4.9313 2.7773
v  -1.0029 -5.1169 2.7162
v  -0.9064 -4.9313 2.6739
v  -0.8912 -5.0962 2.6739
v  -0.7984 -4.9313 2.6178
v  -0.7851 -5.0766 2.6178
v  0.5993 -5.0422 2.4652
v  0.5325 -4.9313 2.3706
v  0.5236 -5.0282 2.3706
v  0.4605 -5.0165 2.2668
v  0.4177 -4.9313 2.1562
v  0.4108 -5.0073 2.1562
v  0.3804 -4.9313 2.0410
v  0.3741 -5.0005 2.0410
v  0.3542 -4.9313 1.9225
v  0.3483 -4.9958 1.9225
v  0.3366 -4.9313 1.8021
v  0.3310 -4.9926 1.8021
v  0.3024 -5.0510 1.6811
v  0.2722 -5.1093 1.6811
v  0.2299 -5.1613 1.6811
v  0.1779 -5.2035 1.6811
v  0.1197 -5.2337 1.6811
v  0.0592 -5.2511 1.6811
v  -0.0000 -5.2565 1.6811
v  -0.0592 -5.2511 1.6811
v  -0.1197 -5.2337 1.6811
v  -0.1779 -5.2035 1.6811
v  -0.2299 -5.1613 1.6811
v  -0.2722 -5.1093 1.6811
v  -0.3024 -5.0510 1.6811
v  -0.3310 -4.9926 1.8021
v  -0.3542 -4.9313 1.9225
v  -0.3483 -4.9958 1.9225
v  -0.3741 -5.0005 2.0410
v  -0.4108 -5.0073 2.1562
v  -0.4683 -4.9313 2.2668
v  -0.4605 -5.0165 2.2668
v  -0.5325 -4.9313 2.3706
v  -0.5236 -5.0282 2.3706
v  -0.3130 -5.0552 1.8021
v  -0.3293 -5.0617 1.9225
v  -0.2817 -5.1155 1.8021
v  -0.2964 -5.1251 1.9225
v  -0.2380 -5.1693 1.8021
v  -0.2504 -5.1818 1.9225
v  -0.3537 -5.0714 2.0410
v  -0.3884 -5.0851 2.1562
v  -0.4355 -5.1037 2.2668
v  -0.4951 -5.1273 2.3706
v  -0.3184 -5.1395 2.0410
v  -0.3496 -5.1599 2.1562
v  -0.3920 -5.1876 2.2668
v  -0.4457 -5.2227 2.3706
v  -0.5667 -5.1557 2.4652
v  -0.5101 -5.2648 2.4652
v  -0.2690 -5.2003 2.0410
v  -0.2954 -5.2267 2.1562
v  -0.3312 -5.2625 2.2668
v  -0.3765 -5.3078 2.3706
v  -0.4309 -5.3623 2.4652
v  -0.6496 -5.1885 2.5481
v  -0.7423 -5.2252 2.6178
v  -0.8427 -5.2650 2.6739
v  -0.9483 -5.3068 2.7162
v  -0.5847 -5.3136 2.5481
v  -0.6683 -5.3682 2.6178
v  -0.4940 -5.4253 2.5481
v  -0.7586 -5.4273 2.6739
v  -0.5646 -5.4959 2.6178
v  -0.6409 -5.5722 2.6739
v  -0.8537 -5.4894 2.7162
v  -0.7212 -5.6525 2.7162
v  -0.1842 -5.2130 1.8021
v  -0.1938 -5.2278 1.9225
v  -0.1239 -5.2443 1.8021
v  -0.1304 -5.2606 1.9225
v  -0.0612 -5.2623 1.8021
v  -0.0644 -5.2796 1.9225
v  -0.0000 -5.2679 1.8021
v  -0.0000 -5.2855 1.9225
v  -0.2082 -5.2497 2.0410
v  -0.2286 -5.2810 2.1562
v  -0.2563 -5.3233 2.2668
v  -0.2914 -5.3770 2.3706
v  -0.3335 -5.4414 2.4652
v  -0.1400 -5.2850 2.0410
v  -0.1538 -5.3197 2.1562
v  -0.1724 -5.3668 2.2668
v  -0.1960 -5.4264 2.3706
v  -0.2243 -5.4980 2.4652
v  -0.0692 -5.3054 2.0410
v  -0.0760 -5.3421 2.1562
v  -0.0852 -5.3919 2.2668
v  -0.0969 -5.4549 2.3706
v  -0.0000 -5.3117 2.0410
v  -0.0000 -5.3491 2.1562
v  -0.0000 -5.3997 2.2668
v  -0.0000 -5.4638 2.3706
v  -0.3823 -5.5161 2.5481
v  -0.2572 -5.5809 2.5481
v  -0.4369 -5.5996 2.6178
v  -0.4960 -5.6899 2.6739
v  -0.2939 -5.6737 2.6178
v  -0.3336 -5.7740 2.6739
v  -0.5581 -5.7850 2.7162
v  -0.3754 -5.8796 2.7162
v  -0.1109 -5.5306 2.4652
v  -0.1271 -5.6183 2.5481
v  -0.1453 -5.7164 2.6178
v  -0.0000 -5.5408 2.4652
v  -0.0000 -5.6299 2.5481
v  -0.0000 -5.7297 2.6178
v  -0.1649 -5.8226 2.6739
v  -0.0000 -5.8377 2.6739
v  -0.1856 -5.9342 2.7162
v  -0.0000 -5.9513 2.7162
v  0.0612 -5.2623 1.8021
v  0.0644 -5.2796 1.9225
v  0.1239 -5.2443 1.8021
v  0.1304 -5.2606 1.9225
v  0.1842 -5.2130 1.8021
v  0.1938 -5.2278 1.9225
v  0.2380 -5.1693 1.8021
v  0.2504 -5.1818 1.9225
v  0.0692 -5.3054 2.0410
v  0.0760 -5.3421 2.1562
v  0.0852 -5.3919 2.2668
v  0.0969 -5.4549 2.3706
v  0.1400 -5.2850 2.0410
v  0.1538 -5.3197 2.1562
v  0.1724 -5.3668 2.2668
v  0.1960 -5.4264 2.3706
v  0.2082 -5.2497 2.0410
v  0.2286 -5.2810 2.1562
v  0.2563 -5.3233 2.2668
v  0.2914 -5.3770 2.3706
v  0.2243 -5.4980 2.4652
v  0.3335 -5.4414 2.4652
v  0.2690 -5.2003 2.0410
v  0.2954 -5.2267 2.1562
v  0.3312 -5.2625 2.2668
v  0.3765 -5.3078 2.3706
v  0.4309 -5.3623 2.4652
v  0.1109 -5.5306 2.4652
v  0.1271 -5.6183 2.5481
v  0.1453 -5.7164 2.6178
v  0.2572 -5.5809 2.5481
v  0.2939 -5.6737 2.6178
v  0.1649 -5.8226 2.6739
v  0.3336 -5.7740 2.6739
v  0.1856 -5.9342 2.7162
v  0.3754 -5.8796 2.7162
v  0.3823 -5.5161 2.5481
v  0.4369 -5.5996 2.6178
v  0.4940 -5.4253 2.5481
v  0.4960 -5.6899 2.6739
v  0.5646 -5.4959 2.6178
v  0.6409 -5.5722 2.6739
v  0.5581 -5.7850 2.7162
v  0.7212 -5.6525 2.7162
v  0.2817 -5.1155 1.8021
v  0.2964 -5.1251 1.9225
v  0.3130 -5.0552 1.8021
v  0.3293 -5.0617 1.9225
v  0.3184 -5.1395 2.0410
v  0.3496 -5.1599 2.1562
v  0.3920 -5.1876 2.2668
v  0.4457 -5.2227 2.3706
v  0.5101 -5.2648 2.4652
v  0.3537 -5.0714 2.0410
v  0.3884 -5.0851 2.1562
v  0.4355 -5.1037 2.2668
v  0.4951 -5.1273 2.3706
v  0.5667 -5.1557 2.4652
v  0.5847 -5.3136 2.5481
v  0.6496 -5.1885 2.5481
v  0.6683 -5.3682 2.6178
v  0.7586 -5.4273 2.6739
v  0.7423 -5.2252 2.6178
v  0.8427 -5.2650 2.6739
v  0.8537 -5.4894 2.7162
v  0.9483 -5.3068 2.7162
v  1.3709 -5.1850 2.8164
v  1.3682 -5.1845 2.8019
v  1.2963 -5.4445 2.8164
v  1.2937 -5.4435 2.8019
v  1.1669 -5.6942 2.8164
v  1.1646 -5.6927 2.8019
v  0.9858 -5.9172 2.8164
v  0.9839 -5.9152 2.8019
v  0.7629 -6.0983 2.8164
v  0.7614 -6.0959 2.8019
v  0.5132 -6.2276 2.8164
v  0.5122 -6.2251 2.8019
v  0.2537 -6.3022 2.8164
v  0.2532 -6.2995 2.8019
v  -0.0000 -6.3255 2.8164
v  -0.0000 -6.3227 2.8019
v  -0.2537 -6.3022 2.8164
v  -0.2532 -6.2995 2.8019
v  -0.5132 -6.2276 2.8164
v  -0.5122 -6.2251 2.8019
v  -0.7629 -6.0983 2.8164
v  -0.7614 -6.0959 2.8019
v  -0.9858 -5.9172 2.8164
v  -0.9839 -5.9152 2.8019
v  -1.1669 -5.6942 2.8164
v  -1.1646 -5.6927 2.8019
v  -1.2963 -5.4445 2.8164
v  -1.2937 -5.4435 2.8019
v  -1.3709 -5.1850 2.8164
v  -1.3682 -5.1845 2.8019
v  -1.3942 -4.9313 2.8164
v  -1.3596 -5.1829 2.7886
v  -1.3827 -4.9313 2.7886
v  -1.3464 -5.1805 2.7798
v  -1.3693 -4.9313 2.7798
v  -1.2732 -5.4354 2.7798
v  -1.1461 -5.6806 2.7798
v  -0.9682 -5.8996 2.7798
v  -0.7493 -6.0774 2.7798
v  -0.5040 -6.2045 2.7798
v  -0.2492 -6.2778 2.7798
v  -0.0000 -6.3006 2.7798
v  0.2492 -6.2778 2.7798
v  0.5040 -6.2045 2.7798
v  0.7493 -6.0774 2.7798
v  0.9682 -5.8996 2.7798
v  1.1461 -5.6806 2.7798
v  1.2732 -5.4354 2.7798
v  1.3464 -5.1805 2.7798
v  1.3693 -4.9313 2.7798
v  -1.2856 -5.4403 2.7886
v  -1.1573 -5.6879 2.7886
v  -0.9777 -5.9090 2.7886
v  -0.7566 -6.0886 2.7886
v  -0.5089 -6.2169 2.7886
v  -0.2516 -6.2909 2.7886
v  -0.0000 -6.3140 2.7886
v  0.2516 -6.2909 2.7886
v  0.5089 -6.2169 2.7886
v  0.7566 -6.0886 2.7886
v  0.9777 -5.9090 2.7886
v  1.1573 -5.6879 2.7886
v  1.2856 -5.4403 2.7886
v  1.3596 -5.1829 2.7886
v  -0.0000 -4.6166 0.5984
v  -0.3148 -4.9313 0.5984
v  -0.3095 -4.9886 0.5984
v  -0.2635 -5.1036 0.5984
v  0.1722 -4.6679 0.5984
v  0.1159 -4.6387 0.5984
v  0.0590 -4.6220 0.5984
v  0.2226 -4.7088 0.5984
v  -0.1159 -5.2240 0.5984
v  -0.0573 -5.2408 0.5984
v  0.1159 -5.2240 0.5984
v  0.2226 -5.1539 0.5984
v  0.2635 -5.1036 0.5984
v  0.3148 -4.9313 0.5984
v  -1.3321 -4.6849 3.0290
v  -1.3547 -4.9313 3.0290
v  -1.3321 -5.1777 3.0290
v  -1.2596 -5.4299 3.0290
v  -1.1339 -5.6726 3.0290
v  -0.9579 -5.8892 3.0290
v  -0.7413 -6.0652 3.0290
v  -0.4986 -6.1909 3.0290
v  -0.2464 -6.2634 3.0290
v  -0.0000 -6.2860 3.0290
v  0.2464 -6.2634 3.0290
v  0.4986 -6.1909 3.0290
v  0.7412 -6.0652 3.0290
v  0.9579 -5.8892 3.0290
v  1.1339 -5.6726 3.0290
v  1.2596 -5.4299 3.0290
v  1.3321 -5.1777 3.0290
v  1.3547 -4.9313 3.0290
v  1.3321 -4.6849 3.0290
v  1.2596 -4.4328 3.0290
v  1.1339 -4.1901 3.0290
v  0.9579 -3.9734 3.0290
v  0.7413 -3.7975 3.0290
v  0.4986 -3.6717 3.0290
v  0.2464 -3.5992 3.0290
v  -0.0000 -3.5766 3.0290
v  -0.2464 -3.5992 3.0290
v  -0.4986 -3.6717 3.0290
v  -0.7413 -3.7975 3.0290
v  -0.9579 -3.9734 3.0290
v  -1.1339 -4.1901 3.0290
v  -1.2596 -4.4328 3.0290
v  -1.2935 -4.6922 2.9890
v  -1.3154 -4.9313 2.9890
v  -1.2935 -5.1705 2.9890
v  -1.2231 -5.4154 2.9889
v  -1.1011 -5.6511 2.9889
v  -0.9302 -5.8615 2.9889
v  -0.7198 -6.0324 2.9889
v  -0.4841 -6.1545 2.9889
v  -0.2390 -6.2243 2.9896
v  -0.0000 -6.2468 2.9890
v  0.2391 -6.2248 2.9890
v  0.4841 -6.1545 2.9889
v  0.7194 -6.0318 2.9896
v  0.9302 -5.8615 2.9889
v  1.1011 -5.6511 2.9889
v  1.2225 -5.4151 2.9896
v  1.2935 -5.1705 2.9890
v  1.3154 -4.9313 2.9890
v  1.2935 -4.6922 2.9890
v  1.2231 -4.4473 2.9889
v  1.1011 -4.2116 2.9889
v  0.9302 -4.0012 2.9889
v  0.7198 -3.8303 2.9889
v  0.4841 -3.7082 2.9889
v  0.2391 -3.6378 2.9890
v  -0.0000 -3.6159 2.9890
v  -0.2391 -3.6378 2.9890
v  -0.4841 -3.7082 2.9889
v  -0.7198 -3.8303 2.9889
v  -0.9302 -4.0012 2.9891
v  -1.1011 -4.2116 2.9889
v  -1.2231 -4.4473 2.9889
v  -1.3120 -4.6887 3.0231
v  -1.2991 -4.6911 3.0098
v  -1.3342 -4.9313 3.0231
v  -1.3211 -4.9313 3.0098
v  -1.3120 -5.1739 3.0231
v  -1.2991 -5.1715 3.0098
v  -1.2406 -5.4223 3.0231
v  -1.2284 -5.4175 3.0098
v  -1.1168 -5.6614 3.0231
v  -1.1058 -5.6542 3.0098
v  -0.9434 -5.8748 3.0231
v  -0.9341 -5.8655 3.0098
v  -0.7300 -6.0481 3.0231
v  -0.7228 -6.0371 3.0098
v  -0.4910 -6.1719 3.0231
v  -0.4861 -6.1597 3.0098
v  -0.2426 -6.2433 3.0231
v  -0.2402 -6.2304 3.0098
v  -0.0000 -6.2656 3.0231
v  -0.0000 -6.2524 3.0098
v  0.2426 -6.2433 3.0231
v  0.2402 -6.2304 3.0098
v  0.4910 -6.1719 3.0231
v  0.4861 -6.1597 3.0098
v  0.7340 -6.0541 3.0158
v  0.7267 -6.0430 3.0027
v  0.9434 -5.8748 3.0231
v  0.9341 -5.8655 3.0098
v  1.1168 -5.6614 3.0231
v  1.1058 -5.6542 3.0098
v  1.2406 -5.4223 3.0231
v  1.2284 -5.4175 3.0098
v  1.3120 -5.1739 3.0231
v  1.2991 -5.1715 3.0098
v  1.3342 -4.9313 3.0231
v  1.3211 -4.9313 3.0098
v  1.3120 -4.6887 3.0231
v  1.2991 -4.6911 3.0098
v  1.2406 -4.4403 3.0231
v  1.2284 -4.4452 3.0098
v  1.1168 -4.2013 3.0231
v  1.1058 -4.2085 3.0098
v  0.9434 -3.9879 3.0231
v  0.9341 -3.9972 3.0098
v  0.7300 -3.8146 3.0231
v  0.7228 -3.8255 3.0098
v  0.4910 -3.6907 3.0231
v  0.4861 -3.7029 3.0098
v  0.2426 -3.6193 3.0231
v  0.2402 -3.6322 3.0098
v  -0.0000 -3.5971 3.0231
v  -0.0000 -3.6102 3.0098
v  -0.2426 -3.6193 3.0231
v  -0.2402 -3.6322 3.0098
v  -0.4910 -3.6907 3.0231
v  -0.4861 -3.7029 3.0098
v  -0.7300 -3.8146 3.0231
v  -0.7228 -3.8255 3.0098
v  -0.9438 -3.9874 3.0234
v  -0.9338 -3.9973 3.0092
v  -1.1168 -4.2013 3.0231
v  -1.1058 -4.2085 3.0098
v  -1.2406 -4.4403 3.0231
v  -1.2284 -4.4452 3.0098
v  -1.2935 -4.6922 2.8857
v  -1.3154 -4.9313 2.8857
v  -1.2935 -5.1705 2.8857
v  -1.2231 -5.4154 2.8856
v  -1.1011 -5.6511 2.8856
v  -0.9302 -5.8615 2.8856
v  -0.7198 -6.0324 2.8856
v  -0.4841 -6.1545 2.8856
v  -0.2391 -6.2248 2.8861
v  -0.0000 -6.2468 2.8857
v  0.2391 -6.2248 2.8857
v  0.4841 -6.1545 2.8856
v  0.7198 -6.0324 2.8860
v  0.9302 -5.8615 2.8856
v  1.1011 -5.6511 2.8856
v  1.2231 -5.4154 2.8860
v  1.2935 -5.1705 2.8857
v  1.3154 -4.9313 2.8857
v  1.2935 -4.6922 2.8857
v  1.2231 -4.4473 2.8856
v  1.1011 -4.2116 2.8856
v  0.9302 -4.0012 2.8856
v  0.7198 -3.8303 2.8856
v  0.4841 -3.7082 2.8856
v  0.2391 -3.6378 2.8857
v  -0.0000 -3.6159 2.8857
v  -0.2391 -3.6378 2.8857
v  -0.4841 -3.7082 2.8856
v  -0.7198 -3.8303 2.8856
v  -0.9302 -4.0012 2.8858
v  -1.1011 -4.2116 2.8856
v  -1.2231 -4.4473 2.8856
v  -1.2592 -4.6986 2.8466
v  -1.2806 -4.9313 2.8466
v  -1.2592 -5.1640 2.8466
v  -1.1907 -5.4025 2.8466
v  -1.0718 -5.6319 2.8466
v  -0.9054 -5.8367 2.8466
v  -0.7006 -6.0031 2.8466
v  -0.4712 -6.1220 2.8466
v  -0.2327 -6.1906 2.8466
v  0.0000 -6.2119 2.8466
v  0.2327 -6.1906 2.8466
v  0.4711 -6.1220 2.8466
v  0.7006 -6.0032 2.8466
v  0.9054 -5.8367 2.8466
v  1.0718 -5.6319 2.8466
v  1.1908 -5.4025 2.8466
v  1.2592 -5.1640 2.8466
v  1.2806 -4.9313 2.8466
v  1.2592 -4.6986 2.8466
v  1.1907 -4.4602 2.8466
v  1.0718 -4.2307 2.8466
v  0.9054 -4.0259 2.8466
v  0.7006 -3.8595 2.8466
v  0.4711 -3.7406 2.8466
v  0.2327 -3.6721 2.8466
v  -0.0000 -3.6507 2.8466
v  -0.2327 -3.6721 2.8466
v  -0.4711 -3.7406 2.8466
v  -0.7006 -3.8595 2.8466
v  -0.9055 -4.0258 2.8466
v  -1.0718 -4.2307 2.8466
v  -1.1907 -4.4602 2.8466
v  -1.2886 -4.6931 2.8667
v  -1.2772 -4.6952 2.8537
v  -1.3105 -4.9313 2.8667
v  -1.2989 -4.9313 2.8537
v  -1.2886 -5.1696 2.8667
v  -1.2772 -5.1674 2.8537
v  -1.2185 -5.4135 2.8666
v  -1.2077 -5.4092 2.8536
v  -1.0969 -5.6483 2.8666
v  -1.0871 -5.6420 2.8536
v  -0.9266 -5.8580 2.8666
v  -0.9184 -5.8497 2.8536
v  -0.7170 -6.0282 2.8666
v  -0.7106 -6.0185 2.8536
v  -0.4822 -6.1498 2.8666
v  -0.4779 -6.1390 2.8536
v  -0.2382 -6.2200 2.8667
v  -0.2361 -6.2086 2.8537
v  -0.0000 -6.2418 2.8667
v  0.0000 -6.2302 2.8537
v  0.2382 -6.2200 2.8667
v  0.2361 -6.2085 2.8536
v  0.4822 -6.1498 2.8666
v  0.4779 -6.1390 2.8536
v  0.7170 -6.0283 2.8667
v  0.7107 -6.0185 2.8536
v  0.9266 -5.8580 2.8666
v  0.9184 -5.8497 2.8536
v  1.0969 -5.6483 2.8666
v  1.0871 -5.6420 2.8536
v  1.2185 -5.4136 2.8667
v  1.2077 -5.4093 2.8537
v  1.2886 -5.1696 2.8667
v  1.2772 -5.1674 2.8536
v  1.3105 -4.9313 2.8667
v  1.2989 -4.9313 2.8537
v  1.2886 -4.6931 2.8667
v  1.2772 -4.6952 2.8536
v  1.2185 -4.4491 2.8666
v  1.2077 -4.4534 2.8536
v  1.0969 -4.2143 2.8666
v  1.0871 -4.2207 2.8536
v  0.9266 -4.0047 2.8666
v  0.9184 -4.0129 2.8536
v  0.7170 -3.8344 2.8666
v  0.7106 -3.8442 2.8536
v  0.4822 -3.7128 2.8666
v  0.4779 -3.7236 2.8536
v  0.2382 -3.6427 2.8667
v  0.2361 -3.6541 2.8537
v  -0.0000 -3.6208 2.8667
v  -0.0000 -3.6325 2.8537
v  -0.2382 -3.6427 2.8667
v  -0.2361 -3.6541 2.8537
v  -0.4822 -3.7128 2.8666
v  -0.4779 -3.7236 2.8536
v  -0.7170 -3.8344 2.8666
v  -0.7106 -3.8442 2.8536
v  -0.9267 -4.0047 2.8667
v  -0.9185 -4.0129 2.8537
v  -1.0969 -4.2143 2.8666
v  -1.0871 -4.2207 2.8536
v  -1.2185 -4.4491 2.8666
v  -1.2077 -4.4534 2.8536
v  -0.0000 -4.9313 2.8466
v  -1.3709 -4.6776 3.0290
v  -1.3709 -4.6776 3.0190
v  -1.3611 -4.6795 3.0290
v  -1.3942 -4.9313 3.0290
v  -1.3842 -4.9313 3.0290
v  -1.3942 -4.9313 3.0190
v  -1.2963 -4.4181 3.0290
v  -1.2963 -4.4181 3.0190
v  -1.2870 -4.4218 3.0290
v  -1.1669 -4.1684 3.0290
v  -1.1669 -4.1684 3.0190
v  -1.1586 -4.1739 3.0290
v  -0.9858 -3.9455 3.0290
v  -0.9858 -3.9455 3.0190
v  -0.9788 -3.9526 3.0290
v  -0.7629 -3.7644 3.0290
v  -0.7629 -3.7644 3.0190
v  -0.7574 -3.7728 3.0290
v  -0.5132 -3.6350 3.0290
v  -0.5132 -3.6350 3.0190
v  -0.5095 -3.6443 3.0290
v  -0.2537 -3.5604 3.0290
v  -0.2537 -3.5604 3.0190
v  -0.2518 -3.5702 3.0290
v  -0.0000 -3.5371 3.0290
v  -0.0000 -3.5371 3.0190
v  -0.0000 -3.5471 3.0290
v  0.2537 -3.5604 3.0290
v  0.2537 -3.5604 3.0190
v  0.2518 -3.5702 3.0290
v  0.5132 -3.6350 3.0290
v  0.5132 -3.6350 3.0190
v  0.5095 -3.6443 3.0290
v  0.7629 -3.7644 3.0290
v  0.7629 -3.7644 3.0190
v  0.7574 -3.7728 3.0290
v  0.9858 -3.9455 3.0290
v  0.9858 -3.9455 3.0190
v  0.9788 -3.9526 3.0290
v  1.1669 -4.1684 3.0290
v  1.1669 -4.1684 3.0190
v  1.1586 -4.1739 3.0290
v  1.2963 -4.4181 3.0290
v  1.2963 -4.4181 3.0190
v  1.2870 -4.4218 3.0290
v  1.3709 -4.6776 3.0290
v  1.3709 -4.6776 3.0190
v  1.3611 -4.6795 3.0290
v  1.3942 -4.9313 3.0290
v  1.3942 -4.9313 3.0190
v  1.3842 -4.9313 3.0290
v  -1.3709 -5.1850 3.0290
v  -1.3611 -5.1832 3.0290
v  -1.3709 -5.1850 3.0190
v  -1.2963 -5.4445 3.0290
v  -1.2870 -5.4408 3.0290
v  -1.2963 -5.4445 3.0190
v  -1.1669 -5.6942 3.0290
v  -1.1586 -5.6888 3.0290
v  -1.1669 -5.6942 3.0190
v  -0.9858 -5.9172 3.0290
v  -0.9788 -5.9101 3.0290
v  -0.9858 -5.9172 3.0190
v  -0.7629 -6.0983 3.0290
v  -0.7574 -6.0899 3.0290
v  -0.7629 -6.0983 3.0190
v  -0.5132 -6.2276 3.0290
v  -0.5095 -6.2183 3.0290
v  -0.5132 -6.2276 3.0190
v  -0.2537 -6.3022 3.0290
v  -0.2518 -6.2924 3.0290
v  -0.2537 -6.3022 3.0190
v  -0.0000 -6.3255 3.0290
v  -0.0000 -6.3155 3.0290
v  -0.0000 -6.3255 3.0190
v  0.2537 -6.3022 3.0290
v  0.2518 -6.2924 3.0290
v  0.2537 -6.3022 3.0190
v  0.5132 -6.2276 3.0290
v  0.5095 -6.2183 3.0290
v  0.5132 -6.2276 3.0190
v  0.7629 -6.0983 3.0290
v  0.7574 -6.0899 3.0290
v  0.7629 -6.0983 3.0190
v  0.9858 -5.9172 3.0290
v  0.9788 -5.9101 3.0290
v  0.9858 -5.9172 3.0190
v  1.1669 -5.6942 3.0290
v  1.1586 -5.6888 3.0290
v  1.1669 -5.6942 3.0190
v  1.2963 -5.4445 3.0290
v  1.2870 -5.4408 3.0290
v  1.2963 -5.4445 3.0190
v  1.3709 -5.1850 3.0290
v  1.3611 -5.1832 3.0290
v  1.3709 -5.1850 3.0190
v  -0.3106 -4.8189 -0.3421
v  -0.3149 -4.8749 -0.3421
v  -0.3133 -4.8750 -0.4276
v  -0.3034 -4.8198 -0.4275
v  -0.2972 -4.7584 -0.3417
v  -0.2825 -4.7614 -0.4268
v  -0.2716 -4.6918 -0.3404
v  -0.2484 -4.7015 -0.4247
v  -0.2326 -4.6226 -0.3383
v  -0.2026 -4.6461 -0.4206
v  -0.1819 -4.5560 -0.3358
v  -0.1470 -4.5978 -0.4137
v  -0.1217 -4.4953 -0.3332
v  -0.0000 -4.4766 -0.3509
v  -0.0621 -4.4829 -0.3472
v  -0.0764 -4.5628 -0.4118
v  -0.0000 -4.5497 -0.4109
v  -0.3150 -4.8177 -0.0608
v  -0.3150 -4.8742 0.0000
v  -0.3150 -4.8742 -0.0608
v  -0.3150 -4.8177 -0.1857
v  -0.3150 -4.8176 -0.1215
v  -0.3150 -4.8743 -0.1215
v  -0.3150 -4.8743 -0.1857
v  -0.3148 -4.8180 -0.2564
v  -0.3150 -4.8745 -0.2565
v  -0.3150 -4.7540 -0.0608
v  -0.3150 -4.7542 0.0000
v  -0.3147 -4.7542 -0.1858
v  -0.3150 -4.7540 -0.1216
v  -0.3096 -4.7553 -0.2562
v  -0.3150 -4.6797 -0.0610
v  -0.3086 -4.6804 -0.1863
v  -0.3147 -4.6795 -0.1220
v  -0.2945 -4.6837 -0.2560
v  -0.3148 -4.5912 -0.0620
v  -0.3150 -4.5925 0.0000
v  -0.2929 -4.5927 -0.1882
v  -0.3089 -4.5908 -0.1236
v  -0.2665 -4.6004 -0.2569
v  -0.3124 -4.5041 -0.0642
v  -0.3150 -4.5080 0.0000
v  -0.2718 -4.5050 -0.1915
v  -0.2988 -4.5021 -0.1268
v  -0.2268 -4.5139 -0.2613
v  -0.3100 -4.4199 -0.0614
v  -0.3150 -4.4200 0.0000
v  -0.2645 -4.4195 -0.1785
v  -0.2935 -4.4197 -0.1208
v  -0.1154 -4.4202 -0.3039
v  -0.1160 -4.3408 -0.2929
v  -0.1724 -4.3408 -0.2637
v  -0.1733 -4.4201 -0.2727
v  -0.2227 -4.3408 -0.2228
v  -0.2244 -4.4200 -0.2297
v  -0.0580 -4.4201 -0.3210
v  -0.0573 -4.3408 -0.3098
v  -0.3091 -4.3408 -0.0602
v  -0.3150 -4.3408 0.0000
v  -0.2923 -4.3408 -0.1173
v  -0.2635 -4.3408 -0.1726
v  -0.2633 -4.1715 -0.1728
v  -0.2921 -4.1715 -0.1176
v  -0.2227 -4.1715 -0.2227
v  -0.1164 -4.1715 -0.2927
v  -0.1726 -4.1715 -0.2635
v  -0.3091 -4.1715 -0.0603
v  -0.3150 -4.1715 0.0000
v  -0.3108 -4.8745 -0.5104
v  -0.2968 -4.8194 -0.5103
v  -0.2702 -4.7618 -0.5097
v  -0.2312 -4.7084 -0.5080
v  -0.1819 -4.6630 -0.5047
v  -0.1250 -4.6281 -0.4992
v  -0.0628 -4.6069 -0.4975
v  -0.1778 -4.5019 -0.3019
v  -0.0000 -4.5988 -0.4938
v  -0.3095 -4.8741 -0.5984
v  -0.2927 -4.8155 -0.5984
v  -0.2635 -4.7591 -0.5984
v  -0.2226 -4.7088 -0.5984
v  -0.1722 -4.6679 -0.5984
v  -0.1159 -4.6387 -0.5984
v  -0.0590 -4.6220 -0.5984
v  -0.0000 -4.6166 -0.5984
v  -0.0578 -4.1715 -0.3097
v  -0.0000 -4.3408 -0.3150
v  -0.0000 -4.1715 -0.3150
v  -0.0000 -4.4201 -0.3266
v  -0.3150 -4.9310 -0.3420
v  -0.3150 -4.9309 -0.2565
v  -0.3097 -4.9884 -0.3420
v  -0.3098 -4.9883 -0.2565
v  -0.2929 -5.0470 -0.3420
v  -0.2930 -5.0469 -0.2565
v  -0.2637 -5.1035 -0.3420
v  -0.2638 -5.1034 -0.2565
v  -0.2228 -5.1539 -0.3420
v  -0.2229 -5.1538 -0.2565
v  -0.1725 -5.1949 -0.3420
v  -0.1725 -5.1948 -0.2565
v  -0.1160 -5.2241 -0.3420
v  -0.1161 -5.2241 -0.2565
v  -0.0574 -5.2410 -0.3420
v  -0.0574 -5.2410 -0.2565
v  -0.0000 -5.2463 -0.3420
v  -0.0000 -5.2463 -0.2565
v  -0.3150 -4.9307 -0.0608
v  -0.3150 -4.9307 0.0000
v  -0.3150 -4.9309 -0.1857
v  -0.3150 -4.9308 -0.1215
v  -0.3150 -4.9312 -0.5104
v  -0.3148 -4.9313 -0.5984
v  -0.3150 -4.9311 -0.4275
v  -0.3098 -4.9881 -0.0608
v  -0.3098 -4.9880 0.0000
v  -0.3098 -4.9882 -0.1857
v  -0.3098 -4.9881 -0.1215
v  -0.3097 -4.9885 -0.5104
v  -0.3095 -4.9886 -0.5984
v  -0.3097 -4.9885 -0.4275
v  -0.2930 -5.0468 -0.0608
v  -0.2931 -5.0467 0.0000
v  -0.2930 -5.0469 -0.1857
v  -0.2930 -5.0468 -0.1215
v  -0.2929 -5.0472 -0.5104
v  -0.2927 -5.0472 -0.5984
v  -0.2929 -5.0471 -0.4275
v  -0.2639 -5.1033 -0.0608
v  -0.2638 -5.1034 -0.1857
v  -0.2638 -5.1033 -0.1215
v  -0.2637 -5.1036 -0.5104
v  -0.2635 -5.1036 -0.5984
v  -0.2637 -5.1035 -0.4275
v  -0.2230 -5.1537 -0.0608
v  -0.2229 -5.1538 -0.1857
v  -0.2230 -5.1538 -0.1215
v  -0.2228 -5.1540 -0.5104
v  -0.2226 -5.1539 -0.5984
v  -0.2228 -5.1539 -0.4275
v  -0.1726 -5.1948 -0.0608
v  -0.1726 -5.1948 -0.1857
v  -0.1726 -5.1948 -0.1215
v  -0.1724 -5.1949 -0.5104
v  -0.1722 -5.1948 -0.5984
v  -0.1724 -5.1949 -0.4275
v  -0.1161 -5.2241 -0.0608
v  -0.1161 -5.2241 -0.1857
v  -0.1161 -5.2241 -0.1215
v  -0.1160 -5.2242 -0.5104
v  -0.1159 -5.2240 -0.5984
v  -0.1160 -5.2241 -0.4275
v  -0.0574 -5.2410 -0.0608
v  -0.0574 -5.2410 -0.1857
v  -0.0574 -5.2410 -0.1215
v  -0.0573 -5.2410 -0.5104
v  -0.0573 -5.2408 -0.5984
v  -0.0573 -5.2410 -0.4275
v  -0.0000 -5.2463 -0.0608
v  -0.0000 -5.2463 0.0000
v  -0.0000 -5.2463 -0.1857
v  -0.0000 -5.2463 -0.1215
v  -0.0000 -5.2463 -0.5104
v  -0.0000 -5.2461 -0.5984
v  -0.0000 -5.2463 -0.4275
v  0.3106 -4.8189 -0.3421
v  0.3034 -4.8198 -0.4275
v  0.3133 -4.8750 -0.4276
v  0.3149 -4.8749 -0.3421
v  0.2972 -4.7584 -0.3417
v  0.2825 -4.7614 -0.4268
v  0.2716 -4.6918 -0.3404
v  0.2484 -4.7015 -0.4247
v  0.2326 -4.6226 -0.3383
v  0.2026 -4.6461 -0.4206
v  0.1819 -4.5560 -0.3358
v  0.1470 -4.5978 -0.4137
v  0.1217 -4.4953 -0.3332
v  0.0764 -4.5628 -0.4118
v  0.0621 -4.4829 -0.3472
v  0.3150 -4.8177 -0.0608
v  0.3150 -4.8742 -0.0608
v  0.3150 -4.8177 0.0000
v  0.3150 -4.8177 -0.1857
v  0.3150 -4.8743 -0.1857
v  0.3150 -4.8743 -0.1215
v  0.3150 -4.8176 -0.1215
v  0.3148 -4.8180 -0.2564
v  0.3150 -4.8745 -0.2565
v  0.3150 -4.7540 -0.0608
v  0.3150 -4.7542 0.0000
v  0.3147 -4.7542 -0.1858
v  0.3150 -4.7540 -0.1216
v  0.3096 -4.7553 -0.2562
v  0.3150 -4.6797 -0.0610
v  0.3150 -4.6801 0.0000
v  0.3086 -4.6804 -0.1863
v  0.3147 -4.6795 -0.1220
v  0.2945 -4.6837 -0.2560
v  0.3148 -4.5912 -0.0620
v  0.3150 -4.5925 0.0000
v  0.2929 -4.5927 -0.1882
v  0.3089 -4.5908 -0.1236
v  0.2665 -4.6004 -0.2569
v  0.3124 -4.5041 -0.0642
v  0.2718 -4.5050 -0.1915
v  0.2988 -4.5021 -0.1268
v  0.2268 -4.5139 -0.2613
v  0.3100 -4.4199 -0.0614
v  0.2645 -4.4195 -0.1785
v  0.2935 -4.4197 -0.1208
v  0.1154 -4.4202 -0.3039
v  0.1733 -4.4201 -0.2727
v  0.1724 -4.3408 -0.2637
v  0.1160 -4.3408 -0.2929
v  0.2244 -4.4200 -0.2297
v  0.2227 -4.3408 -0.2228
v  0.0573 -4.3408 -0.3098
v  0.0580 -4.4201 -0.3210
v  0.3150 -4.3408 0.0000
v  0.3091 -4.3408 -0.0602
v  0.2923 -4.3408 -0.1173
v  0.2921 -4.1715 -0.1176
v  0.2633 -4.1715 -0.1728
v  0.2635 -4.3408 -0.1726
v  0.2227 -4.1715 -0.2227
v  0.1726 -4.1715 -0.2635
v  0.1164 -4.1715 -0.2927
v  0.3091 -4.1715 -0.0603
v  0.2968 -4.8194 -0.5103
v  0.3108 -4.8745 -0.5104
v  0.2702 -4.7618 -0.5097
v  0.2312 -4.7084 -0.5080
v  0.1819 -4.6630 -0.5047
v  0.1250 -4.6281 -0.4992
v  0.0628 -4.6069 -0.4975
v  0.1778 -4.5019 -0.3019
v  0.2927 -4.8155 -0.5984
v  0.3095 -4.8741 -0.5984
v  0.2635 -4.7591 -0.5984
v  0.2226 -4.7088 -0.5984
v  0.1722 -4.6679 -0.5984
v  0.1159 -4.6387 -0.5984
v  0.0590 -4.6220 -0.5984
v  0.3150 -4.9310 -0.3420
v  0.3150 -4.9309 -0.2565
v  0.3097 -4.9884 -0.3420
v  0.3098 -4.9883 -0.2565
v  0.2929 -5.0470 -0.3420
v  0.2930 -5.0469 -0.2565
v  0.2637 -5.1035 -0.3420
v  0.2638 -5.1034 -0.2565
v  0.2228 -5.1539 -0.3420
v  0.2229 -5.1538 -0.2565
v  0.1725 -5.1949 -0.3420
v  0.1725 -5.1948 -0.2565
v  0.1160 -5.2241 -0.3420
v  0.1161 -5.2241 -0.2565
v  0.0574 -5.2410 -0.3420
v  0.0574 -5.2410 -0.2565
v  0.3150 -4.9307 -0.0608
v  0.3150 -4.9309 -0.1857
v  0.3150 -4.9308 -0.1215
v  0.3148 -4.9313 -0.5984
v  0.3150 -4.9312 -0.5104
v  0.3150 -4.9311 -0.4275
v  0.3098 -4.9881 -0.0608
v  0.3098 -4.9880 0.0000
v  0.3098 -4.9882 -0.1857
v  0.3098 -4.9881 -0.1215
v  0.3095 -4.9886 -0.5984
v  0.3097 -4.9885 -0.5104
v  0.3097 -4.9885 -0.4275
v  0.2930 -5.0468 -0.0608
v  0.2930 -5.0469 -0.1857
v  0.2930 -5.0468 -0.1215
v  0.2927 -5.0472 -0.5984
v  0.2929 -5.0472 -0.5104
v  0.2929 -5.0471 -0.4275
v  0.2639 -5.1033 -0.0608
v  0.2639 -5.1032 0.0000
v  0.2638 -5.1034 -0.1857
v  0.2638 -5.1033 -0.1215
v  0.2635 -5.1036 -0.5984
v  0.2637 -5.1036 -0.5104
v  0.2637 -5.1035 -0.4275
v  0.2230 -5.1537 -0.0608
v  0.2229 -5.1538 -0.1857
v  0.2230 -5.1538 -0.1215
v  0.2226 -5.1539 -0.5984
v  0.2228 -5.1540 -0.5104
v  0.2228 -5.1539 -0.4275
v  0.1726 -5.1948 -0.0608
v  0.1727 -5.1947 0.0000
v  0.1726 -5.1948 -0.1857
v  0.1726 -5.1948 -0.1215
v  0.1722 -5.1948 -0.5984
v  0.1724 -5.1949 -0.5104
v  0.1724 -5.1949 -0.4275
v  0.1161 -5.2241 -0.0608
v  0.1161 -5.2241 -0.1857
v  0.1161 -5.2241 -0.1215
v  0.1159 -5.2240 -0.5984
v  0.1160 -5.2242 -0.5104
v  0.1160 -5.2241 -0.4275
v  0.0574 -5.2410 -0.0608
v  0.0574 -5.2410 0.0000
v  0.0574 -5.2410 -0.1857
v  0.0574 -5.2410 -0.1215
v  0.0573 -5.2408 -0.5984
v  0.0573 -5.2410 -0.5104
v  0.0573 -5.2410 -0.4275
v  0.0578 -4.1715 -0.3097
v  -0.3146 -4.9313 -1.4583
v  -0.3093 -4.8741 -1.4583
v  -0.2925 -4.8155 -1.4583
v  -0.2633 -4.7592 -1.4583
v  -0.2224 -4.7089 -1.4583
v  -0.1721 -4.6680 -1.4583
v  -0.1158 -4.6388 -1.4583
v  -0.0572 -4.6220 -1.4583
v  -0.0000 -4.6168 -1.4583
v  0.0572 -4.6220 -1.4583
v  0.1158 -4.6388 -1.4583
v  0.1721 -4.6680 -1.4583
v  0.2224 -4.7089 -1.4583
v  0.2633 -4.7592 -1.4583
v  0.2925 -4.8155 -1.4583
v  0.3093 -4.8741 -1.4583
v  0.3146 -4.9313 -1.4583
v  -0.5993 -4.8204 -2.4652
v  -0.6095 -4.9313 -2.4652
v  -0.6986 -4.9313 -2.5481
v  -0.6869 -4.8042 -2.5481
v  0.9064 -4.9313 -2.6739
v  0.7984 -4.9313 -2.6178
v  0.7851 -4.7860 -2.6178
v  0.8912 -4.7664 -2.6739
v  1.1374 -4.9313 -2.7456
v  1.1184 -4.7244 -2.7456
v  1.3371 -4.6839 -2.7773
v  1.3598 -4.9313 -2.7773
v  -0.3252 -4.9313 -1.6811
v  -0.3198 -4.8722 -1.6811
v  0.3198 -4.8722 -1.6811
v  0.3252 -4.9313 -1.6811
v  0.6986 -4.9313 -2.5481
v  0.6869 -4.8042 -2.5481
v  1.0199 -4.9313 -2.7162
v  1.0029 -4.7457 -2.7162
v  1.0575 -4.5127 -2.7456
v  1.2643 -4.4308 -2.7773
v  0.9520 -4.3089 -2.7456
v  1.1382 -4.1872 -2.7773
v  0.8043 -4.1271 -2.7456
v  0.9615 -3.9698 -2.7773
v  0.6224 -3.9793 -2.7456
v  0.7441 -3.7932 -2.7773
v  0.4187 -3.8738 -2.7456
v  0.5005 -3.6670 -2.7773
v  0.2070 -3.8129 -2.7456
v  0.2474 -3.5942 -2.7773
v  -0.0000 -3.7939 -2.7456
v  -0.0000 -3.5715 -2.7773
v  -0.2070 -3.8129 -2.7456
v  -0.2474 -3.5942 -2.7773
v  -0.4187 -3.8738 -2.7456
v  -0.5005 -3.6670 -2.7773
v  -0.6224 -3.9793 -2.7456
v  -0.7441 -3.7932 -2.7773
v  -0.8043 -4.1271 -2.7456
v  -0.9615 -3.9698 -2.7773
v  -0.9520 -4.3089 -2.7456
v  -1.1382 -4.1872 -2.7773
v  -1.0575 -4.5127 -2.7456
v  -1.2643 -4.4308 -2.7773
v  -1.1184 -4.7244 -2.7456
v  -1.3371 -4.6839 -2.7773
v  -1.1374 -4.9313 -2.7456
v  -1.3598 -4.9313 -2.7773
v  -1.0199 -4.9313 -2.7162
v  -1.0029 -4.7457 -2.7162
v  -0.9064 -4.9313 -2.6739
v  -0.8912 -4.7664 -2.6739
v  -0.7984 -4.9313 -2.6178
v  -0.7851 -4.7860 -2.6178
v  0.6095 -4.9313 -2.4652
v  0.5993 -4.8204 -2.4652
v  0.5325 -4.9313 -2.3706
v  0.5236 -4.8344 -2.3706
v  0.4683 -4.9313 -2.2668
v  0.4605 -4.8461 -2.2668
v  0.4177 -4.9313 -2.1562
v  0.4108 -4.8553 -2.1562
v  0.3804 -4.9313 -2.0410
v  0.3741 -4.8621 -2.0410
v  0.3542 -4.9313 -1.9225
v  0.3483 -4.8669 -1.9225
v  0.3366 -4.9313 -1.8021
v  0.3310 -4.8701 -1.8021
v  0.3024 -4.8116 -1.6811
v  0.2722 -4.7534 -1.6811
v  0.2299 -4.7014 -1.6811
v  0.1779 -4.6591 -1.6811
v  0.1197 -4.6290 -1.6811
v  0.0592 -4.6116 -1.6811
v  -0.0000 -4.6061 -1.6811
v  -0.0592 -4.6116 -1.6811
v  -0.1197 -4.6290 -1.6811
v  -0.1779 -4.6591 -1.6811
v  -0.2299 -4.7014 -1.6811
v  -0.2722 -4.7534 -1.6811
v  -0.3024 -4.8116 -1.6811
v  -0.3366 -4.9313 -1.8021
v  -0.3310 -4.8701 -1.8021
v  -0.3542 -4.9313 -1.9225
v  -0.3483 -4.8669 -1.9225
v  -0.3804 -4.9313 -2.0410
v  -0.3741 -4.8621 -2.0410
v  -0.4177 -4.9313 -2.1562
v  -0.4108 -4.8553 -2.1562
v  -0.4683 -4.9313 -2.2668
v  -0.4605 -4.8461 -2.2668
v  -0.5325 -4.9313 -2.3706
v  -0.5236 -4.8344 -2.3706
v  -0.3130 -4.8074 -1.8021
v  -0.3293 -4.8010 -1.9225
v  -0.2817 -4.7471 -1.8021
v  -0.2964 -4.7375 -1.9225
v  -0.2380 -4.6933 -1.8021
v  -0.2504 -4.6809 -1.9225
v  -0.3537 -4.7913 -2.0410
v  -0.3884 -4.7776 -2.1562
v  -0.4355 -4.7589 -2.2668
v  -0.4951 -4.7353 -2.3706
v  -0.3184 -4.7232 -2.0410
v  -0.3496 -4.7027 -2.1562
v  -0.3920 -4.6750 -2.2668
v  -0.4457 -4.6400 -2.3706
v  -0.5667 -4.7070 -2.4652
v  -0.5101 -4.5978 -2.4652
v  -0.2690 -4.6623 -2.0410
v  -0.2954 -4.6359 -2.1562
v  -0.3312 -4.6002 -2.2668
v  -0.3765 -4.5548 -2.3706
v  -0.4309 -4.5004 -2.4652
v  -0.6496 -4.6742 -2.5481
v  -0.7423 -4.6374 -2.6178
v  -0.8427 -4.5977 -2.6739
v  -0.9483 -4.5559 -2.7162
v  -0.5847 -4.5490 -2.5481
v  -0.6683 -4.4944 -2.6178
v  -0.4940 -4.4373 -2.5481
v  -0.7586 -4.4354 -2.6739
v  -0.5646 -4.3668 -2.6178
v  -0.6409 -4.2904 -2.6739
v  -0.8537 -4.3732 -2.7162
v  -0.7212 -4.2101 -2.7162
v  -0.1842 -4.6496 -1.8021
v  -0.1938 -4.6349 -1.9225
v  -0.1239 -4.6184 -1.8021
v  -0.1304 -4.6020 -1.9225
v  -0.0612 -4.6004 -1.8021
v  -0.0644 -4.5831 -1.9225
v  -0.0000 -4.5947 -1.8021
v  -0.0000 -4.5771 -1.9225
v  -0.2082 -4.6129 -2.0410
v  -0.2286 -4.5817 -2.1562
v  -0.2563 -4.5393 -2.2668
v  -0.2914 -4.4857 -2.3706
v  -0.3335 -4.4212 -2.4652
v  -0.1400 -4.5776 -2.0410
v  -0.1538 -4.5429 -2.1562
v  -0.1724 -4.4959 -2.2668
v  -0.1960 -4.4362 -2.3706
v  -0.2243 -4.3647 -2.4652
v  -0.0692 -4.5573 -2.0410
v  -0.0760 -4.5206 -2.1562
v  -0.0852 -4.4708 -2.2668
v  -0.0969 -4.4077 -2.3706
v  -0.0000 -4.5509 -2.0410
v  -0.0000 -4.5136 -2.1562
v  -0.0000 -4.4630 -2.2668
v  -0.0000 -4.3989 -2.3706
v  -0.3823 -4.3466 -2.5481
v  -0.2572 -4.2818 -2.5481
v  -0.4369 -4.2631 -2.6178
v  -0.4960 -4.1727 -2.6739
v  -0.2939 -4.1890 -2.6178
v  -0.3336 -4.0886 -2.6739
v  -0.5581 -4.0776 -2.7162
v  -0.3754 -3.9830 -2.7162
v  -0.1109 -4.3321 -2.4652
v  -0.1271 -4.2444 -2.5481
v  -0.1453 -4.1463 -2.6178
v  -0.0000 -4.3219 -2.4652
v  -0.0000 -4.2327 -2.5481
v  -0.0000 -4.1329 -2.6178
v  -0.1649 -4.0401 -2.6739
v  -0.0000 -4.0250 -2.6739
v  -0.1856 -3.9284 -2.7162
v  -0.0000 -3.9114 -2.7162
v  0.0612 -4.6004 -1.8021
v  0.0644 -4.5831 -1.9225
v  0.1239 -4.6184 -1.8021
v  0.1304 -4.6020 -1.9225
v  0.1842 -4.6496 -1.8021
v  0.1938 -4.6349 -1.9225
v  0.2380 -4.6933 -1.8021
v  0.2504 -4.6809 -1.9225
v  0.0692 -4.5573 -2.0410
v  0.0760 -4.5206 -2.1562
v  0.0852 -4.4708 -2.2668
v  0.0969 -4.4077 -2.3706
v  0.1400 -4.5776 -2.0410
v  0.1538 -4.5429 -2.1562
v  0.1724 -4.4959 -2.2668
v  0.1960 -4.4362 -2.3706
v  0.2082 -4.6129 -2.0410
v  0.2286 -4.5817 -2.1562
v  0.2563 -4.5393 -2.2668
v  0.2914 -4.4857 -2.3706
v  0.2243 -4.3647 -2.4652
v  0.3335 -4.4212 -2.4652
v  0.2690 -4.6623 -2.0410
v  0.2954 -4.6359 -2.1562
v  0.3312 -4.6002 -2.2668
v  0.3765 -4.5548 -2.3706
v  0.4309 -4.5004 -2.4652
v  0.1109 -4.3321 -2.4652
v  0.1271 -4.2444 -2.5481
v  0.1453 -4.1463 -2.6178
v  0.2572 -4.2818 -2.5481
v  0.2939 -4.1890 -2.6178
v  0.1649 -4.0401 -2.6739
v  0.3336 -4.0886 -2.6739
v  0.1856 -3.9284 -2.7162
v  0.3754 -3.9830 -2.7162
v  0.3823 -4.3466 -2.5481
v  0.4369 -4.2631 -2.6178
v  0.4940 -4.4373 -2.5481
v  0.4960 -4.1727 -2.6739
v  0.5646 -4.3668 -2.6178
v  0.6409 -4.2904 -2.6739
v  0.5581 -4.0776 -2.7162
v  0.7212 -4.2101 -2.7162
v  0.2817 -4.7471 -1.8021
v  0.2964 -4.7375 -1.9225
v  0.3130 -4.8074 -1.8021
v  0.3293 -4.8010 -1.9225
v  0.3184 -4.7232 -2.0410
v  0.3496 -4.7027 -2.1562
v  0.3920 -4.6750 -2.2668
v  0.4457 -4.6400 -2.3706
v  0.5101 -4.5978 -2.4652
v  0.3537 -4.7913 -2.0410
v  0.3884 -4.7776 -2.1562
v  0.4355 -4.7589 -2.2668
v  0.4951 -4.7353 -2.3706
v  0.5667 -4.7070 -2.4652
v  0.5847 -4.5490 -2.5481
v  0.6496 -4.6742 -2.5481
v  0.6683 -4.4944 -2.6178
v  0.7586 -4.4354 -2.6739
v  0.7423 -4.6374 -2.6178
v  0.8427 -4.5977 -2.6739
v  0.8537 -4.3732 -2.7162
v  0.9483 -4.5559 -2.7162
v  1.3709 -4.6776 -2.8164
v  1.3942 -4.9313 -2.8164
v  1.3914 -4.9313 -2.8019
v  1.3682 -4.6781 -2.8019
v  1.2963 -4.4181 -2.8164
v  1.2937 -4.4192 -2.8019
v  1.1669 -4.1684 -2.8164
v  1.1646 -4.1699 -2.8019
v  0.9858 -3.9455 -2.8164
v  0.9839 -3.9474 -2.8019
v  0.7629 -3.7644 -2.8164
v  0.7614 -3.7667 -2.8019
v  0.5132 -3.6350 -2.8164
v  0.5122 -3.6376 -2.8019
v  0.2537 -3.5604 -2.8164
v  0.2532 -3.5631 -2.8019
v  -0.0000 -3.5371 -2.8164
v  -0.0000 -3.5399 -2.8019
v  -0.2537 -3.5604 -2.8164
v  -0.2532 -3.5631 -2.8019
v  -0.5132 -3.6350 -2.8164
v  -0.5122 -3.6376 -2.8019
v  -0.7629 -3.7644 -2.8164
v  -0.7614 -3.7667 -2.8019
v  -0.9858 -3.9455 -2.8164
v  -0.9839 -3.9474 -2.8019
v  -1.1669 -4.1684 -2.8164
v  -1.1646 -4.1699 -2.8019
v  -1.2963 -4.4181 -2.8164
v  -1.2937 -4.4192 -2.8019
v  -1.3709 -4.6776 -2.8164
v  -1.3682 -4.6781 -2.8019
v  -1.3942 -4.9313 -2.8164
v  -1.3914 -4.9313 -2.8019
v  -1.3596 -4.6797 -2.7886
v  -1.3827 -4.9313 -2.7886
v  -1.3464 -4.6822 -2.7798
v  -1.3693 -4.9313 -2.7798
v  -1.2732 -4.4273 -2.7798
v  -1.1461 -4.1820 -2.7798
v  -0.9682 -3.9631 -2.7798
v  -0.7493 -3.7852 -2.7798
v  -0.5040 -3.6582 -2.7798
v  -0.2492 -3.5849 -2.7798
v  -0.0000 -3.5620 -2.7798
v  0.2492 -3.5849 -2.7798
v  0.5040 -3.6582 -2.7798
v  0.7493 -3.7852 -2.7798
v  0.9682 -3.9631 -2.7798
v  1.1461 -4.1820 -2.7798
v  1.2732 -4.4273 -2.7798
v  1.3464 -4.6822 -2.7798
v  1.3693 -4.9313 -2.7798
v  -1.2856 -4.4224 -2.7886
v  -1.1573 -4.1747 -2.7886
v  -0.9777 -3.9536 -2.7886
v  -0.7566 -3.7741 -2.7886
v  -0.5089 -3.6458 -2.7886
v  -0.2516 -3.5718 -2.7886
v  -0.0000 -3.5487 -2.7886
v  0.2516 -3.5718 -2.7886
v  0.5089 -3.6458 -2.7886
v  0.7566 -3.7741 -2.7886
v  0.9777 -3.9536 -2.7886
v  1.1573 -4.1747 -2.7886
v  1.2856 -4.4224 -2.7886
v  1.3596 -4.6797 -2.7886
v  1.3827 -4.9313 -2.7886
v  -1.3709 -4.6776 -3.0190
v  -1.3942 -4.9313 -3.0190
v  -1.2963 -4.4181 -3.0190
v  -1.1669 -4.1684 -3.0190
v  -0.9858 -3.9455 -3.0190
v  -0.7629 -3.7644 -3.0190
v  -0.5132 -3.6350 -3.0190
v  -0.2537 -3.5604 -3.0190
v  -0.0000 -3.5371 -3.0190
v  0.2537 -3.5604 -3.0190
v  0.5132 -3.6350 -3.0190
v  0.7629 -3.7644 -3.0190
v  0.9858 -3.9455 -3.0190
v  1.1669 -4.1684 -3.0190
v  1.2963 -4.4181 -3.0190
v  1.3709 -4.6776 -3.0190
v  1.3942 -4.9313 -3.0190
v  -0.3093 -4.9886 -1.4583
v  -0.2925 -5.0471 -1.4583
v  -0.2633 -5.1035 -1.4583
v  -0.2224 -5.1538 -1.4583
v  -0.1721 -5.1946 -1.4583
v  -0.1158 -5.2238 -1.4583
v  -0.0572 -5.2407 -1.4583
v  -0.0000 -5.2459 -1.4583
v  0.0572 -5.2407 -1.4583
v  0.1158 -5.2238 -1.4583
v  0.1721 -5.1946 -1.4583
v  0.2224 -5.1538 -1.4583
v  0.2633 -5.1035 -1.4583
v  0.2925 -5.0471 -1.4583
v  0.3093 -4.9886 -1.4583
v  -0.5993 -5.0422 -2.4652
v  -0.6869 -5.0584 -2.5481
v  0.8912 -5.0962 -2.6739
v  0.7851 -5.0766 -2.6178
v  1.3371 -5.1788 -2.7773
v  1.1184 -5.1383 -2.7456
v  -0.3198 -4.9905 -1.6811
v  0.3198 -4.9905 -1.6811
v  0.6869 -5.0584 -2.5481
v  1.0029 -5.1169 -2.7162
v  1.0575 -5.3500 -2.7456
v  1.2643 -5.4319 -2.7773
v  0.9520 -5.5537 -2.7456
v  1.1382 -5.6754 -2.7773
v  0.8043 -5.7356 -2.7456
v  0.9615 -5.8929 -2.7773
v  0.6224 -5.8833 -2.7456
v  0.7441 -6.0695 -2.7773
v  0.4187 -5.9889 -2.7456
v  0.5005 -6.1957 -2.7773
v  0.2070 -6.0497 -2.7456
v  0.2474 -6.2684 -2.7773
v  -0.0000 -6.0687 -2.7456
v  -0.0000 -6.2911 -2.7773
v  -0.2070 -6.0497 -2.7456
v  -0.2474 -6.2684 -2.7773
v  -0.4187 -5.9889 -2.7456
v  -0.5005 -6.1957 -2.7773
v  -0.6224 -5.8833 -2.7456
v  -0.7441 -6.0695 -2.7773
v  -0.8043 -5.7356 -2.7456
v  -0.9615 -5.8929 -2.7773
v  -0.9520 -5.5537 -2.7456
v  -1.1382 -5.6754 -2.7773
v  -1.0575 -5.3500 -2.7456
v  -1.2643 -5.4319 -2.7773
v  -1.1184 -5.1383 -2.7456
v  -1.3371 -5.1788 -2.7773
v  -1.0029 -5.1169 -2.7162
v  -0.8912 -5.0962 -2.6739
v  -0.7851 -5.0766 -2.6178
v  0.5993 -5.0422 -2.4652
v  0.5236 -5.0282 -2.3706
v  0.4605 -5.0165 -2.2668
v  0.4108 -5.0073 -2.1562
v  0.3741 -5.0005 -2.0410
v  0.3483 -4.9958 -1.9225
v  0.3310 -4.9926 -1.8021
v  0.3024 -5.0510 -1.6811
v  0.2722 -5.1093 -1.6811
v  0.2299 -5.1613 -1.6811
v  0.1779 -5.2035 -1.6811
v  0.1197 -5.2337 -1.6811
v  0.0592 -5.2511 -1.6811
v  -0.0000 -5.2565 -1.6811
v  -0.0592 -5.2511 -1.6811
v  -0.1197 -5.2337 -1.6811
v  -0.1779 -5.2035 -1.6811
v  -0.2299 -5.1613 -1.6811
v  -0.2722 -5.1093 -1.6811
v  -0.3024 -5.0510 -1.6811
v  -0.3310 -4.9926 -1.8021
v  -0.3483 -4.9958 -1.9225
v  -0.3741 -5.0005 -2.0410
v  -0.4108 -5.0073 -2.1562
v  -0.4605 -5.0165 -2.2668
v  -0.5236 -5.0282 -2.3706
v  -0.3130 -5.0552 -1.8021
v  -0.3293 -5.0617 -1.9225
v  -0.2817 -5.1155 -1.8021
v  -0.2964 -5.1251 -1.9225
v  -0.2380 -5.1693 -1.8021
v  -0.2504 -5.1818 -1.9225
v  -0.3537 -5.0714 -2.0410
v  -0.3884 -5.0851 -2.1562
v  -0.4355 -5.1037 -2.2668
v  -0.4951 -5.1273 -2.3706
v  -0.3184 -5.1395 -2.0410
v  -0.3496 -5.1599 -2.1562
v  -0.3920 -5.1876 -2.2668
v  -0.4457 -5.2227 -2.3706
v  -0.5101 -5.2648 -2.4652
v  -0.5667 -5.1557 -2.4652
v  -0.2690 -5.2003 -2.0410
v  -0.2954 -5.2267 -2.1562
v  -0.3312 -5.2625 -2.2668
v  -0.3765 -5.3078 -2.3706
v  -0.4309 -5.3623 -2.4652
v  -0.6496 -5.1885 -2.5481
v  -0.7423 -5.2252 -2.6178
v  -0.8427 -5.2650 -2.6739
v  -0.9483 -5.3068 -2.7162
v  -0.5847 -5.3136 -2.5481
v  -0.6683 -5.3682 -2.6178
v  -0.4940 -5.4253 -2.5481
v  -0.7586 -5.4273 -2.6739
v  -0.5646 -5.4959 -2.6178
v  -0.6409 -5.5722 -2.6739
v  -0.8537 -5.4894 -2.7162
v  -0.7212 -5.6525 -2.7162
v  -0.1842 -5.2130 -1.8021
v  -0.1938 -5.2278 -1.9225
v  -0.1239 -5.2443 -1.8021
v  -0.1304 -5.2606 -1.9225
v  -0.0612 -5.2623 -1.8021
v  -0.0644 -5.2796 -1.9225
v  -0.0000 -5.2679 -1.8021
v  -0.0000 -5.2855 -1.9225
v  -0.2082 -5.2497 -2.0410
v  -0.2286 -5.2810 -2.1562
v  -0.2563 -5.3233 -2.2668
v  -0.2914 -5.3770 -2.3706
v  -0.3335 -5.4414 -2.4652
v  -0.1400 -5.2850 -2.0410
v  -0.1538 -5.3197 -2.1562
v  -0.1724 -5.3668 -2.2668
v  -0.1960 -5.4264 -2.3706
v  -0.2243 -5.4980 -2.4652
v  -0.0692 -5.3054 -2.0410
v  -0.0760 -5.3421 -2.1562
v  -0.0852 -5.3919 -2.2668
v  -0.0969 -5.4549 -2.3706
v  -0.0000 -5.3117 -2.0410
v  -0.0000 -5.3491 -2.1562
v  -0.0000 -5.3997 -2.2668
v  -0.0000 -5.4638 -2.3706
v  -0.3823 -5.5161 -2.5481
v  -0.2572 -5.5809 -2.5481
v  -0.4369 -5.5996 -2.6178
v  -0.4960 -5.6899 -2.6739
v  -0.2939 -5.6737 -2.6178
v  -0.3336 -5.7740 -2.6739
v  -0.5581 -5.7850 -2.7162
v  -0.3754 -5.8796 -2.7162
v  -0.1109 -5.5306 -2.4652
v  -0.1271 -5.6183 -2.5481
v  -0.1453 -5.7164 -2.6178
v  -0.0000 -5.5408 -2.4652
v  -0.0000 -5.6299 -2.5481
v  -0.0000 -5.7297 -2.6178
v  -0.1649 -5.8226 -2.6739
v  -0.0000 -5.8377 -2.6739
v  -0.1856 -5.9342 -2.7162
v  -0.0000 -5.9513 -2.7162
v  0.0612 -5.2623 -1.8021
v  0.0644 -5.2796 -1.9225
v  0.1239 -5.2443 -1.8021
v  0.1304 -5.2606 -1.9225
v  0.1842 -5.2130 -1.8021
v  0.1938 -5.2278 -1.9225
v  0.2380 -5.1693 -1.8021
v  0.2504 -5.1818 -1.9225
v  0.0692 -5.3054 -2.0410
v  0.0760 -5.3421 -2.1562
v  0.0852 -5.3919 -2.2668
v  0.0969 -5.4549 -2.3706
v  0.1400 -5.2850 -2.0410
v  0.1538 -5.3197 -2.1562
v  0.1724 -5.3668 -2.2668
v  0.1960 -5.4264 -2.3706
v  0.2082 -5.2497 -2.0410
v  0.2286 -5.2810 -2.1562
v  0.2563 -5.3233 -2.2668
v  0.2914 -5.3770 -2.3706
v  0.3335 -5.4414 -2.4652
v  0.2243 -5.4980 -2.4652
v  0.2690 -5.2003 -2.0410
v  0.2954 -5.2267 -2.1562
v  0.3312 -5.2625 -2.2668
v  0.3765 -5.3078 -2.3706
v  0.4309 -5.3623 -2.4652
v  0.1109 -5.5306 -2.4652
v  0.1271 -5.6183 -2.5481
v  0.1453 -5.7164 -2.6178
v  0.2572 -5.5809 -2.5481
v  0.2939 -5.6737 -2.6178
v  0.1649 -5.8226 -2.6739
v  0.3336 -5.7740 -2.6739
v  0.1856 -5.9342 -2.7162
v  0.3754 -5.8796 -2.7162
v  0.3823 -5.5161 -2.5481
v  0.4369 -5.5996 -2.6178
v  0.4940 -5.4253 -2.5481
v  0.4960 -5.6899 -2.6739
v  0.5646 -5.4959 -2.6178
v  0.6409 -5.5722 -2.6739
v  0.5581 -5.7850 -2.7162
v  0.7212 -5.6525 -2.7162
v  0.2817 -5.1155 -1.8021
v  0.2964 -5.1251 -1.9225
v  0.3130 -5.0552 -1.8021
v  0.3293 -5.0617 -1.9225
v  0.3184 -5.1395 -2.0410
v  0.3496 -5.1599 -2.1562
v  0.3920 -5.1876 -2.2668
v  0.4457 -5.2227 -2.3706
v  0.5101 -5.2648 -2.4652
v  0.3537 -5.0714 -2.0410
v  0.3884 -5.0851 -2.1562
v  0.4355 -5.1037 -2.2668
v  0.4951 -5.1273 -2.3706
v  0.5667 -5.1557 -2.4652
v  0.5847 -5.3136 -2.5481
v  0.6496 -5.1885 -2.5481
v  0.6683 -5.3682 -2.6178
v  0.7586 -5.4273 -2.6739
v  0.7423 -5.2252 -2.6178
v  0.8427 -5.2650 -2.6739
v  0.8537 -5.4894 -2.7162
v  0.9483 -5.3068 -2.7162
v  1.3709 -5.1850 -2.8164
v  1.3682 -5.1845 -2.8019
v  1.2963 -5.4445 -2.8164
v  1.2937 -5.4435 -2.8019
v  1.1669 -5.6942 -2.8164
v  1.1646 -5.6927 -2.8019
v  0.9858 -5.9172 -2.8164
v  0.9839 -5.9152 -2.8019
v  0.7629 -6.0983 -2.8164
v  0.7614 -6.0959 -2.8019
v  0.5132 -6.2276 -2.8164
v  0.5122 -6.2251 -2.8019
v  0.2537 -6.3022 -2.8164
v  0.2532 -6.2995 -2.8019
v  -0.0000 -6.3255 -2.8164
v  -0.0000 -6.3227 -2.8019
v  -0.2537 -6.3022 -2.8164
v  -0.2532 -6.2995 -2.8019
v  -0.5132 -6.2276 -2.8164
v  -0.5122 -6.2251 -2.8019
v  -0.7629 -6.0983 -2.8164
v  -0.7614 -6.0959 -2.8019
v  -0.9858 -5.9172 -2.8164
v  -0.9839 -5.9152 -2.8019
v  -1.1669 -5.6942 -2.8164
v  -1.1646 -5.6927 -2.8019
v  -1.2963 -5.4445 -2.8164
v  -1.2937 -5.4435 -2.8019
v  -1.3709 -5.1850 -2.8164
v  -1.3682 -5.1845 -2.8019
v  -1.3596 -5.1829 -2.7886
v  -1.3464 -5.1805 -2.7798
v  -1.2732 -5.4354 -2.7798
v  -1.1461 -5.6806 -2.7798
v  -0.9682 -5.8996 -2.7798
v  -0.7493 -6.0774 -2.7798
v  -0.5040 -6.2045 -2.7798
v  -0.2492 -6.2778 -2.7798
v  -0.0000 -6.3006 -2.7798
v  0.2492 -6.2778 -2.7798
v  0.5040 -6.2045 -2.7798
v  0.7493 -6.0774 -2.7798
v  0.9682 -5.8996 -2.7798
v  1.1461 -5.6806 -2.7798
v  1.2732 -5.4354 -2.7798
v  1.3464 -5.1805 -2.7798
v  -1.2856 -5.4403 -2.7886
v  -1.1573 -5.6879 -2.7886
v  -0.9777 -5.9090 -2.7886
v  -0.7566 -6.0886 -2.7886
v  -0.5089 -6.2169 -2.7886
v  -0.2516 -6.2909 -2.7886
v  -0.0000 -6.3140 -2.7886
v  0.2516 -6.2909 -2.7886
v  0.5089 -6.2169 -2.7886
v  0.7566 -6.0886 -2.7886
v  0.9777 -5.9090 -2.7886
v  1.1573 -5.6879 -2.7886
v  1.2856 -5.4403 -2.7886
v  1.3596 -5.1829 -2.7886
v  -1.3709 -5.1850 -3.0190
v  -1.2963 -5.4445 -3.0190
v  -1.1669 -5.6942 -3.0190
v  -0.9858 -5.9172 -3.0190
v  -0.7629 -6.0983 -3.0190
v  -0.5132 -6.2276 -3.0190
v  -0.2537 -6.3022 -3.0190
v  -0.0000 -6.3255 -3.0190
v  0.2537 -6.3022 -3.0190
v  0.5132 -6.2276 -3.0190
v  0.7629 -6.0983 -3.0190
v  0.9858 -5.9172 -3.0190
v  1.1669 -5.6942 -3.0190
v  1.2963 -5.4445 -3.0190
v  1.3709 -5.1850 -3.0190
v  -1.3611 -4.6795 -3.0290
v  -1.3842 -4.9313 -3.0290
v  -1.3547 -4.9313 -3.0290
v  -1.3321 -4.6849 -3.0290
v  -1.3611 -5.1832 -3.0290
v  -1.3321 -5.1777 -3.0290
v  -1.2870 -5.4408 -3.0290
v  -1.2596 -5.4299 -3.0290
v  -1.1586 -5.6888 -3.0290
v  -1.1339 -5.6726 -3.0290
v  -0.9788 -5.9101 -3.0290
v  -0.9579 -5.8892 -3.0290
v  -0.7574 -6.0899 -3.0290
v  -0.7413 -6.0652 -3.0290
v  -0.5095 -6.2183 -3.0290
v  -0.4986 -6.1909 -3.0290
v  -0.2518 -6.2924 -3.0290
v  -0.2464 -6.2634 -3.0290
v  -0.0000 -6.3155 -3.0290
v  -0.0000 -6.2860 -3.0290
v  0.2518 -6.2924 -3.0290
v  0.2464 -6.2634 -3.0290
v  0.5095 -6.2183 -3.0290
v  0.4986 -6.1909 -3.0290
v  0.7574 -6.0899 -3.0290
v  0.7412 -6.0652 -3.0290
v  0.9788 -5.9101 -3.0290
v  0.9579 -5.8892 -3.0290
v  1.1586 -5.6888 -3.0290
v  1.1339 -5.6726 -3.0290
v  1.2870 -5.4408 -3.0290
v  1.2596 -5.4299 -3.0290
v  1.3611 -5.1832 -3.0290
v  1.3321 -5.1777 -3.0290
v  1.3842 -4.9313 -3.0290
v  1.3547 -4.9313 -3.0290
v  1.3611 -4.6795 -3.0290
v  1.3321 -4.6849 -3.0290
v  1.2870 -4.4218 -3.0290
v  1.2596 -4.4328 -3.0290
v  1.1586 -4.1739 -3.0290
v  1.1339 -4.1901 -3.0290
v  0.9788 -3.9526 -3.0290
v  0.9579 -3.9734 -3.0290
v  0.7574 -3.7728 -3.0290
v  0.7413 -3.7975 -3.0290
v  0.5095 -3.6443 -3.0290
v  0.4986 -3.6717 -3.0290
v  0.2518 -3.5702 -3.0290
v  0.2464 -3.5992 -3.0290
v  -0.0000 -3.5471 -3.0290
v  -0.0000 -3.5766 -3.0290
v  -0.2518 -3.5702 -3.0290
v  -0.2464 -3.5992 -3.0290
v  -0.5095 -3.6443 -3.0290
v  -0.4986 -3.6717 -3.0290
v  -0.7574 -3.7728 -3.0290
v  -0.7413 -3.7975 -3.0290
v  -0.9788 -3.9526 -3.0290
v  -0.9579 -3.9734 -3.0290
v  -1.1586 -4.1739 -3.0290
v  -1.1339 -4.1901 -3.0290
v  -1.2870 -4.4218 -3.0290
v  -1.2596 -4.4328 -3.0290
v  -1.3342 -4.9313 -3.0231
v  -1.3211 -4.9313 -3.0098
v  -1.2991 -4.6911 -3.0098
v  -1.3120 -4.6887 -3.0231
v  -1.3120 -5.1739 -3.0231
v  -1.2991 -5.1715 -3.0098
v  -1.2406 -5.4223 -3.0231
v  -1.2284 -5.4175 -3.0098
v  -1.1168 -5.6614 -3.0231
v  -1.1058 -5.6542 -3.0098
v  -0.9434 -5.8748 -3.0231
v  -0.9341 -5.8655 -3.0098
v  -0.7300 -6.0481 -3.0231
v  -0.7228 -6.0371 -3.0098
v  -0.4910 -6.1719 -3.0231
v  -0.4861 -6.1597 -3.0098
v  -0.2426 -6.2433 -3.0231
v  -0.2402 -6.2304 -3.0098
v  -0.0000 -6.2656 -3.0231
v  -0.0000 -6.2524 -3.0098
v  0.2426 -6.2433 -3.0231
v  0.2402 -6.2304 -3.0098
v  0.4910 -6.1719 -3.0231
v  0.4861 -6.1597 -3.0098
v  0.7340 -6.0541 -3.0158
v  0.7267 -6.0430 -3.0027
v  0.9434 -5.8748 -3.0231
v  0.9341 -5.8655 -3.0098
v  1.1168 -5.6614 -3.0231
v  1.1058 -5.6542 -3.0098
v  1.2406 -5.4223 -3.0231
v  1.2284 -5.4175 -3.0098
v  1.3120 -5.1739 -3.0231
v  1.2991 -5.1715 -3.0098
v  1.3342 -4.9313 -3.0231
v  1.3211 -4.9313 -3.0098
v  1.3120 -4.6887 -3.0231
v  1.2991 -4.6911 -3.0098
v  1.2406 -4.4403 -3.0231
v  1.2284 -4.4452 -3.0098
v  1.1168 -4.2013 -3.0231
v  1.1058 -4.2085 -3.0098
v  0.9434 -3.9879 -3.0231
v  0.9341 -3.9972 -3.0098
v  0.7300 -3.8146 -3.0231
v  0.7228 -3.8255 -3.0098
v  0.4910 -3.6907 -3.0231
v  0.4861 -3.7029 -3.0098
v  0.2426 -3.6193 -3.0231
v  0.2402 -3.6322 -3.0098
v  -0.0000 -3.5971 -3.0231
v  -0.0000 -3.6102 -3.0098
v  -0.2426 -3.6193 -3.0231
v  -0.2402 -3.6322 -3.0098
v  -0.4910 -3.6907 -3.0231
v  -0.4861 -3.7029 -3.0098
v  -0.7300 -3.8146 -3.0231
v  -0.7228 -3.8255 -3.0098
v  -0.9438 -3.9874 -3.0234
v  -0.9338 -3.9973 -3.0092
v  -1.1168 -4.2013 -3.0231
v  -1.1058 -4.2085 -3.0098
v  -1.2406 -4.4403 -3.0231
v  -1.2284 -4.4452 -3.0098
v  -1.3154 -4.9313 -2.9890
v  -1.2935 -4.6922 -2.9890
v  -1.2935 -5.1705 -2.9890
v  -1.2231 -5.4154 -2.9889
v  -1.1011 -5.6511 -2.9889
v  -0.9302 -5.8615 -2.9889
v  -0.7198 -6.0324 -2.9889
v  -0.4841 -6.1545 -2.9889
v  -0.2390 -6.2243 -2.9896
v  -0.0000 -6.2468 -2.9890
v  0.2391 -6.2248 -2.9890
v  0.4841 -6.1545 -2.9889
v  0.7194 -6.0318 -2.9896
v  0.9302 -5.8615 -2.9889
v  1.1011 -5.6511 -2.9889
v  1.2225 -5.4151 -2.9896
v  1.2935 -5.1705 -2.9890
v  1.3154 -4.9313 -2.9890
v  1.2935 -4.6922 -2.9890
v  1.2231 -4.4473 -2.9889
v  1.1011 -4.2116 -2.9889
v  0.9302 -4.0012 -2.9889
v  0.7198 -3.8303 -2.9889
v  0.4841 -3.7082 -2.9889
v  0.2391 -3.6378 -2.9890
v  -0.0000 -3.6159 -2.9890
v  -0.2391 -3.6378 -2.9890
v  -0.4841 -3.7082 -2.9889
v  -0.7198 -3.8303 -2.9889
v  -0.9302 -4.0012 -2.9891
v  -1.1011 -4.2116 -2.9889
v  -1.2231 -4.4473 -2.9889
v  -1.3154 -4.9313 -2.8857
v  -1.2935 -4.6922 -2.8857
v  -1.2935 -5.1705 -2.8857
v  -1.2231 -5.4154 -2.8856
v  -1.1011 -5.6511 -2.8856
v  -0.9302 -5.8615 -2.8856
v  -0.7198 -6.0324 -2.8856
v  -0.4841 -6.1545 -2.8856
v  -0.2391 -6.2248 -2.8861
v  -0.0000 -6.2468 -2.8857
v  0.2391 -6.2248 -2.8857
v  0.4841 -6.1545 -2.8856
v  0.7198 -6.0324 -2.8860
v  0.9302 -5.8615 -2.8856
v  1.1011 -5.6511 -2.8856
v  1.2231 -5.4154 -2.8860
v  1.2935 -5.1705 -2.8857
v  1.3154 -4.9313 -2.8857
v  1.2935 -4.6922 -2.8857
v  1.2231 -4.4473 -2.8856
v  1.1011 -4.2116 -2.8856
v  0.9302 -4.0012 -2.8856
v  0.7198 -3.8303 -2.8856
v  0.4841 -3.7082 -2.8856
v  0.2391 -3.6378 -2.8857
v  -0.0000 -3.6159 -2.8857
v  -0.2391 -3.6378 -2.8857
v  -0.4841 -3.7082 -2.8856
v  -0.7198 -3.8303 -2.8856
v  -0.9302 -4.0012 -2.8858
v  -1.1011 -4.2116 -2.8856
v  -1.2231 -4.4473 -2.8856
v  -1.3105 -4.9313 -2.8667
v  -1.2989 -4.9313 -2.8537
v  -1.2772 -4.6952 -2.8537
v  -1.2886 -4.6931 -2.8667
v  -1.2886 -5.1696 -2.8667
v  -1.2772 -5.1674 -2.8537
v  -1.2185 -5.4135 -2.8666
v  -1.2077 -5.4092 -2.8536
v  -1.0969 -5.6483 -2.8666
v  -1.0871 -5.6420 -2.8536
v  -0.9266 -5.8580 -2.8666
v  -0.9184 -5.8497 -2.8536
v  -0.7170 -6.0282 -2.8666
v  -0.7106 -6.0185 -2.8536
v  -0.4822 -6.1498 -2.8666
v  -0.4779 -6.1390 -2.8536
v  -0.2382 -6.2200 -2.8667
v  -0.2361 -6.2086 -2.8537
v  -0.0000 -6.2418 -2.8667
v  0.0000 -6.2302 -2.8537
v  0.2382 -6.2200 -2.8667
v  0.2361 -6.2085 -2.8536
v  0.4822 -6.1498 -2.8666
v  0.4779 -6.1390 -2.8536
v  0.7170 -6.0283 -2.8667
v  0.7107 -6.0185 -2.8536
v  0.9266 -5.8580 -2.8666
v  0.9184 -5.8497 -2.8536
v  1.0969 -5.6483 -2.8666
v  1.0871 -5.6420 -2.8536
v  1.2185 -5.4136 -2.8667
v  1.2077 -5.4093 -2.8537
v  1.2886 -5.1696 -2.8667
v  1.2772 -5.1674 -2.8536
v  1.3105 -4.9313 -2.8667
v  1.2989 -4.9313 -2.8537
v  1.2886 -4.6931 -2.8667
v  1.2772 -4.6952 -2.8536
v  1.2185 -4.4491 -2.8666
v  1.2077 -4.4534 -2.8536
v  1.0969 -4.2143 -2.8666
v  1.0871 -4.2207 -2.8536
v  0.9266 -4.0047 -2.8666
v  0.9184 -4.0129 -2.8536
v  0.7170 -3.8344 -2.8666
v  0.7106 -3.8442 -2.8536
v  0.4822 -3.7128 -2.8666
v  0.4779 -3.7236 -2.8536
v  0.2382 -3.6427 -2.8667
v  0.2361 -3.6541 -2.8537
v  -0.0000 -3.6208 -2.8667
v  -0.0000 -3.6325 -2.8537
v  -0.2382 -3.6427 -2.8667
v  -0.2361 -3.6541 -2.8537
v  -0.4822 -3.7128 -2.8666
v  -0.4779 -3.7236 -2.8536
v  -0.7170 -3.8344 -2.8666
v  -0.7106 -3.8442 -2.8536
v  -0.9267 -4.0047 -2.8667
v  -0.9185 -4.0129 -2.8537
v  -1.0969 -4.2143 -2.8666
v  -1.0871 -4.2207 -2.8536
v  -1.2185 -4.4491 -2.8666
v  -1.2077 -4.4534 -2.8536
v  -1.2806 -4.9313 -2.8466
v  -1.2592 -4.6986 -2.8466
v  -1.2592 -5.1640 -2.8466
v  -1.1907 -5.4025 -2.8466
v  -1.0718 -5.6319 -2.8466
v  -0.9054 -5.8367 -2.8466
v  -0.7006 -6.0031 -2.8466
v  -0.4712 -6.1220 -2.8466
v  -0.2327 -6.1906 -2.8466
v  0.0000 -6.2119 -2.8466
v  0.2327 -6.1906 -2.8466
v  0.4711 -6.1220 -2.8466
v  0.7006 -6.0032 -2.8466
v  0.9054 -5.8367 -2.8466
v  1.0718 -5.6319 -2.8466
v  1.1908 -5.4025 -2.8466
v  1.2592 -5.1640 -2.8466
v  1.2806 -4.9313 -2.8466
v  1.2592 -4.6986 -2.8466
v  1.1907 -4.4602 -2.8466
v  1.0718 -4.2307 -2.8466
v  0.9054 -4.0259 -2.8466
v  0.7006 -3.8595 -2.8466
v  0.4711 -3.7406 -2.8466
v  0.2327 -3.6721 -2.8466
v  -0.0000 -3.6507 -2.8466
v  -0.2327 -3.6721 -2.8466
v  -0.4711 -3.7406 -2.8466
v  -0.7006 -3.8595 -2.8466
v  -0.9055 -4.0258 -2.8466
v  -1.0718 -4.2307 -2.8466
v  -1.1907 -4.4602 -2.8466
v  -0.0000 -4.9313 -2.8466
v  -1.3942 -4.9313 -3.0290
v  -1.3709 -4.6776 -3.0290
v  -1.2963 -4.4181 -3.0290
v  -1.1669 -4.1684 -3.0290
v  -0.9858 -3.9455 -3.0290
v  -0.7629 -3.7644 -3.0290
v  -0.5132 -3.6350 -3.0290
v  -0.2537 -3.5604 -3.0290
v  -0.0000 -3.5371 -3.0290
v  0.2537 -3.5604 -3.0290
v  0.5132 -3.6350 -3.0290
v  0.7629 -3.7644 -3.0290
v  0.9858 -3.9455 -3.0290
v  1.1669 -4.1684 -3.0290
v  1.2963 -4.4181 -3.0290
v  1.3709 -4.6776 -3.0290
v  1.3942 -4.9313 -3.0290
v  -1.3709 -5.1850 -3.0290
v  -1.2963 -5.4445 -3.0290
v  -1.1669 -5.6942 -3.0290
v  -0.9858 -5.9172 -3.0290
v  -0.7629 -6.0983 -3.0290
v  -0.5132 -6.2276 -3.0290
v  -0.2537 -6.3022 -3.0290
v  -0.0000 -6.3255 -3.0290
v  0.2537 -6.3022 -3.0290
v  0.5132 -6.2276 -3.0290
v  0.7629 -6.0983 -3.0290
v  0.9858 -5.9172 -3.0290
v  1.1669 -5.6942 -3.0290
v  1.2963 -5.4445 -3.0290
v  1.3709 -5.1850 -3.0290
v  -1.2229 -4.8776 3.0008
v  -1.7404 -4.8545 3.3034
v  -2.1926 -4.8343 3.7115
v  -2.5498 -4.8184 4.2011
v  -2.7946 -4.8075 4.7386
v  -2.9242 -4.8017 5.2879
v  -2.9485 -4.8006 5.8203
v  -2.8734 -4.8039 6.3633
v  -2.6868 -4.8123 6.9111
v  -2.3845 -4.8258 7.4291
v  -1.9768 -4.8440 7.8818
v  -1.4877 -4.8658 8.2393
v  -0.9508 -4.8897 8.4844
v  -0.4019 -4.9142 8.6141
v  -1.1918 -4.6528 3.0008
v  -1.6961 -4.5344 3.3034
v  -1.1144 -4.4260 3.0008
v  -1.5860 -4.2115 3.3034
v  -0.9892 -4.2115 3.0008
v  -1.4076 -3.9062 3.3034
v  -0.8202 -4.0241 3.0008
v  -1.1671 -3.6393 3.3034
v  -0.6175 -3.8761 3.0008
v  -0.8785 -3.4286 3.3034
v  -0.3950 -3.7746 3.0008
v  -0.5617 -3.2841 3.3034
v  -0.1675 -3.7209 3.0008
v  -0.2378 -3.2077 3.3034
v  -2.1368 -4.4310 3.7115
v  -2.4849 -4.3492 4.2011
v  -2.7234 -4.2933 4.7386
v  -2.8497 -4.2636 5.2879
v  -1.9980 -4.0241 3.7115
v  -2.3235 -3.8761 4.2011
v  -1.7733 -3.6393 3.7115
v  -2.0621 -3.4286 4.2011
v  -2.5465 -3.7746 4.7386
v  -2.6646 -3.7209 5.2879
v  -2.2601 -3.2841 4.7386
v  -2.3648 -3.2077 5.2879
v  -1.4701 -3.3031 3.7115
v  -1.7095 -3.0376 4.2011
v  -1.1065 -3.0376 3.7115
v  -1.2866 -2.7287 4.2011
v  -1.8736 -2.8556 4.7386
v  -1.9605 -2.7592 5.2879
v  -1.4100 -2.5170 4.7386
v  -1.4754 -2.4050 5.2879
v  -0.7073 -2.8556 3.7115
v  -0.8223 -2.5170 4.2011
v  -0.2993 -2.7592 3.7115
v  -0.3478 -2.4050 4.2011
v  -0.9012 -2.2850 4.7386
v  -0.9429 -2.1622 5.2879
v  -0.3810 -2.1622 4.7386
v  -0.3986 -2.0337 5.2879
v  0.0528 -3.7109 3.0008
v  0.0759 -3.1933 3.3034
v  0.2777 -3.7420 3.0008
v  0.3961 -3.2376 3.3034
v  0.5045 -3.8193 3.0008
v  0.7189 -3.3478 3.3034
v  0.7189 -3.9446 3.0008
v  1.0243 -3.5261 3.3034
v  0.9063 -4.1136 3.0008
v  1.2911 -3.7667 3.3034
v  1.0544 -4.3163 3.0008
v  1.5019 -4.0553 3.3034
v  1.1558 -4.5388 3.0008
v  1.6463 -4.3721 3.3034
v  1.2095 -4.7662 3.0008
v  1.7227 -4.6959 3.3034
v  0.0961 -2.7411 3.7115
v  0.1121 -2.3839 4.2011
v  0.4995 -2.7970 3.7115
v  0.5812 -2.4489 4.2011
v  0.1230 -2.1391 4.7386
v  0.1288 -2.0096 5.2879
v  0.6372 -2.2103 4.7386
v  0.6668 -2.0841 5.2879
v  0.9063 -2.9357 3.7115
v  1.0544 -2.6102 4.2011
v  1.2911 -3.1605 3.7115
v  1.5019 -2.8716 4.2011
v  1.1558 -2.3872 4.7386
v  1.2095 -2.2691 5.2879
v  1.6463 -2.6737 4.7386
v  1.7227 -2.5689 5.2879
v  1.6273 -3.4636 3.7115
v  1.8929 -3.2242 4.2011
v  1.8929 -3.8273 3.7115
v  2.2018 -3.6471 4.2011
v  2.0749 -3.0601 4.7386
v  2.1712 -2.9733 5.2879
v  2.4134 -3.5237 4.7386
v  2.5255 -3.4584 5.2879
v  2.0749 -4.2265 3.7115
v  2.4134 -4.1114 4.2011
v  2.1712 -4.6345 3.7115
v  2.5255 -4.5860 4.2011
v  2.6454 -4.0326 4.7386
v  2.7682 -3.9908 5.2879
v  2.7682 -4.5527 4.7386
v  2.8967 -4.5351 5.2879
v  -2.8734 -4.2581 5.8203
v  -2.8002 -4.2752 6.3633
v  -2.6184 -4.3179 6.9111
v  -2.3238 -4.3871 7.4291
v  -2.6868 -3.7109 5.8203
v  -2.6184 -3.7420 6.3633
v  -2.3845 -3.1933 5.8203
v  -2.3238 -3.2376 6.3633
v  -2.4483 -3.8193 6.9111
v  -2.1729 -3.9446 7.4291
v  -2.1729 -3.3478 6.9111
v  -1.9285 -3.5261 7.4291
v  -1.9768 -2.7411 5.8203
v  -1.9264 -2.7970 6.3633
v  -1.4877 -2.3839 5.8203
v  -1.4498 -2.4489 6.3633
v  -1.8013 -2.9357 6.9111
v  -1.5988 -3.1605 7.4291
v  -1.3557 -2.6102 6.9111
v  -1.2033 -2.8716 7.4291
v  -0.9508 -2.1391 5.8203
v  -0.9266 -2.2103 6.3633
v  -0.4019 -2.0096 5.8203
v  -0.3917 -2.0841 6.3633
v  -0.8665 -2.3872 6.9111
v  -0.7691 -2.6737 7.4291
v  -0.3664 -2.2691 6.9111
v  -0.3253 -2.5689 7.4291
v  -1.9264 -4.4803 7.8818
v  -1.4498 -4.5922 8.2393
v  -0.9266 -4.7150 8.4844
v  -0.3917 -4.8405 8.6141
v  -1.8013 -4.1136 7.8818
v  -1.3557 -4.3163 8.2393
v  -1.5988 -3.7667 7.8818
v  -1.2033 -4.0553 8.2393
v  -0.8665 -4.5388 8.4844
v  -0.3664 -4.7662 8.6141
v  -0.7691 -4.3721 8.4844
v  -0.3253 -4.6959 8.6141
v  -1.3255 -3.4636 7.8818
v  -0.9976 -3.8273 8.2393
v  -0.9976 -3.2242 7.8818
v  -0.7510 -3.6471 8.2393
v  -0.6378 -4.2265 8.4844
v  -0.2699 -4.6345 8.6141
v  -0.4803 -4.1114 8.4844
v  -0.2035 -4.5860 8.6141
v  -0.6378 -3.0601 7.8818
v  -0.4803 -3.5237 8.2393
v  -0.2699 -2.9733 7.8818
v  -0.2035 -3.4584 8.2393
v  -0.3073 -4.0326 8.4844
v  -0.1306 -4.5527 8.6141
v  -0.1306 -3.9908 8.4844
v  -0.0560 -4.5351 8.6141
v  0.1298 -1.9852 5.8203
v  0.1265 -2.0603 6.3633
v  0.6724 -2.0603 5.8203
v  0.6552 -2.1335 6.3633
v  0.1182 -2.2470 6.9111
v  0.1047 -2.5492 7.4291
v  0.6125 -2.3154 6.9111
v  0.5434 -2.6100 7.4291
v  1.2196 -2.2470 5.8203
v  1.1885 -2.3154 6.3633
v  1.7371 -2.5492 5.8203
v  1.6928 -2.6100 6.3633
v  1.1111 -2.4855 6.9111
v  0.9859 -2.7609 7.4291
v  1.5827 -2.7609 6.9111
v  1.4043 -3.0053 7.4291
v  2.1893 -2.9570 5.8203
v  2.1335 -3.0073 6.3633
v  2.5465 -3.4461 5.8203
v  2.4816 -3.4840 6.3633
v  1.9947 -3.1324 6.9111
v  1.7700 -3.3350 7.4291
v  2.3202 -3.5781 6.9111
v  2.0588 -3.7305 7.4291
v  2.7913 -3.9830 5.8203
v  2.7201 -4.0072 6.3633
v  2.9209 -4.5318 5.8203
v  2.8464 -4.5420 6.3633
v  2.5432 -4.0673 6.9111
v  2.2568 -4.1646 7.4291
v  2.6613 -4.5674 6.9111
v  2.3615 -4.6084 7.4291
v  0.0865 -2.9570 7.8818
v  0.0647 -3.4461 8.2393
v  0.4501 -3.0073 7.8818
v  0.3382 -3.4840 8.2393
v  0.0407 -3.9830 8.4844
v  0.0162 -4.5318 8.6141
v  0.2154 -4.0072 8.4844
v  0.0899 -4.5420 8.6141
v  0.8169 -3.1324 7.8818
v  0.6142 -3.5781 8.2393
v  1.1637 -3.3350 7.8818
v  0.8751 -3.7305 8.2393
v  0.3917 -4.0673 8.4844
v  0.1642 -4.5674 8.6141
v  0.5583 -4.1646 8.4844
v  0.2345 -4.6084 8.6141
v  1.4668 -3.6083 7.8818
v  1.1032 -3.9361 8.2393
v  1.7062 -3.9361 7.8818
v  1.2833 -4.1828 8.2393
v  0.7040 -4.2960 8.4844
v  0.2959 -4.6638 8.6141
v  0.8190 -4.4535 8.4844
v  0.3445 -4.7303 8.6141
v  1.8703 -4.2960 7.8818
v  1.4067 -4.4535 8.2393
v  1.9571 -4.6638 7.8818
v  1.4721 -4.7303 8.2393
v  0.8979 -4.6264 8.4844
v  0.3777 -4.8032 8.6141
v  0.9396 -4.8032 8.4844
v  0.3953 -4.8777 8.6141
v  1.2196 -4.9866 3.0008
v  1.7371 -5.0097 3.3034
v  1.1885 -5.2114 3.0008
v  1.6928 -5.3298 3.3034
v  1.1111 -5.4382 3.0008
v  1.5827 -5.6527 3.3034
v  0.9859 -5.6527 3.0008
v  1.4043 -5.9580 3.3034
v  0.8169 -5.8401 3.0008
v  1.1637 -6.2249 3.3034
v  0.6142 -5.9881 3.0008
v  0.8751 -6.4356 3.3034
v  0.3917 -6.0896 3.0008
v  0.5583 -6.5801 3.3034
v  0.1642 -6.1433 3.0008
v  0.2345 -6.6565 3.3034
v  2.1893 -5.0299 3.7115
v  2.5465 -5.0458 4.2011
v  2.1335 -5.4332 3.7115
v  2.4816 -5.5150 4.2011
v  2.7913 -5.0567 4.7386
v  2.9209 -5.0625 5.2879
v  2.7201 -5.5709 4.7386
v  2.8464 -5.6006 5.2879
v  1.9947 -5.8401 3.7115
v  2.3202 -5.9881 4.2011
v  1.7700 -6.2249 3.7115
v  2.0588 -6.4356 4.2011
v  2.5432 -6.0896 4.7386
v  2.6613 -6.1433 5.2879
v  2.2568 -6.5801 4.7386
v  2.3615 -6.6565 5.2879
v  1.4668 -6.5611 3.7115
v  1.7062 -6.8266 4.2011
v  1.1032 -6.8266 3.7115
v  1.2833 -7.1355 4.2011
v  1.8703 -7.0086 4.7386
v  1.9571 -7.1050 5.2879
v  1.4067 -7.3472 4.7386
v  1.4721 -7.4592 5.2879
v  0.7040 -7.0086 3.7115
v  0.8190 -7.3472 4.2011
v  0.2959 -7.1050 3.7115
v  0.3445 -7.4592 4.2011
v  0.8979 -7.5792 4.7386
v  0.9396 -7.7020 5.2879
v  0.3777 -7.7020 4.7386
v  0.3953 -7.8305 5.2879
v  -0.0562 -6.1533 3.0008
v  -0.0793 -6.6709 3.3034
v  -0.2810 -6.1222 3.0008
v  -0.3994 -6.6266 3.3034
v  -0.5078 -6.0449 3.0008
v  -0.7222 -6.5164 3.3034
v  -0.7222 -5.9196 3.0008
v  -1.0276 -6.3381 3.3034
v  -0.9096 -5.7506 3.0008
v  -1.2944 -6.0975 3.3034
v  -1.0577 -5.5479 3.0008
v  -1.5052 -5.8089 3.3034
v  -1.1591 -5.3254 3.0008
v  -1.6496 -5.4921 3.3034
v  -1.2128 -5.0980 3.0008
v  -1.7261 -5.1683 3.3034
v  -0.0994 -7.1231 3.7115
v  -0.1154 -7.4803 4.2011
v  -0.5028 -7.0672 3.7115
v  -0.5845 -7.4153 4.2011
v  -0.1263 -7.7251 4.7386
v  -0.1321 -7.8546 5.2879
v  -0.6405 -7.6539 4.7386
v  -0.6701 -7.7801 5.2879
v  -0.9096 -6.9285 3.7115
v  -1.0577 -7.2540 4.2011
v  -1.2944 -6.7037 3.7115
v  -1.5052 -6.9926 4.2011
v  -1.1591 -7.4770 4.7386
v  -1.2128 -7.5951 5.2879
v  -1.6496 -7.1905 4.7386
v  -1.7261 -7.2953 5.2879
v  -1.6306 -6.4006 3.7115
v  -1.8962 -6.6400 4.2011
v  -1.8962 -6.0369 3.7115
v  -2.2051 -6.2171 4.2011
v  -2.0782 -6.8041 4.7386
v  -2.1745 -6.8909 5.2879
v  -2.4167 -6.3405 4.7386
v  -2.5288 -6.4058 5.2879
v  -2.0782 -5.6377 3.7115
v  -2.4167 -5.7528 4.2011
v  -2.1745 -5.2297 3.7115
v  -2.5288 -5.2782 4.2011
v  -2.6487 -5.8316 4.7386
v  -2.7715 -5.8734 5.2879
v  -2.7715 -5.3115 4.7386
v  -2.9000 -5.3291 5.2879
v  2.9452 -5.0636 5.8203
v  2.8701 -5.0603 6.3633
v  2.8701 -5.6061 5.8203
v  2.7969 -5.5890 6.3633
v  2.6835 -5.0519 6.9111
v  2.3812 -5.0384 7.4291
v  2.6150 -5.5463 6.9111
v  2.3205 -5.4771 7.4291
v  2.6835 -6.1533 5.8203
v  2.6150 -6.1222 6.3633
v  2.3812 -6.6709 5.8203
v  2.3205 -6.6266 6.3633
v  2.4450 -6.0449 6.9111
v  2.1696 -5.9196 7.4291
v  2.1696 -6.5164 6.9111
v  1.9252 -6.3381 7.4291
v  1.9735 -7.1231 5.8203
v  1.9231 -7.0672 6.3633
v  1.4843 -7.4803 5.8203
v  1.4465 -7.4153 6.3633
v  1.7980 -6.9285 6.9111
v  1.5954 -6.7037 7.4291
v  1.3524 -7.2540 6.9111
v  1.1999 -6.9926 7.4291
v  0.9474 -7.7251 5.8203
v  0.9233 -7.6539 6.3633
v  0.3986 -7.8546 5.8203
v  0.3884 -7.7801 6.3633
v  0.8631 -7.4770 6.9111
v  0.7658 -7.1905 7.4291
v  0.3631 -7.5951 6.9111
v  0.3220 -7.2953 7.4291
v  1.9735 -5.0202 7.8818
v  1.4843 -4.9984 8.2393
v  1.9231 -5.3839 7.8818
v  1.4465 -5.2720 8.2393
v  0.9474 -4.9745 8.4844
v  0.3986 -4.9500 8.6141
v  0.9233 -5.1492 8.4844
v  0.3884 -5.0237 8.6141
v  1.7980 -5.7506 7.8818
v  1.3524 -5.5479 8.2393
v  1.5954 -6.0975 7.8818
v  1.1999 -5.8089 8.2393
v  0.8631 -5.3254 8.4844
v  0.3631 -5.0980 8.6141
v  0.7658 -5.4921 8.4844
v  0.3220 -5.1683 8.6141
v  1.3221 -6.4006 7.8818
v  0.9943 -6.0369 8.2393
v  0.9943 -6.6400 7.8818
v  0.7477 -6.2171 8.2393
v  0.6345 -5.6377 8.4844
v  0.2666 -5.2297 8.6141
v  0.4769 -5.7528 8.4844
v  0.2002 -5.2782 8.6141
v  0.6345 -6.8041 7.8818
v  0.4769 -6.3405 8.2393
v  0.2666 -6.8909 7.8818
v  0.2002 -6.4058 8.2393
v  0.3040 -5.8316 8.4844
v  0.1273 -5.3115 8.6141
v  0.1273 -5.8734 8.4844
v  0.0527 -5.3291 8.6141
v  -0.1332 -7.8790 5.8203
v  -0.1298 -7.8039 6.3633
v  -0.6757 -7.8039 5.8203
v  -0.6585 -7.7307 6.3633
v  -0.1215 -7.6172 6.9111
v  -0.1080 -7.3150 7.4291
v  -0.6158 -7.5488 6.9111
v  -0.5467 -7.2542 7.4291
v  -1.2229 -7.6172 5.8203
v  -1.1918 -7.5488 6.3633
v  -1.7404 -7.3150 5.8203
v  -1.6961 -7.2542 6.3633
v  -1.1144 -7.3787 6.9111
v  -0.9892 -7.1033 7.4291
v  -1.5860 -7.1033 6.9111
v  -1.4076 -6.8589 7.4291
v  -2.1926 -6.9072 5.8203
v  -2.1368 -6.8569 6.3633
v  -2.5498 -6.4181 5.8203
v  -2.4849 -6.3802 6.3633
v  -1.9980 -6.7318 6.9111
v  -1.7733 -6.5292 7.4291
v  -2.3235 -6.2861 6.9111
v  -2.0621 -6.1337 7.4291
v  -2.7946 -5.8812 5.8203
v  -2.7234 -5.8570 6.3633
v  -2.9242 -5.3324 5.8203
v  -2.8497 -5.3222 6.3633
v  -2.5465 -5.7969 6.9111
v  -2.2601 -5.6996 7.4291
v  -2.6646 -5.2968 6.9111
v  -2.3648 -5.2558 7.4291
v  -0.0898 -6.9072 7.8818
v  -0.0680 -6.4181 8.2393
v  -0.4534 -6.8569 7.8818
v  -0.3416 -6.3802 8.2393
v  -0.0440 -5.8812 8.4844
v  -0.0195 -5.3324 8.6141
v  -0.2187 -5.8570 8.4844
v  -0.0932 -5.3222 8.6141
v  -0.8202 -6.7318 7.8818
v  -0.6175 -6.2861 8.2393
v  -1.1671 -6.5292 7.8818
v  -0.8785 -6.1337 8.2393
v  -0.3950 -5.7969 8.4844
v  -0.1675 -5.2968 8.6141
v  -0.5617 -5.6996 8.4844
v  -0.2378 -5.2558 8.6141
v  -1.4701 -6.2559 7.8818
v  -1.1065 -5.9281 8.2393
v  -1.7095 -5.9281 7.8818
v  -1.2866 -5.6814 8.2393
v  -0.7073 -5.5682 8.4844
v  -0.2993 -5.2004 8.6141
v  -0.8223 -5.4107 8.4844
v  -0.3478 -5.1339 8.6141
v  -1.8736 -5.5682 7.8818
v  -1.4100 -5.4107 8.2393
v  -1.9605 -5.2004 7.8818
v  -1.4754 -5.1339 8.2393
v  -0.9012 -5.2378 8.4844
v  -0.3810 -5.0610 8.6141
v  -0.9429 -5.0610 8.4844
v  -0.3986 -4.9865 8.6141
v  -0.0000 -4.9313 8.6413
v  -1.0493 -4.8826 2.9325
v  -1.0218 -4.6892 2.9323
v  -0.9545 -4.4945 2.9322
v  -0.8462 -4.3106 2.9321
v  -0.7005 -4.1503 2.9320
v  -0.5261 -4.0239 2.9320
v  -0.3351 -3.9374 2.9320
v  -0.1401 -3.8918 2.9321
v  0.0486 -3.8834 2.9323
v  0.2412 -3.9101 2.9325
v  0.4355 -3.9762 2.9328
v  0.6195 -4.0832 2.9331
v  0.7804 -4.2277 2.9334
v  0.9079 -4.4011 2.9337
v  0.9957 -4.5918 2.9340
v  1.0425 -4.7870 2.9343
v  1.0519 -4.9763 2.9345
v  1.0258 -5.1698 2.9347
v  0.9599 -5.3652 2.9348
v  0.8526 -5.5502 2.9348
v  0.7076 -5.7119 2.9348
v  0.5329 -5.8400 2.9347
v  0.3412 -5.9278 2.9346
v  0.1451 -5.9744 2.9344
v  -0.0451 -5.9832 2.9342
v  -0.2391 -5.9565 2.9340
v  -0.4347 -5.8897 2.9338
v  -0.6197 -5.7815 2.9335
v  -0.7812 -5.6355 2.9333
v  -0.9087 -5.4603 2.9331
v  -0.9955 -5.2684 2.9328
v  -1.0412 -5.0723 2.9326
v  0.0440 -5.6912 3.1099
v  0.0440 -5.9547 3.1099
v  0.0440 -5.9547 2.9130
v  0.0440 -6.0199 2.9247
v  0.0440 -6.0987 2.9455
v  0.0440 -6.1773 2.9741
v  0.0440 -6.2202 2.9933
v  0.0440 -6.2202 2.9323
v  0.1912 -5.6677 3.1099
v  0.2426 -5.9261 3.1099
v  0.2426 -5.9261 2.9130
v  0.2554 -5.9900 2.9247
v  0.2707 -6.0674 2.9455
v  0.2861 -6.1444 2.9741
v  0.2944 -6.1865 2.9933
v  0.2944 -6.1865 2.9323
v  0.3310 -5.6159 3.1099
v  0.4319 -5.8594 3.1099
v  0.4319 -5.8594 2.9130
v  0.4568 -5.9196 2.9247
v  0.4870 -5.9924 2.9455
v  0.5170 -6.0650 2.9741
v  0.5335 -6.1046 2.9933
v  0.5335 -6.1046 2.9323
v  0.4580 -5.5378 3.1099
v  0.6044 -5.7570 3.1099
v  0.6044 -5.7570 2.9130
v  0.6406 -5.8111 2.9247
v  0.6845 -5.8767 2.9455
v  0.7281 -5.9420 2.9741
v  0.7519 -5.9777 2.9933
v  0.7519 -5.9777 2.9323
v  0.5674 -5.4365 3.1099
v  0.7537 -5.6228 3.1099
v  0.7537 -5.6228 2.9130
v  0.7998 -5.6689 2.9247
v  0.8556 -5.7247 2.9455
v  0.9111 -5.7802 2.9741
v  0.9414 -5.8106 2.9933
v  0.9414 -5.8106 2.9323
v  0.6548 -5.3158 3.1099
v  0.8740 -5.4622 3.1099
v  0.8740 -5.4622 2.9130
v  0.9281 -5.4984 2.9247
v  0.9937 -5.5422 2.9455
v  1.0590 -5.5859 2.9741
v  1.0947 -5.6097 2.9933
v  1.0947 -5.6097 2.9323
v  0.7171 -5.1803 3.1099
v  0.9605 -5.2812 3.1099
v  0.9605 -5.2812 2.9130
v  1.0207 -5.3061 2.9247
v  1.0936 -5.3363 2.9455
v  1.1662 -5.3664 2.9741
v  1.2058 -5.3828 2.9933
v  1.2058 -5.3828 2.9323
v  0.7517 -5.0353 3.1099
v  1.0102 -5.0867 3.1099
v  1.0102 -5.0867 2.9130
v  1.0741 -5.0995 2.9247
v  1.1514 -5.1148 2.9455
v  1.2285 -5.1302 2.9741
v  1.2705 -5.1385 2.9933
v  1.2705 -5.1385 2.9323
v  0.7574 -4.8864 3.1099
v  1.0209 -4.8864 3.1099
v  1.0209 -4.8864 2.9130
v  1.0860 -4.8864 2.9247
v  1.1649 -4.8864 2.9455
v  1.2435 -4.8864 2.9741
v  1.2864 -4.8864 2.9933
v  1.2864 -4.8864 2.9323
v  0.7339 -4.7392 3.1099
v  0.9923 -4.6877 3.1099
v  0.9923 -4.6877 2.9130
v  1.0562 -4.6750 2.9247
v  1.1336 -4.6596 2.9455
v  1.2106 -4.6443 2.9741
v  1.2527 -4.6359 2.9933
v  1.2527 -4.6359 2.9323
v  0.6821 -4.5994 3.1099
v  0.9255 -4.4985 3.1099
v  0.9255 -4.4985 2.9130
v  0.9857 -4.4736 2.9247
v  1.0586 -4.4434 2.9455
v  1.1312 -4.4133 2.9741
v  1.1708 -4.3969 2.9933
v  1.1708 -4.3969 2.9323
v  0.6040 -4.4723 3.1099
v  0.8231 -4.3259 3.1099
v  0.8231 -4.3259 2.9130
v  0.8773 -4.2897 2.9247
v  0.9429 -4.2459 2.9455
v  1.0082 -4.2023 2.9741
v  1.0439 -4.1784 2.9933
v  1.0439 -4.1784 2.9323
v  0.5027 -4.3630 3.1099
v  0.6890 -4.1767 3.1099
v  0.6890 -4.1767 2.9130
v  0.7351 -4.1306 2.9247
v  0.7909 -4.0748 2.9455
v  0.8464 -4.0193 2.9741
v  0.8768 -3.9889 2.9933
v  0.8768 -3.9889 2.9323
v  0.3820 -4.2755 3.1099
v  0.5284 -4.0564 3.1099
v  0.5284 -4.0564 2.9130
v  0.5646 -4.0022 2.9247
v  0.6084 -3.9367 2.9455
v  0.6520 -3.8714 2.9741
v  0.6759 -3.8357 2.9933
v  0.6759 -3.8357 2.9323
v  0.2465 -4.2133 3.1099
v  0.3474 -3.9698 3.1099
v  0.3474 -3.9698 2.9130
v  0.3723 -3.9096 2.9247
v  0.4025 -3.8368 2.9455
v  0.4325 -3.7642 2.9741
v  0.4490 -3.7246 2.9933
v  0.4490 -3.7246 2.9323
v  0.1015 -4.1787 3.1099
v  0.1529 -3.9202 3.1099
v  0.1529 -3.9202 2.9130
v  0.1656 -3.8563 2.9247
v  0.1810 -3.7790 2.9455
v  0.1963 -3.7019 2.9741
v  0.2047 -3.6598 2.9933
v  0.2047 -3.6598 2.9323
v  -0.0475 -4.1730 3.1099
v  -0.0475 -3.9095 3.1099
v  -0.0475 -3.9095 2.9130
v  -0.0475 -3.8443 2.9247
v  -0.0475 -3.7655 2.9455
v  -0.0475 -3.6869 2.9741
v  -0.0475 -3.6440 2.9933
v  -0.0475 -3.6440 2.9323
v  -0.1947 -4.1965 3.1099
v  -0.2461 -3.9381 3.1099
v  -0.2461 -3.9381 2.9130
v  -0.2588 -3.8742 2.9247
v  -0.2742 -3.7968 2.9455
v  -0.2895 -3.7198 2.9741
v  -0.2979 -3.6777 2.9933
v  -0.2979 -3.6777 2.9323
v  -0.3345 -4.2483 3.1099
v  -0.4353 -4.0048 3.1099
v  -0.4353 -4.0048 2.9130
v  -0.4602 -3.9446 2.9247
v  -0.4904 -3.8718 2.9455
v  -0.5205 -3.7992 2.9741
v  -0.5369 -3.7596 2.9933
v  -0.5369 -3.7596 2.9323
v  -0.4615 -4.3264 3.1099
v  -0.6079 -4.1072 3.1099
v  -0.6079 -4.1072 2.9130
v  -0.6441 -4.0531 2.9247
v  -0.6879 -3.9875 2.9455
v  -0.7315 -3.9222 2.9741
v  -0.7554 -3.8865 2.9933
v  -0.7554 -3.8865 2.9323
v  -0.5708 -4.4277 3.1099
v  -0.7572 -4.2414 3.1099
v  -0.7572 -4.2414 2.9130
v  -0.8032 -4.1953 2.9247
v  -0.8590 -4.1395 2.9455
v  -0.9145 -4.0840 2.9741
v  -0.9449 -4.0536 2.9933
v  -0.9449 -4.0536 2.9323
v  -0.6583 -4.5484 3.1099
v  -0.8774 -4.4020 3.1099
v  -0.8774 -4.4020 2.9130
v  -0.9316 -4.3658 2.9247
v  -0.9972 -4.3220 2.9455
v  -1.0625 -4.2783 2.9741
v  -1.0981 -4.2545 2.9933
v  -1.0981 -4.2545 2.9323
v  -0.7205 -4.6839 3.1099
v  -0.9640 -4.5830 3.1099
v  -0.9640 -4.5830 2.9130
v  -1.0242 -4.5581 2.9247
v  -1.0971 -4.5279 2.9455
v  -1.1696 -4.4978 2.9741
v  -1.2093 -4.4814 2.9933
v  -1.2093 -4.4814 2.9323
v  -0.7551 -4.8289 3.1099
v  -1.0136 -4.7775 3.1099
v  -1.0136 -4.7775 2.9130
v  -1.0775 -4.7647 2.9247
v  -1.1549 -4.7494 2.9455
v  -1.2319 -4.7340 2.9741
v  -1.2740 -4.7257 2.9933
v  -1.2740 -4.7257 2.9323
v  -0.7608 -4.9778 3.1099
v  -1.0243 -4.9778 3.1099
v  -1.0243 -4.9778 2.9130
v  -1.0895 -4.9778 2.9247
v  -1.1684 -4.9778 2.9455
v  -1.2469 -4.9778 2.9741
v  -1.2898 -4.9778 2.9933
v  -1.2898 -4.9778 2.9323
v  -0.7373 -5.1250 3.1099
v  -0.9958 -5.1765 3.1099
v  -0.9958 -5.1765 2.9130
v  -1.0597 -5.1892 2.9247
v  -1.1370 -5.2046 2.9455
v  -1.2141 -5.2199 2.9741
v  -1.2561 -5.2283 2.9933
v  -1.2561 -5.2283 2.9323
v  -0.6855 -5.2648 3.1099
v  -0.9290 -5.3657 3.1099
v  -0.9290 -5.3657 2.9130
v  -0.9892 -5.3906 2.9247
v  -1.0620 -5.4208 2.9455
v  -1.1346 -5.4509 2.9741
v  -1.1743 -5.4673 2.9933
v  -1.1743 -5.4673 2.9323
v  -0.6075 -5.3919 3.1099
v  -0.8266 -5.5383 3.1099
v  -0.8266 -5.5383 2.9130
v  -0.8807 -5.5745 2.9247
v  -0.9463 -5.6183 2.9455
v  -1.0116 -5.6619 2.9741
v  -1.0473 -5.6858 2.9933
v  -1.0473 -5.6858 2.9323
v  -0.5061 -5.5012 3.1099
v  -0.6925 -5.6875 3.1099
v  -0.6925 -5.6875 2.9130
v  -0.7385 -5.7336 2.9247
v  -0.7943 -5.7894 2.9455
v  -0.8499 -5.8449 2.9741
v  -0.8802 -5.8753 2.9933
v  -0.8802 -5.8753 2.9323
v  -0.3854 -5.5887 3.1099
v  -0.5318 -5.8078 3.1099
v  -0.5318 -5.8078 2.9130
v  -0.5680 -5.8620 2.9247
v  -0.6118 -5.9275 2.9455
v  -0.6555 -5.9928 2.9741
v  -0.6793 -6.0285 2.9933
v  -0.6793 -6.0285 2.9323
v  -0.2500 -5.6509 3.1099
v  -0.3508 -5.8944 3.1099
v  -0.3508 -5.8944 2.9130
v  -0.3757 -5.9546 2.9247
v  -0.4059 -6.0274 2.9455
v  -0.4360 -6.1000 2.9741
v  -0.4524 -6.1396 2.9933
v  -0.4524 -6.1396 2.9323
v  -0.1050 -5.6855 3.1099
v  -0.1564 -5.9440 3.1099
v  -0.1564 -5.9440 2.9130
v  -0.1691 -6.0079 2.9247
v  -0.1845 -6.0852 2.9455
v  -0.1998 -6.1623 2.9741
v  -0.2082 -6.2044 2.9933
v  -0.2082 -6.2044 2.9323
v  -1.2229 -4.8776 -3.0008
v  -1.7404 -4.8545 -3.3034
v  -2.1926 -4.8343 -3.7115
v  -2.5498 -4.8184 -4.2011
v  -2.7946 -4.8075 -4.7386
v  -2.9242 -4.8017 -5.2879
v  -2.9485 -4.8006 -5.8203
v  -2.8734 -4.8039 -6.3633
v  -2.6868 -4.8123 -6.9111
v  -2.3845 -4.8258 -7.4291
v  -1.9768 -4.8440 -7.8818
v  -1.4877 -4.8658 -8.2393
v  -0.9508 -4.8897 -8.4844
v  -0.4019 -4.9142 -8.6141
v  -1.1918 -4.6528 -3.0008
v  -1.6961 -4.5344 -3.3034
v  -1.1144 -4.4260 -3.0008
v  -1.5860 -4.2115 -3.3034
v  -0.9892 -4.2115 -3.0008
v  -1.4076 -3.9062 -3.3034
v  -0.8202 -4.0241 -3.0008
v  -1.1671 -3.6393 -3.3034
v  -0.6175 -3.8761 -3.0008
v  -0.8785 -3.4286 -3.3034
v  -0.3950 -3.7746 -3.0008
v  -0.5617 -3.2841 -3.3034
v  -0.1675 -3.7209 -3.0008
v  -0.2378 -3.2077 -3.3034
v  -2.1368 -4.4310 -3.7115
v  -2.4849 -4.3492 -4.2011
v  -2.7234 -4.2933 -4.7386
v  -2.8497 -4.2636 -5.2879
v  -1.9980 -4.0241 -3.7115
v  -2.3235 -3.8761 -4.2011
v  -1.7733 -3.6393 -3.7115
v  -2.0621 -3.4286 -4.2011
v  -2.5465 -3.7746 -4.7386
v  -2.6646 -3.7209 -5.2879
v  -2.2601 -3.2841 -4.7386
v  -2.3648 -3.2077 -5.2879
v  -1.4701 -3.3031 -3.7115
v  -1.7095 -3.0376 -4.2011
v  -1.1065 -3.0376 -3.7115
v  -1.2866 -2.7287 -4.2011
v  -1.8736 -2.8556 -4.7386
v  -1.9605 -2.7592 -5.2879
v  -1.4100 -2.5170 -4.7386
v  -1.4754 -2.4050 -5.2879
v  -0.7073 -2.8556 -3.7115
v  -0.8223 -2.5170 -4.2011
v  -0.2993 -2.7592 -3.7115
v  -0.3478 -2.4050 -4.2011
v  -0.9012 -2.2850 -4.7386
v  -0.9429 -2.1622 -5.2879
v  -0.3810 -2.1622 -4.7386
v  -0.3986 -2.0337 -5.2879
v  0.0528 -3.7109 -3.0008
v  0.0759 -3.1933 -3.3034
v  0.2777 -3.7420 -3.0008
v  0.3961 -3.2376 -3.3034
v  0.5045 -3.8193 -3.0008
v  0.7189 -3.3478 -3.3034
v  0.7189 -3.9446 -3.0008
v  1.0243 -3.5261 -3.3034
v  0.9063 -4.1136 -3.0008
v  1.2911 -3.7667 -3.3034
v  1.0544 -4.3163 -3.0008
v  1.5019 -4.0553 -3.3034
v  1.1558 -4.5388 -3.0008
v  1.6463 -4.3721 -3.3034
v  1.2095 -4.7662 -3.0008
v  1.7227 -4.6959 -3.3034
v  0.0961 -2.7411 -3.7115
v  0.1121 -2.3839 -4.2011
v  0.4995 -2.7970 -3.7115
v  0.5812 -2.4489 -4.2011
v  0.1230 -2.1391 -4.7386
v  0.1288 -2.0096 -5.2879
v  0.6372 -2.2103 -4.7386
v  0.6668 -2.0841 -5.2879
v  0.9063 -2.9357 -3.7115
v  1.0544 -2.6102 -4.2011
v  1.2911 -3.1605 -3.7115
v  1.5019 -2.8716 -4.2011
v  1.1558 -2.3872 -4.7386
v  1.2095 -2.2691 -5.2879
v  1.6463 -2.6737 -4.7386
v  1.7227 -2.5689 -5.2879
v  1.6273 -3.4636 -3.7115
v  1.8929 -3.2242 -4.2011
v  1.8929 -3.8273 -3.7115
v  2.2018 -3.6471 -4.2011
v  2.0749 -3.0601 -4.7386
v  2.1712 -2.9733 -5.2879
v  2.4134 -3.5237 -4.7386
v  2.5255 -3.4584 -5.2879
v  2.0749 -4.2265 -3.7115
v  2.4134 -4.1114 -4.2011
v  2.1712 -4.6345 -3.7115
v  2.5255 -4.5860 -4.2011
v  2.6454 -4.0326 -4.7386
v  2.7682 -3.9908 -5.2879
v  2.7682 -4.5527 -4.7386
v  2.8967 -4.5351 -5.2879
v  -2.8734 -4.2580 -5.8203
v  -2.8002 -4.2752 -6.3633
v  -2.6184 -4.3179 -6.9111
v  -2.3238 -4.3871 -7.4291
v  -2.6868 -3.7109 -5.8203
v  -2.6184 -3.7420 -6.3633
v  -2.3845 -3.1933 -5.8203
v  -2.3238 -3.2376 -6.3633
v  -2.4483 -3.8193 -6.9111
v  -2.1729 -3.9446 -7.4291
v  -2.1729 -3.3478 -6.9111
v  -1.9285 -3.5261 -7.4291
v  -1.9768 -2.7411 -5.8203
v  -1.9264 -2.7970 -6.3633
v  -1.4877 -2.3839 -5.8203
v  -1.4498 -2.4489 -6.3633
v  -1.8013 -2.9357 -6.9111
v  -1.5988 -3.1605 -7.4291
v  -1.3557 -2.6102 -6.9111
v  -1.2033 -2.8716 -7.4291
v  -0.9508 -2.1391 -5.8203
v  -0.9266 -2.2103 -6.3633
v  -0.4019 -2.0096 -5.8203
v  -0.3917 -2.0841 -6.3633
v  -0.8665 -2.3872 -6.9111
v  -0.7691 -2.6737 -7.4291
v  -0.3664 -2.2691 -6.9111
v  -0.3253 -2.5689 -7.4291
v  -1.9264 -4.4803 -7.8818
v  -1.4498 -4.5922 -8.2393
v  -0.9266 -4.7150 -8.4844
v  -0.3917 -4.8405 -8.6141
v  -1.8013 -4.1136 -7.8818
v  -1.3557 -4.3163 -8.2393
v  -1.5988 -3.7667 -7.8818
v  -1.2033 -4.0553 -8.2393
v  -0.8665 -4.5388 -8.4844
v  -0.3664 -4.7662 -8.6141
v  -0.7691 -4.3721 -8.4844
v  -0.3253 -4.6959 -8.6141
v  -1.3255 -3.4636 -7.8818
v  -0.9976 -3.8273 -8.2393
v  -0.9976 -3.2242 -7.8818
v  -0.7510 -3.6471 -8.2393
v  -0.6378 -4.2265 -8.4844
v  -0.2699 -4.6345 -8.6141
v  -0.4803 -4.1114 -8.4844
v  -0.2035 -4.5860 -8.6141
v  -0.6378 -3.0601 -7.8818
v  -0.4803 -3.5237 -8.2393
v  -0.2699 -2.9733 -7.8818
v  -0.2035 -3.4584 -8.2393
v  -0.3073 -4.0326 -8.4844
v  -0.1306 -4.5527 -8.6141
v  -0.1306 -3.9908 -8.4844
v  -0.0560 -4.5351 -8.6141
v  0.1298 -1.9852 -5.8203
v  0.1265 -2.0603 -6.3633
v  0.6724 -2.0603 -5.8203
v  0.6552 -2.1335 -6.3633
v  0.1182 -2.2470 -6.9111
v  0.1047 -2.5492 -7.4291
v  0.6125 -2.3154 -6.9111
v  0.5434 -2.6100 -7.4291
v  1.2196 -2.2470 -5.8203
v  1.1885 -2.3154 -6.3633
v  1.7371 -2.5492 -5.8203
v  1.6928 -2.6100 -6.3633
v  1.1111 -2.4855 -6.9111
v  0.9859 -2.7609 -7.4291
v  1.5827 -2.7609 -6.9111
v  1.4043 -3.0053 -7.4291
v  2.1893 -2.9570 -5.8203
v  2.1335 -3.0073 -6.3633
v  2.5465 -3.4461 -5.8203
v  2.4816 -3.4840 -6.3633
v  1.9947 -3.1324 -6.9111
v  1.7700 -3.3350 -7.4291
v  2.3202 -3.5781 -6.9111
v  2.0588 -3.7305 -7.4291
v  2.7913 -3.9830 -5.8203
v  2.7201 -4.0072 -6.3633
v  2.9209 -4.5318 -5.8203
v  2.8464 -4.5420 -6.3633
v  2.5432 -4.0673 -6.9111
v  2.2568 -4.1646 -7.4291
v  2.6613 -4.5674 -6.9111
v  2.3615 -4.6084 -7.4291
v  0.0865 -2.9570 -7.8818
v  0.0647 -3.4461 -8.2393
v  0.4501 -3.0073 -7.8818
v  0.3382 -3.4840 -8.2393
v  0.0407 -3.9830 -8.4844
v  0.0162 -4.5318 -8.6141
v  0.2154 -4.0072 -8.4844
v  0.0899 -4.5420 -8.6141
v  0.8169 -3.1324 -7.8818
v  0.6142 -3.5781 -8.2393
v  1.1637 -3.3350 -7.8818
v  0.8751 -3.7305 -8.2393
v  0.3917 -4.0673 -8.4844
v  0.1642 -4.5674 -8.6141
v  0.5583 -4.1646 -8.4844
v  0.2345 -4.6084 -8.6141
v  1.4668 -3.6083 -7.8818
v  1.1032 -3.9361 -8.2393
v  1.7062 -3.9361 -7.8818
v  1.2833 -4.1828 -8.2393
v  0.7040 -4.2960 -8.4844
v  0.2959 -4.6638 -8.6141
v  0.8190 -4.4535 -8.4844
v  0.3445 -4.7303 -8.6141
v  1.8703 -4.2960 -7.8818
v  1.4067 -4.4535 -8.2393
v  1.9571 -4.6638 -7.8818
v  1.4721 -4.7303 -8.2393
v  0.8979 -4.6264 -8.4844
v  0.3777 -4.8032 -8.6141
v  0.9396 -4.8032 -8.4844
v  0.3953 -4.8777 -8.6141
v  1.2196 -4.9866 -3.0008
v  1.7371 -5.0097 -3.3034
v  1.1885 -5.2114 -3.0008
v  1.6928 -5.3298 -3.3034
v  1.1111 -5.4382 -3.0008
v  1.5827 -5.6527 -3.3034
v  0.9859 -5.6527 -3.0008
v  1.4043 -5.9580 -3.3034
v  0.8169 -5.8401 -3.0008
v  1.1637 -6.2249 -3.3034
v  0.6142 -5.9881 -3.0008
v  0.8751 -6.4356 -3.3034
v  0.3917 -6.0896 -3.0008
v  0.5583 -6.5801 -3.3034
v  0.1642 -6.1433 -3.0008
v  0.2345 -6.6565 -3.3034
v  2.1893 -5.0299 -3.7115
v  2.5465 -5.0458 -4.2011
v  2.1335 -5.4332 -3.7115
v  2.4816 -5.5150 -4.2011
v  2.7913 -5.0567 -4.7386
v  2.9209 -5.0625 -5.2879
v  2.7201 -5.5709 -4.7386
v  2.8464 -5.6006 -5.2879
v  1.9947 -5.8401 -3.7115
v  2.3202 -5.9881 -4.2011
v  1.7700 -6.2249 -3.7115
v  2.0588 -6.4356 -4.2011
v  2.5432 -6.0896 -4.7386
v  2.6613 -6.1433 -5.2879
v  2.2568 -6.5801 -4.7386
v  2.3615 -6.6565 -5.2879
v  1.4668 -6.5611 -3.7115
v  1.7062 -6.8266 -4.2011
v  1.1032 -6.8266 -3.7115
v  1.2833 -7.1355 -4.2011
v  1.8703 -7.0086 -4.7386
v  1.9571 -7.1050 -5.2879
v  1.4067 -7.3472 -4.7386
v  1.4721 -7.4592 -5.2879
v  0.7040 -7.0086 -3.7115
v  0.8190 -7.3472 -4.2011
v  0.2959 -7.1050 -3.7115
v  0.3445 -7.4592 -4.2011
v  0.8979 -7.5792 -4.7386
v  0.9396 -7.7020 -5.2879
v  0.3777 -7.7020 -4.7386
v  0.3953 -7.8305 -5.2879
v  -0.0562 -6.1533 -3.0008
v  -0.0793 -6.6709 -3.3034
v  -0.2810 -6.1222 -3.0008
v  -0.3994 -6.6266 -3.3034
v  -0.5078 -6.0449 -3.0008
v  -0.7222 -6.5164 -3.3034
v  -0.7222 -5.9196 -3.0008
v  -1.0276 -6.3381 -3.3034
v  -0.9096 -5.7506 -3.0008
v  -1.2944 -6.0975 -3.3034
v  -1.0577 -5.5479 -3.0008
v  -1.5052 -5.8089 -3.3034
v  -1.1591 -5.3254 -3.0008
v  -1.6496 -5.4921 -3.3034
v  -1.2128 -5.0980 -3.0008
v  -1.7261 -5.1683 -3.3034
v  -0.0994 -7.1231 -3.7115
v  -0.1154 -7.4803 -4.2011
v  -0.5028 -7.0672 -3.7115
v  -0.5845 -7.4153 -4.2011
v  -0.1263 -7.7251 -4.7386
v  -0.1321 -7.8546 -5.2879
v  -0.6405 -7.6539 -4.7386
v  -0.6701 -7.7801 -5.2879
v  -0.9096 -6.9285 -3.7115
v  -1.0577 -7.2540 -4.2011
v  -1.2944 -6.7037 -3.7115
v  -1.5052 -6.9926 -4.2011
v  -1.1591 -7.4770 -4.7386
v  -1.2128 -7.5951 -5.2879
v  -1.6496 -7.1905 -4.7386
v  -1.7261 -7.2953 -5.2879
v  -1.6306 -6.4006 -3.7115
v  -1.8962 -6.6400 -4.2011
v  -1.8962 -6.0369 -3.7115
v  -2.2051 -6.2170 -4.2011
v  -2.0782 -6.8041 -4.7386
v  -2.1745 -6.8909 -5.2879
v  -2.4167 -6.3405 -4.7386
v  -2.5288 -6.4058 -5.2879
v  -2.0782 -5.6377 -3.7115
v  -2.4167 -5.7528 -4.2011
v  -2.1745 -5.2297 -3.7115
v  -2.5288 -5.2782 -4.2011
v  -2.6487 -5.8316 -4.7386
v  -2.7715 -5.8734 -5.2879
v  -2.7715 -5.3115 -4.7386
v  -2.9000 -5.3291 -5.2879
v  2.9452 -5.0636 -5.8203
v  2.8701 -5.0603 -6.3633
v  2.8701 -5.6061 -5.8203
v  2.7969 -5.5890 -6.3633
v  2.6835 -5.0519 -6.9111
v  2.3812 -5.0384 -7.4291
v  2.6150 -5.5463 -6.9111
v  2.3205 -5.4771 -7.4291
v  2.6835 -6.1533 -5.8203
v  2.6150 -6.1222 -6.3633
v  2.3812 -6.6709 -5.8203
v  2.3205 -6.6266 -6.3633
v  2.4450 -6.0449 -6.9111
v  2.1696 -5.9196 -7.4291
v  2.1696 -6.5164 -6.9111
v  1.9252 -6.3381 -7.4291
v  1.9735 -7.1231 -5.8203
v  1.9231 -7.0672 -6.3633
v  1.4843 -7.4803 -5.8203
v  1.4465 -7.4153 -6.3633
v  1.7980 -6.9285 -6.9111
v  1.5954 -6.7037 -7.4291
v  1.3524 -7.2540 -6.9111
v  1.1999 -6.9926 -7.4291
v  0.9474 -7.7251 -5.8203
v  0.9233 -7.6539 -6.3633
v  0.3986 -7.8546 -5.8203
v  0.3884 -7.7801 -6.3633
v  0.8631 -7.4770 -6.9111
v  0.7658 -7.1905 -7.4291
v  0.3631 -7.5951 -6.9111
v  0.3220 -7.2953 -7.4291
v  1.9735 -5.0202 -7.8818
v  1.4843 -4.9984 -8.2393
v  1.9231 -5.3839 -7.8818
v  1.4465 -5.2720 -8.2393
v  0.9474 -4.9745 -8.4844
v  0.3986 -4.9500 -8.6141
v  0.9233 -5.1492 -8.4844
v  0.3884 -5.0237 -8.6141
v  1.7980 -5.7506 -7.8818
v  1.3524 -5.5479 -8.2393
v  1.5954 -6.0975 -7.8818
v  1.1999 -5.8089 -8.2393
v  0.8631 -5.3254 -8.4844
v  0.3631 -5.0980 -8.6141
v  0.7658 -5.4921 -8.4844
v  0.3220 -5.1683 -8.6141
v  1.3221 -6.4006 -7.8818
v  0.9943 -6.0369 -8.2393
v  0.9943 -6.6400 -7.8818
v  0.7477 -6.2171 -8.2393
v  0.6345 -5.6377 -8.4844
v  0.2666 -5.2297 -8.6141
v  0.4769 -5.7528 -8.4844
v  0.2002 -5.2782 -8.6141
v  0.6345 -6.8041 -7.8818
v  0.4769 -6.3405 -8.2393
v  0.2666 -6.8909 -7.8818
v  0.2002 -6.4058 -8.2393
v  0.3040 -5.8316 -8.4844
v  0.1273 -5.3115 -8.6141
v  0.1273 -5.8734 -8.4844
v  0.0527 -5.3291 -8.6141
v  -0.1332 -7.8790 -5.8203
v  -0.1298 -7.8039 -6.3633
v  -0.6757 -7.8039 -5.8203
v  -0.6585 -7.7307 -6.3633
v  -0.1215 -7.6172 -6.9111
v  -0.1080 -7.3150 -7.4291
v  -0.6158 -7.5488 -6.9111
v  -0.5467 -7.2542 -7.4291
v  -1.2229 -7.6172 -5.8203
v  -1.1918 -7.5488 -6.3633
v  -1.7404 -7.3150 -5.8203
v  -1.6961 -7.2542 -6.3633
v  -1.1144 -7.3787 -6.9111
v  -0.9892 -7.1033 -7.4291
v  -1.5860 -7.1033 -6.9111
v  -1.4076 -6.8589 -7.4291
v  -2.1926 -6.9072 -5.8203
v  -2.1368 -6.8569 -6.3633
v  -2.5498 -6.4181 -5.8203
v  -2.4849 -6.3802 -6.3633
v  -1.9980 -6.7318 -6.9111
v  -1.7733 -6.5292 -7.4291
v  -2.3235 -6.2861 -6.9111
v  -2.0621 -6.1337 -7.4291
v  -2.7946 -5.8812 -5.8203
v  -2.7234 -5.8570 -6.3633
v  -2.9242 -5.3324 -5.8203
v  -2.8497 -5.3222 -6.3633
v  -2.5465 -5.7969 -6.9111
v  -2.2601 -5.6995 -7.4291
v  -2.6646 -5.2968 -6.9111
v  -2.3648 -5.2558 -7.4291
v  -0.0898 -6.9072 -7.8818
v  -0.0680 -6.4181 -8.2393
v  -0.4534 -6.8569 -7.8818
v  -0.3416 -6.3802 -8.2393
v  -0.0440 -5.8812 -8.4844
v  -0.0195 -5.3324 -8.6141
v  -0.2187 -5.8570 -8.4844
v  -0.0932 -5.3222 -8.6141
v  -0.8202 -6.7318 -7.8818
v  -0.6175 -6.2861 -8.2393
v  -1.1671 -6.5292 -7.8818
v  -0.8785 -6.1337 -8.2393
v  -0.3950 -5.7969 -8.4844
v  -0.1675 -5.2968 -8.6141
v  -0.5617 -5.6996 -8.4844
v  -0.2378 -5.2558 -8.6141
v  -1.4701 -6.2559 -7.8818
v  -1.1065 -5.9281 -8.2393
v  -1.7095 -5.9281 -7.8818
v  -1.2866 -5.6814 -8.2393
v  -0.7073 -5.5682 -8.4844
v  -0.2993 -5.2004 -8.6141
v  -0.8223 -5.4107 -8.4844
v  -0.3478 -5.1339 -8.6141
v  -1.8736 -5.5682 -7.8818
v  -1.4100 -5.4107 -8.2393
v  -1.9605 -5.2004 -7.8818
v  -1.4754 -5.1339 -8.2393
v  -0.9012 -5.2378 -8.4844
v  -0.3810 -5.0610 -8.6141
v  -0.9429 -5.0610 -8.4844
v  -0.3986 -4.9865 -8.6141
v  -0.0000 -4.9313 -8.6413
v  -1.0493 -4.8826 -2.9325
v  -1.0218 -4.6892 -2.9323
v  -0.9545 -4.4945 -2.9322
v  -0.8462 -4.3106 -2.9321
v  -0.7005 -4.1503 -2.9320
v  -0.5261 -4.0239 -2.9320
v  -0.3351 -3.9374 -2.9320
v  -0.1401 -3.8918 -2.9321
v  0.0486 -3.8834 -2.9323
v  0.2412 -3.9101 -2.9325
v  0.4355 -3.9762 -2.9328
v  0.6195 -4.0832 -2.9331
v  0.7804 -4.2277 -2.9334
v  0.9079 -4.4011 -2.9337
v  0.9957 -4.5918 -2.9340
v  1.0425 -4.7870 -2.9343
v  1.0519 -4.9763 -2.9345
v  1.0258 -5.1698 -2.9347
v  0.9599 -5.3652 -2.9348
v  0.8526 -5.5502 -2.9348
v  0.7076 -5.7119 -2.9348
v  0.5329 -5.8400 -2.9347
v  0.3412 -5.9278 -2.9346
v  0.1451 -5.9744 -2.9344
v  -0.0451 -5.9832 -2.9342
v  -0.2391 -5.9565 -2.9340
v  -0.4347 -5.8897 -2.9338
v  -0.6197 -5.7815 -2.9335
v  -0.7812 -5.6355 -2.9333
v  -0.9087 -5.4603 -2.9331
v  -0.9955 -5.2684 -2.9328
v  -1.0412 -5.0723 -2.9326
v  0.0440 -5.6912 -3.1099
v  0.0440 -5.9547 -3.1099
v  0.0440 -5.9547 -2.9130
v  0.0440 -6.0199 -2.9247
v  0.0440 -6.0987 -2.9455
v  0.0440 -6.1773 -2.9741
v  0.0440 -6.2202 -2.9933
v  0.0440 -6.2202 -2.9323
v  0.1912 -5.6677 -3.1099
v  0.2426 -5.9261 -3.1099
v  0.2426 -5.9261 -2.9130
v  0.2554 -5.9900 -2.9247
v  0.2707 -6.0674 -2.9455
v  0.2861 -6.1444 -2.9741
v  0.2944 -6.1865 -2.9933
v  0.2944 -6.1865 -2.9323
v  0.3310 -5.6159 -3.1099
v  0.4319 -5.8594 -3.1099
v  0.4319 -5.8594 -2.9130
v  0.4568 -5.9196 -2.9247
v  0.4870 -5.9924 -2.9455
v  0.5170 -6.0650 -2.9741
v  0.5335 -6.1046 -2.9933
v  0.5335 -6.1046 -2.9323
v  0.4580 -5.5378 -3.1099
v  0.6044 -5.7570 -3.1099
v  0.6044 -5.7570 -2.9130
v  0.6406 -5.8111 -2.9247
v  0.6845 -5.8767 -2.9455
v  0.7281 -5.9420 -2.9741
v  0.7519 -5.9777 -2.9933
v  0.7519 -5.9777 -2.9323
v  0.5674 -5.4365 -3.1099
v  0.7537 -5.6228 -3.1099
v  0.7537 -5.6228 -2.9130
v  0.7998 -5.6689 -2.9247
v  0.8556 -5.7247 -2.9455
v  0.9111 -5.7802 -2.9741
v  0.9414 -5.8106 -2.9933
v  0.9414 -5.8106 -2.9323
v  0.6548 -5.3158 -3.1099
v  0.8740 -5.4622 -3.1099
v  0.8740 -5.4622 -2.9130
v  0.9281 -5.4984 -2.9247
v  0.9937 -5.5422 -2.9455
v  1.0590 -5.5859 -2.9741
v  1.0947 -5.6097 -2.9933
v  1.0947 -5.6097 -2.9323
v  0.7171 -5.1803 -3.1099
v  0.9605 -5.2812 -3.1099
v  0.9605 -5.2812 -2.9130
v  1.0207 -5.3061 -2.9247
v  1.0936 -5.3363 -2.9455
v  1.1662 -5.3664 -2.9741
v  1.2058 -5.3828 -2.9933
v  1.2058 -5.3828 -2.9323
v  0.7517 -5.0353 -3.1099
v  1.0102 -5.0867 -3.1099
v  1.0102 -5.0867 -2.9130
v  1.0741 -5.0995 -2.9247
v  1.1514 -5.1148 -2.9455
v  1.2285 -5.1302 -2.9741
v  1.2705 -5.1385 -2.9933
v  1.2705 -5.1385 -2.9323
v  0.7574 -4.8864 -3.1099
v  1.0209 -4.8864 -3.1099
v  1.0209 -4.8864 -2.9130
v  1.0860 -4.8864 -2.9247
v  1.1649 -4.8864 -2.9455
v  1.2435 -4.8864 -2.9741
v  1.2864 -4.8864 -2.9933
v  1.2864 -4.8864 -2.9323
v  0.7339 -4.7392 -3.1099
v  0.9923 -4.6877 -3.1099
v  0.9923 -4.6877 -2.9130
v  1.0562 -4.6750 -2.9247
v  1.1336 -4.6596 -2.9455
v  1.2106 -4.6443 -2.9741
v  1.2527 -4.6359 -2.9933
v  1.2527 -4.6359 -2.9323
v  0.6821 -4.5994 -3.1099
v  0.9255 -4.4985 -3.1099
v  0.9255 -4.4985 -2.9130
v  0.9857 -4.4736 -2.9247
v  1.0586 -4.4434 -2.9455
v  1.1312 -4.4133 -2.9741
v  1.1708 -4.3969 -2.9933
v  1.1708 -4.3969 -2.9323
v  0.6040 -4.4723 -3.1099
v  0.8231 -4.3259 -3.1099
v  0.8231 -4.3259 -2.9130
v  0.8773 -4.2897 -2.9247
v  0.9429 -4.2459 -2.9455
v  1.0082 -4.2023 -2.9741
v  1.0439 -4.1784 -2.9933
v  1.0439 -4.1784 -2.9323
v  0.5027 -4.3630 -3.1099
v  0.6890 -4.1767 -3.1099
v  0.6890 -4.1767 -2.9130
v  0.7351 -4.1306 -2.9247
v  0.7909 -4.0748 -2.9455
v  0.8464 -4.0193 -2.9741
v  0.8768 -3.9889 -2.9933
v  0.8768 -3.9889 -2.9323
v  0.3820 -4.2755 -3.1099
v  0.5284 -4.0564 -3.1099
v  0.5284 -4.0564 -2.9130
v  0.5646 -4.0022 -2.9247
v  0.6084 -3.9367 -2.9455
v  0.6520 -3.8714 -2.9741
v  0.6759 -3.8357 -2.9933
v  0.6759 -3.8357 -2.9323
v  0.2465 -4.2133 -3.1099
v  0.3474 -3.9698 -3.1099
v  0.3474 -3.9698 -2.9130
v  0.3723 -3.9096 -2.9247
v  0.4025 -3.8368 -2.9455
v  0.4325 -3.7642 -2.9741
v  0.4490 -3.7246 -2.9933
v  0.4490 -3.7246 -2.9323
v  0.1015 -4.1787 -3.1099
v  0.1529 -3.9202 -3.1099
v  0.1529 -3.9202 -2.9130
v  0.1656 -3.8563 -2.9247
v  0.1810 -3.7790 -2.9455
v  0.1963 -3.7019 -2.9741
v  0.2047 -3.6598 -2.9933
v  0.2047 -3.6598 -2.9323
v  -0.0475 -4.1730 -3.1099
v  -0.0475 -3.9095 -3.1099
v  -0.0475 -3.9095 -2.9130
v  -0.0475 -3.8443 -2.9247
v  -0.0475 -3.7655 -2.9455
v  -0.0475 -3.6869 -2.9741
v  -0.0475 -3.6440 -2.9933
v  -0.0475 -3.6440 -2.9323
v  -0.1947 -4.1965 -3.1099
v  -0.2461 -3.9381 -3.1099
v  -0.2461 -3.9381 -2.9130
v  -0.2588 -3.8742 -2.9247
v  -0.2742 -3.7968 -2.9455
v  -0.2895 -3.7198 -2.9741
v  -0.2979 -3.6777 -2.9933
v  -0.2979 -3.6777 -2.9323
v  -0.3345 -4.2483 -3.1099
v  -0.4353 -4.0048 -3.1099
v  -0.4353 -4.0048 -2.9130
v  -0.4602 -3.9446 -2.9247
v  -0.4904 -3.8718 -2.9455
v  -0.5205 -3.7992 -2.9741
v  -0.5369 -3.7596 -2.9933
v  -0.5369 -3.7596 -2.9323
v  -0.4615 -4.3264 -3.1099
v  -0.6079 -4.1072 -3.1099
v  -0.6079 -4.1072 -2.9130
v  -0.6441 -4.0531 -2.9247
v  -0.6879 -3.9875 -2.9455
v  -0.7315 -3.9222 -2.9741
v  -0.7554 -3.8865 -2.9933
v  -0.7554 -3.8865 -2.9323
v  -0.5708 -4.4277 -3.1099
v  -0.7572 -4.2414 -3.1099
v  -0.7572 -4.2414 -2.9130
v  -0.8032 -4.1953 -2.9247
v  -0.8590 -4.1395 -2.9455
v  -0.9145 -4.0840 -2.9741
v  -0.9449 -4.0536 -2.9933
v  -0.9449 -4.0536 -2.9323
v  -0.6583 -4.5484 -3.1099
v  -0.8774 -4.4020 -3.1099
v  -0.8774 -4.4020 -2.9130
v  -0.9316 -4.3658 -2.9247
v  -0.9972 -4.3220 -2.9455
v  -1.0625 -4.2783 -2.9741
v  -1.0981 -4.2545 -2.9933
v  -1.0981 -4.2545 -2.9323
v  -0.7205 -4.6839 -3.1099
v  -0.9640 -4.5830 -3.1099
v  -0.9640 -4.5830 -2.9130
v  -1.0242 -4.5581 -2.9247
v  -1.0971 -4.5279 -2.9455
v  -1.1696 -4.4978 -2.9741
v  -1.2093 -4.4814 -2.9933
v  -1.2093 -4.4814 -2.9323
v  -0.7551 -4.8289 -3.1099
v  -1.0136 -4.7775 -3.1099
v  -1.0136 -4.7775 -2.9130
v  -1.0775 -4.7647 -2.9247
v  -1.1549 -4.7494 -2.9455
v  -1.2319 -4.7340 -2.9741
v  -1.2740 -4.7257 -2.9933
v  -1.2740 -4.7257 -2.9323
v  -0.7608 -4.9778 -3.1099
v  -1.0243 -4.9778 -3.1099
v  -1.0243 -4.9778 -2.9130
v  -1.0895 -4.9778 -2.9247
v  -1.1684 -4.9778 -2.9455
v  -1.2469 -4.9778 -2.9741
v  -1.2898 -4.9778 -2.9933
v  -1.2898 -4.9778 -2.9323
v  -0.7373 -5.1250 -3.1099
v  -0.9958 -5.1765 -3.1099
v  -0.9958 -5.1765 -2.9130
v  -1.0597 -5.1892 -2.9247
v  -1.1370 -5.2046 -2.9455
v  -1.2141 -5.2199 -2.9741
v  -1.2561 -5.2283 -2.9933
v  -1.2561 -5.2283 -2.9323
v  -0.6855 -5.2648 -3.1099
v  -0.9290 -5.3657 -3.1099
v  -0.9290 -5.3657 -2.9130
v  -0.9892 -5.3906 -2.9247
v  -1.0620 -5.4208 -2.9455
v  -1.1346 -5.4509 -2.9741
v  -1.1743 -5.4673 -2.9933
v  -1.1743 -5.4673 -2.9323
v  -0.6075 -5.3919 -3.1099
v  -0.8266 -5.5383 -3.1099
v  -0.8266 -5.5383 -2.9130
v  -0.8807 -5.5745 -2.9247
v  -0.9463 -5.6183 -2.9455
v  -1.0116 -5.6619 -2.9741
v  -1.0473 -5.6858 -2.9933
v  -1.0473 -5.6858 -2.9323
v  -0.5061 -5.5012 -3.1099
v  -0.6925 -5.6875 -3.1099
v  -0.6925 -5.6875 -2.9130
v  -0.7385 -5.7336 -2.9247
v  -0.7943 -5.7894 -2.9455
v  -0.8499 -5.8449 -2.9741
v  -0.8802 -5.8753 -2.9933
v  -0.8802 -5.8753 -2.9323
v  -0.3854 -5.5887 -3.1099
v  -0.5318 -5.8078 -3.1099
v  -0.5318 -5.8078 -2.9130
v  -0.5680 -5.8620 -2.9247
v  -0.6118 -5.9275 -2.9455
v  -0.6555 -5.9928 -2.9741
v  -0.6793 -6.0285 -2.9933
v  -0.6793 -6.0285 -2.9323
v  -0.2500 -5.6509 -3.1099
v  -0.3508 -5.8944 -3.1099
v  -0.3508 -5.8944 -2.9130
v  -0.3757 -5.9546 -2.9247
v  -0.4059 -6.0274 -2.9455
v  -0.4360 -6.1000 -2.9741
v  -0.4524 -6.1396 -2.9933
v  -0.4524 -6.1396 -2.9323
v  -0.1050 -5.6855 -3.1099
v  -0.1564 -5.9440 -3.1099
v  -0.1564 -5.9440 -2.9130
v  -0.1691 -6.0079 -2.9247
v  -0.1845 -6.0852 -2.9455
v  -0.1998 -6.1623 -2.9741
v  -0.2082 -6.2044 -2.9933
v  -0.2082 -6.2044 -2.9323
# 7194 vertices

o 31762_SC02
g 31762_SC02
s 1
f 1540 1542 1 560 
f 560 1 103 102 
f 1 101 103 
f 2 3 672 104 
f 1544 1546 4 3 
f 3 4 710 672 
f 1546 1548 5 4 
f 4 5 105 710 
f 1548 1550 6 5 
f 5 6 785 105 
f 1550 1552 7 6 
f 6 7 106 785 
f 85 3 84 
f 72 1 71 
f 1542 95 96 
f 1542 96 97 
f 1542 97 98 
f 1542 98 99 
f 1542 99 100 
f 1 1542 100 70 
f 1 70 71 
f 72 73 1 
f 73 74 1 
f 74 75 1 
f 75 76 1 
f 78 79 2 
f 79 80 2 
f 80 81 2 
f 81 82 2 
f 82 83 2 
f 1542 94 95 
f 1542 1554 93 94 
f 1554 92 93 
f 1554 91 92 
f 1554 90 91 
f 1554 89 90 
f 1554 1544 88 89 
f 87 88 1544 
f 86 87 1544 
f 85 86 1544 3 
f 3 83 84 
f 3 2 83 
s 2
f 40 3085 3087 39 
f 41 3089 3085 40 
f 42 3091 3089 41 
f 43 3093 3091 42 
f 44 3095 3093 43 
f 45 3097 3095 44 
f 46 3099 3097 45 
f 47 3101 3099 46 
f 48 3103 3101 47 
f 49 3105 3103 48 
f 50 3107 3105 49 
f 51 3109 3107 50 
f 52 3111 3109 51 
f 53 3113 3111 52 
f 54 3115 3113 53 
f 55 3117 3115 54 
f 56 3119 3117 55 
f 57 3121 3119 56 
f 58 3123 3121 57 
f 59 3125 3123 58 
f 60 3127 3125 59 
f 61 3129 3127 60 
f 62 3131 3129 61 
f 63 3133 3131 62 
f 64 3135 3133 63 
f 65 3137 3135 64 
f 66 3139 3137 65 
f 67 3141 3139 66 
f 68 3143 3141 67 
f 69 3145 3143 68 
f 39 3087 3145 69 
f 39 8 9 40 
f 40 9 10 41 
f 41 10 11 42 
f 42 11 12 43 
f 43 12 13 44 
f 44 13 14 45 
f 45 14 15 46 
f 46 15 16 47 
f 47 16 17 48 
f 48 17 18 49 
f 49 18 19 50 
f 50 19 20 51 
f 51 20 21 52 
f 52 21 22 53 
f 53 22 23 54 
f 54 23 24 55 
f 55 24 25 56 
f 56 25 26 57 
f 57 26 27 58 
f 58 27 28 59 
f 59 28 29 60 
f 60 29 30 61 
f 61 30 31 62 
f 62 31 32 63 
f 63 32 33 64 
f 64 33 34 65 
f 65 34 35 66 
f 66 35 36 67 
f 67 36 37 68 
f 68 37 38 69 
f 69 38 8 39 
s 1
f 9 8 71 70 
f 8 38 72 71 
f 38 37 73 72 
f 37 36 74 73 
f 36 35 75 74 
f 35 34 76 75 
f 34 33 77 76 
f 33 32 78 77 
f 32 31 79 78 
f 31 30 80 79 
f 30 29 81 80 
f 29 28 82 81 
f 28 27 83 82 
f 27 26 84 83 
f 26 25 85 84 
f 25 24 86 85 
f 24 23 87 86 
f 23 22 88 87 
f 22 21 89 88 
f 21 20 90 89 
f 20 19 91 90 
f 19 18 92 91 
f 18 17 93 92 
f 17 16 94 93 
f 16 15 95 94 
f 15 14 96 95 
f 14 13 97 96 
f 13 12 98 97 
f 12 11 99 98 
f 11 10 100 99 
f 10 9 70 100 
f 77 78 101 
f 76 77 101 
f 78 2 101 
f 101 104 103 
f 76 101 1 
f 101 2 104 
f 1558 1086 107 1556 
f 1086 1087 207 107 
f 107 207 206 
f 108 208 974 109 
f 1562 109 110 1560 
f 109 974 936 110 
f 1560 110 111 1564 
f 110 936 898 111 
f 1564 111 112 1566 
f 111 898 860 112 
f 1566 112 7 1552 
f 112 860 106 7 
f 190 189 109 
f 177 176 107 
f 1556 201 200 
f 1556 202 201 
f 1556 203 202 
f 1556 204 203 
f 1556 205 204 
f 107 175 205 1556 
f 107 176 175 
f 177 107 178 
f 178 107 179 
f 179 107 180 
f 180 107 181 
f 183 108 184 
f 184 108 185 
f 185 108 186 
f 186 108 187 
f 187 108 188 
f 1556 200 199 
f 1556 199 198 1568 
f 1568 198 197 
f 1568 197 196 
f 1568 196 195 
f 1568 195 194 
f 1568 194 193 1562 
f 192 1562 193 
f 191 1562 192 
f 190 109 1562 191 
f 109 189 188 
f 109 188 108 
s 2
f 145 144 2991 2993 
f 146 145 2993 2995 
f 147 146 2995 2997 
f 148 147 2997 2999 
f 149 148 2999 3001 
f 150 149 3001 3003 
f 151 150 3003 3005 
f 152 151 3005 3007 
f 153 152 3007 3009 
f 154 153 3009 3011 
f 155 154 3011 3013 
f 156 155 3013 3015 
f 157 156 3015 3017 
f 158 157 3017 3019 
f 159 158 3019 3021 
f 160 159 3021 3023 
f 161 160 3023 3025 
f 162 161 3025 3027 
f 163 162 3027 3029 
f 164 163 3029 3031 
f 165 164 3031 3033 
f 166 165 3033 3035 
f 167 166 3035 3037 
f 168 167 3037 3039 
f 169 168 3039 3041 
f 170 169 3041 3043 
f 171 170 3043 3045 
f 172 171 3045 3047 
f 173 172 3047 3049 
f 174 173 3049 3051 
f 144 174 3051 2991 
f 144 145 114 113 
f 145 146 115 114 
f 146 147 116 115 
f 147 148 117 116 
f 148 149 118 117 
f 149 150 119 118 
f 150 151 120 119 
f 151 152 121 120 
f 152 153 122 121 
f 153 154 123 122 
f 154 155 124 123 
f 155 156 125 124 
f 156 157 126 125 
f 157 158 127 126 
f 158 159 128 127 
f 159 160 129 128 
f 160 161 130 129 
f 161 162 131 130 
f 162 163 132 131 
f 163 164 133 132 
f 164 165 134 133 
f 165 166 135 134 
f 166 167 136 135 
f 167 168 137 136 
f 168 169 138 137 
f 169 170 139 138 
f 170 171 140 139 
f 171 172 141 140 
f 172 173 142 141 
f 173 174 143 142 
f 174 144 113 143 
s 1
f 114 175 176 113 
f 113 176 177 143 
f 143 177 178 142 
f 142 178 179 141 
f 141 179 180 140 
f 140 180 181 139 
f 139 181 182 138 
f 138 182 183 137 
f 137 183 184 136 
f 136 184 185 135 
f 135 185 186 134 
f 134 186 187 133 
f 133 187 188 132 
f 132 188 189 131 
f 131 189 190 130 
f 130 190 191 129 
f 129 191 192 128 
f 128 192 193 127 
f 127 193 194 126 
f 126 194 195 125 
f 125 195 196 124 
f 124 196 197 123 
f 123 197 198 122 
f 122 198 199 121 
f 121 199 200 120 
f 120 200 201 119 
f 119 201 202 118 
f 118 202 203 117 
f 117 203 204 116 
f 116 204 205 115 
f 115 205 175 114 
f 182 206 183 
f 181 206 182 
f 183 206 108 
f 206 207 208 
f 181 107 206 
f 206 208 108 
f 209 248 249 210 
f 210 249 250 211 
f 211 250 251 212 
f 212 251 252 213 
f 213 252 253 214 
f 214 253 254 215 
f 215 254 255 216 
f 216 255 256 217 
f 217 256 257 218 
f 218 257 258 219 
f 219 258 259 220 
f 220 259 260 221 
f 221 260 261 222 
f 222 261 262 223 
f 223 262 263 224 
f 224 263 264 225 
f 225 264 265 226 
f 226 265 266 227 
f 227 266 267 228 
f 228 267 268 229 
f 229 268 269 230 
f 230 269 270 231 
f 231 270 271 232 
f 232 271 272 233 
f 233 272 273 234 
f 234 273 274 235 
f 235 274 275 236 
f 236 275 276 237 
f 237 276 277 238 
f 238 277 278 239 
f 239 278 279 240 
f 240 279 280 241 
f 241 280 281 242 
f 242 281 282 243 
f 243 282 283 244 
f 244 283 284 245 
f 245 284 285 246 
f 246 285 286 247 
f 1570 1572 287 248 
f 248 287 288 249 
f 249 288 289 250 
f 250 289 290 251 
f 251 290 291 252 
f 252 291 292 253 
f 253 292 293 254 
f 254 293 294 255 
f 255 294 295 256 
f 256 295 296 257 
f 257 296 297 258 
f 258 297 298 259 
f 259 298 299 260 
f 260 299 300 261 
f 261 300 301 262 
f 262 301 302 263 
f 263 302 303 264 
f 264 303 304 265 
f 265 304 305 266 
f 266 305 306 267 
f 267 306 307 268 
f 268 307 308 269 
f 269 308 309 270 
f 270 309 310 271 
f 271 310 311 272 
f 272 311 312 273 
f 273 312 313 274 
f 274 313 314 275 
f 275 314 315 276 
f 276 315 316 277 
f 277 316 317 278 
f 278 317 318 279 
f 279 318 319 280 
f 280 319 320 281 
f 281 320 321 282 
f 282 321 322 283 
f 283 322 323 284 
f 284 323 324 285 
f 285 324 325 286 
f 1572 1574 326 287 
f 287 326 327 288 
f 288 327 328 289 
f 289 328 329 290 
f 290 329 330 291 
f 291 330 331 292 
f 292 331 332 293 
f 293 332 333 294 
f 294 333 334 295 
f 295 334 335 296 
f 296 335 336 297 
f 297 336 337 298 
f 298 337 338 299 
f 299 338 339 300 
f 300 339 340 301 
f 301 340 341 302 
f 302 341 342 303 
f 303 342 343 304 
f 304 343 344 305 
f 305 344 345 306 
f 306 345 346 307 
f 307 346 347 308 
f 308 347 348 309 
f 309 348 349 310 
f 310 349 350 311 
f 311 350 351 312 
f 312 351 352 313 
f 313 352 353 314 
f 314 353 354 315 
f 315 354 355 316 
f 316 355 356 317 
f 317 356 357 318 
f 318 357 358 319 
f 319 358 359 320 
f 320 359 360 321 
f 321 360 361 322 
f 322 361 362 323 
f 323 362 363 324 
f 324 363 364 325 
f 1574 1576 365 326 
f 326 365 366 327 
f 327 366 367 328 
f 328 367 368 329 
f 329 368 369 330 
f 330 369 370 331 
f 331 370 371 332 
f 332 371 372 333 
f 333 372 373 334 
f 334 373 374 335 
f 335 374 375 336 
f 336 375 376 337 
f 337 376 377 338 
f 338 377 378 339 
f 339 378 379 340 
f 340 379 380 341 
f 341 380 381 342 
f 342 381 382 343 
f 343 382 383 344 
f 344 383 384 345 
f 345 384 385 346 
f 346 385 386 347 
f 347 386 387 348 
f 348 387 388 349 
f 349 388 389 350 
f 350 389 390 351 
f 351 390 391 352 
f 352 391 392 353 
f 353 392 393 354 
f 354 393 394 355 
f 355 394 395 356 
f 356 395 396 357 
f 357 396 397 358 
f 358 397 398 359 
f 359 398 399 360 
f 360 399 400 361 
f 361 400 401 362 
f 362 401 402 363 
f 363 402 403 364 
f 1576 1578 404 365 
f 365 404 405 366 
f 366 405 406 367 
f 367 406 407 368 
f 368 407 408 369 
f 369 408 409 370 
f 370 409 410 371 
f 371 410 411 372 
f 372 411 412 373 
f 373 412 413 374 
f 374 413 414 375 
f 375 414 415 376 
f 376 415 416 377 
f 377 416 417 378 
f 378 417 418 379 
f 379 418 419 380 
f 380 419 420 381 
f 381 420 421 382 
f 382 421 422 383 
f 383 422 423 384 
f 384 423 424 385 
f 385 424 425 386 
f 386 425 426 387 
f 387 426 427 388 
f 388 427 428 389 
f 389 428 429 390 
f 390 429 430 391 
f 391 430 431 392 
f 392 431 432 393 
f 393 432 433 394 
f 394 433 434 395 
f 395 434 435 396 
f 396 435 436 397 
f 397 436 437 398 
f 398 437 438 399 
f 399 438 439 400 
f 400 439 440 401 
f 401 440 441 402 
f 402 441 442 403 
f 1578 1580 443 404 
f 404 443 444 405 
f 405 444 445 406 
f 406 445 446 407 
f 407 446 447 408 
f 408 447 448 409 
f 409 448 449 410 
f 410 449 450 411 
f 411 450 451 412 
f 412 451 452 413 
f 413 452 453 414 
f 414 453 454 415 
f 415 454 455 416 
f 416 455 456 417 
f 417 456 457 418 
f 418 457 458 419 
f 419 458 459 420 
f 420 459 460 421 
f 421 460 461 422 
f 422 461 462 423 
f 423 462 463 424 
f 424 463 464 425 
f 425 464 465 426 
f 426 465 466 427 
f 427 466 467 428 
f 428 467 468 429 
f 429 468 469 430 
f 430 469 470 431 
f 431 470 471 432 
f 432 471 472 433 
f 433 472 473 434 
f 434 473 474 435 
f 435 474 475 436 
f 436 475 476 437 
f 437 476 477 438 
f 438 477 478 439 
f 439 478 479 440 
f 440 479 480 441 
f 441 480 481 442 
f 1580 1582 482 443 
f 443 482 483 444 
f 444 483 484 445 
f 445 484 485 446 
f 446 485 486 447 
f 447 486 487 448 
f 448 487 488 449 
f 449 488 489 450 
f 450 489 490 451 
f 451 490 491 452 
f 452 491 492 453 
f 453 492 493 454 
f 454 493 494 455 
f 455 494 495 456 
f 456 495 496 457 
f 457 496 497 458 
f 458 497 498 459 
f 459 498 499 460 
f 460 499 500 461 
f 461 500 501 462 
f 462 501 502 463 
f 463 502 503 464 
f 464 503 504 465 
f 465 504 505 466 
f 466 505 506 467 
f 467 506 507 468 
f 468 507 508 469 
f 469 508 509 470 
f 470 509 510 471 
f 471 510 511 472 
f 472 511 512 473 
f 473 512 513 474 
f 474 513 514 475 
f 475 514 515 476 
f 476 515 516 477 
f 477 516 517 478 
f 478 517 518 479 
f 479 518 519 480 
f 480 519 520 481 
f 1582 1584 521 482 
f 482 521 522 483 
f 483 522 523 484 
f 484 523 524 485 
f 485 524 525 486 
f 486 525 526 487 
f 487 526 527 488 
f 488 527 528 489 
f 489 528 529 490 
f 490 529 530 491 
f 491 530 531 492 
f 492 531 532 493 
f 493 532 533 494 
f 494 533 534 495 
f 495 534 535 496 
f 496 535 536 497 
f 497 536 537 498 
f 498 537 538 499 
f 499 538 539 500 
f 500 539 540 501 
f 501 540 541 502 
f 502 541 542 503 
f 503 542 543 504 
f 504 543 544 505 
f 505 544 545 506 
f 506 545 546 507 
f 507 546 547 508 
f 508 547 548 509 
f 509 548 549 510 
f 510 549 550 511 
f 511 550 551 512 
f 512 551 552 513 
f 513 552 553 514 
f 514 553 554 515 
f 515 554 555 516 
f 516 555 556 517 
f 517 556 557 518 
f 518 557 558 519 
f 519 558 559 520 
f 1584 1540 560 521 
f 521 560 102 522 
f 522 102 561 523 
f 523 561 562 524 
f 524 562 563 525 
f 525 563 564 526 
f 526 564 565 527 
f 527 565 566 528 
f 528 566 567 529 
f 529 567 568 530 
f 530 568 569 531 
f 531 569 570 532 
f 532 570 571 533 
f 533 571 572 534 
f 534 572 573 535 
f 535 573 574 536 
f 536 574 575 537 
f 537 575 576 538 
f 538 576 577 539 
f 539 577 578 540 
f 540 578 579 541 
f 541 579 580 542 
f 542 580 581 543 
f 543 581 582 544 
f 544 582 583 545 
f 545 583 584 546 
f 546 584 585 547 
f 547 585 586 548 
f 548 586 587 549 
f 549 587 588 550 
f 550 588 589 551 
f 551 589 590 552 
f 552 590 591 553 
f 553 591 592 554 
f 554 592 593 555 
f 555 593 594 556 
f 556 594 595 557 
f 557 595 596 558 
f 558 596 597 559 
f 102 103 598 561 
f 561 598 599 562 
f 562 599 600 563 
f 563 600 601 564 
f 564 601 602 565 
f 565 602 603 566 
f 566 603 604 567 
f 567 604 605 568 
f 568 605 606 569 
f 569 606 607 570 
f 570 607 608 571 
f 571 608 609 572 
f 572 609 610 573 
f 573 610 611 574 
f 574 611 612 575 
f 575 612 613 576 
f 576 613 614 577 
f 577 614 615 578 
f 578 615 616 579 
f 579 616 617 580 
f 580 617 618 581 
f 581 618 619 582 
f 582 619 620 583 
f 583 620 621 584 
f 584 621 622 585 
f 585 622 623 586 
f 586 623 624 587 
f 587 624 625 588 
f 588 625 626 589 
f 589 626 627 590 
f 590 627 628 591 
f 591 628 629 592 
f 592 629 630 593 
f 593 630 631 594 
f 594 631 632 595 
f 595 632 633 596 
f 596 633 634 597 
f 103 104 635 598 
f 598 635 636 599 
f 599 636 637 600 
f 600 637 638 601 
f 601 638 639 602 
f 602 639 640 603 
f 603 640 641 604 
f 604 641 642 605 
f 605 642 643 606 
f 606 643 644 607 
f 607 644 645 608 
f 608 645 646 609 
f 609 646 647 610 
f 610 647 648 611 
f 611 648 649 612 
f 612 649 650 613 
f 613 650 651 614 
f 614 651 652 615 
f 615 652 653 616 
f 616 653 654 617 
f 617 654 655 618 
f 618 655 656 619 
f 619 656 657 620 
f 620 657 658 621 
f 621 658 659 622 
f 622 659 660 623 
f 623 660 661 624 
f 624 661 662 625 
f 625 662 663 626 
f 626 663 664 627 
f 627 664 665 628 
f 628 665 666 629 
f 629 666 667 630 
f 630 667 668 631 
f 631 668 669 632 
f 632 669 670 633 
f 633 670 671 634 
f 104 672 673 635 
f 635 673 674 636 
f 636 674 675 637 
f 637 675 676 638 
f 638 676 677 639 
f 639 677 678 640 
f 640 678 679 641 
f 641 679 680 642 
f 642 680 681 643 
f 643 681 682 644 
f 644 682 683 645 
f 645 683 684 646 
f 646 684 685 647 
f 647 685 686 648 
f 648 686 687 649 
f 649 687 688 650 
f 650 688 689 651 
f 651 689 690 652 
f 652 690 691 653 
f 653 691 692 654 
f 654 692 693 655 
f 655 693 694 656 
f 656 694 695 657 
f 657 695 696 658 
f 658 696 697 659 
f 659 697 698 660 
f 660 698 699 661 
f 661 699 700 662 
f 662 700 701 663 
f 663 701 702 664 
f 664 702 703 665 
f 665 703 704 666 
f 666 704 705 667 
f 667 705 706 668 
f 668 706 707 669 
f 669 707 708 670 
f 670 708 709 671 
f 672 710 711 673 
f 673 711 712 674 
f 674 712 713 675 
f 675 713 714 676 
f 676 714 715 677 
f 677 715 716 678 
f 678 716 717 679 
f 679 717 718 680 
f 680 718 719 681 
f 681 719 720 682 
f 682 720 721 683 
f 683 721 722 684 
f 684 722 723 685 
f 685 723 724 686 
f 686 724 725 687 
f 687 725 726 688 
f 688 726 727 689 
f 689 727 728 690 
f 690 728 729 691 
f 691 729 730 692 
f 692 730 731 693 
f 693 731 732 694 
f 694 732 733 695 
f 695 733 734 696 
f 696 734 735 697 
f 697 735 736 698 
f 698 736 737 699 
f 699 737 738 700 
f 700 738 739 701 
f 701 739 740 702 
f 702 740 741 703 
f 703 741 742 704 
f 704 742 743 705 
f 705 743 744 706 
f 706 744 745 707 
f 707 745 746 708 
f 708 746 747 709 
f 710 105 748 711 
f 711 748 749 712 
f 712 749 750 713 
f 713 750 751 714 
f 714 751 752 715 
f 715 752 753 716 
f 716 753 754 717 
f 717 754 755 718 
f 718 755 756 719 
f 719 756 757 720 
f 720 757 758 721 
f 721 758 759 722 
f 722 759 760 723 
f 723 760 761 724 
f 724 761 762 725 
f 725 762 763 726 
f 726 763 764 727 
f 727 764 765 728 
f 728 765 766 729 
f 729 766 767 730 
f 730 767 768 731 
f 731 768 769 732 
f 732 769 770 733 
f 733 770 771 734 
f 734 771 772 735 
f 735 772 773 736 
f 736 773 774 737 
f 737 774 775 738 
f 738 775 776 739 
f 739 776 777 740 
f 740 777 778 741 
f 741 778 779 742 
f 742 779 780 743 
f 743 780 781 744 
f 744 781 782 745 
f 745 782 783 746 
f 746 783 784 747 
f 105 785 786 748 
f 748 786 787 749 
f 749 787 788 750 
f 750 788 789 751 
f 751 789 790 752 
f 752 790 791 753 
f 753 791 792 754 
f 754 792 793 755 
f 755 793 794 756 
f 756 794 795 757 
f 757 795 796 758 
f 758 796 797 759 
f 759 797 798 760 
f 760 798 799 761 
f 761 799 800 762 
f 762 800 801 763 
f 763 801 802 764 
f 764 802 803 765 
f 765 803 804 766 
f 766 804 805 767 
f 767 805 806 768 
f 768 806 807 769 
f 769 807 808 770 
f 770 808 809 771 
f 771 809 810 772 
f 772 810 811 773 
f 773 811 812 774 
f 774 812 813 775 
f 775 813 814 776 
f 776 814 815 777 
f 777 815 816 778 
f 778 816 817 779 
f 779 817 818 780 
f 780 818 819 781 
f 781 819 820 782 
f 782 820 821 783 
f 783 821 822 784 
f 785 106 823 786 
f 786 823 824 787 
f 787 824 825 788 
f 788 825 826 789 
f 789 826 827 790 
f 790 827 828 791 
f 791 828 829 792 
f 792 829 830 793 
f 793 830 831 794 
f 794 831 832 795 
f 795 832 833 796 
f 796 833 834 797 
f 797 834 835 798 
f 798 835 836 799 
f 799 836 837 800 
f 800 837 838 801 
f 801 838 839 802 
f 802 839 840 803 
f 803 840 841 804 
f 804 841 842 805 
f 805 842 843 806 
f 806 843 844 807 
f 807 844 845 808 
f 808 845 846 809 
f 809 846 847 810 
f 810 847 848 811 
f 811 848 849 812 
f 812 849 850 813 
f 813 850 851 814 
f 814 851 852 815 
f 815 852 853 816 
f 816 853 854 817 
f 817 854 855 818 
f 818 855 856 819 
f 819 856 857 820 
f 820 857 858 821 
f 821 858 859 822 
f 106 860 861 823 
f 823 861 862 824 
f 824 862 863 825 
f 825 863 864 826 
f 826 864 865 827 
f 827 865 866 828 
f 828 866 867 829 
f 829 867 868 830 
f 830 868 869 831 
f 831 869 870 832 
f 832 870 871 833 
f 833 871 872 834 
f 834 872 873 835 
f 835 873 874 836 
f 836 874 875 837 
f 837 875 876 838 
f 838 876 877 839 
f 839 877 878 840 
f 840 878 879 841 
f 841 879 880 842 
f 842 880 881 843 
f 843 881 882 844 
f 844 882 883 845 
f 845 883 884 846 
f 846 884 885 847 
f 847 885 886 848 
f 848 886 887 849 
f 849 887 888 850 
f 850 888 889 851 
f 851 889 890 852 
f 852 890 891 853 
f 853 891 892 854 
f 854 892 893 855 
f 855 893 894 856 
f 856 894 895 857 
f 857 895 896 858 
f 858 896 897 859 
f 860 898 899 861 
f 861 899 900 862 
f 862 900 901 863 
f 863 901 902 864 
f 864 902 903 865 
f 865 903 904 866 
f 866 904 905 867 
f 867 905 906 868 
f 868 906 907 869 
f 869 907 908 870 
f 870 908 909 871 
f 871 909 910 872 
f 872 910 911 873 
f 873 911 912 874 
f 874 912 913 875 
f 875 913 914 876 
f 876 914 915 877 
f 877 915 916 878 
f 878 916 917 879 
f 879 917 918 880 
f 880 918 919 881 
f 881 919 920 882 
f 882 920 921 883 
f 883 921 922 884 
f 884 922 923 885 
f 885 923 924 886 
f 886 924 925 887 
f 887 925 926 888 
f 888 926 927 889 
f 889 927 928 890 
f 890 928 929 891 
f 891 929 930 892 
f 892 930 931 893 
f 893 931 932 894 
f 894 932 933 895 
f 895 933 934 896 
f 896 934 935 897 
f 898 936 937 899 
f 899 937 938 900 
f 900 938 939 901 
f 901 939 940 902 
f 902 940 941 903 
f 903 941 942 904 
f 904 942 943 905 
f 905 943 944 906 
f 906 944 945 907 
f 907 945 946 908 
f 908 946 947 909 
f 909 947 948 910 
f 910 948 949 911 
f 911 949 950 912 
f 912 950 951 913 
f 913 951 952 914 
f 914 952 953 915 
f 915 953 954 916 
f 916 954 955 917 
f 917 955 956 918 
f 918 956 957 919 
f 919 957 958 920 
f 920 958 959 921 
f 921 959 960 922 
f 922 960 961 923 
f 923 961 962 924 
f 924 962 963 925 
f 925 963 964 926 
f 926 964 965 927 
f 927 965 966 928 
f 928 966 967 929 
f 929 967 968 930 
f 930 968 969 931 
f 931 969 970 932 
f 932 970 971 933 
f 933 971 972 934 
f 934 972 973 935 
f 936 974 975 937 
f 937 975 976 938 
f 938 976 977 939 
f 939 977 978 940 
f 940 978 979 941 
f 941 979 980 942 
f 942 980 981 943 
f 943 981 982 944 
f 944 982 983 945 
f 945 983 984 946 
f 946 984 985 947 
f 947 985 986 948 
f 948 986 987 949 
f 949 987 988 950 
f 950 988 989 951 
f 951 989 990 952 
f 952 990 991 953 
f 953 991 992 954 
f 954 992 993 955 
f 955 993 994 956 
f 956 994 995 957 
f 957 995 996 958 
f 958 996 997 959 
f 959 997 998 960 
f 960 998 999 961 
f 961 999 1000 962 
f 962 1000 1001 963 
f 963 1001 1002 964 
f 964 1002 1003 965 
f 965 1003 1004 966 
f 966 1004 1005 967 
f 967 1005 1006 968 
f 968 1006 1007 969 
f 969 1007 1008 970 
f 970 1008 1009 971 
f 971 1009 1010 972 
f 972 1010 1011 973 
f 974 208 1012 975 
f 975 1012 1013 976 
f 976 1013 1014 977 
f 977 1014 1015 978 
f 978 1015 1016 979 
f 979 1016 1017 980 
f 980 1017 1018 981 
f 981 1018 1019 982 
f 982 1019 1020 983 
f 983 1020 1021 984 
f 984 1021 1022 985 
f 985 1022 1023 986 
f 986 1023 1024 987 
f 987 1024 1025 988 
f 988 1025 1026 989 
f 989 1026 1027 990 
f 990 1027 1028 991 
f 991 1028 1029 992 
f 992 1029 1030 993 
f 993 1030 1031 994 
f 994 1031 1032 995 
f 995 1032 1033 996 
f 996 1033 1034 997 
f 997 1034 1035 998 
f 998 1035 1036 999 
f 999 1036 1037 1000 
f 1000 1037 1038 1001 
f 1001 1038 1039 1002 
f 1002 1039 1040 1003 
f 1003 1040 1041 1004 
f 1004 1041 1042 1005 
f 1005 1042 1043 1006 
f 1006 1043 1044 1007 
f 1007 1044 1045 1008 
f 1008 1045 1046 1009 
f 1009 1046 1047 1010 
f 1010 1047 1048 1011 
f 208 207 1049 1012 
f 1012 1049 1050 1013 
f 1013 1050 1051 1014 
f 1014 1051 1052 1015 
f 1015 1052 1053 1016 
f 1016 1053 1054 1017 
f 1017 1054 1055 1018 
f 1018 1055 1056 1019 
f 1019 1056 1057 1020 
f 1020 1057 1058 1021 
f 1021 1058 1059 1022 
f 1022 1059 1060 1023 
f 1023 1060 1061 1024 
f 1024 1061 1062 1025 
f 1025 1062 1063 1026 
f 1026 1063 1064 1027 
f 1027 1064 1065 1028 
f 1028 1065 1066 1029 
f 1029 1066 1067 1030 
f 1030 1067 1068 1031 
f 1031 1068 1069 1032 
f 1032 1069 1070 1033 
f 1033 1070 1071 1034 
f 1034 1071 1072 1035 
f 1035 1072 1073 1036 
f 1036 1073 1074 1037 
f 1037 1074 1075 1038 
f 1038 1075 1076 1039 
f 1039 1076 1077 1040 
f 1040 1077 1078 1041 
f 1041 1078 1079 1042 
f 1042 1079 1080 1043 
f 1043 1080 1081 1044 
f 1044 1081 1082 1045 
f 1045 1082 1083 1046 
f 1046 1083 1084 1047 
f 1047 1084 1085 1048 
f 207 1087 1088 1049 
f 1049 1088 1089 1050 
f 1050 1089 1090 1051 
f 1051 1090 1091 1052 
f 1052 1091 1092 1053 
f 1053 1092 1093 1054 
f 1054 1093 1094 1055 
f 1055 1094 1095 1056 
f 1056 1095 1096 1057 
f 1057 1096 1097 1058 
f 1058 1097 1098 1059 
f 1059 1098 1099 1060 
f 1060 1099 1100 1061 
f 1061 1100 1101 1062 
f 1062 1101 1102 1063 
f 1063 1102 1103 1064 
f 1064 1103 1104 1065 
f 1065 1104 1105 1066 
f 1066 1105 1106 1067 
f 1067 1106 1107 1068 
f 1068 1107 1108 1069 
f 1069 1108 1109 1070 
f 1070 1109 1110 1071 
f 1071 1110 1111 1072 
f 1072 1111 1112 1073 
f 1073 1112 1113 1074 
f 1074 1113 1114 1075 
f 1075 1114 1115 1076 
f 1076 1115 1116 1077 
f 1077 1116 1117 1078 
f 1078 1117 1118 1079 
f 1079 1118 1119 1080 
f 1080 1119 1120 1081 
f 1081 1120 1121 1082 
f 1082 1121 1122 1083 
f 1083 1122 1123 1084 
f 1084 1123 1124 1085 
f 1558 1586 1125 1086 
f 1086 1125 1126 1087 
f 1087 1126 1127 1088 
f 1088 1127 1128 1089 
f 1089 1128 1129 1090 
f 1090 1129 1130 1091 
f 1091 1130 1131 1092 
f 1092 1131 1132 1093 
f 1093 1132 1133 1094 
f 1094 1133 1134 1095 
f 1095 1134 1135 1096 
f 1096 1135 1136 1097 
f 1097 1136 1137 1098 
f 1098 1137 1138 1099 
f 1099 1138 1139 1100 
f 1100 1139 1140 1101 
f 1101 1140 1141 1102 
f 1102 1141 1142 1103 
f 1103 1142 1143 1104 
f 1104 1143 1144 1105 
f 1105 1144 1145 1106 
f 1106 1145 1146 1107 
f 1107 1146 1147 1108 
f 1108 1147 1148 1109 
f 1109 1148 1149 1110 
f 1110 1149 1150 1111 
f 1111 1150 1151 1112 
f 1112 1151 1152 1113 
f 1113 1152 1153 1114 
f 1114 1153 1154 1115 
f 1115 1154 1155 1116 
f 1116 1155 1156 1117 
f 1117 1156 1157 1118 
f 1118 1157 1158 1119 
f 1119 1158 1159 1120 
f 1120 1159 1160 1121 
f 1121 1160 1161 1122 
f 1122 1161 1162 1123 
f 1123 1162 1163 1124 
f 1586 1588 1164 1125 
f 1125 1164 1165 1126 
f 1126 1165 1166 1127 
f 1127 1166 1167 1128 
f 1128 1167 1168 1129 
f 1129 1168 1169 1130 
f 1130 1169 1170 1131 
f 1131 1170 1171 1132 
f 1132 1171 1172 1133 
f 1133 1172 1173 1134 
f 1134 1173 1174 1135 
f 1135 1174 1175 1136 
f 1136 1175 1176 1137 
f 1137 1176 1177 1138 
f 1138 1177 1178 1139 
f 1139 1178 1179 1140 
f 1140 1179 1180 1141 
f 1141 1180 1181 1142 
f 1142 1181 1182 1143 
f 1143 1182 1183 1144 
f 1144 1183 1184 1145 
f 1145 1184 1185 1146 
f 1146 1185 1186 1147 
f 1147 1186 1187 1148 
f 1148 1187 1188 1149 
f 1149 1188 1189 1150 
f 1150 1189 1190 1151 
f 1151 1190 1191 1152 
f 1152 1191 1192 1153 
f 1153 1192 1193 1154 
f 1154 1193 1194 1155 
f 1155 1194 1195 1156 
f 1156 1195 1196 1157 
f 1157 1196 1197 1158 
f 1158 1197 1198 1159 
f 1159 1198 1199 1160 
f 1160 1199 1200 1161 
f 1161 1200 1201 1162 
f 1162 1201 1202 1163 
f 1588 1590 1203 1164 
f 1164 1203 1204 1165 
f 1165 1204 1205 1166 
f 1166 1205 1206 1167 
f 1167 1206 1207 1168 
f 1168 1207 1208 1169 
f 1169 1208 1209 1170 
f 1170 1209 1210 1171 
f 1171 1210 1211 1172 
f 1172 1211 1212 1173 
f 1173 1212 1213 1174 
f 1174 1213 1214 1175 
f 1175 1214 1215 1176 
f 1176 1215 1216 1177 
f 1177 1216 1217 1178 
f 1178 1217 1218 1179 
f 1179 1218 1219 1180 
f 1180 1219 1220 1181 
f 1181 1220 1221 1182 
f 1182 1221 1222 1183 
f 1183 1222 1223 1184 
f 1184 1223 1224 1185 
f 1185 1224 1225 1186 
f 1186 1225 1226 1187 
f 1187 1226 1227 1188 
f 1188 1227 1228 1189 
f 1189 1228 1229 1190 
f 1190 1229 1230 1191 
f 1191 1230 1231 1192 
f 1192 1231 1232 1193 
f 1193 1232 1233 1194 
f 1194 1233 1234 1195 
f 1195 1234 1235 1196 
f 1196 1235 1236 1197 
f 1197 1236 1237 1198 
f 1198 1237 1238 1199 
f 1199 1238 1239 1200 
f 1200 1239 1240 1201 
f 1201 1240 1241 1202 
f 1590 1592 1242 1203 
f 1203 1242 1243 1204 
f 1204 1243 1244 1205 
f 1205 1244 1245 1206 
f 1206 1245 1246 1207 
f 1207 1246 1247 1208 
f 1208 1247 1248 1209 
f 1209 1248 1249 1210 
f 1210 1249 1250 1211 
f 1211 1250 1251 1212 
f 1212 1251 1252 1213 
f 1213 1252 1253 1214 
f 1214 1253 1254 1215 
f 1215 1254 1255 1216 
f 1216 1255 1256 1217 
f 1217 1256 1257 1218 
f 1218 1257 1258 1219 
f 1219 1258 1259 1220 
f 1220 1259 1260 1221 
f 1221 1260 1261 1222 
f 1222 1261 1262 1223 
f 1223 1262 1263 1224 
f 1224 1263 1264 1225 
f 1225 1264 1265 1226 
f 1226 1265 1266 1227 
f 1227 1266 1267 1228 
f 1228 1267 1268 1229 
f 1229 1268 1269 1230 
f 1230 1269 1270 1231 
f 1231 1270 1271 1232 
f 1232 1271 1272 1233 
f 1233 1272 1273 1234 
f 1234 1273 1274 1235 
f 1235 1274 1275 1236 
f 1236 1275 1276 1237 
f 1237 1276 1277 1238 
f 1238 1277 1278 1239 
f 1239 1278 1279 1240 
f 1240 1279 1280 1241 
f 1592 1594 1281 1242 
f 1242 1281 1282 1243 
f 1243 1282 1283 1244 
f 1244 1283 1284 1245 
f 1245 1284 1285 1246 
f 1246 1285 1286 1247 
f 1247 1286 1287 1248 
f 1248 1287 1288 1249 
f 1249 1288 1289 1250 
f 1250 1289 1290 1251 
f 1251 1290 1291 1252 
f 1252 1291 1292 1253 
f 1253 1292 1293 1254 
f 1254 1293 1294 1255 
f 1255 1294 1295 1256 
f 1256 1295 1296 1257 
f 1257 1296 1297 1258 
f 1258 1297 1298 1259 
f 1259 1298 1299 1260 
f 1260 1299 1300 1261 
f 1261 1300 1301 1262 
f 1262 1301 1302 1263 
f 1263 1302 1303 1264 
f 1264 1303 1304 1265 
f 1265 1304 1305 1266 
f 1266 1305 1306 1267 
f 1267 1306 1307 1268 
f 1268 1307 1308 1269 
f 1269 1308 1309 1270 
f 1270 1309 1310 1271 
f 1271 1310 1311 1272 
f 1272 1311 1312 1273 
f 1273 1312 1313 1274 
f 1274 1313 1314 1275 
f 1275 1314 1315 1276 
f 1276 1315 1316 1277 
f 1277 1316 1317 1278 
f 1278 1317 1318 1279 
f 1279 1318 1319 1280 
f 1594 1596 1320 1281 
f 1281 1320 1321 1282 
f 1282 1321 1322 1283 
f 1283 1322 1323 1284 
f 1284 1323 1324 1285 
f 1285 1324 1325 1286 
f 1286 1325 1326 1287 
f 1287 1326 1327 1288 
f 1288 1327 1328 1289 
f 1289 1328 1329 1290 
f 1290 1329 1330 1291 
f 1291 1330 1331 1292 
f 1292 1331 1332 1293 
f 1293 1332 1333 1294 
f 1294 1333 1334 1295 
f 1295 1334 1335 1296 
f 1296 1335 1336 1297 
f 1297 1336 1337 1298 
f 1298 1337 1338 1299 
f 1299 1338 1339 1300 
f 1300 1339 1340 1301 
f 1301 1340 1341 1302 
f 1302 1341 1342 1303 
f 1303 1342 1343 1304 
f 1304 1343 1344 1305 
f 1305 1344 1345 1306 
f 1306 1345 1346 1307 
f 1307 1346 1347 1308 
f 1308 1347 1348 1309 
f 1309 1348 1349 1310 
f 1310 1349 1350 1311 
f 1311 1350 1351 1312 
f 1312 1351 1352 1313 
f 1313 1352 1353 1314 
f 1314 1353 1354 1315 
f 1315 1354 1355 1316 
f 1316 1355 1356 1317 
f 1317 1356 1357 1318 
f 1318 1357 1358 1319 
f 1596 1598 1359 1320 
f 1320 1359 1360 1321 
f 1321 1360 1361 1322 
f 1322 1361 1362 1323 
f 1323 1362 1363 1324 
f 1324 1363 1364 1325 
f 1325 1364 1365 1326 
f 1326 1365 1366 1327 
f 1327 1366 1367 1328 
f 1328 1367 1368 1329 
f 1329 1368 1369 1330 
f 1330 1369 1370 1331 
f 1331 1370 1371 1332 
f 1332 1371 1372 1333 
f 1333 1372 1373 1334 
f 1334 1373 1374 1335 
f 1335 1374 1375 1336 
f 1336 1375 1376 1337 
f 1337 1376 1377 1338 
f 1338 1377 1378 1339 
f 1339 1378 1379 1340 
f 1340 1379 1380 1341 
f 1341 1380 1381 1342 
f 1342 1381 1382 1343 
f 1343 1382 1383 1344 
f 1344 1383 1384 1345 
f 1345 1384 1385 1346 
f 1346 1385 1386 1347 
f 1347 1386 1387 1348 
f 1348 1387 1388 1349 
f 1349 1388 1389 1350 
f 1350 1389 1390 1351 
f 1351 1390 1391 1352 
f 1352 1391 1392 1353 
f 1353 1392 1393 1354 
f 1354 1393 1394 1355 
f 1355 1394 1395 1356 
f 1356 1395 1396 1357 
f 1357 1396 1397 1358 
f 1598 1600 1398 1359 
f 1359 1398 1399 1360 
f 1360 1399 1400 1361 
f 1361 1400 1401 1362 
f 1362 1401 1402 1363 
f 1363 1402 1403 1364 
f 1364 1403 1404 1365 
f 1365 1404 1405 1366 
f 1366 1405 1406 1367 
f 1367 1406 1407 1368 
f 1368 1407 1408 1369 
f 1369 1408 1409 1370 
f 1370 1409 1410 1371 
f 1371 1410 1411 1372 
f 1372 1411 1412 1373 
f 1373 1412 1413 1374 
f 1374 1413 1414 1375 
f 1375 1414 1415 1376 
f 1376 1415 1416 1377 
f 1377 1416 1417 1378 
f 1378 1417 1418 1379 
f 1379 1418 1419 1380 
f 1380 1419 1420 1381 
f 1381 1420 1421 1382 
f 1382 1421 1422 1383 
f 1383 1422 1423 1384 
f 1384 1423 1424 1385 
f 1385 1424 1425 1386 
f 1386 1425 1426 1387 
f 1387 1426 1427 1388 
f 1388 1427 1428 1389 
f 1389 1428 1429 1390 
f 1390 1429 1430 1391 
f 1391 1430 1431 1392 
f 1392 1431 1432 1393 
f 1393 1432 1433 1394 
f 1394 1433 1434 1395 
f 1395 1434 1435 1396 
f 1396 1435 1436 1397 
f 1398 209 210 1399 
f 1399 210 211 1400 
f 1400 211 212 1401 
f 1401 212 213 1402 
f 1402 213 214 1403 
f 1403 214 215 1404 
f 1404 215 216 1405 
f 1405 216 217 1406 
f 1406 217 218 1407 
f 1407 218 219 1408 
f 1408 219 220 1409 
f 1409 220 221 1410 
f 1410 221 222 1411 
f 1411 222 223 1412 
f 1412 223 224 1413 
f 1413 224 225 1414 
f 1414 225 226 1415 
f 1415 226 227 1416 
f 1416 227 228 1417 
f 1417 228 229 1418 
f 1418 229 230 1419 
f 1419 230 231 1420 
f 1420 231 232 1421 
f 1421 232 233 1422 
f 1422 233 234 1423 
f 1423 234 235 1424 
f 1424 235 236 1425 
f 1425 236 237 1426 
f 1426 237 238 1427 
f 1427 238 239 1428 
f 1428 239 240 1429 
f 1429 240 241 1430 
f 1430 241 242 1431 
f 1431 242 243 1432 
f 1432 243 244 1433 
f 1433 244 245 1434 
f 1434 245 246 1435 
f 1435 246 247 1436 
f 1530 1600 1529 
f 1510 248 209 1509 
f 1534 1535 1398 
f 1535 1536 1398 
f 1536 1537 1398 
f 1537 1538 1398 
f 1538 1505 209 1398 
f 1505 1506 209 
f 1506 1507 209 
f 209 1507 1508 
f 209 1508 1509 
f 1533 1534 1398 
f 1532 1533 1398 1600 
f 1602 1525 1526 
f 1602 1524 1525 
f 1600 1602 1526 1527 
f 1600 1527 1528 
f 1600 1528 1529 
f 1530 1531 1600 
f 1531 1532 1600 
f 1523 1524 1602 
f 1522 1523 1602 
f 1521 1522 1602 1570 
f 1520 1521 1570 
f 1519 1520 1570 
f 1518 1519 1570 
f 1517 1518 1570 
f 1516 1517 1570 
f 1515 1516 1570 248 
f 1514 1515 248 
f 1513 1514 248 
f 1512 1513 248 
f 1511 1512 248 
f 1510 1511 248 
s 2
f 1472 2893 2889 1471 
f 1473 2896 2893 1472 
f 1474 2899 2896 1473 
f 1475 2902 2899 1474 
f 1476 2905 2902 1475 
f 1477 2908 2905 1476 
f 1478 2911 2908 1477 
f 1479 2914 2911 1478 
f 1480 2917 2914 1479 
f 1481 2920 2917 1480 
f 1482 2923 2920 1481 
f 1483 2926 2923 1482 
f 1484 2929 2926 1483 
f 1485 2932 2929 1484 
f 1486 2935 2932 1485 
f 1487 2938 2935 1486 
f 1488 2941 2938 1487 
f 1489 2944 2941 1488 
f 1490 2947 2944 1489 
f 1491 2950 2947 1490 
f 1492 2953 2950 1491 
f 1493 2956 2953 1492 
f 1494 2959 2956 1493 
f 1495 2962 2959 1494 
f 1496 2965 2962 1495 
f 1497 2968 2965 1496 
f 1498 2971 2968 1497 
f 1499 2974 2971 1498 
f 1500 2977 2974 1499 
f 1501 2980 2977 1500 
f 1502 2983 2980 1501 
f 1503 2986 2983 1502 
f 1504 2989 2986 1503 
f 1471 2889 2989 1504 
f 1471 1437 1438 1472 
f 1472 1438 1439 1473 
f 1473 1439 1440 1474 
f 1474 1440 1441 1475 
f 1475 1441 1442 1476 
f 1476 1442 1443 1477 
f 1477 1443 1444 1478 
f 1478 1444 1445 1479 
f 1479 1445 1446 1480 
f 1480 1446 1447 1481 
f 1481 1447 1448 1482 
f 1482 1448 1449 1483 
f 1483 1449 1450 1484 
f 1484 1450 1451 1485 
f 1485 1451 1452 1486 
f 1486 1452 1453 1487 
f 1487 1453 1454 1488 
f 1488 1454 1455 1489 
f 1489 1455 1456 1490 
f 1490 1456 1457 1491 
f 1491 1457 1458 1492 
f 1492 1458 1459 1493 
f 1493 1459 1460 1494 
f 1494 1460 1461 1495 
f 1495 1461 1462 1496 
f 1496 1462 1463 1497 
f 1497 1463 1464 1498 
f 1498 1464 1465 1499 
f 1499 1465 1466 1500 
f 1500 1466 1467 1501 
f 1501 1467 1468 1502 
f 1502 1468 1469 1503 
f 1503 1469 1470 1504 
f 1504 1470 1437 1471 
s 1
f 1438 1437 1506 1505 
f 1437 1470 1507 1506 
f 1470 1469 1508 1507 
f 1469 1468 1509 1508 
f 1468 1467 1510 1509 
f 1467 1466 1511 1510 
f 1466 1465 1512 1511 
f 1465 1464 1513 1512 
f 1464 1463 1514 1513 
f 1463 1462 1515 1514 
f 1462 1461 1516 1515 
f 1461 1460 1517 1516 
f 1460 1459 1518 1517 
f 1459 1458 1519 1518 
f 1458 1457 1520 1519 
f 1457 1456 1521 1520 
f 1456 1455 1522 1521 
f 1455 1454 1523 1522 
f 1454 1453 1524 1523 
f 1453 1452 1525 1524 
f 1452 1451 1526 1525 
f 1451 1450 1527 1526 
f 1450 1449 1528 1527 
f 1449 1448 1529 1528 
f 1448 1447 1530 1529 
f 1447 1446 1531 1530 
f 1446 1445 1532 1531 
f 1445 1444 1533 1532 
f 1444 1443 1534 1533 
f 1443 1442 1535 1534 
f 1442 1441 1536 1535 
f 1441 1440 1537 1536 
f 1440 1439 1538 1537 
f 1439 1438 1505 1538 
f 784 822 4532 4511 
f 822 859 4534 4532 
f 709 747 4512 4510 
f 597 634 4509 4513 
f 1436 247 3446 3461 
f 1542 1540 1539 1541 
f 1546 1544 1543 1545 
f 1548 1546 1545 1547 
f 1550 1548 1547 1549 
f 1552 1550 1549 1551 
f 1554 1542 1541 1553 
f 1544 1554 1553 1543 
f 1558 1556 1555 1557 
f 1562 1560 1559 1561 
f 1560 1564 1563 1559 
f 1564 1566 1565 1563 
f 1566 1552 1551 1565 
f 1556 1568 1567 1555 
f 1568 1562 1561 1567 
f 1572 1570 1569 1571 
f 1574 1572 1571 1573 
f 1576 1574 1573 1575 
f 1578 1576 1575 1577 
f 1580 1578 1577 1579 
f 1582 1580 1579 1581 
f 1584 1582 1581 1583 
f 1540 1584 1583 1539 
f 1586 1558 1557 1585 
f 1588 1586 1585 1587 
f 1590 1588 1587 1589 
f 1592 1590 1589 1591 
f 1594 1592 1591 1593 
f 1596 1594 1593 1595 
f 1598 1596 1595 1597 
f 1600 1598 1597 1599 
f 1602 1600 1599 1601 
f 1570 1602 1601 1569 
s off
f 1604 1603 1539 1583 
f 1605 1604 1583 1581 
f 1606 1605 1581 1579 
f 1607 1606 1579 1577 
f 1608 1607 1577 1575 
f 1609 1608 1575 1573 
f 1610 1609 1573 1571 
f 1611 1610 1571 1569 
f 1612 1611 1569 1601 
f 1613 1612 1601 1599 
f 1614 1613 1599 1597 
f 1615 1614 1597 1595 
f 1616 1615 1595 1593 
f 1617 1616 1593 1591 
f 1618 1617 1591 1589 
f 1619 1618 1589 1587 
f 1620 1619 1587 1585 
f 1621 1620 1585 1557 
f 1622 1621 1557 1555 
f 1623 1622 1555 1567 
f 1624 1623 1567 1561 
f 1625 1624 1561 1559 
f 1626 1625 1559 1563 
f 1627 1626 1563 1565 
f 1628 1627 1565 1551 
f 1629 1628 1551 1549 
f 1630 1629 1549 1547 
f 1631 1630 1547 1545 
f 1632 1631 1545 1543 
f 1633 1632 1543 1553 
f 1634 1633 1553 1541 
f 1603 1634 1541 1539 
f 1603 1604 1635 
f 1604 1605 1635 
f 1605 1606 1635 
f 1606 1607 1635 
f 1607 1608 1635 
f 1608 1609 1635 
f 1609 1610 1635 
f 1610 1611 1635 
f 1611 1612 1635 
f 1612 1613 1635 
f 1613 1614 1635 
f 1614 1615 1635 
f 1615 1616 1635 
f 1616 1617 1635 
f 1617 1618 1635 
f 1618 1619 1635 
f 1619 1620 1635 
f 1620 1621 1635 
f 1621 1622 1635 
f 1622 1623 1635 
f 1623 1624 1635 
f 1624 1625 1635 
f 1625 1626 1635 
f 1626 1627 1635 
f 1627 1628 1635 
f 1628 1629 1635 
f 1629 1630 1635 
f 1630 1631 1635 
f 1631 1632 1635 
f 1632 1633 1635 
f 1633 1634 1635 
f 1634 1603 1635 
s 1
f 1636 1652 1647 1846 
f 1638 1637 1652 1636 
f 1639 1651 1637 1638 
f 1641 1640 1651 1639 
f 1642 1650 1640 1641 
f 1643 1649 1650 1642 
f 1644 1648 1649 1643 
f 1646 1645 1648 1644 
s 2
f 1652 1717 1719 1647 
f 1723 1648 1645 1720 
f 1726 1649 1648 1723 
f 1729 1650 1649 1726 
f 1732 1640 1650 1729 
f 1735 1651 1640 1732 
f 1738 1637 1651 1735 
f 1717 1652 1637 1738 
s 1
f 1697 1700 1701 1658 
f 1665 1694 1697 1658 
f 1681 1691 1694 1665 
f 1667 1688 1691 1681 
f 1669 1685 1688 1667 
f 1669 1702 1703 1685 
s 2
f 1704 1705 1679 1885 
f 1779 1706 1707 1782 
s 4
f 1890 1713 1714 1785 
f 1673 1716 1739 
f 1736 1673 1739 
f 1718 1716 1673 1683 
f 1724 1721 1699 1662 
f 1727 1724 1662 
f 1733 1698 1695 
f 1733 1695 1692 
f 1733 1692 1689 
f 1733 1689 1686 
f 1736 1733 1686 1673 
f 1733 1730 1662 1698 
f 1730 1727 1662 
s 1
f 1700 1663 1659 1660 
f 1701 1656 1653 1654 
f 1702 1678 1675 1676 
f 1703 1671 1670 1672 
s 2
f 1704 1674 1670 1671 
f 1705 1676 1675 1677 
f 1706 1655 1653 1656 
f 1707 1660 1659 1661 
s 4
f 1708 1677 1675 1678 
f 1714 1654 1653 1655 
s 1
f 1700 1697 1696 1663 
f 1701 1700 1660 1656 
f 1658 1701 1654 1657 
f 1697 1694 1693 1696 
f 1665 1658 1657 1664 
f 1694 1691 1690 1693 
f 1681 1665 1664 1680 
f 1691 1688 1687 1690 
f 1667 1681 1680 1666 
f 1688 1685 1684 1687 
f 1669 1667 1666 1668 
f 1702 1669 1668 1678 
f 1703 1702 1676 1671 
f 1685 1703 1672 1684 
s 2
f 1705 1704 1671 1676 
f 1679 1705 1677 1937 
f 1704 1885 1682 1674 
f 1706 1779 1830 1655 
f 1707 1706 1656 1660 
f 1782 1707 1661 1831 
s 4
f 1708 1940 1937 1677 
f 1709 1708 1678 1668 
f 1710 1709 1668 1666 
f 1711 1710 1666 1680 
f 1712 1711 1680 1664 
f 1713 1712 1664 1657 
f 1714 1713 1657 1654 
f 1785 1714 1655 1830 
f 1683 1673 1674 1682 
f 1662 1699 1831 1661 
f 1695 1698 1696 1693 
f 1692 1695 1693 1690 
f 1689 1692 1690 1687 
f 1686 1689 1687 1684 
f 1673 1686 1684 1672 
f 1698 1662 1663 1696 
f 1662 1659 1663 
f 1673 1670 1674 
f 1890 1712 1713 
f 1890 1711 1712 
f 1890 1710 1711 
f 1890 1709 1710 
f 1890 1940 1708 1709 
f 1662 1661 1659 
f 1673 1672 1670 
s 2
f 1719 1717 1715 1946 
f 1723 1720 1837 1722 
f 1726 1723 1722 1725 
f 1729 1726 1725 1728 
f 1732 1729 1728 1731 
f 1735 1732 1731 1734 
f 1738 1735 1734 1737 
f 1717 1738 1737 1715 
s 4
f 1739 1716 1715 1737 
f 1736 1739 1737 1734 
f 1716 1718 1946 1715 
f 1721 1724 1722 1837 
f 1724 1727 1725 1722 
f 1733 1736 1734 1731 
f 1730 1733 1731 1728 
f 1727 1730 1728 1725 
s 1
f 1740 1955 1742 1741 
f 1743 1740 1741 1744 
f 1745 1743 1744 1746 
f 1747 1745 1746 1748 
f 1749 1747 1748 1750 
f 1751 1749 1750 1752 
f 1753 1751 1752 1754 
f 1646 1753 1754 1645 
s 2
f 1741 1742 1969 1755 
f 1756 1720 1645 1754 
f 1757 1756 1754 1752 
f 1758 1757 1752 1750 
f 1759 1758 1750 1748 
f 1760 1759 1748 1746 
f 1761 1760 1746 1744 
f 1755 1761 1744 1741 
s 1
f 1762 1765 1764 1763 
f 1766 1765 1762 1767 
f 1768 1766 1767 1769 
f 1770 1768 1769 1771 
f 1772 1770 1771 1773 
f 1772 1773 1775 1774 
s 2
f 1776 1992 1778 1777 
f 1779 1782 1781 1780 
s 4
f 1890 1785 1784 1783 
f 1786 1788 1787 
f 1789 1788 1786 
f 1790 2002 1786 1787 
f 1791 1792 1699 1721 
f 1793 1792 1791 
f 1794 1796 1795 
f 1794 1797 1796 
f 1794 1798 1797 
f 1794 1799 1798 
f 1789 1786 1799 1794 
f 1794 1795 1792 1800 
f 1800 1792 1793 
s 1
f 1763 1803 1802 1801 
f 1764 1806 1805 1804 
f 1774 1809 1808 1807 
f 1775 1812 1811 1810 
s 2
f 1776 1810 1811 1813 
f 1777 1814 1808 1809 
f 1780 1804 1805 1815 
f 1781 1816 1802 1803 
s 4
f 1817 1807 1808 1814 
f 1784 1815 1805 1806 
s 1
f 1763 1801 1818 1762 
f 1764 1804 1803 1763 
f 1765 1819 1806 1764 
f 1762 1818 1820 1767 
f 1766 1821 1819 1765 
f 1767 1820 1822 1769 
f 1768 1823 1821 1766 
f 1769 1822 1824 1771 
f 1770 1825 1823 1768 
f 1771 1824 1826 1773 
f 1772 1827 1825 1770 
f 1774 1807 1827 1772 
f 1775 1810 1809 1774 
f 1773 1826 1812 1775 
s 2
f 1777 1809 1810 1776 
f 1778 1828 1814 1777 
f 1776 1813 1829 1992 
f 1780 1815 1830 1779 
f 1781 1803 1804 1780 
f 1782 1831 1816 1781 
s 4
f 1817 1814 1828 2040 
f 1832 1827 1807 1817 
f 1833 1825 1827 1832 
f 1834 1823 1825 1833 
f 1835 1821 1823 1834 
f 1783 1819 1821 1835 
f 1784 1806 1819 1783 
f 1785 1830 1815 1784 
f 2002 1829 1813 1786 
f 1792 1816 1831 1699 
f 1796 1820 1818 1795 
f 1797 1822 1820 1796 
f 1798 1824 1822 1797 
f 1799 1826 1824 1798 
f 1786 1812 1826 1799 
f 1795 1818 1801 1792 
f 1792 1801 1802 
f 1786 1813 1811 
f 1890 1783 1835 
f 1890 1835 1834 
f 1890 1834 1833 
f 1890 1833 1832 
f 1890 1832 1817 2040 
f 1792 1802 1816 
f 1786 1811 1812 
s 2
f 1969 2045 1836 1755 
f 1756 1838 1837 1720 
f 1757 1839 1838 1756 
f 1758 1840 1839 1757 
f 1759 1841 1840 1758 
f 1760 1842 1841 1759 
f 1761 1843 1842 1760 
f 1755 1836 1843 1761 
s 4
f 1788 1843 1836 1787 
f 1789 1842 1843 1788 
f 1787 1836 2045 1790 
f 1721 1837 1838 1791 
f 1791 1838 1839 1793 
f 1794 1841 1842 1789 
f 1800 1840 1841 1794 
f 1793 1839 1840 1800 
s 1
f 1844 1846 1647 1845 
f 1847 1844 1845 1848 
f 1849 1847 1848 1850 
f 1851 1849 1850 1852 
f 1853 1851 1852 1854 
f 1855 1853 1854 1856 
f 1857 1855 1856 1858 
f 1859 1857 1858 1860 
s 2
f 1845 1647 1719 1861 
f 1862 1863 1860 1858 
f 1864 1862 1858 1856 
f 1865 1864 1856 1854 
f 1866 1865 1854 1852 
f 1867 1866 1852 1850 
f 1868 1867 1850 1848 
f 1861 1868 1848 1845 
s 1
f 1869 1872 1871 1870 
f 1873 1872 1869 1874 
f 1875 1873 1874 1876 
f 1877 1875 1876 1878 
f 1879 1877 1878 1880 
f 1879 1880 1882 1881 
s 2
f 1883 1885 1679 1884 
f 1886 1889 1888 1887 
s 4
f 1890 1893 1892 1891 
f 1894 1896 1895 
f 1897 1896 1894 
f 1718 1683 1894 1895 
f 1898 1901 1900 1899 
f 1902 1901 1898 
f 1903 1905 1904 
f 1903 1906 1905 
f 1903 1907 1906 
f 1903 1908 1907 
f 1897 1894 1908 1903 
f 1903 1904 1901 1909 
f 1909 1901 1902 
s 1
f 1870 1912 1911 1910 
f 1871 1915 1914 1913 
f 1881 1918 1917 1916 
f 1882 1921 1920 1919 
s 2
f 1883 1919 1920 1922 
f 1884 1923 1917 1918 
f 1887 1913 1914 1924 
f 1888 1925 1911 1912 
s 4
f 1926 1916 1917 1923 
f 1892 1924 1914 1915 
s 1
f 1870 1910 1927 1869 
f 1871 1913 1912 1870 
f 1872 1928 1915 1871 
f 1869 1927 1929 1874 
f 1873 1930 1928 1872 
f 1874 1929 1931 1876 
f 1875 1932 1930 1873 
f 1876 1931 1933 1878 
f 1877 1934 1932 1875 
f 1878 1933 1935 1880 
f 1879 1936 1934 1877 
f 1881 1916 1936 1879 
f 1882 1919 1918 1881 
f 1880 1935 1921 1882 
s 2
f 1884 1918 1919 1883 
f 1679 1937 1923 1884 
f 1883 1922 1682 1885 
f 1887 1924 1938 1886 
f 1888 1912 1913 1887 
f 1889 1939 1925 1888 
s 4
f 1926 1923 1937 1940 
f 1941 1936 1916 1926 
f 1942 1934 1936 1941 
f 1943 1932 1934 1942 
f 1944 1930 1932 1943 
f 1891 1928 1930 1944 
f 1892 1915 1928 1891 
f 1893 1938 1924 1892 
f 1683 1682 1922 1894 
f 1901 1925 1939 1900 
f 1905 1929 1927 1904 
f 1906 1931 1929 1905 
f 1907 1933 1931 1906 
f 1908 1935 1933 1907 
f 1894 1921 1935 1908 
f 1904 1927 1910 1901 
f 1901 1910 1911 
f 1894 1922 1920 
f 1890 1891 1944 
f 1890 1944 1943 
f 1890 1943 1942 
f 1890 1942 1941 
f 1890 1941 1926 1940 
f 1901 1911 1925 
f 1894 1920 1921 
s 2
f 1719 1946 1945 1861 
f 1862 1948 1947 1863 
f 1864 1949 1948 1862 
f 1865 1950 1949 1864 
f 1866 1951 1950 1865 
f 1867 1952 1951 1866 
f 1868 1953 1952 1867 
f 1861 1945 1953 1868 
s 4
f 1896 1953 1945 1895 
f 1897 1952 1953 1896 
f 1895 1945 1946 1718 
f 1899 1947 1948 1898 
f 1898 1948 1949 1902 
f 1903 1951 1952 1897 
f 1909 1950 1951 1903 
f 1902 1949 1950 1909 
s 1
f 1954 1956 1742 1955 
f 1957 1958 1956 1954 
f 1959 1960 1958 1957 
f 1961 1962 1960 1959 
f 1963 1964 1962 1961 
f 1965 1966 1964 1963 
f 1967 1968 1966 1965 
f 1859 1860 1968 1967 
s 2
f 1956 1970 1969 1742 
f 1971 1968 1860 1863 
f 1972 1966 1968 1971 
f 1973 1964 1966 1972 
f 1974 1962 1964 1973 
f 1975 1960 1962 1974 
f 1976 1958 1960 1975 
f 1970 1956 1958 1976 
s 1
f 1977 1980 1979 1978 
f 1981 1982 1977 1978 
f 1983 1984 1982 1981 
f 1985 1986 1984 1983 
f 1987 1988 1986 1985 
f 1987 1990 1989 1988 
s 2
f 1991 1993 1778 1992 
f 1886 1995 1994 1889 
s 4
f 1890 1997 1996 1893 
f 1998 2000 1999 
f 2001 1998 1999 
f 1790 2000 1998 2002 
f 2003 1899 1900 2004 
f 2005 2003 2004 
f 2006 2008 2007 
f 2006 2007 2009 
f 2006 2009 2010 
f 2006 2010 2011 
f 2001 2006 2011 1998 
f 2006 2012 2004 2008 
f 2012 2005 2004 
s 1
f 1980 2015 2014 2013 
f 1979 2018 2017 2016 
f 1990 2021 2020 2019 
f 1989 2024 2023 2022 
s 2
f 1991 2025 2023 2024 
f 1993 2019 2020 2026 
f 1995 2027 2017 2018 
f 1994 2013 2014 2028 
s 4
f 2029 2026 2020 2021 
f 1996 2016 2017 2027 
s 1
f 1980 1977 2030 2015 
f 1979 1980 2013 2018 
f 1978 1979 2016 2031 
f 1977 1982 2032 2030 
f 1981 1978 2031 2033 
f 1982 1984 2034 2032 
f 1983 1981 2033 2035 
f 1984 1986 2036 2034 
f 1985 1983 2035 2037 
f 1986 1988 2038 2036 
f 1987 1985 2037 2039 
f 1990 1987 2039 2021 
f 1989 1990 2019 2024 
f 1988 1989 2022 2038 
s 2
f 1993 1991 2024 2019 
f 1778 1993 2026 1828 
f 1991 1992 1829 2025 
f 1995 1886 1938 2027 
f 1994 1995 2018 2013 
f 1889 1994 2028 1939 
s 4
f 2029 2040 1828 2026 
f 2041 2029 2021 2039 
f 2042 2041 2039 2037 
f 2043 2042 2037 2035 
f 2044 2043 2035 2033 
f 1997 2044 2033 2031 
f 1996 1997 2031 2016 
f 1893 1996 2027 1938 
f 2002 1998 2025 1829 
f 2004 1900 1939 2028 
f 2007 2008 2030 2032 
f 2009 2007 2032 2034 
f 2010 2009 2034 2036 
f 2011 2010 2036 2038 
f 1998 2011 2038 2022 
f 2008 2004 2015 2030 
f 2004 2014 2015 
f 1998 2023 2025 
f 1890 2044 1997 
f 1890 2043 2044 
f 1890 2042 2043 
f 1890 2041 2042 
f 1890 2040 2029 2041 
f 2004 2028 2014 
f 1998 2022 2023 
s 2
f 1969 1970 2046 2045 
f 1971 1863 1947 2047 
f 1972 1971 2047 2048 
f 1973 1972 2048 2049 
f 1974 1973 2049 2050 
f 1975 1974 2050 2051 
f 1976 1975 2051 2052 
f 1970 1976 2052 2046 
s 4
f 1999 2000 2046 2052 
f 2001 1999 2052 2051 
f 2000 1790 2045 2046 
f 1899 2003 2047 1947 
f 2003 2005 2048 2047 
f 2006 2001 2051 2050 
f 2012 2006 2050 2049 
f 2005 2012 2049 2048 
s 1
f 2053 2069 2064 2263 
f 2055 2054 2069 2053 
f 2056 2068 2054 2055 
f 2058 2057 2068 2056 
f 2059 2067 2057 2058 
f 2060 2066 2067 2059 
f 2061 2065 2066 2060 
f 2063 2062 2065 2061 
s 2
f 2069 2134 2136 2064 
f 2140 2065 2062 2137 
f 2143 2066 2065 2140 
f 2146 2067 2066 2143 
f 2149 2057 2067 2146 
f 2152 2068 2057 2149 
f 2155 2054 2068 2152 
f 2134 2069 2054 2155 
s 1
f 2114 2117 2118 2075 
f 2082 2111 2114 2075 
f 2098 2108 2111 2082 
f 2084 2105 2108 2098 
f 2086 2102 2105 2084 
f 2086 2119 2120 2102 
s 2
f 2121 2122 2096 2302 
f 2196 2123 2124 2199 
s 4
f 2307 2130 2131 2202 
f 2090 2133 2156 
f 2153 2090 2156 
f 2135 2133 2090 2100 
f 2141 2138 2116 2079 
f 2144 2141 2079 
f 2150 2115 2112 
f 2150 2112 2109 
f 2150 2109 2106 
f 2150 2106 2103 
f 2153 2150 2103 2090 
f 2150 2147 2079 2115 
f 2147 2144 2079 
s 1
f 2117 2080 2076 2077 
f 2118 2073 2070 2071 
f 2119 2095 2092 2093 
f 2120 2088 2087 2089 
s 2
f 2121 2091 2087 2088 
f 2122 2093 2092 2094 
f 2123 2072 2070 2073 
f 2124 2077 2076 2078 
s 4
f 2125 2094 2092 2095 
f 2131 2071 2070 2072 
s 1
f 2117 2114 2113 2080 
f 2118 2117 2077 2073 
f 2075 2118 2071 2074 
f 2114 2111 2110 2113 
f 2082 2075 2074 2081 
f 2111 2108 2107 2110 
f 2098 2082 2081 2097 
f 2108 2105 2104 2107 
f 2084 2098 2097 2083 
f 2105 2102 2101 2104 
f 2086 2084 2083 2085 
f 2119 2086 2085 2095 
f 2120 2119 2093 2088 
f 2102 2120 2089 2101 
s 2
f 2122 2121 2088 2093 
f 2096 2122 2094 2354 
f 2121 2302 2099 2091 
f 2123 2196 2247 2072 
f 2124 2123 2073 2077 
f 2199 2124 2078 2248 
s 4
f 2125 2357 2354 2094 
f 2126 2125 2095 2085 
f 2127 2126 2085 2083 
f 2128 2127 2083 2097 
f 2129 2128 2097 2081 
f 2130 2129 2081 2074 
f 2131 2130 2074 2071 
f 2202 2131 2072 2247 
f 2100 2090 2091 2099 
f 2079 2116 2248 2078 
f 2112 2115 2113 2110 
f 2109 2112 2110 2107 
f 2106 2109 2107 2104 
f 2103 2106 2104 2101 
f 2090 2103 2101 2089 
f 2115 2079 2080 2113 
f 2079 2076 2080 
f 2090 2087 2091 
f 2307 2129 2130 
f 2307 2128 2129 
f 2307 2127 2128 
f 2307 2126 2127 
f 2307 2357 2125 2126 
f 2079 2078 2076 
f 2090 2089 2087 
s 2
f 2136 2134 2132 2363 
f 2140 2137 2254 2139 
f 2143 2140 2139 2142 
f 2146 2143 2142 2145 
f 2149 2146 2145 2148 
f 2152 2149 2148 2151 
f 2155 2152 2151 2154 
f 2134 2155 2154 2132 
s 4
f 2156 2133 2132 2154 
f 2153 2156 2154 2151 
f 2133 2135 2363 2132 
f 2138 2141 2139 2254 
f 2141 2144 2142 2139 
f 2150 2153 2151 2148 
f 2147 2150 2148 2145 
f 2144 2147 2145 2142 
s 1
f 2157 2372 2159 2158 
f 2160 2157 2158 2161 
f 2162 2160 2161 2163 
f 2164 2162 2163 2165 
f 2166 2164 2165 2167 
f 2168 2166 2167 2169 
f 2170 2168 2169 2171 
f 2063 2170 2171 2062 
s 2
f 2158 2159 2386 2172 
f 2173 2137 2062 2171 
f 2174 2173 2171 2169 
f 2175 2174 2169 2167 
f 2176 2175 2167 2165 
f 2177 2176 2165 2163 
f 2178 2177 2163 2161 
f 2172 2178 2161 2158 
s 1
f 2179 2182 2181 2180 
f 2183 2182 2179 2184 
f 2185 2183 2184 2186 
f 2187 2185 2186 2188 
f 2189 2187 2188 2190 
f 2189 2190 2192 2191 
s 2
f 2193 2409 2195 2194 
f 2196 2199 2198 2197 
s 4
f 2307 2202 2201 2200 
f 2203 2205 2204 
f 2206 2205 2203 
f 2207 2419 2203 2204 
f 2208 2209 2116 2138 
f 2210 2209 2208 
f 2211 2213 2212 
f 2211 2214 2213 
f 2211 2215 2214 
f 2211 2216 2215 
f 2206 2203 2216 2211 
f 2211 2212 2209 2217 
f 2217 2209 2210 
s 1
f 2180 2220 2219 2218 
f 2181 2223 2222 2221 
f 2191 2226 2225 2224 
f 2192 2229 2228 2227 
s 2
f 2193 2227 2228 2230 
f 2194 2231 2225 2226 
f 2197 2221 2222 2232 
f 2198 2233 2219 2220 
s 4
f 2234 2224 2225 2231 
f 2201 2232 2222 2223 
s 1
f 2180 2218 2235 2179 
f 2181 2221 2220 2180 
f 2182 2236 2223 2181 
f 2179 2235 2237 2184 
f 2183 2238 2236 2182 
f 2184 2237 2239 2186 
f 2185 2240 2238 2183 
f 2186 2239 2241 2188 
f 2187 2242 2240 2185 
f 2188 2241 2243 2190 
f 2189 2244 2242 2187 
f 2191 2224 2244 2189 
f 2192 2227 2226 2191 
f 2190 2243 2229 2192 
s 2
f 2194 2226 2227 2193 
f 2195 2245 2231 2194 
f 2193 2230 2246 2409 
f 2197 2232 2247 2196 
f 2198 2220 2221 2197 
f 2199 2248 2233 2198 
s 4
f 2234 2231 2245 2457 
f 2249 2244 2224 2234 
f 2250 2242 2244 2249 
f 2251 2240 2242 2250 
f 2252 2238 2240 2251 
f 2200 2236 2238 2252 
f 2201 2223 2236 2200 
f 2202 2247 2232 2201 
f 2419 2246 2230 2203 
f 2209 2233 2248 2116 
f 2213 2237 2235 2212 
f 2214 2239 2237 2213 
f 2215 2241 2239 2214 
f 2216 2243 2241 2215 
f 2203 2229 2243 2216 
f 2212 2235 2218 2209 
f 2209 2218 2219 
f 2203 2230 2228 
f 2307 2200 2252 
f 2307 2252 2251 
f 2307 2251 2250 
f 2307 2250 2249 
f 2307 2249 2234 2457 
f 2209 2219 2233 
f 2203 2228 2229 
s 2
f 2386 2462 2253 2172 
f 2173 2255 2254 2137 
f 2174 2256 2255 2173 
f 2175 2257 2256 2174 
f 2176 2258 2257 2175 
f 2177 2259 2258 2176 
f 2178 2260 2259 2177 
f 2172 2253 2260 2178 
s 4
f 2205 2260 2253 2204 
f 2206 2259 2260 2205 
f 2204 2253 2462 2207 
f 2138 2254 2255 2208 
f 2208 2255 2256 2210 
f 2211 2258 2259 2206 
f 2217 2257 2258 2211 
f 2210 2256 2257 2217 
s 1
f 2261 2263 2064 2262 
f 2264 2261 2262 2265 
f 2266 2264 2265 2267 
f 2268 2266 2267 2269 
f 2270 2268 2269 2271 
f 2272 2270 2271 2273 
f 2274 2272 2273 2275 
f 2276 2274 2275 2277 
s 2
f 2262 2064 2136 2278 
f 2279 2280 2277 2275 
f 2281 2279 2275 2273 
f 2282 2281 2273 2271 
f 2283 2282 2271 2269 
f 2284 2283 2269 2267 
f 2285 2284 2267 2265 
f 2278 2285 2265 2262 
s 1
f 2286 2289 2288 2287 
f 2290 2289 2286 2291 
f 2292 2290 2291 2293 
f 2294 2292 2293 2295 
f 2296 2294 2295 2297 
f 2296 2297 2299 2298 
s 2
f 2300 2302 2096 2301 
f 2303 2306 2305 2304 
s 4
f 2307 2310 2309 2308 
f 2311 2313 2312 
f 2314 2313 2311 
f 2135 2100 2311 2312 
f 2315 2318 2317 2316 
f 2319 2318 2315 
f 2320 2322 2321 
f 2320 2323 2322 
f 2320 2324 2323 
f 2320 2325 2324 
f 2314 2311 2325 2320 
f 2320 2321 2318 2326 
f 2326 2318 2319 
s 1
f 2287 2329 2328 2327 
f 2288 2332 2331 2330 
f 2298 2335 2334 2333 
f 2299 2338 2337 2336 
s 2
f 2300 2336 2337 2339 
f 2301 2340 2334 2335 
f 2304 2330 2331 2341 
f 2305 2342 2328 2329 
s 4
f 2343 2333 2334 2340 
f 2309 2341 2331 2332 
s 1
f 2287 2327 2344 2286 
f 2288 2330 2329 2287 
f 2289 2345 2332 2288 
f 2286 2344 2346 2291 
f 2290 2347 2345 2289 
f 2291 2346 2348 2293 
f 2292 2349 2347 2290 
f 2293 2348 2350 2295 
f 2294 2351 2349 2292 
f 2295 2350 2352 2297 
f 2296 2353 2351 2294 
f 2298 2333 2353 2296 
f 2299 2336 2335 2298 
f 2297 2352 2338 2299 
s 2
f 2301 2335 2336 2300 
f 2096 2354 2340 2301 
f 2300 2339 2099 2302 
f 2304 2341 2355 2303 
f 2305 2329 2330 2304 
f 2306 2356 2342 2305 
s 4
f 2343 2340 2354 2357 
f 2358 2353 2333 2343 
f 2359 2351 2353 2358 
f 2360 2349 2351 2359 
f 2361 2347 2349 2360 
f 2308 2345 2347 2361 
f 2309 2332 2345 2308 
f 2310 2355 2341 2309 
f 2100 2099 2339 2311 
f 2318 2342 2356 2317 
f 2322 2346 2344 2321 
f 2323 2348 2346 2322 
f 2324 2350 2348 2323 
f 2325 2352 2350 2324 
f 2311 2338 2352 2325 
f 2321 2344 2327 2318 
f 2318 2327 2328 
f 2311 2339 2337 
f 2307 2308 2361 
f 2307 2361 2360 
f 2307 2360 2359 
f 2307 2359 2358 
f 2307 2358 2343 2357 
f 2318 2328 2342 
f 2311 2337 2338 
s 2
f 2136 2363 2362 2278 
f 2279 2365 2364 2280 
f 2281 2366 2365 2279 
f 2282 2367 2366 2281 
f 2283 2368 2367 2282 
f 2284 2369 2368 2283 
f 2285 2370 2369 2284 
f 2278 2362 2370 2285 
s 4
f 2313 2370 2362 2312 
f 2314 2369 2370 2313 
f 2312 2362 2363 2135 
f 2316 2364 2365 2315 
f 2315 2365 2366 2319 
f 2320 2368 2369 2314 
f 2326 2367 2368 2320 
f 2319 2366 2367 2326 
s 1
f 2371 2373 2159 2372 
f 2374 2375 2373 2371 
f 2376 2377 2375 2374 
f 2378 2379 2377 2376 
f 2380 2381 2379 2378 
f 2382 2383 2381 2380 
f 2384 2385 2383 2382 
f 2276 2277 2385 2384 
s 2
f 2373 2387 2386 2159 
f 2388 2385 2277 2280 
f 2389 2383 2385 2388 
f 2390 2381 2383 2389 
f 2391 2379 2381 2390 
f 2392 2377 2379 2391 
f 2393 2375 2377 2392 
f 2387 2373 2375 2393 
s 1
f 2394 2397 2396 2395 
f 2398 2399 2394 2395 
f 2400 2401 2399 2398 
f 2402 2403 2401 2400 
f 2404 2405 2403 2402 
f 2404 2407 2406 2405 
s 2
f 2408 2410 2195 2409 
f 2303 2412 2411 2306 
s 4
f 2307 2414 2413 2310 
f 2415 2417 2416 
f 2418 2415 2416 
f 2207 2417 2415 2419 
f 2420 2316 2317 2421 
f 2422 2420 2421 
f 2423 2425 2424 
f 2423 2424 2426 
f 2423 2426 2427 
f 2423 2427 2428 
f 2418 2423 2428 2415 
f 2423 2429 2421 2425 
f 2429 2422 2421 
s 1
f 2397 2432 2431 2430 
f 2396 2435 2434 2433 
f 2407 2438 2437 2436 
f 2406 2441 2440 2439 
s 2
f 2408 2442 2440 2441 
f 2410 2436 2437 2443 
f 2412 2444 2434 2435 
f 2411 2430 2431 2445 
s 4
f 2446 2443 2437 2438 
f 2413 2433 2434 2444 
s 1
f 2397 2394 2447 2432 
f 2396 2397 2430 2435 
f 2395 2396 2433 2448 
f 2394 2399 2449 2447 
f 2398 2395 2448 2450 
f 2399 2401 2451 2449 
f 2400 2398 2450 2452 
f 2401 2403 2453 2451 
f 2402 2400 2452 2454 
f 2403 2405 2455 2453 
f 2404 2402 2454 2456 
f 2407 2404 2456 2438 
f 2406 2407 2436 2441 
f 2405 2406 2439 2455 
s 2
f 2410 2408 2441 2436 
f 2195 2410 2443 2245 
f 2408 2409 2246 2442 
f 2412 2303 2355 2444 
f 2411 2412 2435 2430 
f 2306 2411 2445 2356 
s 4
f 2446 2457 2245 2443 
f 2458 2446 2438 2456 
f 2459 2458 2456 2454 
f 2460 2459 2454 2452 
f 2461 2460 2452 2450 
f 2414 2461 2450 2448 
f 2413 2414 2448 2433 
f 2310 2413 2444 2355 
f 2419 2415 2442 2246 
f 2421 2317 2356 2445 
f 2424 2425 2447 2449 
f 2426 2424 2449 2451 
f 2427 2426 2451 2453 
f 2428 2427 2453 2455 
f 2415 2428 2455 2439 
f 2425 2421 2432 2447 
f 2421 2431 2432 
f 2415 2440 2442 
f 2307 2461 2414 
f 2307 2460 2461 
f 2307 2459 2460 
f 2307 2458 2459 
f 2307 2457 2446 2458 
f 2421 2445 2431 
f 2415 2439 2440 
s 2
f 2386 2387 2463 2462 
f 2388 2280 2364 2464 
f 2389 2388 2464 2465 
f 2390 2389 2465 2466 
f 2391 2390 2466 2467 
f 2392 2391 2467 2468 
f 2393 2392 2468 2469 
f 2387 2393 2469 2463 
s 4
f 2416 2417 2463 2469 
f 2418 2416 2469 2468 
f 2417 2207 2462 2463 
f 2316 2420 2464 2364 
f 2420 2422 2465 2464 
f 2423 2418 2468 2467 
f 2429 2423 2467 2466 
f 2422 2429 2466 2465 
s 1
f 2470 2486 2481 2680 
f 2472 2471 2486 2470 
f 2473 2485 2471 2472 
f 2475 2474 2485 2473 
f 2476 2484 2474 2475 
f 2477 2483 2484 2476 
f 2478 2482 2483 2477 
f 2480 2479 2482 2478 
s 2
f 2486 2551 2553 2481 
f 2557 2482 2479 2554 
f 2560 2483 2482 2557 
f 2563 2484 2483 2560 
f 2566 2474 2484 2563 
f 2569 2485 2474 2566 
f 2572 2471 2485 2569 
f 2551 2486 2471 2572 
s 1
f 2531 2534 2535 2492 
f 2499 2528 2531 2492 
f 2515 2525 2528 2499 
f 2501 2522 2525 2515 
f 2503 2519 2522 2501 
f 2503 2536 2537 2519 
s 2
f 2538 2539 2513 2719 
f 2613 2540 2541 2616 
s 4
f 2724 2547 2548 2619 
f 2507 2550 2573 
f 2570 2507 2573 
f 2552 2550 2507 2517 
f 2558 2555 2533 2496 
f 2561 2558 2496 
f 2567 2532 2529 
f 2567 2529 2526 
f 2567 2526 2523 
f 2567 2523 2520 
f 2570 2567 2520 2507 
f 2567 2564 2496 2532 
f 2564 2561 2496 
s 1
f 2534 2497 2493 2494 
f 2535 2490 2487 2488 
f 2536 2512 2509 2510 
f 2537 2505 2504 2506 
s 2
f 2538 2508 2504 2505 
f 2539 2510 2509 2511 
f 2540 2489 2487 2490 
f 2541 2494 2493 2495 
s 4
f 2542 2511 2509 2512 
f 2548 2488 2487 2489 
s 1
f 2534 2531 2530 2497 
f 2535 2534 2494 2490 
f 2492 2535 2488 2491 
f 2531 2528 2527 2530 
f 2499 2492 2491 2498 
f 2528 2525 2524 2527 
f 2515 2499 2498 2514 
f 2525 2522 2521 2524 
f 2501 2515 2514 2500 
f 2522 2519 2518 2521 
f 2503 2501 2500 2502 
f 2536 2503 2502 2512 
f 2537 2536 2510 2505 
f 2519 2537 2506 2518 
s 2
f 2539 2538 2505 2510 
f 2513 2539 2511 2771 
f 2538 2719 2516 2508 
f 2540 2613 2664 2489 
f 2541 2540 2490 2494 
f 2616 2541 2495 2665 
s 4
f 2542 2774 2771 2511 
f 2543 2542 2512 2502 
f 2544 2543 2502 2500 
f 2545 2544 2500 2514 
f 2546 2545 2514 2498 
f 2547 2546 2498 2491 
f 2548 2547 2491 2488 
f 2619 2548 2489 2664 
f 2517 2507 2508 2516 
f 2496 2533 2665 2495 
f 2529 2532 2530 2527 
f 2526 2529 2527 2524 
f 2523 2526 2524 2521 
f 2520 2523 2521 2518 
f 2507 2520 2518 2506 
f 2532 2496 2497 2530 
f 2496 2493 2497 
f 2507 2504 2508 
f 2724 2546 2547 
f 2724 2545 2546 
f 2724 2544 2545 
f 2724 2543 2544 
f 2724 2774 2542 2543 
f 2496 2495 2493 
f 2507 2506 2504 
s 2
f 2553 2551 2549 2780 
f 2557 2554 2671 2556 
f 2560 2557 2556 2559 
f 2563 2560 2559 2562 
f 2566 2563 2562 2565 
f 2569 2566 2565 2568 
f 2572 2569 2568 2571 
f 2551 2572 2571 2549 
s 4
f 2573 2550 2549 2571 
f 2570 2573 2571 2568 
f 2550 2552 2780 2549 
f 2555 2558 2556 2671 
f 2558 2561 2559 2556 
f 2567 2570 2568 2565 
f 2564 2567 2565 2562 
f 2561 2564 2562 2559 
s 1
f 2574 2789 2576 2575 
f 2577 2574 2575 2578 
f 2579 2577 2578 2580 
f 2581 2579 2580 2582 
f 2583 2581 2582 2584 
f 2585 2583 2584 2586 
f 2587 2585 2586 2588 
f 2480 2587 2588 2479 
s 2
f 2575 2576 2803 2589 
f 2590 2554 2479 2588 
f 2591 2590 2588 2586 
f 2592 2591 2586 2584 
f 2593 2592 2584 2582 
f 2594 2593 2582 2580 
f 2595 2594 2580 2578 
f 2589 2595 2578 2575 
s 1
f 2596 2599 2598 2597 
f 2600 2599 2596 2601 
f 2602 2600 2601 2603 
f 2604 2602 2603 2605 
f 2606 2604 2605 2607 
f 2606 2607 2609 2608 
s 2
f 2610 2826 2612 2611 
f 2613 2616 2615 2614 
s 4
f 2724 2619 2618 2617 
f 2620 2622 2621 
f 2623 2622 2620 
f 2624 2836 2620 2621 
f 2625 2626 2533 2555 
f 2627 2626 2625 
f 2628 2630 2629 
f 2628 2631 2630 
f 2628 2632 2631 
f 2628 2633 2632 
f 2623 2620 2633 2628 
f 2628 2629 2626 2634 
f 2634 2626 2627 
s 1
f 2597 2637 2636 2635 
f 2598 2640 2639 2638 
f 2608 2643 2642 2641 
f 2609 2646 2645 2644 
s 2
f 2610 2644 2645 2647 
f 2611 2648 2642 2643 
f 2614 2638 2639 2649 
f 2615 2650 2636 2637 
s 4
f 2651 2641 2642 2648 
f 2618 2649 2639 2640 
s 1
f 2597 2635 2652 2596 
f 2598 2638 2637 2597 
f 2599 2653 2640 2598 
f 2596 2652 2654 2601 
f 2600 2655 2653 2599 
f 2601 2654 2656 2603 
f 2602 2657 2655 2600 
f 2603 2656 2658 2605 
f 2604 2659 2657 2602 
f 2605 2658 2660 2607 
f 2606 2661 2659 2604 
f 2608 2641 2661 2606 
f 2609 2644 2643 2608 
f 2607 2660 2646 2609 
s 2
f 2611 2643 2644 2610 
f 2612 2662 2648 2611 
f 2610 2647 2663 2826 
f 2614 2649 2664 2613 
f 2615 2637 2638 2614 
f 2616 2665 2650 2615 
s 4
f 2651 2648 2662 2874 
f 2666 2661 2641 2651 
f 2667 2659 2661 2666 
f 2668 2657 2659 2667 
f 2669 2655 2657 2668 
f 2617 2653 2655 2669 
f 2618 2640 2653 2617 
f 2619 2664 2649 2618 
f 2836 2663 2647 2620 
f 2626 2650 2665 2533 
f 2630 2654 2652 2629 
f 2631 2656 2654 2630 
f 2632 2658 2656 2631 
f 2633 2660 2658 2632 
f 2620 2646 2660 2633 
f 2629 2652 2635 2626 
f 2626 2635 2636 
f 2620 2647 2645 
f 2724 2617 2669 
f 2724 2669 2668 
f 2724 2668 2667 
f 2724 2667 2666 
f 2724 2666 2651 2874 
f 2626 2636 2650 
f 2620 2645 2646 
s 2
f 2803 2879 2670 2589 
f 2590 2672 2671 2554 
f 2591 2673 2672 2590 
f 2592 2674 2673 2591 
f 2593 2675 2674 2592 
f 2594 2676 2675 2593 
f 2595 2677 2676 2594 
f 2589 2670 2677 2595 
s 4
f 2622 2677 2670 2621 
f 2623 2676 2677 2622 
f 2621 2670 2879 2624 
f 2555 2671 2672 2625 
f 2625 2672 2673 2627 
f 2628 2675 2676 2623 
f 2634 2674 2675 2628 
f 2627 2673 2674 2634 
s 1
f 2678 2680 2481 2679 
f 2681 2678 2679 2682 
f 2683 2681 2682 2684 
f 2685 2683 2684 2686 
f 2687 2685 2686 2688 
f 2689 2687 2688 2690 
f 2691 2689 2690 2692 
f 2693 2691 2692 2694 
s 2
f 2679 2481 2553 2695 
f 2696 2697 2694 2692 
f 2698 2696 2692 2690 
f 2699 2698 2690 2688 
f 2700 2699 2688 2686 
f 2701 2700 2686 2684 
f 2702 2701 2684 2682 
f 2695 2702 2682 2679 
s 1
f 2703 2706 2705 2704 
f 2707 2706 2703 2708 
f 2709 2707 2708 2710 
f 2711 2709 2710 2712 
f 2713 2711 2712 2714 
f 2713 2714 2716 2715 
s 2
f 2717 2719 2513 2718 
f 2720 2723 2722 2721 
s 4
f 2724 2727 2726 2725 
f 2728 2730 2729 
f 2731 2730 2728 
f 2552 2517 2728 2729 
f 2732 2735 2734 2733 
f 2736 2735 2732 
f 2737 2739 2738 
f 2737 2740 2739 
f 2737 2741 2740 
f 2737 2742 2741 
f 2731 2728 2742 2737 
f 2737 2738 2735 2743 
f 2743 2735 2736 
s 1
f 2704 2746 2745 2744 
f 2705 2749 2748 2747 
f 2715 2752 2751 2750 
f 2716 2755 2754 2753 
s 2
f 2717 2753 2754 2756 
f 2718 2757 2751 2752 
f 2721 2747 2748 2758 
f 2722 2759 2745 2746 
s 4
f 2760 2750 2751 2757 
f 2726 2758 2748 2749 
s 1
f 2704 2744 2761 2703 
f 2705 2747 2746 2704 
f 2706 2762 2749 2705 
f 2703 2761 2763 2708 
f 2707 2764 2762 2706 
f 2708 2763 2765 2710 
f 2709 2766 2764 2707 
f 2710 2765 2767 2712 
f 2711 2768 2766 2709 
f 2712 2767 2769 2714 
f 2713 2770 2768 2711 
f 2715 2750 2770 2713 
f 2716 2753 2752 2715 
f 2714 2769 2755 2716 
s 2
f 2718 2752 2753 2717 
f 2513 2771 2757 2718 
f 2717 2756 2516 2719 
f 2721 2758 2772 2720 
f 2722 2746 2747 2721 
f 2723 2773 2759 2722 
s 4
f 2760 2757 2771 2774 
f 2775 2770 2750 2760 
f 2776 2768 2770 2775 
f 2777 2766 2768 2776 
f 2778 2764 2766 2777 
f 2725 2762 2764 2778 
f 2726 2749 2762 2725 
f 2727 2772 2758 2726 
f 2517 2516 2756 2728 
f 2735 2759 2773 2734 
f 2739 2763 2761 2738 
f 2740 2765 2763 2739 
f 2741 2767 2765 2740 
f 2742 2769 2767 2741 
f 2728 2755 2769 2742 
f 2738 2761 2744 2735 
f 2735 2744 2745 
f 2728 2756 2754 
f 2724 2725 2778 
f 2724 2778 2777 
f 2724 2777 2776 
f 2724 2776 2775 
f 2724 2775 2760 2774 
f 2735 2745 2759 
f 2728 2754 2755 
s 2
f 2553 2780 2779 2695 
f 2696 2782 2781 2697 
f 2698 2783 2782 2696 
f 2699 2784 2783 2698 
f 2700 2785 2784 2699 
f 2701 2786 2785 2700 
f 2702 2787 2786 2701 
f 2695 2779 2787 2702 
s 4
f 2730 2787 2779 2729 
f 2731 2786 2787 2730 
f 2729 2779 2780 2552 
f 2733 2781 2782 2732 
f 2732 2782 2783 2736 
f 2737 2785 2786 2731 
f 2743 2784 2785 2737 
f 2736 2783 2784 2743 
s 1
f 2788 2790 2576 2789 
f 2791 2792 2790 2788 
f 2793 2794 2792 2791 
f 2795 2796 2794 2793 
f 2797 2798 2796 2795 
f 2799 2800 2798 2797 
f 2801 2802 2800 2799 
f 2693 2694 2802 2801 
s 2
f 2790 2804 2803 2576 
f 2805 2802 2694 2697 
f 2806 2800 2802 2805 
f 2807 2798 2800 2806 
f 2808 2796 2798 2807 
f 2809 2794 2796 2808 
f 2810 2792 2794 2809 
f 2804 2790 2792 2810 
s 1
f 2811 2814 2813 2812 
f 2815 2816 2811 2812 
f 2817 2818 2816 2815 
f 2819 2820 2818 2817 
f 2821 2822 2820 2819 
f 2821 2824 2823 2822 
s 2
f 2825 2827 2612 2826 
f 2720 2829 2828 2723 
s 4
f 2724 2831 2830 2727 
f 2832 2834 2833 
f 2835 2832 2833 
f 2624 2834 2832 2836 
f 2837 2733 2734 2838 
f 2839 2837 2838 
f 2840 2842 2841 
f 2840 2841 2843 
f 2840 2843 2844 
f 2840 2844 2845 
f 2835 2840 2845 2832 
f 2840 2846 2838 2842 
f 2846 2839 2838 
s 1
f 2814 2849 2848 2847 
f 2813 2852 2851 2850 
f 2824 2855 2854 2853 
f 2823 2858 2857 2856 
s 2
f 2825 2859 2857 2858 
f 2827 2853 2854 2860 
f 2829 2861 2851 2852 
f 2828 2847 2848 2862 
s 4
f 2863 2860 2854 2855 
f 2830 2850 2851 2861 
s 1
f 2814 2811 2864 2849 
f 2813 2814 2847 2852 
f 2812 2813 2850 2865 
f 2811 2816 2866 2864 
f 2815 2812 2865 2867 
f 2816 2818 2868 2866 
f 2817 2815 2867 2869 
f 2818 2820 2870 2868 
f 2819 2817 2869 2871 
f 2820 2822 2872 2870 
f 2821 2819 2871 2873 
f 2824 2821 2873 2855 
f 2823 2824 2853 2858 
f 2822 2823 2856 2872 
s 2
f 2827 2825 2858 2853 
f 2612 2827 2860 2662 
f 2825 2826 2663 2859 
f 2829 2720 2772 2861 
f 2828 2829 2852 2847 
f 2723 2828 2862 2773 
s 4
f 2863 2874 2662 2860 
f 2875 2863 2855 2873 
f 2876 2875 2873 2871 
f 2877 2876 2871 2869 
f 2878 2877 2869 2867 
f 2831 2878 2867 2865 
f 2830 2831 2865 2850 
f 2727 2830 2861 2772 
f 2836 2832 2859 2663 
f 2838 2734 2773 2862 
f 2841 2842 2864 2866 
f 2843 2841 2866 2868 
f 2844 2843 2868 2870 
f 2845 2844 2870 2872 
f 2832 2845 2872 2856 
f 2842 2838 2849 2864 
f 2838 2848 2849 
f 2832 2857 2859 
f 2724 2878 2831 
f 2724 2877 2878 
f 2724 2876 2877 
f 2724 2875 2876 
f 2724 2874 2863 2875 
f 2838 2862 2848 
f 2832 2856 2857 
s 2
f 2803 2804 2880 2879 
f 2805 2697 2781 2881 
f 2806 2805 2881 2882 
f 2807 2806 2882 2883 
f 2808 2807 2883 2884 
f 2809 2808 2884 2885 
f 2810 2809 2885 2886 
f 2804 2810 2886 2880 
s 4
f 2833 2834 2880 2886 
f 2835 2833 2886 2885 
f 2834 2624 2879 2880 
f 2733 2837 2881 2781 
f 2837 2839 2882 2881 
f 2840 2835 2885 2884 
f 2846 2840 2884 2883 
f 2839 2846 2883 2882 
s 1
f 2890 2892 2887 
f 2892 2895 2887 
f 2895 2898 2887 
f 2898 2901 2887 
f 2901 2904 2887 
f 2904 2907 2887 
f 2907 2910 2887 
f 2910 2913 2887 
f 2913 2916 2887 
f 2916 2919 2887 
f 2919 2922 2887 
f 2922 2925 2887 
f 2925 2928 2887 
f 2928 2931 2887 
f 2931 2934 2887 
f 2934 2937 2887 
f 2937 2940 2887 
f 2940 2943 2887 
f 2943 2946 2887 
f 2946 2949 2887 
f 2949 2952 2887 
f 2952 2955 2887 
f 2955 2958 2887 
f 2958 2961 2887 
f 2961 2964 2887 
f 2964 2967 2887 
f 2967 2970 2887 
f 2970 2973 2887 
f 2973 2976 2887 
f 2976 2979 2887 
f 2979 2982 2887 
f 2982 2985 2887 
f 2985 2988 2887 
f 2988 2890 2887 
s 2
f 2889 2893 2891 2888 
f 2893 2896 2894 2891 
f 2896 2899 2897 2894 
f 2899 2902 2900 2897 
f 2902 2905 2903 2900 
f 2905 2908 2906 2903 
f 2908 2911 2909 2906 
f 2911 2914 2912 2909 
f 2914 2917 2915 2912 
f 2917 2920 2918 2915 
f 2920 2923 2921 2918 
f 2923 2926 2924 2921 
f 2926 2929 2927 2924 
f 2929 2932 2930 2927 
f 2932 2935 2933 2930 
f 2935 2938 2936 2933 
f 2938 2941 2939 2936 
f 2941 2944 2942 2939 
f 2944 2947 2945 2942 
f 2947 2950 2948 2945 
f 2950 2953 2951 2948 
f 2953 2956 2954 2951 
f 2956 2959 2957 2954 
f 2959 2962 2960 2957 
f 2962 2965 2963 2960 
f 2965 2968 2966 2963 
f 2968 2971 2969 2966 
f 2971 2974 2972 2969 
f 2974 2977 2975 2972 
f 2977 2980 2978 2975 
f 2980 2983 2981 2978 
f 2983 2986 2984 2981 
f 2986 2989 2987 2984 
f 2989 2889 2888 2987 
s 1
f 2892 2890 2888 2891 
f 2895 2892 2891 2894 
f 2898 2895 2894 2897 
f 2901 2898 2897 2900 
f 2904 2901 2900 2903 
f 2907 2904 2903 2906 
f 2910 2907 2906 2909 
f 2913 2910 2909 2912 
f 2916 2913 2912 2915 
f 2919 2916 2915 2918 
f 2922 2919 2918 2921 
f 2925 2922 2921 2924 
f 2928 2925 2924 2927 
f 2931 2928 2927 2930 
f 2934 2931 2930 2933 
f 2937 2934 2933 2936 
f 2940 2937 2936 2939 
f 2943 2940 2939 2942 
f 2946 2943 2942 2945 
f 2949 2946 2945 2948 
f 2952 2949 2948 2951 
f 2955 2952 2951 2954 
f 2958 2955 2954 2957 
f 2961 2958 2957 2960 
f 2964 2961 2960 2963 
f 2967 2964 2963 2966 
f 2970 2967 2966 2969 
f 2973 2970 2969 2972 
f 2976 2973 2972 2975 
f 2979 2976 2975 2978 
f 2982 2979 2978 2981 
f 2985 2982 2981 2984 
f 2988 2985 2984 2987 
f 2890 2988 2987 2888 
s 2
f 2993 2991 2990 2992 
f 2995 2993 2992 2994 
f 2997 2995 2994 2996 
f 2999 2997 2996 2998 
f 3001 2999 2998 3000 
f 3003 3001 3000 3002 
f 3005 3003 3002 3004 
f 3007 3005 3004 3006 
f 3009 3007 3006 3008 
f 3011 3009 3008 3010 
f 3013 3011 3010 3012 
f 3015 3013 3012 3014 
f 3017 3015 3014 3016 
f 3019 3017 3016 3018 
f 3021 3019 3018 3020 
f 3023 3021 3020 3022 
f 3025 3023 3022 3024 
f 3027 3025 3024 3026 
f 3029 3027 3026 3028 
f 3031 3029 3028 3030 
f 3033 3031 3030 3032 
f 3035 3033 3032 3034 
f 3037 3035 3034 3036 
f 3039 3037 3036 3038 
f 3041 3039 3038 3040 
f 3043 3041 3040 3042 
f 3045 3043 3042 3044 
f 3047 3045 3044 3046 
f 3049 3047 3046 3048 
f 3051 3049 3048 3050 
f 2991 3051 3050 2990 
s 1
f 3053 3052 2990 3050 
f 3054 3053 3050 3048 
f 3055 3054 3048 3046 
f 3056 3055 3046 3044 
f 3057 3056 3044 3042 
f 3058 3057 3042 3040 
f 3059 3058 3040 3038 
f 3060 3059 3038 3036 
f 3061 3060 3036 3034 
f 3062 3061 3034 3032 
f 3063 3062 3032 3030 
f 3064 3063 3030 3028 
f 3065 3064 3028 3026 
f 3066 3065 3026 3024 
f 3067 3066 3024 3022 
f 3068 3067 3022 3020 
f 3069 3068 3020 3018 
f 3070 3069 3018 3016 
f 3071 3070 3016 3014 
f 3072 3071 3014 3012 
f 3073 3072 3012 3010 
f 3074 3073 3010 3008 
f 3075 3074 3008 3006 
f 3076 3075 3006 3004 
f 3077 3076 3004 3002 
f 3078 3077 3002 3000 
f 3079 3078 3000 2998 
f 3080 3079 2998 2996 
f 3081 3080 2996 2994 
f 3082 3081 2994 2992 
f 3052 3082 2992 2990 
f 3052 3053 3083 
f 3053 3054 3083 
f 3054 3055 3083 
f 3055 3056 3083 
f 3056 3057 3083 
f 3057 3058 3083 
f 3058 3059 3083 
f 3059 3060 3083 
f 3060 3061 3083 
f 3061 3062 3083 
f 3062 3063 3083 
f 3063 3064 3083 
f 3064 3065 3083 
f 3065 3066 3083 
f 3066 3067 3083 
f 3067 3068 3083 
f 3068 3069 3083 
f 3069 3070 3083 
f 3070 3071 3083 
f 3071 3072 3083 
f 3072 3073 3083 
f 3073 3074 3083 
f 3074 3075 3083 
f 3075 3076 3083 
f 3076 3077 3083 
f 3077 3078 3083 
f 3078 3079 3083 
f 3079 3080 3083 
f 3080 3081 3083 
f 3081 3082 3083 
f 3082 3052 3083 
s 2
f 3087 3085 3084 3086 
f 3085 3089 3088 3084 
f 3089 3091 3090 3088 
f 3091 3093 3092 3090 
f 3093 3095 3094 3092 
f 3095 3097 3096 3094 
f 3097 3099 3098 3096 
f 3099 3101 3100 3098 
f 3101 3103 3102 3100 
f 3103 3105 3104 3102 
f 3105 3107 3106 3104 
f 3107 3109 3108 3106 
f 3109 3111 3110 3108 
f 3111 3113 3112 3110 
f 3113 3115 3114 3112 
f 3115 3117 3116 3114 
f 3117 3119 3118 3116 
f 3119 3121 3120 3118 
f 3121 3123 3122 3120 
f 3123 3125 3124 3122 
f 3125 3127 3126 3124 
f 3127 3129 3128 3126 
f 3129 3131 3130 3128 
f 3131 3133 3132 3130 
f 3133 3135 3134 3132 
f 3135 3137 3136 3134 
f 3137 3139 3138 3136 
f 3139 3141 3140 3138 
f 3141 3143 3142 3140 
f 3143 3145 3144 3142 
f 3145 3087 3086 3144 
s 1
f 3147 3146 3084 3088 
f 3148 3147 3088 3090 
f 3149 3148 3090 3092 
f 3150 3149 3092 3094 
f 3151 3150 3094 3096 
f 3152 3151 3096 3098 
f 3153 3152 3098 3100 
f 3154 3153 3100 3102 
f 3155 3154 3102 3104 
f 3156 3155 3104 3106 
f 3157 3156 3106 3108 
f 3158 3157 3108 3110 
f 3159 3158 3110 3112 
f 3160 3159 3112 3114 
f 3161 3160 3114 3116 
f 3162 3161 3116 3118 
f 3163 3162 3118 3120 
f 3164 3163 3120 3122 
f 3165 3164 3122 3124 
f 3166 3165 3124 3126 
f 3167 3166 3126 3128 
f 3168 3167 3128 3130 
f 3169 3168 3130 3132 
f 3170 3169 3132 3134 
f 3171 3170 3134 3136 
f 3172 3171 3136 3138 
f 3173 3172 3138 3140 
f 3174 3173 3140 3142 
f 3175 3174 3142 3144 
f 3176 3175 3144 3086 
f 3146 3176 3086 3084 
f 3146 3147 3177 
f 3147 3148 3177 
f 3148 3149 3177 
f 3149 3150 3177 
f 3150 3151 3177 
f 3151 3152 3177 
f 3152 3153 3177 
f 3153 3154 3177 
f 3154 3155 3177 
f 3155 3156 3177 
f 3156 3157 3177 
f 3157 3158 3177 
f 3158 3159 3177 
f 3159 3160 3177 
f 3160 3161 3177 
f 3161 3162 3177 
f 3162 3163 3177 
f 3163 3164 3177 
f 3164 3165 3177 
f 3165 3166 3177 
f 3166 3167 3177 
f 3167 3168 3177 
f 3168 3169 3177 
f 3169 3170 3177 
f 3170 3171 3177 
f 3171 3172 3177 
f 3172 3173 3177 
f 3173 3174 3177 
f 3174 3175 3177 
f 3175 3176 3177 
f 3176 3146 3177 
f 634 671 4508 4509 
f 747 784 4511 4512 
f 559 597 4513 4514 
f 1011 1048 4670 4672 
f 935 973 4673 4674 
f 1124 1163 3454 4675 
f 897 935 4674 4759 
f 859 897 4759 4534 
f 973 1011 4672 4673 
f 1085 1124 4675 4669 
f 325 364 3449 3448 
f 520 559 4514 3453 
f 1241 1280 3457 3456 
f 1163 1202 3455 3454 
f 3185 3188 3187 3186 
f 3189 3185 3186 3190 
f 3191 3189 3190 3192 
f 3193 3191 3192 3194 
f 3195 3193 3194 3196 
f 3197 3195 3196 
f 3198 3201 3200 3199 
f 3202 3178 4465 3203 
f 3204 3207 3206 3205 
f 3208 3204 3205 3209 
f 3210 4474 3178 3202 
f 3211 3212 3207 3204 
f 3213 3211 3204 3208 
f 3214 3179 4474 3210 
f 3215 3216 3212 3211 
f 3217 3215 3211 3213 
f 3218 4483 3179 3214 
f 3219 3220 3216 3215 
f 3221 3219 3215 3217 
f 3222 4488 4483 3218 
f 3223 3224 3220 3219 
f 3225 3223 3219 3221 
f 3226 4493 4488 3222 
f 3227 3228 3224 3223 
f 3229 3232 3231 3230 
f 3231 3234 3233 3230 
f 3229 3236 3235 3232 
f 4493 3226 3237 4505 
f 3238 3239 3451 3452 
f 3239 3234 3450 3451 
f 3231 3232 3448 3449 
f 4505 3237 3453 4514 
f 3186 3187 3241 3240 
f 3188 3185 3208 3209 
f 3190 3186 3240 3242 
f 3185 3189 3213 3208 
f 3192 3190 3242 3243 
f 3189 3191 3217 3213 
f 3194 3192 3243 3244 
f 3191 3193 3221 3217 
f 3196 3194 3244 3245 
f 3193 3195 3225 3221 
f 3200 3196 3245 3246 
f 3195 3197 3247 
f 3199 3200 3246 3248 
f 3197 3201 3236 3229 
f 3240 3241 3250 3249 
f 3242 3240 3249 3251 
f 3243 3242 3251 3252 
f 3244 3243 3252 3253 
f 3245 3244 3253 3254 
f 3246 3245 3254 3255 
f 3248 3246 3255 4080 
f 3232 3235 3447 3448 
f 3235 3256 3446 3447 
f 3234 3231 3449 3450 
f 3237 3238 3452 3453 
f 3237 3226 3228 3238 
f 3233 3234 3239 3227 
f 3225 3233 3227 3223 
f 3235 3236 3257 3256 
f 3236 3201 3198 3257 
f 3258 3188 3209 3259 
f 3260 3258 3259 3261 
f 3262 3260 3261 3263 
f 3264 3262 3263 3265 
f 3266 3264 3265 3267 
f 3268 3266 3267 3269 
f 3270 3268 3269 3271 
f 3272 3270 3271 3273 
f 3274 3272 3273 3275 
f 3276 3203 4465 4555 
f 3277 3205 3206 3278 
f 3259 3209 3205 3277 
f 3241 3279 4081 3250 
f 3187 3280 3279 3241 
f 3188 3258 3280 3187 
f 3281 3276 4555 4562 
f 3282 3277 3278 3283 
f 3261 3259 3277 3282 
f 3279 3284 4082 4081 
f 3280 3285 3284 3279 
f 3258 3260 3285 3280 
f 3286 3281 4562 4569 
f 3287 3282 3283 3288 
f 3263 3261 3282 3287 
f 3284 3290 3289 4082 
f 3285 3291 3290 3284 
f 3260 3262 3291 3285 
f 3292 3286 4569 3180 
f 3293 3287 3288 3294 
f 3265 3263 3287 3293 
f 3290 3295 4083 3289 
f 3291 3296 3295 3290 
f 3262 3264 3296 3291 
f 3297 3292 3180 3298 
f 3299 3293 3294 3300 
f 3267 3265 3293 3299 
f 3295 3301 3465 4083 
f 3296 3302 3301 3295 
f 3264 3266 3302 3296 
f 3303 3297 3298 3304 
f 3305 3299 3300 3306 
f 3269 3267 3299 3305 
f 3301 3307 3466 3465 
f 3302 3308 3307 3301 
f 3266 3268 3308 3302 
f 3309 3303 3304 3310 
f 3311 3305 3306 3312 
f 3271 3269 3305 3311 
f 3307 3313 4088 3466 
f 3308 3314 3313 3307 
f 3268 3270 3314 3308 
f 3315 3309 3310 3316 
f 3317 3311 3312 3318 
f 3273 3271 3311 3317 
f 3313 3319 4089 4088 
f 3314 3320 3319 3313 
f 3270 3272 3320 3314 
f 3321 3315 3316 4606 
f 3322 3317 3318 3323 
f 3275 3273 3317 3322 
f 3319 3324 3467 4089 
f 3320 3325 3324 3319 
f 3272 3274 3325 3320 
f 3225 3247 3230 3233 
f 3230 3247 3197 3229 
f 3195 3247 3225 
f 3197 3196 3200 3201 
f 3206 3207 3202 3203 
f 3207 3212 3210 3202 
f 3212 3216 3214 3210 
f 3216 3220 3218 3214 
f 3220 3224 3222 3218 
f 3224 3228 3226 3222 
f 3278 3206 3203 3276 
f 3283 3278 3276 3281 
f 3288 3283 3281 3286 
f 3294 3288 3286 3292 
f 3300 3294 3292 3297 
f 3306 3300 3297 3303 
f 3312 3306 3303 3309 
f 3318 3312 3309 3315 
f 3323 3318 3315 3321 
f 3238 3228 3227 3239 
f 3326 3329 3328 3327 
f 3330 3331 3329 3326 
f 3332 3333 3331 3330 
f 3334 3335 3333 3332 
f 3336 3337 3335 3334 
f 3338 3337 3336 
f 3198 3199 3340 3339 
f 3341 3342 3181 4629 
f 3343 3346 3345 3344 
f 3347 3348 3346 3343 
f 3349 3341 4629 4637 
f 3350 3343 3344 3351 
f 3352 3347 3343 3350 
f 3353 3349 4637 4642 
f 3354 3350 3351 3355 
f 3356 3352 3350 3354 
f 3357 3353 4642 4647 
f 3358 3354 3355 3359 
f 3360 3356 3354 3358 
f 3361 3357 4647 3182 
f 3362 3358 3359 3363 
f 3364 3360 3358 3362 
f 3365 3361 3182 3183 
f 3366 3362 3363 3367 
f 3368 3371 3370 3369 
f 3370 3371 3373 3372 
f 3368 3369 3375 3374 
f 3183 4666 3376 3365 
f 3377 3456 3457 3378 
f 3378 3457 3458 3372 
f 3370 3459 3460 3369 
f 4666 3454 3455 3376 
f 3329 3380 3379 3328 
f 3327 3348 3347 3326 
f 3331 3381 3380 3329 
f 3326 3347 3352 3330 
f 3333 3382 3381 3331 
f 3330 3352 3356 3332 
f 3335 3383 3382 3333 
f 3332 3356 3360 3334 
f 3337 3384 3383 3335 
f 3334 3360 3364 3336 
f 3340 3385 3384 3337 
f 3336 3386 3338 
f 3199 3248 3385 3340 
f 3338 3368 3374 3339 
f 3380 3463 3464 3379 
f 3381 3462 3463 3380 
f 3382 4087 3462 3381 
f 3383 4084 4087 3382 
f 3384 4085 4084 3383 
f 3385 4086 4085 3384 
f 3248 4080 4086 3385 
f 3376 3377 3367 3365 
f 3373 3366 3378 3372 
f 3364 3362 3366 3373 
f 3375 3256 3257 3374 
f 3374 3257 3198 3339 
f 3387 3388 3348 3327 
f 3389 3390 3388 3387 
f 3391 3392 3390 3389 
f 3393 3394 3392 3391 
f 3395 3396 3394 3393 
f 3397 3398 3396 3395 
f 3399 3400 3398 3397 
f 3401 3402 3400 3399 
f 3274 3275 3402 3401 
f 3403 3184 3181 3342 
f 3404 3405 3345 3346 
f 3388 3404 3346 3348 
f 3379 3464 4093 3406 
f 3328 3379 3406 3407 
f 3327 3328 3407 3387 
f 3408 4714 3184 3403 
f 3409 3410 3405 3404 
f 3390 3409 3404 3388 
f 3406 4093 3471 3411 
f 3407 3406 3411 3412 
f 3387 3407 3412 3389 
f 3413 3414 4714 3408 
f 3415 3416 3410 3409 
f 3392 3415 3409 3390 
f 3411 3471 3470 3417 
f 3412 3411 3417 3418 
f 3389 3412 3418 3391 
f 3419 4727 3414 3413 
f 3420 3421 3416 3415 
f 3394 3420 3415 3392 
f 3417 3470 4092 3422 
f 3418 3417 3422 3423 
f 3391 3418 3423 3393 
f 3424 3425 4727 3419 
f 3426 3427 3421 3420 
f 3396 3426 3420 3394 
f 3422 4092 4091 3428 
f 3423 3422 3428 3429 
f 3393 3423 3429 3395 
f 3430 4740 3425 3424 
f 3431 3432 3427 3426 
f 3398 3431 3426 3396 
f 3428 4091 3469 3433 
f 3429 3428 3433 3434 
f 3395 3429 3434 3397 
f 3435 3436 4740 3430 
f 3437 3438 3432 3431 
f 3400 3437 3431 3398 
f 3433 3469 4090 3439 
f 3434 3433 3439 3440 
f 3397 3434 3440 3399 
f 3441 4753 3436 3435 
f 3442 3443 3438 3437 
f 3402 3442 3437 3400 
f 3439 4090 3468 3444 
f 3440 3439 3444 3445 
f 3399 3440 3445 3401 
f 3321 4606 4753 3441 
f 3322 3323 3443 3442 
f 3275 3322 3442 3402 
f 3444 3468 3467 3324 
f 3445 3444 3324 3325 
f 3401 3445 3325 3274 
f 3364 3373 3371 3386 
f 3371 3368 3338 3386 
f 3336 3364 3386 
f 3338 3339 3340 3337 
f 3345 3342 3341 3344 
f 3344 3341 3349 3351 
f 3351 3349 3353 3355 
f 3355 3353 3357 3359 
f 3359 3357 3361 3363 
f 3363 3361 3365 3367 
f 3405 3403 3342 3345 
f 3410 3408 3403 3405 
f 3416 3413 3408 3410 
f 3421 3419 3413 3416 
f 3427 3424 3419 3421 
f 3432 3430 3424 3427 
f 3438 3435 3430 3432 
f 3443 3441 3435 3438 
f 3323 3321 3441 3443 
f 3377 3378 3366 3367 
f 3451 442 481 3452 
f 3450 403 442 3451 
f 3447 286 325 3448 
f 3446 247 286 3447 
f 3449 364 403 3450 
f 3452 481 520 3453 
f 3457 1280 1319 3458 
f 3459 1358 1397 3460 
f 3461 3375 3369 3460 
f 3446 3256 3375 3461 
f 3459 3370 3372 3458 
f 3456 3377 3376 3455 
f 3472 3473 3250 4081 
f 3504 3249 3250 3473 
f 3474 3251 3249 3504 
f 3475 3252 3251 3474 
f 3476 3253 3252 3475 
f 3476 3503 3254 3253 
f 3503 3477 3255 3254 
f 3478 4080 3255 3477 
f 3478 3502 4086 4080 
f 3479 4085 4086 3502 
f 3501 4084 4085 3479 
f 3480 4087 4084 3501 
f 3481 3462 4087 3480 
f 3482 3463 3462 3481 
f 3483 3464 3463 3482 
f 3791 4093 3464 3483 
f 3509 3497 3496 3512 
f 3794 3795 3701 3702 
f 3487 3513 3488 3484 
f 3505 3548 3473 3472 
f 3483 3534 3485 3791 
f 3498 3511 3701 3795 
f 3486 3794 3702 3703 
f 3487 3486 3703 3513 
f 3514 3718 3488 3513 
f 3515 3489 3718 3514 
f 3516 3717 3489 3515 
f 3517 3716 3717 3516 
f 3518 3490 3716 3517 
f 3519 3715 3490 3518 
f 3520 3491 3715 3519 
f 3521 3714 3491 3520 
f 3522 3713 3714 3521 
f 3523 3492 3713 3522 
f 3524 3712 3492 3523 
f 3525 3711 3712 3524 
f 3526 3493 3711 3525 
f 3527 3494 3493 3526 
f 3832 3833 3494 3527 
f 3495 3832 3527 3581 
f 3835 3495 3581 3579 
f 3837 3835 3579 3577 
f 3496 3837 3577 3512 
f 3499 3510 3511 3498 
f 3840 3528 3510 3499 
f 3500 3529 3528 3840 
f 3843 3530 3529 3500 
f 3845 3531 3530 3843 
f 3847 3532 3531 3845 
f 3847 3849 3533 3532 
f 3485 3534 3533 3849 
f 3482 3535 3534 3483 
f 3481 3536 3535 3482 
f 3480 3537 3536 3481 
f 3501 3538 3537 3480 
f 3479 3539 3538 3501 
f 3502 3540 3539 3479 
f 3478 3541 3540 3502 
f 3477 3542 3541 3478 
f 3503 3543 3542 3477 
f 3476 3544 3543 3503 
f 3475 3545 3544 3476 
f 3474 3546 3545 3475 
f 3504 3547 3546 3474 
f 3473 3548 3547 3504 
f 3506 3549 3548 3505 
f 3865 3550 3549 3506 
f 3507 3551 3550 3865 
f 3508 3552 3551 3507 
f 3869 3553 3552 3508 
f 3871 3554 3553 3869 
f 3497 3509 3554 3871 
f 3548 3549 3555 3547 
f 3549 3550 3556 3555 
f 3547 3555 3557 3546 
f 3555 3556 3558 3557 
f 3546 3557 3559 3545 
f 3557 3558 3560 3559 
f 3550 3551 3561 3556 
f 3551 3552 3562 3561 
f 3552 3553 3563 3562 
f 3553 3554 3564 3563 
f 3556 3561 3565 3558 
f 3561 3562 3566 3565 
f 3562 3563 3567 3566 
f 3563 3564 3568 3567 
f 3564 3569 3570 3568 
f 3558 3565 3571 3560 
f 3565 3566 3572 3571 
f 3566 3567 3573 3572 
f 3567 3568 3574 3573 
f 3568 3570 3575 3574 
f 3554 3509 3569 3564 
f 3509 3512 3576 3569 
f 3512 3577 3578 3576 
f 3577 3579 3580 3578 
f 3579 3581 3582 3580 
f 3581 3527 3526 3582 
f 3569 3576 3583 3570 
f 3576 3578 3585 3583 
f 3570 3583 3584 3575 
f 3578 3580 3586 3585 
f 3583 3585 3587 3584 
f 3585 3586 3588 3587 
f 3580 3582 3589 3586 
f 3582 3526 3525 3589 
f 3586 3589 3590 3588 
f 3589 3525 3524 3590 
f 3545 3559 3591 3544 
f 3559 3560 3592 3591 
f 3544 3591 3593 3543 
f 3591 3592 3594 3593 
f 3543 3593 3595 3542 
f 3593 3594 3596 3595 
f 3542 3595 3597 3541 
f 3595 3596 3598 3597 
f 3560 3571 3599 3592 
f 3571 3572 3600 3599 
f 3572 3573 3601 3600 
f 3573 3574 3602 3601 
f 3574 3575 3603 3602 
f 3592 3599 3604 3594 
f 3599 3600 3605 3604 
f 3600 3601 3606 3605 
f 3601 3602 3607 3606 
f 3602 3603 3608 3607 
f 3594 3604 3609 3596 
f 3604 3605 3610 3609 
f 3605 3606 3611 3610 
f 3606 3607 3612 3611 
f 3596 3609 3613 3598 
f 3609 3610 3614 3613 
f 3610 3611 3615 3614 
f 3611 3612 3616 3615 
f 3575 3584 3617 3603 
f 3603 3617 3618 3608 
f 3584 3587 3619 3617 
f 3587 3588 3620 3619 
f 3617 3619 3621 3618 
f 3619 3620 3622 3621 
f 3588 3590 3623 3620 
f 3590 3524 3523 3623 
f 3620 3623 3624 3622 
f 3623 3523 3522 3624 
f 3607 3608 3625 3612 
f 3608 3618 3626 3625 
f 3618 3621 3627 3626 
f 3612 3625 3628 3616 
f 3625 3626 3629 3628 
f 3626 3627 3630 3629 
f 3621 3622 3631 3627 
f 3627 3631 3632 3630 
f 3622 3624 3633 3631 
f 3624 3522 3521 3633 
f 3631 3633 3634 3632 
f 3633 3521 3520 3634 
f 3541 3597 3635 3540 
f 3597 3598 3636 3635 
f 3540 3635 3637 3539 
f 3635 3636 3638 3637 
f 3539 3637 3639 3538 
f 3637 3638 3640 3639 
f 3538 3639 3641 3537 
f 3639 3640 3642 3641 
f 3598 3613 3643 3636 
f 3613 3614 3644 3643 
f 3614 3615 3645 3644 
f 3615 3616 3646 3645 
f 3636 3643 3647 3638 
f 3643 3644 3648 3647 
f 3644 3645 3649 3648 
f 3645 3646 3650 3649 
f 3638 3647 3651 3640 
f 3647 3648 3652 3651 
f 3648 3649 3653 3652 
f 3649 3650 3654 3653 
f 3650 3655 3656 3654 
f 3640 3651 3657 3642 
f 3651 3652 3658 3657 
f 3652 3653 3659 3658 
f 3653 3654 3660 3659 
f 3654 3656 3661 3660 
f 3616 3628 3662 3646 
f 3628 3629 3663 3662 
f 3629 3630 3664 3663 
f 3646 3662 3655 3650 
f 3662 3663 3665 3655 
f 3663 3664 3666 3665 
f 3630 3632 3667 3664 
f 3664 3667 3668 3666 
f 3632 3634 3669 3667 
f 3634 3520 3519 3669 
f 3667 3669 3670 3668 
f 3669 3519 3518 3670 
f 3655 3665 3671 3656 
f 3665 3666 3673 3671 
f 3656 3671 3672 3661 
f 3666 3668 3674 3673 
f 3671 3673 3675 3672 
f 3673 3674 3676 3675 
f 3668 3670 3677 3674 
f 3670 3518 3517 3677 
f 3674 3677 3678 3676 
f 3677 3517 3516 3678 
f 3537 3641 3679 3536 
f 3641 3642 3680 3679 
f 3536 3679 3681 3535 
f 3679 3680 3682 3681 
f 3535 3681 3533 3534 
f 3681 3682 3532 3533 
f 3642 3657 3683 3680 
f 3657 3658 3684 3683 
f 3658 3659 3685 3684 
f 3659 3660 3686 3685 
f 3660 3661 3687 3686 
f 3680 3683 3688 3682 
f 3683 3684 3689 3688 
f 3684 3685 3690 3689 
f 3685 3686 3691 3690 
f 3686 3687 3692 3691 
f 3682 3688 3531 3532 
f 3688 3689 3530 3531 
f 3689 3690 3529 3530 
f 3690 3691 3528 3529 
f 3661 3672 3693 3687 
f 3687 3693 3694 3692 
f 3672 3675 3695 3693 
f 3675 3676 3696 3695 
f 3693 3695 3697 3694 
f 3695 3696 3698 3697 
f 3676 3678 3699 3696 
f 3678 3516 3515 3699 
f 3696 3699 3700 3698 
f 3699 3515 3514 3700 
f 3691 3692 3510 3528 
f 3692 3694 3511 3510 
f 3694 3697 3701 3511 
f 3697 3698 3702 3701 
f 3698 3700 3703 3702 
f 3700 3514 3513 3703 
f 3774 3775 3765 3763 
f 3773 3774 3763 3760 
f 3772 3773 3760 3757 
f 3771 3772 3757 3754 
f 3770 3771 3754 3751 
f 3704 3770 3751 3748 
f 3705 3704 3748 3745 
f 3769 3705 3745 3742 
f 3768 3769 3742 3739 
f 3767 3768 3739 3736 
f 3706 3767 3736 3733 
f 3707 3706 3733 3730 
f 3708 3707 3730 3727 
f 3766 3708 3727 3724 
f 3709 3766 3724 3721 
f 4046 3709 3721 3710 
f 3710 3721 3720 4048 
f 4048 3720 3719 4050 
f 4050 3719 3494 3833 
f 3493 3494 3719 3722 
f 3711 3493 3722 3725 
f 3712 3711 3725 3728 
f 3492 3712 3728 3731 
f 3713 3492 3731 3734 
f 3714 3713 3734 3737 
f 3491 3714 3737 3740 
f 3715 3491 3740 3743 
f 3490 3715 3743 3746 
f 3716 3490 3746 3749 
f 3717 3716 3749 3752 
f 3489 3717 3752 3755 
f 3718 3489 3755 3758 
f 3488 3718 3758 3761 
f 3484 3488 3761 4065 
f 3719 3720 3723 3722 
f 3720 3721 3724 3723 
f 3722 3723 3726 3725 
f 3723 3724 3727 3726 
f 3725 3726 3729 3728 
f 3726 3727 3730 3729 
f 3728 3729 3732 3731 
f 3729 3730 3733 3732 
f 3731 3732 3735 3734 
f 3732 3733 3736 3735 
f 3734 3735 3738 3737 
f 3735 3736 3739 3738 
f 3737 3738 3741 3740 
f 3738 3739 3742 3741 
f 3740 3741 3744 3743 
f 3741 3742 3745 3744 
f 3743 3744 3747 3746 
f 3744 3745 3748 3747 
f 3746 3747 3750 3749 
f 3747 3748 3751 3750 
f 3749 3750 3753 3752 
f 3750 3751 3754 3753 
f 3752 3753 3756 3755 
f 3753 3754 3757 3756 
f 3755 3756 3759 3758 
f 3756 3757 3760 3759 
f 3758 3759 3762 3761 
f 3759 3760 3763 3762 
f 3761 3762 3764 4065 
f 3762 3763 3765 3764 
f 4352 3709 4046 4356 
f 4358 3766 3709 4352 
f 4358 4361 3708 3766 
f 4364 3707 3708 4361 
f 4367 3706 3707 4364 
f 4370 3767 3706 4367 
f 4370 4373 3768 3767 
f 4376 3769 3768 4373 
f 4379 3705 3769 4376 
f 4382 3704 3705 4379 
f 4382 4385 3770 3704 
f 4388 3771 3770 4385 
f 4391 3772 3771 4388 
f 4391 4394 3773 3772 
f 4397 3774 3773 4394 
f 4400 3775 3774 4397 
f 3472 4081 4082 3776 
f 3777 3776 4082 3289 
f 3778 3777 3289 4083 
f 3779 3778 4083 3465 
f 3780 3779 3465 3466 
f 3780 3466 4088 3781 
f 3781 4088 4089 3782 
f 3783 3782 4089 3467 
f 3783 3467 3468 3784 
f 3785 3784 3468 4090 
f 3786 3785 4090 3469 
f 3787 3786 3469 4091 
f 3788 3787 4091 4092 
f 3789 3788 4092 3470 
f 3790 3789 3470 3471 
f 3791 3790 3471 4093 
f 3792 3793 3496 3497 
f 3794 3797 3796 3795 
f 3487 3484 3799 3798 
f 3505 3472 3776 3800 
f 3790 3791 3485 3801 
f 3498 3795 3796 3802 
f 3486 3803 3797 3794 
f 3487 3798 3803 3486 
f 3804 3798 3799 3805 
f 3806 3804 3805 3807 
f 3808 3806 3807 3809 
f 3810 3808 3809 3811 
f 3812 3810 3811 3813 
f 3814 3812 3813 3815 
f 3816 3814 3815 3817 
f 3818 3816 3817 3819 
f 3820 3818 3819 3821 
f 3822 3820 3821 3823 
f 3824 3822 3823 3825 
f 3826 3824 3825 3827 
f 3828 3826 3827 3829 
f 3830 3828 3829 3831 
f 3832 3830 3831 3833 
f 3495 3834 3830 3832 
f 3835 3836 3834 3495 
f 3837 3838 3836 3835 
f 3496 3793 3838 3837 
f 3499 3498 3802 3839 
f 3840 3499 3839 3841 
f 3500 3840 3841 3842 
f 3843 3500 3842 3844 
f 3845 3843 3844 3846 
f 3847 3845 3846 3848 
f 3847 3848 3850 3849 
f 3485 3849 3850 3801 
f 3789 3790 3801 3851 
f 3788 3789 3851 3852 
f 3787 3788 3852 3853 
f 3786 3787 3853 3854 
f 3785 3786 3854 3855 
f 3784 3785 3855 3856 
f 3783 3784 3856 3857 
f 3782 3783 3857 3858 
f 3781 3782 3858 3859 
f 3780 3781 3859 3860 
f 3779 3780 3860 3861 
f 3778 3779 3861 3862 
f 3777 3778 3862 3863 
f 3776 3777 3863 3800 
f 3506 3505 3800 3864 
f 3865 3506 3864 3866 
f 3507 3865 3866 3867 
f 3508 3507 3867 3868 
f 3869 3508 3868 3870 
f 3871 3869 3870 3872 
f 3497 3871 3872 3792 
f 3800 3863 3873 3864 
f 3864 3873 3874 3866 
f 3863 3862 3875 3873 
f 3873 3875 3876 3874 
f 3862 3861 3877 3875 
f 3875 3877 3878 3876 
f 3866 3874 3879 3867 
f 3867 3879 3880 3868 
f 3868 3880 3881 3870 
f 3870 3881 3882 3872 
f 3874 3876 3883 3879 
f 3879 3883 3884 3880 
f 3880 3884 3885 3881 
f 3881 3885 3886 3882 
f 3882 3886 3888 3887 
f 3876 3878 3889 3883 
f 3883 3889 3890 3884 
f 3884 3890 3891 3885 
f 3885 3891 3892 3886 
f 3886 3892 3893 3888 
f 3872 3882 3887 3792 
f 3792 3887 3894 3793 
f 3793 3894 3895 3838 
f 3838 3895 3896 3836 
f 3836 3896 3897 3834 
f 3834 3897 3828 3830 
f 3887 3888 3898 3894 
f 3894 3898 3899 3895 
f 3888 3893 3900 3898 
f 3895 3899 3901 3896 
f 3898 3900 3902 3899 
f 3899 3902 3903 3901 
f 3896 3901 3904 3897 
f 3897 3904 3826 3828 
f 3901 3903 3905 3904 
f 3904 3905 3824 3826 
f 3861 3860 3906 3877 
f 3877 3906 3907 3878 
f 3860 3859 3908 3906 
f 3906 3908 3909 3907 
f 3859 3858 3910 3908 
f 3908 3910 3911 3909 
f 3858 3857 3912 3910 
f 3910 3912 3913 3911 
f 3878 3907 3914 3889 
f 3889 3914 3915 3890 
f 3890 3915 3916 3891 
f 3891 3916 3917 3892 
f 3892 3917 3918 3893 
f 3907 3909 3919 3914 
f 3914 3919 3920 3915 
f 3915 3920 3921 3916 
f 3916 3921 3922 3917 
f 3917 3922 3923 3918 
f 3909 3911 3924 3919 
f 3919 3924 3925 3920 
f 3920 3925 3926 3921 
f 3921 3926 3927 3922 
f 3911 3913 3928 3924 
f 3924 3928 3929 3925 
f 3925 3929 3930 3926 
f 3926 3930 3931 3927 
f 3893 3918 3932 3900 
f 3918 3923 3933 3932 
f 3900 3932 3934 3902 
f 3902 3934 3935 3903 
f 3932 3933 3936 3934 
f 3934 3936 3937 3935 
f 3903 3935 3938 3905 
f 3905 3938 3822 3824 
f 3935 3937 3939 3938 
f 3938 3939 3820 3822 
f 3922 3927 3940 3923 
f 3923 3940 3941 3933 
f 3933 3941 3942 3936 
f 3927 3931 3943 3940 
f 3940 3943 3944 3941 
f 3941 3944 3945 3942 
f 3936 3942 3946 3937 
f 3942 3945 3947 3946 
f 3937 3946 3948 3939 
f 3939 3948 3818 3820 
f 3946 3947 3949 3948 
f 3948 3949 3816 3818 
f 3857 3856 3950 3912 
f 3912 3950 3951 3913 
f 3856 3855 3952 3950 
f 3950 3952 3953 3951 
f 3855 3854 3954 3952 
f 3952 3954 3955 3953 
f 3854 3853 3956 3954 
f 3954 3956 3957 3955 
f 3913 3951 3958 3928 
f 3928 3958 3959 3929 
f 3929 3959 3960 3930 
f 3930 3960 3961 3931 
f 3951 3953 3962 3958 
f 3958 3962 3963 3959 
f 3959 3963 3964 3960 
f 3960 3964 3965 3961 
f 3953 3955 3966 3962 
f 3962 3966 3967 3963 
f 3963 3967 3968 3964 
f 3964 3968 3969 3965 
f 3965 3969 3971 3970 
f 3955 3957 3972 3966 
f 3966 3972 3973 3967 
f 3967 3973 3974 3968 
f 3968 3974 3975 3969 
f 3969 3975 3976 3971 
f 3931 3961 3977 3943 
f 3943 3977 3978 3944 
f 3944 3978 3979 3945 
f 3961 3965 3970 3977 
f 3977 3970 3980 3978 
f 3978 3980 3981 3979 
f 3945 3979 3982 3947 
f 3979 3981 3983 3982 
f 3947 3982 3984 3949 
f 3949 3984 3814 3816 
f 3982 3983 3985 3984 
f 3984 3985 3812 3814 
f 3970 3971 3986 3980 
f 3980 3986 3987 3981 
f 3971 3976 3988 3986 
f 3981 3987 3989 3983 
f 3986 3988 3990 3987 
f 3987 3990 3991 3989 
f 3983 3989 3992 3985 
f 3985 3992 3810 3812 
f 3989 3991 3993 3992 
f 3992 3993 3808 3810 
f 3853 3852 3994 3956 
f 3956 3994 3995 3957 
f 3852 3851 3996 3994 
f 3994 3996 3997 3995 
f 3851 3801 3850 3996 
f 3996 3850 3848 3997 
f 3957 3995 3998 3972 
f 3972 3998 3999 3973 
f 3973 3999 4000 3974 
f 3974 4000 4001 3975 
f 3975 4001 4002 3976 
f 3995 3997 4003 3998 
f 3998 4003 4004 3999 
f 3999 4004 4005 4000 
f 4000 4005 4006 4001 
f 4001 4006 4007 4002 
f 3997 3848 3846 4003 
f 4003 3846 3844 4004 
f 4004 3844 3842 4005 
f 4005 3842 3841 4006 
f 3976 4002 4008 3988 
f 4002 4007 4009 4008 
f 3988 4008 4010 3990 
f 3990 4010 4011 3991 
f 4008 4009 4012 4010 
f 4010 4012 4013 4011 
f 3991 4011 4014 3993 
f 3993 4014 3806 3808 
f 4011 4013 4015 4014 
f 4014 4015 3804 3806 
f 4006 3841 3839 4007 
f 4007 3839 3802 4009 
f 4009 3802 3796 4012 
f 4012 3796 3797 4013 
f 4013 3797 3803 4015 
f 4015 3803 3798 3804 
f 4016 4017 3765 3775 
f 4018 4019 4017 4016 
f 4020 4021 4019 4018 
f 4022 4023 4021 4020 
f 4024 4025 4023 4022 
f 4026 4027 4025 4024 
f 4028 4029 4027 4026 
f 4030 4031 4029 4028 
f 4032 4033 4031 4030 
f 4034 4035 4033 4032 
f 4036 4037 4035 4034 
f 4038 4039 4037 4036 
f 4040 4041 4039 4038 
f 4042 4043 4041 4040 
f 4044 4045 4043 4042 
f 4046 3710 4045 4044 
f 3710 4048 4047 4045 
f 4048 4050 4049 4047 
f 4050 3833 3831 4049 
f 3829 4051 4049 3831 
f 3827 4052 4051 3829 
f 3825 4053 4052 3827 
f 3823 4054 4053 3825 
f 3821 4055 4054 3823 
f 3819 4056 4055 3821 
f 3817 4057 4056 3819 
f 3815 4058 4057 3817 
f 3813 4059 4058 3815 
f 3811 4060 4059 3813 
f 3809 4061 4060 3811 
f 3807 4062 4061 3809 
f 3805 4063 4062 3807 
f 3799 4064 4063 3805 
f 3484 4065 4064 3799 
f 4049 4051 4066 4047 
f 4047 4066 4043 4045 
f 4051 4052 4067 4066 
f 4066 4067 4041 4043 
f 4052 4053 4068 4067 
f 4067 4068 4039 4041 
f 4053 4054 4069 4068 
f 4068 4069 4037 4039 
f 4054 4055 4070 4069 
f 4069 4070 4035 4037 
f 4055 4056 4071 4070 
f 4070 4071 4033 4035 
f 4056 4057 4072 4071 
f 4071 4072 4031 4033 
f 4057 4058 4073 4072 
f 4072 4073 4029 4031 
f 4058 4059 4074 4073 
f 4073 4074 4027 4029 
f 4059 4060 4075 4074 
f 4074 4075 4025 4027 
f 4060 4061 4076 4075 
f 4075 4076 4023 4025 
f 4061 4062 4077 4076 
f 4076 4077 4021 4023 
f 4062 4063 4078 4077 
f 4077 4078 4019 4021 
f 4063 4064 4079 4078 
f 4078 4079 4017 4019 
f 4064 4065 3764 4079 
f 4079 3764 3765 4017 
f 4404 4356 4046 4044 
f 4407 4404 4044 4042 
f 4407 4042 4040 4410 
f 4413 4410 4040 4038 
f 4416 4413 4038 4036 
f 4419 4416 4036 4034 
f 4419 4034 4032 4422 
f 4425 4422 4032 4030 
f 4428 4425 4030 4028 
f 4431 4428 4028 4026 
f 4431 4026 4024 4434 
f 4437 4434 4024 4022 
f 4440 4437 4022 4020 
f 4440 4020 4018 4443 
f 4446 4443 4018 4016 
f 4400 4446 4016 3775 
s 2
f 4353 4355 4095 4094 
f 4355 4403 4096 4095 
f 4403 4406 4097 4096 
f 4406 4409 4098 4097 
f 4409 4412 4099 4098 
f 4412 4415 4100 4099 
f 4415 4418 4101 4100 
f 4418 4421 4102 4101 
f 4421 4424 4103 4102 
f 4424 4427 4104 4103 
f 4427 4430 4105 4104 
f 4430 4433 4106 4105 
f 4433 4436 4107 4106 
f 4436 4439 4108 4107 
f 4439 4442 4109 4108 
f 4442 4445 4110 4109 
f 4445 4401 4111 4110 
f 4401 4398 4112 4111 
f 4398 4395 4113 4112 
f 4395 4392 4114 4113 
f 4392 4389 4115 4114 
f 4389 4386 4116 4115 
f 4386 4383 4117 4116 
f 4383 4380 4118 4117 
f 4380 4377 4119 4118 
f 4377 4374 4120 4119 
f 4374 4371 4121 4120 
f 4371 4368 4122 4121 
f 4368 4365 4123 4122 
f 4365 4362 4124 4123 
f 4362 4359 4125 4124 
f 4359 4353 4094 4125 
f 4160 4161 4159 4158 
f 4162 4163 4161 4160 
f 4164 4165 4163 4162 
f 4166 4167 4165 4164 
f 4168 4169 4167 4166 
f 4170 4171 4169 4168 
f 4172 4173 4171 4170 
f 4174 4175 4173 4172 
f 4176 4177 4175 4174 
f 4178 4179 4177 4176 
f 4180 4181 4179 4178 
f 4182 4183 4181 4180 
f 4184 4185 4183 4182 
f 4186 4187 4185 4184 
f 4188 4189 4187 4186 
f 4190 4191 4189 4188 
f 4192 4193 4191 4190 
f 4194 4195 4193 4192 
f 4196 4197 4195 4194 
f 4198 4199 4197 4196 
f 4200 4201 4199 4198 
f 4202 4203 4201 4200 
f 4204 4205 4203 4202 
f 4206 4207 4205 4204 
f 4208 4209 4207 4206 
f 4210 4211 4209 4208 
f 4212 4213 4211 4210 
f 4214 4215 4213 4212 
f 4216 4217 4215 4214 
f 4218 4219 4217 4216 
f 4220 4221 4219 4218 
f 4158 4159 4221 4220 
f 4161 4127 4126 4159 
f 4158 4094 4095 4160 
f 4163 4128 4127 4161 
f 4160 4095 4096 4162 
f 4165 4129 4128 4163 
f 4162 4096 4097 4164 
f 4167 4130 4129 4165 
f 4164 4097 4098 4166 
f 4169 4131 4130 4167 
f 4166 4098 4099 4168 
f 4171 4132 4131 4169 
f 4168 4099 4100 4170 
f 4173 4133 4132 4171 
f 4170 4100 4101 4172 
f 4175 4134 4133 4173 
f 4172 4101 4102 4174 
f 4177 4135 4134 4175 
f 4174 4102 4103 4176 
f 4179 4136 4135 4177 
f 4176 4103 4104 4178 
f 4181 4137 4136 4179 
f 4178 4104 4105 4180 
f 4183 4138 4137 4181 
f 4180 4105 4106 4182 
f 4185 4139 4138 4183 
f 4182 4106 4107 4184 
f 4187 4140 4139 4185 
f 4184 4107 4108 4186 
f 4189 4141 4140 4187 
f 4186 4108 4109 4188 
f 4191 4142 4141 4189 
f 4188 4109 4110 4190 
f 4193 4143 4142 4191 
f 4190 4110 4111 4192 
f 4195 4144 4143 4193 
f 4192 4111 4112 4194 
f 4197 4145 4144 4195 
f 4194 4112 4113 4196 
f 4199 4146 4145 4197 
f 4196 4113 4114 4198 
f 4201 4147 4146 4199 
f 4198 4114 4115 4200 
f 4203 4148 4147 4201 
f 4200 4115 4116 4202 
f 4205 4149 4148 4203 
f 4202 4116 4117 4204 
f 4207 4150 4149 4205 
f 4204 4117 4118 4206 
f 4209 4151 4150 4207 
f 4206 4118 4119 4208 
f 4211 4152 4151 4209 
f 4208 4119 4120 4210 
f 4213 4153 4152 4211 
f 4210 4120 4121 4212 
f 4215 4154 4153 4213 
f 4212 4121 4122 4214 
f 4217 4155 4154 4215 
f 4214 4122 4123 4216 
f 4219 4156 4155 4217 
f 4216 4123 4124 4218 
f 4221 4157 4156 4219 
f 4218 4124 4125 4220 
f 4159 4126 4157 4221 
f 4220 4125 4094 4158 
f 4126 4127 4223 4222 
f 4127 4128 4224 4223 
f 4128 4129 4225 4224 
f 4129 4130 4226 4225 
f 4130 4131 4227 4226 
f 4131 4132 4228 4227 
f 4132 4133 4229 4228 
f 4133 4134 4230 4229 
f 4134 4135 4231 4230 
f 4135 4136 4232 4231 
f 4136 4137 4233 4232 
f 4137 4138 4234 4233 
f 4138 4139 4235 4234 
f 4139 4140 4236 4235 
f 4140 4141 4237 4236 
f 4141 4142 4238 4237 
f 4142 4143 4239 4238 
f 4143 4144 4240 4239 
f 4144 4145 4241 4240 
f 4145 4146 4242 4241 
f 4146 4147 4243 4242 
f 4147 4148 4244 4243 
f 4148 4149 4245 4244 
f 4149 4150 4246 4245 
f 4150 4151 4247 4246 
f 4151 4152 4248 4247 
f 4152 4153 4249 4248 
f 4153 4154 4250 4249 
f 4154 4155 4251 4250 
f 4155 4156 4252 4251 
f 4156 4157 4253 4252 
f 4157 4126 4222 4253 
f 4288 4289 4287 4286 
f 4290 4291 4289 4288 
f 4292 4293 4291 4290 
f 4294 4295 4293 4292 
f 4296 4297 4295 4294 
f 4298 4299 4297 4296 
f 4300 4301 4299 4298 
f 4302 4303 4301 4300 
f 4304 4305 4303 4302 
f 4306 4307 4305 4304 
f 4308 4309 4307 4306 
f 4310 4311 4309 4308 
f 4312 4313 4311 4310 
f 4314 4315 4313 4312 
f 4316 4317 4315 4314 
f 4318 4319 4317 4316 
f 4320 4321 4319 4318 
f 4322 4323 4321 4320 
f 4324 4325 4323 4322 
f 4326 4327 4325 4324 
f 4328 4329 4327 4326 
f 4330 4331 4329 4328 
f 4332 4333 4331 4330 
f 4334 4335 4333 4332 
f 4336 4337 4335 4334 
f 4338 4339 4337 4336 
f 4340 4341 4339 4338 
f 4342 4343 4341 4340 
f 4344 4345 4343 4342 
f 4346 4347 4345 4344 
f 4348 4349 4347 4346 
f 4286 4287 4349 4348 
f 4289 4255 4254 4287 
f 4286 4222 4223 4288 
f 4291 4256 4255 4289 
f 4288 4223 4224 4290 
f 4293 4257 4256 4291 
f 4290 4224 4225 4292 
f 4295 4258 4257 4293 
f 4292 4225 4226 4294 
f 4297 4259 4258 4295 
f 4294 4226 4227 4296 
f 4299 4260 4259 4297 
f 4296 4227 4228 4298 
f 4301 4261 4260 4299 
f 4298 4228 4229 4300 
f 4303 4262 4261 4301 
f 4300 4229 4230 4302 
f 4305 4263 4262 4303 
f 4302 4230 4231 4304 
f 4307 4264 4263 4305 
f 4304 4231 4232 4306 
f 4309 4265 4264 4307 
f 4306 4232 4233 4308 
f 4311 4266 4265 4309 
f 4308 4233 4234 4310 
f 4313 4267 4266 4311 
f 4310 4234 4235 4312 
f 4315 4268 4267 4313 
f 4312 4235 4236 4314 
f 4317 4269 4268 4315 
f 4314 4236 4237 4316 
f 4319 4270 4269 4317 
f 4316 4237 4238 4318 
f 4321 4271 4270 4319 
f 4318 4238 4239 4320 
f 4323 4272 4271 4321 
f 4320 4239 4240 4322 
f 4325 4273 4272 4323 
f 4322 4240 4241 4324 
f 4327 4274 4273 4325 
f 4324 4241 4242 4326 
f 4329 4275 4274 4327 
f 4326 4242 4243 4328 
f 4331 4276 4275 4329 
f 4328 4243 4244 4330 
f 4333 4277 4276 4331 
f 4330 4244 4245 4332 
f 4335 4278 4277 4333 
f 4332 4245 4246 4334 
f 4337 4279 4278 4335 
f 4334 4246 4247 4336 
f 4339 4280 4279 4337 
f 4336 4247 4248 4338 
f 4341 4281 4280 4339 
f 4338 4248 4249 4340 
f 4343 4282 4281 4341 
f 4340 4249 4250 4342 
f 4345 4283 4282 4343 
f 4342 4250 4251 4344 
f 4347 4284 4283 4345 
f 4344 4251 4252 4346 
f 4349 4285 4284 4347 
f 4346 4252 4253 4348 
f 4287 4254 4285 4349 
f 4348 4253 4222 4286 
f 4254 4255 4350 
f 4255 4256 4350 
f 4256 4257 4350 
f 4257 4258 4350 
f 4258 4259 4350 
f 4259 4260 4350 
f 4260 4261 4350 
f 4261 4262 4350 
f 4262 4263 4350 
f 4263 4264 4350 
f 4264 4265 4350 
f 4265 4266 4350 
f 4266 4267 4350 
f 4267 4268 4350 
f 4268 4269 4350 
f 4269 4270 4350 
f 4270 4271 4350 
f 4271 4272 4350 
f 4272 4273 4350 
f 4273 4274 4350 
f 4274 4275 4350 
f 4275 4276 4350 
f 4276 4277 4350 
f 4277 4278 4350 
f 4278 4279 4350 
f 4279 4280 4350 
f 4280 4281 4350 
f 4281 4282 4350 
f 4282 4283 4350 
f 4283 4284 4350 
f 4284 4285 4350 
f 4285 4254 4350 
s 1
f 4352 4356 4354 4351 
f 4358 4352 4351 4357 
f 4361 4358 4357 4360 
f 4364 4361 4360 4363 
f 4367 4364 4363 4366 
f 4370 4367 4366 4369 
f 4373 4370 4369 4372 
f 4376 4373 4372 4375 
f 4379 4376 4375 4378 
f 4382 4379 4378 4381 
f 4385 4382 4381 4384 
f 4388 4385 4384 4387 
f 4391 4388 4387 4390 
f 4394 4391 4390 4393 
f 4397 4394 4393 4396 
f 4400 4397 4396 4399 
f 4356 4404 4402 4354 
f 4404 4407 4405 4402 
f 4407 4410 4408 4405 
f 4410 4413 4411 4408 
f 4413 4416 4414 4411 
f 4416 4419 4417 4414 
f 4419 4422 4420 4417 
f 4422 4425 4423 4420 
f 4425 4428 4426 4423 
f 4428 4431 4429 4426 
f 4431 4434 4432 4429 
f 4434 4437 4435 4432 
f 4437 4440 4438 4435 
f 4440 4443 4441 4438 
f 4443 4446 4444 4441 
f 4446 4400 4399 4444 
s 2
f 4355 4353 4351 4354 
f 4403 4355 4354 4402 
f 4406 4403 4402 4405 
f 4409 4406 4405 4408 
f 4412 4409 4408 4411 
f 4415 4412 4411 4414 
f 4418 4415 4414 4417 
f 4421 4418 4417 4420 
f 4424 4421 4420 4423 
f 4427 4424 4423 4426 
f 4430 4427 4426 4429 
f 4433 4430 4429 4432 
f 4436 4433 4432 4435 
f 4439 4436 4435 4438 
f 4442 4439 4438 4441 
f 4445 4442 4441 4444 
f 4401 4445 4444 4399 
f 4398 4401 4399 4396 
f 4395 4398 4396 4393 
f 4392 4395 4393 4390 
f 4389 4392 4390 4387 
f 4386 4389 4387 4384 
f 4383 4386 4384 4381 
f 4380 4383 4381 4378 
f 4377 4380 4378 4375 
f 4374 4377 4375 4372 
f 4371 4374 4372 4369 
f 4368 4371 4369 4366 
f 4365 4368 4366 4363 
f 4362 4365 4363 4360 
f 4359 4362 4360 4357 
f 4353 4359 4357 4351 
s 1
f 3461 3460 1397 1436 
f 3459 3458 1319 1358 
f 3456 3455 1202 1241 
f 4447 4450 4449 4448 
f 4451 4452 4450 4447 
f 4453 4454 4452 4451 
f 4455 4456 4454 4453 
f 4457 4458 4456 4455 
f 4459 4458 4457 
f 4460 4463 4462 4461 
f 4464 4466 4465 3178 
f 4467 4470 4469 4468 
f 4471 4472 4470 4467 
f 4473 4464 3178 4474 
f 4475 4467 4468 4476 
f 4477 4471 4467 4475 
f 4478 4473 4474 3179 
f 4479 4475 4476 4480 
f 4481 4477 4475 4479 
f 4482 4478 3179 4483 
f 4484 4479 4480 4485 
f 4486 4481 4479 4484 
f 4487 4482 4483 4488 
f 4489 4484 4485 4490 
f 4491 4486 4484 4489 
f 4492 4487 4488 4493 
f 4494 4489 4490 4495 
f 4496 4499 4498 4497 
f 4498 4499 4501 4500 
f 4496 4497 4503 4502 
f 4493 4505 4504 4492 
f 4506 4509 4508 4507 
f 4507 4508 4510 4500 
f 4498 4512 4511 4497 
f 4505 4514 4513 4504 
f 4450 4516 4515 4449 
f 4448 4472 4471 4447 
f 4452 4517 4516 4450 
f 4447 4471 4477 4451 
f 4454 4518 4517 4452 
f 4451 4477 4481 4453 
f 4456 4519 4518 4454 
f 4453 4481 4486 4455 
f 4458 4520 4519 4456 
f 4455 4486 4491 4457 
f 4462 4521 4520 4458 
f 4457 4522 4459 
f 4463 4523 4521 4462 
f 4459 4496 4502 4461 
f 4516 4525 4524 4515 
f 4517 4526 4525 4516 
f 4518 4527 4526 4517 
f 4519 4528 4527 4518 
f 4520 4529 4528 4519 
f 4521 4530 4529 4520 
f 4523 4531 4530 4521 
f 4497 4511 4532 4503 
f 4503 4532 4534 4533 
f 4500 4510 4512 4498 
f 4504 4513 4509 4506 
f 4504 4506 4495 4492 
f 4501 4494 4507 4500 
f 4491 4489 4494 4501 
f 4503 4533 4535 4502 
f 4502 4535 4460 4461 
f 4536 4537 4472 4448 
f 4538 4539 4537 4536 
f 4540 4541 4539 4538 
f 4542 4543 4541 4540 
f 4544 4545 4543 4542 
f 4546 4547 4545 4544 
f 4548 4549 4547 4546 
f 4550 4551 4549 4548 
f 4552 4553 4551 4550 
f 4554 4555 4465 4466 
f 4556 4557 4469 4470 
f 4537 4556 4470 4472 
f 4515 4524 4559 4558 
f 4449 4515 4558 4560 
f 4448 4449 4560 4536 
f 4561 4562 4555 4554 
f 4563 4564 4557 4556 
f 4539 4563 4556 4537 
f 4558 4559 4566 4565 
f 4560 4558 4565 4567 
f 4536 4560 4567 4538 
f 4568 4569 4562 4561 
f 4570 4571 4564 4563 
f 4541 4570 4563 4539 
f 4565 4566 4573 4572 
f 4567 4565 4572 4574 
f 4538 4567 4574 4540 
f 4575 3180 4569 4568 
f 4576 4577 4571 4570 
f 4543 4576 4570 4541 
f 4572 4573 4579 4578 
f 4574 4572 4578 4580 
f 4540 4574 4580 4542 
f 4581 3298 3180 4575 
f 4582 4583 4577 4576 
f 4545 4582 4576 4543 
f 4578 4579 4585 4584 
f 4580 4578 4584 4586 
f 4542 4580 4586 4544 
f 4587 3304 3298 4581 
f 4588 4589 4583 4582 
f 4547 4588 4582 4545 
f 4584 4585 4591 4590 
f 4586 4584 4590 4592 
f 4544 4586 4592 4546 
f 4593 3310 3304 4587 
f 4594 4595 4589 4588 
f 4549 4594 4588 4547 
f 4590 4591 4597 4596 
f 4592 4590 4596 4598 
f 4546 4592 4598 4548 
f 4599 3316 3310 4593 
f 4600 4601 4595 4594 
f 4551 4600 4594 4549 
f 4596 4597 4603 4602 
f 4598 4596 4602 4604 
f 4548 4598 4604 4550 
f 4605 4606 3316 4599 
f 4607 4608 4601 4600 
f 4553 4607 4600 4551 
f 4602 4603 4610 4609 
f 4604 4602 4609 4611 
f 4550 4604 4611 4552 
f 4491 4501 4499 4522 
f 4499 4496 4459 4522 
f 4457 4491 4522 
f 4459 4461 4462 4458 
f 4469 4466 4464 4468 
f 4468 4464 4473 4476 
f 4476 4473 4478 4480 
f 4480 4478 4482 4485 
f 4485 4482 4487 4490 
f 4490 4487 4492 4495 
f 4557 4554 4466 4469 
f 4564 4561 4554 4557 
f 4571 4568 4561 4564 
f 4577 4575 4568 4571 
f 4583 4581 4575 4577 
f 4589 4587 4581 4583 
f 4595 4593 4587 4589 
f 4601 4599 4593 4595 
f 4608 4605 4599 4601 
f 4506 4507 4494 4495 
f 4612 4615 4614 4613 
f 4616 4612 4613 4617 
f 4618 4616 4617 4619 
f 4620 4618 4619 4621 
f 4622 4620 4621 4623 
f 4624 4622 4623 
f 4460 4626 4625 4463 
f 4627 4629 3181 4628 
f 4630 4633 4632 4631 
f 4634 4630 4631 4635 
f 4636 4637 4629 4627 
f 4638 4639 4633 4630 
f 4640 4638 4630 4634 
f 4641 4642 4637 4636 
f 4643 4644 4639 4638 
f 4645 4643 4638 4640 
f 4646 4647 4642 4641 
f 4648 4649 4644 4643 
f 4650 4648 4643 4645 
f 4651 3182 4647 4646 
f 4652 4653 4649 4648 
f 4654 4652 4648 4650 
f 4655 3183 3182 4651 
f 4656 4657 4653 4652 
f 4658 4661 4660 4659 
f 4660 4663 4662 4659 
f 4658 4665 4664 4661 
f 3183 4655 4667 4666 
f 4668 4671 4670 4669 
f 4671 4663 4672 4670 
f 4660 4661 4674 4673 
f 4666 4667 4675 3454 
f 4613 4614 4677 4676 
f 4615 4612 4634 4635 
f 4617 4613 4676 4678 
f 4612 4616 4640 4634 
f 4619 4617 4678 4679 
f 4616 4618 4645 4640 
f 4621 4619 4679 4680 
f 4618 4620 4650 4645 
f 4623 4621 4680 4681 
f 4620 4622 4654 4650 
f 4625 4623 4681 4682 
f 4622 4624 4683 
f 4463 4625 4682 4523 
f 4624 4626 4665 4658 
f 4676 4677 4685 4684 
f 4678 4676 4684 4686 
f 4679 4678 4686 4687 
f 4680 4679 4687 4688 
f 4681 4680 4688 4689 
f 4682 4681 4689 4690 
f 4523 4682 4690 4531 
f 4667 4655 4657 4668 
f 4662 4663 4671 4656 
f 4654 4662 4656 4652 
f 4664 4665 4535 4533 
f 4665 4626 4460 4535 
f 4691 4615 4635 4692 
f 4693 4691 4692 4694 
f 4695 4693 4694 4696 
f 4697 4695 4696 4698 
f 4699 4697 4698 4700 
f 4701 4699 4700 4702 
f 4703 4701 4702 4704 
f 4705 4703 4704 4706 
f 4552 4705 4706 4553 
f 4707 4628 3181 3184 
f 4708 4631 4632 4709 
f 4692 4635 4631 4708 
f 4677 4711 4710 4685 
f 4614 4712 4711 4677 
f 4615 4691 4712 4614 
f 4713 4707 3184 4714 
f 4715 4708 4709 4716 
f 4694 4692 4708 4715 
f 4711 4718 4717 4710 
f 4712 4719 4718 4711 
f 4691 4693 4719 4712 
f 4720 4713 4714 3414 
f 4721 4715 4716 4722 
f 4696 4694 4715 4721 
f 4718 4724 4723 4717 
f 4719 4725 4724 4718 
f 4693 4695 4725 4719 
f 4726 4720 3414 4727 
f 4728 4721 4722 4729 
f 4698 4696 4721 4728 
f 4724 4731 4730 4723 
f 4725 4732 4731 4724 
f 4695 4697 4732 4725 
f 4733 4726 4727 3425 
f 4734 4728 4729 4735 
f 4700 4698 4728 4734 
f 4731 4737 4736 4730 
f 4732 4738 4737 4731 
f 4697 4699 4738 4732 
f 4739 4733 3425 4740 
f 4741 4734 4735 4742 
f 4702 4700 4734 4741 
f 4737 4744 4743 4736 
f 4738 4745 4744 4737 
f 4699 4701 4745 4738 
f 4746 4739 4740 3436 
f 4747 4741 4742 4748 
f 4704 4702 4741 4747 
f 4744 4750 4749 4743 
f 4745 4751 4750 4744 
f 4701 4703 4751 4745 
f 4752 4746 3436 4753 
f 4754 4747 4748 4755 
f 4706 4704 4747 4754 
f 4750 4757 4756 4749 
f 4751 4758 4757 4750 
f 4703 4705 4758 4751 
f 4605 4752 4753 4606 
f 4607 4754 4755 4608 
f 4553 4706 4754 4607 
f 4757 4609 4610 4756 
f 4758 4611 4609 4757 
f 4705 4552 4611 4758 
f 4654 4683 4659 4662 
f 4659 4683 4624 4658 
f 4622 4683 4654 
f 4624 4623 4625 4626 
f 4632 4633 4627 4628 
f 4633 4639 4636 4627 
f 4639 4644 4641 4636 
f 4644 4649 4646 4641 
f 4649 4653 4651 4646 
f 4653 4657 4655 4651 
f 4709 4632 4628 4707 
f 4716 4709 4707 4713 
f 4722 4716 4713 4720 
f 4729 4722 4720 4726 
f 4735 4729 4726 4733 
f 4742 4735 4733 4739 
f 4748 4742 4739 4746 
f 4755 4748 4746 4752 
f 4608 4755 4752 4605 
f 4668 4657 4656 4671 
f 4510 4508 671 709 
f 4669 4670 1048 1085 
f 4759 4674 4661 4664 
f 4534 4759 4664 4533 
f 4673 4672 4663 4660 
f 4669 4675 4667 4668 
f 4760 4559 4524 4761 
f 4762 4761 4524 4525 
f 4763 4762 4525 4526 
f 4764 4763 4526 4527 
f 4765 4764 4527 4528 
f 4765 4528 4529 4766 
f 4766 4529 4530 4767 
f 4768 4767 4530 4531 
f 4768 4531 4690 4769 
f 4770 4769 4690 4689 
f 4771 4770 4689 4688 
f 4772 4771 4688 4687 
f 4773 4772 4687 4686 
f 4774 4773 4686 4684 
f 4775 4774 4684 4685 
f 4776 4775 4685 4710 
f 4777 4780 4779 4778 
f 4781 4784 4783 4782 
f 4785 4788 4787 4786 
f 4789 4760 4761 4790 
f 4775 4776 4792 4791 
f 4793 4782 4783 4794 
f 4795 4796 4784 4781 
f 4785 4786 4796 4795 
f 4797 4786 4787 4798 
f 4799 4797 4798 4800 
f 4801 4799 4800 4802 
f 4803 4801 4802 4804 
f 4805 4803 4804 4806 
f 4807 4805 4806 4808 
f 4809 4807 4808 4810 
f 4811 4809 4810 4812 
f 4813 4811 4812 4814 
f 4815 4813 4814 4816 
f 4817 4815 4816 4818 
f 4819 4817 4818 4820 
f 4821 4819 4820 4822 
f 4823 4821 4822 4824 
f 4825 4823 4824 4826 
f 4827 4828 4823 4825 
f 4829 4830 4828 4827 
f 4831 4832 4830 4829 
f 4779 4780 4832 4831 
f 4833 4793 4794 4834 
f 4835 4833 4834 4836 
f 4837 4835 4836 4838 
f 4839 4837 4838 4840 
f 4841 4839 4840 4842 
f 4843 4841 4842 4844 
f 4843 4844 4846 4845 
f 4792 4845 4846 4791 
f 4774 4775 4791 4847 
f 4773 4774 4847 4848 
f 4772 4773 4848 4849 
f 4771 4772 4849 4850 
f 4770 4771 4850 4851 
f 4769 4770 4851 4852 
f 4768 4769 4852 4853 
f 4767 4768 4853 4854 
f 4766 4767 4854 4855 
f 4765 4766 4855 4856 
f 4764 4765 4856 4857 
f 4763 4764 4857 4858 
f 4762 4763 4858 4859 
f 4761 4762 4859 4790 
f 4860 4789 4790 4861 
f 4862 4860 4861 4863 
f 4864 4862 4863 4865 
f 4866 4864 4865 4867 
f 4868 4866 4867 4869 
f 4870 4868 4869 4871 
f 4778 4870 4871 4777 
f 4790 4859 4872 4861 
f 4861 4872 4873 4863 
f 4859 4858 4874 4872 
f 4872 4874 4875 4873 
f 4858 4857 4876 4874 
f 4874 4876 4877 4875 
f 4863 4873 4878 4865 
f 4865 4878 4879 4867 
f 4867 4879 4880 4869 
f 4869 4880 4881 4871 
f 4873 4875 4882 4878 
f 4878 4882 4883 4879 
f 4879 4883 4884 4880 
f 4880 4884 4885 4881 
f 4881 4885 4887 4886 
f 4875 4877 4888 4882 
f 4882 4888 4889 4883 
f 4883 4889 4890 4884 
f 4884 4890 4891 4885 
f 4885 4891 4892 4887 
f 4871 4881 4886 4777 
f 4777 4886 4893 4780 
f 4780 4893 4894 4832 
f 4832 4894 4895 4830 
f 4830 4895 4896 4828 
f 4828 4896 4821 4823 
f 4886 4887 4897 4893 
f 4893 4897 4898 4894 
f 4887 4892 4899 4897 
f 4894 4898 4900 4895 
f 4897 4899 4901 4898 
f 4898 4901 4902 4900 
f 4895 4900 4903 4896 
f 4896 4903 4819 4821 
f 4900 4902 4904 4903 
f 4903 4904 4817 4819 
f 4857 4856 4905 4876 
f 4876 4905 4906 4877 
f 4856 4855 4907 4905 
f 4905 4907 4908 4906 
f 4855 4854 4909 4907 
f 4907 4909 4910 4908 
f 4854 4853 4911 4909 
f 4909 4911 4912 4910 
f 4877 4906 4913 4888 
f 4888 4913 4914 4889 
f 4889 4914 4915 4890 
f 4890 4915 4916 4891 
f 4891 4916 4917 4892 
f 4906 4908 4918 4913 
f 4913 4918 4919 4914 
f 4914 4919 4920 4915 
f 4915 4920 4921 4916 
f 4916 4921 4922 4917 
f 4908 4910 4923 4918 
f 4918 4923 4924 4919 
f 4919 4924 4925 4920 
f 4920 4925 4926 4921 
f 4910 4912 4927 4923 
f 4923 4927 4928 4924 
f 4924 4928 4929 4925 
f 4925 4929 4930 4926 
f 4892 4917 4931 4899 
f 4917 4922 4932 4931 
f 4899 4931 4933 4901 
f 4901 4933 4934 4902 
f 4931 4932 4935 4933 
f 4933 4935 4936 4934 
f 4902 4934 4937 4904 
f 4904 4937 4815 4817 
f 4934 4936 4938 4937 
f 4937 4938 4813 4815 
f 4921 4926 4939 4922 
f 4922 4939 4940 4932 
f 4932 4940 4941 4935 
f 4926 4930 4942 4939 
f 4939 4942 4943 4940 
f 4940 4943 4944 4941 
f 4935 4941 4945 4936 
f 4941 4944 4946 4945 
f 4936 4945 4947 4938 
f 4938 4947 4811 4813 
f 4945 4946 4948 4947 
f 4947 4948 4809 4811 
f 4853 4852 4949 4911 
f 4911 4949 4950 4912 
f 4852 4851 4951 4949 
f 4949 4951 4952 4950 
f 4851 4850 4953 4951 
f 4951 4953 4954 4952 
f 4850 4849 4955 4953 
f 4953 4955 4956 4954 
f 4912 4950 4957 4927 
f 4927 4957 4958 4928 
f 4928 4958 4959 4929 
f 4929 4959 4960 4930 
f 4950 4952 4961 4957 
f 4957 4961 4962 4958 
f 4958 4962 4963 4959 
f 4959 4963 4964 4960 
f 4952 4954 4965 4961 
f 4961 4965 4966 4962 
f 4962 4966 4967 4963 
f 4963 4967 4968 4964 
f 4964 4968 4970 4969 
f 4954 4956 4971 4965 
f 4965 4971 4972 4966 
f 4966 4972 4973 4967 
f 4967 4973 4974 4968 
f 4968 4974 4975 4970 
f 4930 4960 4976 4942 
f 4942 4976 4977 4943 
f 4943 4977 4978 4944 
f 4960 4964 4969 4976 
f 4976 4969 4979 4977 
f 4977 4979 4980 4978 
f 4944 4978 4981 4946 
f 4978 4980 4982 4981 
f 4946 4981 4983 4948 
f 4948 4983 4807 4809 
f 4981 4982 4984 4983 
f 4983 4984 4805 4807 
f 4969 4970 4985 4979 
f 4979 4985 4986 4980 
f 4970 4975 4987 4985 
f 4980 4986 4988 4982 
f 4985 4987 4989 4986 
f 4986 4989 4990 4988 
f 4982 4988 4991 4984 
f 4984 4991 4803 4805 
f 4988 4990 4992 4991 
f 4991 4992 4801 4803 
f 4849 4848 4993 4955 
f 4955 4993 4994 4956 
f 4848 4847 4995 4993 
f 4993 4995 4996 4994 
f 4847 4791 4846 4995 
f 4995 4846 4844 4996 
f 4956 4994 4997 4971 
f 4971 4997 4998 4972 
f 4972 4998 4999 4973 
f 4973 4999 5000 4974 
f 4974 5000 5001 4975 
f 4994 4996 5002 4997 
f 4997 5002 5003 4998 
f 4998 5003 5004 4999 
f 4999 5004 5005 5000 
f 5000 5005 5006 5001 
f 4996 4844 4842 5002 
f 5002 4842 4840 5003 
f 5003 4840 4838 5004 
f 5004 4838 4836 5005 
f 4975 5001 5007 4987 
f 5001 5006 5008 5007 
f 4987 5007 5009 4989 
f 4989 5009 5010 4990 
f 5007 5008 5011 5009 
f 5009 5011 5012 5010 
f 4990 5010 5013 4992 
f 4992 5013 4799 4801 
f 5010 5012 5014 5013 
f 5013 5014 4797 4799 
f 5005 4836 4834 5006 
f 5006 4834 4794 5008 
f 5008 4794 4783 5011 
f 5011 4783 4784 5012 
f 5012 4784 4796 5014 
f 5014 4796 4786 4797 
f 5015 5018 5017 5016 
f 5019 5020 5018 5015 
f 5021 5022 5020 5019 
f 5023 5024 5022 5021 
f 5025 5026 5024 5023 
f 5027 5028 5026 5025 
f 5029 5030 5028 5027 
f 5031 5032 5030 5029 
f 5033 5034 5032 5031 
f 5035 5036 5034 5033 
f 5037 5038 5036 5035 
f 5039 5040 5038 5037 
f 5041 5042 5040 5039 
f 5043 5044 5042 5041 
f 5045 5046 5044 5043 
f 5047 5048 5046 5045 
f 5048 5050 5049 5046 
f 5050 5052 5051 5049 
f 5052 4826 4824 5051 
f 4822 5053 5051 4824 
f 4820 5054 5053 4822 
f 4818 5055 5054 4820 
f 4816 5056 5055 4818 
f 4814 5057 5056 4816 
f 4812 5058 5057 4814 
f 4810 5059 5058 4812 
f 4808 5060 5059 4810 
f 4806 5061 5060 4808 
f 4804 5062 5061 4806 
f 4802 5063 5062 4804 
f 4800 5064 5063 4802 
f 4798 5065 5064 4800 
f 4787 5066 5065 4798 
f 4788 5067 5066 4787 
f 5051 5053 5068 5049 
f 5049 5068 5044 5046 
f 5053 5054 5069 5068 
f 5068 5069 5042 5044 
f 5054 5055 5070 5069 
f 5069 5070 5040 5042 
f 5055 5056 5071 5070 
f 5070 5071 5038 5040 
f 5056 5057 5072 5071 
f 5071 5072 5036 5038 
f 5057 5058 5073 5072 
f 5072 5073 5034 5036 
f 5058 5059 5074 5073 
f 5073 5074 5032 5034 
f 5059 5060 5075 5074 
f 5074 5075 5030 5032 
f 5060 5061 5076 5075 
f 5075 5076 5028 5030 
f 5061 5062 5077 5076 
f 5076 5077 5026 5028 
f 5062 5063 5078 5077 
f 5077 5078 5024 5026 
f 5063 5064 5079 5078 
f 5078 5079 5022 5024 
f 5064 5065 5080 5079 
f 5079 5080 5020 5022 
f 5065 5066 5081 5080 
f 5080 5081 5018 5020 
f 5066 5067 5082 5081 
f 5081 5082 5017 5018 
f 5083 5084 5047 5045 
f 5085 5083 5045 5043 
f 5085 5043 5041 5086 
f 5087 5086 5041 5039 
f 5088 5087 5039 5037 
f 5089 5088 5037 5035 
f 5089 5035 5033 5090 
f 5091 5090 5033 5031 
f 5092 5091 5031 5029 
f 5093 5092 5029 5027 
f 5093 5027 5025 5094 
f 5095 5094 5025 5023 
f 5096 5095 5023 5021 
f 5096 5021 5019 5097 
f 5098 5097 5019 5015 
f 5099 5098 5015 5016 
f 4760 5100 4566 4559 
f 5101 4573 4566 5100 
f 5102 4579 4573 5101 
f 5103 4585 4579 5102 
f 5104 4591 4585 5103 
f 5104 5105 4597 4591 
f 5105 5106 4603 4597 
f 5107 4610 4603 5106 
f 5107 5108 4756 4610 
f 5109 4749 4756 5108 
f 5110 4743 4749 5109 
f 5111 4736 4743 5110 
f 5112 4730 4736 5111 
f 5113 4723 4730 5112 
f 5114 4717 4723 5113 
f 4776 4710 4717 5114 
f 5115 4778 4779 5116 
f 4781 4782 5118 5117 
f 4785 5120 5119 4788 
f 4789 5121 5100 4760 
f 5114 5122 4792 4776 
f 4793 5123 5118 4782 
f 4795 4781 5117 5124 
f 4785 4795 5124 5120 
f 5125 5126 5119 5120 
f 5127 5128 5126 5125 
f 5129 5130 5128 5127 
f 5131 5132 5130 5129 
f 5133 5134 5132 5131 
f 5135 5136 5134 5133 
f 5137 5138 5136 5135 
f 5139 5140 5138 5137 
f 5141 5142 5140 5139 
f 5143 5144 5142 5141 
f 5145 5146 5144 5143 
f 5147 5148 5146 5145 
f 5149 5150 5148 5147 
f 5151 5152 5150 5149 
f 4825 4826 5152 5151 
f 4827 4825 5151 5153 
f 4829 4827 5153 5154 
f 4831 4829 5154 5155 
f 4779 4831 5155 5116 
f 4833 5156 5123 4793 
f 4835 5157 5156 4833 
f 4837 5158 5157 4835 
f 4839 5159 5158 4837 
f 4841 5160 5159 4839 
f 4843 5161 5160 4841 
f 4843 4845 5162 5161 
f 4792 5122 5162 4845 
f 5113 5163 5122 5114 
f 5112 5164 5163 5113 
f 5111 5165 5164 5112 
f 5110 5166 5165 5111 
f 5109 5167 5166 5110 
f 5108 5168 5167 5109 
f 5107 5169 5168 5108 
f 5106 5170 5169 5107 
f 5105 5171 5170 5106 
f 5104 5172 5171 5105 
f 5103 5173 5172 5104 
f 5102 5174 5173 5103 
f 5101 5175 5174 5102 
f 5100 5121 5175 5101 
f 4860 5176 5121 4789 
f 4862 5177 5176 4860 
f 4864 5178 5177 4862 
f 4866 5179 5178 4864 
f 4868 5180 5179 4866 
f 4870 5181 5180 4868 
f 4778 5115 5181 4870 
f 5121 5176 5182 5175 
f 5176 5177 5183 5182 
f 5175 5182 5184 5174 
f 5182 5183 5185 5184 
f 5174 5184 5186 5173 
f 5184 5185 5187 5186 
f 5177 5178 5188 5183 
f 5178 5179 5189 5188 
f 5179 5180 5190 5189 
f 5180 5181 5191 5190 
f 5183 5188 5192 5185 
f 5188 5189 5193 5192 
f 5189 5190 5194 5193 
f 5190 5191 5195 5194 
f 5191 5197 5196 5195 
f 5185 5192 5198 5187 
f 5192 5193 5199 5198 
f 5193 5194 5200 5199 
f 5194 5195 5201 5200 
f 5195 5196 5202 5201 
f 5181 5115 5197 5191 
f 5115 5116 5203 5197 
f 5116 5155 5204 5203 
f 5155 5154 5205 5204 
f 5154 5153 5206 5205 
f 5153 5151 5149 5206 
f 5197 5203 5207 5196 
f 5203 5204 5208 5207 
f 5196 5207 5209 5202 
f 5204 5205 5210 5208 
f 5207 5208 5211 5209 
f 5208 5210 5212 5211 
f 5205 5206 5213 5210 
f 5206 5149 5147 5213 
f 5210 5213 5214 5212 
f 5213 5147 5145 5214 
f 5173 5186 5215 5172 
f 5186 5187 5216 5215 
f 5172 5215 5217 5171 
f 5215 5216 5218 5217 
f 5171 5217 5219 5170 
f 5217 5218 5220 5219 
f 5170 5219 5221 5169 
f 5219 5220 5222 5221 
f 5187 5198 5223 5216 
f 5198 5199 5224 5223 
f 5199 5200 5225 5224 
f 5200 5201 5226 5225 
f 5201 5202 5227 5226 
f 5216 5223 5228 5218 
f 5223 5224 5229 5228 
f 5224 5225 5230 5229 
f 5225 5226 5231 5230 
f 5226 5227 5232 5231 
f 5218 5228 5233 5220 
f 5228 5229 5234 5233 
f 5229 5230 5235 5234 
f 5230 5231 5236 5235 
f 5220 5233 5237 5222 
f 5233 5234 5238 5237 
f 5234 5235 5239 5238 
f 5235 5236 5240 5239 
f 5202 5209 5241 5227 
f 5227 5241 5242 5232 
f 5209 5211 5243 5241 
f 5211 5212 5244 5243 
f 5241 5243 5245 5242 
f 5243 5244 5246 5245 
f 5212 5214 5247 5244 
f 5214 5145 5143 5247 
f 5244 5247 5248 5246 
f 5247 5143 5141 5248 
f 5231 5232 5249 5236 
f 5232 5242 5250 5249 
f 5242 5245 5251 5250 
f 5236 5249 5252 5240 
f 5249 5250 5253 5252 
f 5250 5251 5254 5253 
f 5245 5246 5255 5251 
f 5251 5255 5256 5254 
f 5246 5248 5257 5255 
f 5248 5141 5139 5257 
f 5255 5257 5258 5256 
f 5257 5139 5137 5258 
f 5169 5221 5259 5168 
f 5221 5222 5260 5259 
f 5168 5259 5261 5167 
f 5259 5260 5262 5261 
f 5167 5261 5263 5166 
f 5261 5262 5264 5263 
f 5166 5263 5265 5165 
f 5263 5264 5266 5265 
f 5222 5237 5267 5260 
f 5237 5238 5268 5267 
f 5238 5239 5269 5268 
f 5239 5240 5270 5269 
f 5260 5267 5271 5262 
f 5267 5268 5272 5271 
f 5268 5269 5273 5272 
f 5269 5270 5274 5273 
f 5262 5271 5275 5264 
f 5271 5272 5276 5275 
f 5272 5273 5277 5276 
f 5273 5274 5278 5277 
f 5274 5280 5279 5278 
f 5264 5275 5281 5266 
f 5275 5276 5282 5281 
f 5276 5277 5283 5282 
f 5277 5278 5284 5283 
f 5278 5279 5285 5284 
f 5240 5252 5286 5270 
f 5252 5253 5287 5286 
f 5253 5254 5288 5287 
f 5270 5286 5280 5274 
f 5286 5287 5289 5280 
f 5287 5288 5290 5289 
f 5254 5256 5291 5288 
f 5288 5291 5292 5290 
f 5256 5258 5293 5291 
f 5258 5137 5135 5293 
f 5291 5293 5294 5292 
f 5293 5135 5133 5294 
f 5280 5289 5295 5279 
f 5289 5290 5296 5295 
f 5279 5295 5297 5285 
f 5290 5292 5298 5296 
f 5295 5296 5299 5297 
f 5296 5298 5300 5299 
f 5292 5294 5301 5298 
f 5294 5133 5131 5301 
f 5298 5301 5302 5300 
f 5301 5131 5129 5302 
f 5165 5265 5303 5164 
f 5265 5266 5304 5303 
f 5164 5303 5305 5163 
f 5303 5304 5306 5305 
f 5163 5305 5162 5122 
f 5305 5306 5161 5162 
f 5266 5281 5307 5304 
f 5281 5282 5308 5307 
f 5282 5283 5309 5308 
f 5283 5284 5310 5309 
f 5284 5285 5311 5310 
f 5304 5307 5312 5306 
f 5307 5308 5313 5312 
f 5308 5309 5314 5313 
f 5309 5310 5315 5314 
f 5310 5311 5316 5315 
f 5306 5312 5160 5161 
f 5312 5313 5159 5160 
f 5313 5314 5158 5159 
f 5314 5315 5157 5158 
f 5285 5297 5317 5311 
f 5311 5317 5318 5316 
f 5297 5299 5319 5317 
f 5299 5300 5320 5319 
f 5317 5319 5321 5318 
f 5319 5320 5322 5321 
f 5300 5302 5323 5320 
f 5302 5129 5127 5323 
f 5320 5323 5324 5322 
f 5323 5127 5125 5324 
f 5315 5316 5156 5157 
f 5316 5318 5123 5156 
f 5318 5321 5118 5123 
f 5321 5322 5117 5118 
f 5322 5324 5124 5117 
f 5324 5125 5120 5124 
f 5325 5016 5017 5326 
f 5327 5325 5326 5328 
f 5329 5327 5328 5330 
f 5331 5329 5330 5332 
f 5333 5331 5332 5334 
f 5335 5333 5334 5336 
f 5337 5335 5336 5338 
f 5339 5337 5338 5340 
f 5341 5339 5340 5342 
f 5343 5341 5342 5344 
f 5345 5343 5344 5346 
f 5347 5345 5346 5348 
f 5349 5347 5348 5350 
f 5351 5349 5350 5352 
f 5353 5351 5352 5354 
f 5047 5353 5354 5048 
f 5048 5354 5355 5050 
f 5050 5355 5356 5052 
f 5052 5356 5152 4826 
f 5150 5152 5356 5357 
f 5148 5150 5357 5358 
f 5146 5148 5358 5359 
f 5144 5146 5359 5360 
f 5142 5144 5360 5361 
f 5140 5142 5361 5362 
f 5138 5140 5362 5363 
f 5136 5138 5363 5364 
f 5134 5136 5364 5365 
f 5132 5134 5365 5366 
f 5130 5132 5366 5367 
f 5128 5130 5367 5368 
f 5126 5128 5368 5369 
f 5119 5126 5369 5370 
f 4788 5119 5370 5067 
f 5356 5355 5371 5357 
f 5355 5354 5352 5371 
f 5357 5371 5372 5358 
f 5371 5352 5350 5372 
f 5358 5372 5373 5359 
f 5372 5350 5348 5373 
f 5359 5373 5374 5360 
f 5373 5348 5346 5374 
f 5360 5374 5375 5361 
f 5374 5346 5344 5375 
f 5361 5375 5376 5362 
f 5375 5344 5342 5376 
f 5362 5376 5377 5363 
f 5376 5342 5340 5377 
f 5363 5377 5378 5364 
f 5377 5340 5338 5378 
f 5364 5378 5379 5365 
f 5378 5338 5336 5379 
f 5365 5379 5380 5366 
f 5379 5336 5334 5380 
f 5366 5380 5381 5367 
f 5380 5334 5332 5381 
f 5367 5381 5382 5368 
f 5381 5332 5330 5382 
f 5368 5382 5383 5369 
f 5382 5330 5328 5383 
f 5369 5383 5384 5370 
f 5383 5328 5326 5384 
f 5370 5384 5082 5067 
f 5384 5326 5017 5082 
f 5385 5353 5047 5084 
f 5386 5351 5353 5385 
f 5386 5387 5349 5351 
f 5388 5347 5349 5387 
f 5389 5345 5347 5388 
f 5390 5343 5345 5389 
f 5390 5391 5341 5343 
f 5392 5339 5341 5391 
f 5393 5337 5339 5392 
f 5394 5335 5337 5393 
f 5394 5395 5333 5335 
f 5396 5331 5333 5395 
f 5397 5329 5331 5396 
f 5397 5398 5327 5329 
f 5399 5325 5327 5398 
f 5099 5016 5325 5399 
s 2
f 5400 5403 5402 5401 
f 5401 5402 5405 5404 
f 5404 5405 5407 5406 
f 5406 5407 5409 5408 
f 5408 5409 5411 5410 
f 5410 5411 5413 5412 
f 5412 5413 5415 5414 
f 5414 5415 5417 5416 
f 5416 5417 5419 5418 
f 5418 5419 5421 5420 
f 5420 5421 5423 5422 
f 5422 5423 5425 5424 
f 5424 5425 5427 5426 
f 5426 5427 5429 5428 
f 5428 5429 5431 5430 
f 5430 5431 5433 5432 
f 5432 5433 5435 5434 
f 5434 5435 5437 5436 
f 5436 5437 5439 5438 
f 5438 5439 5441 5440 
f 5440 5441 5443 5442 
f 5442 5443 5445 5444 
f 5444 5445 5447 5446 
f 5446 5447 5449 5448 
f 5448 5449 5451 5450 
f 5450 5451 5453 5452 
f 5452 5453 5455 5454 
f 5454 5455 5457 5456 
f 5456 5457 5459 5458 
f 5458 5459 5461 5460 
f 5460 5461 5463 5462 
f 5462 5463 5403 5400 
f 5464 5467 5466 5465 
f 5468 5464 5465 5469 
f 5470 5468 5469 5471 
f 5472 5470 5471 5473 
f 5474 5472 5473 5475 
f 5476 5474 5475 5477 
f 5478 5476 5477 5479 
f 5480 5478 5479 5481 
f 5482 5480 5481 5483 
f 5484 5482 5483 5485 
f 5486 5484 5485 5487 
f 5488 5486 5487 5489 
f 5490 5488 5489 5491 
f 5492 5490 5491 5493 
f 5494 5492 5493 5495 
f 5496 5494 5495 5497 
f 5498 5496 5497 5499 
f 5500 5498 5499 5501 
f 5502 5500 5501 5503 
f 5504 5502 5503 5505 
f 5506 5504 5505 5507 
f 5508 5506 5507 5509 
f 5510 5508 5509 5511 
f 5512 5510 5511 5513 
f 5514 5512 5513 5515 
f 5516 5514 5515 5517 
f 5518 5516 5517 5519 
f 5520 5518 5519 5521 
f 5522 5520 5521 5523 
f 5524 5522 5523 5525 
f 5526 5524 5525 5527 
f 5467 5526 5527 5466 
f 5465 5466 5529 5528 
f 5467 5464 5402 5403 
f 5469 5465 5528 5530 
f 5464 5468 5405 5402 
f 5471 5469 5530 5531 
f 5468 5470 5407 5405 
f 5473 5471 5531 5532 
f 5470 5472 5409 5407 
f 5475 5473 5532 5533 
f 5472 5474 5411 5409 
f 5477 5475 5533 5534 
f 5474 5476 5413 5411 
f 5479 5477 5534 5535 
f 5476 5478 5415 5413 
f 5481 5479 5535 5536 
f 5478 5480 5417 5415 
f 5483 5481 5536 5537 
f 5480 5482 5419 5417 
f 5485 5483 5537 5538 
f 5482 5484 5421 5419 
f 5487 5485 5538 5539 
f 5484 5486 5423 5421 
f 5489 5487 5539 5540 
f 5486 5488 5425 5423 
f 5491 5489 5540 5541 
f 5488 5490 5427 5425 
f 5493 5491 5541 5542 
f 5490 5492 5429 5427 
f 5495 5493 5542 5543 
f 5492 5494 5431 5429 
f 5497 5495 5543 5544 
f 5494 5496 5433 5431 
f 5499 5497 5544 5545 
f 5496 5498 5435 5433 
f 5501 5499 5545 5546 
f 5498 5500 5437 5435 
f 5503 5501 5546 5547 
f 5500 5502 5439 5437 
f 5505 5503 5547 5548 
f 5502 5504 5441 5439 
f 5507 5505 5548 5549 
f 5504 5506 5443 5441 
f 5509 5507 5549 5550 
f 5506 5508 5445 5443 
f 5511 5509 5550 5551 
f 5508 5510 5447 5445 
f 5513 5511 5551 5552 
f 5510 5512 5449 5447 
f 5515 5513 5552 5553 
f 5512 5514 5451 5449 
f 5517 5515 5553 5554 
f 5514 5516 5453 5451 
f 5519 5517 5554 5555 
f 5516 5518 5455 5453 
f 5521 5519 5555 5556 
f 5518 5520 5457 5455 
f 5523 5521 5556 5557 
f 5520 5522 5459 5457 
f 5525 5523 5557 5558 
f 5522 5524 5461 5459 
f 5527 5525 5558 5559 
f 5524 5526 5463 5461 
f 5466 5527 5559 5529 
f 5526 5467 5403 5463 
f 5529 5561 5560 5528 
f 5528 5560 5562 5530 
f 5530 5562 5563 5531 
f 5531 5563 5564 5532 
f 5532 5564 5565 5533 
f 5533 5565 5566 5534 
f 5534 5566 5567 5535 
f 5535 5567 5568 5536 
f 5536 5568 5569 5537 
f 5537 5569 5570 5538 
f 5538 5570 5571 5539 
f 5539 5571 5572 5540 
f 5540 5572 5573 5541 
f 5541 5573 5574 5542 
f 5542 5574 5575 5543 
f 5543 5575 5576 5544 
f 5544 5576 5577 5545 
f 5545 5577 5578 5546 
f 5546 5578 5579 5547 
f 5547 5579 5580 5548 
f 5548 5580 5581 5549 
f 5549 5581 5582 5550 
f 5550 5582 5583 5551 
f 5551 5583 5584 5552 
f 5552 5584 5585 5553 
f 5553 5585 5586 5554 
f 5554 5586 5587 5555 
f 5555 5587 5588 5556 
f 5556 5588 5589 5557 
f 5557 5589 5590 5558 
f 5558 5590 5591 5559 
f 5559 5591 5561 5529 
f 5592 5595 5594 5593 
f 5596 5592 5593 5597 
f 5598 5596 5597 5599 
f 5600 5598 5599 5601 
f 5602 5600 5601 5603 
f 5604 5602 5603 5605 
f 5606 5604 5605 5607 
f 5608 5606 5607 5609 
f 5610 5608 5609 5611 
f 5612 5610 5611 5613 
f 5614 5612 5613 5615 
f 5616 5614 5615 5617 
f 5618 5616 5617 5619 
f 5620 5618 5619 5621 
f 5622 5620 5621 5623 
f 5624 5622 5623 5625 
f 5626 5624 5625 5627 
f 5628 5626 5627 5629 
f 5630 5628 5629 5631 
f 5632 5630 5631 5633 
f 5634 5632 5633 5635 
f 5636 5634 5635 5637 
f 5638 5636 5637 5639 
f 5640 5638 5639 5641 
f 5642 5640 5641 5643 
f 5644 5642 5643 5645 
f 5646 5644 5645 5647 
f 5648 5646 5647 5649 
f 5650 5648 5649 5651 
f 5652 5650 5651 5653 
f 5654 5652 5653 5655 
f 5595 5654 5655 5594 
f 5593 5594 5657 5656 
f 5595 5592 5560 5561 
f 5597 5593 5656 5658 
f 5592 5596 5562 5560 
f 5599 5597 5658 5659 
f 5596 5598 5563 5562 
f 5601 5599 5659 5660 
f 5598 5600 5564 5563 
f 5603 5601 5660 5661 
f 5600 5602 5565 5564 
f 5605 5603 5661 5662 
f 5602 5604 5566 5565 
f 5607 5605 5662 5663 
f 5604 5606 5567 5566 
f 5609 5607 5663 5664 
f 5606 5608 5568 5567 
f 5611 5609 5664 5665 
f 5608 5610 5569 5568 
f 5613 5611 5665 5666 
f 5610 5612 5570 5569 
f 5615 5613 5666 5667 
f 5612 5614 5571 5570 
f 5617 5615 5667 5668 
f 5614 5616 5572 5571 
f 5619 5617 5668 5669 
f 5616 5618 5573 5572 
f 5621 5619 5669 5670 
f 5618 5620 5574 5573 
f 5623 5621 5670 5671 
f 5620 5622 5575 5574 
f 5625 5623 5671 5672 
f 5622 5624 5576 5575 
f 5627 5625 5672 5673 
f 5624 5626 5577 5576 
f 5629 5627 5673 5674 
f 5626 5628 5578 5577 
f 5631 5629 5674 5675 
f 5628 5630 5579 5578 
f 5633 5631 5675 5676 
f 5630 5632 5580 5579 
f 5635 5633 5676 5677 
f 5632 5634 5581 5580 
f 5637 5635 5677 5678 
f 5634 5636 5582 5581 
f 5639 5637 5678 5679 
f 5636 5638 5583 5582 
f 5641 5639 5679 5680 
f 5638 5640 5584 5583 
f 5643 5641 5680 5681 
f 5640 5642 5585 5584 
f 5645 5643 5681 5682 
f 5642 5644 5586 5585 
f 5647 5645 5682 5683 
f 5644 5646 5587 5586 
f 5649 5647 5683 5684 
f 5646 5648 5588 5587 
f 5651 5649 5684 5685 
f 5648 5650 5589 5588 
f 5653 5651 5685 5686 
f 5650 5652 5590 5589 
f 5655 5653 5686 5687 
f 5652 5654 5591 5590 
f 5594 5655 5687 5657 
f 5654 5595 5561 5591 
f 5657 5688 5656 
f 5656 5688 5658 
f 5658 5688 5659 
f 5659 5688 5660 
f 5660 5688 5661 
f 5661 5688 5662 
f 5662 5688 5663 
f 5663 5688 5664 
f 5664 5688 5665 
f 5665 5688 5666 
f 5666 5688 5667 
f 5667 5688 5668 
f 5668 5688 5669 
f 5669 5688 5670 
f 5670 5688 5671 
f 5671 5688 5672 
f 5672 5688 5673 
f 5673 5688 5674 
f 5674 5688 5675 
f 5675 5688 5676 
f 5676 5688 5677 
f 5677 5688 5678 
f 5678 5688 5679 
f 5679 5688 5680 
f 5680 5688 5681 
f 5681 5688 5682 
f 5682 5688 5683 
f 5683 5688 5684 
f 5684 5688 5685 
f 5685 5688 5686 
f 5686 5688 5687 
f 5687 5688 5657 
s 1
f 5083 5690 5689 5084 
f 5085 5691 5690 5083 
f 5086 5692 5691 5085 
f 5087 5693 5692 5086 
f 5088 5694 5693 5087 
f 5089 5695 5694 5088 
f 5090 5696 5695 5089 
f 5091 5697 5696 5090 
f 5092 5698 5697 5091 
f 5093 5699 5698 5092 
f 5094 5700 5699 5093 
f 5095 5701 5700 5094 
f 5096 5702 5701 5095 
f 5097 5703 5702 5096 
f 5098 5704 5703 5097 
f 5099 5705 5704 5098 
f 5084 5689 5706 5385 
f 5385 5706 5707 5386 
f 5386 5707 5708 5387 
f 5387 5708 5709 5388 
f 5388 5709 5710 5389 
f 5389 5710 5711 5390 
f 5390 5711 5712 5391 
f 5391 5712 5713 5392 
f 5392 5713 5714 5393 
f 5393 5714 5715 5394 
f 5394 5715 5716 5395 
f 5395 5716 5717 5396 
f 5396 5717 5718 5397 
f 5397 5718 5719 5398 
f 5398 5719 5720 5399 
f 5399 5720 5705 5099 
s 2
f 5401 5689 5690 5400 
f 5404 5706 5689 5401 
f 5406 5707 5706 5404 
f 5408 5708 5707 5406 
f 5410 5709 5708 5408 
f 5412 5710 5709 5410 
f 5414 5711 5710 5412 
f 5416 5712 5711 5414 
f 5418 5713 5712 5416 
f 5420 5714 5713 5418 
f 5422 5715 5714 5420 
f 5424 5716 5715 5422 
f 5426 5717 5716 5424 
f 5428 5718 5717 5426 
f 5430 5719 5718 5428 
f 5432 5720 5719 5430 
f 5434 5705 5720 5432 
f 5436 5704 5705 5434 
f 5438 5703 5704 5436 
f 5440 5702 5703 5438 
f 5442 5701 5702 5440 
f 5444 5700 5701 5442 
f 5446 5699 5700 5444 
f 5448 5698 5699 5446 
f 5450 5697 5698 5448 
f 5452 5696 5697 5450 
f 5454 5695 5696 5452 
f 5456 5694 5695 5454 
f 5458 5693 5694 5456 
f 5460 5692 5693 5458 
f 5462 5691 5692 5460 
f 5400 5690 5691 5462 
s 1
f 6007 6008 5722 5721 
f 6008 6035 5723 5722 
f 6039 5725 5724 6036 
f 6039 6040 5726 5725 
f 6040 6131 5727 5726 
f 6132 5728 5727 6131 
f 6132 6135 5729 5728 
f 6164 5732 5731 6163 
f 6167 5733 5732 6164 
f 6168 5734 5733 6167 
f 6136 6163 5731 5730 
f 6135 6136 5730 5729 
f 6036 5724 5723 6035 
f 5721 5722 5736 5735 
f 5722 5723 5749 5736 
f 5735 5736 5738 5737 
f 5736 5749 5753 5738 
f 5737 5738 5740 5739 
f 5738 5753 5755 5740 
f 5739 5740 5742 5741 
f 5740 5755 5761 5742 
f 5741 5742 5744 5743 
f 5742 5761 5763 5744 
f 5743 5744 5746 5745 
f 5744 5763 5769 5746 
f 5745 5746 5748 5747 
f 5746 5769 5771 5748 
f 5747 5748 5778 5777 
f 5748 5771 5793 5778 
f 5723 5724 5750 5749 
f 5724 5725 5751 5750 
f 5749 5750 5754 5753 
f 5750 5751 5757 5754 
f 5725 5726 5752 5751 
f 5726 5727 5825 5752 
f 5751 5752 5758 5757 
f 5752 5825 5829 5758 
f 5753 5754 5756 5755 
f 5754 5757 5759 5756 
f 5755 5756 5762 5761 
f 5756 5759 5765 5762 
f 5757 5758 5760 5759 
f 5758 5829 5831 5760 
f 5759 5760 5766 5765 
f 5760 5831 5837 5766 
f 5761 5762 5764 5763 
f 5762 5765 5767 5764 
f 5763 5764 5770 5769 
f 5764 5767 5773 5770 
f 5765 5766 5768 5767 
f 5766 5837 5839 5768 
f 5767 5768 5774 5773 
f 5768 5839 5845 5774 
f 5769 5770 5772 5771 
f 5770 5773 5775 5772 
f 5771 5772 5794 5793 
f 5772 5775 5797 5794 
f 5773 5774 5776 5775 
f 5774 5845 5847 5776 
f 5775 5776 5798 5797 
f 5776 5847 5881 5798 
f 5777 5778 5780 5779 
f 5778 5793 5795 5780 
f 5779 5780 5782 5781 
f 5780 5795 5801 5782 
f 5781 5782 5784 5783 
f 5782 5801 5803 5784 
f 5783 5784 5786 5785 
f 5784 5803 5809 5786 
f 5785 5786 5788 5787 
f 5786 5809 5811 5788 
f 5787 5788 5790 5789 
f 5788 5811 5817 5790 
f 5789 5790 5792 5791 
f 5790 5817 5819 5792 
f 5791 5792 5946 5945 
f 5792 5819 5961 5946 
f 5793 5794 5796 5795 
f 5794 5797 5799 5796 
f 5795 5796 5802 5801 
f 5796 5799 5805 5802 
f 5797 5798 5800 5799 
f 5798 5881 5883 5800 
f 5799 5800 5806 5805 
f 5800 5883 5889 5806 
f 5801 5802 5804 5803 
f 5802 5805 5807 5804 
f 5803 5804 5810 5809 
f 5804 5807 5813 5810 
f 5805 5806 5808 5807 
f 5806 5889 5891 5808 
f 5807 5808 5814 5813 
f 5808 5891 5897 5814 
f 5809 5810 5812 5811 
f 5810 5813 5815 5812 
f 5811 5812 5818 5817 
f 5812 5815 5821 5818 
f 5813 5814 5816 5815 
f 5814 5897 5899 5816 
f 5815 5816 5822 5821 
f 5816 5899 5905 5822 
f 5817 5818 5820 5819 
f 5818 5821 5823 5820 
f 5819 5820 5962 5961 
f 5820 5823 5965 5962 
f 5821 5822 5824 5823 
f 5822 5905 5907 5824 
f 5823 5824 5966 5965 
f 5824 5907 6041 5966 
f 5727 5728 5826 5825 
f 5728 5729 5827 5826 
f 5825 5826 5830 5829 
f 5826 5827 5833 5830 
f 5729 5730 5828 5827 
f 5730 5731 5853 5828 
f 5827 5828 5834 5833 
f 5828 5853 5857 5834 
f 5829 5830 5832 5831 
f 5830 5833 5835 5832 
f 5831 5832 5838 5837 
f 5832 5835 5841 5838 
f 5833 5834 5836 5835 
f 5834 5857 5859 5836 
f 5835 5836 5842 5841 
f 5836 5859 5865 5842 
f 5837 5838 5840 5839 
f 5838 5841 5843 5840 
f 5839 5840 5846 5845 
f 5840 5843 5849 5846 
f 5841 5842 5844 5843 
f 5842 5865 5867 5844 
f 5843 5844 5850 5849 
f 5844 5867 5873 5850 
f 5845 5846 5848 5847 
f 5846 5849 5851 5848 
f 5847 5848 5882 5881 
f 5848 5851 5885 5882 
f 5849 5850 5852 5851 
f 5850 5873 5875 5852 
f 5851 5852 5886 5885 
f 5852 5875 5913 5886 
f 5731 5732 5854 5853 
f 5732 5733 5855 5854 
f 5853 5854 5858 5857 
f 5854 5855 5861 5858 
f 5733 5734 5856 5855 
f 5855 5856 5862 5861 
f 5857 5858 5860 5859 
f 5858 5861 5863 5860 
f 5859 5860 5866 5865 
f 5860 5863 5869 5866 
f 5861 5862 5864 5863 
f 5863 5864 5870 5869 
f 5865 5866 5868 5867 
f 5866 5869 5871 5868 
f 5867 5868 5874 5873 
f 5868 5871 5877 5874 
f 5869 5870 5872 5871 
f 5871 5872 5878 5877 
f 5873 5874 5876 5875 
f 5874 5877 5879 5876 
f 5875 5876 5914 5913 
f 5876 5879 5917 5914 
f 5877 5878 5880 5879 
f 5879 5880 5918 5917 
f 5881 5882 5884 5883 
f 5882 5885 5887 5884 
f 5883 5884 5890 5889 
f 5884 5887 5893 5890 
f 5885 5886 5888 5887 
f 5886 5913 5915 5888 
f 5887 5888 5894 5893 
f 5888 5915 5921 5894 
f 5889 5890 5892 5891 
f 5890 5893 5895 5892 
f 5891 5892 5898 5897 
f 5892 5895 5901 5898 
f 5893 5894 5896 5895 
f 5894 5921 5923 5896 
f 5895 5896 5902 5901 
f 5896 5923 5929 5902 
f 5897 5898 5900 5899 
f 5898 5901 5903 5900 
f 5899 5900 5906 5905 
f 5900 5903 5909 5906 
f 5901 5902 5904 5903 
f 5902 5929 5931 5904 
f 5903 5904 5910 5909 
f 5904 5931 5937 5910 
f 5905 5906 5908 5907 
f 5906 5909 5911 5908 
f 5907 5908 6042 6041 
f 5908 5911 6045 6042 
f 5909 5910 5912 5911 
f 5910 5937 5939 5912 
f 5911 5912 6046 6045 
f 5912 5939 6073 6046 
f 5913 5914 5916 5915 
f 5914 5917 5919 5916 
f 5915 5916 5922 5921 
f 5916 5919 5925 5922 
f 5917 5918 5920 5919 
f 5919 5920 5926 5925 
f 5921 5922 5924 5923 
f 5922 5925 5927 5924 
f 5923 5924 5930 5929 
f 5924 5927 5933 5930 
f 5925 5926 5928 5927 
f 5927 5928 5934 5933 
f 5929 5930 5932 5931 
f 5930 5933 5935 5932 
f 5931 5932 5938 5937 
f 5932 5935 5941 5938 
f 5933 5934 5936 5935 
f 5935 5936 5942 5941 
f 5937 5938 5940 5939 
f 5938 5941 5943 5940 
f 5939 5940 6074 6073 
f 5940 5943 6077 6074 
f 5941 5942 5944 5943 
f 5943 5944 6078 6077 
f 5945 5946 5948 5947 
f 5946 5961 5963 5948 
f 5947 5948 5950 5949 
f 5948 5963 5969 5950 
f 5949 5950 5952 5951 
f 5950 5969 5971 5952 
f 5951 5952 5954 5953 
f 5952 5971 5977 5954 
f 5953 5954 5956 5955 
f 5954 5977 5979 5956 
f 5955 5956 5958 5957 
f 5956 5979 5985 5958 
f 5957 5958 5960 5959 
f 5958 5985 5987 5960 
f 5959 5960 5994 5993 
f 5960 5987 6009 5994 
f 5961 5962 5964 5963 
f 5962 5965 5967 5964 
f 5963 5964 5970 5969 
f 5964 5967 5973 5970 
f 5965 5966 5968 5967 
f 5966 6041 6043 5968 
f 5967 5968 5974 5973 
f 5968 6043 6049 5974 
f 5969 5970 5972 5971 
f 5970 5973 5975 5972 
f 5971 5972 5978 5977 
f 5972 5975 5981 5978 
f 5973 5974 5976 5975 
f 5974 6049 6051 5976 
f 5975 5976 5982 5981 
f 5976 6051 6057 5982 
f 5977 5978 5980 5979 
f 5978 5981 5983 5980 
f 5979 5980 5986 5985 
f 5980 5983 5989 5986 
f 5981 5982 5984 5983 
f 5982 6057 6059 5984 
f 5983 5984 5990 5989 
f 5984 6059 6065 5990 
f 5985 5986 5988 5987 
f 5986 5989 5991 5988 
f 5987 5988 6010 6009 
f 5988 5991 6013 6010 
f 5989 5990 5992 5991 
f 5990 6065 6067 5992 
f 5991 5992 6014 6013 
f 5992 6067 6105 6014 
f 5993 5994 5996 5995 
f 5994 6009 6011 5996 
f 5995 5996 5998 5997 
f 5996 6011 6017 5998 
f 5997 5998 6000 5999 
f 5998 6017 6019 6000 
f 5999 6000 6002 6001 
f 6000 6019 6025 6002 
f 6001 6002 6004 6003 
f 6002 6025 6027 6004 
f 6003 6004 6006 6005 
f 6004 6027 6033 6006 
f 6005 6006 6008 6007 
f 6006 6033 6035 6008 
f 6009 6010 6012 6011 
f 6010 6013 6015 6012 
f 6011 6012 6018 6017 
f 6012 6015 6021 6018 
f 6013 6014 6016 6015 
f 6014 6105 6107 6016 
f 6015 6016 6022 6021 
f 6016 6107 6113 6022 
f 6017 6018 6020 6019 
f 6018 6021 6023 6020 
f 6019 6020 6026 6025 
f 6020 6023 6029 6026 
f 6021 6022 6024 6023 
f 6022 6113 6115 6024 
f 6023 6024 6030 6029 
f 6024 6115 6121 6030 
f 6025 6026 6028 6027 
f 6026 6029 6031 6028 
f 6027 6028 6034 6033 
f 6028 6031 6037 6034 
f 6029 6030 6032 6031 
f 6030 6121 6123 6032 
f 6031 6032 6038 6037 
f 6032 6123 6129 6038 
f 6033 6034 6036 6035 
f 6034 6037 6039 6036 
f 6037 6038 6040 6039 
f 6038 6129 6131 6040 
f 6041 6042 6044 6043 
f 6042 6045 6047 6044 
f 6043 6044 6050 6049 
f 6044 6047 6053 6050 
f 6045 6046 6048 6047 
f 6046 6073 6075 6048 
f 6047 6048 6054 6053 
f 6048 6075 6081 6054 
f 6049 6050 6052 6051 
f 6050 6053 6055 6052 
f 6051 6052 6058 6057 
f 6052 6055 6061 6058 
f 6053 6054 6056 6055 
f 6054 6081 6083 6056 
f 6055 6056 6062 6061 
f 6056 6083 6089 6062 
f 6057 6058 6060 6059 
f 6058 6061 6063 6060 
f 6059 6060 6066 6065 
f 6060 6063 6069 6066 
f 6061 6062 6064 6063 
f 6062 6089 6091 6064 
f 6063 6064 6070 6069 
f 6064 6091 6097 6070 
f 6065 6066 6068 6067 
f 6066 6069 6071 6068 
f 6067 6068 6106 6105 
f 6068 6071 6109 6106 
f 6069 6070 6072 6071 
f 6070 6097 6099 6072 
f 6071 6072 6110 6109 
f 6072 6099 6137 6110 
f 6073 6074 6076 6075 
f 6074 6077 6079 6076 
f 6075 6076 6082 6081 
f 6076 6079 6085 6082 
f 6077 6078 6080 6079 
f 6079 6080 6086 6085 
f 6081 6082 6084 6083 
f 6082 6085 6087 6084 
f 6083 6084 6090 6089 
f 6084 6087 6093 6090 
f 6085 6086 6088 6087 
f 6087 6088 6094 6093 
f 6089 6090 6092 6091 
f 6090 6093 6095 6092 
f 6091 6092 6098 6097 
f 6092 6095 6101 6098 
f 6093 6094 6096 6095 
f 6095 6096 6102 6101 
f 6097 6098 6100 6099 
f 6098 6101 6103 6100 
f 6099 6100 6138 6137 
f 6100 6103 6141 6138 
f 6101 6102 6104 6103 
f 6103 6104 6142 6141 
f 6105 6106 6108 6107 
f 6106 6109 6111 6108 
f 6107 6108 6114 6113 
f 6108 6111 6117 6114 
f 6109 6110 6112 6111 
f 6110 6137 6139 6112 
f 6111 6112 6118 6117 
f 6112 6139 6145 6118 
f 6113 6114 6116 6115 
f 6114 6117 6119 6116 
f 6115 6116 6122 6121 
f 6116 6119 6125 6122 
f 6117 6118 6120 6119 
f 6118 6145 6147 6120 
f 6119 6120 6126 6125 
f 6120 6147 6153 6126 
f 6121 6122 6124 6123 
f 6122 6125 6127 6124 
f 6123 6124 6130 6129 
f 6124 6127 6133 6130 
f 6125 6126 6128 6127 
f 6126 6153 6155 6128 
f 6127 6128 6134 6133 
f 6128 6155 6161 6134 
f 6129 6130 6132 6131 
f 6130 6133 6135 6132 
f 6133 6134 6136 6135 
f 6134 6161 6163 6136 
f 6137 6138 6140 6139 
f 6138 6141 6143 6140 
f 6139 6140 6146 6145 
f 6140 6143 6149 6146 
f 6141 6142 6144 6143 
f 6143 6144 6150 6149 
f 6145 6146 6148 6147 
f 6146 6149 6151 6148 
f 6147 6148 6154 6153 
f 6148 6151 6157 6154 
f 6149 6150 6152 6151 
f 6151 6152 6158 6157 
f 6153 6154 6156 6155 
f 6154 6157 6159 6156 
f 6155 6156 6162 6161 
f 6156 6159 6165 6162 
f 6157 6158 6160 6159 
f 6159 6160 6166 6165 
f 6161 6162 6164 6163 
f 6162 6165 6167 6164 
f 6165 6166 6168 6167 
f 5734 6168 6169 
f 6168 6166 6169 
f 6166 6160 6169 
f 6160 6158 6169 
f 6158 6152 6169 
f 6152 6150 6169 
f 6150 6144 6169 
f 6144 6142 6169 
f 6142 6104 6169 
f 6104 6102 6169 
f 6102 6096 6169 
f 6096 6094 6169 
f 6094 6088 6169 
f 6088 6086 6169 
f 6086 6080 6169 
f 6080 6078 6169 
f 6078 5944 6169 
f 5944 5942 6169 
f 5942 5936 6169 
f 5936 5934 6169 
f 5934 5928 6169 
f 5928 5926 6169 
f 5926 5920 6169 
f 5920 5918 6169 
f 5918 5880 6169 
f 5880 5878 6169 
f 5878 5872 6169 
f 5872 5870 6169 
f 5870 5864 6169 
f 5864 5862 6169 
f 5862 5856 6169 
f 5856 5734 6169 
s off
f 5721 5735 6171 6170 
f 5735 5737 6172 6171 
f 5737 5739 6173 6172 
f 5739 5741 6174 6173 
f 5741 5743 6175 6174 
f 5743 5745 6176 6175 
f 5745 5747 6177 6176 
f 5747 5777 6178 6177 
f 5777 5779 6179 6178 
f 5779 5781 6180 6179 
f 5781 5783 6181 6180 
f 5783 5785 6182 6181 
f 5785 5787 6183 6182 
f 5787 5789 6184 6183 
f 5789 5791 6185 6184 
f 5791 5945 6186 6185 
f 5945 5947 6187 6186 
f 5947 5949 6188 6187 
f 5949 5951 6189 6188 
f 5951 5953 6190 6189 
f 5953 5955 6191 6190 
f 5955 5957 6192 6191 
f 5957 5959 6193 6192 
f 5959 5993 6194 6193 
f 5993 5995 6195 6194 
f 5995 5997 6196 6195 
f 5997 5999 6197 6196 
f 5999 6001 6198 6197 
f 6001 6003 6199 6198 
f 6003 6005 6200 6199 
f 6005 6007 6201 6200 
f 6007 5721 6170 6201 
s 1
f 6202 6203 6211 6210 
s 4
f 6203 6204 6212 6211 
s 2
f 6204 6205 6213 6212 
s 4
f 6205 6206 6214 6213 
s 2
f 6206 6207 6215 6214 
s 4
f 6207 6208 6216 6215 
s 2
f 6208 6209 6217 6216 
s 1
f 6210 6211 6219 6218 
s 4
f 6211 6212 6220 6219 
s 2
f 6212 6213 6221 6220 
s 4
f 6213 6214 6222 6221 
s 2
f 6214 6215 6223 6222 
s 4
f 6215 6216 6224 6223 
s 2
f 6216 6217 6225 6224 
s 1
f 6218 6219 6227 6226 
s 4
f 6219 6220 6228 6227 
s 2
f 6220 6221 6229 6228 
s 4
f 6221 6222 6230 6229 
s 2
f 6222 6223 6231 6230 
s 4
f 6223 6224 6232 6231 
s 2
f 6224 6225 6233 6232 
s 1
f 6226 6227 6235 6234 
s 4
f 6227 6228 6236 6235 
s 2
f 6228 6229 6237 6236 
s 4
f 6229 6230 6238 6237 
s 2
f 6230 6231 6239 6238 
s 4
f 6231 6232 6240 6239 
s 2
f 6232 6233 6241 6240 
s 1
f 6234 6235 6243 6242 
s 4
f 6235 6236 6244 6243 
s 2
f 6236 6237 6245 6244 
s 4
f 6237 6238 6246 6245 
s 2
f 6238 6239 6247 6246 
s 4
f 6239 6240 6248 6247 
s 2
f 6240 6241 6249 6248 
s 1
f 6242 6243 6251 6250 
s 4
f 6243 6244 6252 6251 
s 2
f 6244 6245 6253 6252 
s 4
f 6245 6246 6254 6253 
s 2
f 6246 6247 6255 6254 
s 4
f 6247 6248 6256 6255 
s 2
f 6248 6249 6257 6256 
s 1
f 6250 6251 6259 6258 
s 4
f 6251 6252 6260 6259 
s 2
f 6252 6253 6261 6260 
s 4
f 6253 6254 6262 6261 
s 2
f 6254 6255 6263 6262 
s 4
f 6255 6256 6264 6263 
s 2
f 6256 6257 6265 6264 
s 1
f 6258 6259 6267 6266 
s 4
f 6259 6260 6268 6267 
s 2
f 6260 6261 6269 6268 
s 4
f 6261 6262 6270 6269 
s 2
f 6262 6263 6271 6270 
s 4
f 6263 6264 6272 6271 
s 2
f 6264 6265 6273 6272 
s 1
f 6266 6267 6275 6274 
s 4
f 6267 6268 6276 6275 
s 2
f 6268 6269 6277 6276 
s 4
f 6269 6270 6278 6277 
s 2
f 6270 6271 6279 6278 
s 4
f 6271 6272 6280 6279 
s 2
f 6272 6273 6281 6280 
s 1
f 6274 6275 6283 6282 
s 4
f 6275 6276 6284 6283 
s 2
f 6276 6277 6285 6284 
s 4
f 6277 6278 6286 6285 
s 2
f 6278 6279 6287 6286 
s 4
f 6279 6280 6288 6287 
s 2
f 6280 6281 6289 6288 
s 1
f 6282 6283 6291 6290 
s 4
f 6283 6284 6292 6291 
s 2
f 6284 6285 6293 6292 
s 4
f 6285 6286 6294 6293 
s 2
f 6286 6287 6295 6294 
s 4
f 6287 6288 6296 6295 
s 2
f 6288 6289 6297 6296 
s 1
f 6290 6291 6299 6298 
s 4
f 6291 6292 6300 6299 
s 2
f 6292 6293 6301 6300 
s 4
f 6293 6294 6302 6301 
s 2
f 6294 6295 6303 6302 
s 4
f 6295 6296 6304 6303 
s 2
f 6296 6297 6305 6304 
s 1
f 6298 6299 6307 6306 
s 4
f 6299 6300 6308 6307 
s 2
f 6300 6301 6309 6308 
s 4
f 6301 6302 6310 6309 
s 2
f 6302 6303 6311 6310 
s 4
f 6303 6304 6312 6311 
s 2
f 6304 6305 6313 6312 
s 1
f 6306 6307 6315 6314 
s 4
f 6307 6308 6316 6315 
s 2
f 6308 6309 6317 6316 
s 4
f 6309 6310 6318 6317 
s 2
f 6310 6311 6319 6318 
s 4
f 6311 6312 6320 6319 
s 2
f 6312 6313 6321 6320 
s 1
f 6314 6315 6323 6322 
s 4
f 6315 6316 6324 6323 
s 2
f 6316 6317 6325 6324 
s 4
f 6317 6318 6326 6325 
s 2
f 6318 6319 6327 6326 
s 4
f 6319 6320 6328 6327 
s 2
f 6320 6321 6329 6328 
s 1
f 6322 6323 6331 6330 
s 4
f 6323 6324 6332 6331 
s 2
f 6324 6325 6333 6332 
s 4
f 6325 6326 6334 6333 
s 2
f 6326 6327 6335 6334 
s 4
f 6327 6328 6336 6335 
s 2
f 6328 6329 6337 6336 
s 1
f 6330 6331 6339 6338 
s 4
f 6331 6332 6340 6339 
s 2
f 6332 6333 6341 6340 
s 4
f 6333 6334 6342 6341 
s 2
f 6334 6335 6343 6342 
s 4
f 6335 6336 6344 6343 
s 2
f 6336 6337 6345 6344 
s 1
f 6338 6339 6347 6346 
s 4
f 6339 6340 6348 6347 
s 2
f 6340 6341 6349 6348 
s 4
f 6341 6342 6350 6349 
s 2
f 6342 6343 6351 6350 
s 4
f 6343 6344 6352 6351 
s 2
f 6344 6345 6353 6352 
s 1
f 6346 6347 6355 6354 
s 4
f 6347 6348 6356 6355 
s 2
f 6348 6349 6357 6356 
s 4
f 6349 6350 6358 6357 
s 2
f 6350 6351 6359 6358 
s 4
f 6351 6352 6360 6359 
s 2
f 6352 6353 6361 6360 
s 1
f 6354 6355 6363 6362 
s 4
f 6355 6356 6364 6363 
s 2
f 6356 6357 6365 6364 
s 4
f 6357 6358 6366 6365 
s 2
f 6358 6359 6367 6366 
s 4
f 6359 6360 6368 6367 
s 2
f 6360 6361 6369 6368 
s 1
f 6362 6363 6371 6370 
s 4
f 6363 6364 6372 6371 
s 2
f 6364 6365 6373 6372 
s 4
f 6365 6366 6374 6373 
s 2
f 6366 6367 6375 6374 
s 4
f 6367 6368 6376 6375 
s 2
f 6368 6369 6377 6376 
s 1
f 6370 6371 6379 6378 
s 4
f 6371 6372 6380 6379 
s 2
f 6372 6373 6381 6380 
s 4
f 6373 6374 6382 6381 
s 2
f 6374 6375 6383 6382 
s 4
f 6375 6376 6384 6383 
s 2
f 6376 6377 6385 6384 
s 1
f 6378 6379 6387 6386 
s 4
f 6379 6380 6388 6387 
s 2
f 6380 6381 6389 6388 
s 4
f 6381 6382 6390 6389 
s 2
f 6382 6383 6391 6390 
s 4
f 6383 6384 6392 6391 
s 2
f 6384 6385 6393 6392 
s 1
f 6386 6387 6395 6394 
s 4
f 6387 6388 6396 6395 
s 2
f 6388 6389 6397 6396 
s 4
f 6389 6390 6398 6397 
s 2
f 6390 6391 6399 6398 
s 4
f 6391 6392 6400 6399 
s 2
f 6392 6393 6401 6400 
s 1
f 6394 6395 6403 6402 
s 4
f 6395 6396 6404 6403 
s 2
f 6396 6397 6405 6404 
s 4
f 6397 6398 6406 6405 
s 2
f 6398 6399 6407 6406 
s 4
f 6399 6400 6408 6407 
s 2
f 6400 6401 6409 6408 
s 1
f 6402 6403 6411 6410 
s 4
f 6403 6404 6412 6411 
s 2
f 6404 6405 6413 6412 
s 4
f 6405 6406 6414 6413 
s 2
f 6406 6407 6415 6414 
s 4
f 6407 6408 6416 6415 
s 2
f 6408 6409 6417 6416 
s 1
f 6410 6411 6419 6418 
s 4
f 6411 6412 6420 6419 
s 2
f 6412 6413 6421 6420 
s 4
f 6413 6414 6422 6421 
s 2
f 6414 6415 6423 6422 
s 4
f 6415 6416 6424 6423 
s 2
f 6416 6417 6425 6424 
s 1
f 6418 6419 6427 6426 
s 4
f 6419 6420 6428 6427 
s 2
f 6420 6421 6429 6428 
s 4
f 6421 6422 6430 6429 
s 2
f 6422 6423 6431 6430 
s 4
f 6423 6424 6432 6431 
s 2
f 6424 6425 6433 6432 
s 1
f 6426 6427 6435 6434 
s 4
f 6427 6428 6436 6435 
s 2
f 6428 6429 6437 6436 
s 4
f 6429 6430 6438 6437 
s 2
f 6430 6431 6439 6438 
s 4
f 6431 6432 6440 6439 
s 2
f 6432 6433 6441 6440 
s 1
f 6434 6435 6443 6442 
s 4
f 6435 6436 6444 6443 
s 2
f 6436 6437 6445 6444 
s 4
f 6437 6438 6446 6445 
s 2
f 6438 6439 6447 6446 
s 4
f 6439 6440 6448 6447 
s 2
f 6440 6441 6449 6448 
s 1
f 6442 6443 6451 6450 
s 4
f 6443 6444 6452 6451 
s 2
f 6444 6445 6453 6452 
s 4
f 6445 6446 6454 6453 
s 2
f 6446 6447 6455 6454 
s 4
f 6447 6448 6456 6455 
s 2
f 6448 6449 6457 6456 
s 1
f 6450 6451 6203 6202 
s 4
f 6451 6452 6204 6203 
s 2
f 6452 6453 6205 6204 
s 4
f 6453 6454 6206 6205 
s 2
f 6454 6455 6207 6206 
s 4
f 6455 6456 6208 6207 
s 2
f 6456 6457 6209 6208 
s 1
f 6744 6458 6459 6745 
f 6745 6459 6460 6772 
f 6776 6773 6461 6462 
f 6776 6462 6463 6777 
f 6777 6463 6464 6868 
f 6869 6868 6464 6465 
f 6869 6465 6466 6872 
f 6901 6900 6468 6469 
f 6904 6901 6469 6470 
f 6905 6904 6470 6471 
f 6873 6467 6468 6900 
f 6872 6466 6467 6873 
f 6773 6772 6460 6461 
f 6458 6472 6473 6459 
f 6459 6473 6486 6460 
f 6472 6474 6475 6473 
f 6473 6475 6490 6486 
f 6474 6476 6477 6475 
f 6475 6477 6492 6490 
f 6476 6478 6479 6477 
f 6477 6479 6498 6492 
f 6478 6480 6481 6479 
f 6479 6481 6500 6498 
f 6480 6482 6483 6481 
f 6481 6483 6506 6500 
f 6482 6484 6485 6483 
f 6483 6485 6508 6506 
f 6484 6514 6515 6485 
f 6485 6515 6530 6508 
f 6460 6486 6487 6461 
f 6461 6487 6488 6462 
f 6486 6490 6491 6487 
f 6487 6491 6494 6488 
f 6462 6488 6489 6463 
f 6463 6489 6562 6464 
f 6488 6494 6495 6489 
f 6489 6495 6566 6562 
f 6490 6492 6493 6491 
f 6491 6493 6496 6494 
f 6492 6498 6499 6493 
f 6493 6499 6502 6496 
f 6494 6496 6497 6495 
f 6495 6497 6568 6566 
f 6496 6502 6503 6497 
f 6497 6503 6574 6568 
f 6498 6500 6501 6499 
f 6499 6501 6504 6502 
f 6500 6506 6507 6501 
f 6501 6507 6510 6504 
f 6502 6504 6505 6503 
f 6503 6505 6576 6574 
f 6504 6510 6511 6505 
f 6505 6511 6582 6576 
f 6506 6508 6509 6507 
f 6507 6509 6512 6510 
f 6508 6530 6531 6509 
f 6509 6531 6534 6512 
f 6510 6512 6513 6511 
f 6511 6513 6584 6582 
f 6512 6534 6535 6513 
f 6513 6535 6618 6584 
f 6514 6516 6517 6515 
f 6515 6517 6532 6530 
f 6516 6518 6519 6517 
f 6517 6519 6538 6532 
f 6518 6520 6521 6519 
f 6519 6521 6540 6538 
f 6520 6522 6523 6521 
f 6521 6523 6546 6540 
f 6522 6524 6525 6523 
f 6523 6525 6548 6546 
f 6524 6526 6527 6525 
f 6525 6527 6554 6548 
f 6526 6528 6529 6527 
f 6527 6529 6556 6554 
f 6528 6682 6683 6529 
f 6529 6683 6698 6556 
f 6530 6532 6533 6531 
f 6531 6533 6536 6534 
f 6532 6538 6539 6533 
f 6533 6539 6542 6536 
f 6534 6536 6537 6535 
f 6535 6537 6620 6618 
f 6536 6542 6543 6537 
f 6537 6543 6626 6620 
f 6538 6540 6541 6539 
f 6539 6541 6544 6542 
f 6540 6546 6547 6541 
f 6541 6547 6550 6544 
f 6542 6544 6545 6543 
f 6543 6545 6628 6626 
f 6544 6550 6551 6545 
f 6545 6551 6634 6628 
f 6546 6548 6549 6547 
f 6547 6549 6552 6550 
f 6548 6554 6555 6549 
f 6549 6555 6558 6552 
f 6550 6552 6553 6551 
f 6551 6553 6636 6634 
f 6552 6558 6559 6553 
f 6553 6559 6642 6636 
f 6554 6556 6557 6555 
f 6555 6557 6560 6558 
f 6556 6698 6699 6557 
f 6557 6699 6702 6560 
f 6558 6560 6561 6559 
f 6559 6561 6644 6642 
f 6560 6702 6703 6561 
f 6561 6703 6778 6644 
f 6464 6562 6563 6465 
f 6465 6563 6564 6466 
f 6562 6566 6567 6563 
f 6563 6567 6570 6564 
f 6466 6564 6565 6467 
f 6467 6565 6590 6468 
f 6564 6570 6571 6565 
f 6565 6571 6594 6590 
f 6566 6568 6569 6567 
f 6567 6569 6572 6570 
f 6568 6574 6575 6569 
f 6569 6575 6578 6572 
f 6570 6572 6573 6571 
f 6571 6573 6596 6594 
f 6572 6578 6579 6573 
f 6573 6579 6602 6596 
f 6574 6576 6577 6575 
f 6575 6577 6580 6578 
f 6576 6582 6583 6577 
f 6577 6583 6586 6580 
f 6578 6580 6581 6579 
f 6579 6581 6604 6602 
f 6580 6586 6587 6581 
f 6581 6587 6610 6604 
f 6582 6584 6585 6583 
f 6583 6585 6588 6586 
f 6584 6618 6619 6585 
f 6585 6619 6622 6588 
f 6586 6588 6589 6587 
f 6587 6589 6612 6610 
f 6588 6622 6623 6589 
f 6589 6623 6650 6612 
f 6468 6590 6591 6469 
f 6469 6591 6592 6470 
f 6590 6594 6595 6591 
f 6591 6595 6598 6592 
f 6470 6592 6593 6471 
f 6592 6598 6599 6593 
f 6594 6596 6597 6595 
f 6595 6597 6600 6598 
f 6596 6602 6603 6597 
f 6597 6603 6606 6600 
f 6598 6600 6601 6599 
f 6600 6606 6607 6601 
f 6602 6604 6605 6603 
f 6603 6605 6608 6606 
f 6604 6610 6611 6605 
f 6605 6611 6614 6608 
f 6606 6608 6609 6607 
f 6608 6614 6615 6609 
f 6610 6612 6613 6611 
f 6611 6613 6616 6614 
f 6612 6650 6651 6613 
f 6613 6651 6654 6616 
f 6614 6616 6617 6615 
f 6616 6654 6655 6617 
f 6618 6620 6621 6619 
f 6619 6621 6624 6622 
f 6620 6626 6627 6621 
f 6621 6627 6630 6624 
f 6622 6624 6625 6623 
f 6623 6625 6652 6650 
f 6624 6630 6631 6625 
f 6625 6631 6658 6652 
f 6626 6628 6629 6627 
f 6627 6629 6632 6630 
f 6628 6634 6635 6629 
f 6629 6635 6638 6632 
f 6630 6632 6633 6631 
f 6631 6633 6660 6658 
f 6632 6638 6639 6633 
f 6633 6639 6666 6660 
f 6634 6636 6637 6635 
f 6635 6637 6640 6638 
f 6636 6642 6643 6637 
f 6637 6643 6646 6640 
f 6638 6640 6641 6639 
f 6639 6641 6668 6666 
f 6640 6646 6647 6641 
f 6641 6647 6674 6668 
f 6642 6644 6645 6643 
f 6643 6645 6648 6646 
f 6644 6778 6779 6645 
f 6645 6779 6782 6648 
f 6646 6648 6649 6647 
f 6647 6649 6676 6674 
f 6648 6782 6783 6649 
f 6649 6783 6810 6676 
f 6650 6652 6653 6651 
f 6651 6653 6656 6654 
f 6652 6658 6659 6653 
f 6653 6659 6662 6656 
f 6654 6656 6657 6655 
f 6656 6662 6663 6657 
f 6658 6660 6661 6659 
f 6659 6661 6664 6662 
f 6660 6666 6667 6661 
f 6661 6667 6670 6664 
f 6662 6664 6665 6663 
f 6664 6670 6671 6665 
f 6666 6668 6669 6667 
f 6667 6669 6672 6670 
f 6668 6674 6675 6669 
f 6669 6675 6678 6672 
f 6670 6672 6673 6671 
f 6672 6678 6679 6673 
f 6674 6676 6677 6675 
f 6675 6677 6680 6678 
f 6676 6810 6811 6677 
f 6677 6811 6814 6680 
f 6678 6680 6681 6679 
f 6680 6814 6815 6681 
f 6682 6684 6685 6683 
f 6683 6685 6700 6698 
f 6684 6686 6687 6685 
f 6685 6687 6706 6700 
f 6686 6688 6689 6687 
f 6687 6689 6708 6706 
f 6688 6690 6691 6689 
f 6689 6691 6714 6708 
f 6690 6692 6693 6691 
f 6691 6693 6716 6714 
f 6692 6694 6695 6693 
f 6693 6695 6722 6716 
f 6694 6696 6697 6695 
f 6695 6697 6724 6722 
f 6696 6730 6731 6697 
f 6697 6731 6746 6724 
f 6698 6700 6701 6699 
f 6699 6701 6704 6702 
f 6700 6706 6707 6701 
f 6701 6707 6710 6704 
f 6702 6704 6705 6703 
f 6703 6705 6780 6778 
f 6704 6710 6711 6705 
f 6705 6711 6786 6780 
f 6706 6708 6709 6707 
f 6707 6709 6712 6710 
f 6708 6714 6715 6709 
f 6709 6715 6718 6712 
f 6710 6712 6713 6711 
f 6711 6713 6788 6786 
f 6712 6718 6719 6713 
f 6713 6719 6794 6788 
f 6714 6716 6717 6715 
f 6715 6717 6720 6718 
f 6716 6722 6723 6717 
f 6717 6723 6726 6720 
f 6718 6720 6721 6719 
f 6719 6721 6796 6794 
f 6720 6726 6727 6721 
f 6721 6727 6802 6796 
f 6722 6724 6725 6723 
f 6723 6725 6728 6726 
f 6724 6746 6747 6725 
f 6725 6747 6750 6728 
f 6726 6728 6729 6727 
f 6727 6729 6804 6802 
f 6728 6750 6751 6729 
f 6729 6751 6842 6804 
f 6730 6732 6733 6731 
f 6731 6733 6748 6746 
f 6732 6734 6735 6733 
f 6733 6735 6754 6748 
f 6734 6736 6737 6735 
f 6735 6737 6756 6754 
f 6736 6738 6739 6737 
f 6737 6739 6762 6756 
f 6738 6740 6741 6739 
f 6739 6741 6764 6762 
f 6740 6742 6743 6741 
f 6741 6743 6770 6764 
f 6742 6744 6745 6743 
f 6743 6745 6772 6770 
f 6746 6748 6749 6747 
f 6747 6749 6752 6750 
f 6748 6754 6755 6749 
f 6749 6755 6758 6752 
f 6750 6752 6753 6751 
f 6751 6753 6844 6842 
f 6752 6758 6759 6753 
f 6753 6759 6850 6844 
f 6754 6756 6757 6755 
f 6755 6757 6760 6758 
f 6756 6762 6763 6757 
f 6757 6763 6766 6760 
f 6758 6760 6761 6759 
f 6759 6761 6852 6850 
f 6760 6766 6767 6761 
f 6761 6767 6858 6852 
f 6762 6764 6765 6763 
f 6763 6765 6768 6766 
f 6764 6770 6771 6765 
f 6765 6771 6774 6768 
f 6766 6768 6769 6767 
f 6767 6769 6860 6858 
f 6768 6774 6775 6769 
f 6769 6775 6866 6860 
f 6770 6772 6773 6771 
f 6771 6773 6776 6774 
f 6774 6776 6777 6775 
f 6775 6777 6868 6866 
f 6778 6780 6781 6779 
f 6779 6781 6784 6782 
f 6780 6786 6787 6781 
f 6781 6787 6790 6784 
f 6782 6784 6785 6783 
f 6783 6785 6812 6810 
f 6784 6790 6791 6785 
f 6785 6791 6818 6812 
f 6786 6788 6789 6787 
f 6787 6789 6792 6790 
f 6788 6794 6795 6789 
f 6789 6795 6798 6792 
f 6790 6792 6793 6791 
f 6791 6793 6820 6818 
f 6792 6798 6799 6793 
f 6793 6799 6826 6820 
f 6794 6796 6797 6795 
f 6795 6797 6800 6798 
f 6796 6802 6803 6797 
f 6797 6803 6806 6800 
f 6798 6800 6801 6799 
f 6799 6801 6828 6826 
f 6800 6806 6807 6801 
f 6801 6807 6834 6828 
f 6802 6804 6805 6803 
f 6803 6805 6808 6806 
f 6804 6842 6843 6805 
f 6805 6843 6846 6808 
f 6806 6808 6809 6807 
f 6807 6809 6836 6834 
f 6808 6846 6847 6809 
f 6809 6847 6874 6836 
f 6810 6812 6813 6811 
f 6811 6813 6816 6814 
f 6812 6818 6819 6813 
f 6813 6819 6822 6816 
f 6814 6816 6817 6815 
f 6816 6822 6823 6817 
f 6818 6820 6821 6819 
f 6819 6821 6824 6822 
f 6820 6826 6827 6821 
f 6821 6827 6830 6824 
f 6822 6824 6825 6823 
f 6824 6830 6831 6825 
f 6826 6828 6829 6827 
f 6827 6829 6832 6830 
f 6828 6834 6835 6829 
f 6829 6835 6838 6832 
f 6830 6832 6833 6831 
f 6832 6838 6839 6833 
f 6834 6836 6837 6835 
f 6835 6837 6840 6838 
f 6836 6874 6875 6837 
f 6837 6875 6878 6840 
f 6838 6840 6841 6839 
f 6840 6878 6879 6841 
f 6842 6844 6845 6843 
f 6843 6845 6848 6846 
f 6844 6850 6851 6845 
f 6845 6851 6854 6848 
f 6846 6848 6849 6847 
f 6847 6849 6876 6874 
f 6848 6854 6855 6849 
f 6849 6855 6882 6876 
f 6850 6852 6853 6851 
f 6851 6853 6856 6854 
f 6852 6858 6859 6853 
f 6853 6859 6862 6856 
f 6854 6856 6857 6855 
f 6855 6857 6884 6882 
f 6856 6862 6863 6857 
f 6857 6863 6890 6884 
f 6858 6860 6861 6859 
f 6859 6861 6864 6862 
f 6860 6866 6867 6861 
f 6861 6867 6870 6864 
f 6862 6864 6865 6863 
f 6863 6865 6892 6890 
f 6864 6870 6871 6865 
f 6865 6871 6898 6892 
f 6866 6868 6869 6867 
f 6867 6869 6872 6870 
f 6870 6872 6873 6871 
f 6871 6873 6900 6898 
f 6874 6876 6877 6875 
f 6875 6877 6880 6878 
f 6876 6882 6883 6877 
f 6877 6883 6886 6880 
f 6878 6880 6881 6879 
f 6880 6886 6887 6881 
f 6882 6884 6885 6883 
f 6883 6885 6888 6886 
f 6884 6890 6891 6885 
f 6885 6891 6894 6888 
f 6886 6888 6889 6887 
f 6888 6894 6895 6889 
f 6890 6892 6893 6891 
f 6891 6893 6896 6894 
f 6892 6898 6899 6893 
f 6893 6899 6902 6896 
f 6894 6896 6897 6895 
f 6896 6902 6903 6897 
f 6898 6900 6901 6899 
f 6899 6901 6904 6902 
f 6902 6904 6905 6903 
f 6471 6906 6905 
f 6905 6906 6903 
f 6903 6906 6897 
f 6897 6906 6895 
f 6895 6906 6889 
f 6889 6906 6887 
f 6887 6906 6881 
f 6881 6906 6879 
f 6879 6906 6841 
f 6841 6906 6839 
f 6839 6906 6833 
f 6833 6906 6831 
f 6831 6906 6825 
f 6825 6906 6823 
f 6823 6906 6817 
f 6817 6906 6815 
f 6815 6906 6681 
f 6681 6906 6679 
f 6679 6906 6673 
f 6673 6906 6671 
f 6671 6906 6665 
f 6665 6906 6663 
f 6663 6906 6657 
f 6657 6906 6655 
f 6655 6906 6617 
f 6617 6906 6615 
f 6615 6906 6609 
f 6609 6906 6607 
f 6607 6906 6601 
f 6601 6906 6599 
f 6599 6906 6593 
f 6593 6906 6471 
s off
f 6458 6907 6908 6472 
f 6472 6908 6909 6474 
f 6474 6909 6910 6476 
f 6476 6910 6911 6478 
f 6478 6911 6912 6480 
f 6480 6912 6913 6482 
f 6482 6913 6914 6484 
f 6484 6914 6915 6514 
f 6514 6915 6916 6516 
f 6516 6916 6917 6518 
f 6518 6917 6918 6520 
f 6520 6918 6919 6522 
f 6522 6919 6920 6524 
f 6524 6920 6921 6526 
f 6526 6921 6922 6528 
f 6528 6922 6923 6682 
f 6682 6923 6924 6684 
f 6684 6924 6925 6686 
f 6686 6925 6926 6688 
f 6688 6926 6927 6690 
f 6690 6927 6928 6692 
f 6692 6928 6929 6694 
f 6694 6929 6930 6696 
f 6696 6930 6931 6730 
f 6730 6931 6932 6732 
f 6732 6932 6933 6734 
f 6734 6933 6934 6736 
f 6736 6934 6935 6738 
f 6738 6935 6936 6740 
f 6740 6936 6937 6742 
f 6742 6937 6938 6744 
f 6744 6938 6907 6458 
s 1
f 6939 6947 6948 6940 
s 4
f 6940 6948 6949 6941 
s 2
f 6941 6949 6950 6942 
s 4
f 6942 6950 6951 6943 
s 2
f 6943 6951 6952 6944 
s 4
f 6944 6952 6953 6945 
s 2
f 6945 6953 6954 6946 
s 1
f 6947 6955 6956 6948 
s 4
f 6948 6956 6957 6949 
s 2
f 6949 6957 6958 6950 
s 4
f 6950 6958 6959 6951 
s 2
f 6951 6959 6960 6952 
s 4
f 6952 6960 6961 6953 
s 2
f 6953 6961 6962 6954 
s 1
f 6955 6963 6964 6956 
s 4
f 6956 6964 6965 6957 
s 2
f 6957 6965 6966 6958 
s 4
f 6958 6966 6967 6959 
s 2
f 6959 6967 6968 6960 
s 4
f 6960 6968 6969 6961 
s 2
f 6961 6969 6970 6962 
s 1
f 6963 6971 6972 6964 
s 4
f 6964 6972 6973 6965 
s 2
f 6965 6973 6974 6966 
s 4
f 6966 6974 6975 6967 
s 2
f 6967 6975 6976 6968 
s 4
f 6968 6976 6977 6969 
s 2
f 6969 6977 6978 6970 
s 1
f 6971 6979 6980 6972 
s 4
f 6972 6980 6981 6973 
s 2
f 6973 6981 6982 6974 
s 4
f 6974 6982 6983 6975 
s 2
f 6975 6983 6984 6976 
s 4
f 6976 6984 6985 6977 
s 2
f 6977 6985 6986 6978 
s 1
f 6979 6987 6988 6980 
s 4
f 6980 6988 6989 6981 
s 2
f 6981 6989 6990 6982 
s 4
f 6982 6990 6991 6983 
s 2
f 6983 6991 6992 6984 
s 4
f 6984 6992 6993 6985 
s 2
f 6985 6993 6994 6986 
s 1
f 6987 6995 6996 6988 
s 4
f 6988 6996 6997 6989 
s 2
f 6989 6997 6998 6990 
s 4
f 6990 6998 6999 6991 
s 2
f 6991 6999 7000 6992 
s 4
f 6992 7000 7001 6993 
s 2
f 6993 7001 7002 6994 
s 1
f 6995 7003 7004 6996 
s 4
f 6996 7004 7005 6997 
s 2
f 6997 7005 7006 6998 
s 4
f 6998 7006 7007 6999 
s 2
f 6999 7007 7008 7000 
s 4
f 7000 7008 7009 7001 
s 2
f 7001 7009 7010 7002 
s 1
f 7003 7011 7012 7004 
s 4
f 7004 7012 7013 7005 
s 2
f 7005 7013 7014 7006 
s 4
f 7006 7014 7015 7007 
s 2
f 7007 7015 7016 7008 
s 4
f 7008 7016 7017 7009 
s 2
f 7009 7017 7018 7010 
s 1
f 7011 7019 7020 7012 
s 4
f 7012 7020 7021 7013 
s 2
f 7013 7021 7022 7014 
s 4
f 7014 7022 7023 7015 
s 2
f 7015 7023 7024 7016 
s 4
f 7016 7024 7025 7017 
s 2
f 7017 7025 7026 7018 
s 1
f 7019 7027 7028 7020 
s 4
f 7020 7028 7029 7021 
s 2
f 7021 7029 7030 7022 
s 4
f 7022 7030 7031 7023 
s 2
f 7023 7031 7032 7024 
s 4
f 7024 7032 7033 7025 
s 2
f 7025 7033 7034 7026 
s 1
f 7027 7035 7036 7028 
s 4
f 7028 7036 7037 7029 
s 2
f 7029 7037 7038 7030 
s 4
f 7030 7038 7039 7031 
s 2
f 7031 7039 7040 7032 
s 4
f 7032 7040 7041 7033 
s 2
f 7033 7041 7042 7034 
s 1
f 7035 7043 7044 7036 
s 4
f 7036 7044 7045 7037 
s 2
f 7037 7045 7046 7038 
s 4
f 7038 7046 7047 7039 
s 2
f 7039 7047 7048 7040 
s 4
f 7040 7048 7049 7041 
s 2
f 7041 7049 7050 7042 
s 1
f 7043 7051 7052 7044 
s 4
f 7044 7052 7053 7045 
s 2
f 7045 7053 7054 7046 
s 4
f 7046 7054 7055 7047 
s 2
f 7047 7055 7056 7048 
s 4
f 7048 7056 7057 7049 
s 2
f 7049 7057 7058 7050 
s 1
f 7051 7059 7060 7052 
s 4
f 7052 7060 7061 7053 
s 2
f 7053 7061 7062 7054 
s 4
f 7054 7062 7063 7055 
s 2
f 7055 7063 7064 7056 
s 4
f 7056 7064 7065 7057 
s 2
f 7057 7065 7066 7058 
s 1
f 7059 7067 7068 7060 
s 4
f 7060 7068 7069 7061 
s 2
f 7061 7069 7070 7062 
s 4
f 7062 7070 7071 7063 
s 2
f 7063 7071 7072 7064 
s 4
f 7064 7072 7073 7065 
s 2
f 7065 7073 7074 7066 
s 1
f 7067 7075 7076 7068 
s 4
f 7068 7076 7077 7069 
s 2
f 7069 7077 7078 7070 
s 4
f 7070 7078 7079 7071 
s 2
f 7071 7079 7080 7072 
s 4
f 7072 7080 7081 7073 
s 2
f 7073 7081 7082 7074 
s 1
f 7075 7083 7084 7076 
s 4
f 7076 7084 7085 7077 
s 2
f 7077 7085 7086 7078 
s 4
f 7078 7086 7087 7079 
s 2
f 7079 7087 7088 7080 
s 4
f 7080 7088 7089 7081 
s 2
f 7081 7089 7090 7082 
s 1
f 7083 7091 7092 7084 
s 4
f 7084 7092 7093 7085 
s 2
f 7085 7093 7094 7086 
s 4
f 7086 7094 7095 7087 
s 2
f 7087 7095 7096 7088 
s 4
f 7088 7096 7097 7089 
s 2
f 7089 7097 7098 7090 
s 1
f 7091 7099 7100 7092 
s 4
f 7092 7100 7101 7093 
s 2
f 7093 7101 7102 7094 
s 4
f 7094 7102 7103 7095 
s 2
f 7095 7103 7104 7096 
s 4
f 7096 7104 7105 7097 
s 2
f 7097 7105 7106 7098 
s 1
f 7099 7107 7108 7100 
s 4
f 7100 7108 7109 7101 
s 2
f 7101 7109 7110 7102 
s 4
f 7102 7110 7111 7103 
s 2
f 7103 7111 7112 7104 
s 4
f 7104 7112 7113 7105 
s 2
f 7105 7113 7114 7106 
s 1
f 7107 7115 7116 7108 
s 4
f 7108 7116 7117 7109 
s 2
f 7109 7117 7118 7110 
s 4
f 7110 7118 7119 7111 
s 2
f 7111 7119 7120 7112 
s 4
f 7112 7120 7121 7113 
s 2
f 7113 7121 7122 7114 
s 1
f 7115 7123 7124 7116 
s 4
f 7116 7124 7125 7117 
s 2
f 7117 7125 7126 7118 
s 4
f 7118 7126 7127 7119 
s 2
f 7119 7127 7128 7120 
s 4
f 7120 7128 7129 7121 
s 2
f 7121 7129 7130 7122 
s 1
f 7123 7131 7132 7124 
s 4
f 7124 7132 7133 7125 
s 2
f 7125 7133 7134 7126 
s 4
f 7126 7134 7135 7127 
s 2
f 7127 7135 7136 7128 
s 4
f 7128 7136 7137 7129 
s 2
f 7129 7137 7138 7130 
s 1
f 7131 7139 7140 7132 
s 4
f 7132 7140 7141 7133 
s 2
f 7133 7141 7142 7134 
s 4
f 7134 7142 7143 7135 
s 2
f 7135 7143 7144 7136 
s 4
f 7136 7144 7145 7137 
s 2
f 7137 7145 7146 7138 
s 1
f 7139 7147 7148 7140 
s 4
f 7140 7148 7149 7141 
s 2
f 7141 7149 7150 7142 
s 4
f 7142 7150 7151 7143 
s 2
f 7143 7151 7152 7144 
s 4
f 7144 7152 7153 7145 
s 2
f 7145 7153 7154 7146 
s 1
f 7147 7155 7156 7148 
s 4
f 7148 7156 7157 7149 
s 2
f 7149 7157 7158 7150 
s 4
f 7150 7158 7159 7151 
s 2
f 7151 7159 7160 7152 
s 4
f 7152 7160 7161 7153 
s 2
f 7153 7161 7162 7154 
s 1
f 7155 7163 7164 7156 
s 4
f 7156 7164 7165 7157 
s 2
f 7157 7165 7166 7158 
s 4
f 7158 7166 7167 7159 
s 2
f 7159 7167 7168 7160 
s 4
f 7160 7168 7169 7161 
s 2
f 7161 7169 7170 7162 
s 1
f 7163 7171 7172 7164 
s 4
f 7164 7172 7173 7165 
s 2
f 7165 7173 7174 7166 
s 4
f 7166 7174 7175 7167 
s 2
f 7167 7175 7176 7168 
s 4
f 7168 7176 7177 7169 
s 2
f 7169 7177 7178 7170 
s 1
f 7171 7179 7180 7172 
s 4
f 7172 7180 7181 7173 
s 2
f 7173 7181 7182 7174 
s 4
f 7174 7182 7183 7175 
s 2
f 7175 7183 7184 7176 
s 4
f 7176 7184 7185 7177 
s 2
f 7177 7185 7186 7178 
s 1
f 7179 7187 7188 7180 
s 4
f 7180 7188 7189 7181 
s 2
f 7181 7189 7190 7182 
s 4
f 7182 7190 7191 7183 
s 2
f 7183 7191 7192 7184 
s 4
f 7184 7192 7193 7185 
s 2
f 7185 7193 7194 7186 
s 1
f 7187 6939 6940 7188 
s 4
f 7188 6940 6941 7189 
s 2
f 7189 6941 6942 7190 
s 4
f 7190 6942 6943 7191 
s 2
f 7191 6943 6944 7192 
s 4
f 7192 6944 6945 7193 
s 2
f 7193 6945 6946 7194 
# 6766 polygons - 554 triangles

