# 3ds Max Wavefront OBJ Exporter v0.97b - (c)2007 guruware
# File Created: 09.03.2021 11:52:00

#
# object 23464_SCLED
#

v  1.5827 -2.7638 -0.0000
v  12.0000 -2.7638 0.0000
v  12.0000 -2.6743 -0.4839
v  12.0000 -2.6761 -0.4741
v  11.9900 -2.6743 -0.4839
v  12.0000 -2.7638 -0.4921
v  11.9900 -2.7638 -0.4921
v  12.0000 -2.7638 -0.4821
v  12.0000 -2.5827 -0.4576
v  12.0000 -2.5863 -0.4483
v  11.9900 -2.5827 -0.4576
v  12.0000 -2.4945 -0.4119
v  12.0000 -2.5000 -0.4035
v  11.9900 -2.4945 -0.4119
v  12.0000 -2.4158 -0.3480
v  12.0000 -2.4229 -0.3409
v  11.9900 -2.4158 -0.3480
v  12.0000 -2.3519 -0.2693
v  12.0000 -2.3603 -0.2638
v  11.9900 -2.3519 -0.2693
v  12.0000 -2.3062 -0.1811
v  12.0000 -2.3155 -0.1775
v  11.9900 -2.3062 -0.1811
v  12.0000 -2.2799 -0.0895
v  12.0000 -2.2897 -0.0877
v  11.9900 -2.2799 -0.0895
v  12.0000 -2.2717 0.0000
v  12.0000 -2.2817 0.0000
v  11.9900 -2.2717 0.0000
v  12.0000 -2.2799 0.0895
v  12.0000 -2.2897 0.0877
v  11.9900 -2.2799 0.0895
v  12.0000 -2.3062 0.1811
v  12.0000 -2.3155 0.1775
v  11.9900 -2.3062 0.1811
v  12.0000 -2.3519 0.2693
v  12.0000 -2.3603 0.2638
v  11.9900 -2.3519 0.2693
v  12.0000 -2.4158 0.3480
v  12.0000 -2.4229 0.3409
v  11.9900 -2.4158 0.3480
v  12.0000 -2.4945 0.4119
v  12.0000 -2.5000 0.4035
v  11.9900 -2.4945 0.4119
v  12.0000 -2.5827 0.4576
v  12.0000 -2.5863 0.4483
v  11.9900 -2.5827 0.4576
v  12.0000 -2.6743 0.4839
v  12.0000 -2.6761 0.4741
v  11.9900 -2.6743 0.4839
v  12.0000 -2.7638 0.4921
v  12.0000 -2.7638 0.4821
v  11.9900 -2.7638 0.4921
v  12.0000 -2.8534 0.4839
v  12.0000 -2.8515 0.4741
v  11.9900 -2.8534 0.4839
v  12.0000 -2.9449 0.4576
v  12.0000 -2.9413 0.4483
v  11.9900 -2.9450 0.4576
v  12.0000 -3.0331 0.4119
v  12.0000 -3.0276 0.4035
v  11.9900 -3.0331 0.4119
v  12.0000 -3.1118 0.3480
v  12.0000 -3.1047 0.3409
v  11.9900 -3.1118 0.3480
v  12.0000 -3.1757 0.2693
v  12.0000 -3.1673 0.2638
v  11.9900 -3.1757 0.2693
v  12.0000 -3.2214 0.1811
v  12.0000 -3.2121 0.1775
v  11.9900 -3.2214 0.1811
v  12.0000 -3.2477 0.0895
v  12.0000 -3.2379 0.0877
v  11.9900 -3.2477 0.0895
v  12.0000 -3.2559 0.0000
v  12.0000 -3.2459 0.0000
v  11.9900 -3.2559 0.0000
v  12.0000 -3.2477 -0.0895
v  12.0000 -3.2379 -0.0877
v  11.9900 -3.2477 -0.0895
v  12.0000 -3.2214 -0.1811
v  12.0000 -3.2121 -0.1775
v  11.9900 -3.2214 -0.1811
v  12.0000 -3.1757 -0.2693
v  12.0000 -3.1673 -0.2638
v  11.9900 -3.1757 -0.2693
v  12.0000 -3.1118 -0.3480
v  12.0000 -3.1047 -0.3409
v  11.9900 -3.1118 -0.3480
v  12.0000 -3.0331 -0.4119
v  12.0000 -3.0276 -0.4035
v  11.9900 -3.0331 -0.4119
v  12.0000 -2.9449 -0.4576
v  12.0000 -2.9413 -0.4483
v  11.9900 -2.9450 -0.4576
v  12.0000 -2.8534 -0.4839
v  12.0000 -2.8515 -0.4741
v  11.9900 -2.8534 -0.4839
v  1.6024 -2.7638 -0.4921
v  1.5988 -2.7638 -0.4886
v  1.6074 -2.7638 -0.4921
v  1.6024 -2.6743 -0.4839
v  1.6074 -2.6743 -0.4839
v  1.5988 -2.6749 -0.4804
v  1.6024 -2.5827 -0.4576
v  1.6074 -2.5827 -0.4576
v  1.5988 -2.5840 -0.4543
v  1.6024 -2.4945 -0.4119
v  1.6074 -2.4945 -0.4119
v  1.5988 -2.4964 -0.4089
v  1.6024 -2.4158 -0.3480
v  1.6074 -2.4158 -0.3480
v  1.5988 -2.4183 -0.3455
v  1.6024 -2.3519 -0.2693
v  1.6074 -2.3519 -0.2693
v  1.5988 -2.3549 -0.2674
v  1.6024 -2.3062 -0.1811
v  1.6074 -2.3062 -0.1811
v  1.5988 -2.3095 -0.1798
v  1.6024 -2.2799 -0.0895
v  1.6074 -2.2799 -0.0895
v  1.5988 -2.2834 -0.0889
v  1.6024 -2.2717 -0.0000
v  1.6074 -2.2717 -0.0000
v  1.5988 -2.2752 -0.0000
v  1.6024 -2.2799 0.0895
v  1.6074 -2.2799 0.0895
v  1.5988 -2.2834 0.0889
v  1.6024 -2.3062 0.1811
v  1.6074 -2.3062 0.1811
v  1.5988 -2.3095 0.1798
v  1.6024 -2.3519 0.2693
v  1.6074 -2.3519 0.2693
v  1.5988 -2.3549 0.2674
v  1.6024 -2.4158 0.3480
v  1.6074 -2.4158 0.3480
v  1.5988 -2.4183 0.3455
v  1.6024 -2.4945 0.4119
v  1.6074 -2.4945 0.4119
v  1.5988 -2.4964 0.4089
v  1.6024 -2.5827 0.4576
v  1.6074 -2.5827 0.4576
v  1.5988 -2.5840 0.4543
v  1.6024 -2.6743 0.4839
v  1.6074 -2.6743 0.4839
v  1.5988 -2.6749 0.4804
v  1.6024 -2.7638 0.4921
v  1.6074 -2.7638 0.4921
v  1.5988 -2.7638 0.4886
v  1.6024 -2.8534 0.4839
v  1.6074 -2.8534 0.4839
v  1.5988 -2.8527 0.4804
v  1.6024 -2.9450 0.4576
v  1.6074 -2.9450 0.4576
v  1.5988 -2.9437 0.4543
v  1.6024 -3.0331 0.4119
v  1.6074 -3.0331 0.4119
v  1.5988 -3.0312 0.4089
v  1.6024 -3.1118 0.3480
v  1.6074 -3.1118 0.3480
v  1.5988 -3.1093 0.3455
v  1.6024 -3.1757 0.2693
v  1.6074 -3.1757 0.2693
v  1.5988 -3.1728 0.2674
v  1.6024 -3.2214 0.1811
v  1.6074 -3.2214 0.1811
v  1.5988 -3.2181 0.1798
v  1.6024 -3.2477 0.0895
v  1.6074 -3.2477 0.0895
v  1.5988 -3.2442 0.0889
v  1.6024 -3.2559 -0.0000
v  1.6074 -3.2559 -0.0000
v  1.5988 -3.2524 -0.0000
v  1.6024 -3.2477 -0.0895
v  1.6074 -3.2477 -0.0895
v  1.5988 -3.2442 -0.0889
v  1.6024 -3.2214 -0.1811
v  1.6074 -3.2214 -0.1811
v  1.5988 -3.2181 -0.1798
v  1.6024 -3.1757 -0.2693
v  1.6074 -3.1757 -0.2693
v  1.5988 -3.1728 -0.2674
v  1.6024 -3.1118 -0.3480
v  1.6074 -3.1118 -0.3480
v  1.5988 -3.1093 -0.3455
v  1.6024 -3.0331 -0.4119
v  1.6074 -3.0331 -0.4119
v  1.5988 -3.0312 -0.4089
v  1.6024 -2.9450 -0.4576
v  1.6074 -2.9450 -0.4576
v  1.5988 -2.9437 -0.4543
v  1.6024 -2.8534 -0.4839
v  1.6074 -2.8534 -0.4839
v  1.5988 -2.8527 -0.4804
v  1.5827 -2.2914 -0.0000
v  1.5827 -2.2964 -0.0000
v  1.5862 -2.2878 -0.0000
v  1.5827 -2.2993 0.0860
v  1.5862 -2.2958 0.0866
v  1.5827 -2.3042 0.0851
v  1.5827 -2.3245 0.1739
v  1.5862 -2.3212 0.1752
v  1.5827 -2.3292 0.1721
v  1.5827 -2.3684 0.2585
v  1.5862 -2.3654 0.2605
v  1.5827 -2.3726 0.2558
v  1.5827 -2.4297 0.3341
v  1.5862 -2.4272 0.3366
v  1.5827 -2.4333 0.3305
v  1.5827 -2.5053 0.3954
v  1.5862 -2.5033 0.3984
v  1.5827 -2.5080 0.3912
v  1.5827 -2.5899 0.4393
v  1.5862 -2.5886 0.4426
v  1.5827 -2.5917 0.4346
v  1.5827 -2.6778 0.4646
v  1.5862 -2.6772 0.4680
v  1.5827 -2.6788 0.4596
v  1.5827 -2.7638 0.4724
v  1.5862 -2.7638 0.4760
v  1.5827 -2.7638 0.4674
v  1.5827 -2.8498 0.4646
v  1.5862 -2.8504 0.4680
v  1.5827 -2.8489 0.4596
v  1.5827 -2.9377 0.4393
v  1.5862 -2.9390 0.4426
v  1.5827 -2.9359 0.4346
v  1.5827 -3.0223 0.3954
v  1.5862 -3.0243 0.3984
v  1.5827 -3.0196 0.3912
v  1.5827 -3.0979 0.3341
v  1.5862 -3.1004 0.3366
v  1.5827 -3.0943 0.3305
v  1.5827 -3.1592 0.2585
v  1.5862 -3.1622 0.2605
v  1.5827 -3.1551 0.2558
v  1.5827 -3.2031 0.1739
v  1.5862 -3.2064 0.1752
v  1.5827 -3.1984 0.1721
v  1.5827 -3.2284 0.0860
v  1.5862 -3.2318 0.0866
v  1.5827 -3.2234 0.0851
v  1.5827 -3.2362 -0.0000
v  1.5862 -3.2398 -0.0000
v  1.5827 -3.2312 -0.0000
v  1.5827 -3.2284 -0.0860
v  1.5862 -3.2318 -0.0866
v  1.5827 -3.2234 -0.0851
v  1.5827 -3.2031 -0.1739
v  1.5862 -3.2064 -0.1752
v  1.5827 -3.1984 -0.1721
v  1.5827 -3.1592 -0.2585
v  1.5862 -3.1622 -0.2605
v  1.5827 -3.1551 -0.2558
v  1.5827 -3.0979 -0.3341
v  1.5862 -3.1004 -0.3366
v  1.5827 -3.0943 -0.3305
v  1.5827 -3.0223 -0.3954
v  1.5862 -3.0243 -0.3984
v  1.5827 -3.0196 -0.3912
v  1.5827 -2.9377 -0.4393
v  1.5862 -2.9390 -0.4426
v  1.5827 -2.9359 -0.4346
v  1.5827 -2.8498 -0.4646
v  1.5862 -2.8504 -0.4680
v  1.5827 -2.8489 -0.4596
v  1.5827 -2.7638 -0.4724
v  1.5862 -2.7638 -0.4760
v  1.5827 -2.7638 -0.4674
v  1.5827 -2.6778 -0.4646
v  1.5862 -2.6772 -0.4680
v  1.5827 -2.6788 -0.4596
v  1.5827 -2.5899 -0.4393
v  1.5862 -2.5886 -0.4426
v  1.5827 -2.5917 -0.4346
v  1.5827 -2.5053 -0.3954
v  1.5862 -2.5033 -0.3984
v  1.5827 -2.5080 -0.3912
v  1.5827 -2.4297 -0.3341
v  1.5862 -2.4272 -0.3366
v  1.5827 -2.4333 -0.3305
v  1.5827 -2.3684 -0.2585
v  1.5862 -2.3654 -0.2605
v  1.5827 -2.3726 -0.2558
v  1.5827 -2.3245 -0.1739
v  1.5862 -2.3212 -0.1752
v  1.5827 -2.3292 -0.1721
v  1.5827 -2.2993 -0.0860
v  1.5862 -2.2958 -0.0866
v  1.5827 -2.3042 -0.0851
v  1.5827 -2.7638 -0.0000
v  1.5630 -2.2717 -0.0000
v  1.5580 -2.2717 -0.0000
v  1.5665 -2.2752 -0.0000
v  1.5630 -2.2799 -0.0895
v  1.5665 -2.2834 -0.0889
v  1.5580 -2.2799 -0.0895
v  1.5827 -2.2992 -0.0860
v  1.5827 -2.3042 -0.0851
v  1.5791 -2.2958 -0.0866
v  1.5827 -2.2914 -0.0000
v  1.5791 -2.2878 -0.0000
v  1.5827 -2.2964 -0.0000
v  1.5827 -2.3245 -0.1739
v  1.5827 -2.3292 -0.1721
v  1.5791 -2.3212 -0.1752
v  1.5630 -2.3062 -0.1811
v  1.5665 -2.3095 -0.1798
v  1.5580 -2.3062 -0.1811
v  1.5827 -2.3684 -0.2585
v  1.5827 -2.3726 -0.2558
v  1.5791 -2.3654 -0.2605
v  1.5630 -2.3519 -0.2693
v  1.5665 -2.3549 -0.2674
v  1.5580 -2.3519 -0.2693
v  1.5827 -2.4297 -0.3341
v  1.5827 -2.4333 -0.3305
v  1.5791 -2.4272 -0.3366
v  1.5630 -2.4158 -0.3480
v  1.5665 -2.4183 -0.3455
v  1.5580 -2.4158 -0.3480
v  1.5827 -2.5053 -0.3954
v  1.5827 -2.5080 -0.3912
v  1.5791 -2.5033 -0.3984
v  1.5630 -2.4945 -0.4119
v  1.5665 -2.4964 -0.4089
v  1.5580 -2.4945 -0.4119
v  1.5827 -2.5899 -0.4393
v  1.5827 -2.5917 -0.4346
v  1.5791 -2.5886 -0.4426
v  1.5630 -2.5827 -0.4576
v  1.5665 -2.5840 -0.4543
v  1.5580 -2.5827 -0.4576
v  1.5827 -2.6778 -0.4646
v  1.5827 -2.6787 -0.4596
v  1.5791 -2.6772 -0.4680
v  1.5630 -2.6743 -0.4839
v  1.5665 -2.6749 -0.4804
v  1.5580 -2.6743 -0.4839
v  1.5827 -2.7638 -0.4724
v  1.5827 -2.7638 -0.4674
v  1.5791 -2.7638 -0.4760
v  1.5630 -2.7638 -0.4921
v  1.5665 -2.7638 -0.4886
v  1.5580 -2.7638 -0.4921
v  1.5630 -2.8534 -0.4839
v  1.5665 -2.8527 -0.4804
v  1.5580 -2.8534 -0.4839
v  1.5827 -2.8498 -0.4646
v  1.5827 -2.8489 -0.4596
v  1.5791 -2.8504 -0.4680
v  1.5827 -2.9377 -0.4393
v  1.5827 -2.9359 -0.4346
v  1.5791 -2.9390 -0.4426
v  1.5630 -2.9450 -0.4576
v  1.5665 -2.9437 -0.4543
v  1.5580 -2.9450 -0.4576
v  1.5827 -3.0223 -0.3954
v  1.5827 -3.0196 -0.3912
v  1.5791 -3.0243 -0.3984
v  1.5630 -3.0331 -0.4119
v  1.5665 -3.0312 -0.4089
v  1.5580 -3.0331 -0.4119
v  1.5827 -3.0979 -0.3341
v  1.5827 -3.0943 -0.3305
v  1.5791 -3.1004 -0.3366
v  1.5630 -3.1118 -0.3480
v  1.5665 -3.1093 -0.3455
v  1.5580 -3.1118 -0.3480
v  1.5827 -3.1592 -0.2585
v  1.5827 -3.1550 -0.2558
v  1.5791 -3.1622 -0.2605
v  1.5630 -3.1757 -0.2693
v  1.5665 -3.1728 -0.2674
v  1.5580 -3.1757 -0.2693
v  1.5827 -3.2031 -0.1739
v  1.5827 -3.1984 -0.1721
v  1.5791 -3.2064 -0.1752
v  1.5630 -3.2214 -0.1811
v  1.5665 -3.2181 -0.1798
v  1.5580 -3.2214 -0.1811
v  1.5827 -3.2284 -0.0860
v  1.5827 -3.2234 -0.0851
v  1.5791 -3.2318 -0.0866
v  1.5630 -3.2477 -0.0895
v  1.5665 -3.2442 -0.0889
v  1.5580 -3.2477 -0.0895
v  1.5827 -3.2362 -0.0000
v  1.5827 -3.2312 -0.0000
v  1.5791 -3.2398 -0.0000
v  1.5630 -3.2559 -0.0000
v  1.5665 -3.2524 -0.0000
v  1.5580 -3.2559 -0.0000
v  1.5827 -3.2284 0.0860
v  1.5827 -3.2234 0.0851
v  1.5791 -3.2318 0.0866
v  1.5630 -3.2477 0.0895
v  1.5665 -3.2442 0.0889
v  1.5580 -3.2477 0.0895
v  1.5827 -3.2031 0.1739
v  1.5827 -3.1984 0.1721
v  1.5791 -3.2064 0.1752
v  1.5630 -3.2214 0.1811
v  1.5665 -3.2181 0.1798
v  1.5580 -3.2214 0.1811
v  1.5827 -3.1592 0.2585
v  1.5827 -3.1550 0.2558
v  1.5791 -3.1622 0.2605
v  1.5630 -3.1757 0.2693
v  1.5665 -3.1728 0.2674
v  1.5580 -3.1757 0.2693
v  1.5630 -3.1118 0.3480
v  1.5665 -3.1093 0.3455
v  1.5580 -3.1118 0.3480
v  1.5827 -3.0979 0.3341
v  1.5827 -3.0943 0.3305
v  1.5791 -3.1004 0.3366
v  1.5827 -3.0223 0.3954
v  1.5827 -3.0196 0.3912
v  1.5791 -3.0243 0.3984
v  1.5630 -3.0331 0.4119
v  1.5665 -3.0312 0.4089
v  1.5580 -3.0331 0.4119
v  1.5827 -2.9377 0.4393
v  1.5827 -2.9359 0.4346
v  1.5791 -2.9390 0.4426
v  1.5630 -2.9450 0.4576
v  1.5665 -2.9437 0.4543
v  1.5580 -2.9450 0.4576
v  1.5827 -2.8498 0.4646
v  1.5827 -2.8489 0.4596
v  1.5791 -2.8504 0.4680
v  1.5630 -2.8534 0.4839
v  1.5665 -2.8527 0.4804
v  1.5580 -2.8534 0.4839
v  1.5827 -2.7638 0.4724
v  1.5827 -2.7638 0.4674
v  1.5791 -2.7638 0.4760
v  1.5630 -2.7638 0.4921
v  1.5665 -2.7638 0.4886
v  1.5580 -2.7638 0.4921
v  1.5827 -2.6778 0.4646
v  1.5827 -2.6787 0.4596
v  1.5791 -2.6772 0.4680
v  1.5630 -2.6743 0.4839
v  1.5665 -2.6749 0.4804
v  1.5580 -2.6743 0.4839
v  1.5827 -2.5899 0.4393
v  1.5827 -2.5917 0.4346
v  1.5791 -2.5886 0.4426
v  1.5630 -2.5827 0.4576
v  1.5665 -2.5840 0.4543
v  1.5580 -2.5827 0.4576
v  1.5827 -2.5053 0.3954
v  1.5827 -2.5080 0.3912
v  1.5791 -2.5033 0.3984
v  1.5630 -2.4945 0.4119
v  1.5665 -2.4964 0.4089
v  1.5580 -2.4945 0.4119
v  1.5827 -2.4297 0.3341
v  1.5827 -2.4333 0.3305
v  1.5791 -2.4272 0.3366
v  1.5630 -2.4158 0.3480
v  1.5665 -2.4183 0.3455
v  1.5580 -2.4158 0.3480
v  1.5630 -2.3519 0.2693
v  1.5665 -2.3549 0.2674
v  1.5580 -2.3519 0.2693
v  1.5827 -2.3684 0.2585
v  1.5827 -2.3726 0.2558
v  1.5791 -2.3654 0.2605
v  1.5827 -2.3245 0.1739
v  1.5827 -2.3292 0.1721
v  1.5791 -2.3212 0.1752
v  1.5630 -2.3062 0.1811
v  1.5665 -2.3095 0.1798
v  1.5580 -2.3062 0.1811
v  1.5827 -2.2992 0.0860
v  1.5827 -2.3042 0.0851
v  1.5791 -2.2958 0.0866
v  1.5630 -2.2799 0.0895
v  1.5665 -2.2834 0.0889
v  1.5580 -2.2799 0.0895
v  -1.5827 -2.7638 -0.0000
v  -1.5630 -2.2717 -0.0000
v  -1.5580 -2.2717 -0.0000
v  -1.5665 -2.2752 -0.0000
v  -1.5630 -2.2799 -0.0895
v  -1.5665 -2.2834 -0.0889
v  -1.5580 -2.2799 -0.0895
v  -1.5827 -2.2992 -0.0860
v  -1.5827 -2.3042 -0.0851
v  -1.5791 -2.2958 -0.0866
v  -1.5827 -2.2914 -0.0000
v  -1.5791 -2.2878 -0.0000
v  -1.5827 -2.2964 -0.0000
v  -1.5827 -2.3245 -0.1739
v  -1.5827 -2.3292 -0.1721
v  -1.5791 -2.3212 -0.1752
v  -1.5630 -2.3062 -0.1811
v  -1.5665 -2.3095 -0.1798
v  -1.5580 -2.3062 -0.1811
v  -1.5827 -2.3684 -0.2585
v  -1.5827 -2.3726 -0.2558
v  -1.5791 -2.3654 -0.2605
v  -1.5630 -2.3519 -0.2693
v  -1.5665 -2.3549 -0.2674
v  -1.5580 -2.3519 -0.2693
v  -1.5827 -2.4297 -0.3341
v  -1.5827 -2.4333 -0.3305
v  -1.5791 -2.4272 -0.3366
v  -1.5630 -2.4158 -0.3480
v  -1.5665 -2.4183 -0.3455
v  -1.5580 -2.4158 -0.3480
v  -1.5827 -2.5053 -0.3954
v  -1.5827 -2.5080 -0.3912
v  -1.5791 -2.5033 -0.3984
v  -1.5630 -2.4945 -0.4119
v  -1.5665 -2.4964 -0.4089
v  -1.5580 -2.4945 -0.4119
v  -1.5827 -2.5899 -0.4393
v  -1.5827 -2.5917 -0.4346
v  -1.5791 -2.5886 -0.4426
v  -1.5630 -2.5827 -0.4576
v  -1.5665 -2.5840 -0.4543
v  -1.5580 -2.5827 -0.4576
v  -1.5827 -2.6778 -0.4646
v  -1.5827 -2.6787 -0.4596
v  -1.5791 -2.6772 -0.4680
v  -1.5630 -2.6743 -0.4839
v  -1.5665 -2.6749 -0.4804
v  -1.5580 -2.6743 -0.4839
v  -1.5827 -2.7638 -0.4724
v  -1.5827 -2.7638 -0.4674
v  -1.5791 -2.7638 -0.4760
v  -1.5630 -2.7638 -0.4921
v  -1.5665 -2.7638 -0.4886
v  -1.5580 -2.7638 -0.4921
v  -1.5630 -2.8534 -0.4839
v  -1.5665 -2.8527 -0.4804
v  -1.5580 -2.8534 -0.4839
v  -1.5827 -2.8498 -0.4646
v  -1.5827 -2.8489 -0.4596
v  -1.5791 -2.8504 -0.4680
v  -1.5827 -2.9377 -0.4393
v  -1.5827 -2.9359 -0.4346
v  -1.5791 -2.9390 -0.4426
v  -1.5630 -2.9450 -0.4576
v  -1.5665 -2.9437 -0.4543
v  -1.5580 -2.9450 -0.4576
v  -1.5827 -3.0223 -0.3954
v  -1.5827 -3.0196 -0.3912
v  -1.5791 -3.0243 -0.3984
v  -1.5630 -3.0331 -0.4119
v  -1.5665 -3.0312 -0.4089
v  -1.5580 -3.0331 -0.4119
v  -1.5827 -3.0979 -0.3341
v  -1.5827 -3.0943 -0.3305
v  -1.5791 -3.1004 -0.3366
v  -1.5630 -3.1118 -0.3480
v  -1.5665 -3.1093 -0.3455
v  -1.5580 -3.1118 -0.3480
v  -1.5827 -3.1592 -0.2585
v  -1.5827 -3.1550 -0.2558
v  -1.5791 -3.1622 -0.2605
v  -1.5630 -3.1757 -0.2693
v  -1.5665 -3.1728 -0.2674
v  -1.5580 -3.1757 -0.2693
v  -1.5827 -3.2031 -0.1739
v  -1.5827 -3.1984 -0.1721
v  -1.5791 -3.2064 -0.1752
v  -1.5630 -3.2214 -0.1811
v  -1.5665 -3.2181 -0.1798
v  -1.5580 -3.2214 -0.1811
v  -1.5827 -3.2284 -0.0860
v  -1.5827 -3.2234 -0.0851
v  -1.5791 -3.2318 -0.0866
v  -1.5630 -3.2477 -0.0895
v  -1.5665 -3.2442 -0.0889
v  -1.5580 -3.2477 -0.0895
v  -1.5827 -3.2362 -0.0000
v  -1.5827 -3.2312 -0.0000
v  -1.5791 -3.2398 -0.0000
v  -1.5630 -3.2559 -0.0000
v  -1.5665 -3.2524 -0.0000
v  -1.5580 -3.2559 -0.0000
v  -1.5827 -3.2284 0.0860
v  -1.5827 -3.2234 0.0851
v  -1.5791 -3.2318 0.0866
v  -1.5630 -3.2477 0.0895
v  -1.5665 -3.2442 0.0889
v  -1.5580 -3.2477 0.0895
v  -1.5827 -3.2031 0.1739
v  -1.5827 -3.1984 0.1721
v  -1.5791 -3.2064 0.1752
v  -1.5630 -3.2214 0.1811
v  -1.5665 -3.2181 0.1798
v  -1.5580 -3.2214 0.1811
v  -1.5827 -3.1592 0.2585
v  -1.5827 -3.1550 0.2558
v  -1.5791 -3.1622 0.2605
v  -1.5630 -3.1757 0.2693
v  -1.5665 -3.1728 0.2674
v  -1.5580 -3.1757 0.2693
v  -1.5630 -3.1118 0.3480
v  -1.5665 -3.1093 0.3455
v  -1.5580 -3.1118 0.3480
v  -1.5827 -3.0979 0.3341
v  -1.5827 -3.0943 0.3305
v  -1.5791 -3.1004 0.3366
v  -1.5827 -3.0223 0.3954
v  -1.5827 -3.0196 0.3912
v  -1.5791 -3.0243 0.3984
v  -1.5630 -3.0331 0.4119
v  -1.5665 -3.0312 0.4089
v  -1.5580 -3.0331 0.4119
v  -1.5827 -2.9377 0.4393
v  -1.5827 -2.9359 0.4346
v  -1.5791 -2.9390 0.4426
v  -1.5630 -2.9450 0.4576
v  -1.5665 -2.9437 0.4543
v  -1.5580 -2.9450 0.4576
v  -1.5827 -2.8498 0.4646
v  -1.5827 -2.8489 0.4596
v  -1.5791 -2.8504 0.4680
v  -1.5630 -2.8534 0.4839
v  -1.5665 -2.8527 0.4804
v  -1.5580 -2.8534 0.4839
v  -1.5827 -2.7638 0.4724
v  -1.5827 -2.7638 0.4674
v  -1.5791 -2.7638 0.4760
v  -1.5630 -2.7638 0.4921
v  -1.5665 -2.7638 0.4886
v  -1.5580 -2.7638 0.4921
v  -1.5827 -2.6778 0.4646
v  -1.5827 -2.6787 0.4596
v  -1.5791 -2.6772 0.4680
v  -1.5630 -2.6743 0.4839
v  -1.5665 -2.6749 0.4804
v  -1.5580 -2.6743 0.4839
v  -1.5827 -2.5899 0.4393
v  -1.5827 -2.5917 0.4346
v  -1.5791 -2.5886 0.4426
v  -1.5630 -2.5827 0.4576
v  -1.5665 -2.5840 0.4543
v  -1.5580 -2.5827 0.4576
v  -1.5827 -2.5053 0.3954
v  -1.5827 -2.5080 0.3912
v  -1.5791 -2.5033 0.3984
v  -1.5630 -2.4945 0.4119
v  -1.5665 -2.4964 0.4089
v  -1.5580 -2.4945 0.4119
v  -1.5827 -2.4297 0.3341
v  -1.5827 -2.4333 0.3305
v  -1.5791 -2.4272 0.3366
v  -1.5630 -2.4158 0.3480
v  -1.5665 -2.4183 0.3455
v  -1.5580 -2.4158 0.3480
v  -1.5630 -2.3519 0.2693
v  -1.5665 -2.3549 0.2674
v  -1.5580 -2.3519 0.2693
v  -1.5827 -2.3684 0.2585
v  -1.5827 -2.3726 0.2558
v  -1.5791 -2.3654 0.2605
v  -1.5827 -2.3245 0.1739
v  -1.5827 -2.3292 0.1721
v  -1.5791 -2.3212 0.1752
v  -1.5630 -2.3062 0.1811
v  -1.5665 -2.3095 0.1798
v  -1.5580 -2.3062 0.1811
v  -1.5827 -2.2992 0.0860
v  -1.5827 -2.3042 0.0851
v  -1.5791 -2.2958 0.0866
v  -1.5630 -2.2799 0.0895
v  -1.5665 -2.2834 0.0889
v  -1.5580 -2.2799 0.0895
v  -0.4919 -2.2600 0.0129
v  -0.4881 -2.2633 0.0614
v  -0.4795 -2.2713 0.1100
v  -0.4656 -2.2841 0.1587
v  -0.4461 -2.3021 0.2074
v  -0.4205 -2.3258 0.2556
v  -0.3879 -2.3554 0.3028
v  -0.3478 -2.3914 0.3480
v  -0.2999 -2.4335 0.3901
v  -0.2465 -2.4788 0.4259
v  -0.1956 -2.5193 0.4514
v  -0.1509 -2.5517 0.4683
v  -0.1114 -2.5765 0.4793
v  -0.0722 -2.5958 0.4868
v  -0.0316 -2.6082 0.4910
v  0.4921 -2.2599 0.0000
v  0.4897 -2.2621 0.0490
v  0.4823 -2.2688 0.0976
v  0.4650 -2.2848 0.1606
v  0.4418 -2.3060 0.2164
v  0.4132 -2.3325 0.2673
v  0.3787 -2.3637 0.3142
v  0.3367 -2.4012 0.3588
v  0.2869 -2.4447 0.3998
v  0.2332 -2.4897 0.4333
v  0.1838 -2.5282 0.4564
v  0.1406 -2.5585 0.4715
v  0.1022 -2.5815 0.4814
v  0.0566 -2.6016 0.4888
v  0.0107 -2.6109 0.4920
v  -0.4906 -2.2611 -0.0371
v  -0.4845 -2.2667 -0.0856
v  -0.4733 -2.2771 -0.1343
v  -0.4566 -2.2925 -0.1831
v  -0.4342 -2.3133 -0.2315
v  -0.4051 -2.3399 -0.2793
v  -0.3689 -2.3727 -0.3256
v  -0.3250 -2.4118 -0.3695
v  -0.2735 -2.4563 -0.4090
v  -0.2204 -2.5001 -0.4400
v  -0.1726 -2.5365 -0.4608
v  -0.1306 -2.5650 -0.4745
v  -0.0933 -2.5861 -0.4832
v  -0.0528 -2.6027 -0.4893
v  -0.0123 -2.6107 -0.4920
v  0.4897 -2.2621 -0.0489
v  0.4823 -2.2688 -0.0975
v  0.4698 -2.2804 -0.1463
v  0.4518 -2.2972 -0.1949
v  0.4277 -2.3192 -0.2433
v  0.3969 -2.3474 -0.2908
v  0.3588 -2.3818 -0.3367
v  0.3129 -2.4224 -0.3798
v  0.2600 -2.4677 -0.4178
v  0.2077 -2.5100 -0.4461
v  0.1616 -2.5443 -0.4648
v  0.1208 -2.5709 -0.4771
v  0.0847 -2.5903 -0.4848
v  0.0361 -2.6073 -0.4908
v  0.0578 -2.6065 0.4875
v  0.1039 -2.5862 0.4799
v  0.1425 -2.5631 0.4698
v  0.1857 -2.5326 0.4545
v  0.2348 -2.4941 0.4312
v  0.2882 -2.4491 0.3975
v  0.3377 -2.4057 0.3564
v  0.3793 -2.3683 0.3118
v  0.4133 -2.3372 0.2651
v  0.4416 -2.3109 0.2146
v  0.4644 -2.2899 0.1591
v  0.4813 -2.2740 0.0966
v  0.4885 -2.2673 0.0485
v  0.4909 -2.2651 0.0000
v  0.4885 -2.2673 -0.0484
v  0.4813 -2.2740 -0.0965
v  0.4690 -2.2855 -0.1449
v  0.4513 -2.3020 -0.1932
v  0.4276 -2.3240 -0.2412
v  0.3972 -2.3520 -0.2886
v  0.3595 -2.3862 -0.3344
v  0.3140 -2.4268 -0.3775
v  0.2615 -2.4721 -0.4156
v  0.2094 -2.5144 -0.4440
v  0.1634 -2.5487 -0.4630
v  0.1226 -2.5756 -0.4753
v  0.0862 -2.5952 -0.4832
v  0.0360 -2.6126 -0.4895
v  -0.0126 -2.6160 -0.4907
v  -0.0540 -2.6079 -0.4879
v  -0.0950 -2.5910 -0.4816
v  -0.1324 -2.5695 -0.4727
v  -0.1744 -2.5409 -0.4589
v  -0.2221 -2.5044 -0.4379
v  -0.2749 -2.4606 -0.4067
v  -0.3260 -2.4162 -0.3671
v  -0.3695 -2.3772 -0.3233
v  -0.4053 -2.3445 -0.2771
v  -0.4341 -2.3181 -0.2295
v  -0.4562 -2.2974 -0.1814
v  -0.4726 -2.2822 -0.1330
v  -0.4835 -2.2719 -0.0847
v  -0.4895 -2.2663 -0.0368
v  -0.4907 -2.2652 0.0128
v  -0.4871 -2.2685 0.0608
v  -0.4787 -2.2765 0.1089
v  -0.4651 -2.2892 0.1572
v  -0.4459 -2.3070 0.2056
v  -0.4205 -2.3305 0.2535
v  -0.3883 -2.3601 0.3005
v  -0.3487 -2.3959 0.3457
v  -0.3012 -2.4379 0.3878
v  -0.2481 -2.4831 0.4237
v  -0.1974 -2.5237 0.4495
v  -0.1528 -2.5561 0.4665
v  -0.1131 -2.5810 0.4778
v  -0.0736 -2.6006 0.4854
v  -0.0324 -2.6132 0.4898
v  0.0109 -2.6161 0.4908
v  0.0591 -2.6124 0.4797
v  0.1055 -2.5917 0.4718
v  0.1438 -2.5683 0.4616
v  0.1865 -2.5378 0.4458
v  0.2348 -2.4992 0.4224
v  0.2871 -2.4543 0.3889
v  0.3353 -2.4110 0.3483
v  0.3755 -2.3739 0.3041
v  0.4084 -2.3430 0.2582
v  0.4359 -2.3170 0.2089
v  0.4576 -2.2960 0.1548
v  0.4740 -2.2803 0.0938
v  0.4809 -2.2736 0.0471
v  0.4831 -2.2713 0.0000
v  0.4809 -2.2736 -0.0471
v  0.4740 -2.2803 -0.0938
v  0.4622 -2.2917 -0.1408
v  0.4452 -2.3080 -0.1879
v  0.4223 -2.3298 -0.2348
v  0.3928 -2.3576 -0.2813
v  0.3566 -2.3916 -0.3266
v  0.3122 -2.4320 -0.3691
v  0.2609 -2.4771 -0.4069
v  0.2098 -2.5195 -0.4353
v  0.1646 -2.5539 -0.4546
v  0.1241 -2.5808 -0.4672
v  0.0877 -2.6007 -0.4753
v  0.0369 -2.6186 -0.4819
v  -0.0129 -2.6222 -0.4831
v  -0.0552 -2.6137 -0.4801
v  -0.0965 -2.5964 -0.4736
v  -0.1338 -2.5748 -0.4645
v  -0.1754 -2.5460 -0.4506
v  -0.2222 -2.5095 -0.4291
v  -0.2741 -2.4657 -0.3982
v  -0.3239 -2.4214 -0.3589
v  -0.3660 -2.3827 -0.3154
v  -0.4008 -2.3502 -0.2700
v  -0.4285 -2.3239 -0.2234
v  -0.4499 -2.3035 -0.1764
v  -0.4656 -2.2883 -0.1292
v  -0.4762 -2.2782 -0.0823
v  -0.4819 -2.2727 -0.0357
v  -0.4830 -2.2716 0.0124
v  -0.4796 -2.2749 0.0591
v  -0.4715 -2.2827 0.1058
v  -0.4584 -2.2953 0.1529
v  -0.4399 -2.3130 0.2000
v  -0.4155 -2.3363 0.2468
v  -0.3843 -2.3657 0.2929
v  -0.3458 -2.4013 0.3374
v  -0.2997 -2.4431 0.3793
v  -0.2478 -2.4883 0.4150
v  -0.1980 -2.5288 0.4408
v  -0.1540 -2.5613 0.4583
v  -0.1147 -2.5865 0.4696
v  -0.0751 -2.6063 0.4775
v  -0.0332 -2.6193 0.4822
v  0.0112 -2.6224 0.4831
v  0.0570 -2.6099 0.4690
v  0.1020 -2.5894 0.4613
v  0.1393 -2.5660 0.4513
v  0.1811 -2.5356 0.4363
v  0.2282 -2.4970 0.4135
v  0.2800 -2.4526 0.3811
v  0.3280 -2.4097 0.3417
v  0.3698 -2.3735 0.2997
v  0.4034 -2.3430 0.2550
v  0.4317 -2.3173 0.2067
v  0.4542 -2.2962 0.1535
v  0.4715 -2.2807 0.0932
v  0.4792 -2.2740 0.0471
v  0.4807 -2.2717 -0.0000
v  0.4783 -2.2740 -0.0468
v  0.4711 -2.2807 -0.0931
v  0.4588 -2.2921 -0.1397
v  0.4409 -2.3082 -0.1860
v  0.4173 -2.3299 -0.2320
v  0.3872 -2.3574 -0.2773
v  0.3499 -2.3909 -0.3210
v  0.3051 -2.4305 -0.3620
v  0.2537 -2.4749 -0.3983
v  0.2038 -2.5173 -0.4260
v  0.1595 -2.5517 -0.4445
v  0.1201 -2.5786 -0.4568
v  0.0848 -2.5984 -0.4648
v  0.0355 -2.6160 -0.4710
v  -0.0124 -2.6195 -0.4722
v  -0.0532 -2.6112 -0.4694
v  -0.0932 -2.5941 -0.4631
v  -0.1296 -2.5725 -0.4542
v  -0.1701 -2.5438 -0.4406
v  -0.2159 -2.5073 -0.4201
v  -0.2667 -2.4636 -0.3899
v  -0.3169 -2.4202 -0.3522
v  -0.3599 -2.3821 -0.3104
v  -0.3951 -2.3499 -0.2663
v  -0.4236 -2.3241 -0.2208
v  -0.4458 -2.3038 -0.1747
v  -0.4623 -2.2887 -0.1282
v  -0.4735 -2.2786 -0.0818
v  -0.4803 -2.2730 -0.0356
v  -0.4808 -2.2720 0.0124
v  -0.4769 -2.2753 0.0587
v  -0.4691 -2.2825 0.1024
v  -0.4551 -2.2957 0.1517
v  -0.4359 -2.3133 0.1980
v  -0.4106 -2.3364 0.2438
v  -0.3788 -2.3655 0.2888
v  -0.3397 -2.4005 0.3320
v  -0.2943 -2.4425 0.3730
v  -0.2432 -2.4871 0.4075
v  -0.1924 -2.5267 0.4315
v  -0.1493 -2.5591 0.4481
v  -0.1109 -2.5842 0.4592
v  -0.0725 -2.6040 0.4669
v  -0.0320 -2.6169 0.4715
v  0.0108 -2.6197 0.4723
v  0.0556 -2.6067 0.4665
v  0.0996 -2.5861 0.4589
v  0.1370 -2.5635 0.4495
v  0.1792 -2.5339 0.4351
v  0.2273 -2.4964 0.4130
v  0.2793 -2.4522 0.3808
v  0.3314 -2.4112 0.3440
v  0.3685 -2.3730 0.2990
v  0.4014 -2.3425 0.2541
v  0.4293 -2.3168 0.2058
v  0.4523 -2.2962 0.1528
v  0.4710 -2.2807 0.0932
v  0.4783 -2.2740 0.0469
v  0.4808 -2.2717 -0.0002
v  0.4787 -2.2740 -0.0469
v  0.4714 -2.2807 -0.0932
v  0.4586 -2.2920 -0.1398
v  0.4407 -2.3083 -0.1861
v  0.4172 -2.3299 -0.2320
v  0.3870 -2.3575 -0.2774
v  0.3498 -2.3909 -0.3211
v  0.3050 -2.4306 -0.3621
v  0.2534 -2.4747 -0.3982
v  0.2023 -2.5162 -0.4252
v  0.1573 -2.5496 -0.4430
v  0.1176 -2.5755 -0.4546
v  0.0828 -2.5952 -0.4624
v  0.0346 -2.6127 -0.4685
v  -0.0121 -2.6162 -0.4697
v  -0.0519 -2.6080 -0.4669
v  -0.0911 -2.5909 -0.4608
v  -0.1271 -2.5697 -0.4522
v  -0.1681 -2.5419 -0.4392
v  -0.2148 -2.5064 -0.4194
v  -0.2666 -2.4637 -0.3900
v  -0.3168 -2.4203 -0.3523
v  -0.3593 -2.3821 -0.3105
v  -0.3958 -2.3503 -0.2666
v  -0.4230 -2.3240 -0.2206
v  -0.4456 -2.3039 -0.1747
v  -0.4619 -2.2888 -0.1282
v  -0.4729 -2.2786 -0.0817
v  -0.4788 -2.2730 -0.0355
v  -0.4801 -2.2720 0.0123
v  -0.4802 -2.2748 0.0593
v  -0.4709 -2.2824 0.1029
v  -0.4546 -2.2957 0.1517
v  -0.4322 -2.3129 0.1968
v  -0.4090 -2.3360 0.2431
v  -0.3776 -2.3650 0.2883
v  -0.3387 -2.4002 0.3315
v  -0.2926 -2.4417 0.3719
v  -0.2403 -2.4858 0.4060
v  -0.1906 -2.5253 0.4304
v  -0.1471 -2.5568 0.4464
v  -0.1085 -2.5810 0.4569
v  -0.0707 -2.6007 0.4644
v  -0.0311 -2.6136 0.4688
v  0.0105 -2.6164 0.4697
v  0.2355 -2.4974 0.4272
v  0.2884 -2.4525 0.3936
v  0.3372 -2.4093 0.3523
v  0.3782 -2.3720 0.3080
v  0.4116 -2.3409 0.2617
v  0.4395 -2.3148 0.2118
v  0.4616 -2.2939 0.1569
v  0.4781 -2.2782 0.0951
v  0.4851 -2.2715 0.0477
v  0.4874 -2.2693 0.0000
v  0.4851 -2.2715 -0.0477
v  0.4781 -2.2782 -0.0951
v  0.4664 -2.2893 -0.1429
v  0.4490 -2.3058 -0.1906
v  0.4257 -2.3277 -0.2381
v  0.3958 -2.3557 -0.2850
v  0.3587 -2.3899 -0.3305
v  0.3139 -2.4301 -0.3736
v  0.2619 -2.4754 -0.4116
v  0.2103 -2.5178 -0.4401
v  0.1646 -2.5521 -0.4594
v  0.1238 -2.5789 -0.4718
v  0.0874 -2.5987 -0.4799
v  0.0366 -2.6164 -0.4864
v  -0.0128 -2.6199 -0.4876
v  -0.0549 -2.6116 -0.4847
v  -0.0961 -2.5945 -0.4782
v  -0.1336 -2.5729 -0.4692
v  -0.1755 -2.5444 -0.4550
v  -0.2229 -2.5078 -0.4339
v  -0.2752 -2.4639 -0.4028
v  -0.3257 -2.4195 -0.3634
v  -0.3685 -2.3808 -0.3195
v  -0.4038 -2.3482 -0.2736
v  -0.4320 -2.3218 -0.2265
v  -0.4538 -2.3013 -0.1789
v  -0.4699 -2.2861 -0.1312
v  -0.4802 -2.2762 -0.0834
v  -0.4861 -2.2706 -0.0362
v  -0.4873 -2.2695 0.0126
v  -0.4838 -2.2728 0.0599
v  -0.4755 -2.2807 0.1072
v  -0.4626 -2.2930 0.1551
v  -0.4437 -2.3109 0.2028
v  -0.4188 -2.3343 0.2502
v  -0.3871 -2.3637 0.2968
v  -0.3481 -2.3995 0.3417
v  -0.3013 -2.4412 0.3839
v  -0.2487 -2.4865 0.4197
v  -0.1984 -2.5271 0.4456
v  -0.1540 -2.5596 0.4626
v  -0.1144 -2.5846 0.4743
v  -0.0747 -2.6043 0.4821
v  -0.0330 -2.6171 0.4866
v  0.0111 -2.6200 0.4877
v  0.0588 -2.6102 0.4843
v  0.1051 -2.5897 0.4765
v  0.1436 -2.5663 0.4664
v  0.1867 -2.5360 0.4505
v  0.0586 -2.6125 0.4745
v  0.1045 -2.5919 0.4667
v  0.1425 -2.5685 0.4566
v  0.1848 -2.5379 0.4413
v  0.2324 -2.4993 0.4177
v  0.2842 -2.4545 0.3846
v  0.3319 -2.4112 0.3443
v  0.3716 -2.3739 0.3007
v  0.4042 -2.3431 0.2553
v  0.4319 -2.3173 0.2067
v  0.4542 -2.2962 0.1534
v  0.4715 -2.2807 0.0932
v  0.4784 -2.2740 0.0468
v  0.4806 -2.2717 0.0000
v  0.4780 -2.2740 -0.0467
v  0.4708 -2.2806 -0.0930
v  0.4587 -2.2920 -0.1396
v  0.4409 -2.3082 -0.1859
v  0.4180 -2.3300 -0.2322
v  0.3887 -2.3577 -0.2781
v  0.3529 -2.3918 -0.3229
v  0.3090 -2.4321 -0.3650
v  0.2582 -2.4772 -0.4023
v  0.2080 -2.5197 -0.4309
v  0.1631 -2.5541 -0.4497
v  0.1230 -2.5810 -0.4622
v  0.0870 -2.6009 -0.4703
v  0.0365 -2.6188 -0.4767
v  -0.0128 -2.6224 -0.4779
v  -0.0547 -2.6139 -0.4750
v  -0.0956 -2.5966 -0.4686
v  -0.1326 -2.5750 -0.4596
v  -0.1738 -2.5462 -0.4457
v  -0.2199 -2.5096 -0.4243
v  -0.2713 -2.4659 -0.3938
v  -0.3207 -2.4216 -0.3549
v  -0.3626 -2.3829 -0.3121
v  -0.3965 -2.3504 -0.2669
v  -0.4241 -2.3240 -0.2209
v  -0.4458 -2.3038 -0.1746
v  -0.4623 -2.2887 -0.1282
v  -0.4734 -2.2786 -0.0817
v  -0.4797 -2.2731 -0.0355
v  -0.4806 -2.2720 0.0124
v  -0.4769 -2.2753 0.0587
v  -0.4695 -2.2826 0.1033
v  -0.4550 -2.2956 0.1516
v  -0.4359 -2.3133 0.1979
v  -0.4112 -2.3365 0.2441
v  -0.3803 -2.3658 0.2897
v  -0.3425 -2.4014 0.3339
v  -0.2967 -2.4433 0.3751
v  -0.2453 -2.4884 0.4104
v  -0.1960 -2.5289 0.4359
v  -0.1527 -2.5615 0.4533
v  -0.1137 -2.5867 0.4646
v  -0.0744 -2.6065 0.4724
v  -0.0329 -2.6195 0.4771
v  0.0111 -2.6225 0.4779
v  -0.4919 -1.4567 0.0129
v  -0.4881 -1.4567 0.0614
v  -0.4795 -1.4567 0.1100
v  -0.4656 -1.4567 0.1587
v  -0.4461 -1.4567 0.2074
v  -0.4205 -1.4567 0.2556
v  -0.3879 -1.4567 0.3028
v  -0.3478 -1.4567 0.3480
v  -0.2999 -1.4567 0.3901
v  -0.2465 -1.4567 0.4259
v  -0.1956 -1.4567 0.4514
v  -0.1509 -1.4567 0.4683
v  -0.1114 -1.4567 0.4793
v  -0.0722 -1.4567 0.4868
v  -0.0316 -1.4567 0.4910
v  0.4921 -1.4567 0.0000
v  0.4897 -1.4567 0.0490
v  0.4823 -1.4567 0.0976
v  0.4653 -1.4567 0.1597
v  0.4424 -1.4567 0.2151
v  0.4132 -1.4567 0.2673
v  0.3787 -1.4567 0.3142
v  0.3367 -1.4567 0.3588
v  0.2869 -1.4567 0.3998
v  0.2332 -1.4567 0.4333
v  0.1838 -1.4567 0.4564
v  0.1406 -1.4567 0.4715
v  0.1022 -1.4567 0.4814
v  0.0566 -1.4567 0.4888
v  0.0107 -1.4567 0.4920
v  -0.4906 -1.4567 -0.0371
v  -0.4845 -1.4567 -0.0856
v  -0.4733 -1.4567 -0.1343
v  -0.4566 -1.4567 -0.1831
v  -0.4342 -1.4567 -0.2315
v  -0.4051 -1.4567 -0.2793
v  -0.3689 -1.4567 -0.3256
v  -0.3250 -1.4567 -0.3695
v  -0.2735 -1.4567 -0.4090
v  -0.2172 -1.4567 -0.4415
v  -0.1811 -1.4567 -0.4576
v  -0.1246 -1.4567 -0.4759
v  -0.0844 -1.4567 -0.4839
v  -0.0567 -1.4567 -0.4887
v  -0.0115 -1.4567 -0.4919
v  0.4897 -1.4567 -0.0489
v  0.4823 -1.4567 -0.0975
v  0.4698 -1.4567 -0.1463
v  0.4518 -1.4567 -0.1949
v  0.4277 -1.4567 -0.2433
v  0.3969 -1.4567 -0.2908
v  0.3588 -1.4567 -0.3367
v  0.3129 -1.4567 -0.3798
v  0.2600 -1.4567 -0.4178
v  0.2077 -1.4567 -0.4461
v  0.1616 -1.4567 -0.4648
v  0.1208 -1.4567 -0.4771
v  0.0847 -1.4567 -0.4848
v  0.0361 -1.4567 -0.4908
v  0.4973 -1.4567 -0.0468
v  0.4799 -1.4567 -0.1401
v  0.4431 -1.4567 -0.2314
v  0.4174 -1.4567 -0.2752
v  0.3867 -1.4567 -0.3168
v  0.2721 -1.4567 -0.4194
v  0.1355 -1.4567 -0.4812
v  0.0888 -1.4567 -0.4920
v  0.0429 -1.4567 -0.4981
v  0.5025 -1.4686 -0.0953
v  0.4535 -1.4686 -0.2364
v  0.3958 -1.4686 -0.3238
v  0.3603 -1.4686 -0.3628
v  0.3208 -1.4686 -0.3982
v  0.2333 -1.4686 -0.4550
v  0.1865 -1.4686 -0.4761
v  0.1390 -1.4686 -0.4922
v  0.1820 -1.4567 -0.4656
v  0.2279 -1.4567 -0.4450
v  0.3134 -1.4567 -0.3895
v  0.3520 -1.4567 -0.3550
v  0.4639 -1.4567 -0.1863
v  0.4907 -1.4567 -0.0934
v  0.5000 -1.4567 -0.0000
v  0.0438 -1.4603 -0.5062
v  0.0905 -1.4603 -0.5000
v  0.1380 -1.4603 -0.4890
v  0.1852 -1.4604 -0.4731
v  0.2318 -1.4604 -0.4521
v  0.2767 -1.4604 -0.4261
v  0.3186 -1.4604 -0.3957
v  0.3579 -1.4604 -0.3606
v  0.3932 -1.4603 -0.3218
v  0.4243 -1.4604 -0.2795
v  0.4505 -1.4603 -0.2350
v  0.4716 -1.4603 -0.1891
v  0.4878 -1.4603 -0.1422
v  0.4990 -1.4601 -0.0947
v  0.5057 -1.4601 -0.0474
v  0.5081 -1.4604 -0.0000
v  0.5092 -1.4686 -0.0476
v  0.5095 -1.4764 -0.0476
v  0.4910 -1.4686 -0.1430
v  0.4747 -1.4686 -0.1903
v  0.4271 -1.4686 -0.2812
v  0.4537 -1.4764 -0.2366
v  0.3606 -1.4764 -0.3631
v  0.2786 -1.4686 -0.4288
v  0.2788 -1.4764 -0.4291
v  0.2335 -1.4764 -0.4553
v  0.0911 -1.4686 -0.5032
v  0.1391 -1.4764 -0.4925
v  0.0442 -1.4686 -0.5095
v  0.0912 -1.4764 -0.5035
v  0.0442 -1.4764 -0.5098
v  -0.0000 -1.4764 -0.5118
v  0.5028 -1.4764 -0.0953
v  0.4913 -1.4764 -0.1431
v  0.4750 -1.4764 -0.1904
v  0.4274 -1.4764 -0.2814
v  0.3961 -1.4764 -0.3240
v  0.3210 -1.4764 -0.3985
v  0.1866 -1.4764 -0.4765
v  0.1534 -1.5355 -0.5495
v  0.3566 -1.5355 -0.4453
v  0.5289 -1.5355 -0.2138
v  0.5679 -1.5355 -0.0548
v  0.0464 -1.5313 -0.5467
v  0.0968 -1.5314 -0.5401
v  0.0452 -1.5182 -0.5267
v  0.0937 -1.5183 -0.5203
v  0.1481 -1.5314 -0.5284
v  0.1991 -1.5314 -0.5113
v  0.1432 -1.5183 -0.5089
v  0.1924 -1.5182 -0.4924
v  0.0445 -1.4981 -0.5135
v  0.0918 -1.4982 -0.5072
v  0.1400 -1.4982 -0.4961
v  0.1879 -1.4982 -0.4800
v  0.2495 -1.5314 -0.4888
v  0.2981 -1.5314 -0.4608
v  0.2408 -1.5183 -0.4706
v  0.2876 -1.5183 -0.4436
v  0.3434 -1.5314 -0.4280
v  0.3859 -1.5314 -0.3901
v  0.3313 -1.5183 -0.4120
v  0.3722 -1.5183 -0.3755
v  0.2351 -1.4982 -0.4587
v  0.2807 -1.4982 -0.4323
v  0.3233 -1.4982 -0.4015
v  0.3631 -1.4982 -0.3658
v  0.4241 -1.5314 -0.3482
v  0.4577 -1.5314 -0.3027
v  0.4089 -1.5183 -0.3351
v  0.4412 -1.5183 -0.2911
v  0.4861 -1.5314 -0.2547
v  0.5090 -1.5314 -0.2051
v  0.4685 -1.5183 -0.2448
v  0.4905 -1.5183 -0.1971
v  0.3988 -1.4982 -0.3264
v  0.4304 -1.4982 -0.2835
v  0.4569 -1.4982 -0.2384
v  0.4784 -1.4982 -0.1919
v  0.5266 -1.5314 -0.1544
v  0.5389 -1.5314 -0.1032
v  0.5074 -1.5183 -0.1483
v  0.5193 -1.5183 -0.0989
v  0.5463 -1.5314 -0.0521
v  0.5488 -1.5314 -0.0000
v  0.5263 -1.5183 -0.0497
v  0.4948 -1.4982 -0.1442
v  0.5064 -1.4982 -0.0961
v  0.5132 -1.4982 -0.0481
v  0.5706 -1.5355 -0.0000
v  0.5868 -1.5355 -0.0000
v  0.5841 -1.5354 -0.0568
v  0.5602 -1.5355 -0.1079
v  0.5763 -1.5354 -0.1108
v  0.5473 -1.5355 -0.1611
v  0.5051 -1.5355 -0.2653
v  0.4756 -1.5355 -0.3152
v  0.4889 -1.5354 -0.3246
v  0.4405 -1.5355 -0.3625
v  0.4008 -1.5355 -0.4060
v  0.3667 -1.5355 -0.4582
v  0.3094 -1.5355 -0.4794
v  0.2589 -1.5355 -0.5084
v  0.2065 -1.5355 -0.5318
v  0.1000 -1.5355 -0.5617
v  0.0477 -1.5355 -0.5684
v  0.0486 -1.5354 -0.5848
v  0.5910 -1.5352 -0.0000
v  0.5942 -1.5349 -0.0000
v  0.0492 -1.5348 -0.5922
v  0.1027 -1.5354 -0.5778
v  0.1575 -1.5355 -0.5653
v  0.2148 -1.5349 -0.5540
v  0.2122 -1.5355 -0.5471
v  0.2659 -1.5355 -0.5231
v  0.3177 -1.5355 -0.4934
v  0.3713 -1.5349 -0.4640
v  0.4172 -1.5348 -0.4231
v  0.4120 -1.5354 -0.4178
v  0.4530 -1.5354 -0.3731
v  0.4951 -1.5348 -0.3287
v  0.5194 -1.5354 -0.2732
v  0.5441 -1.5354 -0.2198
v  0.5701 -1.5348 -0.1675
v  0.5630 -1.5354 -0.1654
v  0.5877 -1.5353 -0.0572
v  0.0489 -1.5353 -0.5885
v  0.1034 -1.5353 -0.5814
v  0.1585 -1.5353 -0.5688
v  0.2135 -1.5353 -0.5505
v  0.2675 -1.5353 -0.5264
v  0.3196 -1.5353 -0.4965
v  0.3690 -1.5353 -0.4610
v  0.4146 -1.5353 -0.4205
v  0.4558 -1.5353 -0.3754
v  0.4919 -1.5353 -0.3266
v  0.5226 -1.5353 -0.2749
v  0.5475 -1.5353 -0.2212
v  0.5665 -1.5353 -0.1665
v  0.5799 -1.5353 -0.1115
v  0.5914 -1.5348 -0.0576
v  0.5835 -1.5348 -0.1122
v  2.4739 -1.2289 -0.4571
v  0.5510 -1.5348 -0.2226
v  0.5259 -1.5348 -0.2766
v  2.2355 -1.2289 -1.1541
v  0.4587 -1.5348 -0.3778
v  1.5871 -1.2289 -1.9520
v  0.3217 -1.5349 -0.4997
v  0.2692 -1.5349 -0.5298
v  1.1569 -1.2289 -2.2340
v  0.1595 -1.5349 -0.5724
v  0.6933 -1.2289 -2.4184
v  0.1040 -1.5348 -0.5851
v  0.2264 -1.2289 -2.5056
v  0.4585 -1.2289 -2.4737
v  0.9273 -1.2289 -2.3387
v  1.3781 -1.2289 -2.1048
v  1.7803 -1.2289 -1.7776
v  1.9543 -1.2289 -1.5843
v  2.1067 -1.2289 -1.3752
v  2.3397 -1.2289 -0.9248
v  2.4190 -1.2289 -0.6912
v  2.5057 -1.2289 -0.2257
v  2.5643 -1.1899 0.0000
v  2.5583 -1.1667 -0.2308
v  2.5258 -1.1667 -0.4674
v  2.4695 -1.1667 -0.7068
v  2.3883 -1.1667 -0.9455
v  2.1499 -1.1667 -1.4056
v  1.9942 -1.1667 -1.6190
v  1.1798 -1.1667 -2.2817
v  0.0000 -1.2088 -2.5525
v  0.0000 -1.2226 -2.5347
v  0.2304 -1.1898 -2.5539
v  0.2295 -1.2087 -2.5422
v  0.4666 -1.1898 -2.5215
v  0.4646 -1.2087 -2.5099
v  0.2280 -1.2226 -2.5245
v  0.4616 -1.2226 -2.4923
v  0.7056 -1.1898 -2.4653
v  0.7025 -1.2087 -2.4539
v  0.9439 -1.1898 -2.3842
v  0.9398 -1.2087 -2.3732
v  0.6980 -1.2226 -2.4367
v  0.9337 -1.2226 -2.3565
v  1.1778 -1.1898 -2.2778
v  1.1726 -1.2087 -2.2672
v  1.4032 -1.1898 -2.1463
v  1.3970 -1.2087 -2.1362
v  1.1649 -1.2226 -2.2512
v  1.3878 -1.2226 -2.1210
v  1.6163 -1.1898 -1.9907
v  1.6091 -1.2087 -1.9814
v  1.8132 -1.1898 -1.8132
v  1.8051 -1.2087 -1.8046
v  1.5984 -1.2226 -1.9672
v  1.7930 -1.2226 -1.7916
v  1.9908 -1.1898 -1.6162
v  1.9818 -1.2087 -1.6086
v  2.1463 -1.1898 -1.4032
v  2.1366 -1.2087 -1.3965
v  1.9684 -1.2226 -1.5969
v  2.1221 -1.2226 -1.3863
v  2.2778 -1.1898 -1.1777
v  2.2675 -1.2087 -1.1721
v  2.3842 -1.1898 -0.9439
v  2.3734 -1.2087 -0.9393
v  2.2519 -1.2226 -1.1634
v  2.3570 -1.2226 -0.9323
v  2.4653 -1.1898 -0.7056
v  2.4540 -1.2087 -0.7021
v  2.5215 -1.1898 -0.4666
v  2.5099 -1.2087 -0.4643
v  2.4370 -1.2226 -0.6969
v  2.4925 -1.2226 -0.4608
v  2.5539 -1.1898 -0.2304
v  2.5422 -1.2087 -0.2292
v  2.5245 -1.2226 -0.2275
v  2.5689 -0.0000 0.0000
v  2.5689 -0.5672 0.0000
v  2.5681 -0.2339 -0.0648
v  2.5681 -0.5536 -0.0648
v  2.5642 -0.3283 -0.1546
v  2.5642 -0.4592 -0.1546
v  2.5635 -0.3937 -0.1670
v  2.2817 -1.1667 -1.1798
v  2.2819 -0.0000 -1.1799
v  1.9944 -0.0000 -1.6192
v  1.8163 -1.1667 -1.8163
v  1.6190 -1.1667 -1.9942
v  1.6192 -0.0000 -1.9944
v  1.4056 -1.1667 -2.1499
v  1.4057 -0.0000 -2.1502
v  0.9455 -1.1667 -2.3883
v  0.9456 -0.0000 -2.3885
v  0.7068 -1.1667 -2.4695
v  0.7069 -0.0000 -2.4697
v  0.4674 -1.1667 -2.5258
v  0.2308 -1.1667 -2.5583
v  0.2308 -0.0000 -2.5585
v  2.5585 -0.0000 -0.2308
v  2.5260 -0.0000 -0.4674
v  2.4697 -0.0000 -0.7069
v  2.3885 -0.0000 -0.9456
v  2.1502 -0.0000 -1.4057
v  1.8165 -0.0000 -1.8165
v  1.1799 -0.0000 -2.2819
v  0.4674 -0.0000 -2.5260
v  2.5689 -0.2202 0.0000
v  2.4944 -0.3150 -0.0312
v  2.4944 -0.3339 -0.0599
v  2.5661 -0.2721 -0.1190
v  2.4944 -0.3626 -0.0787
v  2.4944 -0.3937 -0.0846
v  2.4944 -0.3091 0.0000
v  2.4944 -0.4249 -0.0787
v  2.4944 -0.4536 -0.0599
v  2.5661 -0.5154 -0.1190
v  2.4944 -0.4724 -0.0312
v  2.4944 -0.4784 0.0000
v  2.5680 -0.5630 -0.0689
v  2.5657 -0.5224 -0.1264
v  2.5636 -0.4629 -0.1641
v  2.5627 -0.3937 -0.1771
v  2.5636 -0.3245 -0.1641
v  2.5657 -0.2651 -0.1264
v  2.5679 -0.2245 -0.0689
v  2.5689 -0.2121 0.0000
v  2.5689 -0.5753 0.0000
v  2.5585 -0.3937 -0.2308
v  2.5259 -0.3937 -0.4674
v  2.4697 -0.3937 -0.7068
v  2.3885 -0.3937 -0.9456
v  2.2818 -0.3937 -1.1798
v  2.1501 -0.3937 -1.4057
v  1.9943 -0.3937 -1.6191
v  1.8164 -0.3937 -1.8164
v  1.6191 -0.3937 -1.9943
v  1.4057 -0.3937 -2.1501
v  1.1798 -0.3937 -2.2818
v  0.9456 -0.3937 -2.3885
v  0.7068 -0.3937 -2.4697
v  0.4674 -0.3937 -2.5259
v  0.2308 -0.3937 -2.5584
v  0.4973 -1.4567 0.0468
v  0.4799 -1.4567 0.1401
v  0.4431 -1.4567 0.2314
v  0.4174 -1.4567 0.2752
v  0.3867 -1.4567 0.3168
v  0.2721 -1.4567 0.4194
v  0.1355 -1.4567 0.4812
v  0.0888 -1.4567 0.4920
v  0.0429 -1.4567 0.4981
v  0.5024 -1.4686 0.0952
v  0.4534 -1.4686 0.2364
v  0.3957 -1.4686 0.3237
v  0.3603 -1.4686 0.3628
v  0.3208 -1.4686 0.3982
v  0.2333 -1.4686 0.4550
v  0.1865 -1.4686 0.4761
v  0.1390 -1.4686 0.4921
v  0.1820 -1.4567 0.4656
v  0.2279 -1.4567 0.4450
v  0.3134 -1.4567 0.3895
v  0.3520 -1.4567 0.3550
v  0.4639 -1.4567 0.1863
v  0.4907 -1.4567 0.0934
v  0.0438 -1.4604 0.5062
v  0.0904 -1.4604 0.4999
v  0.1380 -1.4604 0.4890
v  0.1852 -1.4604 0.4731
v  0.2318 -1.4604 0.4521
v  0.2767 -1.4604 0.4261
v  0.3186 -1.4604 0.3957
v  0.3579 -1.4604 0.3606
v  0.3932 -1.4604 0.3217
v  0.4243 -1.4604 0.2795
v  0.4504 -1.4604 0.2350
v  0.4715 -1.4604 0.1891
v  0.4877 -1.4604 0.1421
v  0.4990 -1.4602 0.0947
v  0.5057 -1.4602 0.0474
v  0.5118 -1.4764 -0.0000
v  0.5114 -1.4686 -0.0000
v  0.5091 -1.4686 0.0476
v  0.5095 -1.4764 0.0476
v  0.4909 -1.4686 0.1430
v  0.4746 -1.4686 0.1902
v  0.4270 -1.4686 0.2812
v  0.4537 -1.4764 0.2366
v  0.3606 -1.4764 0.3631
v  0.2786 -1.4686 0.4288
v  0.2788 -1.4764 0.4291
v  0.2335 -1.4764 0.4553
v  0.0911 -1.4686 0.5032
v  0.1391 -1.4764 0.4925
v  0.0442 -1.4686 0.5095
v  0.0912 -1.4764 0.5035
v  0.0442 -1.4764 0.5098
v  -0.0000 -1.4764 0.5118
v  0.5028 -1.4764 0.0953
v  0.4913 -1.4764 0.1431
v  0.4750 -1.4764 0.1904
v  0.4274 -1.4764 0.2814
v  0.3961 -1.4764 0.3240
v  0.3210 -1.4764 0.3985
v  0.1866 -1.4764 0.4765
v  0.1534 -1.5355 0.5495
v  0.3566 -1.5355 0.4453
v  0.5289 -1.5355 0.2138
v  0.5679 -1.5355 0.0548
v  0.0464 -1.5313 0.5467
v  0.0968 -1.5314 0.5402
v  0.0452 -1.5182 0.5267
v  0.0937 -1.5182 0.5203
v  0.1481 -1.5314 0.5284
v  0.1991 -1.5314 0.5113
v  0.1432 -1.5182 0.5089
v  0.1924 -1.5182 0.4924
v  0.0445 -1.4981 0.5136
v  0.0918 -1.4982 0.5073
v  0.1400 -1.4982 0.4961
v  0.1879 -1.4982 0.4800
v  0.2495 -1.5314 0.4888
v  0.2981 -1.5314 0.4608
v  0.2408 -1.5183 0.4706
v  0.2876 -1.5183 0.4436
v  0.3434 -1.5314 0.4280
v  0.3859 -1.5314 0.3901
v  0.3313 -1.5183 0.4120
v  0.3722 -1.5183 0.3755
v  0.2351 -1.4982 0.4587
v  0.2807 -1.4982 0.4323
v  0.3233 -1.4982 0.4015
v  0.3631 -1.4982 0.3658
v  0.4241 -1.5314 0.3483
v  0.4577 -1.5314 0.3027
v  0.4089 -1.5183 0.3351
v  0.4413 -1.5183 0.2912
v  0.4861 -1.5314 0.2547
v  0.5090 -1.5314 0.2051
v  0.4686 -1.5183 0.2449
v  0.4906 -1.5182 0.1971
v  0.3989 -1.4982 0.3264
v  0.4304 -1.4982 0.2836
v  0.4570 -1.4982 0.2384
v  0.4784 -1.4982 0.1919
v  0.5266 -1.5313 0.1544
v  0.5389 -1.5313 0.1032
v  0.5075 -1.5182 0.1483
v  0.5193 -1.5182 0.0989
v  0.5463 -1.5313 0.0521
v  0.5264 -1.5182 0.0497
v  0.5287 -1.5183 -0.0000
v  0.4949 -1.4982 0.1442
v  0.5065 -1.4982 0.0961
v  0.5133 -1.4982 0.0481
v  0.5155 -1.4982 -0.0000
v  0.5841 -1.5355 0.0568
v  0.5602 -1.5355 0.1079
v  0.5763 -1.5355 0.1108
v  0.5473 -1.5355 0.1611
v  0.5051 -1.5355 0.2653
v  0.4756 -1.5355 0.3152
v  0.4889 -1.5355 0.3246
v  0.4405 -1.5355 0.3625
v  0.4008 -1.5355 0.4060
v  0.3667 -1.5355 0.4582
v  0.3094 -1.5355 0.4793
v  0.2589 -1.5355 0.5084
v  0.2065 -1.5355 0.5318
v  0.1000 -1.5355 0.5617
v  0.0477 -1.5355 0.5684
v  0.0486 -1.5355 0.5848
v  0.0492 -1.5349 0.5922
v  0.1027 -1.5355 0.5778
v  0.1575 -1.5355 0.5653
v  0.2148 -1.5349 0.5540
v  0.2122 -1.5355 0.5471
v  0.2659 -1.5355 0.5231
v  0.3177 -1.5355 0.4934
v  0.3713 -1.5349 0.4640
v  0.4172 -1.5349 0.4231
v  0.4120 -1.5355 0.4178
v  0.4530 -1.5355 0.3731
v  0.4951 -1.5349 0.3287
v  0.5194 -1.5355 0.2732
v  0.5441 -1.5355 0.2198
v  0.5701 -1.5349 0.1675
v  0.5630 -1.5355 0.1654
v  0.5877 -1.5353 0.0572
v  0.0489 -1.5353 0.5885
v  0.1034 -1.5353 0.5814
v  0.1585 -1.5353 0.5688
v  0.2135 -1.5353 0.5505
v  0.2675 -1.5353 0.5264
v  0.3196 -1.5353 0.4965
v  0.3690 -1.5353 0.4610
v  0.4146 -1.5353 0.4205
v  0.4558 -1.5353 0.3754
v  0.4919 -1.5353 0.3266
v  0.5226 -1.5353 0.2749
v  0.5475 -1.5353 0.2212
v  0.5665 -1.5353 0.1665
v  0.5799 -1.5353 0.1115
v  0.5914 -1.5349 0.0576
v  0.5835 -1.5349 0.1122
v  2.4739 -1.2289 0.4571
v  0.5510 -1.5349 0.2226
v  0.5259 -1.5349 0.2766
v  2.2355 -1.2289 1.1541
v  0.4587 -1.5349 0.3778
v  1.5871 -1.2289 1.9520
v  0.3217 -1.5349 0.4996
v  0.2692 -1.5349 0.5298
v  1.1569 -1.2289 2.2340
v  0.1595 -1.5349 0.5724
v  0.6933 -1.2289 2.4184
v  0.1040 -1.5349 0.5851
v  2.5158 -1.2290 0.0000
v  0.2264 -1.2289 2.5056
v  0.4585 -1.2289 2.4737
v  0.9273 -1.2289 2.3387
v  1.3781 -1.2289 2.1048
v  1.7803 -1.2289 1.7776
v  1.9543 -1.2289 1.5843
v  2.1067 -1.2289 1.3752
v  2.3397 -1.2289 0.9248
v  2.4190 -1.2289 0.6912
v  2.5057 -1.2289 0.2257
v  2.5347 -1.2226 0.0000
v  2.5583 -1.1667 0.2308
v  2.5258 -1.1667 0.4674
v  2.4695 -1.1667 0.7068
v  2.3883 -1.1667 0.9455
v  2.1499 -1.1667 1.4056
v  1.9942 -1.1667 1.6190
v  1.1798 -1.1667 2.2817
v  2.5525 -1.2088 0.0000
v  -0.0000 -1.2088 2.5525
v  -0.0000 -1.2226 2.5347
v  0.2304 -1.1898 2.5539
v  0.2295 -1.2087 2.5422
v  0.4666 -1.1898 2.5215
v  0.4646 -1.2087 2.5099
v  0.2280 -1.2226 2.5245
v  0.4616 -1.2226 2.4923
v  0.7056 -1.1898 2.4653
v  0.7025 -1.2087 2.4539
v  0.9439 -1.1898 2.3842
v  0.9398 -1.2087 2.3732
v  0.6980 -1.2226 2.4367
v  0.9337 -1.2226 2.3565
v  1.1778 -1.1898 2.2778
v  1.1726 -1.2087 2.2672
v  1.4032 -1.1898 2.1463
v  1.3970 -1.2087 2.1362
v  1.1649 -1.2226 2.2512
v  1.3878 -1.2226 2.1210
v  1.6162 -1.1898 1.9907
v  1.6091 -1.2087 1.9814
v  1.8132 -1.1898 1.8132
v  1.8051 -1.2087 1.8046
v  1.5984 -1.2226 1.9672
v  1.7930 -1.2226 1.7916
v  1.9908 -1.1898 1.6162
v  1.9818 -1.2087 1.6086
v  2.1463 -1.1898 1.4032
v  2.1366 -1.2087 1.3965
v  1.9684 -1.2226 1.5969
v  2.1221 -1.2226 1.3863
v  2.2778 -1.1898 1.1777
v  2.2675 -1.2087 1.1721
v  2.3842 -1.1898 0.9439
v  2.3734 -1.2087 0.9393
v  2.2519 -1.2226 1.1634
v  2.3570 -1.2226 0.9323
v  2.4653 -1.1898 0.7056
v  2.4540 -1.2087 0.7021
v  2.5215 -1.1898 0.4666
v  2.5099 -1.2087 0.4643
v  2.4370 -1.2226 0.6969
v  2.4925 -1.2226 0.4608
v  2.5539 -1.1898 0.2304
v  2.5422 -1.2087 0.2292
v  2.5245 -1.2226 0.2275
v  2.5689 -1.1667 0.0000
v  2.5681 -0.2339 0.0648
v  2.5681 -0.5536 0.0648
v  2.5642 -0.3283 0.1546
v  2.5642 -0.4592 0.1546
v  2.5635 -0.3937 0.1670
v  2.2817 -1.1667 1.1798
v  2.2819 -0.0000 1.1799
v  1.9944 -0.0000 1.6192
v  1.8163 -1.1667 1.8163
v  1.6190 -1.1667 1.9942
v  1.6192 -0.0000 1.9944
v  1.4056 -1.1667 2.1499
v  1.4057 -0.0000 2.1502
v  0.9455 -1.1667 2.3883
v  0.9456 -0.0000 2.3885
v  0.7068 -1.1667 2.4695
v  0.7069 -0.0000 2.4697
v  0.4674 -1.1667 2.5258
v  0.2308 -1.1667 2.5583
v  0.2308 -0.0000 2.5585
v  2.5585 -0.0000 0.2308
v  2.5260 -0.0000 0.4674
v  2.4697 -0.0000 0.7069
v  2.3885 -0.0000 0.9456
v  2.1502 -0.0000 1.4057
v  1.8165 -0.0000 1.8165
v  1.1799 -0.0000 2.2819
v  0.4674 -0.0000 2.5260
v  2.4944 -0.3150 0.0312
v  2.4944 -0.3339 0.0599
v  2.5661 -0.2721 0.1190
v  2.4944 -0.3626 0.0787
v  2.4944 -0.3937 0.0846
v  2.4944 -0.4249 0.0787
v  2.4944 -0.4536 0.0599
v  2.5661 -0.5154 0.1190
v  2.4944 -0.4724 0.0312
v  2.5680 -0.5630 0.0689
v  2.5657 -0.5224 0.1264
v  2.5636 -0.4629 0.1641
v  2.5627 -0.3937 0.1771
v  2.5636 -0.3245 0.1641
v  2.5657 -0.2651 0.1264
v  2.5679 -0.2245 0.0689
v  2.5585 -0.3937 0.2308
v  2.5259 -0.3937 0.4674
v  2.4697 -0.3937 0.7068
v  2.3885 -0.3937 0.9456
v  2.2818 -0.3937 1.1798
v  2.1501 -0.3937 1.4057
v  1.9943 -0.3937 1.6191
v  1.8164 -0.3937 1.8164
v  1.6191 -0.3937 1.9943
v  1.4057 -0.3937 2.1501
v  1.1798 -0.3937 2.2818
v  0.9456 -0.3937 2.3885
v  0.7068 -0.3937 2.4697
v  0.4674 -0.3937 2.5259
v  0.2308 -0.3937 2.5584
v  -0.4973 -1.4567 -0.0468
v  -0.4799 -1.4567 -0.1401
v  -0.4431 -1.4567 -0.2314
v  -0.4174 -1.4567 -0.2752
v  -0.3867 -1.4567 -0.3168
v  -0.2721 -1.4567 -0.4194
v  -0.1355 -1.4567 -0.4812
v  -0.0888 -1.4567 -0.4920
v  -0.0429 -1.4567 -0.4981
v  -0.0000 -1.4567 -0.5000
v  -0.5024 -1.4686 -0.0952
v  -0.4534 -1.4686 -0.2364
v  -0.3957 -1.4686 -0.3237
v  -0.3603 -1.4686 -0.3628
v  -0.3208 -1.4686 -0.3982
v  -0.2333 -1.4686 -0.4550
v  -0.1865 -1.4686 -0.4761
v  -0.1390 -1.4686 -0.4921
v  -0.0000 -1.4686 -0.5114
v  -0.1820 -1.4567 -0.4656
v  -0.2279 -1.4567 -0.4450
v  -0.3134 -1.4567 -0.3895
v  -0.3520 -1.4567 -0.3550
v  -0.4639 -1.4567 -0.1863
v  -0.4907 -1.4567 -0.0934
v  -0.5000 -1.4567 -0.0000
v  -0.0000 -1.4604 -0.5081
v  -0.0438 -1.4604 -0.5062
v  -0.0905 -1.4604 -0.4999
v  -0.1380 -1.4604 -0.4890
v  -0.1852 -1.4604 -0.4731
v  -0.2318 -1.4604 -0.4521
v  -0.2767 -1.4604 -0.4261
v  -0.3186 -1.4604 -0.3957
v  -0.3579 -1.4604 -0.3606
v  -0.3932 -1.4604 -0.3217
v  -0.4243 -1.4604 -0.2795
v  -0.4504 -1.4604 -0.2350
v  -0.4715 -1.4604 -0.1891
v  -0.4877 -1.4604 -0.1421
v  -0.4990 -1.4602 -0.0947
v  -0.5057 -1.4602 -0.0474
v  -0.5081 -1.4604 -0.0000
v  -0.5091 -1.4686 -0.0476
v  -0.5095 -1.4764 -0.0476
v  -0.4909 -1.4686 -0.1430
v  -0.4746 -1.4686 -0.1902
v  -0.4270 -1.4686 -0.2812
v  -0.4537 -1.4764 -0.2366
v  -0.3606 -1.4764 -0.3631
v  -0.2786 -1.4686 -0.4288
v  -0.2788 -1.4764 -0.4291
v  -0.2335 -1.4764 -0.4553
v  -0.0911 -1.4686 -0.5032
v  -0.1391 -1.4764 -0.4925
v  -0.0442 -1.4686 -0.5095
v  -0.0912 -1.4764 -0.5035
v  -0.0442 -1.4764 -0.5098
v  -0.5028 -1.4764 -0.0953
v  -0.4913 -1.4764 -0.1431
v  -0.4750 -1.4764 -0.1904
v  -0.4274 -1.4764 -0.2814
v  -0.3961 -1.4764 -0.3240
v  -0.3210 -1.4764 -0.3985
v  -0.1866 -1.4764 -0.4765
v  -0.0000 -1.5355 -0.5706
v  -0.1534 -1.5355 -0.5495
v  -0.3566 -1.5355 -0.4453
v  -0.5289 -1.5355 -0.2138
v  -0.5679 -1.5355 -0.0548
v  -0.0000 -1.5314 -0.5488
v  -0.0000 -1.5183 -0.5287
v  -0.0000 -1.4982 -0.5155
v  -0.0464 -1.5313 -0.5467
v  -0.0968 -1.5314 -0.5402
v  -0.0452 -1.5182 -0.5267
v  -0.0937 -1.5182 -0.5203
v  -0.1481 -1.5314 -0.5284
v  -0.1991 -1.5314 -0.5113
v  -0.1432 -1.5182 -0.5089
v  -0.1924 -1.5182 -0.4924
v  -0.0445 -1.4981 -0.5136
v  -0.0918 -1.4982 -0.5073
v  -0.1400 -1.4982 -0.4961
v  -0.1879 -1.4982 -0.4800
v  -0.2495 -1.5314 -0.4888
v  -0.2981 -1.5314 -0.4608
v  -0.2408 -1.5183 -0.4706
v  -0.2876 -1.5183 -0.4436
v  -0.3434 -1.5314 -0.4280
v  -0.3859 -1.5314 -0.3901
v  -0.3313 -1.5183 -0.4120
v  -0.3722 -1.5183 -0.3755
v  -0.2351 -1.4982 -0.4587
v  -0.2807 -1.4982 -0.4323
v  -0.3233 -1.4982 -0.4015
v  -0.3631 -1.4982 -0.3658
v  -0.4241 -1.5314 -0.3483
v  -0.4577 -1.5314 -0.3027
v  -0.4089 -1.5183 -0.3351
v  -0.4413 -1.5183 -0.2912
v  -0.4861 -1.5314 -0.2547
v  -0.5090 -1.5314 -0.2051
v  -0.4686 -1.5183 -0.2449
v  -0.4906 -1.5182 -0.1971
v  -0.3989 -1.4982 -0.3264
v  -0.4304 -1.4982 -0.2836
v  -0.4570 -1.4982 -0.2384
v  -0.4784 -1.4982 -0.1919
v  -0.5266 -1.5313 -0.1544
v  -0.5389 -1.5313 -0.1032
v  -0.5075 -1.5182 -0.1483
v  -0.5193 -1.5182 -0.0989
v  -0.5463 -1.5313 -0.0521
v  -0.5488 -1.5314 -0.0000
v  -0.5264 -1.5182 -0.0497
v  -0.4949 -1.4982 -0.1442
v  -0.5065 -1.4982 -0.0961
v  -0.5133 -1.4982 -0.0481
v  -0.5706 -1.5355 -0.0000
v  -0.5868 -1.5355 -0.0000
v  -0.5841 -1.5355 -0.0568
v  -0.5602 -1.5355 -0.1079
v  -0.5763 -1.5355 -0.1108
v  -0.5473 -1.5355 -0.1611
v  -0.5051 -1.5355 -0.2653
v  -0.4756 -1.5355 -0.3152
v  -0.4889 -1.5355 -0.3246
v  -0.4405 -1.5355 -0.3625
v  -0.4008 -1.5355 -0.4060
v  -0.3667 -1.5355 -0.4582
v  -0.3094 -1.5355 -0.4794
v  -0.2589 -1.5355 -0.5084
v  -0.2065 -1.5355 -0.5318
v  -0.1000 -1.5355 -0.5617
v  -0.0477 -1.5355 -0.5684
v  -0.0486 -1.5355 -0.5848
v  -0.5910 -1.5352 -0.0000
v  -0.5942 -1.5349 -0.0000
v  -0.0000 -1.5355 -0.5868
v  -0.0492 -1.5349 -0.5922
v  -0.1027 -1.5355 -0.5778
v  -0.1575 -1.5355 -0.5653
v  -0.2149 -1.5349 -0.5540
v  -0.2122 -1.5355 -0.5471
v  -0.2659 -1.5355 -0.5231
v  -0.3177 -1.5355 -0.4934
v  -0.3713 -1.5349 -0.4640
v  -0.4172 -1.5349 -0.4231
v  -0.4120 -1.5355 -0.4178
v  -0.4530 -1.5355 -0.3731
v  -0.4951 -1.5349 -0.3287
v  -0.5194 -1.5355 -0.2732
v  -0.5441 -1.5355 -0.2198
v  -0.5701 -1.5349 -0.1675
v  -0.5630 -1.5355 -0.1654
v  -0.5877 -1.5353 -0.0572
v  -0.0000 -1.5353 -0.5905
v  -0.0489 -1.5353 -0.5885
v  -0.1034 -1.5353 -0.5814
v  -0.1585 -1.5353 -0.5688
v  -0.2135 -1.5353 -0.5505
v  -0.2675 -1.5353 -0.5264
v  -0.3196 -1.5353 -0.4965
v  -0.3690 -1.5353 -0.4610
v  -0.4146 -1.5353 -0.4205
v  -0.4558 -1.5353 -0.3754
v  -0.4920 -1.5353 -0.3266
v  -0.5226 -1.5353 -0.2749
v  -0.5475 -1.5353 -0.2212
v  -0.5665 -1.5353 -0.1665
v  -0.5799 -1.5353 -0.1115
v  -0.5914 -1.5349 -0.0576
v  -0.5835 -1.5349 -0.1122
v  -2.4739 -1.2289 -0.4571
v  -0.5510 -1.5349 -0.2226
v  -0.5259 -1.5349 -0.2766
v  -2.2355 -1.2289 -1.1541
v  -0.4587 -1.5349 -0.3778
v  -1.5871 -1.2289 -1.9520
v  -0.3217 -1.5349 -0.4997
v  -0.2692 -1.5349 -0.5298
v  -1.1569 -1.2289 -2.2340
v  -0.1595 -1.5349 -0.5724
v  -0.6933 -1.2289 -2.4184
v  -0.1040 -1.5349 -0.5851
v  -0.0000 -1.5349 -0.5942
v  0.0000 -1.2289 -2.5158
v  -0.2264 -1.2289 -2.5056
v  -0.4585 -1.2289 -2.4737
v  -0.9273 -1.2289 -2.3387
v  -1.3781 -1.2289 -2.1048
v  -1.7803 -1.2289 -1.7776
v  -1.9543 -1.2289 -1.5843
v  -2.1067 -1.2289 -1.3752
v  -2.3397 -1.2289 -0.9248
v  -2.4190 -1.2289 -0.6912
v  -2.5057 -1.2289 -0.2257
v  -2.5643 -1.1899 -0.0000
v  -2.5583 -1.1667 -0.2308
v  -2.5258 -1.1667 -0.4674
v  -2.4695 -1.1667 -0.7068
v  -2.3883 -1.1667 -0.9455
v  -2.1499 -1.1667 -1.4056
v  -1.9942 -1.1667 -1.6190
v  -1.1798 -1.1667 -2.2817
v  0.0000 -1.1667 -2.5687
v  0.0000 -1.1899 -2.5643
v  -0.2304 -1.1898 -2.5539
v  -0.2295 -1.2087 -2.5422
v  -0.4666 -1.1898 -2.5215
v  -0.4646 -1.2087 -2.5099
v  -0.2280 -1.2226 -2.5245
v  -0.4616 -1.2226 -2.4923
v  -0.7056 -1.1898 -2.4653
v  -0.7025 -1.2087 -2.4539
v  -0.9439 -1.1898 -2.3842
v  -0.9398 -1.2087 -2.3732
v  -0.6980 -1.2226 -2.4367
v  -0.9337 -1.2226 -2.3565
v  -1.1778 -1.1898 -2.2778
v  -1.1726 -1.2087 -2.2672
v  -1.4032 -1.1898 -2.1463
v  -1.3970 -1.2087 -2.1362
v  -1.1649 -1.2226 -2.2512
v  -1.3878 -1.2226 -2.1210
v  -1.6162 -1.1898 -1.9907
v  -1.6091 -1.2087 -1.9814
v  -1.8132 -1.1898 -1.8132
v  -1.8051 -1.2087 -1.8046
v  -1.5984 -1.2226 -1.9672
v  -1.7930 -1.2226 -1.7916
v  -1.9908 -1.1898 -1.6162
v  -1.9818 -1.2087 -1.6086
v  -2.1463 -1.1898 -1.4032
v  -2.1366 -1.2087 -1.3965
v  -1.9684 -1.2226 -1.5969
v  -2.1220 -1.2226 -1.3863
v  -2.2778 -1.1898 -1.1777
v  -2.2675 -1.2087 -1.1721
v  -2.3842 -1.1898 -0.9439
v  -2.3734 -1.2087 -0.9393
v  -2.2519 -1.2226 -1.1634
v  -2.3570 -1.2226 -0.9323
v  -2.4653 -1.1898 -0.7056
v  -2.4540 -1.2087 -0.7021
v  -2.5215 -1.1898 -0.4666
v  -2.5099 -1.2087 -0.4643
v  -2.4370 -1.2226 -0.6969
v  -2.4925 -1.2226 -0.4608
v  -2.5539 -1.1898 -0.2304
v  -2.5422 -1.2087 -0.2292
v  -2.5245 -1.2226 -0.2275
v  -2.5689 -0.0000 -0.0000
v  -2.5689 -0.5672 -0.0000
v  -2.5681 -0.2339 -0.0648
v  -2.5681 -0.5536 -0.0648
v  -2.5642 -0.3283 -0.1546
v  -2.5642 -0.4592 -0.1546
v  -2.5635 -0.3937 -0.1670
v  -2.2817 -1.1667 -1.1798
v  -2.2819 -0.0000 -1.1799
v  -1.9944 -0.0000 -1.6192
v  -1.8163 -1.1667 -1.8163
v  -1.6190 -1.1667 -1.9942
v  -1.6192 -0.0000 -1.9944
v  -1.4056 -1.1667 -2.1499
v  -1.4057 -0.0000 -2.1502
v  -0.9455 -1.1667 -2.3883
v  -0.9456 -0.0000 -2.3885
v  -0.7068 -1.1667 -2.4695
v  -0.7069 -0.0000 -2.4697
v  -0.4674 -1.1667 -2.5258
v  -0.2308 -1.1667 -2.5583
v  -0.2308 -0.0000 -2.5585
v  -2.5585 -0.0000 -0.2308
v  -2.5260 -0.0000 -0.4674
v  -2.4697 -0.0000 -0.7069
v  -2.3885 -0.0000 -0.9456
v  -2.1502 -0.0000 -1.4057
v  -1.8165 -0.0000 -1.8165
v  -1.1799 -0.0000 -2.2819
v  -0.4674 -0.0000 -2.5260
v  0.0000 -0.0000 -2.5689
v  -2.5689 -0.2202 -0.0000
v  -2.4944 -0.3150 -0.0312
v  -2.4944 -0.3339 -0.0599
v  -2.5661 -0.2721 -0.1190
v  -2.4944 -0.3626 -0.0787
v  -2.4944 -0.3937 -0.0846
v  -2.4944 -0.3091 -0.0000
v  -2.4944 -0.4249 -0.0787
v  -2.4944 -0.4536 -0.0599
v  -2.5661 -0.5154 -0.1190
v  -2.4944 -0.4724 -0.0312
v  -2.4944 -0.4784 -0.0000
v  -2.5680 -0.5630 -0.0689
v  -2.5657 -0.5224 -0.1264
v  -2.5636 -0.4629 -0.1641
v  -2.5627 -0.3937 -0.1771
v  -2.5636 -0.3245 -0.1641
v  -2.5657 -0.2651 -0.1264
v  -2.5679 -0.2245 -0.0689
v  -2.5689 -0.2121 -0.0000
v  -2.5689 -0.5753 -0.0000
v  -2.5585 -0.3937 -0.2308
v  -2.5259 -0.3937 -0.4674
v  -2.4697 -0.3937 -0.7068
v  -2.3885 -0.3937 -0.9456
v  -2.2818 -0.3937 -1.1798
v  -2.1501 -0.3937 -1.4057
v  -1.9943 -0.3937 -1.6191
v  -1.8164 -0.3937 -1.8164
v  -1.6191 -0.3937 -1.9943
v  -1.4057 -0.3937 -2.1501
v  -1.1798 -0.3937 -2.2818
v  -0.9456 -0.3937 -2.3885
v  -0.7068 -0.3937 -2.4697
v  -0.4674 -0.3937 -2.5259
v  -0.2308 -0.3937 -2.5584
v  0.0000 -0.3937 -2.5688
v  -0.4973 -1.4567 0.0468
v  -0.4799 -1.4567 0.1401
v  -0.4431 -1.4567 0.2314
v  -0.4174 -1.4567 0.2752
v  -0.3867 -1.4567 0.3168
v  -0.2721 -1.4567 0.4194
v  -0.1355 -1.4567 0.4812
v  -0.0888 -1.4567 0.4920
v  -0.0000 -1.4567 -0.0000
v  -0.0429 -1.4567 0.4981
v  -0.0000 -1.4567 0.5000
v  -0.5025 -1.4686 0.0953
v  -0.4535 -1.4686 0.2364
v  -0.3958 -1.4686 0.3238
v  -0.3603 -1.4686 0.3629
v  -0.3208 -1.4686 0.3982
v  -0.2334 -1.4686 0.4550
v  -0.1865 -1.4686 0.4762
v  -0.1390 -1.4686 0.4922
v  -0.0000 -1.4686 0.5114
v  -0.1820 -1.4567 0.4656
v  -0.2279 -1.4567 0.4450
v  -0.3134 -1.4567 0.3895
v  -0.3520 -1.4567 0.3550
v  -0.4639 -1.4567 0.1863
v  -0.4907 -1.4567 0.0934
v  -0.0000 -1.4604 0.5081
v  -0.0438 -1.4603 0.5062
v  -0.0905 -1.4603 0.5000
v  -0.1380 -1.4603 0.4890
v  -0.1852 -1.4603 0.4731
v  -0.2318 -1.4604 0.4521
v  -0.2767 -1.4604 0.4261
v  -0.3187 -1.4603 0.3957
v  -0.3579 -1.4603 0.3606
v  -0.3932 -1.4603 0.3218
v  -0.4243 -1.4604 0.2795
v  -0.4505 -1.4603 0.2350
v  -0.4716 -1.4603 0.1891
v  -0.4878 -1.4603 0.1422
v  -0.4990 -1.4601 0.0947
v  -0.5057 -1.4601 0.0474
v  -0.5118 -1.4764 -0.0000
v  -0.5118 -1.4685 -0.0000
v  -0.5092 -1.4686 0.0476
v  -0.5095 -1.4764 0.0476
v  -0.4910 -1.4686 0.1430
v  -0.4747 -1.4686 0.1903
v  -0.4271 -1.4686 0.2812
v  -0.4537 -1.4764 0.2366
v  -0.3606 -1.4764 0.3631
v  -0.2786 -1.4686 0.4288
v  -0.2788 -1.4764 0.4291
v  -0.2335 -1.4764 0.4553
v  -0.0911 -1.4686 0.5032
v  -0.1391 -1.4764 0.4925
v  -0.0442 -1.4686 0.5095
v  -0.0912 -1.4764 0.5035
v  -0.0442 -1.4764 0.5098
v  -0.5028 -1.4764 0.0953
v  -0.4913 -1.4764 0.1431
v  -0.4750 -1.4764 0.1904
v  -0.4274 -1.4764 0.2814
v  -0.3961 -1.4764 0.3240
v  -0.3210 -1.4764 0.3985
v  -0.1866 -1.4764 0.4765
v  -0.0000 -1.5355 0.5706
v  -0.1534 -1.5355 0.5495
v  -0.3566 -1.5355 0.4453
v  -0.5289 -1.5355 0.2138
v  -0.5679 -1.5355 0.0548
v  -0.0000 -1.5314 0.5488
v  -0.0000 -1.5183 0.5287
v  -0.0000 -1.4982 0.5155
v  -0.0464 -1.5313 0.5467
v  -0.0968 -1.5314 0.5401
v  -0.0452 -1.5182 0.5267
v  -0.0937 -1.5183 0.5203
v  -0.1481 -1.5314 0.5284
v  -0.1991 -1.5314 0.5113
v  -0.1432 -1.5183 0.5089
v  -0.1923 -1.5183 0.4924
v  -0.0445 -1.4981 0.5135
v  -0.0918 -1.4982 0.5072
v  -0.1400 -1.4982 0.4961
v  -0.1879 -1.4982 0.4800
v  -0.2495 -1.5314 0.4888
v  -0.2981 -1.5314 0.4608
v  -0.2408 -1.5183 0.4706
v  -0.2876 -1.5183 0.4436
v  -0.3434 -1.5314 0.4280
v  -0.3859 -1.5314 0.3901
v  -0.3313 -1.5183 0.4120
v  -0.3721 -1.5183 0.3754
v  -0.2351 -1.4982 0.4587
v  -0.2807 -1.4982 0.4323
v  -0.3232 -1.4982 0.4014
v  -0.3631 -1.4982 0.3658
v  -0.4241 -1.5314 0.3482
v  -0.4577 -1.5314 0.3027
v  -0.4089 -1.5183 0.3351
v  -0.4412 -1.5183 0.2911
v  -0.4861 -1.5314 0.2547
v  -0.5090 -1.5314 0.2051
v  -0.4685 -1.5183 0.2448
v  -0.4905 -1.5183 0.1971
v  -0.3988 -1.4982 0.3264
v  -0.4304 -1.4982 0.2835
v  -0.4569 -1.4982 0.2384
v  -0.4784 -1.4982 0.1919
v  -0.5266 -1.5314 0.1544
v  -0.5389 -1.5314 0.1032
v  -0.5074 -1.5183 0.1483
v  -0.5193 -1.5183 0.0989
v  -0.5463 -1.5314 0.0521
v  -0.5263 -1.5183 0.0497
v  -0.5287 -1.5183 -0.0000
v  -0.4948 -1.4982 0.1442
v  -0.5064 -1.4982 0.0961
v  -0.5132 -1.4982 0.0481
v  -0.5155 -1.4982 -0.0000
v  -0.5841 -1.5354 0.0568
v  -0.5602 -1.5355 0.1079
v  -0.5763 -1.5354 0.1108
v  -0.5473 -1.5355 0.1611
v  -0.5051 -1.5355 0.2653
v  -0.4756 -1.5355 0.3152
v  -0.4889 -1.5354 0.3246
v  -0.4405 -1.5355 0.3625
v  -0.4008 -1.5355 0.4060
v  -0.3667 -1.5354 0.4582
v  -0.3094 -1.5355 0.4793
v  -0.2589 -1.5355 0.5084
v  -0.2065 -1.5355 0.5318
v  -0.1000 -1.5355 0.5617
v  -0.0477 -1.5355 0.5684
v  -0.0486 -1.5354 0.5848
v  -0.0000 -1.5355 0.5868
v  -0.0492 -1.5349 0.5922
v  -0.1027 -1.5354 0.5778
v  -0.1575 -1.5354 0.5653
v  -0.2148 -1.5349 0.5540
v  -0.2122 -1.5354 0.5471
v  -0.2659 -1.5354 0.5231
v  -0.3177 -1.5354 0.4934
v  -0.3713 -1.5348 0.4640
v  -0.4172 -1.5348 0.4231
v  -0.4120 -1.5354 0.4178
v  -0.4530 -1.5354 0.3731
v  -0.4951 -1.5348 0.3287
v  -0.5193 -1.5354 0.2732
v  -0.5441 -1.5354 0.2198
v  -0.5701 -1.5348 0.1675
v  -0.5630 -1.5354 0.1654
v  -0.5877 -1.5353 0.0572
v  -0.0000 -1.5353 0.5905
v  -0.0489 -1.5353 0.5885
v  -0.1034 -1.5353 0.5814
v  -0.1585 -1.5353 0.5688
v  -0.2135 -1.5353 0.5505
v  -0.2675 -1.5353 0.5264
v  -0.3196 -1.5353 0.4965
v  -0.3690 -1.5353 0.4610
v  -0.4146 -1.5353 0.4205
v  -0.4558 -1.5353 0.3754
v  -0.4919 -1.5353 0.3266
v  -0.5226 -1.5353 0.2749
v  -0.5475 -1.5353 0.2212
v  -0.5665 -1.5353 0.1665
v  -0.5799 -1.5353 0.1115
v  -0.5914 -1.5348 0.0576
v  -0.5835 -1.5348 0.1122
v  -2.4739 -1.2289 0.4571
v  -0.5510 -1.5348 0.2226
v  -0.5259 -1.5348 0.2766
v  -2.2355 -1.2289 1.1541
v  -0.4587 -1.5348 0.3778
v  -1.5871 -1.2289 1.9520
v  -0.3217 -1.5348 0.4996
v  -0.2692 -1.5348 0.5298
v  -1.1569 -1.2289 2.2340
v  -0.1595 -1.5349 0.5724
v  -0.6933 -1.2289 2.4184
v  -0.1040 -1.5349 0.5851
v  -0.0000 -1.5349 0.5942
v  -2.5158 -1.2290 -0.0000
v  -0.0000 -1.2289 2.5158
v  -0.2264 -1.2289 2.5056
v  -0.4585 -1.2289 2.4737
v  -0.9273 -1.2289 2.3387
v  -1.3781 -1.2289 2.1048
v  -1.7803 -1.2289 1.7776
v  -1.9543 -1.2289 1.5843
v  -2.1067 -1.2289 1.3752
v  -2.3397 -1.2289 0.9248
v  -2.4190 -1.2289 0.6912
v  -2.5057 -1.2289 0.2257
v  -2.5347 -1.2226 -0.0000
v  -2.5583 -1.1667 0.2308
v  -2.5258 -1.1667 0.4674
v  -2.4695 -1.1667 0.7068
v  -2.3883 -1.1667 0.9455
v  -2.1499 -1.1667 1.4056
v  -1.9942 -1.1667 1.6190
v  -1.1798 -1.1667 2.2817
v  -0.0000 -1.1667 2.5687
v  -2.5525 -1.2088 -0.0000
v  -0.0000 -1.1899 2.5643
v  -0.2304 -1.1898 2.5539
v  -0.2295 -1.2087 2.5422
v  -0.4666 -1.1898 2.5215
v  -0.4646 -1.2087 2.5099
v  -0.2280 -1.2226 2.5245
v  -0.4616 -1.2226 2.4923
v  -0.7056 -1.1898 2.4653
v  -0.7025 -1.2087 2.4539
v  -0.9439 -1.1898 2.3842
v  -0.9398 -1.2087 2.3732
v  -0.6980 -1.2226 2.4367
v  -0.9337 -1.2226 2.3565
v  -1.1778 -1.1898 2.2778
v  -1.1726 -1.2087 2.2672
v  -1.4032 -1.1898 2.1463
v  -1.3970 -1.2087 2.1363
v  -1.1649 -1.2226 2.2512
v  -1.3878 -1.2226 2.1211
v  -1.6163 -1.1898 1.9907
v  -1.6091 -1.2087 1.9814
v  -1.8132 -1.1898 1.8132
v  -1.8051 -1.2087 1.8046
v  -1.5984 -1.2226 1.9672
v  -1.7930 -1.2226 1.7916
v  -1.9908 -1.1898 1.6162
v  -1.9818 -1.2087 1.6086
v  -2.1463 -1.1898 1.4032
v  -2.1366 -1.2087 1.3965
v  -1.9685 -1.2226 1.5969
v  -2.1221 -1.2226 1.3863
v  -2.2778 -1.1898 1.1777
v  -2.2675 -1.2087 1.1721
v  -2.3842 -1.1898 0.9439
v  -2.3734 -1.2087 0.9393
v  -2.2519 -1.2226 1.1634
v  -2.3570 -1.2226 0.9323
v  -2.4653 -1.1898 0.7056
v  -2.4540 -1.2087 0.7021
v  -2.5215 -1.1898 0.4666
v  -2.5099 -1.2087 0.4643
v  -2.4370 -1.2226 0.6969
v  -2.4925 -1.2226 0.4608
v  -2.5539 -1.1898 0.2304
v  -2.5422 -1.2087 0.2292
v  -2.5245 -1.2226 0.2275
v  -2.5689 -1.1667 -0.0000
v  -2.5681 -0.2339 0.0648
v  -2.5681 -0.5536 0.0648
v  -2.5642 -0.3283 0.1546
v  -2.5642 -0.4592 0.1546
v  -2.5635 -0.3937 0.1670
v  -2.2817 -1.1667 1.1798
v  -2.2819 -0.0000 1.1799
v  -1.9944 -0.0000 1.6192
v  -1.8163 -1.1667 1.8163
v  -1.6190 -1.1667 1.9942
v  -1.6192 -0.0000 1.9944
v  -1.4056 -1.1667 2.1499
v  -1.4057 -0.0000 2.1502
v  -0.9455 -1.1667 2.3883
v  -0.9456 -0.0000 2.3885
v  -0.7068 -1.1667 2.4695
v  -0.7069 -0.0000 2.4697
v  -0.4674 -1.1667 2.5258
v  -0.2308 -1.1667 2.5583
v  -0.2308 -0.0000 2.5585
v  -2.5585 -0.0000 0.2308
v  -2.5260 -0.0000 0.4674
v  -2.4697 -0.0000 0.7069
v  -2.3885 -0.0000 0.9456
v  -2.1502 -0.0000 1.4057
v  -1.8165 -0.0000 1.8165
v  -1.1799 -0.0000 2.2819
v  -0.4674 -0.0000 2.5260
v  -0.0000 -0.0000 2.5689
v  -2.4944 -0.3150 0.0312
v  -2.4944 -0.3339 0.0599
v  -2.5661 -0.2721 0.1190
v  -2.4944 -0.3626 0.0787
v  -2.4944 -0.3937 0.0846
v  -2.4944 -0.4249 0.0787
v  -2.4944 -0.4536 0.0599
v  -2.5661 -0.5154 0.1190
v  -2.4944 -0.4724 0.0312
v  -2.5680 -0.5630 0.0689
v  -2.5657 -0.5224 0.1264
v  -2.5636 -0.4629 0.1641
v  -2.5627 -0.3937 0.1771
v  -2.5636 -0.3245 0.1641
v  -2.5657 -0.2651 0.1264
v  -2.5679 -0.2245 0.0689
v  -2.5585 -0.3937 0.2308
v  -2.5259 -0.3937 0.4674
v  -2.4697 -0.3937 0.7068
v  -2.3885 -0.3937 0.9456
v  -2.2818 -0.3937 1.1798
v  -2.1501 -0.3937 1.4057
v  -1.9943 -0.3937 1.6191
v  -1.8164 -0.3937 1.8164
v  -1.6191 -0.3937 1.9943
v  -1.4057 -0.3937 2.1501
v  -1.1798 -0.3937 2.2818
v  -0.9456 -0.3937 2.3885
v  -0.7068 -0.3937 2.4697
v  -0.4674 -0.3937 2.5259
v  -0.2308 -0.3937 2.5584
v  -0.0000 -0.3937 2.5688
v  2.4944 -0.3187 -0.0297
v  2.4944 -0.3366 -0.0571
v  2.4944 -0.3640 -0.0751
v  2.4944 -0.3937 -0.0807
v  2.4944 -0.3130 0.0000
v  2.4944 -0.4234 -0.0751
v  2.4944 -0.4508 -0.0571
v  2.4944 -0.4688 -0.0297
v  2.4944 -0.4745 0.0000
v  2.4944 -0.3187 0.0297
v  2.4944 -0.3366 0.0571
v  2.4944 -0.3640 0.0751
v  2.4944 -0.3937 0.0807
v  2.4944 -0.4234 0.0751
v  2.4944 -0.4508 0.0571
v  2.4944 -0.4688 0.0297
v  2.4944 -0.3937 0.0000
v  -2.4944 -0.3186 -0.0297
v  -2.4944 -0.3366 -0.0571
v  -2.4944 -0.3640 -0.0751
v  -2.4944 -0.3937 -0.0808
v  -2.4944 -0.3129 -0.0000
v  -2.4944 -0.4235 -0.0751
v  -2.4944 -0.4509 -0.0571
v  -2.4944 -0.4689 -0.0297
v  -2.4944 -0.4745 -0.0000
v  -2.4944 -0.3186 0.0297
v  -2.4944 -0.3366 0.0571
v  -2.4944 -0.3640 0.0751
v  -2.4944 -0.3937 0.0808
v  -2.4944 -0.4235 0.0751
v  -2.4944 -0.4509 0.0571
v  -2.4944 -0.4689 0.0297
v  -2.4944 -0.3937 -0.0000
v  0.0000 -0.0000 0.0000
v  2.5561 -0.0000 0.0000
v  2.2705 -0.0000 -1.1740
v  1.9844 -0.0000 -1.6111
v  1.6111 -0.0000 -1.9844
v  1.3987 -0.0000 -2.1394
v  0.9409 -0.0000 -2.3766
v  0.7033 -0.0000 -2.4574
v  0.2297 -0.0000 -2.5457
v  2.5457 -0.0000 -0.2297
v  2.5134 -0.0000 -0.4651
v  2.4574 -0.0000 -0.7033
v  2.3766 -0.0000 -0.9409
v  2.1394 -0.0000 -1.3987
v  1.8074 -0.0000 -1.8074
v  1.1740 -0.0000 -2.2705
v  0.4651 -0.0000 -2.5134
v  2.2705 -0.0000 1.1740
v  1.9844 -0.0000 1.6111
v  1.6111 -0.0000 1.9844
v  1.3987 -0.0000 2.1394
v  0.9409 -0.0000 2.3766
v  0.7033 -0.0000 2.4574
v  0.2297 -0.0000 2.5457
v  2.5457 -0.0000 0.2297
v  2.5134 -0.0000 0.4651
v  2.4574 -0.0000 0.7033
v  2.3766 -0.0000 0.9409
v  2.1394 -0.0000 1.3987
v  1.8074 -0.0000 1.8074
v  1.1740 -0.0000 2.2705
v  0.4651 -0.0000 2.5134
v  -2.5561 -0.0000 -0.0000
v  -2.2705 -0.0000 -1.1740
v  -1.9844 -0.0000 -1.6111
v  -1.6111 -0.0000 -1.9844
v  -1.3987 -0.0000 -2.1394
v  -0.9409 -0.0000 -2.3766
v  -0.7033 -0.0000 -2.4574
v  -0.2297 -0.0000 -2.5457
v  -2.5457 -0.0000 -0.2297
v  -2.5134 -0.0000 -0.4651
v  -2.4574 -0.0000 -0.7033
v  -2.3766 -0.0000 -0.9409
v  -2.1394 -0.0000 -1.3987
v  -1.8074 -0.0000 -1.8074
v  -1.1740 -0.0000 -2.2705
v  -0.4651 -0.0000 -2.5134
v  0.0000 -0.0000 -2.5561
v  -2.2705 -0.0000 1.1740
v  -1.9844 -0.0000 1.6111
v  -1.6111 -0.0000 1.9844
v  -1.3987 -0.0000 2.1394
v  -0.9409 -0.0000 2.3766
v  -0.7033 -0.0000 2.4574
v  -0.2297 -0.0000 2.5457
v  -2.5457 -0.0000 0.2297
v  -2.5134 -0.0000 0.4651
v  -2.4574 -0.0000 0.7033
v  -2.3766 -0.0000 0.9409
v  -2.1394 -0.0000 1.3987
v  -1.8074 -0.0000 1.8074
v  -1.1740 -0.0000 2.2705
v  -0.4651 -0.0000 2.5134
v  -0.0000 -0.0000 2.5561
v  -1.5827 -2.7638 0.0000
v  -12.0000 -2.7638 -0.0000
v  -12.0000 -2.6743 -0.4839
v  -12.0000 -2.6761 -0.4741
v  -11.9900 -2.6743 -0.4839
v  -12.0000 -2.7638 -0.4921
v  -11.9900 -2.7638 -0.4921
v  -12.0000 -2.7638 -0.4821
v  -12.0000 -2.5827 -0.4576
v  -12.0000 -2.5863 -0.4483
v  -11.9900 -2.5827 -0.4576
v  -12.0000 -2.4945 -0.4119
v  -12.0000 -2.5000 -0.4035
v  -11.9900 -2.4945 -0.4119
v  -12.0000 -2.4158 -0.3480
v  -12.0000 -2.4229 -0.3409
v  -11.9900 -2.4158 -0.3480
v  -12.0000 -2.3519 -0.2693
v  -12.0000 -2.3603 -0.2638
v  -11.9900 -2.3519 -0.2693
v  -12.0000 -2.3062 -0.1811
v  -12.0000 -2.3155 -0.1775
v  -11.9900 -2.3062 -0.1811
v  -12.0000 -2.2799 -0.0895
v  -12.0000 -2.2897 -0.0877
v  -11.9900 -2.2799 -0.0895
v  -12.0000 -2.2717 -0.0000
v  -12.0000 -2.2817 -0.0000
v  -11.9900 -2.2717 -0.0000
v  -12.0000 -2.2799 0.0895
v  -12.0000 -2.2897 0.0877
v  -11.9900 -2.2799 0.0895
v  -12.0000 -2.3062 0.1811
v  -12.0000 -2.3155 0.1775
v  -11.9900 -2.3062 0.1811
v  -12.0000 -2.3519 0.2693
v  -12.0000 -2.3603 0.2638
v  -11.9900 -2.3519 0.2693
v  -12.0000 -2.4158 0.3480
v  -12.0000 -2.4229 0.3409
v  -11.9900 -2.4158 0.3480
v  -12.0000 -2.4945 0.4119
v  -12.0000 -2.5000 0.4035
v  -11.9900 -2.4945 0.4119
v  -12.0000 -2.5827 0.4576
v  -12.0000 -2.5863 0.4483
v  -11.9900 -2.5827 0.4576
v  -12.0000 -2.6743 0.4839
v  -12.0000 -2.6761 0.4741
v  -11.9900 -2.6743 0.4839
v  -12.0000 -2.7638 0.4921
v  -12.0000 -2.7638 0.4821
v  -11.9900 -2.7638 0.4921
v  -12.0000 -2.8534 0.4839
v  -12.0000 -2.8515 0.4741
v  -11.9900 -2.8534 0.4839
v  -12.0000 -2.9450 0.4576
v  -12.0000 -2.9413 0.4483
v  -11.9900 -2.9450 0.4576
v  -12.0000 -3.0331 0.4119
v  -12.0000 -3.0276 0.4035
v  -11.9900 -3.0331 0.4119
v  -12.0000 -3.1118 0.3480
v  -12.0000 -3.1047 0.3409
v  -11.9900 -3.1118 0.3480
v  -12.0000 -3.1757 0.2693
v  -12.0000 -3.1673 0.2638
v  -11.9900 -3.1757 0.2693
v  -12.0000 -3.2214 0.1811
v  -12.0000 -3.2121 0.1775
v  -11.9900 -3.2214 0.1811
v  -12.0000 -3.2477 0.0895
v  -12.0000 -3.2379 0.0877
v  -11.9900 -3.2477 0.0895
v  -12.0000 -3.2559 -0.0000
v  -12.0000 -3.2459 -0.0000
v  -11.9900 -3.2559 -0.0000
v  -12.0000 -3.2477 -0.0895
v  -12.0000 -3.2379 -0.0877
v  -11.9900 -3.2477 -0.0895
v  -12.0000 -3.2214 -0.1811
v  -12.0000 -3.2121 -0.1775
v  -11.9900 -3.2214 -0.1811
v  -12.0000 -3.1757 -0.2693
v  -12.0000 -3.1673 -0.2638
v  -11.9900 -3.1757 -0.2693
v  -12.0000 -3.1118 -0.3480
v  -12.0000 -3.1047 -0.3409
v  -11.9900 -3.1118 -0.3480
v  -12.0000 -3.0331 -0.4119
v  -12.0000 -3.0276 -0.4035
v  -11.9900 -3.0331 -0.4119
v  -12.0000 -2.9450 -0.4576
v  -12.0000 -2.9413 -0.4483
v  -11.9900 -2.9450 -0.4576
v  -12.0000 -2.8534 -0.4839
v  -12.0000 -2.8515 -0.4741
v  -11.9900 -2.8534 -0.4839
v  -1.6024 -2.7638 -0.4921
v  -1.5988 -2.7638 -0.4886
v  -1.6074 -2.7638 -0.4921
v  -1.6024 -2.6743 -0.4839
v  -1.6074 -2.6743 -0.4839
v  -1.5988 -2.6749 -0.4804
v  -1.6024 -2.5827 -0.4576
v  -1.6074 -2.5827 -0.4576
v  -1.5988 -2.5840 -0.4543
v  -1.6024 -2.4945 -0.4119
v  -1.6074 -2.4945 -0.4119
v  -1.5988 -2.4964 -0.4089
v  -1.6024 -2.4158 -0.3480
v  -1.6074 -2.4158 -0.3480
v  -1.5988 -2.4183 -0.3455
v  -1.6024 -2.3519 -0.2693
v  -1.6074 -2.3519 -0.2693
v  -1.5988 -2.3549 -0.2674
v  -1.6024 -2.3062 -0.1811
v  -1.6074 -2.3062 -0.1811
v  -1.5988 -2.3095 -0.1798
v  -1.6024 -2.2799 -0.0895
v  -1.6074 -2.2799 -0.0895
v  -1.5988 -2.2834 -0.0889
v  -1.6024 -2.2717 0.0000
v  -1.6074 -2.2717 0.0000
v  -1.5988 -2.2752 0.0000
v  -1.6024 -2.2799 0.0895
v  -1.6074 -2.2799 0.0895
v  -1.5988 -2.2834 0.0889
v  -1.6024 -2.3062 0.1811
v  -1.6074 -2.3062 0.1811
v  -1.5988 -2.3095 0.1798
v  -1.6024 -2.3519 0.2693
v  -1.6074 -2.3519 0.2693
v  -1.5988 -2.3549 0.2674
v  -1.6024 -2.4158 0.3480
v  -1.6074 -2.4158 0.3480
v  -1.5988 -2.4183 0.3455
v  -1.6024 -2.4945 0.4119
v  -1.6074 -2.4945 0.4119
v  -1.5988 -2.4964 0.4089
v  -1.6024 -2.5827 0.4576
v  -1.6074 -2.5827 0.4576
v  -1.5988 -2.5840 0.4543
v  -1.6024 -2.6743 0.4839
v  -1.6074 -2.6743 0.4839
v  -1.5988 -2.6749 0.4804
v  -1.6024 -2.7638 0.4921
v  -1.6074 -2.7638 0.4921
v  -1.5988 -2.7638 0.4886
v  -1.6024 -2.8533 0.4839
v  -1.6074 -2.8533 0.4839
v  -1.5988 -2.8527 0.4804
v  -1.6024 -2.9449 0.4576
v  -1.6074 -2.9449 0.4576
v  -1.5988 -2.9436 0.4543
v  -1.6024 -3.0331 0.4119
v  -1.6074 -3.0331 0.4119
v  -1.5988 -3.0312 0.4090
v  -1.6024 -3.1118 0.3480
v  -1.6074 -3.1118 0.3480
v  -1.5988 -3.1093 0.3455
v  -1.6024 -3.1757 0.2693
v  -1.6074 -3.1757 0.2693
v  -1.5988 -3.1728 0.2674
v  -1.6024 -3.2214 0.1811
v  -1.6074 -3.2214 0.1811
v  -1.5988 -3.2181 0.1798
v  -1.6024 -3.2477 0.0895
v  -1.6074 -3.2477 0.0895
v  -1.5988 -3.2442 0.0889
v  -1.6024 -3.2559 0.0000
v  -1.6074 -3.2559 0.0000
v  -1.5988 -3.2524 0.0000
v  -1.6024 -3.2477 -0.0895
v  -1.6074 -3.2477 -0.0895
v  -1.5988 -3.2442 -0.0889
v  -1.6024 -3.2214 -0.1811
v  -1.6074 -3.2214 -0.1811
v  -1.5988 -3.2181 -0.1798
v  -1.6024 -3.1757 -0.2693
v  -1.6074 -3.1757 -0.2693
v  -1.5988 -3.1727 -0.2674
v  -1.6024 -3.1118 -0.3480
v  -1.6074 -3.1118 -0.3480
v  -1.5988 -3.1093 -0.3455
v  -1.6024 -3.0331 -0.4119
v  -1.6074 -3.0331 -0.4119
v  -1.5988 -3.0312 -0.4089
v  -1.6024 -2.9449 -0.4576
v  -1.6074 -2.9449 -0.4576
v  -1.5988 -2.9436 -0.4543
v  -1.6024 -2.8533 -0.4839
v  -1.6074 -2.8533 -0.4839
v  -1.5988 -2.8527 -0.4804
v  -1.5827 -2.2914 0.0000
v  -1.5827 -2.2964 0.0000
v  -1.5862 -2.2878 0.0000
v  -1.5827 -2.2992 0.0860
v  -1.5862 -2.2958 0.0866
v  -1.5827 -2.3042 0.0851
v  -1.5827 -2.3245 0.1739
v  -1.5862 -2.3212 0.1752
v  -1.5827 -2.3292 0.1721
v  -1.5827 -2.3684 0.2585
v  -1.5862 -2.3654 0.2605
v  -1.5827 -2.3726 0.2558
v  -1.5827 -2.4297 0.3341
v  -1.5862 -2.4272 0.3366
v  -1.5827 -2.4333 0.3305
v  -1.5827 -2.5053 0.3954
v  -1.5862 -2.5033 0.3984
v  -1.5827 -2.5080 0.3912
v  -1.5827 -2.5899 0.4393
v  -1.5862 -2.5886 0.4426
v  -1.5827 -2.5917 0.4346
v  -1.5827 -2.6778 0.4646
v  -1.5862 -2.6772 0.4680
v  -1.5827 -2.6787 0.4596
v  -1.5827 -2.7638 0.4724
v  -1.5862 -2.7638 0.4760
v  -1.5827 -2.7638 0.4674
v  -1.5827 -2.8498 0.4646
v  -1.5862 -2.8504 0.4680
v  -1.5827 -2.8489 0.4596
v  -1.5827 -2.9377 0.4393
v  -1.5862 -2.9390 0.4426
v  -1.5827 -2.9359 0.4346
v  -1.5827 -3.0223 0.3954
v  -1.5862 -3.0243 0.3984
v  -1.5827 -3.0196 0.3912
v  -1.5827 -3.0979 0.3341
v  -1.5862 -3.1004 0.3366
v  -1.5827 -3.0943 0.3305
v  -1.5827 -3.1592 0.2585
v  -1.5862 -3.1622 0.2605
v  -1.5827 -3.1550 0.2558
v  -1.5827 -3.2031 0.1739
v  -1.5862 -3.2064 0.1752
v  -1.5827 -3.1984 0.1721
v  -1.5827 -3.2284 0.0860
v  -1.5862 -3.2318 0.0866
v  -1.5827 -3.2234 0.0851
v  -1.5827 -3.2362 0.0000
v  -1.5862 -3.2398 0.0000
v  -1.5827 -3.2312 0.0000
v  -1.5827 -3.2284 -0.0860
v  -1.5862 -3.2318 -0.0866
v  -1.5827 -3.2234 -0.0851
v  -1.5827 -3.2031 -0.1739
v  -1.5862 -3.2064 -0.1752
v  -1.5827 -3.1984 -0.1721
v  -1.5827 -3.1592 -0.2585
v  -1.5862 -3.1622 -0.2605
v  -1.5827 -3.1550 -0.2558
v  -1.5827 -3.0979 -0.3341
v  -1.5862 -3.1004 -0.3366
v  -1.5827 -3.0943 -0.3305
v  -1.5827 -3.0223 -0.3954
v  -1.5862 -3.0243 -0.3984
v  -1.5827 -3.0196 -0.3912
v  -1.5827 -2.9377 -0.4393
v  -1.5862 -2.9390 -0.4426
v  -1.5827 -2.9359 -0.4346
v  -1.5827 -2.8498 -0.4646
v  -1.5862 -2.8504 -0.4680
v  -1.5827 -2.8489 -0.4596
v  -1.5827 -2.7638 -0.4724
v  -1.5862 -2.7638 -0.4760
v  -1.5827 -2.7638 -0.4674
v  -1.5827 -2.6778 -0.4646
v  -1.5862 -2.6772 -0.4680
v  -1.5827 -2.6787 -0.4596
v  -1.5827 -2.5899 -0.4393
v  -1.5862 -2.5886 -0.4426
v  -1.5827 -2.5917 -0.4346
v  -1.5827 -2.5053 -0.3954
v  -1.5862 -2.5033 -0.3984
v  -1.5827 -2.5080 -0.3912
v  -1.5827 -2.4297 -0.3341
v  -1.5862 -2.4272 -0.3366
v  -1.5827 -2.4333 -0.3305
v  -1.5827 -2.3684 -0.2585
v  -1.5862 -2.3654 -0.2605
v  -1.5827 -2.3726 -0.2558
v  -1.5827 -2.3245 -0.1739
v  -1.5862 -2.3212 -0.1752
v  -1.5827 -2.3292 -0.1721
v  -1.5827 -2.2992 -0.0860
v  -1.5862 -2.2958 -0.0866
v  -1.5827 -2.3042 -0.0851
v  2.5260 -0.0236 -0.4674
v  2.4697 -0.0236 -0.7069
v  2.3885 -0.0236 -0.9456
v  2.2819 -0.0236 -1.1799
v  2.1502 -0.0236 -1.4057
v  1.9944 -0.0236 -1.6192
v  1.8165 -0.0236 -1.8165
v  1.6192 -0.0236 -1.9944
v  1.4057 -0.0236 -2.1502
v  1.1799 -0.0236 -2.2819
v  0.9456 -0.0236 -2.3885
v  0.7069 -0.0236 -2.4697
v  0.4674 -0.0236 -2.5260
v  0.2308 -0.0236 -2.5585
v  2.5585 -0.0236 -0.2308
v  2.5688 -0.0236 0.0000
v  2.5585 -0.0236 0.2308
v  2.5260 -0.0236 0.4674
v  2.4697 -0.0236 0.7069
v  2.3885 -0.0236 0.9456
v  2.2819 -0.0236 1.1799
v  2.1501 -0.0236 1.4057
v  1.9944 -0.0236 1.6192
v  1.8165 -0.0236 1.8165
v  1.6192 -0.0236 1.9944
v  1.4057 -0.0236 2.1502
v  1.1799 -0.0236 2.2819
v  0.9456 -0.0236 2.3885
v  0.7069 -0.0236 2.4697
v  0.4674 -0.0236 2.5260
v  0.2308 -0.0236 2.5585
v  -2.5585 -0.0236 -0.2308
v  -2.5260 -0.0236 -0.4674
v  -2.4697 -0.0236 -0.7069
v  -2.3885 -0.0236 -0.9456
v  -2.2819 -0.0236 -1.1799
v  -2.1501 -0.0236 -1.4057
v  -1.9944 -0.0236 -1.6192
v  -1.8165 -0.0236 -1.8165
v  -1.6192 -0.0236 -1.9944
v  -1.4057 -0.0236 -2.1502
v  -1.1799 -0.0236 -2.2819
v  -0.9456 -0.0236 -2.3885
v  -0.7069 -0.0236 -2.4697
v  -0.4674 -0.0236 -2.5260
v  -0.2308 -0.0236 -2.5585
v  0.0000 -0.0236 -2.5689
v  -2.5260 -0.0236 0.4674
v  -2.4697 -0.0236 0.7069
v  -2.3885 -0.0236 0.9456
v  -2.2819 -0.0236 1.1799
v  -2.1502 -0.0236 1.4057
v  -1.9944 -0.0236 1.6192
v  -1.8165 -0.0236 1.8165
v  -1.6192 -0.0236 1.9944
v  -1.4057 -0.0236 2.1502
v  -1.1799 -0.0236 2.2819
v  -0.9456 -0.0236 2.3885
v  -0.7069 -0.0236 2.4697
v  -0.4674 -0.0236 2.5260
v  -0.2308 -0.0236 2.5585
v  -0.0000 -0.0236 2.5689
v  -2.5585 -0.0236 0.2308
v  -2.5688 -0.0236 -0.0000
v  -2.5603 -0.2305 -0.0000
v  -2.5596 -0.2432 -0.0609
v  -2.5579 -0.2792 -0.1122
v  -2.5562 -0.3322 -0.1459
v  -2.5555 -0.3937 -0.1575
v  -2.5562 -0.4552 -0.1459
v  -2.5579 -0.5082 -0.1122
v  -2.5596 -0.5443 -0.0609
v  -2.5603 -0.5570 -0.0000
v  -2.5596 -0.2432 0.0609
v  -2.5579 -0.2792 0.1122
v  -2.5562 -0.3322 0.1459
v  -2.5555 -0.3937 0.1575
v  -2.5562 -0.4552 0.1459
v  -2.5579 -0.5082 0.1122
v  -2.5596 -0.5443 0.0609
v  2.5603 -0.2305 0.0000
v  2.5596 -0.2432 -0.0609
v  2.5579 -0.2792 -0.1122
v  2.5562 -0.3322 -0.1459
v  2.5555 -0.3937 -0.1575
v  2.5562 -0.4552 -0.1459
v  2.5579 -0.5082 -0.1122
v  2.5596 -0.5443 -0.0609
v  2.5603 -0.5570 0.0000
v  2.5596 -0.2432 0.0609
v  2.5579 -0.2792 0.1122
v  2.5562 -0.3322 0.1459
v  2.5555 -0.3937 0.1575
v  2.5562 -0.4552 0.1459
v  2.5579 -0.5082 0.1122
v  2.5596 -0.5443 0.0609
v  2.5071 -0.3819 0.0252
v  2.5071 -0.4056 -0.0252
v  2.5071 -0.3922 -0.0622
v  2.5661 -0.3922 -0.0622
v  2.5071 -0.3551 -0.0488
v  2.5661 -0.5222 0.0375
v  2.5661 -0.3953 0.0622
v  2.5661 -0.4092 0.1330
v  2.5661 -0.3830 0.1334
v  2.5661 -0.3563 0.1285
v  2.5661 -0.3307 0.1181
v  2.5661 -0.3079 0.1027
v  2.5661 -0.2659 0.0398
v  2.5661 -0.2608 0.0155
v  2.5661 -0.3551 -0.0488
v  2.5661 -0.3539 -0.1278
v  2.5661 -0.4312 -0.1285
v  2.5661 -0.4568 -0.1181
v  2.5661 -0.4796 -0.1027
v  2.5661 -0.4983 -0.0835
v  2.5661 -0.5123 -0.0621
v  2.5661 -0.5267 -0.0155
v  2.5661 -0.5272 0.0107
v  2.5661 -0.5118 0.0631
v  2.5464 -0.2659 0.0398
v  2.5661 -0.2752 0.0622
v  2.5464 -0.2752 0.0622
v  2.5661 -0.2892 0.0836
v  2.5464 -0.2892 0.0836
v  2.5464 -0.3079 0.1027
v  2.5464 -0.3307 0.1181
v  2.5464 -0.3563 0.1285
v  2.5464 -0.3830 0.1334
v  2.5464 -0.4092 0.1330
v  2.5661 -0.4335 0.1278
v  2.5465 -0.4335 0.1278
v  2.5661 -0.4559 0.1186
v  2.5465 -0.4559 0.1186
v  2.5661 -0.4773 0.1046
v  2.5464 -0.4773 0.1046
v  2.5661 -0.4964 0.0859
v  2.5464 -0.4964 0.0859
v  2.5464 -0.5118 0.0631
v  2.5464 -0.5222 0.0375
v  2.5464 -0.5272 0.0107
v  2.5464 -0.5267 -0.0155
v  2.5661 -0.5215 -0.0398
v  2.5464 -0.5215 -0.0398
v  2.5464 -0.5123 -0.0621
v  2.5464 -0.4983 -0.0835
v  2.5464 -0.4796 -0.1027
v  2.5464 -0.4568 -0.1181
v  2.5464 -0.4312 -0.1285
v  2.5661 -0.4045 -0.1334
v  2.5464 -0.4045 -0.1334
v  2.5661 -0.3782 -0.1329
v  2.5464 -0.3782 -0.1329
v  2.5464 -0.3539 -0.1278
v  2.5661 -0.3316 -0.1185
v  2.5464 -0.3316 -0.1185
v  2.5661 -0.3102 -0.1046
v  2.5464 -0.3102 -0.1046
v  2.5661 -0.2910 -0.0858
v  2.5464 -0.2910 -0.0858
v  2.5661 -0.2757 -0.0630
v  2.5464 -0.2757 -0.0630
v  2.5661 -0.2652 -0.0375
v  2.5464 -0.2652 -0.0375
v  2.5661 -0.2603 -0.0107
v  2.5464 -0.2603 -0.0107
v  2.5464 -0.2608 0.0155
v  2.5071 -0.3685 -0.0118
v  2.5661 -0.3685 -0.0118
v  2.5071 -0.3315 0.0016
v  2.5661 -0.3315 0.0016
v  2.5661 -0.3449 0.0386
v  2.5071 -0.3449 0.0386
v  2.5661 -0.3819 0.0252
v  2.5071 -0.3953 0.0622
v  2.5071 -0.4323 0.0489
v  2.5661 -0.4323 0.0489
v  2.5071 -0.4189 0.0118
v  2.5071 -0.4560 -0.0015
v  2.5661 -0.4189 0.0118
v  2.5661 -0.4560 -0.0015
v  2.5071 -0.4426 -0.0386
v  2.5661 -0.4056 -0.0252
v  2.5661 -0.4426 -0.0386
v  2.5001 -0.3291 0.0202
v  2.5001 -0.3337 0.0315
v  2.5001 -0.3408 0.0423
v  2.5001 -0.3503 0.0520
v  2.5001 -0.3618 0.0598
v  2.5001 -0.3748 0.0650
v  2.5001 -0.3883 0.0675
v  2.5001 -0.4016 0.0673
v  2.5001 -0.4139 0.0647
v  2.5001 -0.4252 0.0600
v  2.5001 -0.4360 0.0529
v  2.5001 -0.4457 0.0435
v  2.5001 -0.4535 0.0319
v  2.5001 -0.4587 0.0190
v  2.5001 -0.4612 0.0054
v  2.5001 -0.4610 -0.0078
v  2.5001 -0.4584 -0.0201
v  2.5001 -0.4537 -0.0314
v  2.5001 -0.4466 -0.0423
v  2.5001 -0.4372 -0.0520
v  2.5001 -0.4256 -0.0597
v  2.5001 -0.4127 -0.0650
v  2.5001 -0.3992 -0.0675
v  2.5001 -0.3859 -0.0673
v  2.5001 -0.3736 -0.0646
v  2.5001 -0.3623 -0.0600
v  2.5001 -0.3514 -0.0529
v  2.5001 -0.3418 -0.0434
v  2.5001 -0.3340 -0.0319
v  2.5001 -0.3287 -0.0189
v  2.5001 -0.3262 -0.0054
v  2.5001 -0.3264 0.0079
v  2.5661 -0.3475 -0.0524
v  2.5661 -0.3958 -0.0699
v  2.5661 -0.4092 -0.0329
v  2.5661 -0.4462 -0.0462
v  2.5661 -0.4636 0.0021
v  2.5661 -0.4266 0.0154
v  2.5661 -0.4400 0.0525
v  2.5661 -0.3917 0.0699
v  2.5661 -0.3783 0.0329
v  2.5661 -0.3413 0.0463
v  2.5661 -0.3238 -0.0020
v  2.5661 -0.3608 -0.0154
v  2.5661 -0.5164 0.0358
v  2.5661 -0.5211 0.0103
v  2.5661 -0.5207 -0.0148
v  2.5661 -0.5158 -0.0380
v  2.5661 -0.5070 -0.0593
v  2.5661 -0.4936 -0.0798
v  2.5661 -0.4757 -0.0981
v  2.5661 -0.4539 -0.1127
v  2.5661 -0.4295 -0.1227
v  2.5661 -0.4040 -0.1274
v  2.5661 -0.3789 -0.1270
v  2.5661 -0.3557 -0.1220
v  2.5661 -0.3344 -0.1132
v  2.5661 -0.3139 -0.0999
v  2.5661 -0.2957 -0.0820
v  2.5661 -0.2810 -0.0602
v  2.5661 -0.2710 -0.0358
v  2.5661 -0.2663 -0.0102
v  2.5661 -0.2668 0.0148
v  2.5661 -0.2717 0.0381
v  2.5661 -0.2805 0.0593
v  2.5661 -0.2939 0.0798
v  2.5661 -0.3117 0.0981
v  2.5661 -0.3335 0.1128
v  2.5661 -0.3579 0.1227
v  2.5661 -0.3835 0.1274
v  2.5661 -0.4085 0.1270
v  2.5661 -0.4317 0.1220
v  2.5661 -0.4530 0.1132
v  2.5661 -0.4735 0.0999
v  2.5661 -0.4918 0.0820
v  2.5661 -0.5065 0.0602
v  2.5615 -0.2659 0.0398
v  2.5615 -0.2752 0.0622
v  2.5615 -0.2892 0.0836
v  2.5615 -0.3079 0.1027
v  2.5615 -0.3307 0.1181
v  2.5615 -0.3563 0.1285
v  2.5615 -0.3830 0.1334
v  2.5615 -0.4092 0.1330
v  2.5615 -0.4335 0.1278
v  2.5615 -0.4559 0.1186
v  2.5615 -0.4773 0.1046
v  2.5615 -0.4964 0.0859
v  2.5615 -0.5118 0.0631
v  2.5615 -0.5222 0.0375
v  2.5615 -0.5272 0.0107
v  2.5615 -0.5267 -0.0155
v  2.5615 -0.5215 -0.0398
v  2.5615 -0.5123 -0.0621
v  2.5615 -0.4983 -0.0835
v  2.5615 -0.4796 -0.1027
v  2.5615 -0.4568 -0.1181
v  2.5615 -0.4312 -0.1285
v  2.5615 -0.4045 -0.1334
v  2.5615 -0.3782 -0.1329
v  2.5615 -0.3539 -0.1278
v  2.5615 -0.3316 -0.1185
v  2.5615 -0.3102 -0.1046
v  2.5615 -0.2910 -0.0858
v  2.5615 -0.2757 -0.0630
v  2.5615 -0.2652 -0.0375
v  2.5615 -0.2603 -0.0107
v  2.5615 -0.2608 0.0155
v  2.5614 -0.3922 -0.0622
v  2.5614 -0.3551 -0.0488
v  2.5614 -0.3685 -0.0118
v  2.5614 -0.3315 0.0016
v  2.5614 -0.3449 0.0386
v  2.5614 -0.3819 0.0252
v  2.5614 -0.3953 0.0622
v  2.5614 -0.4323 0.0489
v  2.5614 -0.4189 0.0118
v  2.5614 -0.4560 -0.0015
v  2.5614 -0.4426 -0.0386
v  2.5614 -0.4056 -0.0252
v  2.5114 -0.3922 -0.0622
v  2.5114 -0.3685 -0.0118
v  2.5114 -0.3315 0.0016
v  2.5114 -0.4323 0.0489
v  2.5114 -0.4189 0.0118
v  2.5114 -0.4426 -0.0386
v  2.5114 -0.3551 -0.0488
v  2.5114 -0.3449 0.0386
v  2.5114 -0.3819 0.0252
v  2.5114 -0.3953 0.0622
v  2.5114 -0.4560 -0.0015
v  2.5114 -0.4056 -0.0252
v  -2.5071 -0.4055 0.0253
v  -2.5071 -0.3920 0.0622
v  -2.5114 -0.3920 0.0622
v  -2.5114 -0.4055 0.0253
v  -2.5071 -0.3954 -0.0622
v  -2.5071 -0.3820 -0.0252
v  -2.5071 -0.4190 -0.0117
v  -2.5071 -0.4324 -0.0487
v  -2.5071 -0.3315 -0.0017
v  -2.5071 -0.3685 0.0118
v  -2.5071 -0.3450 -0.0387
v  -2.5071 -0.3550 0.0488
v  -2.5114 -0.4324 -0.0487
v  -2.5114 -0.3954 -0.0622
v  -2.5114 -0.4190 -0.0117
v  -2.5661 -0.3956 0.0699
v  -2.5661 -0.4461 0.0464
v  -2.5661 -0.4091 0.0329
v  -2.5661 -0.4636 -0.0018
v  -2.5661 -0.4401 -0.0523
v  -2.5661 -0.4267 -0.0153
v  -2.5661 -0.3919 -0.0699
v  -2.5661 -0.3414 -0.0464
v  -2.5661 -0.3784 -0.0329
v  -2.5661 -0.3238 0.0019
v  -2.5661 -0.3473 0.0523
v  -2.5661 -0.3608 0.0154
v  -2.5464 -0.2629 -0.0283
v  -2.5615 -0.2629 -0.0283
v  -2.5615 -0.2701 -0.0514
v  -2.5464 -0.2701 -0.0514
v  -2.5464 -0.2599 -0.0029
v  -2.5615 -0.2599 -0.0029
v  -2.5464 -0.2620 0.0238
v  -2.5615 -0.2620 0.0238
v  -2.5464 -0.2696 0.0502
v  -2.5615 -0.2696 0.0502
v  -2.5464 -0.2826 0.0746
v  -2.5615 -0.2826 0.0746
v  -2.5464 -0.2999 0.0955
v  -2.5615 -0.2999 0.0955
v  -2.5464 -0.3204 0.1120
v  -2.5615 -0.3204 0.1120
v  -2.5465 -0.3423 0.1236
v  -2.5615 -0.3423 0.1236
v  -2.5465 -0.3654 0.1308
v  -2.5615 -0.3654 0.1308
v  -2.5464 -0.3908 0.1338
v  -2.5615 -0.3908 0.1338
v  -2.5464 -0.4175 0.1318
v  -2.5615 -0.4175 0.1317
v  -2.5464 -0.4439 0.1241
v  -2.5615 -0.4439 0.1241
v  -2.5464 -0.4683 0.1112
v  -2.5615 -0.4683 0.1112
v  -2.5661 -0.4683 0.1112
v  -2.5615 -0.4892 0.0938
v  -2.5661 -0.4892 0.0938
v  -2.5464 -0.4892 0.0938
v  -2.5464 -0.5057 0.0734
v  -2.5615 -0.5057 0.0734
v  -2.5464 -0.5173 0.0514
v  -2.5615 -0.5173 0.0514
v  -2.5464 -0.5245 0.0284
v  -2.5615 -0.5245 0.0284
v  -2.5464 -0.5276 0.0029
v  -2.5615 -0.5276 0.0029
v  -2.5464 -0.5255 -0.0237
v  -2.5615 -0.5255 -0.0237
v  -2.5464 -0.5178 -0.0501
v  -2.5615 -0.5178 -0.0501
v  -2.5464 -0.5049 -0.0746
v  -2.5615 -0.5049 -0.0746
v  -2.5464 -0.4875 -0.0955
v  -2.5615 -0.4875 -0.0955
v  -2.5464 -0.4671 -0.1119
v  -2.5615 -0.4671 -0.1119
v  -2.5464 -0.4451 -0.1236
v  -2.5615 -0.4451 -0.1236
v  -2.5464 -0.4221 -0.1308
v  -2.5615 -0.4221 -0.1308
v  -2.5464 -0.3967 -0.1338
v  -2.5615 -0.3967 -0.1338
v  -2.5464 -0.3700 -0.1317
v  -2.5615 -0.3700 -0.1317
v  -2.5464 -0.3436 -0.1241
v  -2.5615 -0.3436 -0.1241
v  -2.5464 -0.3191 -0.1111
v  -2.5615 -0.3191 -0.1111
v  -2.5464 -0.2982 -0.0938
v  -2.5615 -0.2982 -0.0938
v  -2.5464 -0.2818 -0.0733
v  -2.5615 -0.2818 -0.0733
v  -2.5114 -0.3820 -0.0252
v  -2.5114 -0.3450 -0.0387
v  -2.5114 -0.3315 -0.0017
v  -2.5114 -0.3685 0.0118
v  -2.5114 -0.3550 0.0488
v  -2.5071 -0.4425 0.0387
v  -2.5114 -0.4425 0.0387
v  -2.5071 -0.4559 0.0017
v  -2.5114 -0.4559 0.0017
v  -2.5001 -0.3312 -0.0260
v  -2.5001 -0.3275 -0.0143
v  -2.5001 -0.3260 -0.0015
v  -2.5001 -0.3271 0.0120
v  -2.5001 -0.3309 0.0254
v  -2.5001 -0.3375 0.0378
v  -2.5001 -0.3463 0.0483
v  -2.5001 -0.3566 0.0567
v  -2.5001 -0.3677 0.0626
v  -2.5001 -0.3794 0.0662
v  -2.5001 -0.3922 0.0677
v  -2.5001 -0.4057 0.0667
v  -2.5001 -0.4191 0.0628
v  -2.5001 -0.4315 0.0563
v  -2.5001 -0.4420 0.0475
v  -2.5001 -0.4504 0.0371
v  -2.5001 -0.4563 0.0260
v  -2.5001 -0.4599 0.0144
v  -2.5001 -0.4614 0.0015
v  -2.5001 -0.4604 -0.0120
v  -2.5001 -0.4565 -0.0254
v  -2.5001 -0.4500 -0.0377
v  -2.5001 -0.4412 -0.0483
v  -2.5001 -0.4308 -0.0566
v  -2.5001 -0.4197 -0.0625
v  -2.5001 -0.4081 -0.0662
v  -2.5001 -0.3952 -0.0677
v  -2.5001 -0.3817 -0.0666
v  -2.5001 -0.3683 -0.0628
v  -2.5001 -0.3560 -0.0562
v  -2.5001 -0.3454 -0.0474
v  -2.5001 -0.3371 -0.0371
v  -2.5661 -0.5118 0.0491
v  -2.5661 -0.5187 0.0271
v  -2.5661 -0.4428 -0.1180
v  -2.5661 -0.4208 -0.1249
v  -2.5661 -0.2757 -0.0491
v  -2.5661 -0.2688 -0.0271
v  -2.5661 -0.3447 0.1180
v  -2.5661 -0.3666 0.1249
v  -2.5661 -0.3237 0.1069
v  -2.5661 -0.2868 -0.0700
v  -2.5661 -0.4638 -0.1069
v  -2.5661 -0.5007 0.0701
v  -2.5661 -0.3042 0.0912
v  -2.5661 -0.2876 0.0712
v  -2.5661 -0.3909 0.1278
v  -2.5661 -0.4164 0.1258
v  -2.5661 -0.4849 0.0896
v  -2.5661 -0.4649 0.1062
v  -2.5661 -0.5215 0.0028
v  -2.5661 -0.5195 -0.0227
v  -2.5661 -0.4833 -0.0912
v  -2.5661 -0.4999 -0.0712
v  -2.5661 -0.3965 -0.1278
v  -2.5661 -0.3710 -0.1258
v  -2.5661 -0.3025 -0.0895
v  -2.5661 -0.3225 -0.1061
v  -2.5661 -0.2659 -0.0028
v  -2.5661 -0.2679 0.0227
v  -2.5661 -0.4416 0.1185
v  -2.5661 -0.5122 -0.0479
v  -2.5661 -0.3458 -0.1185
v  -2.5661 -0.2752 0.0479
v  -2.5661 -0.3954 -0.0622
v  -2.5661 -0.4324 -0.0487
v  -2.5661 -0.4190 -0.0117
v  -2.5661 -0.4559 0.0017
v  -2.5661 -0.4425 0.0387
v  -2.5661 -0.4055 0.0253
v  -2.5661 -0.3920 0.0622
v  -2.5661 -0.3550 0.0488
v  -2.5661 -0.3685 0.0118
v  -2.5661 -0.3315 -0.0017
v  -2.5661 -0.3450 -0.0387
v  -2.5661 -0.3820 -0.0252
v  -2.5661 -0.5057 0.0734
v  -2.5661 -0.5173 0.0514
v  -2.5661 -0.5245 0.0284
v  -2.5661 -0.5276 0.0029
v  -2.5661 -0.5255 -0.0237
v  -2.5661 -0.5178 -0.0501
v  -2.5661 -0.5049 -0.0746
v  -2.5661 -0.4875 -0.0955
v  -2.5661 -0.4671 -0.1119
v  -2.5661 -0.4451 -0.1236
v  -2.5661 -0.4221 -0.1308
v  -2.5661 -0.3967 -0.1338
v  -2.5661 -0.3700 -0.1317
v  -2.5661 -0.3436 -0.1241
v  -2.5661 -0.3191 -0.1111
v  -2.5661 -0.2982 -0.0938
v  -2.5661 -0.2818 -0.0733
v  -2.5661 -0.2701 -0.0514
v  -2.5661 -0.2629 -0.0283
v  -2.5661 -0.2599 -0.0029
v  -2.5661 -0.2620 0.0238
v  -2.5661 -0.2696 0.0502
v  -2.5661 -0.2826 0.0746
v  -2.5661 -0.2999 0.0955
v  -2.5661 -0.3204 0.1120
v  -2.5661 -0.3423 0.1236
v  -2.5661 -0.3654 0.1308
v  -2.5661 -0.3908 0.1338
v  -2.5661 -0.4175 0.1318
v  -2.5661 -0.4439 0.1241
v  -2.5614 -0.3920 0.0622
v  -2.5614 -0.4055 0.0253
v  -2.5614 -0.4324 -0.0487
v  -2.5614 -0.3954 -0.0622
v  -2.5614 -0.4190 -0.0117
v  -2.5614 -0.3820 -0.0252
v  -2.5614 -0.3450 -0.0387
v  -2.5614 -0.3315 -0.0017
v  -2.5614 -0.3685 0.0118
v  -2.5614 -0.3550 0.0488
v  -2.5614 -0.4425 0.0387
v  -2.5614 -0.4559 0.0017
# 3320 vertices

o 23464_SCLED
g 23464_SCLED
s 2
f 103 5 7 101 
f 106 11 5 103 
f 109 14 11 106 
f 112 17 14 109 
f 112 115 20 17 
f 118 23 20 115 
f 121 26 23 118 
f 124 29 26 121 
f 127 32 29 124 
f 130 35 32 127 
f 133 38 35 130 
f 136 41 38 133 
f 139 44 41 136 
f 139 142 47 44 
f 145 50 47 142 
f 145 148 53 50 
f 151 56 53 148 
f 154 59 56 151 
f 154 157 62 59 
f 160 65 62 157 
f 163 68 65 160 
f 166 71 68 163 
f 169 74 71 166 
f 172 77 74 169 
f 175 80 77 172 
f 178 83 80 175 
f 181 86 83 178 
f 184 89 86 181 
f 187 92 89 184 
f 190 95 92 187 
f 193 98 95 190 
f 101 7 98 193 
s 1
f 199 128 125 197 
f 202 131 128 199 
f 205 134 131 202 
f 208 137 134 205 
f 208 211 140 137 
f 214 143 140 211 
f 217 146 143 214 
f 217 220 149 146 
f 223 152 149 220 
f 226 155 152 223 
f 229 158 155 226 
f 232 161 158 229 
f 235 164 161 232 
f 238 167 164 235 
f 241 170 167 238 
f 244 173 170 241 
f 247 176 173 244 
f 250 179 176 247 
f 253 182 179 250 
f 256 185 182 253 
f 259 188 185 256 
f 262 191 188 259 
f 265 194 191 262 
f 268 100 194 265 
f 271 104 100 268 
f 274 107 104 271 
f 277 110 107 274 
f 280 113 110 277 
f 283 116 113 280 
f 286 119 116 283 
f 289 122 119 286 
f 197 125 122 289 
s off
f 1 230 227 
f 1 233 230 
f 1 236 233 
f 1 239 236 
f 1 242 239 
f 1 245 242 
f 1 248 245 
f 1 251 248 
f 1 254 251 
f 1 257 254 
f 1 260 257 
f 1 263 260 
f 1 266 263 
f 1 269 266 
f 1 272 269 
f 1 275 272 
f 1 278 275 
f 1 281 278 
f 1 284 281 
f 1 287 284 
f 1 290 287 
f 1 196 290 
f 1 200 196 
f 1 203 200 
f 1 206 203 
f 1 209 206 
f 1 212 209 
f 1 215 212 
f 1 218 215 
f 1 221 218 
f 1 224 221 
f 1 227 224 
f 8 4 2 
f 4 10 2 
f 10 13 2 
f 13 16 2 
f 16 19 2 
f 19 22 2 
f 22 25 2 
f 25 28 2 
f 28 31 2 
f 31 34 2 
f 34 37 2 
f 37 40 2 
f 40 43 2 
f 43 46 2 
f 46 49 2 
f 49 52 2 
f 52 55 2 
f 55 58 2 
f 58 61 2 
f 61 64 2 
f 64 67 2 
f 67 70 2 
f 70 73 2 
f 73 76 2 
f 76 79 2 
f 79 82 2 
f 82 85 2 
f 85 88 2 
f 88 91 2 
f 91 94 2 
f 94 97 2 
f 97 8 2 
s 2
f 7 5 3 6 
f 5 11 9 3 
f 11 14 12 9 
f 14 17 15 12 
f 17 20 18 15 
f 20 23 21 18 
f 23 26 24 21 
f 26 29 27 24 
f 29 32 30 27 
f 32 35 33 30 
f 35 38 36 33 
f 38 41 39 36 
f 41 44 42 39 
f 44 47 45 42 
f 47 50 48 45 
f 50 53 51 48 
f 53 56 54 51 
f 56 59 57 54 
f 59 62 60 57 
f 62 65 63 60 
f 65 68 66 63 
f 68 71 69 66 
f 71 74 72 69 
f 74 77 75 72 
f 77 80 78 75 
f 80 83 81 78 
f 83 86 84 81 
f 86 89 87 84 
f 89 92 90 87 
f 92 95 93 90 
f 95 98 96 93 
f 98 7 6 96 
s off
f 4 8 6 3 
f 10 4 3 9 
f 13 10 9 12 
f 16 13 12 15 
f 19 16 15 18 
f 22 19 18 21 
f 25 22 21 24 
f 28 25 24 27 
f 31 28 27 30 
f 34 31 30 33 
f 37 34 33 36 
f 40 37 36 39 
f 43 40 39 42 
f 46 43 42 45 
f 49 46 45 48 
f 52 49 48 51 
f 55 52 51 54 
f 58 55 54 57 
f 61 58 57 60 
f 64 61 60 63 
f 67 64 63 66 
f 70 67 66 69 
f 73 70 69 72 
f 76 73 72 75 
f 79 76 75 78 
f 82 79 78 81 
f 85 82 81 84 
f 88 85 84 87 
f 91 88 87 90 
f 94 91 90 93 
f 97 94 93 96 
f 8 97 96 6 
s 2
f 103 101 99 102 
f 106 103 102 105 
f 109 106 105 108 
f 112 109 108 111 
f 115 112 111 114 
f 118 115 114 117 
f 121 118 117 120 
f 124 121 120 123 
f 127 124 123 126 
f 130 127 126 129 
f 133 130 129 132 
f 136 133 132 135 
f 139 136 135 138 
f 142 139 138 141 
f 145 142 141 144 
f 148 145 144 147 
f 151 148 147 150 
f 154 151 150 153 
f 157 154 153 156 
f 160 157 156 159 
f 163 160 159 162 
f 166 163 162 165 
f 169 166 165 168 
f 172 169 168 171 
f 175 172 171 174 
f 178 175 174 177 
f 181 178 177 180 
f 184 181 180 183 
f 187 184 183 186 
f 190 187 186 189 
f 193 190 189 192 
f 101 193 192 99 
s 1
f 125 128 126 123 
f 199 197 195 198 
f 128 131 129 126 
f 202 199 198 201 
f 131 134 132 129 
f 205 202 201 204 
f 134 137 135 132 
f 208 205 204 207 
f 211 208 207 210 
f 137 140 138 135 
f 140 143 141 138 
f 214 211 210 213 
f 143 146 144 141 
f 217 214 213 216 
f 220 217 216 219 
f 146 149 147 144 
f 149 152 150 147 
f 223 220 219 222 
f 152 155 153 150 
f 226 223 222 225 
f 155 158 156 153 
f 229 226 225 228 
f 158 161 159 156 
f 232 229 228 231 
f 161 164 162 159 
f 235 232 231 234 
f 164 167 165 162 
f 238 235 234 237 
f 167 170 168 165 
f 241 238 237 240 
f 170 173 171 168 
f 244 241 240 243 
f 173 176 174 171 
f 247 244 243 246 
f 176 179 177 174 
f 250 247 246 249 
f 179 182 180 177 
f 253 250 249 252 
f 182 185 183 180 
f 256 253 252 255 
f 185 188 186 183 
f 259 256 255 258 
f 188 191 189 186 
f 262 259 258 261 
f 191 194 192 189 
f 265 262 261 264 
f 194 100 99 192 
f 268 265 264 267 
f 100 104 102 99 
f 271 268 267 270 
f 104 107 105 102 
f 274 271 270 273 
f 107 110 108 105 
f 277 274 273 276 
f 110 113 111 108 
f 280 277 276 279 
f 113 116 114 111 
f 283 280 279 282 
f 116 119 117 114 
f 286 283 282 285 
f 119 122 120 117 
f 289 286 285 288 
f 122 125 123 120 
f 197 289 288 195 
s off
f 227 230 228 225 
f 230 233 231 228 
f 233 236 234 231 
f 236 239 237 234 
f 239 242 240 237 
f 242 245 243 240 
f 245 248 246 243 
f 248 251 249 246 
f 251 254 252 249 
f 254 257 255 252 
f 257 260 258 255 
f 260 263 261 258 
f 263 266 264 261 
f 266 269 267 264 
f 269 272 270 267 
f 272 275 273 270 
f 275 278 276 273 
f 278 281 279 276 
f 281 284 282 279 
f 284 287 285 282 
f 287 290 288 285 
f 290 196 195 288 
f 196 200 198 195 
f 200 203 201 198 
f 203 206 204 201 
f 206 209 207 204 
f 209 212 210 207 
f 212 215 213 210 
f 215 218 216 213 
f 218 221 219 216 
f 221 224 222 219 
f 224 227 225 222 
s 1
f 294 302 300 296 
f 308 296 300 306 
f 314 308 306 312 
f 320 314 312 318 
f 326 320 318 324 
f 332 326 324 330 
f 338 332 330 336 
f 344 338 336 342 
f 344 342 351 347 
f 356 347 351 354 
f 362 356 354 360 
f 368 362 360 366 
f 374 368 366 372 
f 380 374 372 378 
f 386 380 378 384 
f 392 386 384 390 
f 398 392 390 396 
f 404 398 396 402 
f 410 404 402 408 
f 410 408 417 413 
f 422 413 417 420 
f 428 422 420 426 
f 434 428 426 432 
f 440 434 432 438 
f 446 440 438 444 
f 452 446 444 450 
f 458 452 450 456 
f 464 458 456 462 
f 464 462 471 467 
f 476 467 471 474 
f 482 476 474 480 
f 482 480 302 294 
s 2
f 303 291 299 
f 299 291 305 
f 305 291 311 
f 311 291 317 
f 317 291 323 
f 323 291 329 
f 329 291 335 
f 335 291 341 
f 341 291 350 
f 350 291 353 
f 353 291 359 
f 359 291 365 
f 365 291 371 
f 371 291 377 
f 377 291 383 
f 383 291 389 
f 389 291 395 
f 395 291 401 
f 401 291 407 
f 407 291 416 
f 416 291 419 
f 419 291 425 
f 425 291 431 
f 431 291 437 
f 437 291 443 
f 443 291 449 
f 449 291 455 
f 455 291 461 
f 461 291 470 
f 470 291 473 
f 473 291 479 
f 479 291 303 
s 1
f 296 295 292 294 
f 302 301 298 300 
f 300 298 304 306 
f 308 307 295 296 
f 306 304 310 312 
f 314 313 307 308 
f 312 310 316 318 
f 320 319 313 314 
f 318 316 322 324 
f 326 325 319 320 
f 324 322 328 330 
f 332 331 325 326 
f 330 328 334 336 
f 338 337 331 332 
f 336 334 340 342 
f 344 343 337 338 
f 347 346 343 344 
f 342 340 349 351 
f 351 349 352 354 
f 356 355 346 347 
f 354 352 358 360 
f 362 361 355 356 
f 360 358 364 366 
f 368 367 361 362 
f 366 364 370 372 
f 374 373 367 368 
f 372 370 376 378 
f 380 379 373 374 
f 378 376 382 384 
f 386 385 379 380 
f 384 382 388 390 
f 392 391 385 386 
f 390 388 394 396 
f 398 397 391 392 
f 396 394 400 402 
f 404 403 397 398 
f 402 400 406 408 
f 410 409 403 404 
f 413 412 409 410 
f 408 406 415 417 
f 417 415 418 420 
f 422 421 412 413 
f 420 418 424 426 
f 428 427 421 422 
f 426 424 430 432 
f 434 433 427 428 
f 432 430 436 438 
f 440 439 433 434 
f 438 436 442 444 
f 446 445 439 440 
f 444 442 448 450 
f 452 451 445 446 
f 450 448 454 456 
f 458 457 451 452 
f 456 454 460 462 
f 464 463 457 458 
f 467 466 463 464 
f 462 460 469 471 
f 471 469 472 474 
f 476 475 466 467 
f 474 472 478 480 
f 482 481 475 476 
f 294 292 481 482 
f 480 478 301 302 
s 2
f 293 292 295 297 
f 483 481 292 293 
f 477 475 481 483 
f 468 466 475 477 
f 465 463 466 468 
f 459 457 463 465 
f 453 451 457 459 
f 447 445 451 453 
f 441 439 445 447 
f 435 433 439 441 
f 429 427 433 435 
f 423 421 427 429 
f 414 412 421 423 
f 411 409 412 414 
f 405 403 409 411 
f 399 397 403 405 
f 393 391 397 399 
f 387 385 391 393 
f 381 379 385 387 
f 375 373 379 381 
f 369 367 373 375 
f 363 361 367 369 
f 357 355 361 363 
f 348 346 355 357 
f 345 343 346 348 
f 339 337 343 345 
f 333 331 337 339 
f 327 325 331 333 
f 321 319 325 327 
f 315 313 319 321 
f 309 307 313 315 
f 297 295 307 309 
f 299 298 301 303 
f 305 304 298 299 
f 311 310 304 305 
f 317 316 310 311 
f 323 322 316 317 
f 329 328 322 323 
f 335 334 328 329 
f 341 340 334 335 
f 350 349 340 341 
f 353 352 349 350 
f 359 358 352 353 
f 365 364 358 359 
f 371 370 364 365 
f 377 376 370 371 
f 383 382 376 377 
f 389 388 382 383 
f 395 394 388 389 
f 401 400 394 395 
f 407 406 400 401 
f 416 415 406 407 
f 419 418 415 416 
f 425 424 418 419 
f 431 430 424 425 
f 437 436 430 431 
f 443 442 436 437 
f 449 448 442 443 
f 455 454 448 449 
f 461 460 454 455 
f 470 469 460 461 
f 473 472 469 470 
f 479 478 472 473 
f 303 301 478 479 
s 1
f 487 489 493 495 
f 501 499 493 489 
f 507 505 499 501 
f 513 511 505 507 
f 519 517 511 513 
f 525 523 517 519 
f 531 529 523 525 
f 537 535 529 531 
f 537 540 544 535 
f 549 547 544 540 
f 555 553 547 549 
f 561 559 553 555 
f 567 565 559 561 
f 573 571 565 567 
f 579 577 571 573 
f 585 583 577 579 
f 591 589 583 585 
f 597 595 589 591 
f 603 601 595 597 
f 603 606 610 601 
f 615 613 610 606 
f 621 619 613 615 
f 627 625 619 621 
f 633 631 625 627 
f 639 637 631 633 
f 645 643 637 639 
f 651 649 643 645 
f 657 655 649 651 
f 657 660 664 655 
f 669 667 664 660 
f 675 673 667 669 
f 675 487 495 673 
s 2
f 490 486 293 297 
f 486 676 483 293 
f 676 670 477 483 
f 670 661 468 477 
f 661 658 465 468 
f 658 652 459 465 
f 652 646 453 459 
f 646 640 447 453 
f 640 634 441 447 
f 634 628 435 441 
f 628 622 429 435 
f 622 616 423 429 
f 616 607 414 423 
f 607 604 411 414 
f 604 598 405 411 
f 598 592 399 405 
f 592 586 393 399 
f 586 580 387 393 
f 580 574 381 387 
f 574 568 375 381 
f 568 562 369 375 
f 562 556 363 369 
f 556 550 357 363 
f 550 541 348 357 
f 541 538 345 348 
f 538 532 339 345 
f 532 526 333 339 
f 526 520 327 333 
f 520 514 321 327 
f 514 508 315 321 
f 508 502 309 315 
f 502 490 297 309 
f 496 492 484 
f 492 498 484 
f 498 504 484 
f 504 510 484 
f 510 516 484 
f 516 522 484 
f 522 528 484 
f 528 534 484 
f 534 543 484 
f 543 546 484 
f 546 552 484 
f 552 558 484 
f 558 564 484 
f 564 570 484 
f 570 576 484 
f 576 582 484 
f 582 588 484 
f 588 594 484 
f 594 600 484 
f 600 609 484 
f 609 612 484 
f 612 618 484 
f 618 624 484 
f 624 630 484 
f 630 636 484 
f 636 642 484 
f 642 648 484 
f 648 654 484 
f 654 663 484 
f 663 666 484 
f 666 672 484 
f 672 496 484 
s 1
f 489 487 485 488 
f 495 493 491 494 
f 493 499 497 491 
f 501 489 488 500 
f 499 505 503 497 
f 507 501 500 506 
f 505 511 509 503 
f 513 507 506 512 
f 511 517 515 509 
f 519 513 512 518 
f 517 523 521 515 
f 525 519 518 524 
f 523 529 527 521 
f 531 525 524 530 
f 529 535 533 527 
f 537 531 530 536 
f 540 537 536 539 
f 535 544 542 533 
f 544 547 545 542 
f 549 540 539 548 
f 547 553 551 545 
f 555 549 548 554 
f 553 559 557 551 
f 561 555 554 560 
f 559 565 563 557 
f 567 561 560 566 
f 565 571 569 563 
f 573 567 566 572 
f 571 577 575 569 
f 579 573 572 578 
f 577 583 581 575 
f 585 579 578 584 
f 583 589 587 581 
f 591 585 584 590 
f 589 595 593 587 
f 597 591 590 596 
f 595 601 599 593 
f 603 597 596 602 
f 606 603 602 605 
f 601 610 608 599 
f 610 613 611 608 
f 615 606 605 614 
f 613 619 617 611 
f 621 615 614 620 
f 619 625 623 617 
f 627 621 620 626 
f 625 631 629 623 
f 633 627 626 632 
f 631 637 635 629 
f 639 633 632 638 
f 637 643 641 635 
f 645 639 638 644 
f 643 649 647 641 
f 651 645 644 650 
f 649 655 653 647 
f 657 651 650 656 
f 660 657 656 659 
f 655 664 662 653 
f 664 667 665 662 
f 669 660 659 668 
f 667 673 671 665 
f 675 669 668 674 
f 487 675 674 485 
f 673 495 494 671 
s 2
f 486 490 488 485 
f 676 486 485 674 
f 670 676 674 668 
f 661 670 668 659 
f 658 661 659 656 
f 652 658 656 650 
f 646 652 650 644 
f 640 646 644 638 
f 634 640 638 632 
f 628 634 632 626 
f 622 628 626 620 
f 616 622 620 614 
f 607 616 614 605 
f 604 607 605 602 
f 598 604 602 596 
f 592 598 596 590 
f 586 592 590 584 
f 580 586 584 578 
f 574 580 578 572 
f 568 574 572 566 
f 562 568 566 560 
f 556 562 560 554 
f 550 556 554 548 
f 541 550 548 539 
f 538 541 539 536 
f 532 538 536 530 
f 526 532 530 524 
f 520 526 524 518 
f 514 520 518 512 
f 508 514 512 506 
f 502 508 506 500 
f 490 502 500 488 
f 492 496 494 491 
f 498 492 491 497 
f 504 498 497 503 
f 510 504 503 509 
f 516 510 509 515 
f 522 516 515 521 
f 528 522 521 527 
f 534 528 527 533 
f 543 534 533 542 
f 546 543 542 545 
f 552 546 545 551 
f 558 552 551 557 
f 564 558 557 563 
f 570 564 563 569 
f 576 570 569 575 
f 582 576 575 581 
f 588 582 581 587 
f 594 588 587 593 
f 600 594 593 599 
f 609 600 599 608 
f 612 609 608 611 
f 618 612 611 617 
f 624 618 617 623 
f 630 624 623 629 
f 636 630 629 635 
f 642 636 635 641 
f 648 642 641 647 
f 654 648 647 653 
f 663 654 653 662 
f 666 663 662 665 
f 672 666 665 671 
f 496 672 671 494 
s 1
f 779 677 707 778 
f 780 678 677 779 
f 781 679 678 780 
f 782 680 679 781 
f 783 681 680 782 
f 784 682 681 783 
f 785 683 682 784 
f 786 684 683 785 
f 787 685 684 786 
f 788 686 685 787 
f 789 687 686 788 
f 790 688 687 789 
f 791 689 688 790 
f 792 690 689 791 
f 793 691 690 792 
f 749 692 693 748 
f 748 693 694 747 
f 747 694 695 746 
f 746 695 696 745 
f 745 696 697 744 
f 743 698 699 742 
f 744 697 698 743 
f 739 702 703 738 
f 742 699 700 741 
f 741 700 701 740 
f 740 701 702 739 
f 738 703 704 737 
f 737 704 705 736 
f 736 705 706 794 
f 794 706 691 793 
f 778 707 708 777 
f 777 708 709 776 
f 776 709 710 775 
f 775 710 711 774 
f 774 711 712 773 
f 773 712 713 772 
f 772 713 714 771 
f 771 714 715 770 
f 770 715 716 769 
f 769 716 717 768 
f 768 717 718 767 
f 767 718 719 766 
f 766 719 720 765 
f 765 720 721 764 
f 764 721 735 763 
f 750 722 692 749 
f 751 723 722 750 
f 753 725 724 752 
f 752 724 723 751 
f 754 726 725 753 
f 755 727 726 754 
f 756 728 727 755 
f 758 730 729 757 
f 759 731 730 758 
f 760 732 731 759 
f 757 729 728 756 
f 761 733 732 760 
f 762 734 733 761 
f 763 735 734 762 
f 1027 736 794 1026 
f 1028 737 736 1027 
f 1029 738 737 1028 
f 1030 739 738 1029 
f 1030 972 740 739 
f 973 741 740 972 
f 974 742 741 973 
f 975 743 742 974 
f 976 744 743 975 
f 977 745 744 976 
f 978 746 745 977 
f 979 747 746 978 
f 980 748 747 979 
f 981 749 748 980 
f 982 750 749 981 
f 983 751 750 982 
f 984 752 751 983 
f 985 753 752 984 
f 986 754 753 985 
f 987 755 754 986 
f 988 756 755 987 
f 989 757 756 988 
f 990 758 757 989 
f 991 759 758 990 
f 992 760 759 991 
f 993 761 760 992 
f 994 762 761 993 
f 995 763 762 994 
f 996 764 763 995 
f 997 765 764 996 
f 998 766 765 997 
f 999 767 766 998 
f 1000 768 767 999 
f 1001 769 768 1000 
f 1002 770 769 1001 
f 1003 771 770 1002 
f 1004 772 771 1003 
f 1005 773 772 1004 
f 1006 774 773 1005 
f 1007 775 774 1006 
f 1008 776 775 1007 
f 1009 777 776 1008 
f 1010 778 777 1009 
f 1011 779 778 1010 
f 1012 780 779 1011 
f 1013 781 780 1012 
f 1014 782 781 1013 
f 1015 783 782 1014 
f 1016 784 783 1015 
f 1017 785 784 1016 
f 1018 786 785 1017 
f 1019 787 786 1018 
f 1020 788 787 1019 
f 1021 789 788 1020 
f 1022 790 789 1021 
f 1023 791 790 1022 
f 1024 792 791 1023 
f 1025 793 792 1024 
f 1026 794 793 1025 
f 1089 1031 795 853 
f 1032 796 795 1031 
f 1033 797 796 1032 
f 1034 798 797 1033 
f 1035 799 798 1034 
f 1036 800 799 1035 
f 1037 801 800 1036 
f 1038 802 801 1037 
f 1039 803 802 1038 
f 1040 804 803 1039 
f 1041 805 804 1040 
f 1042 806 805 1041 
f 1043 807 806 1042 
f 1044 808 807 1043 
f 1045 809 808 1044 
f 1046 810 809 1045 
f 1047 811 810 1046 
f 1048 812 811 1047 
f 1049 813 812 1048 
f 1050 814 813 1049 
f 1051 815 814 1050 
f 1052 816 815 1051 
f 1053 817 816 1052 
f 1054 818 817 1053 
f 1055 819 818 1054 
f 1056 820 819 1055 
f 1057 821 820 1056 
f 1058 822 821 1057 
f 1059 823 822 1058 
f 1060 824 823 1059 
f 1061 825 824 1060 
f 1062 826 825 1061 
f 1063 827 826 1062 
f 1064 828 827 1063 
f 1065 829 828 1064 
f 1066 830 829 1065 
f 1067 831 830 1066 
f 1068 832 831 1067 
f 1069 833 832 1068 
f 1070 834 833 1069 
f 1071 835 834 1070 
f 1072 836 835 1071 
f 1073 837 836 1072 
f 1074 838 837 1073 
f 1075 839 838 1074 
f 1076 840 839 1075 
f 1077 841 840 1076 
f 1078 842 841 1077 
f 1079 843 842 1078 
f 1080 844 843 1079 
f 1081 845 844 1080 
f 1082 846 845 1081 
f 1083 847 846 1082 
f 1084 848 847 1083 
f 1085 849 848 1084 
f 1086 850 849 1085 
f 1087 851 850 1086 
f 1088 852 851 1087 
f 1089 853 852 1088 
f 971 913 854 912 
f 913 914 855 854 
f 914 915 856 855 
f 915 916 857 856 
f 916 917 858 857 
f 917 918 859 858 
f 918 919 860 859 
f 919 920 861 860 
f 920 921 862 861 
f 921 922 863 862 
f 922 923 864 863 
f 923 924 865 864 
f 924 925 866 865 
f 925 926 867 866 
f 926 927 868 867 
f 927 928 869 868 
f 928 929 870 869 
f 929 930 871 870 
f 930 931 872 871 
f 931 932 873 872 
f 932 933 874 873 
f 933 934 875 874 
f 934 935 876 875 
f 935 936 877 876 
f 936 937 878 877 
f 937 938 879 878 
f 938 939 880 879 
f 939 940 881 880 
f 940 941 882 881 
f 941 942 883 882 
f 942 943 884 883 
f 943 944 885 884 
f 944 945 886 885 
f 945 946 887 886 
f 946 947 888 887 
f 947 948 889 888 
f 948 949 890 889 
f 949 950 891 890 
f 950 951 892 891 
f 951 952 893 892 
f 952 953 894 893 
f 953 954 895 894 
f 954 955 896 895 
f 955 956 897 896 
f 956 957 898 897 
f 957 958 899 898 
f 958 959 900 899 
f 959 960 901 900 
f 960 961 902 901 
f 961 962 903 902 
f 962 963 904 903 
f 963 964 905 904 
f 964 965 906 905 
f 965 966 907 906 
f 966 967 908 907 
f 967 968 909 908 
f 968 969 910 909 
f 969 970 911 910 
f 970 971 912 911 
f 800 973 972 799 
f 801 974 973 800 
f 802 975 974 801 
f 803 976 975 802 
f 804 977 976 803 
f 805 978 977 804 
f 806 979 978 805 
f 807 980 979 806 
f 808 981 980 807 
f 809 982 981 808 
f 810 983 982 809 
f 811 984 983 810 
f 812 985 984 811 
f 813 986 985 812 
f 814 987 986 813 
f 815 988 987 814 
f 816 989 988 815 
f 817 990 989 816 
f 818 991 990 817 
f 819 992 991 818 
f 820 993 992 819 
f 821 994 993 820 
f 822 995 994 821 
f 823 996 995 822 
f 824 997 996 823 
f 825 998 997 824 
f 826 999 998 825 
f 827 1000 999 826 
f 828 1001 1000 827 
f 829 1002 1001 828 
f 830 1003 1002 829 
f 831 1004 1003 830 
f 832 1005 1004 831 
f 833 1006 1005 832 
f 834 1007 1006 833 
f 835 1008 1007 834 
f 836 1009 1008 835 
f 837 1010 1009 836 
f 838 1011 1010 837 
f 839 1012 1011 838 
f 840 1013 1012 839 
f 841 1014 1013 840 
f 842 1015 1014 841 
f 843 1016 1015 842 
f 844 1017 1016 843 
f 845 1018 1017 844 
f 846 1019 1018 845 
f 847 1020 1019 846 
f 848 1021 1020 847 
f 849 1022 1021 848 
f 850 1023 1022 849 
f 851 1024 1023 850 
f 852 1025 1024 851 
f 853 1026 1025 852 
f 795 1027 1026 853 
f 796 1028 1027 795 
f 797 1029 1028 796 
f 798 1030 1029 797 
f 799 972 1030 798 
f 855 1032 1031 854 
f 856 1033 1032 855 
f 857 1034 1033 856 
f 858 1035 1034 857 
f 859 1036 1035 858 
f 860 1037 1036 859 
f 861 1038 1037 860 
f 862 1039 1038 861 
f 863 1040 1039 862 
f 864 1041 1040 863 
f 865 1042 1041 864 
f 866 1043 1042 865 
f 867 1044 1043 866 
f 868 1045 1044 867 
f 869 1046 1045 868 
f 870 1047 1046 869 
f 871 1048 1047 870 
f 872 1049 1048 871 
f 873 1050 1049 872 
f 874 1051 1050 873 
f 875 1052 1051 874 
f 876 1053 1052 875 
f 877 1054 1053 876 
f 878 1055 1054 877 
f 879 1056 1055 878 
f 880 1057 1056 879 
f 881 1058 1057 880 
f 882 1059 1058 881 
f 883 1060 1059 882 
f 884 1061 1060 883 
f 885 1062 1061 884 
f 886 1063 1062 885 
f 887 1064 1063 886 
f 888 1065 1064 887 
f 889 1066 1065 888 
f 890 1067 1066 889 
f 891 1068 1067 890 
f 892 1069 1068 891 
f 893 1070 1069 892 
f 894 1071 1070 893 
f 895 1072 1071 894 
f 896 1073 1072 895 
f 897 1074 1073 896 
f 898 1075 1074 897 
f 899 1076 1075 898 
f 900 1077 1076 899 
f 901 1078 1077 900 
f 902 1079 1078 901 
f 903 1080 1079 902 
f 904 1081 1080 903 
f 905 1082 1081 904 
f 906 1083 1082 905 
f 907 1084 1083 906 
f 908 1085 1084 907 
f 909 1086 1085 908 
f 910 1087 1086 909 
f 911 1088 1087 910 
f 912 1089 1088 911 
f 854 1031 1089 912 
f 707 677 1090 1120 
f 677 678 1091 1090 
f 678 679 1092 1091 
f 679 680 1093 1092 
f 680 681 1094 1093 
f 681 682 1095 1094 
f 682 683 1096 1095 
f 683 684 1097 1096 
f 684 685 1098 1097 
f 685 686 1099 1098 
f 686 687 1100 1099 
f 687 688 1101 1100 
f 688 689 1102 1101 
f 689 690 1103 1102 
f 690 691 1104 1103 
f 693 692 1105 1106 
f 694 693 1106 1107 
f 695 694 1107 1108 
f 696 695 1108 1109 
f 697 696 1109 1110 
f 699 698 1111 1112 
f 698 697 1110 1111 
f 703 702 1115 1116 
f 700 699 1112 1113 
f 701 700 1113 1114 
f 702 701 1114 1115 
f 704 703 1116 1117 
f 705 704 1117 1118 
f 706 705 1118 1119 
f 691 706 1119 1104 
f 708 707 1120 1121 
f 709 708 1121 1122 
f 710 709 1122 1123 
f 711 710 1123 1124 
f 712 711 1124 1125 
f 713 712 1125 1126 
f 714 713 1126 1127 
f 715 714 1127 1128 
f 716 715 1128 1129 
f 717 716 1129 1130 
f 718 717 1130 1131 
f 719 718 1131 1132 
f 720 719 1132 1133 
f 721 720 1133 1134 
f 735 721 1134 1148 
f 692 722 1135 1105 
f 722 723 1136 1135 
f 724 725 1138 1137 
f 723 724 1137 1136 
f 725 726 1139 1138 
f 726 727 1140 1139 
f 727 728 1141 1140 
f 729 730 1143 1142 
f 730 731 1144 1143 
f 731 732 1145 1144 
f 728 729 1142 1141 
f 732 733 1146 1145 
f 733 734 1147 1146 
f 734 735 1148 1147 
f 1149 1172 2089 
f 1171 1149 2089 
f 1150 1171 2089 
f 1170 1150 2089 
f 1151 1170 2089 
f 1152 1151 2089 
f 1153 1152 2089 
f 1169 1153 2089 
f 1168 1169 2089 
f 1154 1168 2089 
f 1167 1154 2089 
f 1166 1167 2089 
f 1155 1166 2089 
f 1156 1155 2089 
f 1157 1156 2089 
f 1769 1157 2089 
f 1497 1188 1187 1189 
f 1158 1189 1187 1186 
f 1191 1158 1186 1185 
f 1192 1191 1185 1184 
f 1159 1192 1184 1183 
f 1193 1159 1183 1182 
f 1160 1193 1182 1181 
f 1161 1160 1181 1180 
f 1162 1161 1180 1179 
f 1196 1162 1179 1178 
f 1163 1196 1178 1177 
f 1164 1163 1177 1176 
f 1165 1164 1176 1175 
f 1199 1165 1175 1174 
f 1199 1174 1173 1201 
f 1201 1173 1786 1778 
f 1786 1173 1157 1769 
f 1173 1174 1156 1157 
f 1174 1175 1155 1156 
f 1175 1176 1166 1155 
f 1176 1177 1167 1166 
f 1177 1178 1154 1167 
f 1178 1179 1168 1154 
f 1179 1180 1169 1168 
f 1180 1181 1153 1169 
f 1181 1182 1152 1153 
f 1182 1183 1151 1152 
f 1183 1184 1170 1151 
f 1184 1185 1150 1170 
f 1185 1186 1171 1150 
f 1186 1187 1149 1171 
f 1187 1188 1172 1149 
f 1189 1190 1496 1497 
f 1190 1189 1158 1205 
f 1205 1158 1191 1206 
f 1206 1191 1192 1207 
f 1207 1192 1159 1194 
f 1194 1159 1193 1208 
f 1208 1193 1160 1209 
f 1209 1160 1161 1195 
f 1195 1161 1162 1210 
f 1210 1162 1196 1197 
f 1197 1196 1163 1198 
f 1198 1163 1164 1211 
f 1211 1164 1165 1200 
f 1200 1165 1199 1202 
f 1202 1199 1201 1203 
f 1203 1201 1778 1204 
f 1278 1216 1830 1825 
f 1277 1217 1216 1278 
f 1212 1220 1217 1277 
f 1276 1221 1220 1212 
f 1275 1228 1221 1276 
f 1274 1229 1228 1275 
f 1213 1232 1229 1274 
f 1272 1233 1232 1213 
f 1271 1240 1233 1272 
f 1269 1241 1240 1271 
f 1268 1244 1241 1269 
f 1214 1245 1244 1268 
f 1267 1252 1245 1214 
f 1265 1253 1252 1267 
f 1215 1256 1253 1265 
f 1262 1257 1256 1215 
f 1830 1216 1218 1831 
f 1216 1217 1219 1218 
f 1217 1220 1222 1219 
f 1220 1221 1223 1222 
f 1831 1218 1224 1832 
f 1218 1219 1225 1224 
f 1832 1224 1203 1204 
f 1224 1225 1202 1203 
f 1219 1222 1226 1225 
f 1222 1223 1227 1226 
f 1225 1226 1200 1202 
f 1226 1227 1211 1200 
f 1221 1228 1230 1223 
f 1228 1229 1231 1230 
f 1229 1232 1234 1231 
f 1232 1233 1235 1234 
f 1223 1230 1236 1227 
f 1230 1231 1237 1236 
f 1227 1236 1198 1211 
f 1236 1237 1197 1198 
f 1231 1234 1238 1237 
f 1234 1235 1239 1238 
f 1237 1238 1210 1197 
f 1238 1239 1195 1210 
f 1233 1240 1242 1235 
f 1240 1241 1243 1242 
f 1241 1244 1246 1243 
f 1244 1245 1247 1246 
f 1235 1242 1248 1239 
f 1242 1243 1249 1248 
f 1239 1248 1209 1195 
f 1248 1249 1208 1209 
f 1243 1246 1250 1249 
f 1246 1247 1251 1250 
f 1249 1250 1194 1208 
f 1250 1251 1207 1194 
f 1245 1252 1254 1247 
f 1252 1253 1255 1254 
f 1253 1256 1258 1255 
f 1256 1257 1567 1258 
f 1247 1254 1259 1251 
f 1254 1255 1260 1259 
f 1251 1259 1206 1207 
f 1259 1260 1205 1206 
f 1255 1258 1261 1260 
f 1258 1567 1571 1261 
f 1260 1261 1190 1205 
f 1261 1571 1496 1190 
f 1264 1263 1262 1215 
f 1266 1264 1215 1265 
f 1297 1266 1265 1267 
f 1295 1297 1267 1214 
f 1294 1295 1214 1268 
f 1270 1294 1268 1269 
f 1292 1270 1269 1271 
f 1291 1292 1271 1272 
f 1273 1291 1272 1213 
f 1288 1273 1213 1274 
f 1287 1288 1274 1275 
f 1286 1287 1275 1276 
f 1284 1286 1276 1212 
f 1283 1284 1212 1277 
f 1279 1283 1277 1278 
f 1899 1279 1278 1825 
f 1313 1298 1312 1314 
f 1313 1281 1280 1298 
f 1280 1263 1264 1298 
f 1282 1299 1917 1946 
f 1326 1300 1299 1282 
f 1324 1301 1300 1326 
f 1285 1302 1301 1324 
f 1322 1303 1302 1285 
f 1321 1304 1303 1322 
f 1289 1305 1304 1321 
f 1290 1306 1305 1289 
f 1319 1307 1306 1290 
f 1293 1308 1307 1319 
f 1317 1309 1308 1293 
f 1316 1310 1309 1317 
f 1296 1311 1310 1316 
f 1297 1311 1312 1266 
f 1314 1312 1311 1296 
f 1917 1299 1279 1899 
f 1299 1300 1283 1279 
f 1300 1301 1284 1283 
f 1301 1302 1286 1284 
f 1302 1303 1287 1286 
f 1303 1304 1288 1287 
f 1304 1305 1273 1288 
f 1305 1306 1291 1273 
f 1306 1307 1292 1291 
f 1307 1308 1270 1292 
f 1308 1309 1294 1270 
f 1309 1310 1295 1294 
f 1310 1311 1297 1295 
f 1312 1298 1264 1266 
f 1336 1633 1281 1313 
f 1315 1336 1313 1314 
f 1335 1315 1314 1296 
f 1334 1335 1296 1316 
f 1318 1334 1316 1317 
f 1333 1318 1317 1293 
f 1332 1333 1293 1319 
f 1331 1332 1319 1290 
f 1320 1331 1290 1289 
f 1330 1320 1289 1321 
f 1323 1330 1321 1322 
f 1329 1323 1322 1285 
f 1325 1329 1285 1324 
f 1328 1325 1324 1326 
f 1327 1328 1326 1282 
f 1947 1327 1282 1946 
f 1327 1351 1352 1328 
f 1328 1352 1357 1325 
f 1325 1357 1358 1329 
f 1329 1358 1363 1323 
f 1323 1363 1364 1330 
f 1330 1364 1369 1320 
f 1320 1369 1370 1331 
f 1331 1370 1375 1332 
f 1332 1375 1376 1333 
f 1318 1381 1382 1334 
f 1334 1382 1387 1335 
f 1335 1387 1388 1315 
f 1315 1388 1391 1336 
f 1336 1391 1644 1633 
f 1652 1644 1391 1390 
f 1337 1652 1390 1389 
f 1700 1337 1389 1338 
f 1338 1389 1385 1339 
f 1339 1385 1383 1340 
f 1340 1383 1379 1341 
f 1341 1379 1377 1399 
f 1399 1377 1373 1342 
f 1342 1373 1371 1343 
f 1343 1371 1367 1402 
f 1402 1367 1365 1403 
f 1403 1365 1361 1405 
f 1405 1361 1359 1344 
f 1344 1359 1355 1407 
f 1407 1355 1353 1409 
f 1409 1353 1349 1411 
f 1411 1349 1347 1412 
f 1412 1347 1967 1966 
f 1967 1347 1348 1345 
f 1347 1349 1350 1348 
f 1345 1348 1351 1346 
f 1348 1350 1352 1351 
f 1349 1353 1354 1350 
f 1353 1355 1356 1354 
f 1350 1354 1357 1352 
f 1354 1356 1358 1357 
f 1355 1359 1360 1356 
f 1359 1361 1362 1360 
f 1356 1360 1363 1358 
f 1360 1362 1364 1363 
f 1361 1365 1366 1362 
f 1365 1367 1368 1366 
f 1362 1366 1369 1364 
f 1366 1368 1370 1369 
f 1367 1371 1372 1368 
f 1371 1373 1374 1372 
f 1368 1372 1375 1370 
f 1372 1374 1376 1375 
f 1373 1377 1378 1374 
f 1377 1379 1380 1378 
f 1374 1378 1381 1376 
f 1378 1380 1382 1381 
f 1379 1383 1384 1380 
f 1383 1385 1386 1384 
f 1380 1384 1387 1382 
f 1384 1386 1388 1387 
f 1385 1389 1390 1386 
f 1386 1390 1391 1388 
f 1414 1392 2800 2799 
f 1415 1414 2799 2785 
f 1416 1415 2785 2786 
f 1417 1416 2786 2787 
f 1400 1417 2787 2788 
f 1418 1400 2788 2789 
f 1401 1418 2789 2790 
f 1419 1401 2790 2791 
f 1404 1419 2791 2792 
f 1406 1404 2792 2793 
f 1420 1406 2793 2794 
f 1408 1420 2794 2795 
f 1410 1408 2795 2796 
f 1421 1410 2796 2797 
f 1413 1421 2797 2798 
f 2043 1413 2798 2831 
s 2
f 1394 1422 2865 2866 
f 1425 1394 2866 2867 
f 1396 1425 2867 2868 
f 1398 1396 2868 2869 
f 1397 1398 2869 2870 
f 1397 2870 2871 1431 
f 1431 2871 2872 1395 
f 1395 2872 2873 1393 
s 1
f 1947 1346 1351 1327 
f 1333 1376 1381 1318 
f 1395 1434 1435 1431 
f 1431 1435 1436 1397 
f 1397 1436 1437 1398 
f 1398 1437 1438 1396 
f 1396 1438 1439 1425 
f 1425 1439 1440 1394 
f 1394 1440 1441 1422 
f 1442 1434 1395 1393 
f 1444 1443 1338 1339 
f 1445 1444 1339 1340 
f 1446 1445 1340 1341 
f 1447 1446 1341 1399 
f 1448 1447 1399 1342 
f 1449 1448 1342 1343 
f 1450 1449 1343 1402 
f 1451 1450 1402 1403 
f 1452 1451 1403 1405 
f 1453 1452 1405 1344 
f 1454 1453 1344 1407 
f 1455 1454 1407 1409 
f 1456 1455 1409 1411 
f 1457 1456 1411 1412 
f 2080 1457 1412 1966 
f 1443 1437 1436 
f 1443 1438 1437 
f 1443 1436 1435 1338 
f 1338 1435 1434 1700 
f 1440 2800 1441 
f 1700 1434 1442 
f 1458 2089 1172 
f 1480 2089 1458 
f 1459 2089 1480 
f 1479 2089 1459 
f 1460 2089 1479 
f 1461 2089 1460 
f 1462 2089 1461 
f 1478 2089 1462 
f 1477 2089 1478 
f 1463 2089 1477 
f 1476 2089 1463 
f 1475 2089 1476 
f 1464 2089 1475 
f 1465 2089 1464 
f 1466 2089 1465 
f 2091 2089 1466 
f 1497 1498 1495 1188 
f 1467 1494 1495 1498 
f 1500 1493 1494 1467 
f 1501 1492 1493 1500 
f 1468 1491 1492 1501 
f 1502 1490 1491 1468 
f 1469 1489 1490 1502 
f 1470 1488 1489 1469 
f 1471 1487 1488 1470 
f 1505 1486 1487 1471 
f 1472 1485 1486 1505 
f 1473 1484 1485 1472 
f 1474 1483 1484 1473 
f 1508 1482 1483 1474 
f 1508 1510 1481 1482 
f 1510 2100 2107 1481 
f 2107 2091 1466 1481 
f 1481 1466 1465 1482 
f 1482 1465 1464 1483 
f 1483 1464 1475 1484 
f 1484 1475 1476 1485 
f 1485 1476 1463 1486 
f 1486 1463 1477 1487 
f 1487 1477 1478 1488 
f 1488 1478 1462 1489 
f 1489 1462 1461 1490 
f 1490 1461 1460 1491 
f 1491 1460 1479 1492 
f 1492 1479 1459 1493 
f 1493 1459 1480 1494 
f 1494 1480 1458 1495 
f 1495 1458 1172 1188 
f 1498 1497 1496 1499 
f 1499 1514 1467 1498 
f 1514 1515 1500 1467 
f 1515 1516 1501 1500 
f 1516 1503 1468 1501 
f 1503 1517 1502 1468 
f 1517 1518 1469 1502 
f 1518 1504 1470 1469 
f 1504 1519 1471 1470 
f 1519 1506 1505 1471 
f 1506 1507 1472 1505 
f 1507 1520 1473 1472 
f 1520 1509 1474 1473 
f 1509 1511 1508 1474 
f 1511 1512 1510 1508 
f 1512 1513 2100 1510 
f 1586 2147 2152 1525 
f 1585 1586 1525 1526 
f 1521 1585 1526 1529 
f 1584 1521 1529 1530 
f 1583 1584 1530 1537 
f 1582 1583 1537 1538 
f 1522 1582 1538 1541 
f 1580 1522 1541 1542 
f 1579 1580 1542 1549 
f 1577 1579 1549 1550 
f 1576 1577 1550 1553 
f 1523 1576 1553 1554 
f 1575 1523 1554 1561 
f 1573 1575 1561 1562 
f 1524 1573 1562 1565 
f 1262 1524 1565 1257 
f 2152 2153 1527 1525 
f 1525 1527 1528 1526 
f 1526 1528 1531 1529 
f 1529 1531 1532 1530 
f 2153 2154 1533 1527 
f 1527 1533 1534 1528 
f 2154 1513 1512 1533 
f 1533 1512 1511 1534 
f 1528 1534 1535 1531 
f 1531 1535 1536 1532 
f 1534 1511 1509 1535 
f 1535 1509 1520 1536 
f 1530 1532 1539 1537 
f 1537 1539 1540 1538 
f 1538 1540 1543 1541 
f 1541 1543 1544 1542 
f 1532 1536 1545 1539 
f 1539 1545 1546 1540 
f 1536 1520 1507 1545 
f 1545 1507 1506 1546 
f 1540 1546 1547 1543 
f 1543 1547 1548 1544 
f 1546 1506 1519 1547 
f 1547 1519 1504 1548 
f 1542 1544 1551 1549 
f 1549 1551 1552 1550 
f 1550 1552 1555 1553 
f 1553 1555 1556 1554 
f 1544 1548 1557 1551 
f 1551 1557 1558 1552 
f 1548 1504 1518 1557 
f 1557 1518 1517 1558 
f 1552 1558 1559 1555 
f 1555 1559 1560 1556 
f 1558 1517 1503 1559 
f 1559 1503 1516 1560 
f 1554 1556 1563 1561 
f 1561 1563 1564 1562 
f 1562 1564 1566 1565 
f 1565 1566 1567 1257 
f 1556 1560 1568 1563 
f 1563 1568 1569 1564 
f 1560 1516 1515 1568 
f 1568 1515 1514 1569 
f 1564 1569 1570 1566 
f 1566 1570 1571 1567 
f 1569 1514 1499 1570 
f 1570 1499 1496 1571 
f 1572 1524 1262 1263 
f 1574 1573 1524 1572 
f 1603 1575 1573 1574 
f 1601 1523 1575 1603 
f 1600 1576 1523 1601 
f 1578 1577 1576 1600 
f 1598 1579 1577 1578 
f 1597 1580 1579 1598 
f 1581 1522 1580 1597 
f 1594 1582 1522 1581 
f 1593 1583 1582 1594 
f 1592 1584 1583 1593 
f 1590 1521 1584 1592 
f 1589 1585 1521 1590 
f 1587 1586 1585 1589 
f 2218 2147 1586 1587 
f 1619 1620 1618 1604 
f 1619 1604 1280 1281 
f 1280 1604 1572 1263 
f 1588 2265 2236 1605 
f 1632 1588 1605 1606 
f 1630 1632 1606 1607 
f 1591 1630 1607 1608 
f 1628 1591 1608 1609 
f 1627 1628 1609 1610 
f 1595 1627 1610 1611 
f 1596 1595 1611 1612 
f 1625 1596 1612 1613 
f 1599 1625 1613 1614 
f 1623 1599 1614 1615 
f 1622 1623 1615 1616 
f 1602 1622 1616 1617 
f 1603 1574 1618 1617 
f 1620 1602 1617 1618 
f 2236 2218 1587 1605 
f 1605 1587 1589 1606 
f 1606 1589 1590 1607 
f 1607 1590 1592 1608 
f 1608 1592 1593 1609 
f 1609 1593 1594 1610 
f 1610 1594 1581 1611 
f 1611 1581 1597 1612 
f 1612 1597 1598 1613 
f 1613 1598 1578 1614 
f 1614 1578 1600 1615 
f 1615 1600 1601 1616 
f 1616 1601 1603 1617 
f 1618 1574 1572 1604 
f 1643 1619 1281 1633 
f 1621 1620 1619 1643 
f 1642 1602 1620 1621 
f 1641 1622 1602 1642 
f 1624 1623 1622 1641 
f 1640 1599 1623 1624 
f 1639 1625 1599 1640 
f 1638 1596 1625 1639 
f 1626 1595 1596 1638 
f 1637 1627 1595 1626 
f 1629 1628 1627 1637 
f 1636 1591 1628 1629 
f 1631 1630 1591 1636 
f 1635 1632 1630 1631 
f 1634 1588 1632 1635 
f 2267 2265 1588 1634 
f 1634 1635 1660 1659 
f 1635 1631 1665 1660 
f 1631 1636 1666 1665 
f 1636 1629 1671 1666 
f 1629 1637 1672 1671 
f 1637 1626 1677 1672 
f 1626 1638 1678 1677 
f 1638 1639 1683 1678 
f 1639 1640 1684 1683 
f 1624 1641 1690 1689 
f 1641 1642 1695 1690 
f 1642 1621 1696 1695 
f 1621 1643 1699 1696 
f 1643 1633 1644 1699 
f 1652 1698 1699 1644 
f 1337 1697 1698 1652 
f 1700 1645 1697 1337 
f 1645 1646 1693 1697 
f 1646 1647 1691 1693 
f 1647 1648 1687 1691 
f 1648 1706 1685 1687 
f 1706 1649 1681 1685 
f 1649 1650 1679 1681 
f 1650 1709 1675 1679 
f 1709 1710 1673 1675 
f 1710 1712 1669 1673 
f 1712 1651 1667 1669 
f 1651 1714 1663 1667 
f 1714 1716 1661 1663 
f 1716 1718 1657 1661 
f 1718 1719 1655 1657 
f 1719 2286 2288 1655 
f 2288 1653 1656 1655 
f 1655 1656 1658 1657 
f 1653 1654 1659 1656 
f 1656 1659 1660 1658 
f 1657 1658 1662 1661 
f 1661 1662 1664 1663 
f 1658 1660 1665 1662 
f 1662 1665 1666 1664 
f 1663 1664 1668 1667 
f 1667 1668 1670 1669 
f 1664 1666 1671 1668 
f 1668 1671 1672 1670 
f 1669 1670 1674 1673 
f 1673 1674 1676 1675 
f 1670 1672 1677 1674 
f 1674 1677 1678 1676 
f 1675 1676 1680 1679 
f 1679 1680 1682 1681 
f 1676 1678 1683 1680 
f 1680 1683 1684 1682 
f 1681 1682 1686 1685 
f 1685 1686 1688 1687 
f 1682 1684 1689 1686 
f 1686 1689 1690 1688 
f 1687 1688 1692 1691 
f 1691 1692 1694 1693 
f 1688 1690 1695 1692 
f 1692 1695 1696 1694 
f 1693 1694 1698 1697 
f 1694 1696 1699 1698 
f 1721 2801 2800 1392 
f 1722 2802 2801 1721 
f 1723 2803 2802 1722 
f 1724 2804 2803 1723 
f 1707 2805 2804 1724 
f 1725 2806 2805 1707 
f 1708 2807 2806 1725 
f 1726 2808 2807 1708 
f 1711 2809 2808 1726 
f 1713 2810 2809 1711 
f 1727 2811 2810 1713 
f 1715 2812 2811 1727 
f 1717 2813 2812 1715 
f 1728 2814 2813 1717 
f 1720 2815 2814 1728 
f 2363 2846 2815 1720 
s 2
f 1701 2874 2865 1422 
f 1731 2875 2874 1701 
f 1703 2876 2875 1731 
f 1705 2877 2876 1703 
f 1704 2878 2877 1705 
f 1704 1736 2879 2878 
f 1736 1702 2880 2879 
f 1702 1393 2873 2880 
s 1
f 2267 1634 1659 1654 
f 1640 1624 1689 1684 
f 1702 1736 1739 1738 
f 1736 1704 1740 1739 
f 1704 1705 1741 1740 
f 1705 1703 1742 1741 
f 1703 1731 1743 1742 
f 1731 1701 1744 1743 
f 1701 1422 1441 1744 
f 1442 1393 1702 1738 
f 1746 1646 1645 1745 
f 1747 1647 1646 1746 
f 1748 1648 1647 1747 
f 1749 1706 1648 1748 
f 1750 1649 1706 1749 
f 1751 1650 1649 1750 
f 1752 1709 1650 1751 
f 1753 1710 1709 1752 
f 1754 1712 1710 1753 
f 1755 1651 1712 1754 
f 1756 1714 1651 1755 
f 1757 1716 1714 1756 
f 1758 1718 1716 1757 
f 1759 1719 1718 1758 
f 2395 2286 1719 1759 
f 1745 1740 1741 
f 1745 1741 1742 
f 1745 1645 1739 1740 
f 1645 1700 1738 1739 
f 1744 1441 2800 
f 1700 1442 1738 
f 1760 2089 1785 
f 1784 2089 1760 
f 1761 2089 1784 
f 1783 2089 1761 
f 1762 2089 1783 
f 1763 2089 1762 
f 1764 2089 1763 
f 1782 2089 1764 
f 1781 2089 1782 
f 1765 2089 1781 
f 1780 2089 1765 
f 1779 2089 1780 
f 1766 2089 1779 
f 1767 2089 1766 
f 1768 2089 1767 
f 1769 2089 1768 
f 2124 1803 1801 1802 
f 1770 1800 1801 1803 
f 1805 1799 1800 1770 
f 1806 1798 1799 1805 
f 1771 1797 1798 1806 
f 1807 1796 1797 1771 
f 1772 1795 1796 1807 
f 1773 1794 1795 1772 
f 1774 1793 1794 1773 
f 1810 1792 1793 1774 
f 1775 1791 1792 1810 
f 1776 1790 1791 1775 
f 1777 1789 1790 1776 
f 1813 1788 1789 1777 
f 1813 1815 1787 1788 
f 1815 1778 1786 1787 
f 1786 1769 1768 1787 
f 1787 1768 1767 1788 
f 1788 1767 1766 1789 
f 1789 1766 1779 1790 
f 1790 1779 1780 1791 
f 1791 1780 1765 1792 
f 1792 1765 1781 1793 
f 1793 1781 1782 1794 
f 1794 1782 1764 1795 
f 1795 1764 1763 1796 
f 1796 1763 1762 1797 
f 1797 1762 1783 1798 
f 1798 1783 1761 1799 
f 1799 1761 1784 1800 
f 1800 1784 1760 1801 
f 1801 1760 1785 1802 
f 1803 2124 2123 1804 
f 1804 1818 1770 1803 
f 1818 1819 1805 1770 
f 1819 1820 1806 1805 
f 1820 1808 1771 1806 
f 1808 1821 1807 1771 
f 1821 1822 1772 1807 
f 1822 1809 1773 1772 
f 1809 1823 1774 1773 
f 1823 1811 1810 1774 
f 1811 1812 1775 1810 
f 1812 1824 1776 1775 
f 1824 1814 1777 1776 
f 1814 1816 1813 1777 
f 1816 1817 1815 1813 
f 1817 1204 1778 1815 
f 1895 1825 1830 1833 
f 1894 1895 1833 1834 
f 1826 1894 1834 1837 
f 1893 1826 1837 1838 
f 1892 1893 1838 1845 
f 1891 1892 1845 1846 
f 1827 1891 1846 1849 
f 1889 1827 1849 1850 
f 1888 1889 1850 1857 
f 1886 1888 1857 1858 
f 1885 1886 1858 1861 
f 1828 1885 1861 1862 
f 1884 1828 1862 1869 
f 1882 1884 1869 1870 
f 1829 1882 1870 1873 
f 1879 1829 1873 1874 
f 1830 1831 1835 1833 
f 1833 1835 1836 1834 
f 1834 1836 1839 1837 
f 1837 1839 1840 1838 
f 1831 1832 1841 1835 
f 1835 1841 1842 1836 
f 1832 1204 1817 1841 
f 1841 1817 1816 1842 
f 1836 1842 1843 1839 
f 1839 1843 1844 1840 
f 1842 1816 1814 1843 
f 1843 1814 1824 1844 
f 1838 1840 1847 1845 
f 1845 1847 1848 1846 
f 1846 1848 1851 1849 
f 1849 1851 1852 1850 
f 1840 1844 1853 1847 
f 1847 1853 1854 1848 
f 1844 1824 1812 1853 
f 1853 1812 1811 1854 
f 1848 1854 1855 1851 
f 1851 1855 1856 1852 
f 1854 1811 1823 1855 
f 1855 1823 1809 1856 
f 1850 1852 1859 1857 
f 1857 1859 1860 1858 
f 1858 1860 1863 1861 
f 1861 1863 1864 1862 
f 1852 1856 1865 1859 
f 1859 1865 1866 1860 
f 1856 1809 1822 1865 
f 1865 1822 1821 1866 
f 1860 1866 1867 1863 
f 1863 1867 1868 1864 
f 1866 1821 1808 1867 
f 1867 1808 1820 1868 
f 1862 1864 1871 1869 
f 1869 1871 1872 1870 
f 1870 1872 1875 1873 
f 1873 1875 2197 1874 
f 1864 1868 1876 1871 
f 1871 1876 1877 1872 
f 1868 1820 1819 1876 
f 1876 1819 1818 1877 
f 1872 1877 1878 1875 
f 1875 1878 2201 2197 
f 1877 1818 1804 1878 
f 1878 1804 2123 2201 
f 1881 1829 1879 1880 
f 1883 1882 1829 1881 
f 1915 1884 1882 1883 
f 1913 1828 1884 1915 
f 1912 1885 1828 1913 
f 1887 1886 1885 1912 
f 1910 1888 1886 1887 
f 1909 1889 1888 1910 
f 1890 1827 1889 1909 
f 1906 1891 1827 1890 
f 1905 1892 1891 1906 
f 1904 1893 1892 1905 
f 1902 1826 1893 1904 
f 1901 1894 1826 1902 
f 1896 1895 1894 1901 
f 1899 1825 1895 1896 
f 1932 1933 1931 1916 
f 1932 1916 1897 1898 
f 1897 1916 1881 1880 
f 1900 1946 1917 1918 
f 1945 1900 1918 1919 
f 1943 1945 1919 1920 
f 1903 1943 1920 1921 
f 1941 1903 1921 1922 
f 1940 1941 1922 1923 
f 1907 1940 1923 1924 
f 1908 1907 1924 1925 
f 1938 1908 1925 1926 
f 1911 1938 1926 1927 
f 1936 1911 1927 1928 
f 1935 1936 1928 1929 
f 1914 1935 1929 1930 
f 1915 1883 1931 1930 
f 1933 1914 1930 1931 
f 1917 1899 1896 1918 
f 1918 1896 1901 1919 
f 1919 1901 1902 1920 
f 1920 1902 1904 1921 
f 1921 1904 1905 1922 
f 1922 1905 1906 1923 
f 1923 1906 1890 1924 
f 1924 1890 1909 1925 
f 1925 1909 1910 1926 
f 1926 1910 1887 1927 
f 1927 1887 1912 1928 
f 1928 1912 1913 1929 
f 1929 1913 1915 1930 
f 1931 1883 1881 1916 
f 1957 1932 1898 2266 
f 1934 1933 1932 1957 
f 1956 1914 1933 1934 
f 1955 1935 1914 1956 
f 1937 1936 1935 1955 
f 1954 1911 1936 1937 
f 1953 1938 1911 1954 
f 1952 1908 1938 1953 
f 1939 1907 1908 1952 
f 1951 1940 1907 1939 
f 1942 1941 1940 1951 
f 1950 1903 1941 1942 
f 1944 1943 1903 1950 
f 1949 1945 1943 1944 
f 1948 1900 1945 1949 
f 1947 1946 1900 1948 
f 1948 1949 1973 1972 
f 1949 1944 1978 1973 
f 1944 1950 1979 1978 
f 1950 1942 1984 1979 
f 1942 1951 1985 1984 
f 1951 1939 1990 1985 
f 1939 1952 1991 1990 
f 1952 1953 1996 1991 
f 1953 1954 1997 1996 
f 1937 1955 2003 2002 
f 1955 1956 2008 2003 
f 1956 1934 2009 2008 
f 1934 1957 2012 2009 
f 1957 2266 2278 2012 
f 2287 2011 2012 2278 
f 1958 2010 2011 2287 
f 2334 1959 2010 1958 
f 1959 1960 2006 2010 
f 1960 1961 2004 2006 
f 1961 1962 2000 2004 
f 1962 2020 1998 2000 
f 2020 1963 1994 1998 
f 1963 1964 1992 1994 
f 1964 2023 1988 1992 
f 2023 2024 1986 1988 
f 2024 2026 1982 1986 
f 2026 1965 1980 1982 
f 1965 2028 1976 1980 
f 2028 2030 1974 1976 
f 2030 2032 1970 1974 
f 2032 2033 1968 1970 
f 2033 1966 1967 1968 
f 1967 1345 1969 1968 
f 1968 1969 1971 1970 
f 1345 1346 1972 1969 
f 1969 1972 1973 1971 
f 1970 1971 1975 1974 
f 1974 1975 1977 1976 
f 1971 1973 1978 1975 
f 1975 1978 1979 1977 
f 1976 1977 1981 1980 
f 1980 1981 1983 1982 
f 1977 1979 1984 1981 
f 1981 1984 1985 1983 
f 1982 1983 1987 1986 
f 1986 1987 1989 1988 
f 1983 1985 1990 1987 
f 1987 1990 1991 1989 
f 1988 1989 1993 1992 
f 1992 1993 1995 1994 
f 1989 1991 1996 1993 
f 1993 1996 1997 1995 
f 1994 1995 1999 1998 
f 1998 1999 2001 2000 
f 1995 1997 2002 1999 
f 1999 2002 2003 2001 
f 2000 2001 2005 2004 
f 2004 2005 2007 2006 
f 2001 2003 2008 2005 
f 2005 2008 2009 2007 
f 2006 2007 2011 2010 
f 2007 2009 2012 2011 
f 2035 2816 2848 2013 
f 2036 2817 2816 2035 
f 2037 2818 2817 2036 
f 2038 2819 2818 2037 
f 2021 2820 2819 2038 
f 2039 2821 2820 2021 
f 2022 2822 2821 2039 
f 2040 2823 2822 2022 
f 2025 2824 2823 2040 
f 2027 2825 2824 2025 
f 2041 2826 2825 2027 
f 2029 2827 2826 2041 
f 2031 2828 2827 2029 
f 2042 2829 2828 2031 
f 2034 2830 2829 2042 
f 2043 2831 2830 2034 
s 2
f 2015 2850 2849 2044 
f 2047 2851 2850 2015 
f 2017 2852 2851 2047 
f 2019 2853 2852 2017 
f 2018 2854 2853 2019 
f 2018 2053 2855 2854 
f 2053 2016 2856 2855 
f 2016 2014 2857 2856 
s 1
f 1947 1948 1972 1346 
f 1954 1937 2002 1997 
f 2016 2053 2057 2056 
f 2053 2018 2058 2057 
f 2018 2019 2059 2058 
f 2019 2017 2060 2059 
f 2017 2047 2061 2060 
f 2047 2015 2062 2061 
f 2015 2044 2063 2062 
f 2064 2014 2016 2056 
f 2066 1960 1959 2065 
f 2067 1961 1960 2066 
f 2068 1962 1961 2067 
f 2069 2020 1962 2068 
f 2070 1963 2020 2069 
f 2071 1964 1963 2070 
f 2072 2023 1964 2071 
f 2073 2024 2023 2072 
f 2074 2026 2024 2073 
f 2075 1965 2026 2074 
f 2076 2028 1965 2075 
f 2077 2030 2028 2076 
f 2078 2032 2030 2077 
f 2079 2033 2032 2078 
f 2080 1966 2033 2079 
f 2065 2058 2059 
f 2065 2059 2060 
f 2065 1959 2057 2058 
f 1959 2334 2056 2057 
f 2062 2063 2848 
f 2334 2064 2056 
f 2081 1785 2089 
f 2106 2081 2089 
f 2082 2106 2089 
f 2105 2082 2089 
f 2083 2105 2089 
f 2084 2083 2089 
f 2085 2084 2089 
f 2104 2085 2089 
f 2103 2104 2089 
f 2086 2103 2089 
f 2102 2086 2089 
f 2101 2102 2089 
f 2087 2101 2089 
f 2088 2087 2089 
f 2090 2088 2089 
f 2091 2090 2089 
f 2124 1802 2122 2125 
f 2092 2125 2122 2121 
f 2127 2092 2121 2120 
f 2128 2127 2120 2119 
f 2093 2128 2119 2118 
f 2129 2093 2118 2117 
f 2094 2129 2117 2116 
f 2095 2094 2116 2115 
f 2096 2095 2115 2114 
f 2132 2096 2114 2113 
f 2097 2132 2113 2112 
f 2098 2097 2112 2111 
f 2099 2098 2111 2110 
f 2135 2099 2110 2109 
f 2135 2109 2108 2137 
f 2137 2108 2107 2100 
f 2107 2108 2090 2091 
f 2108 2109 2088 2090 
f 2109 2110 2087 2088 
f 2110 2111 2101 2087 
f 2111 2112 2102 2101 
f 2112 2113 2086 2102 
f 2113 2114 2103 2086 
f 2114 2115 2104 2103 
f 2115 2116 2085 2104 
f 2116 2117 2084 2085 
f 2117 2118 2083 2084 
f 2118 2119 2105 2083 
f 2119 2120 2082 2105 
f 2120 2121 2106 2082 
f 2121 2122 2081 2106 
f 2122 1802 1785 2081 
f 2125 2126 2123 2124 
f 2126 2125 2092 2140 
f 2140 2092 2127 2141 
f 2141 2127 2128 2142 
f 2142 2128 2093 2130 
f 2130 2093 2129 2143 
f 2143 2129 2094 2144 
f 2144 2094 2095 2131 
f 2131 2095 2096 2145 
f 2145 2096 2132 2133 
f 2133 2132 2097 2134 
f 2134 2097 2098 2146 
f 2146 2098 2099 2136 
f 2136 2099 2135 2138 
f 2138 2135 2137 2139 
f 2139 2137 2100 1513 
f 2216 2155 2152 2147 
f 2215 2156 2155 2216 
f 2148 2159 2156 2215 
f 2214 2160 2159 2148 
f 2213 2167 2160 2214 
f 2212 2168 2167 2213 
f 2149 2171 2168 2212 
f 2210 2172 2171 2149 
f 2209 2179 2172 2210 
f 2207 2180 2179 2209 
f 2206 2183 2180 2207 
f 2150 2184 2183 2206 
f 2205 2191 2184 2150 
f 2203 2192 2191 2205 
f 2151 2195 2192 2203 
f 1879 1874 2195 2151 
f 2152 2155 2157 2153 
f 2155 2156 2158 2157 
f 2156 2159 2161 2158 
f 2159 2160 2162 2161 
f 2153 2157 2163 2154 
f 2157 2158 2164 2163 
f 2154 2163 2139 1513 
f 2163 2164 2138 2139 
f 2158 2161 2165 2164 
f 2161 2162 2166 2165 
f 2164 2165 2136 2138 
f 2165 2166 2146 2136 
f 2160 2167 2169 2162 
f 2167 2168 2170 2169 
f 2168 2171 2173 2170 
f 2171 2172 2174 2173 
f 2162 2169 2175 2166 
f 2169 2170 2176 2175 
f 2166 2175 2134 2146 
f 2175 2176 2133 2134 
f 2170 2173 2177 2176 
f 2173 2174 2178 2177 
f 2176 2177 2145 2133 
f 2177 2178 2131 2145 
f 2172 2179 2181 2174 
f 2179 2180 2182 2181 
f 2180 2183 2185 2182 
f 2183 2184 2186 2185 
f 2174 2181 2187 2178 
f 2181 2182 2188 2187 
f 2178 2187 2144 2131 
f 2187 2188 2143 2144 
f 2182 2185 2189 2188 
f 2185 2186 2190 2189 
f 2188 2189 2130 2143 
f 2189 2190 2142 2130 
f 2184 2191 2193 2186 
f 2191 2192 2194 2193 
f 2192 2195 2196 2194 
f 2195 1874 2197 2196 
f 2186 2193 2198 2190 
f 2193 2194 2199 2198 
f 2190 2198 2141 2142 
f 2198 2199 2140 2141 
f 2194 2196 2200 2199 
f 2196 2197 2201 2200 
f 2199 2200 2126 2140 
f 2200 2201 2123 2126 
f 2202 1880 1879 2151 
f 2204 2202 2151 2203 
f 2234 2204 2203 2205 
f 2232 2234 2205 2150 
f 2231 2232 2150 2206 
f 2208 2231 2206 2207 
f 2229 2208 2207 2209 
f 2228 2229 2209 2210 
f 2211 2228 2210 2149 
f 2225 2211 2149 2212 
f 2224 2225 2212 2213 
f 2223 2224 2213 2214 
f 2221 2223 2214 2148 
f 2220 2221 2148 2215 
f 2217 2220 2215 2216 
f 2218 2217 2216 2147 
f 2251 2235 2250 2252 
f 2251 1898 1897 2235 
f 1897 1880 2202 2235 
f 2219 2237 2236 2265 
f 2264 2238 2237 2219 
f 2262 2239 2238 2264 
f 2222 2240 2239 2262 
f 2260 2241 2240 2222 
f 2259 2242 2241 2260 
f 2226 2243 2242 2259 
f 2227 2244 2243 2226 
f 2257 2245 2244 2227 
f 2230 2246 2245 2257 
f 2255 2247 2246 2230 
f 2254 2248 2247 2255 
f 2233 2249 2248 2254 
f 2234 2249 2250 2204 
f 2252 2250 2249 2233 
f 2236 2237 2217 2218 
f 2237 2238 2220 2217 
f 2238 2239 2221 2220 
f 2239 2240 2223 2221 
f 2240 2241 2224 2223 
f 2241 2242 2225 2224 
f 2242 2243 2211 2225 
f 2243 2244 2228 2211 
f 2244 2245 2229 2228 
f 2245 2246 2208 2229 
f 2246 2247 2231 2208 
f 2247 2248 2232 2231 
f 2248 2249 2234 2232 
f 2250 2235 2202 2204 
f 2277 2266 1898 2251 
f 2253 2277 2251 2252 
f 2276 2253 2252 2233 
f 2275 2276 2233 2254 
f 2256 2275 2254 2255 
f 2274 2256 2255 2230 
f 2273 2274 2230 2257 
f 2272 2273 2257 2227 
f 2258 2272 2227 2226 
f 2271 2258 2226 2259 
f 2261 2271 2259 2260 
f 2270 2261 2260 2222 
f 2263 2270 2222 2262 
f 2269 2263 2262 2264 
f 2268 2269 2264 2219 
f 2267 2268 2219 2265 
f 2268 2293 2294 2269 
f 2269 2294 2299 2263 
f 2263 2299 2300 2270 
f 2270 2300 2305 2261 
f 2261 2305 2306 2271 
f 2271 2306 2311 2258 
f 2258 2311 2312 2272 
f 2272 2312 2317 2273 
f 2273 2317 2318 2274 
f 2256 2323 2324 2275 
f 2275 2324 2329 2276 
f 2276 2329 2330 2253 
f 2253 2330 2333 2277 
f 2277 2333 2278 2266 
f 2287 2278 2333 2332 
f 1958 2287 2332 2331 
f 2334 1958 2331 2279 
f 2279 2331 2327 2280 
f 2280 2327 2325 2281 
f 2281 2325 2321 2282 
f 2282 2321 2319 2340 
f 2340 2319 2315 2283 
f 2283 2315 2313 2284 
f 2284 2313 2309 2343 
f 2343 2309 2307 2344 
f 2344 2307 2303 2346 
f 2346 2303 2301 2285 
f 2285 2301 2297 2348 
f 2348 2297 2295 2350 
f 2350 2295 2291 2352 
f 2352 2291 2289 2353 
f 2353 2289 2288 2286 
f 2288 2289 2290 1653 
f 2289 2291 2292 2290 
f 1653 2290 2293 1654 
f 2290 2292 2294 2293 
f 2291 2295 2296 2292 
f 2295 2297 2298 2296 
f 2292 2296 2299 2294 
f 2296 2298 2300 2299 
f 2297 2301 2302 2298 
f 2301 2303 2304 2302 
f 2298 2302 2305 2300 
f 2302 2304 2306 2305 
f 2303 2307 2308 2304 
f 2307 2309 2310 2308 
f 2304 2308 2311 2306 
f 2308 2310 2312 2311 
f 2309 2313 2314 2310 
f 2313 2315 2316 2314 
f 2310 2314 2317 2312 
f 2314 2316 2318 2317 
f 2315 2319 2320 2316 
f 2319 2321 2322 2320 
f 2316 2320 2323 2318 
f 2320 2322 2324 2323 
f 2321 2325 2326 2322 
f 2325 2327 2328 2326 
f 2322 2326 2329 2324 
f 2326 2328 2330 2329 
f 2327 2331 2332 2328 
f 2328 2332 2333 2330 
f 2355 2013 2848 2847 
f 2356 2355 2847 2832 
f 2357 2356 2832 2833 
f 2358 2357 2833 2834 
f 2341 2358 2834 2835 
f 2359 2341 2835 2836 
f 2342 2359 2836 2837 
f 2360 2342 2837 2838 
f 2345 2360 2838 2839 
f 2347 2345 2839 2840 
f 2361 2347 2840 2841 
f 2349 2361 2841 2842 
f 2351 2349 2842 2843 
f 2362 2351 2843 2844 
f 2354 2362 2844 2845 
f 2363 2354 2845 2846 
s 2
f 2335 2044 2849 2858 
f 2366 2335 2858 2859 
f 2337 2366 2859 2860 
f 2339 2337 2860 2861 
f 2338 2339 2861 2862 
f 2338 2862 2863 2371 
f 2371 2863 2864 2336 
f 2336 2864 2857 2014 
s 1
f 2267 1654 2293 2268 
f 2274 2318 2323 2256 
f 2336 2373 2374 2371 
f 2371 2374 2375 2338 
f 2338 2375 2376 2339 
f 2339 2376 2377 2337 
f 2337 2377 2378 2366 
f 2366 2378 2379 2335 
f 2335 2379 2063 2044 
f 2064 2373 2336 2014 
f 2381 2380 2279 2280 
f 2382 2381 2280 2281 
f 2383 2382 2281 2282 
f 2384 2383 2282 2340 
f 2385 2384 2340 2283 
f 2386 2385 2283 2284 
f 2387 2386 2284 2343 
f 2388 2387 2343 2344 
f 2389 2388 2344 2346 
f 2390 2389 2346 2285 
f 2391 2390 2285 2348 
f 2392 2391 2348 2350 
f 2393 2392 2350 2352 
f 2394 2393 2352 2353 
f 2395 2394 2353 2286 
f 2380 2376 2375 
f 2380 2377 2376 
f 2380 2375 2374 2279 
f 2279 2374 2373 2334 
f 2379 2848 2063 
f 2334 2373 2064 
f 1428 2400 2396 1423 
f 1423 2396 2397 1424 
f 1424 2397 2398 1426 
f 1426 2398 2399 1427 
f 1427 2399 2401 1429 
f 1429 2401 2402 1430 
f 1430 2402 2403 1432 
f 1432 2403 2404 1433 
f 1729 2405 2400 1428 
f 1730 2406 2405 1729 
f 1732 2407 2406 1730 
f 1733 2408 2407 1732 
f 1734 2409 2408 1733 
f 1735 2410 2409 1734 
f 1737 2411 2410 1735 
f 1433 2404 2411 1737 
f 2400 2412 2396 
f 2396 2412 2397 
f 2397 2412 2398 
f 2398 2412 2399 
f 2399 2412 2401 
f 2401 2412 2402 
f 2402 2412 2403 
f 2403 2412 2404 
f 2405 2412 2400 
f 2406 2412 2405 
f 2407 2412 2406 
f 2408 2412 2407 
f 2409 2412 2408 
f 2410 2412 2409 
f 2411 2412 2410 
f 2404 2412 2411 
f 2045 2413 2417 2050 
f 2046 2414 2413 2045 
f 2048 2415 2414 2046 
f 2049 2416 2415 2048 
f 2051 2418 2416 2049 
f 2052 2419 2418 2051 
f 2054 2420 2419 2052 
f 2055 2421 2420 2054 
f 2050 2417 2422 2364 
f 2364 2422 2423 2365 
f 2365 2423 2424 2367 
f 2367 2424 2425 2368 
f 2368 2425 2426 2369 
f 2369 2426 2427 2370 
f 2370 2427 2428 2372 
f 2372 2428 2421 2055 
f 2413 2429 2417 
f 2414 2429 2413 
f 2415 2429 2414 
f 2416 2429 2415 
f 2418 2429 2416 
f 2419 2429 2418 
f 2420 2429 2419 
f 2421 2429 2420 
f 2417 2429 2422 
f 2422 2429 2423 
f 2423 2429 2424 
f 2424 2429 2425 
f 2425 2429 2426 
f 2426 2429 2427 
f 2427 2429 2428 
f 2428 2429 2421 
s off
f 1414 2439 2431 1392 
f 1418 2443 2432 1400 
f 1419 2444 2433 1401 
f 1404 2434 2444 1419 
f 1420 2445 2435 1406 
f 1410 2437 2436 1408 
f 1413 2438 2446 1421 
f 2043 2478 2438 1413 
f 1415 2440 2439 1414 
f 1416 2441 2440 1415 
f 1417 2442 2441 1416 
f 1400 2432 2442 1417 
f 1401 2433 2443 1418 
f 1406 2435 2434 1404 
f 1408 2436 2445 1420 
f 1421 2446 2437 1410 
f 1392 2431 2454 1721 
f 1707 2447 2458 1725 
f 1708 2448 2459 1726 
f 1726 2459 2449 1711 
f 1713 2450 2460 1727 
f 1715 2451 2452 1717 
f 1728 2461 2453 1720 
f 1720 2453 2494 2363 
f 1721 2454 2455 1722 
f 1722 2455 2456 1723 
f 1723 2456 2457 1724 
f 1724 2457 2447 1707 
f 1725 2458 2448 1708 
f 1711 2449 2450 1713 
f 1727 2460 2451 1715 
f 1717 2452 2461 1728 
f 2013 2462 2470 2035 
f 2021 2463 2474 2039 
f 2022 2464 2475 2040 
f 2040 2475 2465 2025 
f 2027 2466 2476 2041 
f 2029 2467 2468 2031 
f 2042 2477 2469 2034 
f 2034 2469 2478 2043 
f 2035 2470 2471 2036 
f 2036 2471 2472 2037 
f 2037 2472 2473 2038 
f 2038 2473 2463 2021 
f 2039 2474 2464 2022 
f 2025 2465 2466 2027 
f 2041 2476 2467 2029 
f 2031 2468 2477 2042 
f 2355 2486 2462 2013 
f 2359 2490 2479 2341 
f 2360 2491 2480 2342 
f 2345 2481 2491 2360 
f 2361 2492 2482 2347 
f 2351 2484 2483 2349 
f 2354 2485 2493 2362 
f 2363 2494 2485 2354 
f 2356 2487 2486 2355 
f 2357 2488 2487 2356 
f 2358 2489 2488 2357 
f 2341 2479 2489 2358 
f 2342 2480 2490 2359 
f 2347 2482 2481 2345 
f 2349 2483 2492 2361 
f 2362 2493 2484 2351 
f 2431 2439 2430 
f 2432 2443 2430 
f 2433 2444 2430 
f 2444 2434 2430 
f 2435 2445 2430 
f 2436 2437 2430 
f 2446 2438 2430 
f 2438 2478 2430 
f 2439 2440 2430 
f 2440 2441 2430 
f 2441 2442 2430 
f 2442 2432 2430 
f 2443 2433 2430 
f 2434 2435 2430 
f 2445 2436 2430 
f 2437 2446 2430 
f 2454 2431 2430 
f 2458 2447 2430 
f 2459 2448 2430 
f 2449 2459 2430 
f 2460 2450 2430 
f 2452 2451 2430 
f 2453 2461 2430 
f 2494 2453 2430 
f 2455 2454 2430 
f 2456 2455 2430 
f 2457 2456 2430 
f 2447 2457 2430 
f 2448 2458 2430 
f 2450 2449 2430 
f 2451 2460 2430 
f 2461 2452 2430 
f 2470 2462 2430 
f 2474 2463 2430 
f 2475 2464 2430 
f 2465 2475 2430 
f 2476 2466 2430 
f 2468 2467 2430 
f 2469 2477 2430 
f 2478 2469 2430 
f 2471 2470 2430 
f 2472 2471 2430 
f 2473 2472 2430 
f 2463 2473 2430 
f 2464 2474 2430 
f 2466 2465 2430 
f 2467 2476 2430 
f 2477 2468 2430 
f 2462 2486 2430 
f 2479 2490 2430 
f 2480 2491 2430 
f 2491 2481 2430 
f 2482 2492 2430 
f 2483 2484 2430 
f 2493 2485 2430 
f 2485 2494 2430 
f 2486 2487 2430 
f 2487 2488 2430 
f 2488 2489 2430 
f 2489 2479 2430 
f 2490 2480 2430 
f 2481 2482 2430 
f 2492 2483 2430 
f 2484 2493 2430 
s 2
f 2597 2595 2501 2499 
f 2600 2597 2499 2505 
f 2603 2600 2505 2508 
f 2606 2603 2508 2511 
f 2606 2511 2514 2609 
f 2612 2609 2514 2517 
f 2615 2612 2517 2520 
f 2618 2615 2520 2523 
f 2621 2618 2523 2526 
f 2624 2621 2526 2529 
f 2627 2624 2529 2532 
f 2630 2627 2532 2535 
f 2633 2630 2535 2538 
f 2633 2538 2541 2636 
f 2639 2636 2541 2544 
f 2639 2544 2547 2642 
f 2645 2642 2547 2550 
f 2648 2645 2550 2553 
f 2648 2553 2556 2651 
f 2654 2651 2556 2559 
f 2657 2654 2559 2562 
f 2660 2657 2562 2565 
f 2663 2660 2565 2568 
f 2666 2663 2568 2571 
f 2669 2666 2571 2574 
f 2672 2669 2574 2577 
f 2675 2672 2577 2580 
f 2678 2675 2580 2583 
f 2681 2678 2583 2586 
f 2684 2681 2586 2589 
f 2687 2684 2589 2592 
f 2595 2687 2592 2501 
s 1
f 2693 2691 2619 2622 
f 2696 2693 2622 2625 
f 2699 2696 2625 2628 
f 2702 2699 2628 2631 
f 2702 2631 2634 2705 
f 2708 2705 2634 2637 
f 2711 2708 2637 2640 
f 2711 2640 2643 2714 
f 2717 2714 2643 2646 
f 2720 2717 2646 2649 
f 2723 2720 2649 2652 
f 2726 2723 2652 2655 
f 2729 2726 2655 2658 
f 2732 2729 2658 2661 
f 2735 2732 2661 2664 
f 2738 2735 2664 2667 
f 2741 2738 2667 2670 
f 2744 2741 2670 2673 
f 2747 2744 2673 2676 
f 2750 2747 2676 2679 
f 2753 2750 2679 2682 
f 2756 2753 2682 2685 
f 2759 2756 2685 2688 
f 2762 2759 2688 2594 
f 2765 2762 2594 2598 
f 2768 2765 2598 2601 
f 2771 2768 2601 2604 
f 2774 2771 2604 2607 
f 2777 2774 2607 2610 
f 2780 2777 2610 2613 
f 2783 2780 2613 2616 
f 2691 2783 2616 2619 
s off
f 2495 2721 2724 
f 2495 2724 2727 
f 2495 2727 2730 
f 2495 2730 2733 
f 2495 2733 2736 
f 2495 2736 2739 
f 2495 2739 2742 
f 2495 2742 2745 
f 2495 2745 2748 
f 2495 2748 2751 
f 2495 2751 2754 
f 2495 2754 2757 
f 2495 2757 2760 
f 2495 2760 2763 
f 2495 2763 2766 
f 2495 2766 2769 
f 2495 2769 2772 
f 2495 2772 2775 
f 2495 2775 2778 
f 2495 2778 2781 
f 2495 2781 2784 
f 2495 2784 2690 
f 2495 2690 2694 
f 2495 2694 2697 
f 2495 2697 2700 
f 2495 2700 2703 
f 2495 2703 2706 
f 2495 2706 2709 
f 2495 2709 2712 
f 2495 2712 2715 
f 2495 2715 2718 
f 2495 2718 2721 
f 2502 2496 2498 
f 2498 2496 2504 
f 2504 2496 2507 
f 2507 2496 2510 
f 2510 2496 2513 
f 2513 2496 2516 
f 2516 2496 2519 
f 2519 2496 2522 
f 2522 2496 2525 
f 2525 2496 2528 
f 2528 2496 2531 
f 2531 2496 2534 
f 2534 2496 2537 
f 2537 2496 2540 
f 2540 2496 2543 
f 2543 2496 2546 
f 2546 2496 2549 
f 2549 2496 2552 
f 2552 2496 2555 
f 2555 2496 2558 
f 2558 2496 2561 
f 2561 2496 2564 
f 2564 2496 2567 
f 2567 2496 2570 
f 2570 2496 2573 
f 2573 2496 2576 
f 2576 2496 2579 
f 2579 2496 2582 
f 2582 2496 2585 
f 2585 2496 2588 
f 2588 2496 2591 
f 2591 2496 2502 
s 2
f 2501 2500 2497 2499 
f 2499 2497 2503 2505 
f 2505 2503 2506 2508 
f 2508 2506 2509 2511 
f 2511 2509 2512 2514 
f 2514 2512 2515 2517 
f 2517 2515 2518 2520 
f 2520 2518 2521 2523 
f 2523 2521 2524 2526 
f 2526 2524 2527 2529 
f 2529 2527 2530 2532 
f 2532 2530 2533 2535 
f 2535 2533 2536 2538 
f 2538 2536 2539 2541 
f 2541 2539 2542 2544 
f 2544 2542 2545 2547 
f 2547 2545 2548 2550 
f 2550 2548 2551 2553 
f 2553 2551 2554 2556 
f 2556 2554 2557 2559 
f 2559 2557 2560 2562 
f 2562 2560 2563 2565 
f 2565 2563 2566 2568 
f 2568 2566 2569 2571 
f 2571 2569 2572 2574 
f 2574 2572 2575 2577 
f 2577 2575 2578 2580 
f 2580 2578 2581 2583 
f 2583 2581 2584 2586 
f 2586 2584 2587 2589 
f 2589 2587 2590 2592 
f 2592 2590 2500 2501 
s off
f 2498 2497 2500 2502 
f 2504 2503 2497 2498 
f 2507 2506 2503 2504 
f 2510 2509 2506 2507 
f 2513 2512 2509 2510 
f 2516 2515 2512 2513 
f 2519 2518 2515 2516 
f 2522 2521 2518 2519 
f 2525 2524 2521 2522 
f 2528 2527 2524 2525 
f 2531 2530 2527 2528 
f 2534 2533 2530 2531 
f 2537 2536 2533 2534 
f 2540 2539 2536 2537 
f 2543 2542 2539 2540 
f 2546 2545 2542 2543 
f 2549 2548 2545 2546 
f 2552 2551 2548 2549 
f 2555 2554 2551 2552 
f 2558 2557 2554 2555 
f 2561 2560 2557 2558 
f 2564 2563 2560 2561 
f 2567 2566 2563 2564 
f 2570 2569 2566 2567 
f 2573 2572 2569 2570 
f 2576 2575 2572 2573 
f 2579 2578 2575 2576 
f 2582 2581 2578 2579 
f 2585 2584 2581 2582 
f 2588 2587 2584 2585 
f 2591 2590 2587 2588 
f 2502 2500 2590 2591 
s 2
f 2597 2596 2593 2595 
f 2600 2599 2596 2597 
f 2603 2602 2599 2600 
f 2606 2605 2602 2603 
f 2609 2608 2605 2606 
f 2612 2611 2608 2609 
f 2615 2614 2611 2612 
f 2618 2617 2614 2615 
f 2621 2620 2617 2618 
f 2624 2623 2620 2621 
f 2627 2626 2623 2624 
f 2630 2629 2626 2627 
f 2633 2632 2629 2630 
f 2636 2635 2632 2633 
f 2639 2638 2635 2636 
f 2642 2641 2638 2639 
f 2645 2644 2641 2642 
f 2648 2647 2644 2645 
f 2651 2650 2647 2648 
f 2654 2653 2650 2651 
f 2657 2656 2653 2654 
f 2660 2659 2656 2657 
f 2663 2662 2659 2660 
f 2666 2665 2662 2663 
f 2669 2668 2665 2666 
f 2672 2671 2668 2669 
f 2675 2674 2671 2672 
f 2678 2677 2674 2675 
f 2681 2680 2677 2678 
f 2684 2683 2680 2681 
f 2687 2686 2683 2684 
f 2595 2593 2686 2687 
s 1
f 2619 2617 2620 2622 
f 2693 2692 2689 2691 
f 2622 2620 2623 2625 
f 2696 2695 2692 2693 
f 2625 2623 2626 2628 
f 2699 2698 2695 2696 
f 2628 2626 2629 2631 
f 2702 2701 2698 2699 
f 2705 2704 2701 2702 
f 2631 2629 2632 2634 
f 2634 2632 2635 2637 
f 2708 2707 2704 2705 
f 2637 2635 2638 2640 
f 2711 2710 2707 2708 
f 2714 2713 2710 2711 
f 2640 2638 2641 2643 
f 2643 2641 2644 2646 
f 2717 2716 2713 2714 
f 2646 2644 2647 2649 
f 2720 2719 2716 2717 
f 2649 2647 2650 2652 
f 2723 2722 2719 2720 
f 2652 2650 2653 2655 
f 2726 2725 2722 2723 
f 2655 2653 2656 2658 
f 2729 2728 2725 2726 
f 2658 2656 2659 2661 
f 2732 2731 2728 2729 
f 2661 2659 2662 2664 
f 2735 2734 2731 2732 
f 2664 2662 2665 2667 
f 2738 2737 2734 2735 
f 2667 2665 2668 2670 
f 2741 2740 2737 2738 
f 2670 2668 2671 2673 
f 2744 2743 2740 2741 
f 2673 2671 2674 2676 
f 2747 2746 2743 2744 
f 2676 2674 2677 2679 
f 2750 2749 2746 2747 
f 2679 2677 2680 2682 
f 2753 2752 2749 2750 
f 2682 2680 2683 2685 
f 2756 2755 2752 2753 
f 2685 2683 2686 2688 
f 2759 2758 2755 2756 
f 2688 2686 2593 2594 
f 2762 2761 2758 2759 
f 2594 2593 2596 2598 
f 2765 2764 2761 2762 
f 2598 2596 2599 2601 
f 2768 2767 2764 2765 
f 2601 2599 2602 2604 
f 2771 2770 2767 2768 
f 2604 2602 2605 2607 
f 2774 2773 2770 2771 
f 2607 2605 2608 2610 
f 2777 2776 2773 2774 
f 2610 2608 2611 2613 
f 2780 2779 2776 2777 
f 2613 2611 2614 2616 
f 2783 2782 2779 2780 
f 2616 2614 2617 2619 
f 2691 2689 2782 2783 
s off
f 2721 2719 2722 2724 
f 2724 2722 2725 2727 
f 2727 2725 2728 2730 
f 2730 2728 2731 2733 
f 2733 2731 2734 2736 
f 2736 2734 2737 2739 
f 2739 2737 2740 2742 
f 2742 2740 2743 2745 
f 2745 2743 2746 2748 
f 2748 2746 2749 2751 
f 2751 2749 2752 2754 
f 2754 2752 2755 2757 
f 2757 2755 2758 2760 
f 2760 2758 2761 2763 
f 2763 2761 2764 2766 
f 2766 2764 2767 2769 
f 2769 2767 2770 2772 
f 2772 2770 2773 2775 
f 2775 2773 2776 2778 
f 2778 2776 2779 2781 
f 2781 2779 2782 2784 
f 2784 2782 2689 2690 
f 2690 2689 2692 2694 
f 2694 2692 2695 2697 
f 2697 2695 2698 2700 
f 2700 2698 2701 2703 
f 2703 2701 2704 2706 
f 2706 2704 2707 2709 
f 2709 2707 2710 2712 
f 2712 2710 2713 2715 
f 2715 2713 2716 2718 
f 2718 2716 2719 2721 
s 1
f 2800 1440 1439 2799 
f 2799 1443 1444 2785 
f 2785 1444 1445 2786 
f 2786 1445 1446 2787 
f 2787 1446 1447 2788 
f 2788 1447 1448 2789 
f 2789 1448 1449 2790 
f 2790 1449 1450 2791 
f 2791 1450 1451 2792 
f 2792 1451 1452 2793 
f 2793 1452 1453 2794 
f 2794 1453 1454 2795 
f 2795 1454 1455 2796 
f 2796 1455 1456 2797 
f 2797 1456 1457 2798 
f 2798 1457 2080 2831 
f 2799 1439 1438 1443 
f 2801 1743 1744 2800 
f 2802 1746 1745 2801 
f 2803 1747 1746 2802 
f 2804 1748 1747 2803 
f 2805 1749 1748 2804 
f 2806 1750 1749 2805 
f 2807 1751 1750 2806 
f 2808 1752 1751 2807 
f 2809 1753 1752 2808 
f 2810 1754 1753 2809 
f 2811 1755 1754 2810 
f 2812 1756 1755 2811 
f 2813 1757 1756 2812 
f 2814 1758 1757 2813 
f 2815 1759 1758 2814 
f 2846 2395 1759 2815 
f 2801 1745 1742 1743 
f 2816 2061 2062 2848 
f 2817 2066 2065 2816 
f 2818 2067 2066 2817 
f 2819 2068 2067 2818 
f 2820 2069 2068 2819 
f 2821 2070 2069 2820 
f 2822 2071 2070 2821 
f 2823 2072 2071 2822 
f 2824 2073 2072 2823 
f 2825 2074 2073 2824 
f 2826 2075 2074 2825 
f 2827 2076 2075 2826 
f 2828 2077 2076 2827 
f 2829 2078 2077 2828 
f 2830 2079 2078 2829 
f 2831 2080 2079 2830 
f 2816 2065 2060 2061 
f 2848 2379 2378 2847 
f 2847 2380 2381 2832 
f 2832 2381 2382 2833 
f 2833 2382 2383 2834 
f 2834 2383 2384 2835 
f 2835 2384 2385 2836 
f 2836 2385 2386 2837 
f 2837 2386 2387 2838 
f 2838 2387 2388 2839 
f 2839 2388 2389 2840 
f 2840 2389 2390 2841 
f 2841 2390 2391 2842 
f 2842 2391 2392 2843 
f 2843 2392 2393 2844 
f 2844 2393 2394 2845 
f 2845 2394 2395 2846 
f 2847 2378 2377 2380 
s 2
f 2850 2045 2050 2849 
f 2851 2046 2045 2850 
f 2852 2048 2046 2851 
f 2853 2049 2048 2852 
f 2854 2051 2049 2853 
f 2855 2052 2051 2854 
f 2856 2054 2052 2855 
f 2857 2055 2054 2856 
f 2849 2050 2364 2858 
f 2858 2364 2365 2859 
f 2859 2365 2367 2860 
f 2860 2367 2368 2861 
f 2861 2368 2369 2862 
f 2862 2369 2370 2863 
f 2863 2370 2372 2864 
f 2864 2372 2055 2857 
f 2865 1428 1423 2866 
f 2866 1423 1424 2867 
f 2867 1424 1426 2868 
f 2868 1426 1427 2869 
f 2869 1427 1429 2870 
f 2870 1429 1430 2871 
f 2871 1430 1432 2872 
f 2872 1432 1433 2873 
f 2874 1729 1428 2865 
f 2875 1730 1729 2874 
f 2876 1732 1730 2875 
f 2877 1733 1732 2876 
f 2878 1734 1733 2877 
f 2879 1735 1734 2878 
f 2880 1737 1735 2879 
f 2873 1433 1737 2880 
s 1
f 2962 2960 3092 3093 
s 2
f 2885 2952 2882 2883 
f 2957 2881 2952 2954 
f 2881 2962 2882 2952 
f 2960 2962 2881 2959 
s 1
f 2885 2883 3089 3095 
s 4
f 2883 2882 3100 3089 
s 2
f 3007 3005 3006 
f 3004 3002 3003 
f 3001 3011 3012 
f 3010 3008 3009 
s 1
f 2907 3046 3045 2905 
f 2909 3047 3046 2907 
f 2909 2910 3048 3047 
f 2910 2911 3049 3048 
f 2912 3050 3049 2911 
f 2913 3051 3050 2912 
f 2913 2914 3052 3051 
f 2916 3053 3052 2914 
f 2916 2918 3054 3053 
f 2920 3055 3054 2918 
f 2922 3056 3055 2920 
f 2923 3057 3056 2922 
f 2923 2924 3058 3057 
f 2886 3058 3059 2903 
f 2925 2926 3060 3059 
f 2926 2928 3061 3060 
f 2929 3062 3061 2928 
f 2930 3063 3062 2929 
f 2931 3064 3063 2930 
f 2932 3065 3064 2931 
f 2933 3066 3065 2932 
f 2933 2935 3067 3066 
f 2937 3068 3067 2935 
f 2938 3069 3068 2937 
f 2940 3070 3069 2938 
f 2940 2942 3071 3070 
f 2944 3072 3071 2942 
f 2944 2946 3073 3072 
f 2946 2948 3074 3073 
f 2950 3075 3074 2948 
f 2951 3076 3075 2950 
f 2905 3045 3076 2951 
s 4
f 2885 3095 3090 2952 
s 1
f 2954 2952 3090 3091 
s 4
f 2957 2954 3091 3096 
s 1
f 2957 3096 3097 2881 
s 4
f 2959 2881 3097 3098 
s 8
f 2959 3098 3092 2960 
s 4
f 2963 2962 3093 3099 
s 1
f 2966 2963 3099 3094 
s 8
f 2966 3094 3100 2882 
s 2
f 2907 2905 2969 2970 
f 2909 2907 2970 2971 
f 2910 2909 2971 2972 
f 2911 2910 2972 2973 
f 2912 2911 2973 2974 
f 2913 2912 2974 2975 
f 2914 2913 2975 2976 
f 2916 2914 2976 2977 
f 2918 2916 2977 2978 
f 2920 2918 2978 2979 
f 2922 2920 2979 2980 
f 2923 2922 2980 2981 
f 2924 2923 2981 2982 
f 2925 2924 2982 2983 
f 2926 2925 2983 2984 
f 2928 2926 2984 2985 
f 2929 2928 2985 2986 
f 2930 2929 2986 2987 
f 2931 2930 2987 2988 
f 2932 2931 2988 2989 
f 2933 2932 2989 2990 
f 2935 2933 2990 2991 
f 2937 2935 2991 2992 
f 2938 2937 2992 2993 
f 2940 2938 2993 2994 
f 2942 2940 2994 2995 
f 2944 2942 2995 2996 
f 2946 2944 2996 2997 
f 2948 2946 2997 2998 
f 2950 2948 2998 2999 
f 2951 2950 2999 3000 
f 2905 2951 3000 2969 
f 3004 3005 3016 3017 
f 3001 3002 3024 3025 
f 3010 3011 3032 3033 
f 3007 3008 3040 3041 
f 2882 2962 2963 2966 
f 3008 3039 3040 
f 3011 3031 3032 
f 3002 3023 3024 
f 3005 3015 3016 
f 3008 3038 3039 
f 3008 3037 3038 
f 3007 3041 3042 
f 3007 3042 3043 
f 3005 3014 3015 
f 3005 3013 3014 
f 3004 3017 3018 
f 3004 3018 3019 
f 3002 3022 3023 
f 3002 3021 3022 
f 3001 3025 3026 
f 3001 3026 3027 
f 3011 3030 3031 
f 3011 3029 3030 
f 3010 3033 3034 
f 3010 3034 3035 
f 3007 3043 3044 
f 3005 3007 3044 3013 
f 3004 3019 3020 
f 3002 3004 3020 3021 
f 3001 3027 3028 
f 3011 3001 3028 3029 
f 3010 3035 3036 
f 3008 3010 3036 3037 
f 2895 2884 3002 3001 
f 2884 2967 3003 3002 
f 2967 2968 3004 3003 
f 2968 2965 3005 3004 
f 2965 2964 3006 3005 
f 2964 2961 3007 3006 
f 2961 2887 3008 3007 
f 2887 2958 3009 3008 
f 2958 2956 3010 3009 
f 2956 2955 3011 3010 
f 2955 2953 3012 3011 
f 2953 2895 3001 3012 
f 2886 2903 3014 3013 
f 2903 2902 3015 3014 
f 2902 2927 3016 3015 
f 2927 2901 3017 3016 
f 2901 2900 3018 3017 
f 2900 2899 3019 3018 
f 2899 2898 3020 3019 
f 2898 2897 3021 3020 
f 2897 2934 3022 3021 
f 2934 2936 3023 3022 
f 2936 2896 3024 3023 
f 2896 2939 3025 3024 
f 2939 2941 3026 3025 
f 2941 2943 3027 3026 
f 2943 2945 3028 3027 
f 2945 2947 3029 3028 
f 2947 2949 3030 3029 
f 2949 2894 3031 3030 
f 2894 2893 3032 3031 
f 2893 2906 3033 3032 
f 2906 2908 3034 3033 
f 2908 2892 3035 3034 
f 2892 2891 3036 3035 
f 2891 2890 3037 3036 
f 2890 2889 3038 3037 
f 2889 2888 3039 3038 
f 2888 2915 3040 3039 
f 2915 2917 3041 3040 
f 2917 2919 3042 3041 
f 2919 2921 3043 3042 
f 2921 2904 3044 3043 
f 2904 2886 3013 3044 
s 1
f 3046 2906 2893 3045 
f 3047 2908 2906 3046 
f 3048 2892 2908 3047 
f 3049 2891 2892 3048 
f 3050 2890 2891 3049 
f 3051 2889 2890 3050 
f 3052 2888 2889 3051 
f 3053 2915 2888 3052 
f 3054 2917 2915 3053 
f 3055 2919 2917 3054 
f 3056 2921 2919 3055 
f 3057 2904 2921 3056 
f 3058 2886 2904 3057 
f 3058 2924 2925 3059 
f 3060 2902 2903 3059 
f 3061 2927 2902 3060 
f 3062 2901 2927 3061 
f 3063 2900 2901 3062 
f 3064 2899 2900 3063 
f 3065 2898 2899 3064 
f 3066 2897 2898 3065 
f 3067 2934 2897 3066 
f 3068 2936 2934 3067 
f 3069 2896 2936 3068 
f 3070 2939 2896 3069 
f 3071 2941 2939 3070 
f 3072 2943 2941 3071 
f 3073 2945 2943 3072 
f 3074 2947 2945 3073 
f 3075 2949 2947 3074 
f 3076 2894 2949 3075 
f 3045 2893 2894 3076 
f 3084 2961 2964 3085 
f 3077 2884 2895 3078 
s 4
f 3088 2967 2884 3077 
f 3078 2895 2953 3079 
s 1
f 3079 2953 2955 3080 
s 4
f 3080 2955 2956 3081 
s 1
f 3081 2956 2958 3082 
s 4
f 3082 2958 2887 3083 
s 8
f 3083 2887 2961 3084 
s 4
f 3085 2964 2965 3086 
s 1
f 3086 2965 2968 3087 
s 8
f 3087 2968 2967 3088 
s 1
f 3092 3084 3085 3093 
f 3089 3077 3078 3095 
s 4
f 3100 3088 3077 3089 
f 3095 3078 3079 3090 
s 1
f 3090 3079 3080 3091 
s 4
f 3091 3080 3081 3096 
s 1
f 3096 3081 3082 3097 
s 4
f 3097 3082 3083 3098 
s 8
f 3098 3083 3084 3092 
s 4
f 3093 3085 3086 3099 
s 1
f 3099 3086 3087 3094 
s 8
f 3094 3087 3088 3100 
s 1
f 3101 3104 3103 3102 
s 2
f 3105 3108 3107 3106 
f 3109 3111 3106 3110 
f 3110 3106 3107 3101 
f 3102 3112 3110 3101 
s 1
f 3105 3114 3113 3108 
s 4
f 3108 3113 3115 3107 
s 2
f 3116 3118 3117 
f 3119 3121 3120 
f 3122 3124 3123 
f 3125 3127 3126 
s 1
f 3128 3131 3130 3129 
f 3132 3128 3129 3133 
f 3132 3133 3135 3134 
f 3134 3135 3137 3136 
f 3138 3136 3137 3139 
f 3140 3138 3139 3141 
f 3140 3141 3143 3142 
f 3144 3142 3143 3145 
f 3144 3145 3147 3146 
f 3148 3146 3147 3149 
f 3150 3148 3149 3151 
f 3152 3150 3151 3153 
f 3152 3153 3155 3154 
f 3156 3158 3157 3155 
f 3159 3157 3161 3160 
f 3160 3161 3163 3162 
f 3164 3162 3163 3165 
f 3166 3164 3165 3167 
f 3168 3166 3167 3169 
f 3170 3168 3169 3171 
f 3172 3170 3171 3173 
f 3172 3173 3175 3174 
f 3176 3174 3175 3177 
f 3178 3176 3177 3179 
f 3180 3178 3179 3181 
f 3180 3181 3183 3182 
f 3184 3182 3183 3185 
f 3184 3185 3187 3186 
f 3186 3187 3189 3188 
f 3190 3188 3189 3191 
f 3192 3190 3191 3193 
f 3131 3192 3193 3130 
s 4
f 3105 3106 3194 3114 
s 1
f 3111 3195 3194 3106 
s 4
f 3109 3196 3195 3111 
s 1
f 3109 3110 3197 3196 
s 4
f 3112 3198 3197 3110 
s 8
f 3112 3102 3103 3198 
s 4
f 3199 3200 3104 3101 
s 1
f 3201 3202 3200 3199 
s 8
f 3201 3107 3115 3202 
s 2
f 3128 3204 3203 3131 
f 3132 3205 3204 3128 
f 3134 3206 3205 3132 
f 3136 3207 3206 3134 
f 3138 3208 3207 3136 
f 3140 3209 3208 3138 
f 3142 3210 3209 3140 
f 3144 3211 3210 3142 
f 3146 3212 3211 3144 
f 3148 3213 3212 3146 
f 3150 3214 3213 3148 
f 3152 3215 3214 3150 
f 3154 3216 3215 3152 
f 3159 3217 3216 3154 
f 3160 3218 3217 3159 
f 3162 3219 3218 3160 
f 3164 3220 3219 3162 
f 3166 3221 3220 3164 
f 3168 3222 3221 3166 
f 3170 3223 3222 3168 
f 3172 3224 3223 3170 
f 3174 3225 3224 3172 
f 3176 3226 3225 3174 
f 3178 3227 3226 3176 
f 3180 3228 3227 3178 
f 3182 3229 3228 3180 
f 3184 3230 3229 3182 
f 3186 3231 3230 3184 
f 3188 3232 3231 3186 
f 3190 3233 3232 3188 
f 3192 3234 3233 3190 
f 3131 3203 3234 3192 
f 3119 3236 3235 3117 
f 3122 3238 3237 3120 
f 3125 3240 3239 3123 
f 3116 3242 3241 3126 
f 3107 3201 3199 3101 
f 3126 3241 3243 
f 3123 3239 3244 
f 3120 3237 3245 
f 3117 3235 3246 
f 3126 3243 3247 
f 3126 3247 3248 
f 3116 3249 3242 
f 3116 3250 3249 
f 3117 3246 3251 
f 3117 3251 3252 
f 3119 3253 3236 
f 3119 3254 3253 
f 3120 3245 3255 
f 3120 3255 3256 
f 3122 3257 3238 
f 3122 3258 3257 
f 3123 3244 3259 
f 3123 3259 3260 
f 3125 3261 3240 
f 3125 3262 3261 
f 3116 3263 3250 
f 3117 3252 3263 3116 
f 3119 3264 3254 
f 3120 3256 3264 3119 
f 3122 3265 3258 
f 3123 3260 3265 3122 
f 3125 3266 3262 
f 3126 3248 3266 3125 
f 3267 3122 3120 3268 
f 3268 3120 3121 3269 
f 3269 3121 3119 3270 
f 3270 3119 3117 3271 
f 3271 3117 3118 3272 
f 3272 3118 3116 3273 
f 3273 3116 3126 3274 
f 3274 3126 3127 3275 
f 3275 3127 3125 3276 
f 3276 3125 3123 3277 
f 3277 3123 3124 3278 
f 3278 3124 3122 3267 
f 3156 3252 3251 3158 
f 3158 3251 3246 3279 
f 3279 3246 3235 3280 
f 3280 3235 3236 3281 
f 3281 3236 3253 3282 
f 3282 3253 3254 3283 
f 3283 3254 3264 3284 
f 3284 3264 3256 3285 
f 3285 3256 3255 3286 
f 3286 3255 3245 3287 
f 3287 3245 3237 3288 
f 3288 3237 3238 3289 
f 3289 3238 3257 3290 
f 3290 3257 3258 3291 
f 3291 3258 3265 3292 
f 3292 3265 3260 3293 
f 3293 3260 3259 3294 
f 3294 3259 3244 3295 
f 3295 3244 3239 3296 
f 3296 3239 3240 3297 
f 3297 3240 3261 3298 
f 3298 3261 3262 3299 
f 3299 3262 3266 3300 
f 3300 3266 3248 3301 
f 3301 3248 3247 3302 
f 3302 3247 3243 3303 
f 3303 3243 3241 3304 
f 3304 3241 3242 3305 
f 3305 3242 3249 3306 
f 3306 3249 3250 3307 
f 3307 3250 3263 3308 
f 3308 3263 3252 3156 
s 1
f 3129 3130 3296 3297 
f 3133 3129 3297 3298 
f 3135 3133 3298 3299 
f 3137 3135 3299 3300 
f 3139 3137 3300 3301 
f 3141 3139 3301 3302 
f 3143 3141 3302 3303 
f 3145 3143 3303 3304 
f 3147 3145 3304 3305 
f 3149 3147 3305 3306 
f 3151 3149 3306 3307 
f 3153 3151 3307 3308 
f 3155 3153 3308 3156 
f 3155 3157 3159 3154 
f 3161 3157 3158 3279 
f 3163 3161 3279 3280 
f 3165 3163 3280 3281 
f 3167 3165 3281 3282 
f 3169 3167 3282 3283 
f 3171 3169 3283 3284 
f 3173 3171 3284 3285 
f 3175 3173 3285 3286 
f 3177 3175 3286 3287 
f 3179 3177 3287 3288 
f 3181 3179 3288 3289 
f 3183 3181 3289 3290 
f 3185 3183 3290 3291 
f 3187 3185 3291 3292 
f 3189 3187 3292 3293 
f 3191 3189 3293 3294 
f 3193 3191 3294 3295 
f 3130 3193 3295 3296 
f 3309 3310 3272 3273 
f 3311 3312 3267 3268 
s 4
f 3313 3311 3268 3269 
f 3312 3314 3278 3267 
s 1
f 3314 3315 3277 3278 
s 4
f 3315 3316 3276 3277 
s 1
f 3316 3317 3275 3276 
s 4
f 3317 3318 3274 3275 
s 8
f 3318 3309 3273 3274 
s 4
f 3310 3319 3271 3272 
s 1
f 3319 3320 3270 3271 
s 8
f 3320 3313 3269 3270 
s 1
f 3103 3104 3310 3309 
f 3113 3114 3312 3311 
s 4
f 3115 3113 3311 3313 
f 3114 3194 3314 3312 
s 1
f 3194 3195 3315 3314 
s 4
f 3195 3196 3316 3315 
s 1
f 3196 3197 3317 3316 
s 4
f 3197 3198 3318 3317 
s 8
f 3198 3103 3309 3318 
s 4
f 3104 3200 3319 3310 
s 1
f 3200 3202 3320 3319 
s 8
f 3202 3115 3313 3320 
# 3007 polygons - 424 triangles

