# 3ds Max Wavefront OBJ Exporter v0.99 - (c)2007 guruware
# File Created: 12.09.2024 18:44:06

#
# object 36540
#

v  9.8270 -5.4807 11.0002
v  9.8035 -5.4819 11.6544
v  9.8401 -5.5121 11.6563
v  9.8631 -5.5116 11.0005
v  9.7396 -5.4805 12.3041
v  9.7761 -5.5118 12.3081
v  9.6322 -5.4822 12.9439
v  9.6685 -5.5122 12.9502
v  9.4845 -5.4824 13.5722
v  9.5199 -5.5122 13.5823
v  9.2978 -5.4804 14.1873
v  9.3323 -5.5118 14.2002
v  9.0703 -5.4827 14.7865
v  9.1038 -5.5123 14.8019
v  8.8058 -5.4830 15.3690
v  8.8384 -5.5124 15.3863
v  8.5052 -5.4814 15.9330
v  8.5366 -5.5121 15.9523
v  8.1678 -5.4824 16.4758
v  8.1980 -5.5122 16.4972
v  7.7955 -5.4839 16.9960
v  7.8243 -5.5126 17.0193
v  7.3900 -5.4838 17.4923
v  7.4174 -5.5126 17.5175
v  6.9525 -5.4820 17.9632
v  6.9729 -5.5093 17.9849
v  6.4821 -5.4837 18.4050
v  6.5043 -5.5117 18.4314
v  5.9814 -5.4848 18.8174
v  6.0034 -5.5129 18.8474
v  5.4517 -5.4840 19.1989
v  5.4717 -5.5127 19.2303
v  4.8935 -5.4828 19.5474
v  4.9080 -5.5096 19.5739
v  4.3126 -5.4850 19.8567
v  4.3274 -5.5116 19.8868
v  3.7178 -5.4848 20.1255
v  3.7297 -5.5102 20.1533
v  3.1106 -5.4830 20.3537
v  3.1220 -5.5125 20.3893
v  2.4924 -5.4852 20.5389
v  2.5018 -5.5129 20.5749
v  1.8663 -5.4847 20.6840
v  1.8732 -5.5128 20.7206
v  1.2339 -5.4838 20.7879
v  1.2385 -5.5127 20.8248
v  0.5971 -5.4816 20.8473
v  0.5995 -5.5129 20.8866
v  9.9326 -5.4487 11.6629
v  9.9327 -4.4338 11.6625
v  9.9572 -4.4369 11.0001
v  9.9567 -5.4537 11.0009
v  9.8686 -5.4498 12.3213
v  9.8688 -4.4338 12.3213
v  9.7589 -5.4484 12.9693
v  9.7589 -4.4338 12.9693
v  9.6092 -5.4483 13.6058
v  9.6092 -4.4338 13.6058
v  9.4211 -5.4499 14.2293
v  9.4212 -4.4338 14.2293
v  9.1893 -5.4480 14.8359
v  9.1893 -4.4338 14.8359
v  8.9212 -5.4478 15.4259
v  8.9213 -4.4338 15.4259
v  8.6175 -5.4491 15.9977
v  8.6176 -4.4338 15.9978
v  8.2752 -5.4483 16.5474
v  8.2753 -4.4338 16.5474
v  7.8973 -5.4470 17.0738
v  7.8973 -4.4338 17.0738
v  7.4867 -5.4472 17.5767
v  7.4867 -4.4338 17.5767
v  7.0442 -5.4486 18.0544
v  7.0443 -4.4338 18.0545
v  6.5669 -5.4472 18.5013
v  6.5670 -4.4338 18.5013
v  6.0593 -5.4463 18.9184
v  6.0593 -4.4338 18.9184
v  5.5230 -5.4470 19.3054
v  5.5230 -4.4338 19.3054
v  4.9579 -5.4479 19.6589
v  4.9579 -4.4338 19.6589
v  4.3690 -5.4461 19.9711
v  4.3690 -4.4338 19.9711
v  3.7665 -5.4464 20.2436
v  3.7665 -4.4338 20.2436
v  3.1517 -5.4477 20.4756
v  3.1517 -4.4338 20.4757
v  2.5252 -5.4460 20.6620
v  2.5252 -4.4338 20.6620
v  1.8910 -5.4465 20.8093
v  1.8910 -4.4338 20.8093
v  1.2505 -5.4471 20.9150
v  1.2505 -4.4338 20.9150
v  0.6055 -5.4461 20.9767
v  0.6055 -4.4338 20.9767
v  9.5307 -4.9550 11.0002
v  9.5084 -4.9596 11.6545
v  9.4425 -4.9570 12.3041
v  9.3328 -4.9557 12.9253
v  9.2041 -4.9562 13.4720
v  9.0327 -4.9558 14.0463
v  8.8180 -4.9548 14.6192
v  8.5592 -4.9547 15.1951
v  8.2703 -4.9565 15.7463
v  7.9469 -4.9565 16.2741
v  7.5840 -4.9514 16.7792
v  7.1928 -4.9553 17.2646
v  6.7695 -4.9551 17.7246
v  6.3161 -4.9551 18.1547
v  5.8289 -4.9554 18.5580
v  5.3149 -4.9553 18.9312
v  4.7649 -4.9533 19.2773
v  4.1809 -4.9490 19.5859
v  3.5908 -4.9490 19.8526
v  3.0366 -4.9550 20.0649
v  2.4251 -4.9549 20.2474
v  1.8217 -4.9551 20.3882
v  1.2021 -4.9544 20.4909
v  0.5847 -4.9552 20.5507
v  9.9035 -5.5143 11.0009
v  9.8803 -5.5139 11.6591
v  9.9149 -5.4929 11.6615
v  9.9377 -5.4948 11.0010
v  9.8165 -5.5140 12.3136
v  9.8507 -5.4933 12.3185
v  9.7080 -5.5138 12.9583
v  9.7418 -5.4927 12.9654
v  9.5589 -5.5138 13.5927
v  9.5922 -5.4926 13.6015
v  9.3710 -5.5140 14.2132
v  9.4038 -5.4934 14.2240
v  9.1411 -5.5138 14.8171
v  9.1731 -5.4924 14.8299
v  8.8746 -5.5137 15.4039
v  8.9056 -5.4922 15.4188
v  8.5719 -5.5139 15.9725
v  8.6019 -5.4929 15.9893
v  8.2317 -5.5138 16.5194
v  8.2605 -5.4925 16.5382
v  7.8563 -5.5136 17.0435
v  7.8837 -5.4918 17.0640
v  7.4477 -5.5136 17.5437
v  7.4736 -5.4920 17.5659
v  7.0068 -5.5138 18.0186
v  7.0349 -5.4864 18.0458
v  6.5327 -5.5136 18.4634
v  6.5567 -5.4898 18.4903
v  6.0279 -5.5135 18.8789
v  6.0490 -5.4914 18.9057
v  5.4942 -5.5135 19.2635
v  5.5133 -5.4918 19.2916
v  4.9317 -5.5137 19.6150
v  4.9514 -5.4863 19.6483
v  4.3467 -5.5135 19.9258
v  4.3627 -5.4883 19.9585
v  3.7477 -5.5135 20.1967
v  3.7621 -5.4855 20.2324
v  3.1350 -5.5136 20.4274
v  3.1461 -5.4922 20.4596
v  2.5120 -5.5134 20.6135
v  2.5209 -5.4912 20.6464
v  1.8810 -5.5134 20.7599
v  1.8877 -5.4914 20.7932
v  1.2438 -5.5135 20.8647
v  1.2482 -5.4917 20.8985
v  0.6021 -5.5134 20.9263
v  0.6043 -5.4912 20.9604
v  9.8631 -5.5116 -12.8986
v  9.8270 -5.4807 -12.8626
v  9.9572 -4.4338 -12.9928
v  9.9572 -5.4466 -12.9928
v  9.5307 -4.9550 -12.5663
v  9.9377 -5.4948 -12.9733
v  9.9035 -5.5143 -12.9392
v  9.5281 -4.9455 11.0002
v  9.5036 -4.9486 11.6543
v  9.4387 -4.9468 12.3039
v  9.3299 -4.9458 12.9250
v  9.2011 -4.9461 13.4711
v  9.0301 -4.9454 14.0452
v  8.8157 -4.9455 14.6180
v  8.5571 -4.9446 15.1938
v  8.2676 -4.9464 15.7444
v  7.9440 -4.9462 16.2720
v  7.5834 -4.9428 16.7786
v  7.1910 -4.9454 17.2626
v  6.7679 -4.9454 17.7227
v  6.3145 -4.9453 18.1526
v  5.8273 -4.9455 18.5556
v  5.3135 -4.9455 18.9289
v  4.7641 -4.9439 19.2759
v  4.1809 -4.9409 19.5860
v  3.5909 -4.9409 19.8527
v  3.0359 -4.9451 20.0622
v  2.4245 -4.9452 20.2449
v  1.8213 -4.9453 20.3857
v  1.2019 -4.9449 20.4886
v  0.5846 -4.9454 20.5481
v  9.5281 -4.9437 -12.5637
v  9.5045 -4.9382 11.6543
v  9.5300 -4.9366 11.0001
v  9.5370 -4.9286 11.0001
v  9.5116 -4.9290 11.6547
v  9.4403 -4.9372 12.3042
v  9.4474 -4.9286 12.3052
v  9.3318 -4.9366 12.9253
v  9.3388 -4.9284 12.9267
v  9.2028 -4.9368 13.4716
v  9.2097 -4.9285 13.4735
v  9.0323 -4.9358 14.0460
v  9.0389 -4.9282 14.0484
v  8.8174 -4.9368 14.6187
v  8.8230 -4.9292 14.6212
v  8.5595 -4.9354 15.1948
v  8.5658 -4.9281 15.1980
v  8.2691 -4.9369 15.7452
v  8.2753 -4.9285 15.7488
v  7.9455 -4.9367 16.2732
v  7.9514 -4.9284 16.2773
v  7.5856 -4.9349 16.7802
v  7.5913 -4.9278 16.7848
v  7.1926 -4.9362 17.2640
v  7.1980 -4.9283 17.2686
v  6.7694 -4.9364 17.7242
v  6.7744 -4.9284 17.7292
v  6.3159 -4.9362 18.1542
v  6.3206 -4.9283 18.1596
v  5.8286 -4.9364 18.5572
v  5.8329 -4.9283 18.5629
v  5.3146 -4.9363 18.9306
v  5.3185 -4.9283 18.9366
v  4.7653 -4.9354 19.2781
v  4.7687 -4.9280 19.2845
v  4.1822 -4.9336 19.5890
v  4.1854 -4.9272 19.5957
v  3.5923 -4.9336 19.8556
v  3.5954 -4.9272 19.8624
v  3.0368 -4.9359 20.0644
v  3.0392 -4.9282 20.0712
v  2.4250 -4.9362 20.2470
v  2.4268 -4.9283 20.2539
v  1.8217 -4.9363 20.3878
v  1.8230 -4.9283 20.3948
v  1.2022 -4.9360 20.4908
v  1.2031 -4.9282 20.4979
v  0.5847 -4.9363 20.5502
v  0.5852 -4.9283 20.5573
v  9.5322 -4.9330 -12.5678
v  9.5393 -4.9272 -12.5749
v  9.5481 -4.9252 11.0002
v  9.5241 -4.9252 11.6554
v  9.4594 -4.9252 12.3068
v  9.3502 -4.9252 12.9290
v  9.2210 -4.9252 13.4765
v  9.0495 -4.9252 14.0521
v  8.8319 -4.9253 14.6250
v  8.5757 -4.9252 15.2030
v  8.2855 -4.9252 15.7547
v  7.9610 -4.9252 16.2841
v  7.5998 -4.9252 16.7914
v  7.2066 -4.9252 17.2761
v  6.7824 -4.9252 17.7373
v  6.3281 -4.9252 18.1683
v  5.8399 -4.9252 18.5721
v  5.3248 -4.9252 18.9461
v  4.7740 -4.9252 19.2940
v  4.1899 -4.9252 19.6051
v  3.5995 -4.9252 19.8720
v  3.0429 -4.9252 20.0819
v  2.4297 -4.9252 20.2650
v  1.8252 -4.9252 20.4060
v  1.2045 -4.9252 20.5092
v  0.5860 -4.9252 20.5687
v  9.5481 -4.9252 -12.5837
v  9.6198 -4.9252 -12.6554
v  9.9291 -4.4253 11.6622
v  9.9547 -4.4265 11.0000
v  9.9537 -4.4254 -12.9893
v  0.6052 -4.4252 20.9731
v  1.2500 -4.4253 20.9114
v  1.8903 -4.4252 20.8058
v  2.5240 -4.4263 20.6575
v  3.1506 -4.4253 20.4722
v  3.7651 -4.4252 20.2403
v  4.3674 -4.4253 19.9678
v  4.9561 -4.4253 19.6558
v  5.5210 -4.4252 19.3024
v  6.0571 -4.4252 18.9156
v  6.5639 -4.4263 18.4978
v  7.0417 -4.4252 18.0520
v  7.4840 -4.4252 17.5743
v  7.8945 -4.4253 17.0716
v  8.2722 -4.4253 16.5454
v  8.6136 -4.4263 15.9955
v  8.9180 -4.4252 15.4243
v  9.1860 -4.4253 14.8345
v  9.4177 -4.4253 14.2282
v  9.6057 -4.4252 13.6049
v  9.7553 -4.4253 12.9686
v  9.8652 -4.4252 12.3208
v  9.9204 -4.4218 11.6617
v  9.7753 -4.4218 11.6519
v  9.7996 -4.4218 11.0002
v  9.9462 -4.4219 10.9999
v  9.9452 -4.4218 -12.9808
v  0.5951 -4.4218 20.8193
v  0.6047 -4.4218 20.9644
v  1.2301 -4.4218 20.7586
v  1.2489 -4.4218 20.9028
v  1.8603 -4.4218 20.6546
v  1.8886 -4.4218 20.7973
v  2.4848 -4.4218 20.5096
v  2.5220 -4.4218 20.6501
v  3.1014 -4.4218 20.3262
v  3.1478 -4.4218 20.4640
v  3.7061 -4.4218 20.0979
v  3.7618 -4.4218 20.2322
v  4.2995 -4.4218 19.8295
v  4.3636 -4.4218 19.9600
v  4.8791 -4.4218 19.5223
v  4.9518 -4.4218 19.6483
v  5.4350 -4.4218 19.1745
v  5.5162 -4.4218 19.2952
v  5.9630 -4.4218 18.7935
v  6.0518 -4.4218 18.9087
v  6.4629 -4.4218 18.3827
v  6.5589 -4.4218 18.4920
v  6.9324 -4.4218 17.9432
v  7.0355 -4.4218 18.0458
v  7.3677 -4.4218 17.4732
v  7.4774 -4.4218 17.5686
v  7.7721 -4.4218 16.9779
v  7.8876 -4.4218 17.0664
v  8.1442 -4.4218 16.4597
v  8.2651 -4.4218 16.5406
v  8.4810 -4.4218 15.9191
v  8.6070 -4.4218 15.9917
v  8.7797 -4.4218 15.3563
v  8.9102 -4.4218 15.4205
v  9.0438 -4.4218 14.7751
v  9.1780 -4.4218 14.8312
v  9.2719 -4.4218 14.1784
v  9.4095 -4.4218 14.2254
v  9.4569 -4.4218 13.5649
v  9.5973 -4.4218 13.6026
v  9.6043 -4.4218 12.9381
v  9.7469 -4.4218 12.9669
v  9.7124 -4.4218 12.3005
v  9.8566 -4.4218 12.3197
v  9.6303 -4.9313 -12.6659
v  9.6259 -4.9268 -12.6615
v  9.5307 -4.9550 -12.5582
v  9.5281 -4.9437 -12.5557
v  9.5322 -4.9330 -12.5598
v  9.5393 -4.9272 -12.5668
v  9.5481 -4.9252 -12.5755
v  9.6198 -4.9252 -12.6467
v  9.6259 -4.9268 -12.6527
v  9.6303 -4.9313 -12.6570
v  9.9452 -4.4218 -12.9694
v  9.9537 -4.4254 -12.9778
v  9.9572 -4.4338 -12.9813
v  9.9572 -5.4466 -12.9813
v  9.9377 -5.4948 -12.9620
v  9.9035 -5.5143 -12.9282
v  9.8631 -5.5116 -12.8879
v  9.8270 -5.4807 -12.8522
v  0.5967 -5.4663 20.8387
v  1.2330 -5.4689 20.7795
v  1.8650 -5.4698 20.6756
v  2.4905 -5.4702 20.5307
v  3.1085 -5.4682 20.3456
v  3.7142 -5.4697 20.1178
v  4.3089 -5.4699 19.8490
v  4.8899 -5.4679 19.5398
v  5.4478 -5.4692 19.1914
v  5.9771 -5.4699 18.8101
v  6.4775 -5.4688 18.3980
v  6.9473 -5.4672 17.9565
v  7.3845 -5.4689 17.4859
v  7.7895 -5.4689 16.9899
v  8.1616 -5.4676 16.4702
v  8.4986 -5.4666 15.9277
v  8.7989 -5.4682 15.3641
v  9.0632 -5.4679 14.7818
v  9.2903 -5.4656 14.1833
v  9.4766 -5.4676 13.5693
v  9.6238 -5.4674 12.9434
v  9.7312 -5.4658 12.3041
v  9.7952 -5.4672 11.6544
v  9.8187 -5.4659 11.0002
v  9.8187 -5.4660 -12.8439
v  9.8187 -5.4660 -12.8543
v  0.5850 -4.9695 20.5588
v  1.2030 -4.9688 20.4989
v  1.8229 -4.9695 20.3963
v  2.4269 -4.9692 20.2553
v  3.0386 -4.9693 20.0727
v  3.5943 -4.9635 19.8600
v  4.1844 -4.9636 19.5932
v  4.7684 -4.9677 19.2847
v  5.3186 -4.9696 18.9384
v  5.8330 -4.9697 18.5650
v  6.3206 -4.9694 18.1615
v  6.7745 -4.9693 17.7311
v  7.1982 -4.9696 17.2708
v  7.5897 -4.9658 16.7851
v  7.9528 -4.9708 16.2796
v  8.2767 -4.9707 15.7513
v  8.5659 -4.9690 15.1998
v  8.8248 -4.9691 14.6237
v  9.0399 -4.9700 14.0501
v  9.2117 -4.9704 13.4748
v  9.3409 -4.9699 12.9258
v  9.4505 -4.9712 12.3041
v  9.5164 -4.9737 11.6545
v  9.5387 -4.9692 11.0002
v  9.5387 -4.9693 -12.5662
v  9.5387 -4.9693 -12.5743
v  0.6055 -5.4101 20.9767
v  1.2505 -5.4111 20.9150
v  1.8910 -5.4105 20.8093
v  2.5252 -5.4100 20.6620
v  3.1517 -5.4117 20.4756
v  3.7665 -5.4104 20.2436
v  4.3690 -5.4102 19.9711
v  4.9579 -5.4119 19.6589
v  5.5230 -5.4110 19.3054
v  6.0593 -5.4103 18.9184
v  6.5669 -5.4112 18.5013
v  7.0442 -5.4126 18.0544
v  7.4867 -5.4112 17.5767
v  7.8973 -5.4110 17.0738
v  8.2752 -5.4122 16.5474
v  8.6175 -5.4130 15.9978
v  8.9212 -5.4118 15.4259
v  9.1893 -5.4119 14.8359
v  9.4211 -5.4138 14.2293
v  9.6092 -5.4123 13.6058
v  9.7589 -5.4124 12.9693
v  9.8686 -5.4137 12.3213
v  9.9326 -5.4126 11.6629
v  9.9568 -5.4176 11.0009
v  9.9572 -5.4106 -12.9813
v  9.9572 -5.4106 -12.9928
v  0.6055 -4.4572 20.9767
v  1.2505 -4.4573 20.9150
v  1.8910 -4.4572 20.8093
v  2.5252 -4.4572 20.6620
v  3.1517 -4.4573 20.4757
v  3.7665 -4.4572 20.2436
v  4.3690 -4.4572 19.9711
v  4.9579 -4.4573 19.6589
v  5.5230 -4.4573 19.3054
v  6.0593 -4.4572 18.9184
v  6.5670 -4.4573 18.5013
v  7.0443 -4.4573 18.0545
v  7.4867 -4.4573 17.5767
v  7.8973 -4.4573 17.0738
v  8.2753 -4.4573 16.5474
v  8.6176 -4.4573 15.9978
v  8.9213 -4.4573 15.4259
v  9.1893 -4.4573 14.8359
v  9.4212 -4.4573 14.2293
v  9.6092 -4.4573 13.6058
v  9.7589 -4.4573 12.9693
v  9.8688 -4.4573 12.3213
v  9.9327 -4.4573 11.6625
v  9.9572 -4.4605 11.0001
v  9.9572 -4.4573 -12.9813
v  9.9572 -4.4573 -12.9928
v  9.9297 -4.4218 -12.9653
v  9.9297 -4.4218 -12.9540
v  9.9305 -4.4219 10.9999
v  9.9049 -4.4218 11.6606
v  9.8412 -4.4218 12.3176
v  9.7316 -4.4218 12.9638
v  9.5823 -4.4218 13.5986
v  9.3948 -4.4218 14.2203
v  9.1637 -4.4218 14.8252
v  8.8963 -4.4218 15.4136
v  8.5935 -4.4218 15.9839
v  8.2521 -4.4218 16.5319
v  7.8753 -4.4218 17.0569
v  7.4657 -4.4218 17.5585
v  7.0245 -4.4218 18.0349
v  6.5486 -4.4218 18.4804
v  6.0423 -4.4218 18.8964
v  5.5075 -4.4218 19.2823
v  4.9440 -4.4218 19.6348
v  4.3567 -4.4218 19.9461
v  3.7558 -4.4218 20.2179
v  3.1428 -4.4218 20.4493
v  2.5180 -4.4218 20.6351
v  1.8856 -4.4218 20.7821
v  1.2469 -4.4218 20.8874
v  0.6036 -4.4218 20.9489
v  9.8133 -4.4218 -12.8489
v  9.8133 -4.4218 -12.8386
v  9.8133 -4.4218 11.0002
v  9.7889 -4.4218 11.6529
v  9.7259 -4.4218 12.3023
v  9.6177 -4.4218 12.9408
v  9.4700 -4.4218 13.5685
v  9.2848 -4.4218 14.1828
v  9.0564 -4.4218 14.7804
v  8.7920 -4.4218 15.3623
v  8.4928 -4.4218 15.9259
v  8.1555 -4.4218 16.4673
v  7.7830 -4.4218 16.9862
v  7.3780 -4.4218 17.4822
v  6.9421 -4.4218 17.9529
v  6.4719 -4.4218 18.3930
v  5.9714 -4.4218 18.8043
v  5.4426 -4.4218 19.1859
v  4.8859 -4.4218 19.5341
v  4.3055 -4.4218 19.8417
v  3.7113 -4.4218 20.1105
v  3.1057 -4.4218 20.3391
v  2.4883 -4.4218 20.5228
v  1.8630 -4.4218 20.6680
v  1.2319 -4.4218 20.7721
v  0.5960 -4.4218 20.8329
v  -0.0428 -5.4118 21.0001
v  -0.0428 -5.4921 20.9830
v  -0.0428 -5.5136 20.9489
v  -0.0428 -4.9550 20.5737
v  -0.0428 -4.9362 20.5731
v  -0.0428 -4.4218 20.8424
v  -0.0428 -4.4218 20.8561
v  9.6198 -4.9251 11.0002
v  9.5953 -4.9254 11.6604
v  9.5299 -4.9254 12.3167
v  9.4199 -4.9254 12.9437
v  9.2895 -4.9255 13.4955
v  9.1168 -4.9255 14.0757
v  8.8999 -4.9252 14.6530
v  8.6420 -4.9255 15.2350
v  8.3492 -4.9254 15.7909
v  8.0219 -4.9253 16.3243
v  7.6579 -4.9254 16.8356
v  7.2618 -4.9253 17.3238
v  6.8344 -4.9254 17.7885
v  6.3766 -4.9253 18.2229
v  5.8846 -4.9254 18.6298
v  5.3656 -4.9253 19.0064
v  4.8104 -4.9252 19.3567
v  4.2218 -4.9254 19.6700
v  3.6272 -4.9254 19.9388
v  3.0656 -4.9189 20.1491
v  2.4484 -4.9253 20.3354
v  1.8395 -4.9254 20.4776
v  1.2140 -4.9254 20.5820
v  0.5908 -4.9255 20.6424
v  -0.0428 -4.9256 20.6658
v  -9.9126 -5.4807 11.0002
v  -9.9487 -5.5116 11.0005
v  -9.9257 -5.5121 11.6563
v  -9.8891 -5.4819 11.6544
v  -9.8617 -5.5118 12.3081
v  -9.8252 -5.4805 12.3041
v  -9.7541 -5.5122 12.9502
v  -9.7178 -5.4822 12.9439
v  -9.6055 -5.5122 13.5823
v  -9.5701 -5.4824 13.5722
v  -9.4179 -5.5118 14.2002
v  -9.3834 -5.4804 14.1873
v  -9.1894 -5.5123 14.8019
v  -9.1559 -5.4827 14.7865
v  -8.9240 -5.5124 15.3863
v  -8.8914 -5.4830 15.3690
v  -8.6222 -5.5120 15.9523
v  -8.5908 -5.4814 15.9330
v  -8.2836 -5.5122 16.4972
v  -8.2534 -5.4824 16.4758
v  -7.9099 -5.5126 17.0193
v  -7.8811 -5.4839 16.9960
v  -7.5030 -5.5126 17.5175
v  -7.4757 -5.4838 17.4923
v  -7.0586 -5.5093 17.9849
v  -7.0381 -5.4820 17.9632
v  -6.5899 -5.5117 18.4314
v  -6.5677 -5.4837 18.4050
v  -6.0890 -5.5129 18.8474
v  -6.0670 -5.4848 18.8174
v  -5.5573 -5.5127 19.2303
v  -5.5373 -5.4840 19.1989
v  -4.9937 -5.5096 19.5739
v  -4.9791 -5.4828 19.5474
v  -4.4130 -5.5116 19.8868
v  -4.3983 -5.4850 19.8567
v  -3.8153 -5.5102 20.1533
v  -3.8034 -5.4848 20.1255
v  -3.2077 -5.5125 20.3893
v  -3.1962 -5.4830 20.3537
v  -2.5874 -5.5129 20.5749
v  -2.5780 -5.4852 20.5389
v  -1.9588 -5.5128 20.7206
v  -1.9519 -5.4847 20.6840
v  -1.3242 -5.5127 20.8248
v  -1.3195 -5.4838 20.7879
v  -0.6851 -5.5129 20.8866
v  -0.6827 -5.4816 20.8473
v  -0.0428 -5.5125 20.9085
v  -0.0428 -5.4830 20.8713
v  -10.0182 -5.4487 11.6629
v  -10.0424 -5.4537 11.0009
v  -10.0424 -5.4176 11.0009
v  -10.0182 -5.4126 11.6629
v  -9.9542 -5.4498 12.3213
v  -9.9542 -5.4137 12.3213
v  -9.8445 -5.4484 12.9693
v  -9.8445 -5.4124 12.9693
v  -9.6948 -5.4483 13.6058
v  -9.6948 -5.4123 13.6058
v  -9.5067 -5.4499 14.2293
v  -9.5067 -5.4138 14.2293
v  -9.2749 -5.4480 14.8359
v  -9.2749 -5.4119 14.8359
v  -9.0068 -5.4478 15.4259
v  -9.0068 -5.4118 15.4259
v  -8.7031 -5.4491 15.9977
v  -8.7031 -5.4130 15.9978
v  -8.3608 -5.4483 16.5474
v  -8.3608 -5.4122 16.5474
v  -7.9829 -5.4470 17.0738
v  -7.9829 -5.4110 17.0738
v  -7.5723 -5.4472 17.5767
v  -7.5723 -5.4112 17.5767
v  -7.1298 -5.4486 18.0544
v  -7.1298 -5.4126 18.0544
v  -6.6526 -5.4472 18.5013
v  -6.6526 -5.4112 18.5013
v  -6.1449 -5.4463 18.9184
v  -6.1449 -5.4103 18.9184
v  -5.6086 -5.4470 19.3054
v  -5.6086 -5.4110 19.3054
v  -5.0435 -5.4479 19.6589
v  -5.0435 -5.4119 19.6589
v  -4.4546 -5.4461 19.9711
v  -4.4546 -5.4102 19.9711
v  -3.8521 -5.4464 20.2436
v  -3.8521 -5.4104 20.2436
v  -3.2373 -5.4477 20.4756
v  -3.2373 -5.4117 20.4756
v  -2.6108 -5.4459 20.6620
v  -2.6108 -5.4100 20.6620
v  -1.9766 -5.4465 20.8093
v  -1.9766 -5.4105 20.8093
v  -1.3361 -5.4471 20.9150
v  -1.3361 -5.4111 20.9150
v  -0.6911 -5.4461 20.9767
v  -0.6911 -5.4101 20.9767
v  -0.0428 -5.4479 21.0001
v  -9.8808 -5.4672 11.6544
v  -9.9043 -5.4659 11.0002
v  -9.8168 -5.4658 12.3041
v  -9.7094 -5.4674 12.9434
v  -9.5622 -5.4676 13.5693
v  -9.3759 -5.4656 14.1833
v  -9.1488 -5.4679 14.7818
v  -8.8845 -5.4682 15.3641
v  -8.5842 -5.4666 15.9277
v  -8.2472 -5.4676 16.4702
v  -7.8752 -5.4689 16.9899
v  -7.4701 -5.4689 17.4859
v  -7.0329 -5.4672 17.9565
v  -6.5631 -5.4688 18.3980
v  -6.0627 -5.4699 18.8101
v  -5.5334 -5.4692 19.1914
v  -4.9755 -5.4679 19.5398
v  -4.3945 -5.4699 19.8490
v  -3.7998 -5.4697 20.1178
v  -3.1941 -5.4682 20.3456
v  -2.5761 -5.4702 20.5307
v  -1.9506 -5.4698 20.6756
v  -1.3186 -5.4689 20.7795
v  -0.6823 -5.4663 20.8387
v  -9.9891 -5.5143 11.0009
v  -10.0233 -5.4948 11.0010
v  -10.0005 -5.4929 11.6615
v  -9.9659 -5.5139 11.6591
v  -9.9363 -5.4933 12.3185
v  -9.9021 -5.5140 12.3136
v  -9.8274 -5.4927 12.9654
v  -9.7936 -5.5138 12.9583
v  -9.6778 -5.4926 13.6015
v  -9.6445 -5.5138 13.5927
v  -9.4894 -5.4934 14.2240
v  -9.4566 -5.5140 14.2132
v  -9.2587 -5.4924 14.8299
v  -9.2267 -5.5138 14.8171
v  -8.9912 -5.4922 15.4188
v  -8.9602 -5.5137 15.4039
v  -8.6875 -5.4929 15.9893
v  -8.6575 -5.5139 15.9725
v  -8.3461 -5.4925 16.5382
v  -8.3173 -5.5138 16.5194
v  -7.9693 -5.4918 17.0640
v  -7.9419 -5.5136 17.0435
v  -7.5592 -5.4920 17.5659
v  -7.5333 -5.5136 17.5437
v  -7.1205 -5.4864 18.0458
v  -7.0925 -5.5138 18.0186
v  -6.6423 -5.4898 18.4903
v  -6.6183 -5.5136 18.4634
v  -6.1346 -5.4914 18.9057
v  -6.1135 -5.5135 18.8789
v  -5.5989 -5.4918 19.2916
v  -5.5798 -5.5135 19.2635
v  -5.0370 -5.4863 19.6483
v  -5.0173 -5.5137 19.6150
v  -4.4484 -5.4883 19.9585
v  -4.4323 -5.5135 19.9258
v  -3.8477 -5.4855 20.2324
v  -3.8333 -5.5134 20.1967
v  -3.2317 -5.4922 20.4596
v  -3.2206 -5.5136 20.4274
v  -2.6065 -5.4912 20.6464
v  -2.5976 -5.5134 20.6135
v  -1.9733 -5.4914 20.7932
v  -1.9666 -5.5134 20.7599
v  -1.3338 -5.4917 20.8985
v  -1.3294 -5.5135 20.8647
v  -0.6900 -5.4912 20.9604
v  -0.6877 -5.5134 20.9263
v  -10.0428 -4.4369 11.0001
v  -10.0428 -4.4605 11.0001
v  -9.6163 -4.9550 11.0002
v  -9.5940 -4.9596 11.6545
v  -9.5892 -4.9486 11.6543
v  -9.6137 -4.9455 11.0002
v  -9.5281 -4.9570 12.3041
v  -9.5243 -4.9468 12.3039
v  -9.4184 -4.9557 12.9253
v  -9.4155 -4.9458 12.9250
v  -9.2897 -4.9562 13.4720
v  -9.2867 -4.9461 13.4711
v  -9.1183 -4.9558 14.0463
v  -9.1157 -4.9454 14.0452
v  -8.9036 -4.9548 14.6192
v  -8.9014 -4.9455 14.6180
v  -8.6448 -4.9547 15.1951
v  -8.6428 -4.9446 15.1938
v  -8.3559 -4.9565 15.7463
v  -8.3532 -4.9464 15.7444
v  -8.0325 -4.9565 16.2741
v  -8.0296 -4.9462 16.2720
v  -7.6696 -4.9514 16.7792
v  -7.6690 -4.9428 16.7786
v  -7.2784 -4.9553 17.2646
v  -7.2766 -4.9454 17.2626
v  -6.8551 -4.9551 17.7246
v  -6.8535 -4.9454 17.7227
v  -6.4017 -4.9551 18.1547
v  -6.4001 -4.9453 18.1526
v  -5.9145 -4.9554 18.5580
v  -5.9129 -4.9455 18.5556
v  -5.4005 -4.9553 18.9312
v  -5.3991 -4.9455 18.9289
v  -4.8505 -4.9533 19.2773
v  -4.8497 -4.9439 19.2759
v  -4.2665 -4.9490 19.5859
v  -4.2665 -4.9409 19.5860
v  -3.6764 -4.9490 19.8526
v  -3.6765 -4.9409 19.8527
v  -3.1222 -4.9550 20.0649
v  -3.1215 -4.9451 20.0622
v  -2.5107 -4.9549 20.2474
v  -2.5101 -4.9452 20.2449
v  -1.9073 -4.9551 20.3882
v  -1.9069 -4.9453 20.3857
v  -1.2877 -4.9544 20.4909
v  -1.2875 -4.9449 20.4886
v  -0.6703 -4.9552 20.5507
v  -0.6702 -4.9454 20.5481
v  -0.0428 -4.9453 20.5710
v  -9.6163 -4.9550 -12.5663
v  -9.6163 -4.9550 -12.5582
v  -9.6137 -4.9437 -12.5557
v  -9.6137 -4.9437 -12.5637
v  -9.5901 -4.9382 11.6543
v  -9.5972 -4.9290 11.6547
v  -9.6226 -4.9286 11.0001
v  -9.6156 -4.9366 11.0001
v  -9.5259 -4.9372 12.3042
v  -9.5330 -4.9286 12.3052
v  -9.4174 -4.9366 12.9253
v  -9.4244 -4.9284 12.9267
v  -9.2884 -4.9368 13.4716
v  -9.2953 -4.9285 13.4735
v  -9.1179 -4.9358 14.0460
v  -9.1245 -4.9282 14.0484
v  -8.9030 -4.9368 14.6187
v  -8.9086 -4.9292 14.6212
v  -8.6451 -4.9354 15.1948
v  -8.6514 -4.9281 15.1980
v  -8.3547 -4.9369 15.7452
v  -8.3609 -4.9285 15.7488
v  -8.0311 -4.9367 16.2732
v  -8.0370 -4.9284 16.2773
v  -7.6712 -4.9349 16.7802
v  -7.6769 -4.9278 16.7848
v  -7.2782 -4.9362 17.2640
v  -7.2836 -4.9283 17.2686
v  -6.8550 -4.9364 17.7242
v  -6.8600 -4.9284 17.7292
v  -6.4015 -4.9362 18.1542
v  -6.4062 -4.9283 18.1596
v  -5.9142 -4.9364 18.5572
v  -5.9185 -4.9283 18.5629
v  -5.4002 -4.9363 18.9306
v  -5.4041 -4.9283 18.9366
v  -4.8509 -4.9354 19.2781
v  -4.8543 -4.9280 19.2845
v  -4.2678 -4.9336 19.5890
v  -4.2710 -4.9272 19.5957
v  -3.6779 -4.9336 19.8556
v  -3.6810 -4.9272 19.8624
v  -3.1224 -4.9359 20.0644
v  -3.1248 -4.9282 20.0712
v  -2.5106 -4.9362 20.2470
v  -2.5124 -4.9283 20.2539
v  -1.9073 -4.9363 20.3878
v  -1.9087 -4.9283 20.3948
v  -1.2878 -4.9360 20.4908
v  -1.2887 -4.9282 20.4979
v  -0.6703 -4.9363 20.5502
v  -0.6708 -4.9283 20.5573
v  -9.6097 -4.9252 11.6554
v  -9.6337 -4.9252 11.0002
v  -9.5450 -4.9252 12.3068
v  -9.4358 -4.9252 12.9290
v  -9.3066 -4.9252 13.4765
v  -9.1351 -4.9252 14.0521
v  -8.9175 -4.9253 14.6250
v  -8.6613 -4.9252 15.2030
v  -8.3711 -4.9252 15.7547
v  -8.0467 -4.9252 16.2841
v  -7.6854 -4.9252 16.7914
v  -7.2922 -4.9252 17.2761
v  -6.8680 -4.9252 17.7373
v  -6.4138 -4.9252 18.1683
v  -5.9255 -4.9252 18.5721
v  -5.4104 -4.9252 18.9461
v  -4.8596 -4.9252 19.2940
v  -4.2755 -4.9252 19.6051
v  -3.6851 -4.9252 19.8720
v  -3.1285 -4.9252 20.0819
v  -2.5153 -4.9252 20.2650
v  -1.9108 -4.9252 20.4060
v  -1.2901 -4.9252 20.5092
v  -0.6716 -4.9252 20.5687
v  -9.6809 -4.9254 11.6604
v  -9.7054 -4.9251 11.0002
v  -9.6155 -4.9254 12.3167
v  -9.5055 -4.9254 12.9437
v  -9.3751 -4.9255 13.4955
v  -9.2024 -4.9255 14.0757
v  -8.9855 -4.9252 14.6530
v  -8.7276 -4.9255 15.2350
v  -8.4348 -4.9254 15.7909
v  -8.1075 -4.9253 16.3243
v  -7.7435 -4.9254 16.8356
v  -7.3474 -4.9253 17.3238
v  -6.9200 -4.9254 17.7885
v  -6.4622 -4.9253 18.2229
v  -5.9702 -4.9254 18.6298
v  -5.4513 -4.9253 19.0064
v  -4.8960 -4.9252 19.3567
v  -4.3074 -4.9254 19.6700
v  -3.7128 -4.9254 19.9388
v  -3.1512 -4.9189 20.1491
v  -2.5340 -4.9253 20.3354
v  -1.9251 -4.9254 20.4776
v  -1.2996 -4.9254 20.5820
v  -0.6764 -4.9255 20.6424
v  -10.0183 -4.4338 11.6625
v  -10.0403 -4.4265 11.0000
v  -10.0147 -4.4253 11.6622
v  -0.6911 -4.4338 20.9767
v  -1.3361 -4.4338 20.9150
v  -1.3356 -4.4253 20.9114
v  -0.6908 -4.4252 20.9731
v  -1.9766 -4.4338 20.8093
v  -1.9759 -4.4252 20.8058
v  -2.6108 -4.4338 20.6620
v  -2.6096 -4.4263 20.6575
v  -3.2373 -4.4338 20.4757
v  -3.2362 -4.4253 20.4722
v  -3.8521 -4.4338 20.2436
v  -3.8507 -4.4252 20.2403
v  -4.4546 -4.4338 19.9711
v  -4.4530 -4.4253 19.9678
v  -5.0435 -4.4338 19.6589
v  -5.0417 -4.4253 19.6558
v  -5.6087 -4.4338 19.3054
v  -5.6066 -4.4252 19.3024
v  -6.1449 -4.4338 18.9184
v  -6.1427 -4.4252 18.9156
v  -6.6526 -4.4338 18.5013
v  -6.6495 -4.4263 18.4978
v  -7.1299 -4.4338 18.0545
v  -7.1273 -4.4252 18.0520
v  -7.5723 -4.4338 17.5767
v  -7.5696 -4.4252 17.5743
v  -7.9830 -4.4338 17.0738
v  -7.9801 -4.4253 17.0716
v  -8.3609 -4.4338 16.5474
v  -8.3578 -4.4253 16.5454
v  -8.7032 -4.4338 15.9978
v  -8.6992 -4.4263 15.9955
v  -9.0069 -4.4338 15.4259
v  -9.0036 -4.4252 15.4243
v  -9.2749 -4.4338 14.8359
v  -9.2716 -4.4253 14.8345
v  -9.5068 -4.4338 14.2293
v  -9.5033 -4.4253 14.2282
v  -9.6948 -4.4338 13.6058
v  -9.6913 -4.4252 13.6049
v  -9.8445 -4.4338 12.9693
v  -9.8409 -4.4253 12.9686
v  -9.9544 -4.4338 12.3213
v  -9.9508 -4.4252 12.3208
v  -10.0060 -4.4218 11.6617
v  -10.0318 -4.4219 10.9999
v  -10.0161 -4.4219 10.9999
v  -9.9905 -4.4218 11.6606
v  -0.6903 -4.4218 20.9644
v  -1.3345 -4.4218 20.9028
v  -1.3325 -4.4218 20.8874
v  -0.6893 -4.4218 20.9489
v  -1.9742 -4.4218 20.7973
v  -1.9712 -4.4218 20.7821
v  -2.6076 -4.4218 20.6501
v  -2.6037 -4.4218 20.6351
v  -3.2334 -4.4218 20.4640
v  -3.2285 -4.4218 20.4493
v  -3.8474 -4.4218 20.2322
v  -3.8414 -4.4218 20.2179
v  -4.4492 -4.4218 19.9600
v  -4.4423 -4.4218 19.9461
v  -5.0374 -4.4218 19.6483
v  -5.0296 -4.4218 19.6348
v  -5.6018 -4.4218 19.2952
v  -5.5931 -4.4218 19.2823
v  -6.1374 -4.4218 18.9087
v  -6.1279 -4.4218 18.8964
v  -6.6445 -4.4218 18.4920
v  -6.6342 -4.4218 18.4804
v  -7.1211 -4.4218 18.0458
v  -7.1101 -4.4218 18.0349
v  -7.5630 -4.4218 17.5686
v  -7.5513 -4.4218 17.5585
v  -7.9732 -4.4218 17.0664
v  -7.9609 -4.4218 17.0569
v  -8.3507 -4.4218 16.5406
v  -8.3378 -4.4218 16.5319
v  -8.6926 -4.4218 15.9917
v  -8.6791 -4.4218 15.9839
v  -8.9958 -4.4218 15.4205
v  -8.9819 -4.4218 15.4136
v  -9.2636 -4.4218 14.8312
v  -9.2493 -4.4218 14.8252
v  -9.4951 -4.4218 14.2254
v  -9.4805 -4.4218 14.2203
v  -9.6829 -4.4218 13.6026
v  -9.6679 -4.4218 13.5986
v  -9.8325 -4.4218 12.9669
v  -9.8172 -4.4218 12.9638
v  -9.9422 -4.4218 12.3197
v  -9.9268 -4.4218 12.3176
v  -9.8609 -4.4218 11.6519
v  -9.8852 -4.4218 11.0002
v  -0.6807 -4.4218 20.8193
v  -1.3157 -4.4218 20.7586
v  -1.9459 -4.4218 20.6546
v  -2.5704 -4.4218 20.5096
v  -3.1870 -4.4218 20.3262
v  -3.7917 -4.4218 20.0979
v  -4.3851 -4.4218 19.8295
v  -4.9647 -4.4218 19.5223
v  -5.5206 -4.4218 19.1745
v  -6.0487 -4.4218 18.7935
v  -6.5485 -4.4218 18.3827
v  -7.0180 -4.4218 17.9432
v  -7.4533 -4.4218 17.4732
v  -7.8577 -4.4218 16.9779
v  -8.2298 -4.4218 16.4597
v  -8.5666 -4.4218 15.9191
v  -8.8653 -4.4218 15.3563
v  -9.1294 -4.4218 14.7751
v  -9.3575 -4.4218 14.1784
v  -9.5425 -4.4218 13.5649
v  -9.6899 -4.4218 12.9381
v  -9.7980 -4.4218 12.3005
v  -10.0393 -4.4254 -12.9893
v  -10.0308 -4.4218 -12.9808
v  -10.0308 -4.4218 -12.9694
v  -10.0393 -4.4254 -12.9778
v  -0.0428 -4.4218 20.9879
v  -0.0428 -4.4253 20.9965
v  -0.0428 -4.9283 20.5803
v  -0.0428 -4.9252 20.5918
v  -0.0428 -4.4338 21.0002
v  -0.0428 -4.4218 20.9723
v  -9.7159 -4.9313 -12.6659
v  -9.7159 -4.9313 -12.6570
v  -9.7115 -4.9268 -12.6615
v  -9.7115 -4.9268 -12.6527
v  -9.9487 -5.5116 -12.8986
v  -9.9126 -5.4807 -12.8626
v  -9.9043 -5.4660 -12.8543
v  -9.6178 -4.9330 -12.5678
v  -9.6249 -4.9272 -12.5749
v  -9.6337 -4.9252 -12.5837
v  -9.7054 -4.9252 -12.6554
v  -9.8989 -4.4218 -12.8489
v  -10.0428 -4.4338 -12.9928
v  -10.0428 -5.4466 -12.9928
v  -10.0233 -5.4948 -12.9733
v  -9.9891 -5.5143 -12.9392
v  -9.9126 -5.4807 -12.8522
v  -9.9487 -5.5116 -12.8879
v  -10.0428 -5.4466 -12.9813
v  -10.0428 -5.4106 -12.9813
v  -9.6243 -4.9692 -12.5662
v  -9.9891 -5.5143 -12.9282
v  -10.0233 -5.4948 -12.9620
v  -9.6249 -4.9272 -12.5668
v  -9.6178 -4.9330 -12.5598
v  -9.6337 -4.9252 -12.5755
v  -10.0428 -4.4338 -12.9813
v  -10.0153 -4.4218 -12.9540
v  -9.8853 -4.4218 -12.8353
v  -9.7054 -4.9252 -12.6467
v  -0.0428 -4.9691 20.5816
v  -0.6707 -4.9695 20.5588
v  -9.9835 -4.5005 -12.9228
v  -9.9427 -4.5005 -11.5724
v  -9.9365 -4.5005 -11.5724
v  -9.9768 -4.5005 -12.9161
v  -10.0428 -5.4106 -12.9928
v  -9.6243 -4.9692 -12.5743
v  -10.0153 -4.4218 -12.9653
v  -9.6020 -4.9737 11.6545
v  -9.6243 -4.9692 11.0002
v  -9.5361 -4.9712 12.3041
v  -9.4265 -4.9699 12.9258
v  -9.2973 -4.9704 13.4748
v  -9.1255 -4.9700 14.0501
v  -8.9104 -4.9691 14.6237
v  -8.6515 -4.9690 15.1998
v  -8.3623 -4.9707 15.7513
v  -8.0384 -4.9708 16.2796
v  -7.6753 -4.9658 16.7851
v  -7.2838 -4.9696 17.2708
v  -6.8601 -4.9693 17.7311
v  -6.4062 -4.9694 18.1615
v  -5.9186 -4.9697 18.5650
v  -5.4042 -4.9696 18.9384
v  -4.8540 -4.9677 19.2847
v  -4.2700 -4.9636 19.5932
v  -3.6799 -4.9635 19.8600
v  -3.1242 -4.9693 20.0727
v  -2.5125 -4.9692 20.2553
v  -1.9085 -4.9695 20.3963
v  -1.2886 -4.9688 20.4989
v  -9.9043 -5.4660 -12.8439
v  -10.0183 -4.4573 11.6625
v  -9.9544 -4.4573 12.3213
v  -9.8445 -4.4573 12.9693
v  -9.6948 -4.4573 13.6058
v  -9.5068 -4.4573 14.2293
v  -9.2749 -4.4573 14.8359
v  -9.0069 -4.4573 15.4259
v  -8.7032 -4.4573 15.9978
v  -8.3609 -4.4573 16.5474
v  -7.9830 -4.4573 17.0738
v  -7.5723 -4.4573 17.5767
v  -7.1299 -4.4573 18.0545
v  -6.6526 -4.4573 18.5013
v  -6.1449 -4.4572 18.9184
v  -5.6087 -4.4573 19.3054
v  -5.0435 -4.4573 19.6589
v  -4.4546 -4.4572 19.9711
v  -3.8521 -4.4572 20.2436
v  -3.2373 -4.4573 20.4757
v  -2.6108 -4.4572 20.6620
v  -1.9766 -4.4572 20.8093
v  -1.3361 -4.4573 20.9150
v  -0.6911 -4.4572 20.9767
v  -0.0428 -4.4573 21.0002
v  -10.0428 -4.4573 -12.9813
v  -10.0428 -4.4573 -12.9928
v  -9.8989 -4.4218 11.0002
v  -9.8745 -4.4218 11.6529
v  -1.3175 -4.4218 20.7721
v  -0.6816 -4.4218 20.8329
v  -1.9486 -4.4218 20.6680
v  -2.5739 -4.4218 20.5228
v  -3.1913 -4.4218 20.3391
v  -3.7969 -4.4218 20.1105
v  -4.3911 -4.4218 19.8417
v  -4.9716 -4.4218 19.5341
v  -5.5282 -4.4218 19.1859
v  -6.0570 -4.4218 18.8043
v  -6.5576 -4.4218 18.3930
v  -7.0277 -4.4218 17.9529
v  -7.4636 -4.4218 17.4822
v  -7.8686 -4.4218 16.9862
v  -8.2411 -4.4218 16.4673
v  -8.5784 -4.4218 15.9259
v  -8.8776 -4.4218 15.3623
v  -9.1420 -4.4218 14.7804
v  -9.3704 -4.4218 14.1828
v  -9.5557 -4.4218 13.5685
v  -9.7033 -4.4218 12.9408
v  -9.8116 -4.4218 12.3023
v  -9.8989 -4.4218 -12.8386
v  -0.0428 -5.4685 20.8631
v  9.8432 -5.5116 -12.8986
v  9.8835 -5.5143 -12.9392
v  9.9176 -5.4948 -12.9733
v  9.9370 -5.4466 -12.9928
v  9.9370 -5.4106 -12.9928
v  9.9371 -4.4573 -12.9928
v  9.9371 -4.4338 -12.9928
v  9.9335 -4.4254 -12.9893
v  9.9251 -4.4218 -12.9808
v  9.9096 -4.4218 -12.9653
v  9.7935 -4.4218 -12.8489
v  9.7997 -4.4218 -12.8353
v  9.6108 -4.9313 -12.6659
v  9.6064 -4.9268 -12.6615
v  9.6003 -4.9252 -12.6554
v  9.5287 -4.9252 -12.5837
v  9.5200 -4.9272 -12.5749
v  9.5129 -4.9330 -12.5678
v  9.5088 -4.9437 -12.5637
v  9.5114 -4.9550 -12.5663
v  9.5194 -4.9693 -12.5743
v  9.7988 -5.4660 -12.8543
v  9.8071 -5.4807 -12.8626
v  -9.8847 -5.4660 -12.8543
v  -9.6053 -4.9692 -12.5743
v  -9.5973 -4.9550 -12.5663
v  -9.5947 -4.9437 -12.5637
v  -9.5988 -4.9330 -12.5678
v  -9.6059 -4.9272 -12.5749
v  -9.6146 -4.9252 -12.5837
v  -9.6863 -4.9252 -12.6554
v  -9.6923 -4.9268 -12.6615
v  -9.6967 -4.9313 -12.6659
v  -9.8794 -4.4218 -12.8489
v  -9.9955 -4.4218 -12.9653
v  -10.0110 -4.4218 -12.9808
v  -10.0194 -4.4254 -12.9893
v  -10.0230 -4.4338 -12.9928
v  -10.0230 -4.4573 -12.9928
v  -10.0230 -5.4106 -12.9928
v  -10.0230 -5.4466 -12.9928
v  -10.0035 -5.4948 -12.9733
v  -9.9694 -5.5143 -12.9392
v  -9.9291 -5.5116 -12.8986
v  -9.8930 -5.4807 -12.8626
v  -0.0430 -5.5116 -12.8986
v  -0.0430 -5.5143 -12.9392
v  -0.0430 -5.4948 -12.9733
v  -0.0430 -5.4466 -12.9928
v  -0.0430 -5.4106 -12.9928
v  -0.0430 -4.4573 -12.9928
v  -0.0430 -4.4338 -12.9928
v  -0.0430 -4.4254 -12.9893
v  -0.0430 -4.4218 -12.9808
v  -0.0430 -4.4218 -12.9653
v  -0.0430 -4.4218 -12.8489
v  -0.0428 -4.4218 -12.8353
v  -0.0430 -4.9313 -12.6659
v  -0.0430 -4.9268 -12.6615
v  -0.0430 -4.9252 -12.6554
v  -0.0430 -4.9252 -12.5837
v  -0.0430 -4.9272 -12.5749
v  -0.0430 -4.9330 -12.5678
v  -0.0430 -4.9437 -12.5637
v  -0.0430 -4.9550 -12.5663
v  -0.0430 -4.9692 -12.5743
v  -0.0430 -5.4660 -12.8543
v  -0.0430 -5.4807 -12.8626
v  -0.0428 -4.4218 11.0002
v  -0.2392 -4.6490 11.0000
v  -0.2860 -4.5309 11.0000
v  9.7111 -4.6098 -12.7930
v  9.7107 -4.6155 -12.7874
v  9.7111 -4.6018 -12.7930
v  -0.2393 -4.6098 -12.7930
v  -0.2393 -4.6018 -12.7930
v  -0.2393 -4.6155 -12.7874
v  -9.7967 -4.5699 -12.7930
v  -9.7967 -4.5779 -12.7930
v  -0.2393 -4.5699 -12.7930
v  -0.2393 -4.5779 -12.7930
v  -9.8112 -4.5699 -12.7903
v  -9.8112 -4.5779 -12.7903
v  -9.8333 -4.6098 -12.7682
v  -9.8280 -4.6155 -12.7660
v  -9.8333 -4.6018 -12.7682
v  -9.8361 -4.6098 -12.7537
v  -9.8361 -4.6018 -12.7537
v  -9.8304 -4.6155 -12.7532
v  -9.8361 -4.5699 -12.7537
v  -9.8361 -4.5779 -12.7537
v  -9.8333 -4.5699 -12.7682
v  -9.8333 -4.5779 -12.7682
v  -9.8245 -4.6098 -12.7815
v  -9.8205 -4.6155 -12.7775
v  -9.8245 -4.6018 -12.7815
v  -9.8245 -4.5699 -12.7815
v  -9.8245 -4.5779 -12.7815
v  -9.8112 -4.6098 -12.7903
v  -9.8091 -4.6155 -12.7850
v  -9.8112 -4.6018 -12.7903
v  -9.7967 -4.6098 -12.7930
v  -9.7963 -4.6155 -12.7874
v  -9.7967 -4.6018 -12.7930
v  9.7505 -4.6098 11.0003
v  9.7449 -4.6155 11.0003
v  9.7505 -4.6018 11.0003
v  9.7505 -4.6098 -12.7537
v  9.7505 -4.6018 -12.7537
v  9.7449 -4.6155 -12.7532
v  9.7505 -4.5699 -12.7537
v  9.7505 -4.5779 -12.7537
v  9.7505 -4.5699 11.0003
v  9.7505 -4.5779 11.0003
v  9.7477 -4.6098 -12.7681
v  9.7477 -4.6018 -12.7681
v  9.7424 -4.6155 -12.7660
v  9.7256 -4.6098 -12.7903
v  9.7235 -4.6155 -12.7850
v  9.7256 -4.6018 -12.7903
v  9.7111 -4.5699 -12.7930
v  9.7111 -4.5779 -12.7930
v  9.7256 -4.5699 -12.7903
v  9.7256 -4.5779 -12.7903
v  9.7390 -4.6098 -12.7815
v  9.7349 -4.6155 -12.7775
v  9.7390 -4.6018 -12.7815
v  9.7390 -4.5699 -12.7815
v  9.7390 -4.5779 -12.7815
v  9.7477 -4.5699 -12.7681
v  9.7477 -4.5779 -12.7681
v  -9.8361 -4.6098 11.0003
v  -9.8361 -4.6018 11.0003
v  -9.8305 -4.6155 10.9999
v  -9.8361 -4.5699 11.0003
v  -9.8361 -4.5779 11.0003
v  -9.7488 -4.5696 12.2972
v  -9.7491 -4.5776 12.2973
v  9.6632 -4.5695 12.2971
v  9.6635 -4.5775 12.2972
v  -9.4943 -4.5696 13.5546
v  -9.4946 -4.5776 13.5546
v  -9.0829 -4.5696 14.7588
v  -9.0831 -4.5776 14.7589
v  -8.5223 -4.5689 15.8959
v  -8.5232 -4.5769 15.8964
v  -7.8176 -4.5700 16.9498
v  -7.8176 -4.5781 16.9498
v  -6.9821 -4.5699 17.9100
v  -6.9821 -4.5779 17.9100
v  -6.0174 -4.5696 18.7555
v  -6.0176 -4.5776 18.7557
v  -4.9388 -4.5696 19.4804
v  -4.9390 -4.5776 19.4806
v  -3.7720 -4.5696 20.0528
v  -3.7720 -4.5776 20.0528
v  -2.5564 -4.5696 20.4624
v  -2.5564 -4.5776 20.4624
v  -1.3081 -4.5696 20.7099
v  -1.3081 -4.5776 20.7102
v  -0.0428 -4.5696 20.7932
v  -0.0428 -4.5776 20.7935
v  1.2225 -4.5696 20.7099
v  1.2225 -4.5776 20.7099
v  2.4708 -4.5696 20.4623
v  2.4709 -4.5776 20.4626
v  3.6864 -4.5696 20.0528
v  3.6865 -4.5776 20.0530
v  4.8532 -4.5696 19.4804
v  4.8533 -4.5776 19.4806
v  5.9318 -4.5696 18.7554
v  5.9320 -4.5779 18.7556
v  6.8964 -4.5696 17.9097
v  6.8966 -4.5776 17.9099
v  7.7318 -4.5696 16.9497
v  7.7320 -4.5776 16.9499
v  8.4373 -4.5696 15.8963
v  8.4375 -4.5776 15.8965
v  8.9972 -4.5696 14.7588
v  8.9975 -4.5776 14.7589
v  9.4087 -4.5696 13.5546
v  9.4090 -4.5776 13.5547
v  -9.7490 -4.6101 12.2972
v  -9.7491 -4.6021 12.2973
v  -9.7434 -4.6158 12.2962
v  9.6636 -4.6098 12.2967
v  9.6580 -4.6156 12.2963
v  9.6636 -4.6018 12.2968
v  -9.4944 -4.6101 13.5546
v  -9.4946 -4.6021 13.5546
v  -9.4890 -4.6158 13.5528
v  -9.0830 -4.6101 14.7588
v  -9.0831 -4.6021 14.7589
v  -9.0779 -4.6158 14.7563
v  -8.5224 -4.6108 15.8960
v  -8.5232 -4.6028 15.8964
v  -8.5176 -4.6165 15.8929
v  -7.8175 -4.6101 16.9498
v  -7.8176 -4.6020 16.9498
v  -7.8132 -4.6158 16.9460
v  -6.9821 -4.6101 17.9098
v  -6.9822 -4.6021 17.9099
v  -6.9783 -4.6158 17.9055
v  -6.0175 -4.6101 18.7556
v  -6.0176 -4.6020 18.7557
v  -6.0143 -4.6158 18.7509
v  -4.9389 -4.6101 19.4805
v  -4.9390 -4.6021 19.4806
v  -4.9363 -4.6158 19.4754
v  -3.7720 -4.6101 20.0528
v  -3.7720 -4.6021 20.0528
v  -3.7702 -4.6157 20.0474
v  -2.5564 -4.6101 20.4624
v  -2.5564 -4.6021 20.4624
v  -2.5553 -4.6157 20.4568
v  -1.3081 -4.6101 20.7100
v  -1.3081 -4.6021 20.7102
v  -1.3077 -4.6158 20.7043
v  -0.0428 -4.6102 20.7933
v  -0.0428 -4.6021 20.7935
v  -0.0431 -4.6158 20.7876
v  1.2225 -4.6101 20.7099
v  1.2225 -4.6021 20.7099
v  1.2214 -4.6157 20.7043
v  2.4708 -4.6101 20.4625
v  2.4709 -4.6021 20.4626
v  2.4691 -4.6158 20.4570
v  3.6865 -4.6101 20.0529
v  3.6865 -4.6021 20.0530
v  3.6840 -4.6158 20.0478
v  4.8532 -4.6101 19.4805
v  4.8533 -4.6021 19.4806
v  4.8501 -4.6158 19.4757
v  5.9319 -4.6101 18.7555
v  5.9320 -4.6018 18.7556
v  5.9281 -4.6160 18.7511
v  6.8964 -4.6101 17.9098
v  6.8966 -4.6021 17.9099
v  6.8922 -4.6158 17.9060
v  7.7319 -4.6101 16.9498
v  7.7320 -4.6020 16.9499
v  7.7272 -4.6158 16.9466
v  8.4370 -4.6101 15.8972
v  8.4371 -4.6020 15.8972
v  8.4319 -4.6157 15.8947
v  8.9976 -4.6098 14.7586
v  8.9976 -4.6018 14.7586
v  8.9924 -4.6155 14.7568
v  9.4089 -4.6098 13.5548
v  9.4089 -4.6018 13.5548
v  9.4035 -4.6155 13.5536
v  9.7113 -4.5309 -12.7539
v  9.7163 -4.5374 -12.7589
v  -0.2392 -4.5309 -12.7539
v  -0.2392 -4.5309 -12.7459
v  -0.2392 -4.5365 -12.7596
v  -9.7969 -4.5309 -12.7539
v  -9.8019 -4.5374 -12.7589
v  -9.7971 -4.5309 11.0003
v  -9.7891 -4.5309 11.0003
v  -9.8027 -4.5365 11.0007
v  -9.7109 -4.5312 12.2921
v  -9.7029 -4.5312 12.2911
v  -9.7164 -4.5369 12.2932
v  -9.4580 -4.5320 13.5448
v  -9.4503 -4.5320 13.5427
v  -9.4634 -4.5376 13.5466
v  -9.0482 -4.5320 14.7443
v  -9.0408 -4.5320 14.7412
v  -9.0533 -4.5377 14.7468
v  -8.4897 -4.5312 15.8771
v  -8.4828 -4.5312 15.8731
v  -8.4944 -4.5369 15.8802
v  -7.7879 -4.5323 16.9270
v  -7.7815 -4.5323 16.9222
v  -7.7921 -4.5380 16.9307
v  -6.9548 -4.5311 17.8825
v  -6.9491 -4.5311 17.8769
v  -6.9585 -4.5368 17.8868
v  -5.9947 -4.5323 18.7259
v  -5.9898 -4.5323 18.7196
v  -5.9979 -4.5380 18.7306
v  -4.9197 -4.5313 19.4472
v  -4.9157 -4.5313 19.4403
v  -4.9222 -4.5370 19.4523
v  -3.7579 -4.5309 20.0184
v  -3.7548 -4.5309 20.0110
v  -3.7597 -4.5366 20.0237
v  -2.5469 -4.5309 20.4266
v  -2.5449 -4.5309 20.4189
v  -2.5480 -4.5366 20.4321
v  -1.3031 -4.5314 20.6720
v  -1.3021 -4.5314 20.6640
v  -1.3035 -4.5370 20.6776
v  -0.0428 -4.5309 20.7543
v  -0.0428 -4.5309 20.7463
v  -0.0425 -4.5365 20.7599
v  1.2175 -4.5309 20.6722
v  1.2165 -4.5309 20.6643
v  1.2186 -4.5365 20.6777
v  2.4612 -4.5320 20.4261
v  2.4591 -4.5320 20.4183
v  2.4629 -4.5377 20.4314
v  3.6721 -4.5320 20.0180
v  3.6690 -4.5320 20.0106
v  3.6745 -4.5376 20.0231
v  4.8341 -4.5313 19.4472
v  4.8300 -4.5313 19.4403
v  4.8372 -4.5369 19.4519
v  5.9091 -4.5323 18.7259
v  5.9042 -4.5323 18.7195
v  5.9128 -4.5379 18.7302
v  6.8691 -4.5311 17.8826
v  6.8634 -4.5311 17.8769
v  6.8734 -4.5368 17.8863
v  7.7021 -4.5322 16.9270
v  7.6958 -4.5322 16.9221
v  7.7068 -4.5379 16.9302
v  8.4041 -4.5312 15.8771
v  8.3971 -4.5312 15.8731
v  8.4091 -4.5369 15.8796
v  8.9626 -4.5320 14.7444
v  8.9552 -4.5320 14.7413
v  8.9679 -4.5377 14.7462
v  9.3724 -4.5320 13.5448
v  9.3646 -4.5320 13.5427
v  9.3779 -4.5376 13.5459
v  9.6252 -4.5312 12.2921
v  9.6173 -4.5312 12.2910
v  9.6309 -4.5369 12.2925
v  9.7115 -4.5309 11.0002
v  9.7035 -4.5309 10.9997
v  9.7171 -4.5365 11.0002
v  -9.7889 -4.5309 -12.7459
v  9.7033 -4.5309 -12.7459
v  9.7114 -4.6490 -12.7539
v  9.7163 -4.6424 -12.7589
v  9.7115 -4.6490 11.0002
v  9.7035 -4.6490 11.0002
v  9.7171 -4.6433 11.0006
v  9.6254 -4.6485 12.2921
v  9.6174 -4.6485 12.2910
v  9.6309 -4.6428 12.2932
v  9.3728 -4.6474 13.5449
v  9.3651 -4.6474 13.5428
v  9.3782 -4.6417 13.5467
v  8.9618 -4.6484 14.7447
v  8.9544 -4.6484 14.7416
v  8.9669 -4.6427 14.7471
v  8.4042 -4.6485 15.8772
v  8.3973 -4.6485 15.8732
v  8.4089 -4.6428 15.8803
v  7.7026 -4.6470 16.9273
v  7.6962 -4.6470 16.9225
v  7.7069 -4.6414 16.9310
v  6.8692 -4.6486 17.8826
v  6.8635 -4.6486 17.8770
v  6.8730 -4.6429 17.8869
v  5.9095 -4.6469 18.7264
v  5.9046 -4.6469 18.7200
v  5.9127 -4.6412 18.7311
v  4.8341 -4.6483 19.4474
v  4.8301 -4.6483 19.4404
v  4.8367 -4.6427 19.4524
v  3.6723 -4.6474 20.0184
v  3.6692 -4.6474 20.0110
v  3.6741 -4.6417 20.0238
v  2.4613 -4.6473 20.4265
v  2.4592 -4.6473 20.4188
v  2.4624 -4.6416 20.4321
v  1.2175 -4.6482 20.6722
v  1.2165 -4.6482 20.6643
v  1.2179 -4.6426 20.6778
v  -0.0428 -4.6490 20.7543
v  -0.0428 -4.6490 20.7463
v  -0.0431 -4.6433 20.7600
v  -1.3032 -4.6482 20.6722
v  -1.3021 -4.6482 20.6643
v  -1.3042 -4.6426 20.6778
v  -2.5469 -4.6472 20.4266
v  -2.5449 -4.6472 20.4189
v  -2.5487 -4.6415 20.4320
v  -3.7579 -4.6474 20.0184
v  -3.7548 -4.6474 20.0110
v  -3.7603 -4.6417 20.0235
v  -4.9198 -4.6483 19.4474
v  -4.9158 -4.6483 19.4404
v  -4.9229 -4.6427 19.4521
v  -5.9951 -4.6469 18.7264
v  -5.9902 -4.6469 18.7201
v  -5.9988 -4.6412 18.7307
v  -6.9548 -4.6486 17.8826
v  -6.9491 -4.6486 17.8770
v  -6.9591 -4.6429 17.8864
v  -7.7880 -4.6489 16.9245
v  -7.7817 -4.6489 16.9196
v  -7.7927 -4.6432 16.9277
v  -8.4898 -4.6485 15.8772
v  -8.4829 -4.6485 15.8731
v  -8.4949 -4.6428 15.8797
v  -9.0486 -4.6473 14.7445
v  -9.0412 -4.6473 14.7414
v  -9.0540 -4.6417 14.7464
v  -9.4585 -4.6474 13.5449
v  -9.4507 -4.6474 13.5428
v  -9.4640 -4.6417 13.5460
v  -9.7110 -4.6484 12.2922
v  -9.7030 -4.6485 12.2911
v  -9.7166 -4.6428 12.2926
v  -9.7971 -4.6490 11.0003
v  -9.7891 -4.6490 10.9998
v  -9.8027 -4.6433 11.0003
v  -9.7969 -4.6490 -12.7539
v  -9.8019 -4.6424 -12.7589
v  -0.2393 -4.6490 -12.7539
v  -0.2393 -4.6490 -12.7459
v  -0.2393 -4.6433 -12.7596
v  -9.7889 -4.6490 -12.7459
v  9.7034 -4.6490 -12.7459
v  -9.7645 -4.5310 11.6472
v  -9.5985 -4.5316 12.9212
v  -9.2654 -4.5321 14.1488
v  -8.7809 -4.5315 15.3166
v  -8.1497 -4.5318 16.4093
v  -7.3813 -4.5317 17.4136
v  -6.4838 -4.5317 18.3145
v  -5.4650 -4.5320 19.0982
v  -4.3451 -4.5310 19.7457
v  -3.1567 -4.5308 20.2354
v  -1.9276 -4.5312 20.5623
v  -0.6738 -4.5312 20.7263
v  0.5882 -4.5307 20.7265
v  1.8419 -4.5314 20.5621
v  3.0709 -4.5322 20.2348
v  4.2594 -4.5315 19.7455
v  5.3794 -4.5319 19.0982
v  6.3982 -4.5317 18.3145
v  7.2957 -4.5317 17.4136
v  8.0640 -4.5318 16.4093
v  8.6952 -4.5315 15.3166
v  9.1798 -4.5321 14.1488
v  9.5129 -4.5316 12.9212
v  9.6789 -4.5310 11.6469
v  9.6789 -4.6488 11.6472
v  9.5133 -4.6478 12.9213
v  9.1796 -4.6478 14.1490
v  8.6948 -4.6487 15.3168
v  8.0644 -4.6476 16.4096
v  7.2959 -4.6478 17.4138
v  6.3984 -4.6478 18.3148
v  5.3796 -4.6475 19.0986
v  4.2595 -4.6480 19.7457
v  3.0711 -4.6471 20.2353
v  1.8420 -4.6477 20.5624
v  0.5882 -4.6487 20.7264
v  -0.6738 -4.6487 20.7264
v  -1.9276 -4.6477 20.5624
v  -3.1567 -4.6471 20.2354
v  -4.3451 -4.6480 19.7457
v  -5.4652 -4.6475 19.0986
v  -6.4842 -4.6475 18.3150
v  -7.3814 -4.6489 17.4123
v  -8.1496 -4.6488 16.4080
v  -8.7813 -4.6479 15.3168
v  -9.2659 -4.6472 14.1489
v  -9.5988 -4.6479 12.9213
v  -9.7645 -4.6488 11.6469
v  -9.7781 -4.5366 11.6485
v  -9.8111 -4.5697 11.6503
v  9.6925 -4.5366 11.6479
v  9.7255 -4.5697 11.6502
v  -9.6119 -4.5373 12.9242
v  -9.6436 -4.5695 12.9303
v  -9.2782 -4.5378 14.1535
v  -9.3085 -4.5697 14.1635
v  -8.7930 -4.5371 15.3229
v  -8.8218 -4.5691 15.3368
v  -8.1608 -4.5375 16.4172
v  -8.1875 -4.5694 16.4345
v  -7.3914 -4.5374 17.4228
v  -7.4161 -4.5701 17.4441
v  -6.4926 -4.5373 18.3250
v  -6.5142 -4.5697 18.3491
v  -5.4723 -4.5376 19.1098
v  -5.4904 -4.5696 19.1363
v  -4.3508 -4.5367 19.7580
v  -4.3654 -4.5696 19.7868
v  -3.1608 -4.5365 20.2484
v  -3.1711 -4.5696 20.2779
v  -1.9299 -4.5369 20.5757
v  -1.9364 -4.5696 20.6070
v  -0.6744 -4.5368 20.7400
v  -0.6768 -4.5696 20.7730
v  0.5894 -4.5364 20.7401
v  0.5912 -4.5696 20.7730
v  1.8449 -4.5371 20.5755
v  1.8508 -4.5696 20.6070
v  3.0756 -4.5378 20.2476
v  3.0855 -4.5696 20.2779
v  4.2657 -4.5371 19.7576
v  4.2798 -4.5696 19.7868
v  5.3873 -4.5375 19.1094
v  5.4048 -4.5696 19.1363
v  6.4075 -4.5373 18.3245
v  6.4285 -4.5696 18.3489
v  7.3062 -4.5373 17.4223
v  7.3302 -4.5696 17.4438
v  8.0755 -4.5374 16.4166
v  8.1021 -4.5696 16.4347
v  8.7076 -4.5371 15.3224
v  8.7365 -4.5696 15.3371
v  9.1928 -4.5378 14.1529
v  9.2228 -4.5696 14.1635
v  9.5264 -4.5373 12.9236
v  9.5579 -4.5695 12.9302
v  -9.8112 -4.6019 11.6503
v  -9.8112 -4.5777 11.6503
v  9.7256 -4.6018 11.6500
v  9.7256 -4.5777 11.6502
v  -9.6439 -4.6021 12.9303
v  -9.6439 -4.5775 12.9303
v  -9.3087 -4.6020 14.1635
v  -9.3087 -4.5777 14.1635
v  -8.8224 -4.6025 15.3372
v  -8.8224 -4.5771 15.3372
v  -8.1880 -4.6025 16.4348
v  -8.1880 -4.5774 16.4348
v  -7.4160 -4.6020 17.4440
v  -7.4160 -4.5781 17.4440
v  -6.5143 -4.6021 18.3491
v  -6.5143 -4.5777 18.3492
v  -5.4905 -4.6021 19.1365
v  -5.4905 -4.5776 19.1365
v  -4.3655 -4.6021 19.7869
v  -4.3655 -4.5776 19.7869
v  -3.1711 -4.6021 20.2779
v  -3.1711 -4.5776 20.2779
v  -1.9364 -4.6021 20.6071
v  -1.9364 -4.5776 20.6071
v  -0.6769 -4.6021 20.7733
v  -0.6769 -4.5776 20.7733
v  0.5912 -4.6021 20.7731
v  0.5912 -4.5776 20.7731
v  1.8508 -4.6021 20.6071
v  1.8508 -4.5776 20.6071
v  3.0856 -4.6021 20.2782
v  3.0856 -4.5776 20.2782
v  4.2799 -4.6021 19.7871
v  4.2799 -4.5776 19.7871
v  5.4049 -4.6019 19.1365
v  5.4049 -4.5777 19.1365
v  6.4287 -4.6019 18.3491
v  6.4287 -4.5777 18.3491
v  7.3304 -4.6021 17.4440
v  7.3304 -4.5776 17.4440
v  8.1021 -4.6020 16.4352
v  8.1023 -4.5776 16.4348
v  8.7367 -4.6019 15.3375
v  8.7368 -4.5776 15.3372
v  9.2231 -4.6018 14.1634
v  9.2231 -4.5776 14.1635
v  9.5583 -4.6018 12.9301
v  9.5583 -4.5775 12.9303
v  -9.7782 -4.6432 11.6480
v  -9.8056 -4.6157 11.6496
v  9.6925 -4.6432 11.6484
v  9.7201 -4.6155 11.6498
v  -9.6123 -4.6422 12.9237
v  -9.6382 -4.6158 12.9288
v  -9.2789 -4.6415 14.1530
v  -9.3034 -4.6157 14.1614
v  -8.7937 -4.6422 15.3226
v  -8.8170 -4.6162 15.3341
v  -8.1612 -4.6431 16.4153
v  -8.1829 -4.6162 16.4311
v  -7.3919 -4.6433 17.4210
v  -7.4119 -4.6157 17.4400
v  -6.4935 -4.6419 18.3250
v  -6.5107 -4.6158 18.3445
v  -5.4731 -4.6419 19.1098
v  -5.4876 -4.6158 19.1315
v  -4.3515 -4.6424 19.7578
v  -4.3632 -4.6158 19.7816
v  -3.1614 -4.6414 20.2482
v  -3.1696 -4.6157 20.2725
v  -1.9306 -4.6420 20.5758
v  -1.9356 -4.6158 20.6014
v  -0.6751 -4.6431 20.7401
v  -0.6768 -4.6158 20.7674
v  0.5888 -4.6431 20.7401
v  0.5905 -4.6158 20.7674
v  1.8443 -4.6421 20.5759
v  1.8494 -4.6158 20.6015
v  3.0752 -4.6415 20.2484
v  3.0834 -4.6158 20.2727
v  4.2652 -4.6424 19.7581
v  4.2770 -4.6158 19.7820
v  5.3870 -4.6419 19.1101
v  5.4013 -4.6159 19.1318
v  6.4072 -4.6421 18.3253
v  6.4246 -4.6159 18.3449
v  7.3060 -4.6422 17.4230
v  7.3258 -4.6158 17.4404
v  8.0756 -4.6419 16.4174
v  8.0971 -4.6158 16.4323
v  8.7069 -4.6430 15.3231
v  8.7314 -4.6156 15.3353
v  9.1925 -4.6421 14.1537
v  9.2177 -4.6155 14.1620
v  9.5266 -4.6421 12.9243
v  9.5528 -4.6155 12.9293
v  -9.8112 -4.6100 11.6503
v  9.7256 -4.6098 11.6500
v  -9.6437 -4.6102 12.9303
v  -9.3086 -4.6100 14.1635
v  -8.8219 -4.6105 15.3369
v  -8.1875 -4.6105 16.4345
v  -7.4160 -4.6100 17.4440
v  -6.5142 -4.6101 18.3490
v  -5.4905 -4.6101 19.1364
v  -4.3654 -4.6101 19.7869
v  -3.1711 -4.6100 20.2779
v  -1.9364 -4.6101 20.6071
v  -0.6769 -4.6102 20.7731
v  0.5912 -4.6101 20.7730
v  1.8508 -4.6101 20.6070
v  3.0855 -4.6101 20.2780
v  4.2798 -4.6101 19.7869
v  5.4048 -4.6101 19.1364
v  6.4286 -4.6101 18.3490
v  7.3303 -4.6101 17.4439
v  8.1020 -4.6101 16.4352
v  8.7366 -4.6099 15.3375
v  9.2231 -4.6098 14.1635
v  9.5583 -4.6098 12.9301
v  -9.7725 -4.5310 11.6477
v  -9.6064 -4.5316 12.9228
v  -9.2730 -4.5321 14.1513
v  -8.7880 -4.5315 15.3201
v  -8.1563 -4.5318 16.4138
v  -7.3874 -4.5317 17.4189
v  -6.4891 -4.5317 18.3205
v  -5.4694 -4.5320 19.1049
v  -4.3487 -4.5310 19.7529
v  -3.1593 -4.5308 20.2430
v  -1.9291 -4.5312 20.5702
v  -0.6744 -4.5312 20.7343
v  0.5888 -4.5307 20.7345
v  1.8435 -4.5314 20.5700
v  3.0735 -4.5322 20.2424
v  4.2629 -4.5315 19.7527
v  5.3838 -4.5319 19.1049
v  6.4035 -4.5317 18.3205
v  7.3017 -4.5317 17.4188
v  8.0706 -4.5318 16.4137
v  8.7024 -4.5315 15.3202
v  9.1874 -4.5321 14.1514
v  9.5208 -4.5316 12.9228
v  9.6869 -4.5310 11.6477
v  9.6869 -4.6488 11.6477
v  9.5212 -4.6478 12.9229
v  9.1872 -4.6478 14.1516
v  8.7020 -4.6487 15.3203
v  8.0711 -4.6476 16.4140
v  7.3020 -4.6478 17.4190
v  6.4037 -4.6478 18.3208
v  5.3841 -4.6475 19.1053
v  4.2631 -4.6480 19.7529
v  3.0737 -4.6471 20.2429
v  1.8435 -4.6477 20.5702
v  0.5887 -4.6487 20.7344
v  -0.6744 -4.6487 20.7344
v  -1.9292 -4.6477 20.5703
v  -3.1593 -4.6471 20.2430
v  -4.3487 -4.6480 19.7529
v  -5.4697 -4.6475 19.1053
v  -6.4895 -4.6475 18.3210
v  -7.3874 -4.6489 17.4176
v  -8.1563 -4.6488 16.4124
v  -8.7885 -4.6479 15.3204
v  -9.2735 -4.6472 14.1515
v  -9.6067 -4.6479 12.9229
v  -9.7725 -4.6488 11.6477
v  -0.2392 -4.9252 11.0000
v  -0.2860 -4.8071 11.0000
v  9.7111 -4.8860 -12.7930
v  9.7107 -4.8917 -12.7874
v  9.7111 -4.8780 -12.7930
v  -0.2393 -4.8860 -12.7930
v  -0.2393 -4.8780 -12.7930
v  -0.2393 -4.8917 -12.7874
v  -9.7967 -4.8461 -12.7930
v  -9.7967 -4.8541 -12.7930
v  -0.2393 -4.8461 -12.7930
v  -0.2393 -4.8541 -12.7930
v  -9.8112 -4.8461 -12.7903
v  -9.8112 -4.8541 -12.7903
v  -9.8333 -4.8860 -12.7682
v  -9.8280 -4.8918 -12.7660
v  -9.8333 -4.8780 -12.7682
v  -9.8361 -4.8860 -12.7537
v  -9.8361 -4.8780 -12.7537
v  -9.8304 -4.8917 -12.7532
v  -9.8361 -4.8461 -12.7537
v  -9.8361 -4.8541 -12.7537
v  -9.8333 -4.8461 -12.7682
v  -9.8333 -4.8541 -12.7682
v  -9.8245 -4.8860 -12.7815
v  -9.8205 -4.8918 -12.7775
v  -9.8245 -4.8780 -12.7815
v  -9.8245 -4.8461 -12.7815
v  -9.8245 -4.8541 -12.7815
v  -9.8112 -4.8860 -12.7903
v  -9.8091 -4.8918 -12.7850
v  -9.8112 -4.8780 -12.7903
v  -9.7967 -4.8860 -12.7930
v  -9.7963 -4.8917 -12.7874
v  -9.7967 -4.8780 -12.7930
v  9.7505 -4.8860 11.0003
v  9.7449 -4.8918 11.0003
v  9.7505 -4.8780 11.0003
v  9.7505 -4.8860 -12.7537
v  9.7505 -4.8780 -12.7537
v  9.7449 -4.8917 -12.7532
v  9.7505 -4.8461 -12.7537
v  9.7505 -4.8541 -12.7537
v  9.7505 -4.8461 11.0003
v  9.7505 -4.8541 11.0003
v  9.7477 -4.8860 -12.7681
v  9.7477 -4.8780 -12.7681
v  9.7424 -4.8918 -12.7660
v  9.7256 -4.8860 -12.7903
v  9.7235 -4.8918 -12.7850
v  9.7256 -4.8780 -12.7903
v  9.7111 -4.8461 -12.7930
v  9.7111 -4.8541 -12.7930
v  9.7256 -4.8461 -12.7903
v  9.7256 -4.8541 -12.7903
v  9.7390 -4.8860 -12.7815
v  9.7349 -4.8918 -12.7775
v  9.7390 -4.8780 -12.7815
v  9.7390 -4.8461 -12.7815
v  9.7390 -4.8541 -12.7815
v  9.7477 -4.8461 -12.7681
v  9.7477 -4.8541 -12.7681
v  -9.8361 -4.8860 11.0003
v  -9.8361 -4.8780 11.0003
v  -9.8305 -4.8917 10.9999
v  -9.8361 -4.8461 11.0003
v  -9.8361 -4.8541 11.0003
v  -9.7488 -4.8458 12.2972
v  -9.7491 -4.8538 12.2973
v  9.6632 -4.8457 12.2971
v  9.6635 -4.8537 12.2972
v  -9.4943 -4.8458 13.5546
v  -9.4946 -4.8538 13.5546
v  -9.0829 -4.8458 14.7588
v  -9.0831 -4.8538 14.7589
v  -8.5223 -4.8451 15.8959
v  -8.5232 -4.8531 15.8964
v  -7.8176 -4.8462 16.9498
v  -7.8176 -4.8543 16.9498
v  -6.9821 -4.8461 17.9100
v  -6.9821 -4.8541 17.9100
v  -6.0174 -4.8458 18.7555
v  -6.0176 -4.8538 18.7557
v  -4.9388 -4.8458 19.4804
v  -4.9390 -4.8538 19.4806
v  -3.7720 -4.8458 20.0528
v  -3.7720 -4.8538 20.0528
v  -2.5564 -4.8458 20.4624
v  -2.5564 -4.8538 20.4624
v  -1.3081 -4.8458 20.7099
v  -1.3081 -4.8538 20.7102
v  -0.0428 -4.8458 20.7932
v  -0.0428 -4.8538 20.7935
v  1.2225 -4.8458 20.7099
v  1.2225 -4.8538 20.7099
v  2.4708 -4.8458 20.4623
v  2.4709 -4.8538 20.4626
v  3.6864 -4.8458 20.0528
v  3.6865 -4.8538 20.0530
v  4.8532 -4.8458 19.4804
v  4.8533 -4.8538 19.4806
v  5.9318 -4.8458 18.7554
v  5.9320 -4.8541 18.7556
v  6.8964 -4.8458 17.9097
v  6.8966 -4.8538 17.9099
v  7.7318 -4.8458 16.9497
v  7.7320 -4.8538 16.9499
v  8.4373 -4.8458 15.8963
v  8.4375 -4.8538 15.8965
v  8.9972 -4.8458 14.7588
v  8.9975 -4.8538 14.7589
v  9.4087 -4.8458 13.5546
v  9.4090 -4.8538 13.5547
v  -9.7490 -4.8863 12.2972
v  -9.7491 -4.8783 12.2973
v  -9.7434 -4.8920 12.2962
v  9.6636 -4.8860 12.2967
v  9.6580 -4.8918 12.2963
v  9.6636 -4.8780 12.2968
v  -9.4944 -4.8863 13.5546
v  -9.4946 -4.8783 13.5546
v  -9.4890 -4.8920 13.5528
v  -9.0830 -4.8863 14.7588
v  -9.0831 -4.8783 14.7589
v  -9.0779 -4.8920 14.7563
v  -8.5224 -4.8871 15.8960
v  -8.5232 -4.8790 15.8964
v  -8.5176 -4.8927 15.8929
v  -7.8175 -4.8863 16.9498
v  -7.8176 -4.8783 16.9498
v  -7.8132 -4.8920 16.9460
v  -6.9821 -4.8864 17.9098
v  -6.9822 -4.8783 17.9099
v  -6.9783 -4.8920 17.9055
v  -6.0175 -4.8863 18.7556
v  -6.0176 -4.8783 18.7557
v  -6.0143 -4.8920 18.7509
v  -4.9389 -4.8863 19.4805
v  -4.9390 -4.8783 19.4806
v  -4.9363 -4.8920 19.4754
v  -3.7720 -4.8863 20.0528
v  -3.7720 -4.8783 20.0528
v  -3.7702 -4.8919 20.0474
v  -2.5564 -4.8863 20.4624
v  -2.5564 -4.8783 20.4624
v  -2.5553 -4.8919 20.4568
v  -1.3081 -4.8863 20.7100
v  -1.3081 -4.8783 20.7102
v  -1.3077 -4.8920 20.7043
v  -0.0428 -4.8864 20.7933
v  -0.0428 -4.8783 20.7935
v  -0.0431 -4.8920 20.7876
v  1.2225 -4.8863 20.7099
v  1.2225 -4.8783 20.7099
v  1.2214 -4.8920 20.7043
v  2.4708 -4.8863 20.4625
v  2.4709 -4.8783 20.4626
v  2.4691 -4.8920 20.4570
v  3.6865 -4.8863 20.0529
v  3.6865 -4.8783 20.0530
v  3.6840 -4.8920 20.0478
v  4.8532 -4.8863 19.4805
v  4.8533 -4.8783 19.4806
v  4.8501 -4.8920 19.4757
v  5.9319 -4.8863 18.7555
v  5.9320 -4.8780 18.7556
v  5.9281 -4.8922 18.7511
v  6.8964 -4.8864 17.9098
v  6.8966 -4.8783 17.9099
v  6.8922 -4.8920 17.9060
v  7.7319 -4.8863 16.9498
v  7.7320 -4.8783 16.9499
v  7.7272 -4.8920 16.9466
v  8.4370 -4.8863 15.8972
v  8.4371 -4.8782 15.8972
v  8.4319 -4.8920 15.8947
v  8.9976 -4.8860 14.7586
v  8.9976 -4.8780 14.7586
v  8.9924 -4.8917 14.7568
v  9.4089 -4.8860 13.5548
v  9.4089 -4.8780 13.5548
v  9.4035 -4.8918 13.5536
v  9.7113 -4.8071 -12.7539
v  9.7163 -4.8136 -12.7589
v  -0.2392 -4.8071 -12.7539
v  -0.2392 -4.8071 -12.7459
v  -0.2392 -4.8127 -12.7596
v  -9.7969 -4.8071 -12.7539
v  -9.8019 -4.8136 -12.7589
v  -9.7971 -4.8071 11.0003
v  -9.7891 -4.8071 11.0003
v  -9.8027 -4.8127 11.0007
v  -9.7109 -4.8075 12.2921
v  -9.7029 -4.8075 12.2911
v  -9.7164 -4.8131 12.2932
v  -9.4580 -4.8082 13.5448
v  -9.4503 -4.8082 13.5427
v  -9.4634 -4.8138 13.5466
v  -9.0482 -4.8082 14.7443
v  -9.0408 -4.8082 14.7412
v  -9.0533 -4.8139 14.7468
v  -8.4897 -4.8074 15.8771
v  -8.4828 -4.8074 15.8731
v  -8.4944 -4.8131 15.8802
v  -7.7879 -4.8086 16.9270
v  -7.7815 -4.8086 16.9222
v  -7.7921 -4.8142 16.9307
v  -6.9548 -4.8073 17.8825
v  -6.9491 -4.8073 17.8769
v  -6.9585 -4.8130 17.8868
v  -5.9947 -4.8085 18.7259
v  -5.9898 -4.8085 18.7196
v  -5.9979 -4.8142 18.7306
v  -4.9197 -4.8075 19.4472
v  -4.9157 -4.8075 19.4403
v  -4.9222 -4.8132 19.4523
v  -3.7579 -4.8071 20.0184
v  -3.7548 -4.8071 20.0110
v  -3.7597 -4.8128 20.0237
v  -2.5469 -4.8071 20.4266
v  -2.5449 -4.8071 20.4189
v  -2.5480 -4.8128 20.4321
v  -1.3031 -4.8076 20.6720
v  -1.3021 -4.8076 20.6640
v  -1.3035 -4.8133 20.6776
v  -0.0428 -4.8071 20.7543
v  -0.0428 -4.8071 20.7463
v  -0.0425 -4.8127 20.7599
v  1.2175 -4.8071 20.6722
v  1.2165 -4.8071 20.6643
v  1.2186 -4.8127 20.6777
v  2.4612 -4.8082 20.4261
v  2.4591 -4.8082 20.4183
v  2.4629 -4.8139 20.4314
v  3.6721 -4.8082 20.0180
v  3.6690 -4.8082 20.0106
v  3.6745 -4.8138 20.0231
v  4.8341 -4.8075 19.4472
v  4.8300 -4.8075 19.4403
v  4.8372 -4.8132 19.4519
v  5.9091 -4.8085 18.7259
v  5.9042 -4.8085 18.7195
v  5.9128 -4.8142 18.7302
v  6.8691 -4.8073 17.8826
v  6.8634 -4.8073 17.8769
v  6.8734 -4.8130 17.8863
v  7.7021 -4.8084 16.9270
v  7.6958 -4.8084 16.9221
v  7.7068 -4.8141 16.9302
v  8.4041 -4.8074 15.8771
v  8.3971 -4.8074 15.8731
v  8.4091 -4.8131 15.8796
v  8.9626 -4.8082 14.7444
v  8.9552 -4.8082 14.7413
v  8.9679 -4.8139 14.7462
v  9.3724 -4.8082 13.5448
v  9.3646 -4.8082 13.5427
v  9.3779 -4.8138 13.5459
v  9.6252 -4.8075 12.2921
v  9.6173 -4.8075 12.2910
v  9.6309 -4.8131 12.2925
v  9.7115 -4.8071 11.0002
v  9.7035 -4.8071 10.9997
v  9.7171 -4.8127 11.0002
v  -9.7889 -4.8071 -12.7459
v  9.7033 -4.8071 -12.7459
v  9.7114 -4.9252 -12.7539
v  9.7163 -4.9186 -12.7589
v  9.7115 -4.9252 11.0002
v  9.7035 -4.9252 11.0002
v  9.7171 -4.9195 11.0006
v  9.6254 -4.9247 12.2921
v  9.6174 -4.9247 12.2910
v  9.6309 -4.9190 12.2932
v  9.3728 -4.9236 13.5449
v  9.3651 -4.9236 13.5428
v  9.3782 -4.9180 13.5467
v  8.9618 -4.9246 14.7447
v  8.9544 -4.9246 14.7416
v  8.9669 -4.9189 14.7471
v  8.4042 -4.9247 15.8772
v  8.3973 -4.9247 15.8732
v  8.4089 -4.9190 15.8803
v  7.7026 -4.9232 16.9273
v  7.6962 -4.9232 16.9225
v  7.7069 -4.9176 16.9310
v  6.8692 -4.9248 17.8826
v  6.8635 -4.9248 17.8770
v  6.8730 -4.9191 17.8869
v  5.9095 -4.9231 18.7264
v  5.9046 -4.9231 18.7200
v  5.9127 -4.9175 18.7311
v  4.8341 -4.9246 19.4474
v  4.8301 -4.9246 19.4404
v  4.8367 -4.9189 19.4524
v  3.6723 -4.9236 20.0184
v  3.6692 -4.9236 20.0110
v  3.6741 -4.9179 20.0238
v  2.4613 -4.9235 20.4265
v  2.4592 -4.9235 20.4188
v  2.4624 -4.9179 20.4321
v  1.2175 -4.9245 20.6722
v  1.2165 -4.9245 20.6643
v  1.2179 -4.9188 20.6778
v  -0.0428 -4.9252 20.7543
v  -0.0428 -4.9252 20.7463
v  -0.0431 -4.9195 20.7600
v  -1.3032 -4.9245 20.6722
v  -1.3021 -4.9245 20.6643
v  -1.3042 -4.9188 20.6778
v  -2.5469 -4.9234 20.4266
v  -2.5449 -4.9234 20.4189
v  -2.5487 -4.9178 20.4320
v  -3.7579 -4.9236 20.0184
v  -3.7548 -4.9236 20.0110
v  -3.7603 -4.9179 20.0235
v  -4.9198 -4.9246 19.4474
v  -4.9158 -4.9246 19.4404
v  -4.9229 -4.9189 19.4521
v  -5.9951 -4.9231 18.7264
v  -5.9902 -4.9231 18.7201
v  -5.9988 -4.9174 18.7307
v  -6.9548 -4.9248 17.8826
v  -6.9491 -4.9248 17.8770
v  -6.9591 -4.9191 17.8864
v  -7.7880 -4.9251 16.9245
v  -7.7817 -4.9251 16.9196
v  -7.7927 -4.9194 16.9277
v  -8.4898 -4.9247 15.8772
v  -8.4829 -4.9247 15.8731
v  -8.4949 -4.9190 15.8797
v  -9.0486 -4.9235 14.7445
v  -9.0412 -4.9235 14.7414
v  -9.0540 -4.9179 14.7464
v  -9.4585 -4.9236 13.5449
v  -9.4507 -4.9236 13.5428
v  -9.4640 -4.9180 13.5460
v  -9.7110 -4.9247 12.2922
v  -9.7030 -4.9247 12.2911
v  -9.7166 -4.9190 12.2926
v  -9.7971 -4.9252 11.0003
v  -9.7891 -4.9252 10.9998
v  -9.8027 -4.9195 11.0003
v  -9.7969 -4.9252 -12.7539
v  -9.8019 -4.9186 -12.7589
v  -0.2393 -4.9252 -12.7539
v  -0.2393 -4.9252 -12.7459
v  -0.2393 -4.9195 -12.7596
v  -9.7889 -4.9252 -12.7459
v  9.7034 -4.9252 -12.7459
v  -9.7645 -4.8072 11.6472
v  -9.5985 -4.8078 12.9212
v  -9.2654 -4.8084 14.1488
v  -8.7809 -4.8077 15.3166
v  -8.1497 -4.8080 16.4093
v  -7.3813 -4.8079 17.4136
v  -6.4838 -4.8079 18.3145
v  -5.4650 -4.8082 19.0982
v  -4.3451 -4.8072 19.7457
v  -3.1567 -4.8070 20.2354
v  -1.9276 -4.8074 20.5623
v  -0.6738 -4.8074 20.7263
v  0.5882 -4.8069 20.7265
v  1.8419 -4.8077 20.5621
v  3.0709 -4.8084 20.2348
v  4.2594 -4.8077 19.7455
v  5.3794 -4.8081 19.0982
v  6.3982 -4.8079 18.3145
v  7.2957 -4.8079 17.4136
v  8.0640 -4.8080 16.4093
v  8.6952 -4.8077 15.3166
v  9.1798 -4.8084 14.1488
v  9.5129 -4.8078 12.9212
v  9.6789 -4.8072 11.6469
v  9.6789 -4.9250 11.6472
v  9.5133 -4.9240 12.9213
v  9.1796 -4.9240 14.1490
v  8.6948 -4.9249 15.3168
v  8.0644 -4.9238 16.4096
v  7.2959 -4.9241 17.4138
v  6.3984 -4.9240 18.3148
v  5.3796 -4.9237 19.0986
v  4.2595 -4.9243 19.7457
v  3.0711 -4.9234 20.2353
v  1.8420 -4.9239 20.5624
v  0.5882 -4.9250 20.7264
v  -0.6738 -4.9250 20.7264
v  -1.9276 -4.9239 20.5624
v  -3.1567 -4.9233 20.2354
v  -4.3451 -4.9243 19.7457
v  -5.4652 -4.9238 19.0986
v  -6.4842 -4.9238 18.3150
v  -7.3814 -4.9251 17.4123
v  -8.1496 -4.9250 16.4080
v  -8.7813 -4.9241 15.3168
v  -9.2659 -4.9234 14.1489
v  -9.5988 -4.9241 12.9213
v  -9.7645 -4.9250 11.6469
v  -9.7781 -4.8129 11.6485
v  -9.8111 -4.8459 11.6503
v  9.6925 -4.8128 11.6479
v  9.7255 -4.8459 11.6502
v  -9.6119 -4.8135 12.9242
v  -9.6436 -4.8458 12.9303
v  -9.2782 -4.8140 14.1535
v  -9.3085 -4.8459 14.1635
v  -8.7930 -4.8133 15.3229
v  -8.8218 -4.8453 15.3368
v  -8.1608 -4.8137 16.4172
v  -8.1875 -4.8456 16.4345
v  -7.3914 -4.8136 17.4228
v  -7.4161 -4.8463 17.4441
v  -6.4926 -4.8136 18.3250
v  -6.5142 -4.8459 18.3491
v  -5.4723 -4.8139 19.1098
v  -5.4904 -4.8458 19.1363
v  -4.3508 -4.8129 19.7580
v  -4.3654 -4.8458 19.7868
v  -3.1608 -4.8128 20.2484
v  -3.1711 -4.8458 20.2779
v  -1.9299 -4.8131 20.5757
v  -1.9364 -4.8458 20.6070
v  -0.6744 -4.8130 20.7400
v  -0.6768 -4.8458 20.7730
v  0.5894 -4.8126 20.7401
v  0.5912 -4.8458 20.7730
v  1.8449 -4.8133 20.5755
v  1.8508 -4.8458 20.6070
v  3.0756 -4.8141 20.2476
v  3.0855 -4.8458 20.2779
v  4.2657 -4.8134 19.7576
v  4.2798 -4.8458 19.7868
v  5.3873 -4.8137 19.1094
v  5.4048 -4.8458 19.1363
v  6.4075 -4.8136 18.3245
v  6.4285 -4.8458 18.3489
v  7.3062 -4.8135 17.4223
v  7.3302 -4.8458 17.4438
v  8.0755 -4.8136 16.4166
v  8.1021 -4.8458 16.4347
v  8.7076 -4.8134 15.3224
v  8.7365 -4.8458 15.3371
v  9.1928 -4.8140 14.1529
v  9.2228 -4.8458 14.1635
v  9.5264 -4.8135 12.9236
v  9.5579 -4.8457 12.9302
v  -9.8112 -4.8781 11.6503
v  -9.8112 -4.8539 11.6503
v  9.7256 -4.8780 11.6500
v  9.7256 -4.8539 11.6502
v  -9.6439 -4.8783 12.9303
v  -9.6439 -4.8538 12.9303
v  -9.3087 -4.8782 14.1635
v  -9.3087 -4.8539 14.1635
v  -8.8224 -4.8787 15.3372
v  -8.8224 -4.8533 15.3372
v  -8.1880 -4.8787 16.4348
v  -8.1880 -4.8536 16.4348
v  -7.4160 -4.8782 17.4440
v  -7.4160 -4.8544 17.4440
v  -6.5143 -4.8783 18.3491
v  -6.5143 -4.8539 18.3492
v  -5.4905 -4.8783 19.1365
v  -5.4905 -4.8538 19.1365
v  -4.3655 -4.8783 19.7869
v  -4.3655 -4.8538 19.7869
v  -3.1711 -4.8783 20.2779
v  -3.1711 -4.8538 20.2779
v  -1.9364 -4.8783 20.6071
v  -1.9364 -4.8538 20.6071
v  -0.6769 -4.8783 20.7733
v  -0.6769 -4.8538 20.7733
v  0.5912 -4.8783 20.7731
v  0.5912 -4.8538 20.7731
v  1.8508 -4.8783 20.6071
v  1.8508 -4.8538 20.6071
v  3.0856 -4.8783 20.2782
v  3.0856 -4.8538 20.2782
v  4.2799 -4.8783 19.7871
v  4.2799 -4.8538 19.7871
v  5.4049 -4.8781 19.1365
v  5.4049 -4.8540 19.1365
v  6.4287 -4.8781 18.3491
v  6.4287 -4.8539 18.3491
v  7.3304 -4.8783 17.4440
v  7.3304 -4.8538 17.4440
v  8.1021 -4.8783 16.4352
v  8.1023 -4.8538 16.4348
v  8.7367 -4.8781 15.3375
v  8.7368 -4.8538 15.3372
v  9.2231 -4.8780 14.1634
v  9.2231 -4.8538 14.1635
v  9.5583 -4.8780 12.9301
v  9.5583 -4.8537 12.9303
v  -9.7782 -4.9194 11.6480
v  -9.8056 -4.8919 11.6496
v  9.6925 -4.9194 11.6484
v  9.7201 -4.8918 11.6498
v  -9.6123 -4.9185 12.9237
v  -9.6382 -4.8921 12.9288
v  -9.2789 -4.9177 14.1530
v  -9.3034 -4.8919 14.1614
v  -8.7937 -4.9184 15.3226
v  -8.8170 -4.8924 15.3341
v  -8.1612 -4.9193 16.4153
v  -8.1829 -4.8924 16.4311
v  -7.3919 -4.9195 17.4210
v  -7.4119 -4.8919 17.4400
v  -6.4935 -4.9181 18.3250
v  -6.5107 -4.8920 18.3445
v  -5.4731 -4.9181 19.1098
v  -5.4876 -4.8920 19.1315
v  -4.3515 -4.9186 19.7578
v  -4.3632 -4.8920 19.7816
v  -3.1614 -4.9176 20.2482
v  -3.1696 -4.8919 20.2725
v  -1.9306 -4.9182 20.5758
v  -1.9356 -4.8920 20.6014
v  -0.6751 -4.9193 20.7401
v  -0.6768 -4.8921 20.7674
v  0.5888 -4.9193 20.7401
v  0.5905 -4.8920 20.7674
v  1.8443 -4.9183 20.5759
v  1.8494 -4.8920 20.6015
v  3.0752 -4.9177 20.2484
v  3.0834 -4.8920 20.2727
v  4.2652 -4.9186 19.7581
v  4.2770 -4.8920 19.7820
v  5.3870 -4.9181 19.1101
v  5.4013 -4.8921 19.1318
v  6.4072 -4.9183 18.3253
v  6.4246 -4.8921 18.3449
v  7.3060 -4.9184 17.4230
v  7.3258 -4.8920 17.4404
v  8.0756 -4.9181 16.4174
v  8.0971 -4.8920 16.4323
v  8.7069 -4.9193 15.3231
v  8.7314 -4.8918 15.3353
v  9.1925 -4.9183 14.1537
v  9.2177 -4.8917 14.1620
v  9.5266 -4.9184 12.9243
v  9.5528 -4.8918 12.9293
v  -9.8112 -4.8862 11.6503
v  9.7256 -4.8860 11.6500
v  -9.6437 -4.8864 12.9303
v  -9.3086 -4.8862 14.1635
v  -8.8219 -4.8868 15.3369
v  -8.1875 -4.8867 16.4345
v  -7.4160 -4.8863 17.4440
v  -6.5142 -4.8863 18.3490
v  -5.4905 -4.8863 19.1364
v  -4.3654 -4.8863 19.7869
v  -3.1711 -4.8863 20.2779
v  -1.9364 -4.8863 20.6071
v  -0.6769 -4.8864 20.7731
v  0.5912 -4.8863 20.7730
v  1.8508 -4.8863 20.6070
v  3.0855 -4.8863 20.2780
v  4.2798 -4.8863 19.7869
v  5.4048 -4.8863 19.1364
v  6.4286 -4.8863 18.3490
v  7.3303 -4.8863 17.4439
v  8.1020 -4.8863 16.4352
v  8.7366 -4.8861 15.3375
v  9.2231 -4.8860 14.1635
v  9.5583 -4.8860 12.9301
v  -9.7725 -4.8072 11.6477
v  -9.6064 -4.8078 12.9228
v  -9.2730 -4.8084 14.1513
v  -8.7880 -4.8077 15.3201
v  -8.1563 -4.8080 16.4138
v  -7.3874 -4.8079 17.4189
v  -6.4891 -4.8079 18.3205
v  -5.4694 -4.8082 19.1049
v  -4.3487 -4.8072 19.7529
v  -3.1593 -4.8070 20.2430
v  -1.9291 -4.8074 20.5702
v  -0.6744 -4.8074 20.7343
v  0.5888 -4.8069 20.7345
v  1.8435 -4.8077 20.5700
v  3.0735 -4.8084 20.2424
v  4.2629 -4.8077 19.7527
v  5.3838 -4.8081 19.1049
v  6.4035 -4.8079 18.3205
v  7.3017 -4.8079 17.4188
v  8.0706 -4.8080 16.4137
v  8.7024 -4.8077 15.3202
v  9.1874 -4.8084 14.1514
v  9.5208 -4.8078 12.9228
v  9.6869 -4.8072 11.6477
v  9.6869 -4.9250 11.6477
v  9.5212 -4.9240 12.9229
v  9.1872 -4.9240 14.1516
v  8.7020 -4.9249 15.3203
v  8.0711 -4.9238 16.4140
v  7.3020 -4.9241 17.4190
v  6.4037 -4.9240 18.3208
v  5.3841 -4.9237 19.1053
v  4.2631 -4.9243 19.7529
v  3.0737 -4.9234 20.2429
v  1.8435 -4.9239 20.5702
v  0.5887 -4.9250 20.7344
v  -0.6744 -4.9250 20.7344
v  -1.9292 -4.9239 20.5703
v  -3.1593 -4.9233 20.2430
v  -4.3487 -4.9243 19.7529
v  -5.4697 -4.9238 19.1053
v  -6.4895 -4.9238 18.3210
v  -7.3874 -4.9251 17.4176
v  -8.1563 -4.9250 16.4124
v  -8.7885 -4.9241 15.3204
v  -9.2735 -4.9234 14.1515
v  -9.6067 -4.9241 12.9229
v  -9.7725 -4.9250 11.6477
v  -8.9570 -4.5732 -11.9510
v  -8.9570 -4.5732 -11.9410
v  -8.9425 -4.5732 -11.9510
v  -8.9570 -4.5632 -11.9510
v  -8.9570 -4.5732 11.9510
v  -8.9570 -4.5732 11.9410
v  -8.9570 -4.5632 11.9510
v  -8.9425 -4.5732 11.9510
v  -8.9570 0.0000 11.9510
v  -8.9570 -0.0100 11.9510
v  -8.9570 0.0000 11.9410
v  -8.9425 0.0000 11.9510
v  -8.9570 0.0000 -11.9510
v  -8.9570 0.0000 -11.9410
v  -8.9570 -0.0100 -11.9510
v  -8.9425 0.0000 -11.9510
v  8.9570 -4.5732 -11.9510
v  8.9570 -4.5632 -11.9510
v  8.9425 -4.5732 -11.9510
v  8.9570 -4.5732 -11.9410
v  8.9570 0.0000 -11.9510
v  8.9570 -0.0100 -11.9510
v  8.9570 0.0000 -11.9410
v  8.9425 0.0000 -11.9510
v  8.9570 0.0000 11.9510
v  8.9570 0.0000 11.9410
v  8.9570 -0.0100 11.9510
v  8.9425 0.0000 11.9510
v  8.9570 -4.5732 11.9510
v  8.9570 -4.5632 11.9510
v  8.9570 -4.5732 11.9410
v  8.9425 -4.5732 11.9510
v  -8.9570 -4.5632 -11.9410
v  -8.9570 -4.5632 11.9410
v  -8.9570 -0.0100 11.9410
v  -8.9570 -0.0100 -11.9410
v  8.9570 -4.5632 -11.9410
v  8.9570 -0.0100 -11.9410
v  8.9570 -0.0100 11.9410
v  8.9570 -4.5632 11.9410
v  -8.9425 -4.5632 -11.9510
v  -8.9425 -0.0100 -11.9510
v  8.9425 -0.0100 -11.9510
v  8.9425 -4.5632 -11.9510
v  -8.9425 0.0000 -11.9410
v  -8.9425 0.0000 11.9410
v  8.9425 0.0000 11.9410
v  8.9425 0.0000 -11.9410
v  -8.9425 -0.0100 11.9510
v  -8.9425 -4.5632 11.9510
v  8.9425 -4.5632 11.9510
v  8.9425 -0.0100 11.9510
v  -8.9425 -4.5732 11.9410
v  -8.9425 -4.5732 -11.9410
v  8.9425 -4.5732 -11.9410
v  8.9425 -4.5732 11.9410
# 2475 vertices

o 36540
g 36540
s 1
f 1 4 3 2 
f 2 3 6 5 
f 5 6 8 7 
f 7 8 10 9 
f 9 10 12 11 
f 11 12 14 13 
f 13 14 16 15 
f 15 16 18 17 
f 17 18 20 19 
f 19 20 22 21 
f 21 22 24 23 
f 23 24 26 25 
f 25 26 28 27 
f 27 28 30 29 
f 29 30 32 31 
f 31 32 34 33 
f 33 34 36 35 
f 35 36 38 37 
f 37 38 40 39 
f 39 40 42 41 
f 41 42 44 43 
f 43 44 46 45 
f 45 46 48 47 
f 47 48 605 606 
f 49 52 444 443 
f 53 49 443 442 
f 55 53 442 441 
f 57 55 441 440 
f 59 57 440 439 
f 61 59 439 438 
f 63 61 438 437 
f 65 63 437 436 
f 67 65 436 435 
f 69 67 435 434 
f 71 69 434 433 
f 73 71 433 432 
f 75 73 432 431 
f 77 75 431 430 
f 79 77 430 429 
f 81 79 429 428 
f 83 81 428 427 
f 85 83 427 426 
f 87 85 426 425 
f 89 87 425 424 
f 91 89 424 423 
f 93 91 423 422 
f 95 93 422 421 
f 95 421 525 655 
f 2 391 392 1 
f 5 390 391 2 
f 7 389 390 5 
f 9 388 389 7 
f 11 387 388 9 
f 13 386 387 11 
f 15 385 386 13 
f 17 384 385 15 
f 19 383 384 17 
f 21 382 383 19 
f 23 381 382 21 
f 25 380 381 23 
f 27 379 380 25 
f 29 378 379 27 
f 31 377 378 29 
f 33 376 377 31 
f 35 375 376 33 
f 37 374 375 35 
f 39 373 374 37 
f 41 372 373 39 
f 43 371 372 41 
f 45 370 371 43 
f 47 369 370 45 
f 121 124 123 122 
f 122 123 126 125 
f 125 126 128 127 
f 127 128 130 129 
f 129 130 132 131 
f 131 132 134 133 
f 133 134 136 135 
f 135 136 138 137 
f 137 138 140 139 
f 139 140 142 141 
f 141 142 144 143 
f 143 144 146 145 
f 145 146 148 147 
f 147 148 150 149 
f 149 150 152 151 
f 151 152 154 153 
f 153 154 156 155 
f 155 156 158 157 
f 157 158 160 159 
f 159 160 162 161 
f 161 162 164 163 
f 163 164 166 165 
f 165 166 168 167 
f 167 168 526 527 
f 4 121 122 3 
f 3 122 125 6 
f 6 125 127 8 
f 8 127 129 10 
f 10 129 131 12 
f 12 131 133 14 
f 14 133 135 16 
f 16 135 137 18 
f 18 137 139 20 
f 20 139 141 22 
f 22 141 143 24 
f 24 143 145 26 
f 26 145 147 28 
f 28 147 149 30 
f 30 149 151 32 
f 32 151 153 34 
f 34 153 155 36 
f 36 155 157 38 
f 38 157 159 40 
f 40 159 161 42 
f 42 161 163 44 
f 44 163 165 46 
f 46 165 167 48 
f 48 167 527 605 
f 124 52 49 123 
f 123 49 53 126 
f 126 53 55 128 
f 128 55 57 130 
f 130 57 59 132 
f 132 59 61 134 
f 134 61 63 136 
f 136 63 65 138 
f 138 65 67 140 
f 140 67 69 142 
f 142 69 71 144 
f 144 71 73 146 
f 146 73 75 148 
f 148 75 77 150 
f 150 77 79 152 
f 152 79 81 154 
f 154 81 83 156 
f 156 83 85 158 
f 158 85 87 160 
f 160 87 89 162 
f 162 89 91 164 
f 164 91 93 166 
f 166 93 95 168 
f 168 95 655 526 
s 9
f 4 1 368 367 
s 16385
f 51 470 471 363 
s 257
f 1 392 393 368 
s 9
f 124 121 366 365 
s 16385
f 121 4 367 366 
f 52 124 365 364 
s 1
f 97 98 177 176 
f 98 99 178 177 
f 99 100 179 178 
f 100 101 180 179 
f 101 102 181 180 
f 102 103 182 181 
f 103 104 183 182 
f 104 105 184 183 
f 105 106 185 184 
f 106 107 186 185 
f 107 108 187 186 
f 108 109 188 187 
f 109 110 189 188 
f 110 111 190 189 
f 111 112 191 190 
f 112 113 192 191 
f 113 114 193 192 
f 114 115 194 193 
f 115 116 195 194 
f 116 117 196 195 
f 117 118 197 196 
f 118 119 198 197 
f 119 120 199 198 
f 120 528 778 199 
s 1166
f 173 353 354 200 
s 1
f 201 204 203 202 
f 205 206 204 201 
f 207 208 206 205 
f 209 210 208 207 
f 211 212 210 209 
f 213 214 212 211 
f 215 216 214 213 
f 217 218 216 215 
f 219 220 218 217 
f 221 222 220 219 
f 223 224 222 221 
f 225 226 224 223 
f 227 228 226 225 
f 229 230 228 227 
f 231 232 230 229 
f 233 234 232 231 
f 235 236 234 233 
f 237 238 236 235 
f 239 240 238 237 
f 241 242 240 239 
f 243 244 242 241 
f 245 246 244 243 
f 247 248 246 245 
s 5
f 202 203 356 355 
s 1
f 177 201 202 176 
f 178 205 201 177 
f 179 207 205 178 
f 180 209 207 179 
f 181 211 209 180 
f 182 213 211 181 
f 183 215 213 182 
f 184 217 215 183 
f 185 219 217 184 
f 186 221 219 185 
f 187 223 221 186 
f 188 225 223 187 
f 189 227 225 188 
f 190 229 227 189 
f 191 231 229 190 
f 192 233 231 191 
f 193 235 233 192 
f 194 237 235 193 
f 195 239 237 194 
f 196 241 239 195 
f 197 243 241 196 
f 198 245 243 197 
f 199 247 245 198 
s 2049
f 176 202 355 354 
s 1
f 204 252 251 203 
f 206 253 252 204 
f 208 254 253 206 
f 210 255 254 208 
f 212 256 255 210 
f 214 257 256 212 
f 216 258 257 214 
f 218 259 258 216 
f 220 260 259 218 
f 222 261 260 220 
f 224 262 261 222 
f 226 263 262 224 
f 228 264 263 226 
f 230 265 264 228 
f 232 266 265 230 
f 234 267 266 232 
f 236 268 267 234 
f 238 269 268 236 
f 240 270 269 238 
f 242 271 270 240 
f 244 272 271 242 
f 246 273 272 244 
f 248 274 273 246 
s 1025
f 203 251 357 356 
s 1
f 252 533 532 251 
f 253 534 533 252 
f 254 535 534 253 
f 255 536 535 254 
f 256 537 536 255 
f 257 538 537 256 
f 258 539 538 257 
f 259 540 539 258 
f 260 541 540 259 
f 261 542 541 260 
f 262 543 542 261 
f 263 544 543 262 
f 264 545 544 263 
f 265 546 545 264 
f 266 547 546 265 
f 267 548 547 266 
f 268 549 548 267 
f 269 550 549 268 
f 270 551 550 269 
f 271 552 551 270 
f 272 553 552 271 
f 273 554 553 272 
f 274 555 554 273 
s 5
f 251 532 358 357 
s 1
f 50 51 278 277 
s 9
f 51 363 362 278 
s 1
f 96 94 281 280 
f 94 92 282 281 
f 92 90 283 282 
f 90 88 284 283 
f 88 86 285 284 
f 86 84 286 285 
f 84 82 287 286 
f 82 80 288 287 
f 80 78 289 288 
f 78 76 290 289 
f 76 74 291 290 
f 74 72 292 291 
f 72 70 293 292 
f 70 68 294 293 
f 68 66 295 294 
f 66 64 296 295 
f 64 62 297 296 
f 62 60 298 297 
f 60 58 299 298 
f 58 56 300 299 
f 56 54 301 300 
f 54 50 277 301 
f 302 305 475 476 
s 3
f 305 361 474 475 
s 1
f 308 310 497 498 
f 310 312 496 497 
f 312 314 495 496 
f 314 316 494 495 
f 316 318 493 494 
f 318 320 492 493 
f 320 322 491 492 
f 322 324 490 491 
f 324 326 489 490 
f 326 328 488 489 
f 328 330 487 488 
f 330 332 486 487 
f 332 334 485 486 
f 334 336 484 485 
f 336 338 483 484 
f 338 340 482 483 
f 340 342 481 482 
f 342 344 480 481 
f 344 346 479 480 
f 346 348 478 479 
f 348 350 477 478 
f 350 302 476 477 
f 278 305 302 277 
s 17280
f 279 306 361 362 
s 1
f 280 308 1002 1003 
f 281 310 308 280 
f 282 312 310 281 
f 283 314 312 282 
f 284 316 314 283 
f 285 318 316 284 
f 286 320 318 285 
f 287 322 320 286 
f 288 324 322 287 
f 289 326 324 288 
f 290 328 326 289 
f 291 330 328 290 
f 292 332 330 291 
f 293 334 332 292 
f 294 336 334 293 
f 295 338 336 294 
f 296 340 338 295 
f 297 342 340 296 
f 298 344 342 297 
f 299 346 344 298 
f 300 348 346 299 
f 301 350 348 300 
f 277 302 350 301 
f 1004 248 247 529 
f 529 247 199 778 
f 1005 274 248 1004 
f 555 274 1005 556 
f 1006 96 280 1003 
f 1002 308 498 1007 
s 280
f 352 359 360 351 
s 1
f 1038 528 120 395 
s 5
f 353 97 176 354 
s 257
f 361 305 278 362 
s 17
f 359 532 360 
s 8334
f 368 170 169 367 
s 8718
f 364 172 446 445 
s 131456
f 353 173 420 419 
s 6536
f 366 175 174 365 
s 26624
f 367 169 175 366 
s 28672
f 365 174 172 364 
s 662
f 356 250 249 355 
s 3584
f 355 249 200 354 
s 17432
f 357 275 250 356 
s 8718
f 363 171 279 362 
s 24610
f 361 306 473 474 
s 16902
f 358 276 275 357 
s 1
f 391 417 418 392 
f 390 416 417 391 
f 389 415 416 390 
f 388 414 415 389 
f 387 413 414 388 
f 386 412 413 387 
f 385 411 412 386 
f 384 410 411 385 
f 383 409 410 384 
f 382 408 409 383 
f 381 407 408 382 
f 380 406 407 381 
f 379 405 406 380 
f 378 404 405 379 
f 377 403 404 378 
f 376 402 403 377 
f 375 401 402 376 
f 374 400 401 375 
f 373 399 400 374 
f 372 398 399 373 
f 371 397 398 372 
f 370 396 397 371 
f 369 395 396 370 
s 5
f 392 418 419 393 
s 17280
f 394 170 368 393 
s 155652
f 420 394 393 419 
s 1
f 417 98 97 418 
f 416 99 98 417 
f 415 100 99 416 
f 414 101 100 415 
f 413 102 101 414 
f 412 103 102 413 
f 411 104 103 412 
f 410 105 104 411 
f 409 106 105 410 
f 408 107 106 409 
f 407 108 107 408 
f 406 109 108 407 
f 405 110 109 406 
f 404 111 110 405 
f 403 112 111 404 
f 402 113 112 403 
f 401 114 113 402 
f 400 115 114 401 
f 399 116 115 400 
f 398 117 116 399 
f 397 118 117 398 
f 396 119 118 397 
f 395 120 119 396 
s 257
f 418 97 353 419 
s 1
f 444 470 469 443 
f 443 469 468 442 
f 442 468 467 441 
f 441 467 466 440 
f 440 466 465 439 
f 439 465 464 438 
f 438 464 463 437 
f 437 463 462 436 
f 436 462 461 435 
f 435 461 460 434 
f 434 460 459 433 
f 433 459 458 432 
f 432 458 457 431 
f 431 457 456 430 
f 430 456 455 429 
f 429 455 454 428 
f 428 454 453 427 
f 427 453 452 426 
f 426 452 451 425 
f 425 451 450 424 
f 424 450 449 423 
f 423 449 448 422 
f 422 448 447 421 
f 421 447 1094 525 
s 9
f 444 52 364 445 
s 33664
f 446 472 471 445 
s 257
f 470 444 445 471 
s 1
f 470 51 50 469 
f 469 50 54 468 
f 468 54 56 467 
f 467 56 58 466 
f 466 58 60 465 
f 465 60 62 464 
f 464 62 64 463 
f 463 64 66 462 
f 462 66 68 461 
f 461 68 70 460 
f 460 70 72 459 
f 459 72 74 458 
f 458 74 76 457 
f 457 76 78 456 
f 456 78 80 455 
f 455 80 82 454 
f 454 82 84 453 
f 453 84 86 452 
f 452 86 88 451 
f 451 88 90 450 
f 450 90 92 449 
f 449 92 94 448 
f 448 94 96 447 
f 447 96 1006 1094 
s 57344
f 472 171 363 471 
s 1
f 475 501 502 476 
s 257
f 474 500 501 475 
s 1
f 497 523 524 498 
f 496 522 523 497 
f 495 521 522 496 
f 494 520 521 495 
f 493 519 520 494 
f 492 518 519 493 
f 491 517 518 492 
f 490 516 517 491 
f 489 515 516 490 
f 488 514 515 489 
f 487 513 514 488 
f 486 512 513 487 
f 485 511 512 486 
f 484 510 511 485 
f 483 509 510 484 
f 482 508 509 483 
f 481 507 508 482 
f 480 506 507 481 
f 479 505 506 480 
f 478 504 505 479 
f 477 503 504 478 
f 476 502 503 477 
f 498 524 531 1007 
s 8576
f 473 499 500 474 
s 1
f 501 304 303 502 
s 3
f 500 1134 304 501 
s 1
f 523 309 307 524 
f 522 311 309 523 
f 521 313 311 522 
f 520 315 313 521 
f 519 317 315 520 
f 518 319 317 519 
f 517 321 319 518 
f 516 323 321 517 
f 515 325 323 516 
f 514 327 325 515 
f 513 329 327 514 
f 512 331 329 513 
f 511 333 331 512 
f 510 335 333 511 
f 509 337 335 510 
f 508 339 337 509 
f 507 341 339 508 
f 506 343 341 507 
f 505 345 343 506 
f 504 347 345 505 
f 503 349 347 504 
f 502 303 349 503 
f 524 307 530 531 
s 134
f 499 1134 500 
s 1
f 369 47 606 1122 
f 395 369 1122 1038 
s 1025
f 532 359 358 
s 1
f 557 560 559 558 
f 560 562 561 559 
f 562 564 563 561 
f 564 566 565 563 
f 566 568 567 565 
f 568 570 569 567 
f 570 572 571 569 
f 572 574 573 571 
f 574 576 575 573 
f 576 578 577 575 
f 578 580 579 577 
f 580 582 581 579 
f 582 584 583 581 
f 584 586 585 583 
f 586 588 587 585 
f 588 590 589 587 
f 590 592 591 589 
f 592 594 593 591 
f 594 596 595 593 
f 596 598 597 595 
f 598 600 599 597 
f 600 602 601 599 
f 602 604 603 601 
f 604 606 605 603 
f 607 610 609 608 
f 611 612 610 607 
f 613 614 612 611 
f 615 616 614 613 
f 617 618 616 615 
f 619 620 618 617 
f 621 622 620 619 
f 623 624 622 621 
f 625 626 624 623 
f 627 628 626 625 
f 629 630 628 627 
f 631 632 630 629 
f 633 634 632 631 
f 635 636 634 633 
f 637 638 636 635 
f 639 640 638 637 
f 641 642 640 639 
f 643 644 642 641 
f 645 646 644 643 
f 647 648 646 645 
f 649 650 648 647 
f 651 652 650 649 
f 653 654 652 651 
f 653 655 525 654 
f 560 557 657 656 
f 562 560 656 658 
f 564 562 658 659 
f 566 564 659 660 
f 568 566 660 661 
f 570 568 661 662 
f 572 570 662 663 
f 574 572 663 664 
f 576 574 664 665 
f 578 576 665 666 
f 580 578 666 667 
f 582 580 667 668 
f 584 582 668 669 
f 586 584 669 670 
f 588 586 670 671 
f 590 588 671 672 
f 592 590 672 673 
f 594 592 673 674 
f 596 594 674 675 
f 598 596 675 676 
f 600 598 676 677 
f 602 600 677 678 
f 604 602 678 679 
f 680 683 682 681 
f 683 685 684 682 
f 685 687 686 684 
f 687 689 688 686 
f 689 691 690 688 
f 691 693 692 690 
f 693 695 694 692 
f 695 697 696 694 
f 697 699 698 696 
f 699 701 700 698 
f 701 703 702 700 
f 703 705 704 702 
f 705 707 706 704 
f 707 709 708 706 
f 709 711 710 708 
f 711 713 712 710 
f 713 715 714 712 
f 715 717 716 714 
f 717 719 718 716 
f 719 721 720 718 
f 721 723 722 720 
f 723 725 724 722 
f 725 727 726 724 
f 727 527 526 726 
f 558 559 683 680 
f 559 561 685 683 
f 561 563 687 685 
f 563 565 689 687 
f 565 567 691 689 
f 567 569 693 691 
f 569 571 695 693 
f 571 573 697 695 
f 573 575 699 697 
f 575 577 701 699 
f 577 579 703 701 
f 579 581 705 703 
f 581 583 707 705 
f 583 585 709 707 
f 585 587 711 709 
f 587 589 713 711 
f 589 591 715 713 
f 591 593 717 715 
f 593 595 719 717 
f 595 597 721 719 
f 597 599 723 721 
f 599 601 725 723 
f 601 603 727 725 
f 603 605 527 727 
f 681 682 607 608 
f 682 684 611 607 
f 684 686 613 611 
f 686 688 615 613 
f 688 690 617 615 
f 690 692 619 617 
f 692 694 621 619 
f 694 696 623 621 
f 696 698 625 623 
f 698 700 627 625 
f 700 702 629 627 
f 702 704 631 629 
f 704 706 633 631 
f 706 708 635 633 
f 708 710 637 635 
f 710 712 639 637 
f 712 714 641 639 
f 714 716 643 641 
f 716 718 645 643 
f 718 720 647 645 
f 720 722 649 647 
f 722 724 651 649 
f 724 726 653 651 
f 726 526 655 653 
s 3
f 558 1025 1024 557 
s 65
f 728 1034 1095 729 
s 257
f 557 1024 1070 657 
s 129
f 681 1030 1029 680 
s 8193
f 680 1029 1025 558 
s 3
f 608 1026 1030 681 
s 1
f 730 733 732 731 
f 731 732 735 734 
f 734 735 737 736 
f 736 737 739 738 
f 738 739 741 740 
f 740 741 743 742 
f 742 743 745 744 
f 744 745 747 746 
f 746 747 749 748 
f 748 749 751 750 
f 750 751 753 752 
f 752 753 755 754 
f 754 755 757 756 
f 756 757 759 758 
f 758 759 761 760 
f 760 761 763 762 
f 762 763 765 764 
f 764 765 767 766 
f 766 767 769 768 
f 768 769 771 770 
f 770 771 773 772 
f 772 773 775 774 
f 774 775 777 776 
f 776 777 778 528 
s 33038
f 779 782 781 780 
s 1
f 783 786 785 784 
f 787 783 784 788 
f 789 787 788 790 
f 791 789 790 792 
f 793 791 792 794 
f 795 793 794 796 
f 797 795 796 798 
f 799 797 798 800 
f 801 799 800 802 
f 803 801 802 804 
f 805 803 804 806 
f 807 805 806 808 
f 809 807 808 810 
f 811 809 810 812 
f 813 811 812 814 
f 815 813 814 816 
f 817 815 816 818 
f 819 817 818 820 
f 821 819 820 822 
f 823 821 822 824 
f 825 823 824 826 
f 827 825 826 828 
f 829 827 828 830 
s 3
f 786 1032 1031 785 
s 1
f 732 733 786 783 
f 735 732 783 787 
f 737 735 787 789 
f 739 737 789 791 
f 741 739 791 793 
f 743 741 793 795 
f 745 743 795 797 
f 747 745 797 799 
f 749 747 799 801 
f 751 749 801 803 
f 753 751 803 805 
f 755 753 805 807 
f 757 755 807 809 
f 759 757 809 811 
f 761 759 811 813 
f 763 761 813 815 
f 765 763 815 817 
f 767 765 817 819 
f 769 767 819 821 
f 771 769 821 823 
f 773 771 823 825 
f 775 773 825 827 
f 777 775 827 829 
s 129
f 733 781 1032 786 
s 1
f 784 785 832 831 
f 788 784 831 833 
f 790 788 833 834 
f 792 790 834 835 
f 794 792 835 836 
f 796 794 836 837 
f 798 796 837 838 
f 800 798 838 839 
f 802 800 839 840 
f 804 802 840 841 
f 806 804 841 842 
f 808 806 842 843 
f 810 808 843 844 
f 812 810 844 845 
f 814 812 845 846 
f 816 814 846 847 
f 818 816 847 848 
f 820 818 848 849 
f 822 820 849 850 
f 824 822 850 851 
f 826 824 851 852 
f 828 826 852 853 
f 830 828 853 854 
s 33
f 785 1031 1033 832 
s 1
f 831 832 856 855 
f 833 831 855 857 
f 834 833 857 858 
f 835 834 858 859 
f 836 835 859 860 
f 837 836 860 861 
f 838 837 861 862 
f 839 838 862 863 
f 840 839 863 864 
f 841 840 864 865 
f 842 841 865 866 
f 843 842 866 867 
f 844 843 867 868 
f 845 844 868 869 
f 846 845 869 870 
f 847 846 870 871 
f 848 847 871 872 
f 849 848 872 873 
f 850 849 873 874 
f 851 850 874 875 
f 852 851 875 876 
f 853 852 876 877 
f 854 853 877 878 
s 17
f 832 1033 1037 856 
s 1
f 879 881 880 728 
s 129
f 728 880 1001 1034 
s 1
f 882 885 884 883 
f 883 884 887 886 
f 886 887 889 888 
f 888 889 891 890 
f 890 891 893 892 
f 892 893 895 894 
f 894 895 897 896 
f 896 897 899 898 
f 898 899 901 900 
f 900 901 903 902 
f 902 903 905 904 
f 904 905 907 906 
f 906 907 909 908 
f 908 909 911 910 
f 910 911 913 912 
f 912 913 915 914 
f 914 915 917 916 
f 916 917 919 918 
f 918 919 921 920 
f 920 921 923 922 
f 922 923 925 924 
f 924 925 881 879 
f 926 929 928 927 
s 129
f 927 928 1035 1000 
s 1
f 930 933 932 931 
f 931 932 935 934 
f 934 935 937 936 
f 936 937 939 938 
f 938 939 941 940 
f 940 941 943 942 
f 942 943 945 944 
f 944 945 947 946 
f 946 947 949 948 
f 948 949 951 950 
f 950 951 953 952 
f 952 953 955 954 
f 954 955 957 956 
f 956 957 959 958 
f 958 959 961 960 
f 960 961 963 962 
f 962 963 965 964 
f 964 965 967 966 
f 966 967 969 968 
f 968 969 971 970 
f 970 971 973 972 
f 972 973 929 926 
f 880 881 926 927 
s 8462
f 998 1001 1000 999 
s 1
f 885 1003 1002 930 
f 884 885 930 931 
f 887 884 931 934 
f 889 887 934 936 
f 891 889 936 938 
f 893 891 938 940 
f 895 893 940 942 
f 897 895 942 944 
f 899 897 944 946 
f 901 899 946 948 
f 903 901 948 950 
f 905 903 950 952 
f 907 905 952 954 
f 909 907 954 956 
f 911 909 956 958 
f 913 911 958 960 
f 915 913 960 962 
f 917 915 962 964 
f 919 917 964 966 
f 921 919 966 968 
f 923 921 968 970 
f 925 923 970 972 
f 881 925 972 926 
f 1004 529 829 830 
f 529 778 777 829 
f 1005 1004 830 854 
f 878 556 1005 854 
f 1006 1003 885 882 
f 1002 1007 933 930 
s 38
f 1010 1008 1009 1011 
s 1
f 1038 1039 776 528 
s 5
f 780 781 733 730 
f 1000 1001 880 927 
s 4
f 1040 1043 1042 1041 
s 3
f 1011 1009 856 
s 33294
f 1024 1025 1012 1013 
s 74880
f 1026 1027 1044 1021 
s 172544
f 780 1028 1045 779 
s 18816
f 1029 1030 1022 1023 
s 57344
f 1025 1029 1023 1012 
s 8462
f 1030 1026 1021 1022 
s 8262
f 1031 1032 1015 1016 
s 9088
f 1032 781 782 1015 
s 1248
f 1033 1031 1016 1017 
s 33664
f 1034 1001 998 1020 
s 41600
f 1000 1035 1046 999 
s 19472
f 1037 1033 1017 1018 
s 1
f 656 657 1048 1047 
f 658 656 1047 1049 
f 659 658 1049 1050 
f 660 659 1050 1051 
f 661 660 1051 1052 
f 662 661 1052 1053 
f 663 662 1053 1054 
f 664 663 1054 1055 
f 665 664 1055 1056 
f 666 665 1056 1057 
f 667 666 1057 1058 
f 668 667 1058 1059 
f 669 668 1059 1060 
f 670 669 1060 1061 
f 671 670 1061 1062 
f 672 671 1062 1063 
f 673 672 1063 1064 
f 674 673 1064 1065 
f 675 674 1065 1066 
f 676 675 1066 1067 
f 677 676 1067 1068 
f 678 677 1068 1069 
f 679 678 1069 1039 
s 3
f 657 1070 1028 1048 
s 525184
f 1014 1070 1024 1013 
s 655362
f 1045 1028 1070 1014 
s 1
f 1047 1048 730 731 
f 1049 1047 731 734 
f 1050 1049 734 736 
f 1051 1050 736 738 
f 1052 1051 738 740 
f 1053 1052 740 742 
f 1054 1053 742 744 
f 1055 1054 744 746 
f 1056 1055 746 748 
f 1057 1056 748 750 
f 1058 1057 750 752 
f 1059 1058 752 754 
f 1060 1059 754 756 
f 1061 1060 756 758 
f 1062 1061 758 760 
f 1063 1062 760 762 
f 1064 1063 762 764 
f 1065 1064 764 766 
f 1066 1065 766 768 
f 1067 1066 768 770 
f 1068 1067 770 772 
f 1069 1068 772 774 
f 1039 1069 774 776 
s 513
f 1048 1028 780 730 
s 1
f 609 610 1071 729 
f 610 612 1072 1071 
f 612 614 1073 1072 
f 614 616 1074 1073 
f 616 618 1075 1074 
f 618 620 1076 1075 
f 620 622 1077 1076 
f 622 624 1078 1077 
f 624 626 1079 1078 
f 626 628 1080 1079 
f 628 630 1081 1080 
f 630 632 1082 1081 
f 632 634 1083 1082 
f 634 636 1084 1083 
f 636 638 1085 1084 
f 638 640 1086 1085 
f 640 642 1087 1086 
f 642 644 1088 1087 
f 644 646 1089 1088 
f 646 648 1090 1089 
f 648 650 1091 1090 
f 650 652 1092 1091 
f 652 654 1093 1092 
f 654 525 1094 1093 
s 129
f 609 1027 1026 608 
s 65574
f 1044 1027 1095 1096 
s 3
f 729 1095 1027 609 
s 1
f 729 1071 879 728 
f 1071 1072 924 879 
f 1072 1073 922 924 
f 1073 1074 920 922 
f 1074 1075 918 920 
f 1075 1076 916 918 
f 1076 1077 914 916 
f 1077 1078 912 914 
f 1078 1079 910 912 
f 1079 1080 908 910 
f 1080 1081 906 908 
f 1081 1082 904 906 
f 1082 1083 902 904 
f 1083 1084 900 902 
f 1084 1085 898 900 
f 1085 1086 896 898 
f 1086 1087 894 896 
f 1087 1088 892 894 
f 1088 1089 890 892 
f 1089 1090 888 890 
f 1090 1091 886 888 
f 1091 1092 883 886 
f 1092 1093 882 883 
f 1093 1094 1006 882 
s 32864
f 1096 1095 1034 1020 
s 1
f 928 929 1098 1097 
s 17
f 928 1097 1121 1035 
s 1
f 932 933 1100 1099 
f 935 932 1099 1101 
f 937 935 1101 1102 
f 939 937 1102 1103 
f 941 939 1103 1104 
f 943 941 1104 1105 
f 945 943 1105 1106 
f 947 945 1106 1107 
f 949 947 1107 1108 
f 951 949 1108 1109 
f 953 951 1109 1110 
f 955 953 1110 1111 
f 957 955 1111 1112 
f 959 957 1112 1113 
f 961 959 1113 1114 
f 963 961 1114 1115 
f 965 963 1115 1116 
f 967 965 1116 1117 
f 969 967 1117 1118 
f 971 969 1118 1119 
f 973 971 1119 1120 
f 929 973 1120 1098 
f 933 1007 531 1100 
s 32848
f 1046 1035 1121 1019 
s 1
f 1097 1098 974 975 
s 5
f 1097 975 1036 1121 
s 1
f 1099 1100 976 977 
f 1101 1099 977 978 
f 1102 1101 978 979 
f 1103 1102 979 980 
f 1104 1103 980 981 
f 1105 1104 981 982 
f 1106 1105 982 983 
f 1107 1106 983 984 
f 1108 1107 984 985 
f 1109 1108 985 986 
f 1110 1109 986 987 
f 1111 1110 987 988 
f 1112 1111 988 989 
f 1113 1112 989 990 
f 1114 1113 990 991 
f 1115 1114 991 992 
f 1116 1115 992 993 
f 1117 1116 993 994 
f 1118 1117 994 995 
f 1119 1118 995 996 
f 1120 1119 996 997 
f 1098 1120 997 974 
f 1100 531 530 976 
s 70
f 1019 1121 1036 
s 1
f 679 1122 606 604 
f 1039 1038 1122 679 
s 65
f 1037 1011 856 
s 16480
f 1037 1018 1010 1011 
s 1792
f 359 352 276 358 
s 36976
f 169 170 1145 1123 
s 66672
f 446 172 1126 1127 
s 72704
f 170 394 1144 1145 
s 394784
f 174 175 1124 1125 
s 229376
f 175 169 1123 1124 
s 360448
f 172 174 1125 1126 
s 278640
f 173 200 1141 1142 
s 37216
f 249 250 1139 1140 
s 28672
f 200 249 1140 1141 
s 108544
f 250 275 1138 1139 
s 196704
f 275 276 1137 1138 
s 263280
f 279 171 1129 1130 
s 1048
f 499 1133 1134 
s 39936
f 306 279 1130 1131 
s 2180
f 352 351 1135 1136 
s 622600
f 394 420 1143 1144 
s 786944
f 420 173 1142 1143 
s 138240
f 472 446 1127 1128 
s 458752
f 171 472 1128 1129 
s 98384
f 473 306 1131 1132 
s 67072
f 499 473 1132 1133 
s 66672
f 782 779 1148 1149 
s 17520
f 998 999 1158 1159 
s 280
f 1008 1010 1154 1155 
s 263280
f 1013 1012 1166 1167 
s 1055744
f 1014 1013 1167 1146 
s 23552
f 1015 782 1149 1150 
s 49176
f 1016 1015 1150 1151 
s 37632
f 1017 1016 1151 1152 
s 77826
f 1018 1017 1152 1153 
s 296
f 1019 1036 1156 
s 269312
f 1020 998 1159 1160 
s 33392
f 1022 1021 1163 1164 
s 71168
f 1023 1022 1164 1165 
s 458752
f 1012 1023 1165 1166 
s 184320
f 1021 1044 1162 1163 
s 348160
f 779 1045 1147 1148 
s 88064
f 999 1046 1157 1158 
s 1310724
f 1045 1014 1146 1147 
s 655384
f 1044 1096 1161 1162 
s 794624
f 1096 1020 1160 1161 
s 66816
f 1046 1019 1156 1157 
s 65920
f 1010 1018 1153 1154 
s 137216
f 276 352 1136 1137 
s 33
f 1129 1174 1175 1130 
s 65
f 1148 1187 1186 1149 
f 1158 1176 1175 1159 
s 17
f 1154 1181 1180 1155 
s 65
f 1166 1168 1190 1167 
s 4097
f 1167 1190 1189 1146 
s 2049
f 1149 1186 1185 1150 
s 9
f 1150 1185 1184 1151 
s 257
f 1151 1184 1183 1152 
s 3
f 1152 1183 1182 1153 
s 9
f 1036 1179 1178 1156 
s 65
f 1163 1171 1170 1164 
s 1025
f 1164 1170 1169 1165 
s 131073
f 1165 1169 1168 1166 
s 16385
f 1162 1172 1171 1163 
s 4097
f 1147 1188 1187 1148 
f 1157 1177 1176 1158 
s 5
f 1146 1189 1188 1147 
s 17
f 1161 1173 1172 1162 
s 8193
f 1160 1174 1173 1161 
s 1025
f 1156 1178 1177 1157 
s 129
f 1153 1182 1181 1154 
s 1
f 304 1134 1179 1191 
s 4097
f 1174 1160 1159 1175 
s 33
f 1187 1142 1141 1186 
s 2049
f 1176 1131 1130 1175 
s 5
f 1181 1136 1135 1180 
s 33
f 1168 1123 1145 1190 
s 2049
f 1190 1145 1144 1189 
s 8193
f 1186 1141 1140 1185 
s 65
f 1185 1140 1139 1184 
s 8193
f 1184 1139 1138 1183 
s 65
f 1183 1138 1137 1182 
s 17
f 1179 1134 1133 1178 
s 32769
f 1171 1126 1125 1170 
s 33
f 1170 1125 1124 1169 
s 65537
f 1169 1124 1123 1168 
s 33
f 1172 1127 1126 1171 
s 513
f 1188 1143 1142 1187 
s 17
f 1177 1132 1131 1176 
s 9
f 1189 1144 1143 1188 
s 2049
f 1173 1128 1127 1172 
s 65537
f 1174 1129 1128 1173 
s 513
f 1178 1133 1132 1177 
s 4097
f 1182 1137 1136 1181 
s 1
f 1179 1036 975 1191 
f 975 974 1191 
f 974 997 1191 
f 997 996 1191 
f 996 995 1191 
f 995 994 1191 
f 994 993 1191 
f 993 992 1191 
f 992 991 1191 
f 991 990 1191 
f 990 989 1191 
f 989 988 1191 
f 988 987 1191 
f 987 986 1191 
f 986 985 1191 
f 985 984 1191 
f 984 983 1191 
f 983 982 1191 
f 982 981 1191 
f 981 980 1191 
f 980 979 1191 
f 979 978 1191 
f 978 977 1191 
f 977 976 1191 
f 976 530 1191 
f 530 307 1191 
f 307 309 1191 
f 309 311 1191 
f 311 313 1191 
f 313 315 1191 
f 315 317 1191 
f 317 319 1191 
f 319 321 1191 
f 321 323 1191 
f 323 325 1191 
f 325 327 1191 
f 327 329 1191 
f 329 331 1191 
f 331 333 1191 
f 333 335 1191 
f 335 337 1191 
f 337 339 1191 
f 339 341 1191 
f 341 343 1191 
f 343 345 1191 
f 345 347 1191 
f 347 349 1191 
f 349 303 1191 
f 303 304 1191 
f 1456 1382 1193 1377 
f 1533 1540 1538 1192 
f 1382 1542 1193 
f 1385 1543 1193 
f 1388 1544 1193 
f 1391 1545 1193 
f 1394 1546 1193 
f 1397 1547 1193 
f 1400 1548 1193 
f 1403 1549 1193 
f 1406 1550 1193 
f 1409 1551 1193 
f 1412 1552 1193 
f 1415 1553 1193 
f 1418 1554 1193 
f 1421 1555 1193 
f 1424 1556 1193 
f 1427 1557 1193 
f 1430 1558 1193 
f 1433 1559 1193 
f 1436 1560 1193 
f 1439 1561 1193 
f 1442 1562 1193 
f 1445 1563 1193 
f 1448 1564 1193 
f 1451 1565 1193 
f 1454 1457 1377 1193 
f 1541 1461 1192 1538 
f 1461 1566 1192 
f 1464 1567 1192 
f 1467 1568 1192 
f 1470 1569 1192 
f 1473 1570 1192 
f 1476 1571 1192 
f 1479 1572 1192 
f 1482 1573 1192 
f 1485 1574 1192 
f 1488 1575 1192 
f 1491 1576 1192 
f 1494 1577 1192 
f 1497 1578 1192 
f 1500 1579 1192 
f 1503 1580 1192 
f 1506 1581 1192 
f 1509 1582 1192 
f 1512 1583 1192 
f 1515 1584 1192 
f 1518 1585 1192 
f 1521 1586 1192 
f 1524 1587 1192 
f 1527 1588 1192 
f 1530 1589 1192 
f 1201 1203 1198 1226 
f 1226 1223 1205 1201 
f 1213 1215 1208 1210 
f 1215 1220 1218 1208 
f 1220 1205 1223 1218 
f 1234 1236 1229 1231 
f 1238 1253 1234 1231 
f 1244 1246 1242 1196 
f 1246 1251 1249 1242 
f 1251 1253 1238 1249 
f 1258 1213 1210 1255 
f 1203 1244 1196 1198 
s 2
f 1202 1200 1380 1378 
f 1243 1202 1378 1375 
f 1199 1195 1459 1539 
f 1225 1199 1539 1536 
f 1232 1228 1462 1459 
f 1212 1257 1383 1380 
f 1256 1211 1536 1534 
f 1235 1233 1375 1455 
f 1386 1590 1591 1259 
f 1455 1592 1593 1235 
f 1389 1594 1595 1263 
f 1392 1596 1597 1265 
f 1395 1598 1599 1267 
f 1398 1600 1601 1269 
f 1401 1602 1603 1271 
f 1404 1604 1605 1273 
f 1407 1606 1607 1275 
f 1410 1608 1609 1277 
f 1413 1610 1611 1279 
f 1416 1612 1613 1281 
f 1419 1614 1615 1283 
f 1422 1616 1617 1285 
f 1425 1618 1619 1287 
f 1428 1620 1621 1289 
f 1431 1622 1623 1291 
f 1434 1624 1625 1293 
f 1437 1626 1627 1295 
f 1440 1628 1629 1297 
f 1443 1630 1631 1299 
f 1446 1632 1633 1301 
f 1449 1634 1635 1303 
f 1452 1636 1637 1261 
s 1
f 1258 1255 1638 1639 
f 1262 1310 1640 1641 
f 1260 1306 1642 1643 
f 1264 1312 1644 1645 
f 1266 1315 1646 1647 
f 1268 1318 1648 1649 
f 1270 1321 1650 1651 
f 1272 1324 1652 1653 
f 1274 1327 1654 1655 
f 1276 1330 1656 1657 
f 1278 1333 1658 1659 
f 1280 1336 1660 1661 
f 1282 1339 1662 1663 
f 1284 1342 1664 1665 
f 1286 1345 1666 1667 
f 1288 1348 1668 1669 
f 1290 1351 1670 1671 
f 1292 1354 1672 1673 
f 1294 1357 1674 1675 
f 1296 1360 1676 1677 
f 1298 1363 1678 1679 
f 1300 1366 1680 1681 
f 1302 1369 1682 1683 
f 1304 1372 1684 1685 
s 2
f 1256 1534 1686 1687 
f 1309 1465 1688 1689 
f 1307 1531 1690 1691 
f 1313 1528 1692 1693 
f 1316 1525 1694 1695 
f 1319 1522 1696 1697 
f 1322 1519 1698 1699 
f 1325 1516 1700 1701 
f 1328 1513 1702 1703 
f 1331 1510 1704 1705 
f 1334 1507 1706 1707 
f 1337 1504 1708 1709 
f 1340 1501 1710 1711 
f 1343 1498 1712 1713 
f 1346 1495 1714 1715 
f 1349 1492 1716 1717 
f 1352 1489 1718 1719 
f 1355 1486 1720 1721 
f 1358 1483 1722 1723 
f 1361 1480 1724 1725 
f 1364 1477 1726 1727 
f 1367 1474 1728 1729 
f 1370 1471 1730 1731 
f 1373 1468 1732 1733 
f 1380 1200 1204 
f 1207 1536 1211 
f 1232 1459 1239 
f 1375 1245 1243 
f 1459 1195 1241 
f 1459 1241 1248 
f 1459 1248 1239 
f 1375 1233 1252 
f 1375 1252 1250 
f 1375 1250 1245 
f 1204 1219 1380 
f 1219 1214 1380 
f 1214 1212 1380 
f 1207 1217 1536 
f 1217 1222 1536 
f 1222 1225 1536 
s 1
f 1203 1201 1200 1202 
f 1226 1198 1197 1224 
f 1223 1226 1224 1221 
f 1201 1205 1204 1200 
f 1215 1213 1212 1214 
f 1210 1208 1206 1209 
f 1220 1215 1214 1219 
f 1208 1218 1216 1206 
f 1205 1220 1219 1204 
f 1218 1223 1221 1216 
f 1236 1234 1233 1235 
f 1231 1229 1227 1230 
f 1234 1253 1252 1233 
f 1238 1231 1230 1237 
f 1246 1244 1243 1245 
f 1196 1242 1240 1194 
f 1251 1246 1245 1250 
f 1242 1249 1247 1240 
f 1253 1251 1250 1252 
f 1249 1238 1237 1247 
f 1213 1258 1257 1212 
f 1255 1210 1209 1254 
f 1244 1203 1202 1243 
f 1198 1196 1194 1197 
s 2
f 1195 1199 1197 1194 
f 1199 1225 1224 1197 
f 1228 1232 1230 1227 
f 1211 1256 1254 1209 
s 1
f 1306 1638 1734 1305 
f 1258 1639 1591 1257 
f 1229 1640 1735 1227 
f 1262 1641 1593 1261 
f 1312 1642 1736 1311 
f 1260 1643 1595 1259 
f 1315 1644 1737 1314 
f 1264 1645 1597 1263 
f 1318 1646 1738 1317 
f 1266 1647 1599 1265 
f 1321 1648 1739 1320 
f 1268 1649 1601 1267 
f 1324 1650 1740 1323 
f 1270 1651 1603 1269 
f 1327 1652 1741 1326 
f 1272 1653 1605 1271 
f 1330 1654 1742 1329 
f 1274 1655 1607 1273 
f 1333 1656 1743 1332 
f 1276 1657 1609 1275 
f 1336 1658 1744 1335 
f 1278 1659 1611 1277 
f 1339 1660 1745 1338 
f 1280 1661 1613 1279 
f 1342 1662 1746 1341 
f 1282 1663 1615 1281 
f 1345 1664 1747 1344 
f 1284 1665 1617 1283 
f 1348 1666 1748 1347 
f 1286 1667 1619 1285 
f 1351 1668 1749 1350 
f 1288 1669 1621 1287 
f 1354 1670 1750 1353 
f 1290 1671 1623 1289 
f 1357 1672 1751 1356 
f 1292 1673 1625 1291 
f 1360 1674 1752 1359 
f 1294 1675 1627 1293 
f 1363 1676 1753 1362 
f 1296 1677 1629 1295 
f 1366 1678 1754 1365 
f 1298 1679 1631 1297 
f 1369 1680 1755 1368 
f 1300 1681 1633 1299 
f 1372 1682 1756 1371 
f 1302 1683 1635 1301 
f 1310 1684 1757 1308 
f 1304 1685 1637 1303 
s 2
f 1256 1687 1734 1254 
f 1309 1689 1735 1308 
f 1307 1691 1736 1305 
f 1313 1693 1737 1311 
f 1316 1695 1738 1314 
f 1319 1697 1739 1317 
f 1322 1699 1740 1320 
f 1325 1701 1741 1323 
f 1328 1703 1742 1326 
f 1331 1705 1743 1329 
f 1334 1707 1744 1332 
f 1337 1709 1745 1335 
f 1340 1711 1746 1338 
f 1343 1713 1747 1341 
f 1346 1715 1748 1344 
f 1349 1717 1749 1347 
f 1352 1719 1750 1350 
f 1355 1721 1751 1353 
f 1358 1723 1752 1356 
f 1361 1725 1753 1359 
f 1364 1727 1754 1362 
f 1367 1729 1755 1365 
f 1370 1731 1756 1368 
f 1373 1733 1757 1371 
f 1207 1211 1209 1206 
f 1232 1239 1237 1230 
f 1241 1195 1194 1240 
f 1248 1241 1240 1247 
f 1239 1248 1247 1237 
f 1217 1207 1206 1216 
f 1222 1217 1216 1221 
f 1225 1222 1221 1224 
s 1
f 1382 1456 1379 1381 
f 1456 1377 1376 1379 
f 1385 1542 1758 1384 
f 1388 1543 1759 1387 
f 1391 1544 1760 1390 
f 1394 1545 1761 1393 
f 1397 1546 1762 1396 
f 1400 1547 1763 1399 
f 1403 1548 1764 1402 
f 1406 1549 1765 1405 
f 1409 1550 1766 1408 
f 1412 1551 1767 1411 
f 1415 1552 1768 1414 
f 1418 1553 1769 1417 
f 1421 1554 1770 1420 
f 1424 1555 1771 1423 
f 1427 1556 1772 1426 
f 1430 1557 1773 1429 
f 1433 1558 1774 1432 
f 1436 1559 1775 1435 
f 1439 1560 1776 1438 
f 1442 1561 1777 1441 
f 1445 1562 1778 1444 
f 1448 1563 1779 1447 
f 1451 1564 1780 1450 
f 1454 1565 1781 1453 
f 1457 1454 1453 1374 
f 1377 1457 1374 1376 
s 2
f 1378 1380 1379 1376 
f 1375 1378 1376 1374 
f 1380 1383 1381 1379 
f 1455 1375 1374 1453 
f 1383 1590 1758 1381 
f 1452 1592 1781 1450 
f 1386 1594 1759 1384 
f 1389 1596 1760 1387 
f 1392 1598 1761 1390 
f 1395 1600 1762 1393 
f 1398 1602 1763 1396 
f 1401 1604 1764 1399 
f 1404 1606 1765 1402 
f 1407 1608 1766 1405 
f 1410 1610 1767 1408 
f 1413 1612 1768 1411 
f 1416 1614 1769 1414 
f 1419 1616 1770 1417 
f 1422 1618 1771 1420 
f 1425 1620 1772 1423 
f 1428 1622 1773 1426 
f 1431 1624 1774 1429 
f 1434 1626 1775 1432 
f 1437 1628 1776 1435 
f 1440 1630 1777 1438 
f 1443 1632 1778 1441 
f 1446 1634 1779 1444 
f 1449 1636 1780 1447 
s 1
f 1540 1533 1532 1535 
f 1538 1540 1535 1537 
f 1461 1541 1458 1460 
f 1541 1538 1537 1458 
f 1464 1566 1782 1463 
f 1467 1567 1783 1466 
f 1470 1568 1784 1469 
f 1473 1569 1785 1472 
f 1476 1570 1786 1475 
f 1479 1571 1787 1478 
f 1482 1572 1788 1481 
f 1485 1573 1789 1484 
f 1488 1574 1790 1487 
f 1491 1575 1791 1490 
f 1494 1576 1792 1493 
f 1497 1577 1793 1496 
f 1500 1578 1794 1499 
f 1503 1579 1795 1502 
f 1506 1580 1796 1505 
f 1509 1581 1797 1508 
f 1512 1582 1798 1511 
f 1515 1583 1799 1514 
f 1518 1584 1800 1517 
f 1521 1585 1801 1520 
f 1524 1586 1802 1523 
f 1527 1587 1803 1526 
f 1530 1588 1804 1529 
f 1533 1589 1805 1532 
s 2
f 1539 1459 1458 1537 
f 1536 1539 1537 1535 
f 1459 1462 1460 1458 
f 1534 1536 1535 1532 
f 1531 1686 1805 1529 
f 1462 1688 1782 1460 
f 1528 1690 1804 1526 
f 1525 1692 1803 1523 
f 1522 1694 1802 1520 
f 1519 1696 1801 1517 
f 1516 1698 1800 1514 
f 1513 1700 1799 1511 
f 1510 1702 1798 1508 
f 1507 1704 1797 1505 
f 1504 1706 1796 1502 
f 1501 1708 1795 1499 
f 1498 1710 1794 1496 
f 1495 1712 1793 1493 
f 1492 1714 1792 1490 
f 1489 1716 1791 1487 
f 1486 1718 1790 1484 
f 1483 1720 1789 1481 
f 1480 1722 1788 1478 
f 1477 1724 1787 1475 
f 1474 1726 1786 1472 
f 1471 1728 1785 1469 
f 1468 1730 1784 1466 
f 1465 1732 1783 1463 
f 1590 1383 1257 1591 
f 1592 1452 1261 1593 
f 1594 1386 1259 1595 
f 1596 1389 1263 1597 
f 1598 1392 1265 1599 
f 1600 1395 1267 1601 
f 1602 1398 1269 1603 
f 1604 1401 1271 1605 
f 1606 1404 1273 1607 
f 1608 1407 1275 1609 
f 1610 1410 1277 1611 
f 1612 1413 1279 1613 
f 1614 1416 1281 1615 
f 1616 1419 1283 1617 
f 1618 1422 1285 1619 
f 1620 1425 1287 1621 
f 1622 1428 1289 1623 
f 1624 1431 1291 1625 
f 1626 1434 1293 1627 
f 1628 1437 1295 1629 
f 1630 1440 1297 1631 
f 1632 1443 1299 1633 
f 1634 1446 1301 1635 
f 1636 1449 1303 1637 
s 1
f 1638 1306 1260 1639 
f 1640 1229 1236 1641 
f 1642 1312 1264 1643 
f 1644 1315 1266 1645 
f 1646 1318 1268 1647 
f 1648 1321 1270 1649 
f 1650 1324 1272 1651 
f 1652 1327 1274 1653 
f 1654 1330 1276 1655 
f 1656 1333 1278 1657 
f 1658 1336 1280 1659 
f 1660 1339 1282 1661 
f 1662 1342 1284 1663 
f 1664 1345 1286 1665 
f 1666 1348 1288 1667 
f 1668 1351 1290 1669 
f 1670 1354 1292 1671 
f 1672 1357 1294 1673 
f 1674 1360 1296 1675 
f 1676 1363 1298 1677 
f 1678 1366 1300 1679 
f 1680 1369 1302 1681 
f 1682 1372 1304 1683 
f 1684 1310 1262 1685 
s 2
f 1686 1531 1307 1687 
f 1688 1462 1228 1689 
f 1690 1528 1313 1691 
f 1692 1525 1316 1693 
f 1694 1522 1319 1695 
f 1696 1519 1322 1697 
f 1698 1516 1325 1699 
f 1700 1513 1328 1701 
f 1702 1510 1331 1703 
f 1704 1507 1334 1705 
f 1706 1504 1337 1707 
f 1708 1501 1340 1709 
f 1710 1498 1343 1711 
f 1712 1495 1346 1713 
f 1714 1492 1349 1715 
f 1716 1489 1352 1717 
f 1718 1486 1355 1719 
f 1720 1483 1358 1721 
f 1722 1480 1361 1723 
f 1724 1477 1364 1725 
f 1726 1474 1367 1727 
f 1728 1471 1370 1729 
f 1730 1468 1373 1731 
f 1732 1465 1309 1733 
s 1
f 1638 1255 1254 1734 
f 1639 1260 1259 1591 
f 1640 1310 1308 1735 
f 1641 1236 1235 1593 
f 1642 1306 1305 1736 
f 1643 1264 1263 1595 
f 1644 1312 1311 1737 
f 1645 1266 1265 1597 
f 1646 1315 1314 1738 
f 1647 1268 1267 1599 
f 1648 1318 1317 1739 
f 1649 1270 1269 1601 
f 1650 1321 1320 1740 
f 1651 1272 1271 1603 
f 1652 1324 1323 1741 
f 1653 1274 1273 1605 
f 1654 1327 1326 1742 
f 1655 1276 1275 1607 
f 1656 1330 1329 1743 
f 1657 1278 1277 1609 
f 1658 1333 1332 1744 
f 1659 1280 1279 1611 
f 1660 1336 1335 1745 
f 1661 1282 1281 1613 
f 1662 1339 1338 1746 
f 1663 1284 1283 1615 
f 1664 1342 1341 1747 
f 1665 1286 1285 1617 
f 1666 1345 1344 1748 
f 1667 1288 1287 1619 
f 1668 1348 1347 1749 
f 1669 1290 1289 1621 
f 1670 1351 1350 1750 
f 1671 1292 1291 1623 
f 1672 1354 1353 1751 
f 1673 1294 1293 1625 
f 1674 1357 1356 1752 
f 1675 1296 1295 1627 
f 1676 1360 1359 1753 
f 1677 1298 1297 1629 
f 1678 1363 1362 1754 
f 1679 1300 1299 1631 
f 1680 1366 1365 1755 
f 1681 1302 1301 1633 
f 1682 1369 1368 1756 
f 1683 1304 1303 1635 
f 1684 1372 1371 1757 
f 1685 1262 1261 1637 
s 2
f 1687 1307 1305 1734 
f 1689 1228 1227 1735 
f 1691 1313 1311 1736 
f 1693 1316 1314 1737 
f 1695 1319 1317 1738 
f 1697 1322 1320 1739 
f 1699 1325 1323 1740 
f 1701 1328 1326 1741 
f 1703 1331 1329 1742 
f 1705 1334 1332 1743 
f 1707 1337 1335 1744 
f 1709 1340 1338 1745 
f 1711 1343 1341 1746 
f 1713 1346 1344 1747 
f 1715 1349 1347 1748 
f 1717 1352 1350 1749 
f 1719 1355 1353 1750 
f 1721 1358 1356 1751 
f 1723 1361 1359 1752 
f 1725 1364 1362 1753 
f 1727 1367 1365 1754 
f 1729 1370 1368 1755 
f 1731 1373 1371 1756 
f 1733 1309 1308 1757 
s 1
f 1542 1382 1381 1758 
f 1543 1385 1384 1759 
f 1544 1388 1387 1760 
f 1545 1391 1390 1761 
f 1546 1394 1393 1762 
f 1547 1397 1396 1763 
f 1548 1400 1399 1764 
f 1549 1403 1402 1765 
f 1550 1406 1405 1766 
f 1551 1409 1408 1767 
f 1552 1412 1411 1768 
f 1553 1415 1414 1769 
f 1554 1418 1417 1770 
f 1555 1421 1420 1771 
f 1556 1424 1423 1772 
f 1557 1427 1426 1773 
f 1558 1430 1429 1774 
f 1559 1433 1432 1775 
f 1560 1436 1435 1776 
f 1561 1439 1438 1777 
f 1562 1442 1441 1778 
f 1563 1445 1444 1779 
f 1564 1448 1447 1780 
f 1565 1451 1450 1781 
s 2
f 1590 1386 1384 1758 
f 1592 1455 1453 1781 
f 1594 1389 1387 1759 
f 1596 1392 1390 1760 
f 1598 1395 1393 1761 
f 1600 1398 1396 1762 
f 1602 1401 1399 1763 
f 1604 1404 1402 1764 
f 1606 1407 1405 1765 
f 1608 1410 1408 1766 
f 1610 1413 1411 1767 
f 1612 1416 1414 1768 
f 1614 1419 1417 1769 
f 1616 1422 1420 1770 
f 1618 1425 1423 1771 
f 1620 1428 1426 1772 
f 1622 1431 1429 1773 
f 1624 1434 1432 1774 
f 1626 1437 1435 1775 
f 1628 1440 1438 1776 
f 1630 1443 1441 1777 
f 1632 1446 1444 1778 
f 1634 1449 1447 1779 
f 1636 1452 1450 1780 
s 1
f 1566 1461 1460 1782 
f 1567 1464 1463 1783 
f 1568 1467 1466 1784 
f 1569 1470 1469 1785 
f 1570 1473 1472 1786 
f 1571 1476 1475 1787 
f 1572 1479 1478 1788 
f 1573 1482 1481 1789 
f 1574 1485 1484 1790 
f 1575 1488 1487 1791 
f 1576 1491 1490 1792 
f 1577 1494 1493 1793 
f 1578 1497 1496 1794 
f 1579 1500 1499 1795 
f 1580 1503 1502 1796 
f 1581 1506 1505 1797 
f 1582 1509 1508 1798 
f 1583 1512 1511 1799 
f 1584 1515 1514 1800 
f 1585 1518 1517 1801 
f 1586 1521 1520 1802 
f 1587 1524 1523 1803 
f 1588 1527 1526 1804 
f 1589 1530 1529 1805 
s 2
f 1686 1534 1532 1805 
f 1688 1465 1463 1782 
f 1690 1531 1529 1804 
f 1692 1528 1526 1803 
f 1694 1525 1523 1802 
f 1696 1522 1520 1801 
f 1698 1519 1517 1800 
f 1700 1516 1514 1799 
f 1702 1513 1511 1798 
f 1704 1510 1508 1797 
f 1706 1507 1505 1796 
f 1708 1504 1502 1795 
f 1710 1501 1499 1794 
f 1712 1498 1496 1793 
f 1714 1495 1493 1792 
f 1716 1492 1490 1791 
f 1718 1489 1487 1790 
f 1720 1486 1484 1789 
f 1722 1483 1481 1788 
f 1724 1480 1478 1787 
f 1726 1477 1475 1786 
f 1728 1474 1472 1785 
f 1730 1471 1469 1784 
f 1732 1468 1466 1783 
s 1
f 1542 1385 1193 
f 1543 1388 1193 
f 1544 1391 1193 
f 1545 1394 1193 
f 1546 1397 1193 
f 1547 1400 1193 
f 1548 1403 1193 
f 1549 1406 1193 
f 1550 1409 1193 
f 1551 1412 1193 
f 1552 1415 1193 
f 1553 1418 1193 
f 1554 1421 1193 
f 1555 1424 1193 
f 1556 1427 1193 
f 1557 1430 1193 
f 1558 1433 1193 
f 1559 1436 1193 
f 1560 1439 1193 
f 1561 1442 1193 
f 1562 1445 1193 
f 1563 1448 1193 
f 1564 1451 1193 
f 1565 1454 1193 
f 1566 1464 1192 
f 1567 1467 1192 
f 1568 1470 1192 
f 1569 1473 1192 
f 1570 1476 1192 
f 1571 1479 1192 
f 1572 1482 1192 
f 1573 1485 1192 
f 1574 1488 1192 
f 1575 1491 1192 
f 1576 1494 1192 
f 1577 1497 1192 
f 1578 1500 1192 
f 1579 1503 1192 
f 1580 1506 1192 
f 1581 1509 1192 
f 1582 1512 1192 
f 1583 1515 1192 
f 1584 1518 1192 
f 1585 1521 1192 
f 1586 1524 1192 
f 1587 1527 1192 
f 1588 1530 1192 
f 1589 1533 1192 
f 2070 1996 1807 1991 
f 2147 2154 2152 1806 
f 1996 2156 1807 
f 1999 2157 1807 
f 2002 2158 1807 
f 2005 2159 1807 
f 2008 2160 1807 
f 2011 2161 1807 
f 2014 2162 1807 
f 2017 2163 1807 
f 2020 2164 1807 
f 2023 2165 1807 
f 2026 2166 1807 
f 2029 2167 1807 
f 2032 2168 1807 
f 2035 2169 1807 
f 2038 2170 1807 
f 2041 2171 1807 
f 2044 2172 1807 
f 2047 2173 1807 
f 2050 2174 1807 
f 2053 2175 1807 
f 2056 2176 1807 
f 2059 2177 1807 
f 2062 2178 1807 
f 2065 2179 1807 
f 2068 2071 1991 1807 
f 2155 2075 1806 2152 
f 2075 2180 1806 
f 2078 2181 1806 
f 2081 2182 1806 
f 2084 2183 1806 
f 2087 2184 1806 
f 2090 2185 1806 
f 2093 2186 1806 
f 2096 2187 1806 
f 2099 2188 1806 
f 2102 2189 1806 
f 2105 2190 1806 
f 2108 2191 1806 
f 2111 2192 1806 
f 2114 2193 1806 
f 2117 2194 1806 
f 2120 2195 1806 
f 2123 2196 1806 
f 2126 2197 1806 
f 2129 2198 1806 
f 2132 2199 1806 
f 2135 2200 1806 
f 2138 2201 1806 
f 2141 2202 1806 
f 2144 2203 1806 
f 1815 1817 1812 1840 
f 1840 1837 1819 1815 
f 1827 1829 1822 1824 
f 1829 1834 1832 1822 
f 1834 1819 1837 1832 
f 1848 1850 1843 1845 
f 1852 1867 1848 1845 
f 1858 1860 1856 1810 
f 1860 1865 1863 1856 
f 1865 1867 1852 1863 
f 1872 1827 1824 1869 
f 1817 1858 1810 1812 
s 2
f 1816 1814 1994 1992 
f 1857 1816 1992 1989 
f 1813 1809 2073 2153 
f 1839 1813 2153 2150 
f 1846 1842 2076 2073 
f 1826 1871 1997 1994 
f 1870 1825 2150 2148 
f 1849 1847 1989 2069 
f 2000 2204 2205 1873 
f 2069 2206 2207 1849 
f 2003 2208 2209 1877 
f 2006 2210 2211 1879 
f 2009 2212 2213 1881 
f 2012 2214 2215 1883 
f 2015 2216 2217 1885 
f 2018 2218 2219 1887 
f 2021 2220 2221 1889 
f 2024 2222 2223 1891 
f 2027 2224 2225 1893 
f 2030 2226 2227 1895 
f 2033 2228 2229 1897 
f 2036 2230 2231 1899 
f 2039 2232 2233 1901 
f 2042 2234 2235 1903 
f 2045 2236 2237 1905 
f 2048 2238 2239 1907 
f 2051 2240 2241 1909 
f 2054 2242 2243 1911 
f 2057 2244 2245 1913 
f 2060 2246 2247 1915 
f 2063 2248 2249 1917 
f 2066 2250 2251 1875 
s 1
f 1872 1869 2252 2253 
f 1876 1924 2254 2255 
f 1874 1920 2256 2257 
f 1878 1926 2258 2259 
f 1880 1929 2260 2261 
f 1882 1932 2262 2263 
f 1884 1935 2264 2265 
f 1886 1938 2266 2267 
f 1888 1941 2268 2269 
f 1890 1944 2270 2271 
f 1892 1947 2272 2273 
f 1894 1950 2274 2275 
f 1896 1953 2276 2277 
f 1898 1956 2278 2279 
f 1900 1959 2280 2281 
f 1902 1962 2282 2283 
f 1904 1965 2284 2285 
f 1906 1968 2286 2287 
f 1908 1971 2288 2289 
f 1910 1974 2290 2291 
f 1912 1977 2292 2293 
f 1914 1980 2294 2295 
f 1916 1983 2296 2297 
f 1918 1986 2298 2299 
s 2
f 1870 2148 2300 2301 
f 1923 2079 2302 2303 
f 1921 2145 2304 2305 
f 1927 2142 2306 2307 
f 1930 2139 2308 2309 
f 1933 2136 2310 2311 
f 1936 2133 2312 2313 
f 1939 2130 2314 2315 
f 1942 2127 2316 2317 
f 1945 2124 2318 2319 
f 1948 2121 2320 2321 
f 1951 2118 2322 2323 
f 1954 2115 2324 2325 
f 1957 2112 2326 2327 
f 1960 2109 2328 2329 
f 1963 2106 2330 2331 
f 1966 2103 2332 2333 
f 1969 2100 2334 2335 
f 1972 2097 2336 2337 
f 1975 2094 2338 2339 
f 1978 2091 2340 2341 
f 1981 2088 2342 2343 
f 1984 2085 2344 2345 
f 1987 2082 2346 2347 
f 1994 1814 1818 
f 1821 2150 1825 
f 1846 2073 1853 
f 1989 1859 1857 
f 2073 1809 1855 
f 2073 1855 1862 
f 2073 1862 1853 
f 1989 1847 1866 
f 1989 1866 1864 
f 1989 1864 1859 
f 1818 1833 1994 
f 1833 1828 1994 
f 1828 1826 1994 
f 1821 1831 2150 
f 1831 1836 2150 
f 1836 1839 2150 
s 1
f 1817 1815 1814 1816 
f 1840 1812 1811 1838 
f 1837 1840 1838 1835 
f 1815 1819 1818 1814 
f 1829 1827 1826 1828 
f 1824 1822 1820 1823 
f 1834 1829 1828 1833 
f 1822 1832 1830 1820 
f 1819 1834 1833 1818 
f 1832 1837 1835 1830 
f 1850 1848 1847 1849 
f 1845 1843 1841 1844 
f 1848 1867 1866 1847 
f 1852 1845 1844 1851 
f 1860 1858 1857 1859 
f 1810 1856 1854 1808 
f 1865 1860 1859 1864 
f 1856 1863 1861 1854 
f 1867 1865 1864 1866 
f 1863 1852 1851 1861 
f 1827 1872 1871 1826 
f 1869 1824 1823 1868 
f 1858 1817 1816 1857 
f 1812 1810 1808 1811 
s 2
f 1809 1813 1811 1808 
f 1813 1839 1838 1811 
f 1842 1846 1844 1841 
f 1825 1870 1868 1823 
s 1
f 1920 2252 2348 1919 
f 1872 2253 2205 1871 
f 1843 2254 2349 1841 
f 1876 2255 2207 1875 
f 1926 2256 2350 1925 
f 1874 2257 2209 1873 
f 1929 2258 2351 1928 
f 1878 2259 2211 1877 
f 1932 2260 2352 1931 
f 1880 2261 2213 1879 
f 1935 2262 2353 1934 
f 1882 2263 2215 1881 
f 1938 2264 2354 1937 
f 1884 2265 2217 1883 
f 1941 2266 2355 1940 
f 1886 2267 2219 1885 
f 1944 2268 2356 1943 
f 1888 2269 2221 1887 
f 1947 2270 2357 1946 
f 1890 2271 2223 1889 
f 1950 2272 2358 1949 
f 1892 2273 2225 1891 
f 1953 2274 2359 1952 
f 1894 2275 2227 1893 
f 1956 2276 2360 1955 
f 1896 2277 2229 1895 
f 1959 2278 2361 1958 
f 1898 2279 2231 1897 
f 1962 2280 2362 1961 
f 1900 2281 2233 1899 
f 1965 2282 2363 1964 
f 1902 2283 2235 1901 
f 1968 2284 2364 1967 
f 1904 2285 2237 1903 
f 1971 2286 2365 1970 
f 1906 2287 2239 1905 
f 1974 2288 2366 1973 
f 1908 2289 2241 1907 
f 1977 2290 2367 1976 
f 1910 2291 2243 1909 
f 1980 2292 2368 1979 
f 1912 2293 2245 1911 
f 1983 2294 2369 1982 
f 1914 2295 2247 1913 
f 1986 2296 2370 1985 
f 1916 2297 2249 1915 
f 1924 2298 2371 1922 
f 1918 2299 2251 1917 
s 2
f 1870 2301 2348 1868 
f 1923 2303 2349 1922 
f 1921 2305 2350 1919 
f 1927 2307 2351 1925 
f 1930 2309 2352 1928 
f 1933 2311 2353 1931 
f 1936 2313 2354 1934 
f 1939 2315 2355 1937 
f 1942 2317 2356 1940 
f 1945 2319 2357 1943 
f 1948 2321 2358 1946 
f 1951 2323 2359 1949 
f 1954 2325 2360 1952 
f 1957 2327 2361 1955 
f 1960 2329 2362 1958 
f 1963 2331 2363 1961 
f 1966 2333 2364 1964 
f 1969 2335 2365 1967 
f 1972 2337 2366 1970 
f 1975 2339 2367 1973 
f 1978 2341 2368 1976 
f 1981 2343 2369 1979 
f 1984 2345 2370 1982 
f 1987 2347 2371 1985 
f 1821 1825 1823 1820 
f 1846 1853 1851 1844 
f 1855 1809 1808 1854 
f 1862 1855 1854 1861 
f 1853 1862 1861 1851 
f 1831 1821 1820 1830 
f 1836 1831 1830 1835 
f 1839 1836 1835 1838 
s 1
f 1996 2070 1993 1995 
f 2070 1991 1990 1993 
f 1999 2156 2372 1998 
f 2002 2157 2373 2001 
f 2005 2158 2374 2004 
f 2008 2159 2375 2007 
f 2011 2160 2376 2010 
f 2014 2161 2377 2013 
f 2017 2162 2378 2016 
f 2020 2163 2379 2019 
f 2023 2164 2380 2022 
f 2026 2165 2381 2025 
f 2029 2166 2382 2028 
f 2032 2167 2383 2031 
f 2035 2168 2384 2034 
f 2038 2169 2385 2037 
f 2041 2170 2386 2040 
f 2044 2171 2387 2043 
f 2047 2172 2388 2046 
f 2050 2173 2389 2049 
f 2053 2174 2390 2052 
f 2056 2175 2391 2055 
f 2059 2176 2392 2058 
f 2062 2177 2393 2061 
f 2065 2178 2394 2064 
f 2068 2179 2395 2067 
f 2071 2068 2067 1988 
f 1991 2071 1988 1990 
s 2
f 1992 1994 1993 1990 
f 1989 1992 1990 1988 
f 1994 1997 1995 1993 
f 2069 1989 1988 2067 
f 1997 2204 2372 1995 
f 2066 2206 2395 2064 
f 2000 2208 2373 1998 
f 2003 2210 2374 2001 
f 2006 2212 2375 2004 
f 2009 2214 2376 2007 
f 2012 2216 2377 2010 
f 2015 2218 2378 2013 
f 2018 2220 2379 2016 
f 2021 2222 2380 2019 
f 2024 2224 2381 2022 
f 2027 2226 2382 2025 
f 2030 2228 2383 2028 
f 2033 2230 2384 2031 
f 2036 2232 2385 2034 
f 2039 2234 2386 2037 
f 2042 2236 2387 2040 
f 2045 2238 2388 2043 
f 2048 2240 2389 2046 
f 2051 2242 2390 2049 
f 2054 2244 2391 2052 
f 2057 2246 2392 2055 
f 2060 2248 2393 2058 
f 2063 2250 2394 2061 
s 1
f 2154 2147 2146 2149 
f 2152 2154 2149 2151 
f 2075 2155 2072 2074 
f 2155 2152 2151 2072 
f 2078 2180 2396 2077 
f 2081 2181 2397 2080 
f 2084 2182 2398 2083 
f 2087 2183 2399 2086 
f 2090 2184 2400 2089 
f 2093 2185 2401 2092 
f 2096 2186 2402 2095 
f 2099 2187 2403 2098 
f 2102 2188 2404 2101 
f 2105 2189 2405 2104 
f 2108 2190 2406 2107 
f 2111 2191 2407 2110 
f 2114 2192 2408 2113 
f 2117 2193 2409 2116 
f 2120 2194 2410 2119 
f 2123 2195 2411 2122 
f 2126 2196 2412 2125 
f 2129 2197 2413 2128 
f 2132 2198 2414 2131 
f 2135 2199 2415 2134 
f 2138 2200 2416 2137 
f 2141 2201 2417 2140 
f 2144 2202 2418 2143 
f 2147 2203 2419 2146 
s 2
f 2153 2073 2072 2151 
f 2150 2153 2151 2149 
f 2073 2076 2074 2072 
f 2148 2150 2149 2146 
f 2145 2300 2419 2143 
f 2076 2302 2396 2074 
f 2142 2304 2418 2140 
f 2139 2306 2417 2137 
f 2136 2308 2416 2134 
f 2133 2310 2415 2131 
f 2130 2312 2414 2128 
f 2127 2314 2413 2125 
f 2124 2316 2412 2122 
f 2121 2318 2411 2119 
f 2118 2320 2410 2116 
f 2115 2322 2409 2113 
f 2112 2324 2408 2110 
f 2109 2326 2407 2107 
f 2106 2328 2406 2104 
f 2103 2330 2405 2101 
f 2100 2332 2404 2098 
f 2097 2334 2403 2095 
f 2094 2336 2402 2092 
f 2091 2338 2401 2089 
f 2088 2340 2400 2086 
f 2085 2342 2399 2083 
f 2082 2344 2398 2080 
f 2079 2346 2397 2077 
f 2204 1997 1871 2205 
f 2206 2066 1875 2207 
f 2208 2000 1873 2209 
f 2210 2003 1877 2211 
f 2212 2006 1879 2213 
f 2214 2009 1881 2215 
f 2216 2012 1883 2217 
f 2218 2015 1885 2219 
f 2220 2018 1887 2221 
f 2222 2021 1889 2223 
f 2224 2024 1891 2225 
f 2226 2027 1893 2227 
f 2228 2030 1895 2229 
f 2230 2033 1897 2231 
f 2232 2036 1899 2233 
f 2234 2039 1901 2235 
f 2236 2042 1903 2237 
f 2238 2045 1905 2239 
f 2240 2048 1907 2241 
f 2242 2051 1909 2243 
f 2244 2054 1911 2245 
f 2246 2057 1913 2247 
f 2248 2060 1915 2249 
f 2250 2063 1917 2251 
s 1
f 2252 1920 1874 2253 
f 2254 1843 1850 2255 
f 2256 1926 1878 2257 
f 2258 1929 1880 2259 
f 2260 1932 1882 2261 
f 2262 1935 1884 2263 
f 2264 1938 1886 2265 
f 2266 1941 1888 2267 
f 2268 1944 1890 2269 
f 2270 1947 1892 2271 
f 2272 1950 1894 2273 
f 2274 1953 1896 2275 
f 2276 1956 1898 2277 
f 2278 1959 1900 2279 
f 2280 1962 1902 2281 
f 2282 1965 1904 2283 
f 2284 1968 1906 2285 
f 2286 1971 1908 2287 
f 2288 1974 1910 2289 
f 2290 1977 1912 2291 
f 2292 1980 1914 2293 
f 2294 1983 1916 2295 
f 2296 1986 1918 2297 
f 2298 1924 1876 2299 
s 2
f 2300 2145 1921 2301 
f 2302 2076 1842 2303 
f 2304 2142 1927 2305 
f 2306 2139 1930 2307 
f 2308 2136 1933 2309 
f 2310 2133 1936 2311 
f 2312 2130 1939 2313 
f 2314 2127 1942 2315 
f 2316 2124 1945 2317 
f 2318 2121 1948 2319 
f 2320 2118 1951 2321 
f 2322 2115 1954 2323 
f 2324 2112 1957 2325 
f 2326 2109 1960 2327 
f 2328 2106 1963 2329 
f 2330 2103 1966 2331 
f 2332 2100 1969 2333 
f 2334 2097 1972 2335 
f 2336 2094 1975 2337 
f 2338 2091 1978 2339 
f 2340 2088 1981 2341 
f 2342 2085 1984 2343 
f 2344 2082 1987 2345 
f 2346 2079 1923 2347 
s 1
f 2252 1869 1868 2348 
f 2253 1874 1873 2205 
f 2254 1924 1922 2349 
f 2255 1850 1849 2207 
f 2256 1920 1919 2350 
f 2257 1878 1877 2209 
f 2258 1926 1925 2351 
f 2259 1880 1879 2211 
f 2260 1929 1928 2352 
f 2261 1882 1881 2213 
f 2262 1932 1931 2353 
f 2263 1884 1883 2215 
f 2264 1935 1934 2354 
f 2265 1886 1885 2217 
f 2266 1938 1937 2355 
f 2267 1888 1887 2219 
f 2268 1941 1940 2356 
f 2269 1890 1889 2221 
f 2270 1944 1943 2357 
f 2271 1892 1891 2223 
f 2272 1947 1946 2358 
f 2273 1894 1893 2225 
f 2274 1950 1949 2359 
f 2275 1896 1895 2227 
f 2276 1953 1952 2360 
f 2277 1898 1897 2229 
f 2278 1956 1955 2361 
f 2279 1900 1899 2231 
f 2280 1959 1958 2362 
f 2281 1902 1901 2233 
f 2282 1962 1961 2363 
f 2283 1904 1903 2235 
f 2284 1965 1964 2364 
f 2285 1906 1905 2237 
f 2286 1968 1967 2365 
f 2287 1908 1907 2239 
f 2288 1971 1970 2366 
f 2289 1910 1909 2241 
f 2290 1974 1973 2367 
f 2291 1912 1911 2243 
f 2292 1977 1976 2368 
f 2293 1914 1913 2245 
f 2294 1980 1979 2369 
f 2295 1916 1915 2247 
f 2296 1983 1982 2370 
f 2297 1918 1917 2249 
f 2298 1986 1985 2371 
f 2299 1876 1875 2251 
s 2
f 2301 1921 1919 2348 
f 2303 1842 1841 2349 
f 2305 1927 1925 2350 
f 2307 1930 1928 2351 
f 2309 1933 1931 2352 
f 2311 1936 1934 2353 
f 2313 1939 1937 2354 
f 2315 1942 1940 2355 
f 2317 1945 1943 2356 
f 2319 1948 1946 2357 
f 2321 1951 1949 2358 
f 2323 1954 1952 2359 
f 2325 1957 1955 2360 
f 2327 1960 1958 2361 
f 2329 1963 1961 2362 
f 2331 1966 1964 2363 
f 2333 1969 1967 2364 
f 2335 1972 1970 2365 
f 2337 1975 1973 2366 
f 2339 1978 1976 2367 
f 2341 1981 1979 2368 
f 2343 1984 1982 2369 
f 2345 1987 1985 2370 
f 2347 1923 1922 2371 
s 1
f 2156 1996 1995 2372 
f 2157 1999 1998 2373 
f 2158 2002 2001 2374 
f 2159 2005 2004 2375 
f 2160 2008 2007 2376 
f 2161 2011 2010 2377 
f 2162 2014 2013 2378 
f 2163 2017 2016 2379 
f 2164 2020 2019 2380 
f 2165 2023 2022 2381 
f 2166 2026 2025 2382 
f 2167 2029 2028 2383 
f 2168 2032 2031 2384 
f 2169 2035 2034 2385 
f 2170 2038 2037 2386 
f 2171 2041 2040 2387 
f 2172 2044 2043 2388 
f 2173 2047 2046 2389 
f 2174 2050 2049 2390 
f 2175 2053 2052 2391 
f 2176 2056 2055 2392 
f 2177 2059 2058 2393 
f 2178 2062 2061 2394 
f 2179 2065 2064 2395 
s 2
f 2204 2000 1998 2372 
f 2206 2069 2067 2395 
f 2208 2003 2001 2373 
f 2210 2006 2004 2374 
f 2212 2009 2007 2375 
f 2214 2012 2010 2376 
f 2216 2015 2013 2377 
f 2218 2018 2016 2378 
f 2220 2021 2019 2379 
f 2222 2024 2022 2380 
f 2224 2027 2025 2381 
f 2226 2030 2028 2382 
f 2228 2033 2031 2383 
f 2230 2036 2034 2384 
f 2232 2039 2037 2385 
f 2234 2042 2040 2386 
f 2236 2045 2043 2387 
f 2238 2048 2046 2388 
f 2240 2051 2049 2389 
f 2242 2054 2052 2390 
f 2244 2057 2055 2391 
f 2246 2060 2058 2392 
f 2248 2063 2061 2393 
f 2250 2066 2064 2394 
s 1
f 2180 2075 2074 2396 
f 2181 2078 2077 2397 
f 2182 2081 2080 2398 
f 2183 2084 2083 2399 
f 2184 2087 2086 2400 
f 2185 2090 2089 2401 
f 2186 2093 2092 2402 
f 2187 2096 2095 2403 
f 2188 2099 2098 2404 
f 2189 2102 2101 2405 
f 2190 2105 2104 2406 
f 2191 2108 2107 2407 
f 2192 2111 2110 2408 
f 2193 2114 2113 2409 
f 2194 2117 2116 2410 
f 2195 2120 2119 2411 
f 2196 2123 2122 2412 
f 2197 2126 2125 2413 
f 2198 2129 2128 2414 
f 2199 2132 2131 2415 
f 2200 2135 2134 2416 
f 2201 2138 2137 2417 
f 2202 2141 2140 2418 
f 2203 2144 2143 2419 
s 2
f 2300 2148 2146 2419 
f 2302 2079 2077 2396 
f 2304 2145 2143 2418 
f 2306 2142 2140 2417 
f 2308 2139 2137 2416 
f 2310 2136 2134 2415 
f 2312 2133 2131 2414 
f 2314 2130 2128 2413 
f 2316 2127 2125 2412 
f 2318 2124 2122 2411 
f 2320 2121 2119 2410 
f 2322 2118 2116 2409 
f 2324 2115 2113 2408 
f 2326 2112 2110 2407 
f 2328 2109 2107 2406 
f 2330 2106 2104 2405 
f 2332 2103 2101 2404 
f 2334 2100 2098 2403 
f 2336 2097 2095 2402 
f 2338 2094 2092 2401 
f 2340 2091 2089 2400 
f 2342 2088 2086 2399 
f 2344 2085 2083 2398 
f 2346 2082 2080 2397 
s 1
f 2156 1999 1807 
f 2157 2002 1807 
f 2158 2005 1807 
f 2159 2008 1807 
f 2160 2011 1807 
f 2161 2014 1807 
f 2162 2017 1807 
f 2163 2020 1807 
f 2164 2023 1807 
f 2165 2026 1807 
f 2166 2029 1807 
f 2167 2032 1807 
f 2168 2035 1807 
f 2169 2038 1807 
f 2170 2041 1807 
f 2171 2044 1807 
f 2172 2047 1807 
f 2173 2050 1807 
f 2174 2053 1807 
f 2175 2056 1807 
f 2176 2059 1807 
f 2177 2062 1807 
f 2178 2065 1807 
f 2179 2068 1807 
f 2180 2078 1806 
f 2181 2081 1806 
f 2182 2084 1806 
f 2183 2087 1806 
f 2184 2090 1806 
f 2185 2093 1806 
f 2186 2096 1806 
f 2187 2099 1806 
f 2188 2102 1806 
f 2189 2105 1806 
f 2190 2108 1806 
f 2191 2111 1806 
f 2192 2114 1806 
f 2193 2117 1806 
f 2194 2120 1806 
f 2195 2123 1806 
f 2196 2126 1806 
f 2197 2129 1806 
f 2198 2132 1806 
f 2199 2135 1806 
f 2200 2138 1806 
f 2201 2141 1806 
f 2202 2144 1806 
f 2203 2147 1806 
f 2452 2453 2454 2455 
f 2456 2457 2458 2459 
s 2
f 2460 2461 2462 2463 
s 4
f 2464 2465 2466 2467 
s 2
f 2468 2469 2470 2471 
s 4
f 2472 2473 2474 2475 
s 1
f 2452 2423 2420 2421 
f 2453 2425 2424 2426 
f 2454 2429 2428 2430 
f 2455 2433 2432 2434 
f 2456 2439 2436 2437 
f 2457 2441 2440 2442 
f 2458 2445 2444 2446 
f 2459 2449 2448 2450 
s 2
f 2460 2422 2420 2423 
f 2461 2434 2432 2435 
f 2462 2443 2440 2441 
f 2463 2437 2436 2438 
s 4
f 2464 2435 2432 2433 
f 2465 2430 2428 2431 
f 2466 2447 2444 2445 
f 2467 2442 2440 2443 
s 2
f 2468 2431 2428 2429 
f 2469 2426 2424 2427 
f 2470 2451 2448 2449 
f 2471 2446 2444 2447 
s 4
f 2472 2427 2424 2425 
f 2473 2421 2420 2422 
f 2474 2438 2436 2439 
f 2475 2450 2448 2451 
s 1
f 2453 2452 2421 2425 
f 2454 2453 2426 2429 
f 2455 2454 2430 2433 
f 2452 2455 2434 2423 
f 2457 2456 2437 2441 
f 2458 2457 2442 2445 
f 2459 2458 2446 2449 
f 2456 2459 2450 2439 
s 2
f 2461 2460 2423 2434 
f 2462 2461 2435 2443 
f 2463 2462 2441 2437 
f 2460 2463 2438 2422 
s 4
f 2465 2464 2433 2430 
f 2466 2465 2431 2447 
f 2467 2466 2445 2442 
f 2464 2467 2443 2435 
s 2
f 2469 2468 2429 2426 
f 2470 2469 2427 2451 
f 2471 2470 2449 2446 
f 2468 2471 2447 2431 
s 4
f 2473 2472 2425 2421 
f 2474 2473 2422 2438 
f 2475 2474 2439 2450 
f 2472 2475 2451 2427 
# 2297 polygons - 280 triangles

