# 3ds Max Wavefront OBJ Exporter v0.99 - (c)2007 guruware
# File Created: 25.08.2022 18:08:29

mtllib 35569.mtl

#
# object 35569
#

v  -0.0000 -4.9248 14.5829
v  -0.0000 -5.5136 14.9307
v  -0.0000 -4.4981 14.8898
v  -0.0000 -4.4317 15.0000
v  5.1378 -5.5136 14.9287
v  5.1378 -5.5069 14.9541
v  5.2453 -5.5069 14.9522
v  5.2441 -5.5136 14.9273
v  5.1378 -5.5104 14.9048
v  5.2428 -5.5104 14.9026
v  5.1378 -5.4986 14.8853
v  5.2414 -5.4986 14.8817
v  5.1378 -5.4912 14.9787
v  5.2463 -5.4912 14.9752
v  5.1378 -5.4696 14.9948
v  5.2470 -5.4696 14.9902
v  5.1378 -5.4437 15.0000
v  5.2471 -5.4437 14.9952
v  5.5488 -5.4986 14.8482
v  5.6556 -5.4986 14.8256
v  5.9672 -5.4986 14.7275
v  6.0716 -5.4986 14.6824
v  6.3697 -5.4986 14.5185
v  6.4655 -5.4986 14.4529
v  6.7290 -5.4986 14.2262
v  6.8085 -5.4986 14.1416
v  7.0208 -5.4986 13.8665
v  7.0809 -5.4986 13.7701
v  7.2288 -5.4986 13.4635
v  7.2669 -5.4986 13.3613
v  7.3489 -5.4986 13.0450
v  7.3641 -5.4986 12.9440
v  7.3703 -5.5104 13.0474
v  7.3867 -5.5104 12.9459
v  7.3953 -5.5135 13.0512
v  7.4122 -5.5134 12.9489
v  7.4201 -5.5069 13.0556
v  7.4366 -5.5069 12.9521
v  7.4423 -5.4912 13.0598
v  7.4576 -5.4912 12.9551
v  7.4562 -5.4696 13.0623
v  7.4709 -5.4696 12.9569
v  7.4610 -5.4437 13.0632
v  7.4757 -5.4437 12.9576
v  7.3354 -5.4437 13.5031
v  7.3724 -5.4437 13.3948
v  7.3679 -5.4696 13.3932
v  7.3308 -5.4696 13.5012
v  7.2822 -5.4696 13.6099
v  7.2866 -5.4437 13.6119
v  6.8109 -5.4437 14.3047
v  6.8926 -5.4437 14.2144
v  6.8891 -5.4696 14.2111
v  6.8073 -5.4696 14.3010
v  6.4339 -5.4437 14.6122
v  6.5324 -5.4437 14.5405
v  6.5298 -5.4696 14.5370
v  6.4312 -5.4696 14.6081
v  6.0112 -5.4437 14.8321
v  6.1199 -5.4437 14.7829
v  6.1180 -5.4696 14.7785
v  6.0095 -5.4696 14.8276
v  5.5719 -5.4437 14.9594
v  5.6834 -5.4437 14.9334
v  5.6823 -5.4696 14.9287
v  5.5710 -5.4696 14.9545
v  7.4180 -5.4912 13.1708
v  7.4307 -5.4696 13.1738
v  7.3987 -5.5069 13.1663
v  7.3751 -5.5132 13.1610
v  7.3498 -5.5104 13.1557
v  7.3264 -5.4986 13.1518
v  7.3177 -5.4912 13.4961
v  7.2704 -5.4912 13.6046
v  7.2967 -5.5069 13.4877
v  7.2523 -5.5069 13.5965
v  7.2732 -5.5135 13.4786
v  7.2303 -5.5131 13.5866
v  7.2495 -5.5104 13.4700
v  7.2067 -5.5104 13.5767
v  7.1851 -5.4986 13.5685
v  7.1129 -5.4696 13.9238
v  7.1011 -5.4912 13.9161
v  7.0314 -5.4912 14.0149
v  7.0418 -5.4696 14.0225
v  7.0822 -5.5069 13.9037
v  7.0155 -5.5069 14.0034
v  7.0611 -5.5135 13.8901
v  6.9959 -5.5131 13.9894
v  7.0396 -5.5104 13.8770
v  6.9745 -5.5104 13.9746
v  6.9553 -5.4986 13.9624
v  6.7975 -5.4912 14.2913
v  6.7090 -5.4912 14.3737
v  6.7180 -5.4696 14.3835
v  6.7816 -5.5069 14.2753
v  6.6958 -5.5069 14.3591
v  6.7636 -5.5135 14.2576
v  6.6796 -5.5131 14.3414
v  6.7453 -5.5104 14.2403
v  6.6619 -5.5104 14.3229
v  6.6445 -5.4986 14.3058
v  6.4235 -5.4912 14.5963
v  6.3222 -5.4912 14.6576
v  6.3288 -5.4696 14.6687
v  6.4111 -5.5069 14.5774
v  6.3122 -5.5069 14.6406
v  6.3972 -5.5135 14.5564
v  6.2999 -5.5131 14.6198
v  6.3828 -5.5104 14.5357
v  6.2861 -5.5104 14.5977
v  6.2728 -5.4986 14.5780
v  6.0043 -5.4912 14.8145
v  5.8973 -5.4912 14.8529
v  5.9015 -5.4696 14.8651
v  5.9960 -5.5069 14.7935
v  5.8908 -5.5069 14.8341
v  5.9865 -5.5135 14.7701
v  5.8828 -5.5132 14.8113
v  5.9765 -5.5104 14.7469
v  5.8737 -5.5104 14.7869
v  5.8647 -5.4986 14.7650
v  5.1378 -4.9369 14.5719
v  5.2270 -4.9363 14.5682
v  5.2275 -4.9287 14.5731
v  5.1378 -4.9296 14.5762
v  5.1378 -4.9451 14.5710
v  5.2266 -4.9453 14.5671
v  5.8503 -4.9451 14.4346
v  5.7625 -4.9452 14.4672
v  6.1965 -4.9451 14.2550
v  6.1123 -4.9455 14.3046
v  6.5054 -4.9451 14.0038
v  6.4316 -4.9455 14.0708
v  6.7562 -4.9451 13.6947
v  6.6978 -4.9455 13.7754
v  6.9354 -4.9451 13.3484
v  6.8952 -4.9455 13.4375
v  7.0387 -4.9451 12.9887
v  7.0175 -4.9455 13.0800
v  7.0710 -4.9451 12.6378
v  7.0671 -4.9454 12.7261
v  7.0717 -4.9376 12.6378
v  7.0678 -4.9372 12.7258
v  7.0755 -4.9294 12.6378
v  7.0729 -4.9289 12.7257
v  7.0825 -4.9246 12.6378
v  7.0803 -4.9242 12.7256
v  7.0394 -4.9379 12.9876
v  7.0187 -4.9367 13.0791
v  7.0438 -4.9299 12.9875
v  7.0242 -4.9284 13.0794
v  7.0505 -4.9249 12.9886
v  7.0321 -4.9239 13.0808
v  6.9367 -4.9367 13.3476
v  6.8971 -4.9353 13.4369
v  6.9411 -4.9294 13.3480
v  6.9043 -4.9294 13.4389
v  6.9479 -4.9246 13.3495
v  6.9109 -4.9246 13.4407
v  6.7577 -4.9366 13.6941
v  6.7020 -4.9363 13.7768
v  6.7620 -4.9294 13.6955
v  6.7064 -4.9294 13.7787
v  6.7684 -4.9246 13.6986
v  6.7124 -4.9246 13.7820
v  6.5071 -4.9365 14.0035
v  6.4337 -4.9351 14.0710
v  6.5108 -4.9294 14.0058
v  6.4382 -4.9277 14.0745
v  6.5160 -4.9247 14.0102
v  6.4441 -4.9237 14.0800
v  6.1982 -4.9364 14.2551
v  6.1143 -4.9351 14.3052
v  6.2015 -4.9293 14.2582
v  6.1180 -4.9277 14.3095
v  6.2059 -4.9245 14.2637
v  6.1227 -4.9236 14.3163
v  5.8520 -4.9364 14.4350
v  5.7644 -4.9362 14.4684
v  5.8546 -4.9294 14.4387
v  5.7668 -4.9294 14.4725
v  5.8576 -4.9246 14.4449
v  5.7697 -4.9246 14.4786
v  5.4906 -4.9451 14.5383
v  5.4030 -4.9454 14.5507
v  5.4941 -4.9294 14.5430
v  5.4961 -4.9246 14.5495
v  5.4073 -4.9239 14.5645
v  5.4058 -4.9282 14.5569
v  7.5000 -4.4387 12.6378
v  5.1378 -4.4387 15.0000
v  5.2470 -4.4387 14.9951
v  7.4606 -4.4387 13.0676
v  7.4752 -4.4387 12.9609
v  7.3342 -4.4387 13.5073
v  7.3710 -4.4387 13.3989
v  7.1150 -4.4387 13.9304
v  7.1751 -4.4387 13.8274
v  6.8081 -4.4387 14.3081
v  6.8897 -4.4387 14.2176
v  6.4304 -4.4387 14.6149
v  6.5288 -4.4387 14.5431
v  6.0073 -4.4387 14.8341
v  6.1166 -4.4387 14.7844
v  5.5677 -4.4387 14.9606
v  5.6801 -4.4387 14.9341
v  5.1378 -4.4317 15.0000
v  5.1378 -4.4246 14.9965
v  7.1120 -4.4246 13.9285
v  7.1735 -4.4246 13.8259
v  7.1750 -4.4317 13.8274
v  7.1149 -4.4317 13.9304
v  5.2464 -4.4246 14.9929
v  5.2470 -4.4317 14.9951
v  5.6787 -4.4246 14.9324
v  5.5670 -4.4246 14.9571
v  6.1146 -4.4246 14.7832
v  6.0060 -4.4246 14.8308
v  6.5279 -4.4246 14.5412
v  6.4285 -4.4246 14.6120
v  6.8881 -4.4246 14.2162
v  6.8056 -4.4246 14.3056
v  7.3696 -4.4246 13.3984
v  7.3308 -4.4246 13.5060
v  7.4730 -4.4246 12.9605
v  7.4571 -4.4246 13.0670
v  7.4965 -4.4246 12.6378
v  7.4997 -4.4317 12.6378
v  5.5476 -4.4981 14.8522
v  5.4457 -4.4982 14.8662
v  7.3851 -4.4981 12.7410
v  7.3898 -4.4981 12.6378
v  7.2317 -4.4981 13.4667
v  7.2663 -4.4981 13.3648
v  7.0227 -4.4981 13.8701
v  7.0801 -4.4983 13.7717
v  6.7302 -4.4981 14.2302
v  6.8081 -4.4983 14.1437
v  6.3701 -4.4981 14.5227
v  6.4641 -4.4984 14.4540
v  5.9667 -4.4981 14.7317
v  6.0705 -4.4984 14.6844
v  5.6541 -4.4984 14.8271
v  6.0729 -4.4233 14.6879
v  5.9680 -4.4233 14.7348
v  7.0837 -4.4233 13.7736
v  7.0251 -4.4233 13.8717
v  7.3893 -4.4233 12.7412
v  7.3932 -4.4233 12.6378
v  5.2412 -4.4233 14.8891
v  5.1378 -4.4233 14.8932
v  5.8652 -4.4233 14.7708
v  6.7325 -4.4233 14.2325
v  6.6471 -4.4233 14.3114
v  6.9575 -4.4233 13.9659
v  7.3555 -4.4233 13.0482
v  7.3313 -4.4233 13.1542
v  7.4951 -5.4696 12.6378
v  7.5000 -5.4437 12.6378
v  7.4809 -5.4912 12.6378
v  7.4579 -5.5069 12.6378
v  7.4327 -5.5135 12.6378
v  7.4076 -5.5104 12.6378
v  7.3862 -5.4986 12.6378
v  5.1379 -4.9248 14.5828
v  -0.0000 -4.9451 14.5710
v  -0.0000 -4.4387 15.0000
v  5.1378 -4.4981 14.8898
v  5.3502 -5.5136 14.9214
v  5.3526 -5.5069 14.9465
v  5.4588 -5.5069 14.9349
v  5.4552 -5.5134 14.9105
v  5.3475 -5.5104 14.8968
v  5.4512 -5.5104 14.8855
v  5.3447 -5.4986 14.8761
v  5.4469 -5.4986 14.8635
v  5.3547 -5.4912 14.9696
v  5.4617 -5.4912 14.9563
v  5.3559 -5.4696 14.9844
v  5.4635 -5.4696 14.9700
v  5.3563 -5.4437 14.9894
v  5.4642 -5.4437 14.9748
v  5.7614 -5.4986 14.7995
v  6.1745 -5.4986 14.6345
v  6.5579 -5.4986 14.3829
v  6.8854 -5.4986 14.0549
v  7.1371 -5.4986 13.6714
v  7.3005 -5.4986 13.2577
v  7.3770 -5.4986 12.8427
v  7.3826 -5.4986 12.7404
v  7.3987 -5.5104 12.8440
v  7.4050 -5.5104 12.7410
v  7.4239 -5.5135 12.8459
v  7.4305 -5.5134 12.7420
v  7.4489 -5.5069 12.8481
v  7.4552 -5.5069 12.7431
v  7.4713 -5.4912 12.8502
v  7.4767 -5.4912 12.7441
v  7.4853 -5.4696 12.8515
v  7.4903 -5.4696 12.7447
v  7.4902 -5.4437 12.8519
v  7.4952 -5.4437 12.7449
v  7.4043 -5.4696 13.2849
v  7.4090 -5.4437 13.2863
v  7.4354 -5.4437 13.1749
v  7.2327 -5.4696 13.7181
v  7.1732 -5.4696 13.8211
v  7.1773 -5.4437 13.8236
v  7.2369 -5.4437 13.7204
v  6.9700 -5.4696 14.1205
v  6.9737 -5.4437 14.1235
v  7.0457 -5.4437 14.0253
v  6.6275 -5.4696 14.4646
v  6.6303 -5.4437 14.4681
v  6.7209 -5.4437 14.3868
v  6.2259 -5.4696 14.7284
v  6.2281 -5.4437 14.7327
v  6.3312 -5.4437 14.6728
v  5.7933 -5.4696 14.9016
v  5.7947 -5.4437 14.9063
v  5.9031 -5.4437 14.8696
v  7.3915 -5.4912 13.2813
v  7.3556 -5.4912 13.3889
v  7.3717 -5.5069 13.2755
v  7.3368 -5.5069 13.3824
v  7.3481 -5.5134 13.2690
v  7.3138 -5.5132 13.3748
v  7.3233 -5.5104 13.2626
v  7.2893 -5.5104 13.3672
v  7.2209 -5.4912 13.7121
v  7.1620 -5.4912 13.8146
v  7.2027 -5.5069 13.7026
v  7.1450 -5.5069 13.8045
v  7.1810 -5.5133 13.6916
v  7.1241 -5.5131 13.7926
v  7.1579 -5.5104 13.6805
v  7.1013 -5.5104 13.7801
v  6.9598 -5.4912 14.1122
v  6.8796 -5.4912 14.2025
v  6.9440 -5.5069 14.0993
v  6.8651 -5.5069 14.1892
v  6.9249 -5.5133 14.0841
v  6.8471 -5.5131 14.1733
v  6.9044 -5.5104 14.0684
v  6.8273 -5.5104 14.1564
v  6.6190 -5.4912 14.4542
v  6.5221 -5.4912 14.5262
v  6.6062 -5.5069 14.4384
v  6.5105 -5.5069 14.5102
v  6.5907 -5.5133 14.4196
v  6.4962 -5.5131 14.4909
v  6.5740 -5.5104 14.4002
v  6.4805 -5.5104 14.4707
v  6.2198 -5.4912 14.7167
v  6.1127 -5.4912 14.7667
v  6.2105 -5.5069 14.6986
v  6.1045 -5.5069 14.7486
v  6.1991 -5.5133 14.6770
v  6.0943 -5.5132 14.7267
v  6.1865 -5.5104 14.6544
v  6.0829 -5.5104 14.7034
v  5.7897 -5.4912 14.8891
v  5.6794 -5.4912 14.9162
v  5.7841 -5.5069 14.8695
v  5.6750 -5.5069 14.8970
v  5.7771 -5.5133 14.8461
v  5.6693 -5.5131 14.8736
v  5.7693 -5.5104 14.8214
v  5.6626 -5.5104 14.8485
v  5.3170 -4.9294 14.5676
v  5.3161 -4.9366 14.5634
v  5.4042 -4.9358 14.5517
v  5.3153 -4.9451 14.5625
v  5.6730 -4.9451 14.4951
v  5.5819 -4.9455 14.5171
v  6.0279 -4.9451 14.3535
v  5.9393 -4.9455 14.3944
v  6.3574 -4.9451 14.1374
v  6.2771 -4.9455 14.1965
v  6.6388 -4.9451 13.8558
v  6.5723 -4.9455 13.9300
v  6.8551 -4.9451 13.5264
v  6.8056 -4.9455 13.6105
v  6.9958 -4.9451 13.1712
v  6.9658 -4.9455 13.2599
v  7.0629 -4.9451 12.8144
v  7.0509 -4.9455 12.9015
v  7.0635 -4.9378 12.8138
v  7.0517 -4.9373 12.9007
v  7.0678 -4.9299 12.8134
v  7.0571 -4.9287 12.9006
v  7.0745 -4.9249 12.8131
v  7.0649 -4.9240 12.9012
v  6.9969 -4.9370 13.1703
v  6.9698 -4.9368 13.2599
v  7.0014 -4.9294 13.1705
v  6.9743 -4.9294 13.2603
v  7.0083 -4.9246 13.1717
v  6.9811 -4.9246 13.2616
v  6.8566 -4.9362 13.5258
v  6.8075 -4.9353 13.6101
v  6.8612 -4.9294 13.5268
v  6.8131 -4.9276 13.6120
v  6.8675 -4.9246 13.5290
v  6.8210 -4.9246 13.6156
v  6.6405 -4.9360 13.8554
v  6.5765 -4.9362 13.9318
v  6.6449 -4.9294 13.8576
v  6.5806 -4.9294 13.9341
v  6.6507 -4.9246 13.8612
v  6.5860 -4.9246 13.9381
v  6.3592 -4.9359 14.1374
v  6.2792 -4.9350 14.1969
v  6.3629 -4.9290 14.1402
v  6.2834 -4.9276 14.2008
v  6.3680 -4.9244 14.1450
v  6.2889 -4.9236 14.2070
v  6.0297 -4.9359 14.3539
v  5.9412 -4.9352 14.3952
v  6.0326 -4.9290 14.3574
v  5.9444 -4.9278 14.3998
v  6.0363 -4.9244 14.3634
v  5.9482 -4.9237 14.4069
v  5.6746 -4.9359 14.4958
v  5.5836 -4.9353 14.5182
v  5.6770 -4.9294 14.5002
v  5.5859 -4.9279 14.5232
v  5.6796 -4.9246 14.5063
v  5.5885 -4.9238 14.5307
v  5.3178 -4.9247 14.5743
v  5.2280 -4.9242 14.5805
v  5.3541 -4.4387 14.9899
v  5.4619 -4.4387 14.9751
v  7.4899 -4.4387 12.8541
v  7.4951 -4.4387 12.7460
v  7.4079 -4.4387 13.2905
v  7.4344 -4.4387 13.1791
v  7.2351 -4.4387 13.7244
v  7.2847 -4.4387 13.6159
v  6.9713 -4.4387 14.1272
v  7.0431 -4.4387 14.0288
v  6.6272 -4.4387 14.4712
v  6.7177 -4.4387 14.3897
v  6.2228 -4.4387 14.7361
v  6.3283 -4.4387 14.6745
v  5.7906 -4.4387 14.9079
v  5.8998 -4.4387 14.8707
v  7.2329 -4.4246 13.7222
v  7.2830 -4.4246 13.6145
v  7.2847 -4.4317 13.6159
v  7.2351 -4.4317 13.7244
v  5.3538 -4.4246 14.9867
v  5.4611 -4.4246 14.9730
v  5.4619 -4.4317 14.9751
v  5.3541 -4.4317 14.9899
v  5.7908 -4.4246 14.9051
v  5.8982 -4.4246 14.8691
v  5.8998 -4.4317 14.8707
v  5.7906 -4.4317 14.9079
v  6.2211 -4.4246 14.7330
v  6.3268 -4.4246 14.6733
v  6.3283 -4.4317 14.6745
v  6.2227 -4.4317 14.7361
v  6.6251 -4.4246 14.4691
v  6.7162 -4.4246 14.3883
v  6.7177 -4.4317 14.3897
v  6.6272 -4.4317 14.4713
v  6.9687 -4.4246 14.1247
v  7.0414 -4.4246 14.0276
v  7.0431 -4.4317 14.0288
v  6.9713 -4.4317 14.1272
v  7.4059 -4.4246 13.2900
v  7.4329 -4.4246 13.1789
v  7.4344 -4.4317 13.1791
v  7.4079 -4.4317 13.2906
v  7.4866 -4.4246 12.8538
v  7.4927 -4.4246 12.7459
v  7.4951 -4.4317 12.7460
v  7.4899 -4.4317 12.8541
v  5.3440 -4.4981 14.8801
v  5.2408 -4.4982 14.8851
v  7.3801 -4.4981 12.8440
v  7.3662 -4.4981 12.9457
v  7.3017 -4.4981 13.2609
v  7.3269 -4.4981 13.1551
v  7.1373 -4.4982 13.6737
v  7.1844 -4.4982 13.5705
v  6.8856 -4.4982 14.0578
v  6.9516 -4.4981 13.9675
v  6.5577 -4.4983 14.3857
v  6.6437 -4.4984 14.3081
v  6.1737 -4.4984 14.6373
v  6.2720 -4.4984 14.5799
v  5.7601 -4.4984 14.8019
v  5.8632 -4.4984 14.7669
v  6.1750 -4.4234 14.6401
v  6.2737 -4.4232 14.5831
v  7.1405 -4.4233 13.6750
v  7.1881 -4.4233 13.5722
v  7.3839 -4.4233 12.8444
v  7.3701 -4.4233 12.9464
v  5.3444 -4.4233 14.8834
v  5.4464 -4.4233 14.8702
v  5.7616 -4.4233 14.8051
v  5.6553 -4.4233 14.8311
v  6.5595 -4.4233 14.3889
v  6.4669 -4.4233 14.4573
v  6.8886 -4.4233 14.0596
v  6.8115 -4.4233 14.1464
v  7.3053 -4.4233 13.2605
v  7.2709 -4.4233 13.3638
v  5.1380 -4.9231 14.5909
v  7.0909 -4.9231 12.6378
v  7.0830 -4.9231 12.8133
v  7.0890 -4.9231 12.7257
v  7.0591 -4.9231 12.9904
v  7.0739 -4.9231 12.9022
v  7.0164 -4.9231 13.1736
v  7.0408 -4.9231 13.0827
v  6.9557 -4.9231 13.3519
v  6.9890 -4.9231 13.2638
v  6.8748 -4.9231 13.5321
v  6.9183 -4.9231 13.4434
v  6.7757 -4.9231 13.7028
v  6.8283 -4.9231 13.6192
v  6.6570 -4.9231 13.8658
v  6.7193 -4.9231 13.7864
v  6.5217 -4.9231 14.0156
v  6.5920 -4.9231 13.9431
v  6.3733 -4.9231 14.1507
v  6.4499 -4.9231 14.0858
v  6.2107 -4.9231 14.2705
v  6.2942 -4.9231 14.2136
v  6.0401 -4.9231 14.3702
v  6.1272 -4.9231 14.3234
v  5.8609 -4.9231 14.4523
v  5.9519 -4.9231 14.4144
v  5.6821 -4.9231 14.5136
v  5.7725 -4.9231 14.4860
v  5.4981 -4.9231 14.5574
v  5.5908 -4.9231 14.5386
v  5.3185 -4.9231 14.5822
v  5.4087 -4.9231 14.5727
v  5.2284 -4.9231 14.5887
v  5.6801 -4.4317 14.9341
v  6.1165 -4.4317 14.7844
v  6.5288 -4.4317 14.5431
v  6.8897 -4.4317 14.2177
v  7.3710 -4.4317 13.3989
v  7.4752 -4.4317 12.9609
v  5.5643 -5.5069 14.9185
v  5.5596 -5.5135 14.8937
v  5.5543 -5.5104 14.8691
v  5.5684 -5.4912 14.9407
v  7.1170 -5.4437 13.9265
v  5.4922 -4.9365 14.5390
v  7.3341 -4.4317 13.5073
v  5.5676 -4.4317 14.9606
v  6.0073 -4.4317 14.8341
v  6.4304 -4.4317 14.6150
v  6.8081 -4.4317 14.3081
v  7.4606 -4.4317 13.0676
v  7.3522 -4.4981 13.0476
v  6.3717 -4.4233 14.5251
v  7.2348 -4.4233 13.4680
v  5.5482 -4.4233 14.8555
v  5.6762 -4.4199 14.9247
v  5.6749 -4.4199 14.9196
v  5.5654 -4.4199 14.9488
v  5.5644 -4.4199 14.9429
v  6.1105 -4.4199 14.7771
v  6.1083 -4.4199 14.7715
v  6.0029 -4.4199 14.8230
v  6.0007 -4.4199 14.8174
v  6.5242 -4.4199 14.5352
v  6.5207 -4.4199 14.5304
v  6.4238 -4.4199 14.6049
v  6.4206 -4.4199 14.5999
v  6.8829 -4.4199 14.2115
v  6.8785 -4.4199 14.2074
v  6.7996 -4.4199 14.2996
v  6.7954 -4.4199 14.2954
v  7.3624 -4.4199 13.3952
v  7.3564 -4.4199 13.3931
v  7.3230 -4.4199 13.5029
v  7.3174 -4.4199 13.5007
v  7.4655 -4.4199 12.9596
v  7.4596 -4.4199 12.9588
v  7.4488 -4.4199 13.0654
v  7.4429 -4.4199 13.0644
v  7.4878 -4.4199 12.6378
v  7.4818 -4.4199 12.6378
v  7.1049 -4.4199 13.9238
v  7.0999 -4.4199 13.9206
v  7.1676 -4.4199 13.8219
v  7.1624 -4.4199 13.8189
v  5.1378 -4.4199 14.9880
v  5.1378 -4.4199 14.9820
v  5.2456 -4.4199 14.9859
v  5.2453 -4.4199 14.9799
v  7.4779 -4.4199 12.8531
v  7.4719 -4.4199 12.8525
v  7.4859 -4.4199 12.7456
v  7.4799 -4.4199 12.7453
v  7.3968 -4.4199 13.2864
v  7.3908 -4.4199 13.2846
v  7.4252 -4.4199 13.1776
v  7.4200 -4.4199 13.1763
v  7.2254 -4.4199 13.7172
v  7.2201 -4.4199 13.7145
v  7.2768 -4.4199 13.6111
v  7.2713 -4.4199 13.6087
v  6.9624 -4.4199 14.1191
v  6.9577 -4.4199 14.1153
v  7.0358 -4.4199 14.0234
v  7.0310 -4.4199 14.0198
v  6.6191 -4.4199 14.4624
v  6.6153 -4.4199 14.4577
v  6.7114 -4.4199 14.3832
v  6.7074 -4.4199 14.3787
v  6.2172 -4.4199 14.7254
v  6.2146 -4.4199 14.7201
v  6.3227 -4.4199 14.6674
v  6.3197 -4.4199 14.6622
v  5.7894 -4.4199 14.8956
v  5.7877 -4.4199 14.8899
v  5.8949 -4.4199 14.8625
v  5.8931 -4.4199 14.8568
v  5.3531 -4.4199 14.9780
v  5.3525 -4.4199 14.9721
v  5.4595 -4.4199 14.9658
v  5.4587 -4.4199 14.9598
v  -0.0000 -4.4199 14.9078
v  7.4018 -4.4199 12.6378
v  7.4078 -4.4199 12.6378
v  7.3803 -4.4199 12.9480
v  7.3863 -4.4199 12.9488
v  7.3640 -4.4199 13.0498
v  7.3699 -4.4199 13.0508
v  7.2810 -4.4199 13.3666
v  7.2867 -4.4199 13.3686
v  7.2428 -4.4199 13.4712
v  7.2484 -4.4199 13.4734
v  7.0931 -4.4199 13.7785
v  7.0983 -4.4199 13.7816
v  7.0327 -4.4199 13.8767
v  7.0378 -4.4199 13.8799
v  6.8197 -4.4199 14.1534
v  6.8241 -4.4199 14.1575
v  6.7387 -4.4199 14.2387
v  6.7429 -4.4199 14.2429
v  6.4738 -4.4199 14.4657
v  6.4773 -4.4199 14.4706
v  6.3767 -4.4199 14.5327
v  6.3799 -4.4199 14.5378
v  6.0780 -4.4199 14.6970
v  6.0802 -4.4199 14.7025
v  5.9712 -4.4199 14.7428
v  5.9734 -4.4199 14.7484
v  5.6581 -4.4199 14.8412
v  5.6594 -4.4199 14.8471
v  5.5498 -4.4199 14.8640
v  5.5508 -4.4199 14.8699
v  5.2417 -4.4199 14.8990
v  5.2419 -4.4199 14.9050
v  5.1378 -4.4199 14.9018
v  5.1378 -4.4199 14.9078
v  7.3999 -4.4199 12.7417
v  7.4059 -4.4199 12.7419
v  7.3929 -4.4199 12.8452
v  7.3989 -4.4199 12.8457
v  7.3420 -4.4199 13.1559
v  7.3477 -4.4199 13.1574
v  7.3131 -4.4199 13.2622
v  7.3190 -4.4199 13.2639
v  7.1974 -4.4199 13.5765
v  7.2030 -4.4199 13.5789
v  7.1484 -4.4199 13.6787
v  7.1538 -4.4199 13.6814
v  6.9670 -4.4199 13.9721
v  6.9717 -4.4199 13.9756
v  6.8957 -4.4199 14.0649
v  6.9003 -4.4199 14.0686
v  6.6539 -4.4199 14.3187
v  6.6579 -4.4199 14.3232
v  6.5649 -4.4199 14.3966
v  6.5688 -4.4199 14.4012
v  6.2792 -4.4199 14.5924
v  6.2822 -4.4199 14.5976
v  6.1790 -4.4199 14.6482
v  6.1816 -4.4199 14.6536
v  5.8690 -4.4199 14.7809
v  5.8708 -4.4199 14.7867
v  5.7646 -4.4199 14.8136
v  5.7663 -4.4199 14.8194
v  5.4479 -4.4199 14.8806
v  5.4487 -4.4199 14.8865
v  5.3452 -4.4199 14.8920
v  5.3457 -4.4199 14.8980
v  5.4458 -4.4317 14.8663
v  5.4458 -4.4369 14.8665
v  5.5476 -4.4317 14.8522
v  5.5476 -4.4369 14.8522
v  7.3851 -4.4317 12.7410
v  7.3851 -4.4369 12.7410
v  7.3898 -4.4317 12.6378
v  7.3898 -4.4369 12.6378
v  7.2317 -4.4317 13.4667
v  7.2317 -4.4369 13.4667
v  7.2669 -4.4317 13.3632
v  7.2669 -4.4369 13.3632
v  7.0227 -4.4317 13.8701
v  7.0227 -4.4369 13.8701
v  7.0800 -4.4317 13.7719
v  7.0800 -4.4369 13.7719
v  6.7302 -4.4317 14.2302
v  6.7302 -4.4369 14.2302
v  6.8081 -4.4317 14.1437
v  6.8081 -4.4369 14.1437
v  6.3701 -4.4317 14.5227
v  6.3701 -4.4369 14.5227
v  6.4639 -4.4317 14.4542
v  6.4640 -4.4369 14.4542
v  5.9667 -4.4317 14.7317
v  5.9667 -4.4369 14.7317
v  6.0703 -4.4317 14.6845
v  6.0703 -4.4370 14.6845
v  5.6539 -4.4317 14.8272
v  5.6541 -4.4369 14.8279
v  5.2410 -4.4317 14.8851
v  5.2410 -4.4369 14.8855
v  5.1378 -4.4317 14.8898
v  5.1378 -4.4369 14.8898
v  5.8635 -4.4317 14.7671
v  5.8636 -4.4369 14.7675
v  6.6440 -4.4317 14.3081
v  6.6439 -4.4369 14.3080
v  6.9540 -4.4317 13.9642
v  6.9538 -4.4369 13.9645
v  7.3522 -4.4317 13.0476
v  7.3522 -4.4369 13.0476
v  7.3271 -4.4317 13.1541
v  7.3271 -4.4369 13.1541
v  5.3440 -4.4317 14.8801
v  5.3440 -4.4369 14.8801
v  7.3662 -4.4317 12.9457
v  7.3662 -4.4369 12.9457
v  7.3801 -4.4317 12.8440
v  7.3801 -4.4369 12.8440
v  7.3019 -4.4317 13.2601
v  7.3019 -4.4369 13.2601
v  7.1373 -4.4317 13.6737
v  7.1373 -4.4369 13.6737
v  7.1844 -4.4317 13.5705
v  7.1844 -4.4369 13.5705
v  6.8857 -4.4317 14.0577
v  6.8857 -4.4369 14.0577
v  6.5577 -4.4317 14.3857
v  6.5577 -4.4369 14.3857
v  6.1737 -4.4317 14.6373
v  6.1737 -4.4370 14.6373
v  6.2719 -4.4317 14.5800
v  6.2719 -4.4370 14.5800
v  5.7601 -4.4317 14.8019
v  5.7602 -4.4369 14.8022
v  -0.0000 -4.9451 14.8715
v  5.5183 -4.9497 14.8838
v  5.5152 -4.9451 14.8337
v  5.5215 -4.8998 14.8803
v  5.4168 -4.9497 14.9003
v  5.4200 -4.8998 14.8968
v  5.4156 -4.9451 14.8500
v  7.3605 -4.9497 12.6694
v  7.3107 -4.9451 12.6636
v  7.3637 -4.8998 12.6659
v  7.3586 -4.9497 12.7727
v  7.3618 -4.8998 12.7692
v  7.3090 -4.9451 12.7641
v  7.2431 -4.9497 13.3968
v  7.1983 -4.9451 13.3733
v  7.2463 -4.8998 13.3933
v  7.2024 -4.9497 13.4983
v  7.2056 -4.8998 13.4948
v  7.1590 -4.9451 13.4726
v  7.0562 -4.9497 13.8065
v  7.0171 -4.9451 13.7744
v  7.0595 -4.8998 13.8030
v  6.9934 -4.9497 13.9017
v  6.9966 -4.8998 13.8982
v  6.9562 -4.9451 13.8677
v  6.7836 -4.9497 14.1797
v  6.7518 -4.9451 14.1404
v  6.7869 -4.8998 14.1762
v  6.7009 -4.9497 14.2618
v  6.7041 -4.8998 14.2583
v  6.6712 -4.9451 14.2210
v  6.4386 -4.9497 14.4909
v  6.4153 -4.9451 14.4461
v  6.4418 -4.8998 14.4874
v  6.3408 -4.9497 14.5543
v  6.3441 -4.8998 14.5508
v  6.3198 -4.9451 14.5085
v  6.0437 -4.9497 14.7217
v  6.0293 -4.9451 14.6734
v  6.0469 -4.8998 14.7182
v  5.9375 -4.9497 14.7633
v  5.9407 -4.8998 14.7598
v  5.9254 -4.9451 14.7144
v  5.6261 -4.9497 14.8644
v  5.6207 -4.9451 14.8144
v  5.6293 -4.8998 14.8609
v  5.1085 -4.9497 14.9214
v  5.1130 -4.9451 14.8715
v  5.1118 -4.8998 14.9179
v  5.3148 -4.9497 14.9121
v  5.3153 -4.9451 14.8619
v  5.3180 -4.8998 14.9086
v  5.2121 -4.9497 14.9245
v  5.2153 -4.8998 14.9205
v  5.2145 -4.9451 14.8747
v  7.3516 -4.9497 12.8757
v  7.3025 -4.9451 12.8643
v  7.3549 -4.8998 12.8722
v  7.3403 -4.9497 12.9778
v  7.3435 -4.8998 12.9743
v  7.2918 -4.9451 12.9641
v  7.3036 -4.9497 13.1870
v  7.2564 -4.9451 13.1683
v  7.3069 -4.8998 13.1835
v  7.2767 -4.9497 13.2929
v  7.2799 -4.8998 13.2894
v  7.2307 -4.9451 13.2718
v  7.1608 -4.9497 13.6046
v  7.1184 -4.9451 13.5764
v  7.1640 -4.8998 13.6011
v  7.1120 -4.9497 13.7074
v  7.1152 -4.8998 13.7039
v  7.0712 -4.9451 13.6772
v  6.9224 -4.9497 13.9991
v  6.8925 -4.9458 13.9678
v  6.9260 -4.8998 13.9951
v  6.8600 -4.9497 14.0922
v  6.8632 -4.8998 14.0887
v  6.8265 -4.9451 14.0548
v  6.6188 -4.9497 14.3445
v  6.5910 -4.9451 14.3019
v  6.6221 -4.8998 14.3410
v  6.5313 -4.9497 14.4209
v  6.5346 -4.8998 14.4174
v  6.5057 -4.9451 14.3771
v  6.2456 -4.9497 14.6171
v  6.2266 -4.9451 14.5700
v  6.2489 -4.8998 14.6136
v  6.1465 -4.9497 14.6729
v  6.1497 -4.8998 14.6694
v  6.1297 -4.9451 14.6251
v  5.8359 -4.9497 14.8040
v  5.8260 -4.9451 14.7543
v  5.8391 -4.8998 14.8005
v  5.7320 -4.9497 14.8375
v  5.7352 -4.8998 14.8340
v  5.7243 -4.9451 14.7877
v  7.3229 -4.9497 13.0792
v  7.3261 -4.8998 13.0757
v  7.2752 -4.9451 13.0631
v  -0.0000 -5.4986 14.8857
v  -0.0000 -5.5069 14.9560
v  -0.0000 -5.4696 14.9950
v  -0.0000 -4.4369 14.8898
v  -0.0000 -4.9231 14.5910
v  7.5000 -4.4387 0.0000
v  7.4819 -4.4199 0.0000
v  7.3898 -4.4981 0.0000
v  7.4941 -5.4696 0.0000
v  7.4307 -5.5131 0.0000
v  7.4059 -5.5104 0.0000
v  7.3851 -5.4986 0.0000
v  7.0827 -4.9249 0.0000
v  7.0760 -4.9297 0.0000
v  7.0717 -4.9374 0.0000
v  7.0710 -4.9451 0.0000
v  7.0909 -4.9231 0.0000
v  7.3106 -4.9451 0.0000
v  5.1378 -5.5136 -14.9287
v  5.2441 -5.5136 -14.9273
v  5.2453 -5.5069 -14.9522
v  5.1378 -5.5069 -14.9541
v  5.1378 -5.5104 -14.9048
v  5.2428 -5.5104 -14.9026
v  5.1378 -5.4986 -14.8853
v  5.2414 -5.4986 -14.8816
v  5.1378 -5.4912 -14.9787
v  5.2463 -5.4912 -14.9751
v  5.1378 -5.4696 -14.9948
v  5.2470 -5.4696 -14.9901
v  5.2471 -5.4437 -14.9951
v  5.1378 -5.4437 -15.0000
v  5.5488 -5.4986 -14.8481
v  5.6556 -5.4986 -14.8256
v  5.9672 -5.4986 -14.7276
v  6.0716 -5.4986 -14.6824
v  6.3698 -5.4986 -14.5186
v  6.4649 -5.4986 -14.4520
v  6.7290 -5.4986 -14.2263
v  6.8085 -5.4986 -14.1416
v  7.0208 -5.4986 -13.8665
v  7.0799 -5.4986 -13.7695
v  7.2290 -5.4986 -13.4636
v  7.2661 -5.4986 -13.3610
v  7.3490 -5.4986 -13.0450
v  7.3641 -5.4986 -12.9440
v  7.3704 -5.5104 -13.0474
v  7.3869 -5.5104 -12.9460
v  7.3953 -5.5135 -13.0512
v  7.4122 -5.5134 -12.9489
v  7.4366 -5.5069 -12.9521
v  7.4201 -5.5069 -13.0556
v  7.4425 -5.4912 -13.0598
v  7.4576 -5.4912 -12.9551
v  7.4565 -5.4696 -13.0624
v  7.4709 -5.4696 -12.9569
v  7.4612 -5.4437 -13.0633
v  7.4757 -5.4437 -12.9576
v  7.3356 -5.4437 -13.5031
v  7.3312 -5.4696 -13.5014
v  7.3679 -5.4696 -13.3932
v  7.3724 -5.4437 -13.3948
v  7.2865 -5.4437 -13.6119
v  7.2822 -5.4696 -13.6099
v  6.8111 -5.4437 -14.3049
v  6.8077 -5.4696 -14.3015
v  6.8891 -5.4696 -14.2111
v  6.8926 -5.4437 -14.2144
v  6.4340 -5.4437 -14.6124
v  6.4314 -5.4696 -14.6084
v  6.5296 -5.4696 -14.5366
v  6.5324 -5.4437 -14.5405
v  6.0113 -5.4437 -14.8323
v  6.0096 -5.4696 -14.8279
v  6.1180 -5.4696 -14.7785
v  6.1199 -5.4437 -14.7829
v  5.5719 -5.4437 -14.9596
v  5.5711 -5.4696 -14.9549
v  5.6823 -5.4696 -14.9287
v  5.6834 -5.4437 -14.9333
v  7.4307 -5.4696 -13.1738
v  7.4180 -5.4912 -13.1708
v  7.3987 -5.5069 -13.1663
v  7.3751 -5.5132 -13.1610
v  7.3498 -5.5104 -13.1557
v  7.3264 -5.4986 -13.1518
v  7.2704 -5.4912 -13.6046
v  7.3179 -5.4912 -13.4961
v  7.2523 -5.5069 -13.5965
v  7.2968 -5.5069 -13.4878
v  7.2303 -5.5131 -13.5866
v  7.2732 -5.5135 -13.4786
v  7.2063 -5.5104 -13.5765
v  7.2495 -5.5104 -13.4701
v  7.1841 -5.4986 -13.5681
v  7.1132 -5.4696 -13.9240
v  7.0418 -5.4696 -14.0225
v  7.0314 -5.4912 -14.0149
v  7.1013 -5.4912 -13.9162
v  7.0155 -5.5069 -14.0034
v  7.0823 -5.5069 -13.9038
v  6.9959 -5.5131 -13.9894
v  7.0611 -5.5135 -13.8901
v  6.9745 -5.5104 -13.9746
v  7.0397 -5.5104 -13.8770
v  6.9543 -5.4986 -13.9617
v  6.7177 -5.4696 -14.3832
v  6.7090 -5.4912 -14.3737
v  6.7977 -5.4912 -14.2914
v  6.6958 -5.5069 -14.3591
v  6.7816 -5.5069 -14.2753
v  6.6796 -5.5131 -14.3414
v  6.7636 -5.5135 -14.2576
v  6.6616 -5.5104 -14.3226
v  6.7453 -5.5104 -14.2403
v  6.6445 -5.4986 -14.3058
v  6.3288 -5.4696 -14.6687
v  6.3222 -5.4912 -14.6576
v  6.4236 -5.4912 -14.5965
v  6.3122 -5.5069 -14.6406
v  6.4112 -5.5069 -14.5774
v  6.2999 -5.5131 -14.6198
v  6.3972 -5.5135 -14.5564
v  6.2861 -5.5104 -14.5977
v  6.3828 -5.5104 -14.5357
v  6.2728 -5.4986 -14.5780
v  5.9015 -5.4696 -14.8650
v  5.8973 -5.4912 -14.8529
v  6.0044 -5.4912 -14.8147
v  5.8908 -5.5069 -14.8341
v  5.9960 -5.5069 -14.7935
v  5.8828 -5.5132 -14.8113
v  5.9865 -5.5135 -14.7701
v  5.8737 -5.5104 -14.7869
v  5.9766 -5.5104 -14.7470
v  5.8647 -5.4986 -14.7649
v  5.1378 -4.9369 -14.5719
v  5.1378 -4.9296 -14.5762
v  5.2275 -4.9286 -14.5731
v  5.2270 -4.9362 -14.5681
v  5.1378 -4.9451 -14.5710
v  5.2266 -4.9453 -14.5670
v  5.7618 -4.9455 -14.4651
v  5.8504 -4.9451 -14.4347
v  6.1123 -4.9455 -14.3046
v  6.1965 -4.9451 -14.2551
v  6.4316 -4.9455 -14.0708
v  6.5055 -4.9451 -14.0039
v  6.6977 -4.9455 -13.7754
v  6.7563 -4.9451 -13.6947
v  6.8952 -4.9455 -13.4375
v  6.9355 -4.9451 -13.3485
v  7.0175 -4.9455 -13.0800
v  7.0387 -4.9451 -12.9887
v  7.0671 -4.9453 -12.7261
v  7.0710 -4.9451 -12.6378
v  7.0717 -4.9376 -12.6378
v  7.0679 -4.9372 -12.7258
v  7.0760 -4.9298 -12.6378
v  7.0729 -4.9289 -12.7257
v  7.0803 -4.9243 -12.7256
v  7.0826 -4.9249 -12.6378
v  7.0187 -4.9367 -13.0791
v  7.0396 -4.9379 -12.9876
v  7.0242 -4.9284 -13.0794
v  7.0439 -4.9300 -12.9876
v  7.0321 -4.9239 -13.0808
v  7.0505 -4.9250 -12.9886
v  6.8971 -4.9353 -13.4369
v  6.9369 -4.9368 -13.3476
v  6.9027 -4.9277 -13.4381
v  6.9413 -4.9296 -13.3481
v  6.9105 -4.9237 -13.4405
v  6.9479 -4.9248 -13.3495
v  6.6997 -4.9353 -13.7752
v  6.7579 -4.9367 -13.6942
v  6.7049 -4.9277 -13.7776
v  6.7622 -4.9295 -13.6956
v  6.7121 -4.9236 -13.7818
v  6.7684 -4.9247 -13.6986
v  6.4337 -4.9351 -14.0710
v  6.5073 -4.9366 -14.0036
v  6.4382 -4.9276 -14.0745
v  6.5110 -4.9295 -14.0059
v  6.4441 -4.9237 -14.0800
v  6.5160 -4.9248 -14.0102
v  6.1143 -4.9351 -14.3052
v  6.1983 -4.9364 -14.2553
v  6.1180 -4.9276 -14.3095
v  6.2016 -4.9295 -14.2583
v  6.1227 -4.9236 -14.3163
v  6.2059 -4.9246 -14.2638
v  5.7636 -4.9352 -14.4661
v  5.8521 -4.9365 -14.4352
v  5.7663 -4.9278 -14.4709
v  5.8546 -4.9295 -14.4388
v  5.7695 -4.9237 -14.4783
v  5.8577 -4.9247 -14.4449
v  5.4906 -4.9451 -14.5384
v  5.4030 -4.9454 -14.5507
v  5.4941 -4.9295 -14.5432
v  5.4058 -4.9282 -14.5569
v  5.4073 -4.9239 -14.5645
v  5.4962 -4.9248 -14.5496
v  7.5000 -4.4387 -12.6378
v  5.1378 -4.4387 -15.0000
v  5.2470 -4.4387 -14.9951
v  7.4752 -4.4387 -12.9609
v  7.4606 -4.4387 -13.0676
v  7.3710 -4.4387 -13.3989
v  7.3342 -4.4387 -13.5073
v  7.1751 -4.4387 -13.8274
v  7.1150 -4.4387 -13.9304
v  6.8897 -4.4387 -14.2176
v  6.8081 -4.4387 -14.3081
v  6.5288 -4.4387 -14.5431
v  6.4304 -4.4387 -14.6149
v  6.1166 -4.4387 -14.7844
v  6.0073 -4.4387 -14.8341
v  5.6801 -4.4387 -14.9341
v  5.5677 -4.4387 -14.9606
v  5.1378 -4.4317 -15.0000
v  5.1378 -4.4246 -14.9965
v  -0.0000 -4.4246 -14.9965
v  7.1120 -4.4246 -13.9285
v  7.1149 -4.4317 -13.9304
v  7.1750 -4.4317 -13.8274
v  7.1735 -4.4246 -13.8259
v  5.2470 -4.4317 -14.9951
v  5.2464 -4.4246 -14.9929
v  5.5670 -4.4246 -14.9571
v  5.6787 -4.4246 -14.9324
v  5.6762 -4.4199 -14.9247
v  5.5654 -4.4199 -14.9488
v  6.0060 -4.4246 -14.8308
v  6.1146 -4.4246 -14.7832
v  6.1105 -4.4199 -14.7771
v  6.0029 -4.4199 -14.8230
v  6.4285 -4.4246 -14.6120
v  6.5279 -4.4246 -14.5412
v  6.5242 -4.4199 -14.5352
v  6.4238 -4.4199 -14.6049
v  6.8056 -4.4246 -14.3056
v  6.8881 -4.4246 -14.2162
v  6.8829 -4.4199 -14.2115
v  6.7996 -4.4199 -14.2996
v  7.3308 -4.4246 -13.5060
v  7.3696 -4.4246 -13.3984
v  7.3624 -4.4199 -13.3952
v  7.3230 -4.4199 -13.5029
v  7.4571 -4.4246 -13.0670
v  7.4730 -4.4246 -12.9605
v  7.4655 -4.4199 -12.9596
v  7.4488 -4.4199 -13.0654
v  7.4965 -4.4246 -12.6378
v  7.4997 -4.4317 -12.6378
v  7.4999 -4.4317 0.0000
v  7.4960 -4.4246 0.0000
v  7.4818 -4.4199 -12.6378
v  7.4078 -4.4199 0.0000
v  7.4078 -4.4199 -12.6378
v  7.4429 -4.4199 -13.0644
v  7.4596 -4.4199 -12.9588
v  7.3863 -4.4199 -12.9488
v  7.3699 -4.4199 -13.0508
v  7.3174 -4.4199 -13.5007
v  7.3564 -4.4199 -13.3931
v  7.2867 -4.4199 -13.3686
v  7.2484 -4.4199 -13.4734
v  7.0999 -4.4199 -13.9206
v  7.1624 -4.4199 -13.8189
v  7.0983 -4.4199 -13.7816
v  7.0378 -4.4199 -13.8799
v  6.7954 -4.4199 -14.2954
v  6.8785 -4.4199 -14.2074
v  6.8241 -4.4199 -14.1575
v  6.7429 -4.4199 -14.2429
v  6.4206 -4.4199 -14.5999
v  6.5207 -4.4199 -14.5304
v  6.4773 -4.4199 -14.4706
v  6.3799 -4.4199 -14.5378
v  6.0007 -4.4199 -14.8174
v  6.1083 -4.4199 -14.7715
v  6.0802 -4.4199 -14.7025
v  5.9734 -4.4199 -14.7484
v  5.5644 -4.4199 -14.9429
v  5.6749 -4.4199 -14.9196
v  5.6594 -4.4199 -14.8471
v  5.5508 -4.4199 -14.8699
v  5.1378 -4.4199 -14.9820
v  5.2453 -4.4199 -14.9799
v  5.2419 -4.4199 -14.9050
v  5.1378 -4.4199 -14.9078
v  -0.0000 -4.4199 -14.9078
v  5.5476 -4.4981 -14.8522
v  5.4457 -4.4982 -14.8662
v  5.4458 -4.4369 -14.8665
v  5.5476 -4.4369 -14.8522
v  7.3898 -4.4369 -12.6378
v  7.3898 -4.4981 -12.6378
v  7.3851 -4.4981 -12.7410
v  7.3851 -4.4369 -12.7410
v  7.2317 -4.4369 -13.4667
v  7.2669 -4.4369 -13.3632
v  7.2663 -4.4981 -13.3648
v  7.2317 -4.4981 -13.4667
v  7.0227 -4.4369 -13.8701
v  7.0800 -4.4369 -13.7719
v  7.0801 -4.4983 -13.7717
v  7.0227 -4.4981 -13.8701
v  6.7302 -4.4369 -14.2302
v  6.8081 -4.4369 -14.1437
v  6.8081 -4.4983 -14.1437
v  6.7302 -4.4981 -14.2302
v  6.3701 -4.4369 -14.5227
v  6.4640 -4.4369 -14.4542
v  6.4641 -4.4984 -14.4540
v  6.3701 -4.4981 -14.5227
v  5.9667 -4.4369 -14.7317
v  6.0703 -4.4370 -14.6845
v  6.0705 -4.4984 -14.6844
v  5.9667 -4.4981 -14.7317
v  5.6541 -4.4369 -14.8279
v  5.6541 -4.4984 -14.8271
v  5.9680 -4.4233 -14.7348
v  6.0728 -4.4230 -14.6876
v  6.0703 -4.4317 -14.6845
v  5.9667 -4.4317 -14.7317
v  7.0251 -4.4233 -13.8717
v  7.0837 -4.4233 -13.7736
v  7.0800 -4.4317 -13.7719
v  7.0227 -4.4317 -13.8701
v  7.3932 -4.4233 -12.6378
v  7.3893 -4.4233 -12.7412
v  7.3999 -4.4199 -12.7417
v  7.4018 -4.4199 -12.6378
v  5.1378 -4.4233 -14.8932
v  5.2412 -4.4233 -14.8891
v  5.2410 -4.4317 -14.8851
v  5.1378 -4.4317 -14.8898
v  5.8635 -4.4317 -14.7671
v  5.8652 -4.4233 -14.7708
v  6.7302 -4.4317 -14.2302
v  6.6440 -4.4317 -14.3081
v  6.6471 -4.4233 -14.3114
v  6.7325 -4.4233 -14.2325
v  6.9540 -4.4317 -13.9642
v  6.9575 -4.4233 -13.9659
v  7.3522 -4.4317 -13.0476
v  7.3271 -4.4317 -13.1541
v  7.3313 -4.4233 -13.1542
v  7.3555 -4.4233 -13.0482
v  7.3898 -4.4369 0.0000
v  5.1379 -4.9248 -14.5828
v  -0.0000 -4.9369 -14.5719
v  -0.0000 -5.5104 -14.9062
v  -0.0000 -5.4696 -14.9950
v  -0.0000 -4.4317 -14.8898
v  5.1378 -4.4369 -14.8898
v  5.1378 -4.4981 -14.8898
v  5.3502 -5.5136 -14.9214
v  5.4552 -5.5134 -14.9105
v  5.4588 -5.5069 -14.9349
v  5.3526 -5.5069 -14.9466
v  5.3475 -5.5104 -14.8969
v  5.4512 -5.5104 -14.8855
v  5.3447 -5.4986 -14.8763
v  5.4469 -5.4986 -14.8635
v  5.4617 -5.4912 -14.9563
v  5.3547 -5.4912 -14.9698
v  5.4635 -5.4696 -14.9699
v  5.3560 -5.4696 -14.9847
v  5.4641 -5.4437 -14.9748
v  5.3563 -5.4437 -14.9896
v  5.7614 -5.4986 -14.7996
v  6.1745 -5.4986 -14.6346
v  6.5580 -5.4986 -14.3830
v  6.8854 -5.4986 -14.0549
v  7.1364 -5.4986 -13.6711
v  7.3005 -5.4986 -13.2577
v  7.3826 -5.4986 -12.7404
v  7.3769 -5.4986 -12.8427
v  7.4050 -5.5104 -12.7410
v  7.3987 -5.5104 -12.8440
v  7.4305 -5.5135 -12.7420
v  7.4239 -5.5135 -12.8459
v  7.4552 -5.5069 -12.7431
v  7.4489 -5.5069 -12.8481
v  7.4768 -5.4912 -12.7441
v  7.4712 -5.4912 -12.8502
v  7.4904 -5.4696 -12.7447
v  7.4851 -5.4696 -12.8514
v  7.4952 -5.4437 -12.7449
v  7.4902 -5.4437 -12.8519
v  7.4044 -5.4696 -13.2850
v  7.4354 -5.4437 -13.1749
v  7.4091 -5.4437 -13.2864
v  7.2329 -5.4696 -13.7182
v  7.2371 -5.4437 -13.7205
v  7.1773 -5.4437 -13.8236
v  7.1732 -5.4696 -13.8211
v  6.9703 -5.4696 -14.1207
v  7.0457 -5.4437 -14.0253
v  6.9739 -5.4437 -14.1237
v  6.6275 -5.4696 -14.4647
v  6.7209 -5.4437 -14.3867
v  6.6305 -5.4437 -14.4683
v  6.2261 -5.4696 -14.7288
v  6.3312 -5.4437 -14.6728
v  6.2282 -5.4437 -14.7329
v  5.7934 -5.4696 -14.9020
v  5.9031 -5.4437 -14.8696
v  5.7947 -5.4437 -14.9064
v  7.3556 -5.4912 -13.3889
v  7.3916 -5.4912 -13.2813
v  7.3368 -5.5069 -13.3824
v  7.3717 -5.5069 -13.2756
v  7.3138 -5.5132 -13.3748
v  7.3481 -5.5134 -13.2690
v  7.2890 -5.5104 -13.3671
v  7.3231 -5.5104 -13.2626
v  7.1620 -5.4912 -13.8146
v  7.2210 -5.4912 -13.7121
v  7.1450 -5.5069 -13.8045
v  7.2028 -5.5069 -13.7026
v  7.1241 -5.5131 -13.7926
v  7.1810 -5.5133 -13.6916
v  7.1013 -5.5104 -13.7801
v  7.1577 -5.5104 -13.6803
v  6.8796 -5.4912 -14.2025
v  6.9599 -5.4912 -14.1123
v  6.8651 -5.5069 -14.1892
v  6.9440 -5.5069 -14.0994
v  6.8471 -5.5131 -14.1733
v  6.9249 -5.5133 -14.0841
v  6.8273 -5.5104 -14.1564
v  6.9044 -5.5104 -14.0684
v  6.5221 -5.4912 -14.5262
v  6.6191 -5.4912 -14.4543
v  6.5105 -5.5069 -14.5102
v  6.6062 -5.5069 -14.4384
v  6.4962 -5.5131 -14.4909
v  6.5907 -5.5133 -14.4196
v  6.4802 -5.5104 -14.4703
v  6.5738 -5.5104 -14.4000
v  6.1127 -5.4912 -14.7667
v  6.2200 -5.4912 -14.7169
v  6.1045 -5.5069 -14.7486
v  6.2105 -5.5069 -14.6987
v  6.0943 -5.5132 -14.7267
v  6.1991 -5.5134 -14.6770
v  6.0829 -5.5104 -14.7034
v  6.1865 -5.5104 -14.6544
v  5.6794 -5.4912 -14.9162
v  5.7897 -5.4912 -14.8893
v  5.6750 -5.5069 -14.8970
v  5.7841 -5.5069 -14.8696
v  5.6693 -5.5131 -14.8736
v  5.7771 -5.5133 -14.8461
v  5.6626 -5.5104 -14.8485
v  5.7693 -5.5104 -14.8214
v  5.3170 -4.9296 -14.5678
v  5.4042 -4.9358 -14.5517
v  5.3161 -4.9367 -14.5637
v  5.3154 -4.9451 -14.5628
v  5.5819 -4.9455 -14.5171
v  5.6731 -4.9451 -14.4954
v  5.9393 -4.9455 -14.3944
v  6.0280 -4.9451 -14.3537
v  6.2771 -4.9455 -14.1965
v  6.3575 -4.9451 -14.1375
v  6.5723 -4.9455 -13.9300
v  6.6388 -4.9451 -13.8558
v  6.8056 -4.9455 -13.6105
v  6.8545 -4.9452 -13.5262
v  6.9658 -4.9455 -13.2599
v  6.9957 -4.9452 -13.1711
v  7.0509 -4.9455 -12.9015
v  7.0626 -4.9452 -12.8144
v  7.0517 -4.9373 -12.9007
v  7.0633 -4.9378 -12.8137
v  7.0571 -4.9287 -12.9006
v  7.0678 -4.9298 -12.8134
v  7.0649 -4.9240 -12.9012
v  7.0745 -4.9249 -12.8131
v  6.9673 -4.9359 -13.2591
v  6.9969 -4.9369 -13.1703
v  6.9729 -4.9280 -13.2598
v  7.0015 -4.9295 -13.1705
v  6.9808 -4.9238 -13.2615
v  7.0083 -4.9247 -13.1717
v  6.8075 -4.9353 -13.6101
v  6.8562 -4.9360 -13.5256
v  6.8131 -4.9276 -13.6120
v  6.8608 -4.9290 -13.5266
v  6.8207 -4.9236 -13.6154
v  6.8675 -4.9245 -13.5290
v  6.5743 -4.9352 -13.9299
v  6.6406 -4.9361 -13.8555
v  6.5793 -4.9277 -13.9329
v  6.6448 -4.9292 -13.8575
v  6.5860 -4.9246 -13.9381
v  6.6506 -4.9246 -13.8612
v  6.2792 -4.9350 -14.1969
v  6.3594 -4.9360 -14.1376
v  6.2834 -4.9276 -14.2008
v  6.3630 -4.9292 -14.1403
v  6.2889 -4.9236 -14.2070
v  6.3680 -4.9246 -14.1451
v  5.9412 -4.9352 -14.3952
v  6.0298 -4.9360 -14.3542
v  5.9444 -4.9277 -14.3998
v  6.0327 -4.9292 -14.3576
v  5.9482 -4.9237 -14.4069
v  6.0363 -4.9246 -14.3634
v  5.5836 -4.9352 -14.5182
v  5.6747 -4.9360 -14.4961
v  5.5859 -4.9279 -14.5232
v  5.6769 -4.9292 -14.5000
v  5.5885 -4.9238 -14.5307
v  5.6796 -4.9246 -14.5063
v  5.2280 -4.9242 -14.5805
v  5.3178 -4.9248 -14.5744
v  5.4619 -4.4387 -14.9751
v  5.3541 -4.4387 -14.9899
v  7.4951 -4.4387 -12.7460
v  7.4899 -4.4387 -12.8541
v  7.4344 -4.4387 -13.1791
v  7.4079 -4.4387 -13.2905
v  7.2847 -4.4387 -13.6159
v  7.2351 -4.4387 -13.7244
v  7.0431 -4.4387 -14.0288
v  6.9713 -4.4387 -14.1272
v  6.7177 -4.4387 -14.3897
v  6.6272 -4.4387 -14.4712
v  6.3283 -4.4387 -14.6745
v  6.2228 -4.4387 -14.7361
v  5.8998 -4.4387 -14.8707
v  5.7906 -4.4387 -14.9079
v  7.2329 -4.4246 -13.7222
v  7.2351 -4.4317 -13.7244
v  7.2847 -4.4317 -13.6159
v  7.2830 -4.4246 -13.6145
v  5.3538 -4.4246 -14.9867
v  5.3541 -4.4317 -14.9899
v  5.4619 -4.4317 -14.9751
v  5.4611 -4.4246 -14.9730
v  5.7908 -4.4246 -14.9051
v  5.7906 -4.4317 -14.9079
v  5.8998 -4.4317 -14.8707
v  5.8982 -4.4246 -14.8691
v  6.2211 -4.4246 -14.7330
v  6.2227 -4.4317 -14.7361
v  6.3283 -4.4317 -14.6745
v  6.3268 -4.4246 -14.6733
v  6.6251 -4.4246 -14.4691
v  6.6272 -4.4317 -14.4713
v  6.7177 -4.4317 -14.3897
v  6.7162 -4.4246 -14.3883
v  6.9687 -4.4246 -14.1247
v  6.9713 -4.4317 -14.1272
v  7.0431 -4.4317 -14.0288
v  7.0414 -4.4246 -14.0276
v  7.4059 -4.4246 -13.2900
v  7.4079 -4.4317 -13.2906
v  7.4344 -4.4317 -13.1791
v  7.4329 -4.4246 -13.1789
v  7.4866 -4.4246 -12.8538
v  7.4899 -4.4317 -12.8541
v  7.4951 -4.4317 -12.7460
v  7.4927 -4.4246 -12.7459
v  7.4719 -4.4199 -12.8525
v  7.4799 -4.4199 -12.7453
v  7.4059 -4.4199 -12.7419
v  7.3989 -4.4199 -12.8457
v  7.3908 -4.4199 -13.2846
v  7.4200 -4.4199 -13.1763
v  7.3477 -4.4199 -13.1574
v  7.3190 -4.4199 -13.2639
v  7.2201 -4.4199 -13.7145
v  7.2713 -4.4199 -13.6087
v  7.2030 -4.4199 -13.5789
v  7.1538 -4.4199 -13.6814
v  6.9577 -4.4199 -14.1153
v  7.0310 -4.4199 -14.0199
v  6.9717 -4.4199 -13.9756
v  6.9003 -4.4199 -14.0686
v  6.6153 -4.4199 -14.4578
v  6.7074 -4.4199 -14.3787
v  6.6579 -4.4199 -14.3232
v  6.5688 -4.4199 -14.4012
v  6.2146 -4.4199 -14.7201
v  6.3197 -4.4199 -14.6622
v  6.2822 -4.4199 -14.5976
v  6.1816 -4.4199 -14.6536
v  5.7877 -4.4199 -14.8899
v  5.8931 -4.4199 -14.8568
v  5.8708 -4.4199 -14.7867
v  5.7663 -4.4199 -14.8194
v  5.3525 -4.4199 -14.9721
v  5.4587 -4.4199 -14.9598
v  5.4487 -4.4199 -14.8865
v  5.3457 -4.4199 -14.8980
v  5.3440 -4.4981 -14.8801
v  5.2408 -4.4982 -14.8851
v  5.2410 -4.4369 -14.8855
v  5.3440 -4.4369 -14.8801
v  7.3801 -4.4981 -12.8440
v  7.3662 -4.4981 -12.9457
v  7.3662 -4.4369 -12.9457
v  7.3801 -4.4369 -12.8440
v  7.3019 -4.4369 -13.2601
v  7.3271 -4.4369 -13.1541
v  7.3269 -4.4981 -13.1551
v  7.3017 -4.4981 -13.2609
v  7.1373 -4.4369 -13.6737
v  7.1844 -4.4369 -13.5705
v  7.1844 -4.4982 -13.5705
v  7.1373 -4.4982 -13.6737
v  6.8857 -4.4369 -14.0577
v  6.9538 -4.4369 -13.9645
v  6.9516 -4.4981 -13.9675
v  6.8856 -4.4982 -14.0578
v  6.5577 -4.4369 -14.3857
v  6.6439 -4.4369 -14.3080
v  6.6437 -4.4984 -14.3081
v  6.5577 -4.4983 -14.3857
v  6.1737 -4.4370 -14.6373
v  6.2719 -4.4370 -14.5800
v  6.2720 -4.4984 -14.5799
v  6.1737 -4.4984 -14.6373
v  5.7602 -4.4369 -14.8022
v  5.8636 -4.4369 -14.7675
v  5.8632 -4.4984 -14.7669
v  5.7601 -4.4984 -14.8019
v  6.1790 -4.4199 -14.6482
v  6.2792 -4.4199 -14.5924
v  6.2738 -4.4233 -14.5832
v  6.1750 -4.4233 -14.6401
v  7.1484 -4.4199 -13.6787
v  7.1974 -4.4199 -13.5765
v  7.1881 -4.4233 -13.5722
v  7.1405 -4.4233 -13.6750
v  7.3801 -4.4317 -12.8440
v  7.3662 -4.4317 -12.9457
v  7.3701 -4.4233 -12.9464
v  7.3839 -4.4233 -12.8444
v  5.3452 -4.4199 -14.8920
v  5.4479 -4.4199 -14.8806
v  5.4464 -4.4233 -14.8702
v  5.3444 -4.4233 -14.8834
v  5.7601 -4.4317 -14.8019
v  5.6539 -4.4317 -14.8272
v  5.6553 -4.4233 -14.8311
v  5.7616 -4.4233 -14.8051
v  6.5577 -4.4317 -14.3857
v  6.4639 -4.4317 -14.4542
v  6.4669 -4.4233 -14.4573
v  6.5595 -4.4233 -14.3889
v  6.8857 -4.4317 -14.0577
v  6.8081 -4.4317 -14.1437
v  6.8115 -4.4233 -14.1464
v  6.8886 -4.4233 -14.0596
v  7.3019 -4.4317 -13.2601
v  7.2669 -4.4317 -13.3632
v  7.2709 -4.4233 -13.3638
v  7.3053 -4.4233 -13.2605
v  -0.0000 -4.9451 -14.8715
v  5.1130 -4.9451 -14.8715
v  5.1380 -4.9231 -14.5909
v  7.3107 -4.9451 -12.6636
v  7.0909 -4.9231 -12.6378
v  7.3025 -4.9451 -12.8643
v  7.3090 -4.9451 -12.7641
v  7.0890 -4.9231 -12.7257
v  7.0830 -4.9231 -12.8133
v  7.2752 -4.9451 -13.0631
v  7.2918 -4.9451 -12.9641
v  7.0739 -4.9231 -12.9022
v  7.0591 -4.9231 -12.9904
v  7.2307 -4.9451 -13.2718
v  7.2564 -4.9451 -13.1683
v  7.0408 -4.9231 -13.0827
v  7.0164 -4.9231 -13.1736
v  7.1590 -4.9451 -13.4726
v  7.1983 -4.9451 -13.3733
v  6.9890 -4.9231 -13.2638
v  6.9557 -4.9231 -13.3519
v  7.0712 -4.9451 -13.6772
v  7.1184 -4.9451 -13.5764
v  6.9183 -4.9231 -13.4434
v  6.8748 -4.9231 -13.5321
v  6.9562 -4.9451 -13.8677
v  7.0171 -4.9451 -13.7744
v  6.8283 -4.9231 -13.6192
v  6.7757 -4.9231 -13.7028
v  6.8265 -4.9451 -14.0548
v  6.8871 -4.9451 -13.9622
v  6.7193 -4.9231 -13.7864
v  6.6570 -4.9231 -13.8658
v  6.6712 -4.9451 -14.2210
v  6.7518 -4.9451 -14.1404
v  6.5920 -4.9231 -13.9431
v  6.5217 -4.9231 -14.0156
v  6.5057 -4.9451 -14.3771
v  6.5910 -4.9451 -14.3019
v  6.4499 -4.9231 -14.0858
v  6.3733 -4.9231 -14.1507
v  6.3198 -4.9451 -14.5085
v  6.4153 -4.9451 -14.4461
v  6.2942 -4.9231 -14.2136
v  6.2107 -4.9231 -14.2705
v  6.1297 -4.9451 -14.6251
v  6.2266 -4.9451 -14.5700
v  6.1272 -4.9231 -14.3234
v  6.0401 -4.9231 -14.3702
v  5.9254 -4.9451 -14.7144
v  6.0293 -4.9451 -14.6734
v  5.9519 -4.9231 -14.4144
v  5.8609 -4.9231 -14.4523
v  5.7243 -4.9451 -14.7877
v  5.8260 -4.9451 -14.7543
v  5.7725 -4.9231 -14.4860
v  5.6821 -4.9231 -14.5136
v  5.5152 -4.9451 -14.8337
v  5.6207 -4.9451 -14.8144
v  5.5908 -4.9231 -14.5386
v  5.4981 -4.9231 -14.5574
v  5.3153 -4.9451 -14.8619
v  5.4156 -4.9451 -14.8500
v  5.4087 -4.9231 -14.5727
v  5.3185 -4.9231 -14.5822
v  5.2145 -4.9451 -14.8747
v  5.2284 -4.9231 -14.5887
v  5.6801 -4.4317 -14.9341
v  6.1165 -4.4317 -14.7844
v  6.5288 -4.4317 -14.5431
v  6.8897 -4.4317 -14.2177
v  7.3710 -4.4317 -13.3989
v  7.4752 -4.4317 -12.9609
v  6.0780 -4.4199 -14.6970
v  7.0931 -4.4199 -13.7785
v  7.3851 -4.4317 -12.7410
v  5.2417 -4.4199 -14.8990
v  5.5596 -5.5135 -14.8937
v  5.5644 -5.5069 -14.9185
v  5.5543 -5.5104 -14.8691
v  5.5685 -5.4912 -14.9409
v  7.3862 -5.4986 -12.6378
v  7.4075 -5.5104 -12.6378
v  7.4327 -5.5136 -12.6378
v  7.4579 -5.5069 -12.6378
v  7.4809 -5.4912 -12.6378
v  7.4951 -5.4696 -12.6378
v  7.5000 -5.4437 -12.6378
v  7.1172 -5.4437 -13.9266
v  5.4922 -4.9366 -14.5392
v  7.3341 -4.4317 -13.5073
v  5.5676 -4.4317 -14.9606
v  6.0073 -4.4317 -14.8341
v  6.4304 -4.4317 -14.6150
v  6.8081 -4.4317 -14.3081
v  7.4606 -4.4317 -13.0676
v  7.3522 -4.4981 -13.0476
v  7.3522 -4.4369 -13.0476
v  6.3767 -4.4199 -14.5327
v  6.3717 -4.4233 -14.5251
v  7.2428 -4.4199 -13.4712
v  7.2348 -4.4233 -13.4680
v  5.5498 -4.4199 -14.8640
v  5.5482 -4.4233 -14.8555
v  5.5476 -4.4317 -14.8522
v  6.3701 -4.4317 -14.5227
v  7.2317 -4.4317 -13.4667
v  5.9712 -4.4199 -14.7428
v  7.0327 -4.4199 -13.8767
v  7.3898 -4.4317 -12.6378
v  5.1378 -4.4199 -14.9018
v  5.8690 -4.4199 -14.7809
v  6.6539 -4.4199 -14.3187
v  6.7387 -4.4199 -14.2387
v  6.9670 -4.4199 -13.9721
v  7.3420 -4.4199 -13.1559
v  7.3640 -4.4199 -13.0498
v  -0.0000 -4.4199 -14.9018
v  6.2719 -4.4317 -14.5800
v  6.1737 -4.4317 -14.6373
v  7.1844 -4.4317 -13.5705
v  7.1373 -4.4317 -13.6737
v  7.3803 -4.4199 -12.9480
v  7.3929 -4.4199 -12.8452
v  5.4458 -4.4317 -14.8663
v  5.3440 -4.4317 -14.8801
v  5.6581 -4.4199 -14.8412
v  5.7646 -4.4199 -14.8136
v  6.4738 -4.4199 -14.4657
v  6.5649 -4.4199 -14.3966
v  6.8197 -4.4199 -14.1534
v  6.8957 -4.4199 -14.0649
v  7.2810 -4.4199 -13.3666
v  7.3131 -4.4199 -13.2622
v  5.1378 -4.4199 -14.9880
v  7.1676 -4.4199 -13.8219
v  7.1049 -4.4199 -13.9239
v  5.2456 -4.4199 -14.9859
v  7.2768 -4.4199 -13.6111
v  7.2254 -4.4199 -13.7172
v  5.4595 -4.4199 -14.9658
v  5.3531 -4.4199 -14.9780
v  5.8949 -4.4199 -14.8625
v  5.7894 -4.4199 -14.8956
v  6.3227 -4.4199 -14.6674
v  6.2172 -4.4199 -14.7254
v  6.7114 -4.4199 -14.3832
v  6.6191 -4.4199 -14.4624
v  7.0358 -4.4199 -14.0234
v  6.9624 -4.4199 -14.1191
v  7.4252 -4.4199 -13.1776
v  7.3968 -4.4199 -13.2864
v  7.4859 -4.4199 -12.7456
v  7.4779 -4.4199 -12.8531
v  7.4878 -4.4199 -12.6378
v  7.5000 -5.4437 0.0000
v  5.5215 -4.8998 -14.8803
v  5.4200 -4.8998 -14.8968
v  7.3637 -4.8998 -12.6659
v  7.3618 -4.8998 -12.7692
v  7.2463 -4.8998 -13.3933
v  7.2056 -4.8998 -13.4948
v  7.0595 -4.8998 -13.8030
v  6.9966 -4.8998 -13.8982
v  6.7869 -4.8998 -14.1762
v  6.7041 -4.8998 -14.2583
v  6.4418 -4.8998 -14.4874
v  6.3441 -4.8998 -14.5508
v  6.0469 -4.8998 -14.7182
v  5.9407 -4.8998 -14.7598
v  5.6293 -4.8998 -14.8609
v  5.1118 -4.8998 -14.9179
v  5.3180 -4.8998 -14.9086
v  5.2153 -4.8998 -14.9205
v  7.3549 -4.8998 -12.8722
v  7.3435 -4.8998 -12.9743
v  7.3069 -4.8998 -13.1835
v  7.2799 -4.8998 -13.2894
v  7.1640 -4.8998 -13.6011
v  7.1152 -4.8998 -13.7039
v  6.9256 -4.8998 -13.9956
v  6.8632 -4.8998 -14.0887
v  6.6221 -4.8998 -14.3410
v  6.5346 -4.8998 -14.4174
v  6.2489 -4.8998 -14.6136
v  6.1497 -4.8998 -14.6694
v  5.8391 -4.8998 -14.8005
v  5.7352 -4.8998 -14.8340
v  7.3261 -4.8998 -13.0757
v  7.4018 -4.4199 0.0000
v  5.1085 -4.9497 -14.9214
v  7.3516 -4.9497 -12.8757
v  7.3586 -4.9497 -12.7727
v  7.3229 -4.9497 -13.0792
v  7.3403 -4.9497 -12.9778
v  7.2767 -4.9497 -13.2929
v  7.3036 -4.9497 -13.1870
v  7.2024 -4.9497 -13.4983
v  7.2431 -4.9497 -13.3968
v  7.1120 -4.9497 -13.7074
v  7.1608 -4.9497 -13.6046
v  6.9934 -4.9497 -13.9017
v  7.0562 -4.9497 -13.8065
v  6.8600 -4.9497 -14.0922
v  6.9224 -4.9497 -13.9991
v  6.7009 -4.9497 -14.2618
v  6.7836 -4.9497 -14.1797
v  6.5313 -4.9497 -14.4209
v  6.6188 -4.9497 -14.3445
v  6.3408 -4.9497 -14.5543
v  6.4386 -4.9497 -14.4909
v  6.1465 -4.9497 -14.6729
v  6.2456 -4.9497 -14.6171
v  5.9375 -4.9497 -14.7633
v  6.0437 -4.9497 -14.7217
v  5.7320 -4.9497 -14.8375
v  5.8359 -4.9497 -14.8040
v  5.5183 -4.9497 -14.8838
v  5.6261 -4.9497 -14.8644
v  5.3148 -4.9497 -14.9121
v  5.4168 -4.9497 -14.9003
v  5.2121 -4.9497 -14.9245
v  7.3605 -4.9497 -12.6694
v  7.3930 -4.4233 0.0000
v  7.4781 -5.4912 0.0000
v  7.4552 -5.5069 0.0000
v  7.3898 -4.4317 0.0000
v  7.4879 -4.4199 0.0000
v  7.3637 -4.8998 0.0000
v  7.3605 -4.9497 0.0000
v  -5.1378 -5.5136 14.9287
v  -5.2441 -5.5136 14.9273
v  -5.2453 -5.5069 14.9522
v  -5.1378 -5.5069 14.9541
v  -5.1378 -5.5104 14.9048
v  -5.2428 -5.5104 14.9026
v  -5.1378 -5.4986 14.8853
v  -5.2414 -5.4986 14.8817
v  -5.1378 -5.4912 14.9787
v  -5.2463 -5.4912 14.9752
v  -5.1378 -5.4696 14.9948
v  -5.2470 -5.4696 14.9902
v  -5.2471 -5.4437 14.9952
v  -5.1378 -5.4437 15.0000
v  -5.5488 -5.4986 14.8482
v  -5.6556 -5.4986 14.8256
v  -5.9672 -5.4986 14.7275
v  -6.0716 -5.4986 14.6824
v  -6.3697 -5.4986 14.5185
v  -6.4655 -5.4986 14.4529
v  -6.7290 -5.4986 14.2262
v  -6.8085 -5.4986 14.1416
v  -7.0208 -5.4986 13.8665
v  -7.0809 -5.4986 13.7701
v  -7.2288 -5.4986 13.4635
v  -7.2669 -5.4986 13.3613
v  -7.3489 -5.4986 13.0450
v  -7.3641 -5.4986 12.9440
v  -7.3703 -5.5104 13.0474
v  -7.3867 -5.5104 12.9459
v  -7.3953 -5.5135 13.0512
v  -7.4122 -5.5134 12.9489
v  -7.4366 -5.5069 12.9521
v  -7.4201 -5.5069 13.0556
v  -7.4423 -5.4912 13.0598
v  -7.4576 -5.4912 12.9551
v  -7.4562 -5.4696 13.0623
v  -7.4709 -5.4696 12.9569
v  -7.4610 -5.4437 13.0632
v  -7.4757 -5.4437 12.9576
v  -7.3354 -5.4437 13.5031
v  -7.3308 -5.4696 13.5012
v  -7.3679 -5.4696 13.3932
v  -7.3724 -5.4437 13.3948
v  -7.2866 -5.4437 13.6119
v  -7.2822 -5.4696 13.6099
v  -6.8109 -5.4437 14.3047
v  -6.8073 -5.4696 14.3010
v  -6.8891 -5.4696 14.2111
v  -6.8926 -5.4437 14.2144
v  -6.4339 -5.4437 14.6122
v  -6.4312 -5.4696 14.6081
v  -6.5298 -5.4696 14.5370
v  -6.5324 -5.4437 14.5405
v  -6.0112 -5.4437 14.8321
v  -6.0095 -5.4696 14.8276
v  -6.1180 -5.4696 14.7785
v  -6.1199 -5.4437 14.7829
v  -5.5719 -5.4437 14.9594
v  -5.5710 -5.4696 14.9545
v  -5.6823 -5.4696 14.9287
v  -5.6834 -5.4437 14.9334
v  -7.4307 -5.4696 13.1738
v  -7.4180 -5.4912 13.1708
v  -7.3987 -5.5069 13.1663
v  -7.3751 -5.5132 13.1610
v  -7.3498 -5.5104 13.1557
v  -7.3264 -5.4986 13.1518
v  -7.2704 -5.4912 13.6046
v  -7.3177 -5.4912 13.4961
v  -7.2523 -5.5069 13.5965
v  -7.2967 -5.5069 13.4877
v  -7.2303 -5.5131 13.5866
v  -7.2732 -5.5135 13.4786
v  -7.2067 -5.5104 13.5767
v  -7.2495 -5.5104 13.4700
v  -7.1851 -5.4986 13.5685
v  -7.1129 -5.4696 13.9238
v  -7.0418 -5.4696 14.0225
v  -7.0314 -5.4912 14.0149
v  -7.1011 -5.4912 13.9161
v  -7.0155 -5.5069 14.0034
v  -7.0822 -5.5069 13.9037
v  -6.9959 -5.5131 13.9894
v  -7.0611 -5.5135 13.8901
v  -6.9745 -5.5104 13.9746
v  -7.0396 -5.5104 13.8770
v  -6.9553 -5.4986 13.9624
v  -6.7180 -5.4696 14.3835
v  -6.7090 -5.4912 14.3737
v  -6.7975 -5.4912 14.2913
v  -6.6958 -5.5069 14.3591
v  -6.7816 -5.5069 14.2753
v  -6.6796 -5.5131 14.3414
v  -6.7636 -5.5135 14.2576
v  -6.6619 -5.5104 14.3229
v  -6.7453 -5.5104 14.2403
v  -6.6445 -5.4986 14.3058
v  -6.3288 -5.4696 14.6687
v  -6.3222 -5.4912 14.6576
v  -6.4235 -5.4912 14.5963
v  -6.3122 -5.5069 14.6406
v  -6.4111 -5.5069 14.5774
v  -6.2999 -5.5131 14.6198
v  -6.3972 -5.5135 14.5564
v  -6.2861 -5.5104 14.5977
v  -6.3828 -5.5104 14.5357
v  -6.2728 -5.4986 14.5780
v  -5.9015 -5.4696 14.8651
v  -5.8973 -5.4912 14.8529
v  -6.0043 -5.4912 14.8145
v  -5.8908 -5.5069 14.8341
v  -5.9960 -5.5069 14.7935
v  -5.8828 -5.5132 14.8113
v  -5.9865 -5.5135 14.7701
v  -5.8737 -5.5104 14.7869
v  -5.9765 -5.5104 14.7469
v  -5.8647 -5.4986 14.7650
v  -5.1378 -4.9369 14.5719
v  -5.1378 -4.9296 14.5762
v  -5.2275 -4.9287 14.5731
v  -5.2270 -4.9363 14.5682
v  -5.1378 -4.9451 14.5710
v  -5.2266 -4.9453 14.5671
v  -5.7625 -4.9452 14.4672
v  -5.8503 -4.9451 14.4346
v  -6.1124 -4.9455 14.3046
v  -6.1965 -4.9451 14.2550
v  -6.4316 -4.9455 14.0708
v  -6.5054 -4.9451 14.0038
v  -6.6978 -4.9455 13.7754
v  -6.7562 -4.9451 13.6947
v  -6.8952 -4.9455 13.4375
v  -6.9354 -4.9451 13.3484
v  -7.0175 -4.9455 13.0800
v  -7.0387 -4.9451 12.9887
v  -7.0671 -4.9454 12.7261
v  -7.0710 -4.9451 12.6378
v  -7.0717 -4.9376 12.6378
v  -7.0678 -4.9372 12.7258
v  -7.0755 -4.9294 12.6378
v  -7.0729 -4.9289 12.7257
v  -7.0803 -4.9242 12.7256
v  -7.0825 -4.9246 12.6378
v  -7.0187 -4.9367 13.0791
v  -7.0394 -4.9379 12.9876
v  -7.0242 -4.9284 13.0794
v  -7.0438 -4.9299 12.9875
v  -7.0321 -4.9239 13.0808
v  -7.0505 -4.9249 12.9886
v  -6.8971 -4.9353 13.4369
v  -6.9367 -4.9367 13.3476
v  -6.9043 -4.9294 13.4389
v  -6.9411 -4.9294 13.3480
v  -6.9109 -4.9246 13.4407
v  -6.9479 -4.9246 13.3495
v  -6.7020 -4.9363 13.7768
v  -6.7577 -4.9366 13.6941
v  -6.7064 -4.9294 13.7787
v  -6.7620 -4.9294 13.6955
v  -6.7124 -4.9246 13.7820
v  -6.7684 -4.9246 13.6986
v  -6.4337 -4.9351 14.0710
v  -6.5071 -4.9365 14.0035
v  -6.4382 -4.9277 14.0745
v  -6.5108 -4.9294 14.0058
v  -6.4441 -4.9237 14.0800
v  -6.5160 -4.9247 14.0102
v  -6.1143 -4.9351 14.3052
v  -6.1982 -4.9364 14.2551
v  -6.1180 -4.9277 14.3095
v  -6.2015 -4.9293 14.2582
v  -6.1227 -4.9236 14.3163
v  -6.2059 -4.9245 14.2637
v  -5.7644 -4.9362 14.4684
v  -5.8520 -4.9364 14.4350
v  -5.7668 -4.9294 14.4725
v  -5.8546 -4.9294 14.4387
v  -5.7697 -4.9246 14.4786
v  -5.8576 -4.9246 14.4449
v  -5.4906 -4.9451 14.5383
v  -5.4030 -4.9454 14.5507
v  -5.4941 -4.9294 14.5430
v  -5.4058 -4.9282 14.5569
v  -5.4073 -4.9239 14.5645
v  -5.4961 -4.9246 14.5495
v  -7.5000 -4.4387 12.6378
v  -7.5000 -5.4437 12.6378
v  -7.5000 -5.4437 0.0000
v  -7.5000 -4.4387 0.0000
v  -5.1378 -4.4387 15.0000
v  -5.2470 -4.4387 14.9951
v  -7.4752 -4.4387 12.9609
v  -7.4606 -4.4387 13.0676
v  -7.3710 -4.4387 13.3989
v  -7.3342 -4.4387 13.5073
v  -7.1170 -5.4437 13.9265
v  -7.1773 -5.4437 13.8236
v  -7.1751 -4.4387 13.8274
v  -7.1150 -4.4387 13.9304
v  -6.8897 -4.4387 14.2176
v  -6.8081 -4.4387 14.3081
v  -6.5288 -4.4387 14.5431
v  -6.4304 -4.4387 14.6149
v  -6.1166 -4.4387 14.7844
v  -6.0073 -4.4387 14.8341
v  -5.6801 -4.4387 14.9341
v  -5.5677 -4.4387 14.9606
v  -5.1378 -4.4317 15.0000
v  -5.1378 -4.4246 14.9965
v  -0.0000 -4.4246 14.9965
v  -7.1120 -4.4246 13.9285
v  -7.1150 -4.4317 13.9304
v  -7.1750 -4.4317 13.8274
v  -7.1735 -4.4246 13.8259
v  -5.2470 -4.4317 14.9951
v  -5.2464 -4.4246 14.9929
v  -5.5670 -4.4246 14.9571
v  -5.6787 -4.4246 14.9324
v  -5.6762 -4.4199 14.9247
v  -5.5654 -4.4199 14.9488
v  -6.0060 -4.4246 14.8308
v  -6.1146 -4.4246 14.7832
v  -6.1105 -4.4199 14.7771
v  -6.0029 -4.4199 14.8230
v  -6.4285 -4.4246 14.6120
v  -6.5279 -4.4246 14.5412
v  -6.5242 -4.4199 14.5352
v  -6.4239 -4.4199 14.6049
v  -6.8056 -4.4246 14.3056
v  -6.8881 -4.4246 14.2162
v  -6.8829 -4.4199 14.2115
v  -6.7996 -4.4199 14.2996
v  -7.3308 -4.4246 13.5060
v  -7.3696 -4.4246 13.3984
v  -7.3624 -4.4199 13.3952
v  -7.3230 -4.4199 13.5029
v  -7.4571 -4.4246 13.0670
v  -7.4730 -4.4246 12.9605
v  -7.4655 -4.4199 12.9596
v  -7.4488 -4.4199 13.0654
v  -7.4965 -4.4246 12.6378
v  -7.4997 -4.4317 12.6378
v  -7.4999 -4.4317 0.0000
v  -7.4960 -4.4246 0.0000
v  -7.4818 -4.4199 12.6378
v  -7.4819 -4.4199 0.0000
v  -7.4078 -4.4199 0.0000
v  -7.4078 -4.4199 12.6378
v  -7.4429 -4.4199 13.0644
v  -7.4596 -4.4199 12.9588
v  -7.3863 -4.4199 12.9488
v  -7.3699 -4.4199 13.0508
v  -7.3174 -4.4199 13.5007
v  -7.3564 -4.4199 13.3931
v  -7.2867 -4.4199 13.3686
v  -7.2484 -4.4199 13.4734
v  -7.0999 -4.4199 13.9206
v  -7.1624 -4.4199 13.8189
v  -7.0983 -4.4199 13.7816
v  -7.0378 -4.4199 13.8799
v  -6.7954 -4.4199 14.2954
v  -6.8785 -4.4199 14.2074
v  -6.8241 -4.4199 14.1575
v  -6.7429 -4.4199 14.2429
v  -6.4206 -4.4199 14.5999
v  -6.5207 -4.4199 14.5304
v  -6.4773 -4.4199 14.4706
v  -6.3800 -4.4199 14.5378
v  -6.0007 -4.4199 14.8174
v  -6.1083 -4.4199 14.7715
v  -6.0802 -4.4199 14.7025
v  -5.9734 -4.4199 14.7484
v  -5.5644 -4.4199 14.9429
v  -5.6749 -4.4199 14.9196
v  -5.6594 -4.4199 14.8471
v  -5.5508 -4.4199 14.8699
v  -5.1378 -4.4199 14.9820
v  -5.2453 -4.4199 14.9799
v  -5.2419 -4.4199 14.9050
v  -5.1378 -4.4199 14.9078
v  -0.0000 -4.4199 14.9820
v  -5.5476 -4.4981 14.8522
v  -5.4457 -4.4982 14.8662
v  -5.4458 -4.4369 14.8665
v  -5.5476 -4.4369 14.8522
v  -7.3898 -4.4369 12.6378
v  -7.3898 -4.4981 12.6378
v  -7.3851 -4.4981 12.7410
v  -7.3851 -4.4369 12.7410
v  -7.2317 -4.4369 13.4667
v  -7.2669 -4.4369 13.3632
v  -7.2663 -4.4981 13.3648
v  -7.2317 -4.4981 13.4667
v  -7.0227 -4.4369 13.8701
v  -7.0800 -4.4369 13.7719
v  -7.0801 -4.4983 13.7717
v  -7.0227 -4.4981 13.8701
v  -6.7302 -4.4369 14.2302
v  -6.8081 -4.4369 14.1437
v  -6.8081 -4.4983 14.1437
v  -6.7302 -4.4981 14.2302
v  -6.3701 -4.4369 14.5227
v  -6.4640 -4.4369 14.4542
v  -6.4642 -4.4984 14.4540
v  -6.3701 -4.4981 14.5227
v  -5.9667 -4.4369 14.7317
v  -6.0703 -4.4370 14.6845
v  -6.0705 -4.4984 14.6844
v  -5.9667 -4.4981 14.7317
v  -5.6541 -4.4369 14.8279
v  -5.6541 -4.4984 14.8271
v  -5.9680 -4.4233 14.7348
v  -6.0729 -4.4233 14.6879
v  -6.0703 -4.4317 14.6845
v  -5.9667 -4.4317 14.7317
v  -7.0251 -4.4233 13.8717
v  -7.0837 -4.4233 13.7736
v  -7.0800 -4.4317 13.7719
v  -7.0227 -4.4317 13.8701
v  -7.3932 -4.4233 12.6378
v  -7.3893 -4.4233 12.7412
v  -7.3999 -4.4199 12.7417
v  -7.4018 -4.4199 12.6378
v  -5.1378 -4.4233 14.8932
v  -5.2412 -4.4233 14.8891
v  -5.2410 -4.4317 14.8851
v  -5.1378 -4.4317 14.8898
v  -5.8635 -4.4317 14.7671
v  -5.8652 -4.4233 14.7708
v  -6.7302 -4.4317 14.2302
v  -6.6440 -4.4317 14.3081
v  -6.6471 -4.4233 14.3114
v  -6.7325 -4.4233 14.2325
v  -6.9540 -4.4317 13.9642
v  -6.9575 -4.4233 13.9659
v  -7.3522 -4.4317 13.0476
v  -7.3271 -4.4317 13.1541
v  -7.3313 -4.4233 13.1542
v  -7.3555 -4.4233 13.0482
v  -7.3898 -4.4369 0.0000
v  -7.3898 -4.4981 0.0000
v  -7.0827 -4.9249 0.0000
v  -7.0760 -4.9297 0.0000
v  -7.0717 -4.9374 0.0000
v  -7.0710 -4.9451 0.0000
v  -0.0000 -4.9296 14.5762
v  -5.1379 -4.9248 14.5828
v  -0.0000 -4.9369 14.5719
v  -0.0000 -5.5104 14.9062
v  -0.0000 -5.4912 14.9798
v  -0.0000 -5.4437 15.0000
v  -0.0000 -4.4233 14.8943
v  -0.0000 -4.4317 14.8898
v  -5.1378 -4.4369 14.8898
v  -5.1378 -4.4981 14.8898
v  -5.3502 -5.5136 14.9214
v  -5.4552 -5.5134 14.9105
v  -5.4588 -5.5069 14.9349
v  -5.3526 -5.5069 14.9465
v  -5.3475 -5.5104 14.8968
v  -5.4512 -5.5104 14.8855
v  -5.3447 -5.4986 14.8761
v  -5.4469 -5.4986 14.8635
v  -5.4617 -5.4912 14.9563
v  -5.3547 -5.4912 14.9696
v  -5.4635 -5.4696 14.9700
v  -5.3559 -5.4696 14.9844
v  -5.4642 -5.4437 14.9748
v  -5.3563 -5.4437 14.9894
v  -5.7614 -5.4986 14.7995
v  -6.1745 -5.4986 14.6345
v  -6.5579 -5.4986 14.3829
v  -6.8854 -5.4986 14.0549
v  -7.1371 -5.4986 13.6714
v  -7.3005 -5.4986 13.2577
v  -7.3826 -5.4986 12.7404
v  -7.3770 -5.4986 12.8427
v  -7.4050 -5.5104 12.7410
v  -7.3987 -5.5104 12.8440
v  -7.4305 -5.5134 12.7420
v  -7.4239 -5.5135 12.8459
v  -7.4552 -5.5069 12.7431
v  -7.4489 -5.5069 12.8481
v  -7.4767 -5.4912 12.7441
v  -7.4713 -5.4912 12.8502
v  -7.4903 -5.4696 12.7447
v  -7.4853 -5.4696 12.8515
v  -7.4952 -5.4437 12.7449
v  -7.4902 -5.4437 12.8519
v  -7.4043 -5.4696 13.2849
v  -7.4354 -5.4437 13.1749
v  -7.4090 -5.4437 13.2863
v  -7.2327 -5.4696 13.7181
v  -7.2369 -5.4437 13.7204
v  -7.1732 -5.4696 13.8211
v  -6.9700 -5.4696 14.1205
v  -7.0457 -5.4437 14.0253
v  -6.9737 -5.4437 14.1235
v  -6.6275 -5.4696 14.4646
v  -6.7209 -5.4437 14.3868
v  -6.6303 -5.4437 14.4681
v  -6.2259 -5.4696 14.7284
v  -6.3312 -5.4437 14.6728
v  -6.2281 -5.4437 14.7327
v  -5.7933 -5.4696 14.9016
v  -5.9031 -5.4437 14.8696
v  -5.7947 -5.4437 14.9063
v  -7.3556 -5.4912 13.3889
v  -7.3915 -5.4912 13.2813
v  -7.3368 -5.5069 13.3824
v  -7.3717 -5.5069 13.2755
v  -7.3138 -5.5132 13.3748
v  -7.3481 -5.5134 13.2690
v  -7.2893 -5.5104 13.3672
v  -7.3233 -5.5104 13.2626
v  -7.1620 -5.4912 13.8146
v  -7.2209 -5.4912 13.7121
v  -7.1450 -5.5069 13.8045
v  -7.2028 -5.5069 13.7026
v  -7.1241 -5.5131 13.7926
v  -7.1810 -5.5133 13.6916
v  -7.1013 -5.5104 13.7801
v  -7.1579 -5.5104 13.6805
v  -6.8796 -5.4912 14.2025
v  -6.9598 -5.4912 14.1122
v  -6.8651 -5.5069 14.1892
v  -6.9440 -5.5069 14.0993
v  -6.8471 -5.5131 14.1733
v  -6.9249 -5.5133 14.0841
v  -6.8273 -5.5104 14.1564
v  -6.9044 -5.5104 14.0684
v  -6.5221 -5.4912 14.5262
v  -6.6190 -5.4912 14.4542
v  -6.5105 -5.5069 14.5102
v  -6.6062 -5.5069 14.4384
v  -6.4962 -5.5131 14.4909
v  -6.5907 -5.5133 14.4196
v  -6.4805 -5.5104 14.4707
v  -6.5740 -5.5104 14.4002
v  -6.1127 -5.4912 14.7667
v  -6.2198 -5.4912 14.7167
v  -6.1045 -5.5069 14.7486
v  -6.2105 -5.5069 14.6986
v  -6.0943 -5.5132 14.7267
v  -6.1991 -5.5133 14.6770
v  -6.0829 -5.5104 14.7034
v  -6.1865 -5.5104 14.6544
v  -5.6794 -5.4912 14.9162
v  -5.7897 -5.4912 14.8891
v  -5.6750 -5.5069 14.8970
v  -5.7841 -5.5069 14.8695
v  -5.6693 -5.5131 14.8736
v  -5.7771 -5.5133 14.8461
v  -5.6626 -5.5104 14.8485
v  -5.7693 -5.5104 14.8214
v  -5.3170 -4.9294 14.5676
v  -5.4042 -4.9358 14.5517
v  -5.3161 -4.9366 14.5634
v  -5.3153 -4.9451 14.5625
v  -5.5819 -4.9455 14.5171
v  -5.6730 -4.9451 14.4951
v  -5.9393 -4.9455 14.3944
v  -6.0279 -4.9451 14.3535
v  -6.2771 -4.9455 14.1965
v  -6.3574 -4.9451 14.1374
v  -6.5723 -4.9455 13.9300
v  -6.6388 -4.9451 13.8558
v  -6.8056 -4.9455 13.6105
v  -6.8551 -4.9451 13.5264
v  -6.9658 -4.9455 13.2599
v  -6.9958 -4.9451 13.1712
v  -7.0509 -4.9455 12.9015
v  -7.0629 -4.9451 12.8144
v  -7.0517 -4.9373 12.9007
v  -7.0635 -4.9378 12.8138
v  -7.0571 -4.9287 12.9006
v  -7.0678 -4.9299 12.8134
v  -7.0649 -4.9240 12.9012
v  -7.0745 -4.9249 12.8131
v  -6.9698 -4.9368 13.2599
v  -6.9969 -4.9370 13.1703
v  -6.9743 -4.9294 13.2603
v  -7.0014 -4.9294 13.1705
v  -6.9811 -4.9246 13.2616
v  -7.0083 -4.9246 13.1717
v  -6.8075 -4.9353 13.6101
v  -6.8566 -4.9362 13.5258
v  -6.8131 -4.9276 13.6120
v  -6.8612 -4.9294 13.5268
v  -6.8210 -4.9246 13.6156
v  -6.8675 -4.9246 13.5290
v  -6.5765 -4.9362 13.9318
v  -6.6405 -4.9360 13.8554
v  -6.5806 -4.9294 13.9341
v  -6.6449 -4.9294 13.8576
v  -6.5860 -4.9246 13.9381
v  -6.6507 -4.9246 13.8612
v  -6.2792 -4.9350 14.1969
v  -6.3592 -4.9359 14.1374
v  -6.2834 -4.9276 14.2008
v  -6.3629 -4.9290 14.1402
v  -6.2889 -4.9236 14.2070
v  -6.3680 -4.9244 14.1450
v  -5.9412 -4.9352 14.3952
v  -6.0297 -4.9359 14.3539
v  -5.9444 -4.9278 14.3998
v  -6.0326 -4.9290 14.3574
v  -5.9482 -4.9237 14.4069
v  -6.0363 -4.9244 14.3634
v  -5.5836 -4.9353 14.5182
v  -5.6746 -4.9359 14.4958
v  -5.5859 -4.9279 14.5232
v  -5.6770 -4.9294 14.5002
v  -5.5885 -4.9238 14.5307
v  -5.6796 -4.9246 14.5063
v  -5.2280 -4.9242 14.5805
v  -5.3178 -4.9247 14.5743
v  -5.4619 -4.4387 14.9751
v  -5.3541 -4.4387 14.9899
v  -7.4951 -4.4387 12.7460
v  -7.4899 -4.4387 12.8541
v  -7.4344 -4.4387 13.1791
v  -7.4079 -4.4387 13.2905
v  -7.2847 -4.4387 13.6159
v  -7.2351 -4.4387 13.7244
v  -7.0431 -4.4387 14.0288
v  -6.9713 -4.4387 14.1272
v  -6.7177 -4.4387 14.3897
v  -6.6272 -4.4387 14.4712
v  -6.3283 -4.4387 14.6745
v  -6.2228 -4.4387 14.7361
v  -5.8998 -4.4387 14.8707
v  -5.7906 -4.4387 14.9079
v  -7.2329 -4.4246 13.7222
v  -7.2351 -4.4317 13.7244
v  -7.2847 -4.4317 13.6159
v  -7.2830 -4.4246 13.6145
v  -5.3538 -4.4246 14.9867
v  -5.3541 -4.4317 14.9899
v  -5.4619 -4.4317 14.9751
v  -5.4611 -4.4246 14.9730
v  -5.7908 -4.4246 14.9051
v  -5.7906 -4.4317 14.9079
v  -5.8998 -4.4317 14.8707
v  -5.8982 -4.4246 14.8691
v  -6.2211 -4.4246 14.7330
v  -6.2227 -4.4317 14.7361
v  -6.3283 -4.4317 14.6745
v  -6.3268 -4.4246 14.6733
v  -6.6251 -4.4246 14.4691
v  -6.6272 -4.4317 14.4713
v  -6.7177 -4.4317 14.3897
v  -6.7162 -4.4246 14.3883
v  -6.9687 -4.4246 14.1247
v  -6.9713 -4.4317 14.1272
v  -7.0431 -4.4317 14.0288
v  -7.0414 -4.4246 14.0276
v  -7.4059 -4.4246 13.2900
v  -7.4079 -4.4317 13.2906
v  -7.4344 -4.4317 13.1791
v  -7.4329 -4.4246 13.1789
v  -7.4866 -4.4246 12.8538
v  -7.4899 -4.4317 12.8541
v  -7.4951 -4.4317 12.7460
v  -7.4927 -4.4246 12.7459
v  -7.4719 -4.4199 12.8525
v  -7.4799 -4.4199 12.7453
v  -7.4059 -4.4199 12.7419
v  -7.3989 -4.4199 12.8457
v  -7.3908 -4.4199 13.2846
v  -7.4200 -4.4199 13.1763
v  -7.3477 -4.4199 13.1574
v  -7.3190 -4.4199 13.2639
v  -7.2201 -4.4199 13.7145
v  -7.2713 -4.4199 13.6087
v  -7.2030 -4.4199 13.5789
v  -7.1538 -4.4199 13.6814
v  -6.9577 -4.4199 14.1153
v  -7.0310 -4.4199 14.0198
v  -6.9717 -4.4199 13.9756
v  -6.9003 -4.4199 14.0686
v  -6.6153 -4.4199 14.4577
v  -6.7074 -4.4199 14.3787
v  -6.6579 -4.4199 14.3232
v  -6.5688 -4.4199 14.4012
v  -6.2146 -4.4199 14.7201
v  -6.3197 -4.4199 14.6622
v  -6.2822 -4.4199 14.5976
v  -6.1816 -4.4199 14.6536
v  -5.7877 -4.4199 14.8899
v  -5.8931 -4.4199 14.8568
v  -5.8708 -4.4199 14.7867
v  -5.7663 -4.4199 14.8194
v  -5.3525 -4.4199 14.9721
v  -5.4587 -4.4199 14.9598
v  -5.4487 -4.4199 14.8865
v  -5.3457 -4.4199 14.8980
v  -5.3440 -4.4981 14.8801
v  -5.2408 -4.4982 14.8851
v  -5.2410 -4.4369 14.8855
v  -5.3440 -4.4369 14.8801
v  -7.3801 -4.4981 12.8440
v  -7.3662 -4.4981 12.9457
v  -7.3662 -4.4369 12.9457
v  -7.3801 -4.4369 12.8440
v  -7.3019 -4.4369 13.2601
v  -7.3271 -4.4369 13.1541
v  -7.3269 -4.4981 13.1551
v  -7.3017 -4.4981 13.2609
v  -7.1373 -4.4369 13.6737
v  -7.1844 -4.4369 13.5705
v  -7.1844 -4.4982 13.5705
v  -7.1373 -4.4982 13.6737
v  -6.8857 -4.4369 14.0577
v  -6.9538 -4.4369 13.9645
v  -6.9516 -4.4981 13.9675
v  -6.8856 -4.4982 14.0578
v  -6.5577 -4.4369 14.3857
v  -6.6439 -4.4369 14.3080
v  -6.6437 -4.4984 14.3081
v  -6.5577 -4.4983 14.3857
v  -6.1737 -4.4370 14.6373
v  -6.2719 -4.4370 14.5800
v  -6.2720 -4.4984 14.5799
v  -6.1737 -4.4984 14.6373
v  -5.7602 -4.4369 14.8022
v  -5.8636 -4.4369 14.7675
v  -5.8632 -4.4984 14.7669
v  -5.7601 -4.4984 14.8019
v  -6.1790 -4.4199 14.6482
v  -6.2792 -4.4199 14.5924
v  -6.2737 -4.4232 14.5831
v  -6.1750 -4.4234 14.6401
v  -7.1484 -4.4199 13.6787
v  -7.1975 -4.4199 13.5765
v  -7.1881 -4.4233 13.5722
v  -7.1405 -4.4233 13.6750
v  -7.3801 -4.4317 12.8440
v  -7.3662 -4.4317 12.9457
v  -7.3701 -4.4233 12.9464
v  -7.3839 -4.4233 12.8444
v  -5.3452 -4.4199 14.8920
v  -5.4479 -4.4199 14.8806
v  -5.4464 -4.4233 14.8702
v  -5.3444 -4.4233 14.8834
v  -5.7601 -4.4317 14.8019
v  -5.6539 -4.4317 14.8272
v  -5.6553 -4.4233 14.8311
v  -5.7616 -4.4233 14.8051
v  -6.5577 -4.4317 14.3857
v  -6.4640 -4.4317 14.4542
v  -6.4669 -4.4233 14.4573
v  -6.5595 -4.4233 14.3889
v  -6.8857 -4.4317 14.0577
v  -6.8081 -4.4317 14.1437
v  -6.8115 -4.4233 14.1464
v  -6.8886 -4.4233 14.0596
v  -7.3019 -4.4317 13.2601
v  -7.2669 -4.4317 13.3632
v  -7.2709 -4.4233 13.3638
v  -7.3054 -4.4233 13.2605
v  -5.1130 -4.9451 14.8715
v  -5.1380 -4.9231 14.5909
v  -7.3107 -4.9451 12.6636
v  -7.3106 -4.9451 0.0000
v  -7.0909 -4.9231 0.0000
v  -7.0909 -4.9231 12.6378
v  -7.3025 -4.9451 12.8643
v  -7.3090 -4.9451 12.7641
v  -7.0890 -4.9231 12.7257
v  -7.0830 -4.9231 12.8133
v  -7.2752 -4.9451 13.0631
v  -7.2918 -4.9451 12.9641
v  -7.0739 -4.9231 12.9022
v  -7.0591 -4.9231 12.9904
v  -7.2307 -4.9451 13.2718
v  -7.2564 -4.9451 13.1683
v  -7.0409 -4.9231 13.0827
v  -7.0164 -4.9231 13.1736
v  -7.1590 -4.9451 13.4726
v  -7.1983 -4.9451 13.3733
v  -6.9890 -4.9231 13.2638
v  -6.9557 -4.9231 13.3519
v  -7.0712 -4.9451 13.6772
v  -7.1184 -4.9451 13.5764
v  -6.9183 -4.9231 13.4434
v  -6.8748 -4.9231 13.5321
v  -6.9562 -4.9451 13.8677
v  -7.0172 -4.9451 13.7744
v  -6.8283 -4.9231 13.6192
v  -6.7757 -4.9231 13.7028
v  -6.8265 -4.9451 14.0548
v  -6.8925 -4.9458 13.9678
v  -6.7193 -4.9231 13.7864
v  -6.6570 -4.9231 13.8658
v  -6.6712 -4.9451 14.2210
v  -6.7518 -4.9451 14.1404
v  -6.5920 -4.9231 13.9431
v  -6.5217 -4.9231 14.0156
v  -6.5057 -4.9451 14.3771
v  -6.5910 -4.9451 14.3019
v  -6.4499 -4.9231 14.0858
v  -6.3733 -4.9231 14.1507
v  -6.3198 -4.9451 14.5085
v  -6.4153 -4.9451 14.4461
v  -6.2942 -4.9231 14.2136
v  -6.2107 -4.9231 14.2705
v  -6.1297 -4.9451 14.6251
v  -6.2266 -4.9451 14.5700
v  -6.1272 -4.9231 14.3234
v  -6.0401 -4.9231 14.3702
v  -5.9254 -4.9451 14.7144
v  -6.0293 -4.9451 14.6734
v  -5.9519 -4.9231 14.4144
v  -5.8609 -4.9231 14.4523
v  -5.7243 -4.9451 14.7877
v  -5.8260 -4.9451 14.7543
v  -5.7726 -4.9231 14.4860
v  -5.6821 -4.9231 14.5136
v  -5.5152 -4.9451 14.8337
v  -5.6207 -4.9451 14.8144
v  -5.5908 -4.9231 14.5386
v  -5.4981 -4.9231 14.5574
v  -5.3153 -4.9451 14.8619
v  -5.4156 -4.9451 14.8500
v  -5.4087 -4.9231 14.5727
v  -5.3185 -4.9231 14.5822
v  -5.2145 -4.9451 14.8747
v  -5.2284 -4.9231 14.5887
v  -5.6801 -4.4317 14.9341
v  -6.1165 -4.4317 14.7844
v  -6.5288 -4.4317 14.5431
v  -6.8897 -4.4317 14.2177
v  -7.3710 -4.4317 13.3989
v  -7.4752 -4.4317 12.9609
v  -6.0780 -4.4199 14.6970
v  -7.0931 -4.4199 13.7785
v  -7.3851 -4.4317 12.7410
v  -5.2417 -4.4199 14.8990
v  -5.5596 -5.5135 14.8937
v  -5.5643 -5.5069 14.9185
v  -5.5543 -5.5104 14.8691
v  -5.5684 -5.4912 14.9407
v  -7.3862 -5.4986 12.6378
v  -7.4076 -5.5104 12.6378
v  -7.4327 -5.5135 12.6378
v  -7.4579 -5.5069 12.6378
v  -7.4809 -5.4912 12.6378
v  -7.4951 -5.4696 12.6378
v  -5.4922 -4.9365 14.5390
v  -7.3341 -4.4317 13.5073
v  -5.5676 -4.4317 14.9606
v  -6.0073 -4.4317 14.8341
v  -6.4304 -4.4317 14.6150
v  -6.8081 -4.4317 14.3081
v  -7.4606 -4.4317 13.0676
v  -7.3522 -4.4981 13.0476
v  -7.3522 -4.4369 13.0476
v  -6.3767 -4.4199 14.5327
v  -6.3717 -4.4233 14.5251
v  -7.2428 -4.4199 13.4712
v  -7.2348 -4.4233 13.4680
v  -5.5498 -4.4199 14.8640
v  -5.5482 -4.4233 14.8555
v  -5.5476 -4.4317 14.8522
v  -6.3701 -4.4317 14.5227
v  -7.2317 -4.4317 13.4667
v  -5.9712 -4.4199 14.7428
v  -7.0327 -4.4199 13.8767
v  -7.3898 -4.4317 12.6378
v  -5.1378 -4.4199 14.9018
v  -5.8690 -4.4199 14.7809
v  -6.6539 -4.4199 14.3187
v  -6.7387 -4.4199 14.2387
v  -6.9670 -4.4199 13.9721
v  -7.3420 -4.4199 13.1559
v  -7.3640 -4.4199 13.0498
v  -0.0000 -4.4199 14.9018
v  -6.2719 -4.4317 14.5800
v  -6.1737 -4.4317 14.6373
v  -7.1844 -4.4317 13.5705
v  -7.1373 -4.4317 13.6737
v  -7.3803 -4.4199 12.9480
v  -7.3929 -4.4199 12.8452
v  -5.4458 -4.4317 14.8663
v  -5.3440 -4.4317 14.8801
v  -5.6581 -4.4199 14.8412
v  -5.7646 -4.4199 14.8136
v  -6.4738 -4.4199 14.4657
v  -6.5649 -4.4199 14.3966
v  -6.8197 -4.4199 14.1534
v  -6.8957 -4.4199 14.0649
v  -7.2810 -4.4199 13.3666
v  -7.3131 -4.4199 13.2622
v  -5.1378 -4.4199 14.9880
v  -0.0000 -4.4199 14.9880
v  -7.1676 -4.4199 13.8219
v  -7.1049 -4.4199 13.9238
v  -5.2456 -4.4199 14.9859
v  -7.2768 -4.4199 13.6111
v  -7.2254 -4.4199 13.7172
v  -5.4595 -4.4199 14.9658
v  -5.3531 -4.4199 14.9780
v  -5.8949 -4.4199 14.8625
v  -5.7894 -4.4199 14.8956
v  -6.3227 -4.4199 14.6674
v  -6.2172 -4.4199 14.7254
v  -6.7114 -4.4199 14.3832
v  -6.6191 -4.4199 14.4624
v  -7.0358 -4.4199 14.0234
v  -6.9624 -4.4199 14.1191
v  -7.4252 -4.4199 13.1776
v  -7.3968 -4.4199 13.2864
v  -7.4859 -4.4199 12.7456
v  -7.4779 -4.4199 12.8531
v  -7.4878 -4.4199 12.6378
v  -5.5215 -4.8998 14.8803
v  -5.4200 -4.8998 14.8968
v  -7.3637 -4.8998 12.6659
v  -7.3618 -4.8998 12.7692
v  -7.2463 -4.8998 13.3933
v  -7.2056 -4.8998 13.4948
v  -7.0595 -4.8998 13.8030
v  -6.9966 -4.8998 13.8982
v  -6.7869 -4.8998 14.1762
v  -6.7041 -4.8998 14.2583
v  -6.4418 -4.8998 14.4874
v  -6.3441 -4.8998 14.5508
v  -6.0469 -4.8998 14.7182
v  -5.9407 -4.8998 14.7598
v  -5.6293 -4.8998 14.8609
v  -5.1118 -4.8998 14.9179
v  -0.0000 -4.8998 14.9179
v  -5.3180 -4.8998 14.9086
v  -5.2153 -4.8998 14.9205
v  -7.3549 -4.8998 12.8722
v  -7.3435 -4.8998 12.9743
v  -7.3069 -4.8998 13.1835
v  -7.2799 -4.8998 13.2894
v  -7.1640 -4.8998 13.6011
v  -7.1152 -4.8998 13.7039
v  -6.9260 -4.8998 13.9951
v  -6.8632 -4.8998 14.0887
v  -6.6221 -4.8998 14.3410
v  -6.5346 -4.8998 14.4174
v  -6.2489 -4.8998 14.6136
v  -6.1497 -4.8998 14.6694
v  -5.8391 -4.8998 14.8005
v  -5.7352 -4.8998 14.8340
v  -7.3261 -4.8998 13.0757
v  -7.4018 -4.4199 0.0000
v  -0.0000 -4.9497 14.9214
v  -5.1085 -4.9497 14.9214
v  -7.3516 -4.9497 12.8757
v  -7.3586 -4.9497 12.7727
v  -7.3229 -4.9497 13.0792
v  -7.3403 -4.9497 12.9778
v  -7.2767 -4.9497 13.2929
v  -7.3036 -4.9497 13.1870
v  -7.2024 -4.9497 13.4983
v  -7.2431 -4.9497 13.3968
v  -7.1120 -4.9497 13.7074
v  -7.1608 -4.9497 13.6046
v  -6.9934 -4.9497 13.9017
v  -7.0562 -4.9497 13.8065
v  -6.8600 -4.9497 14.0922
v  -6.9224 -4.9497 13.9991
v  -6.7009 -4.9497 14.2618
v  -6.7836 -4.9497 14.1797
v  -6.5313 -4.9497 14.4209
v  -6.6189 -4.9497 14.3445
v  -6.3408 -4.9497 14.5543
v  -6.4386 -4.9497 14.4909
v  -6.1465 -4.9497 14.6729
v  -6.2456 -4.9497 14.6171
v  -5.9375 -4.9497 14.7633
v  -6.0437 -4.9497 14.7217
v  -5.7320 -4.9497 14.8375
v  -5.8359 -4.9497 14.8040
v  -5.5183 -4.9497 14.8838
v  -5.6261 -4.9497 14.8644
v  -5.3148 -4.9497 14.9121
v  -5.4168 -4.9497 14.9003
v  -5.2121 -4.9497 14.9245
v  -7.3605 -4.9497 12.6694
v  -7.3637 -4.8998 0.0000
v  -7.3605 -4.9497 0.0000
v  -7.3930 -4.4233 0.0000
v  -7.4941 -5.4696 0.0000
v  -7.4781 -5.4912 0.0000
v  -7.4552 -5.5069 0.0000
v  -7.4307 -5.5131 0.0000
v  -7.4059 -5.5104 0.0000
v  -7.3851 -5.4986 0.0000
v  -7.3898 -4.4317 0.0000
v  -7.4879 -4.4199 0.0000
v  -5.1378 -5.5136 -14.9287
v  -5.1378 -5.5069 -14.9541
v  -5.2453 -5.5069 -14.9522
v  -5.2441 -5.5136 -14.9273
v  -5.1378 -5.5104 -14.9048
v  -5.2428 -5.5104 -14.9026
v  -5.1378 -5.4986 -14.8853
v  -5.2414 -5.4986 -14.8816
v  -5.1378 -5.4912 -14.9787
v  -5.2463 -5.4912 -14.9751
v  -5.1378 -5.4696 -14.9948
v  -5.2470 -5.4696 -14.9901
v  -5.1378 -5.4437 -15.0000
v  -5.2471 -5.4437 -14.9951
v  -5.5488 -5.4986 -14.8481
v  -5.6556 -5.4986 -14.8256
v  -5.9672 -5.4986 -14.7276
v  -6.0716 -5.4986 -14.6824
v  -6.3698 -5.4986 -14.5186
v  -6.4649 -5.4986 -14.4520
v  -6.7290 -5.4986 -14.2263
v  -6.8085 -5.4986 -14.1416
v  -7.0208 -5.4986 -13.8665
v  -7.0799 -5.4986 -13.7695
v  -7.2290 -5.4986 -13.4636
v  -7.2661 -5.4986 -13.3610
v  -7.3490 -5.4986 -13.0450
v  -7.3641 -5.4986 -12.9440
v  -7.3704 -5.5104 -13.0474
v  -7.3869 -5.5104 -12.9460
v  -7.3953 -5.5135 -13.0512
v  -7.4122 -5.5134 -12.9489
v  -7.4201 -5.5069 -13.0556
v  -7.4366 -5.5069 -12.9521
v  -7.4425 -5.4912 -13.0598
v  -7.4576 -5.4912 -12.9551
v  -7.4565 -5.4696 -13.0624
v  -7.4709 -5.4696 -12.9569
v  -7.4612 -5.4437 -13.0633
v  -7.4757 -5.4437 -12.9576
v  -7.3356 -5.4437 -13.5031
v  -7.3724 -5.4437 -13.3948
v  -7.3679 -5.4696 -13.3932
v  -7.3312 -5.4696 -13.5014
v  -7.2822 -5.4696 -13.6099
v  -7.2865 -5.4437 -13.6119
v  -6.8111 -5.4437 -14.3049
v  -6.8926 -5.4437 -14.2144
v  -6.8891 -5.4696 -14.2111
v  -6.8077 -5.4696 -14.3015
v  -6.4340 -5.4437 -14.6124
v  -6.5324 -5.4437 -14.5405
v  -6.5296 -5.4696 -14.5366
v  -6.4314 -5.4696 -14.6084
v  -6.0113 -5.4437 -14.8323
v  -6.1199 -5.4437 -14.7829
v  -6.1180 -5.4696 -14.7785
v  -6.0096 -5.4696 -14.8279
v  -5.5719 -5.4437 -14.9596
v  -5.6834 -5.4437 -14.9333
v  -5.6823 -5.4696 -14.9287
v  -5.5711 -5.4696 -14.9549
v  -7.4180 -5.4912 -13.1708
v  -7.4307 -5.4696 -13.1738
v  -7.3987 -5.5069 -13.1663
v  -7.3751 -5.5132 -13.1610
v  -7.3498 -5.5104 -13.1557
v  -7.3264 -5.4986 -13.1518
v  -7.3179 -5.4912 -13.4961
v  -7.2704 -5.4912 -13.6046
v  -7.2968 -5.5069 -13.4878
v  -7.2523 -5.5069 -13.5965
v  -7.2732 -5.5135 -13.4786
v  -7.2303 -5.5131 -13.5866
v  -7.2495 -5.5104 -13.4701
v  -7.2063 -5.5104 -13.5765
v  -7.1841 -5.4986 -13.5681
v  -7.1132 -5.4696 -13.9240
v  -7.1013 -5.4912 -13.9162
v  -7.0314 -5.4912 -14.0149
v  -7.0418 -5.4696 -14.0225
v  -7.0823 -5.5069 -13.9038
v  -7.0155 -5.5069 -14.0034
v  -7.0611 -5.5135 -13.8901
v  -6.9959 -5.5131 -13.9894
v  -7.0397 -5.5104 -13.8770
v  -6.9745 -5.5104 -13.9746
v  -6.9543 -5.4986 -13.9617
v  -6.7977 -5.4912 -14.2914
v  -6.7090 -5.4912 -14.3737
v  -6.7177 -5.4696 -14.3832
v  -6.7816 -5.5069 -14.2753
v  -6.6958 -5.5069 -14.3591
v  -6.7636 -5.5135 -14.2576
v  -6.6796 -5.5131 -14.3414
v  -6.7453 -5.5104 -14.2403
v  -6.6616 -5.5104 -14.3226
v  -6.6445 -5.4986 -14.3058
v  -6.4236 -5.4912 -14.5965
v  -6.3222 -5.4912 -14.6576
v  -6.3288 -5.4696 -14.6687
v  -6.4112 -5.5069 -14.5774
v  -6.3122 -5.5069 -14.6406
v  -6.3972 -5.5135 -14.5564
v  -6.2999 -5.5131 -14.6198
v  -6.3828 -5.5104 -14.5357
v  -6.2861 -5.5104 -14.5977
v  -6.2728 -5.4986 -14.5780
v  -6.0044 -5.4912 -14.8147
v  -5.8973 -5.4912 -14.8529
v  -5.9015 -5.4696 -14.8650
v  -5.9960 -5.5069 -14.7935
v  -5.8908 -5.5069 -14.8341
v  -5.9865 -5.5135 -14.7701
v  -5.8828 -5.5132 -14.8113
v  -5.9766 -5.5104 -14.7470
v  -5.8737 -5.5104 -14.7869
v  -5.8647 -5.4986 -14.7649
v  -5.1378 -4.9369 -14.5719
v  -5.2270 -4.9362 -14.5681
v  -5.2275 -4.9286 -14.5731
v  -5.1378 -4.9296 -14.5762
v  -5.1378 -4.9451 -14.5710
v  -5.2266 -4.9453 -14.5670
v  -5.8504 -4.9451 -14.4347
v  -5.7618 -4.9455 -14.4651
v  -6.1965 -4.9451 -14.2551
v  -6.1123 -4.9455 -14.3046
v  -6.5055 -4.9451 -14.0039
v  -6.4316 -4.9455 -14.0708
v  -6.7563 -4.9451 -13.6947
v  -6.6977 -4.9455 -13.7754
v  -6.9355 -4.9451 -13.3485
v  -6.8952 -4.9455 -13.4375
v  -7.0387 -4.9451 -12.9887
v  -7.0175 -4.9455 -13.0800
v  -7.0710 -4.9451 -12.6378
v  -7.0671 -4.9453 -12.7261
v  -7.0717 -4.9376 -12.6378
v  -7.0679 -4.9372 -12.7258
v  -7.0760 -4.9298 -12.6378
v  -7.0729 -4.9289 -12.7257
v  -7.0826 -4.9249 -12.6378
v  -7.0803 -4.9243 -12.7256
v  -7.0396 -4.9379 -12.9876
v  -7.0187 -4.9367 -13.0791
v  -7.0439 -4.9300 -12.9876
v  -7.0242 -4.9284 -13.0794
v  -7.0505 -4.9250 -12.9886
v  -7.0321 -4.9239 -13.0808
v  -6.9369 -4.9368 -13.3476
v  -6.8971 -4.9353 -13.4369
v  -6.9413 -4.9296 -13.3481
v  -6.9027 -4.9277 -13.4381
v  -6.9479 -4.9248 -13.3495
v  -6.9105 -4.9237 -13.4405
v  -6.7579 -4.9367 -13.6942
v  -6.6997 -4.9353 -13.7752
v  -6.7622 -4.9295 -13.6956
v  -6.7049 -4.9277 -13.7776
v  -6.7684 -4.9247 -13.6986
v  -6.7121 -4.9236 -13.7818
v  -6.5073 -4.9366 -14.0036
v  -6.4337 -4.9351 -14.0710
v  -6.5110 -4.9295 -14.0059
v  -6.4382 -4.9276 -14.0745
v  -6.5160 -4.9248 -14.0102
v  -6.4441 -4.9237 -14.0800
v  -6.1983 -4.9364 -14.2553
v  -6.1143 -4.9351 -14.3052
v  -6.2016 -4.9295 -14.2583
v  -6.1180 -4.9276 -14.3095
v  -6.2059 -4.9246 -14.2638
v  -6.1227 -4.9236 -14.3163
v  -5.8521 -4.9365 -14.4352
v  -5.7636 -4.9352 -14.4661
v  -5.8546 -4.9295 -14.4388
v  -5.7663 -4.9278 -14.4709
v  -5.8577 -4.9247 -14.4449
v  -5.7695 -4.9237 -14.4783
v  -5.4906 -4.9451 -14.5384
v  -5.4030 -4.9454 -14.5507
v  -5.4941 -4.9295 -14.5432
v  -5.4962 -4.9248 -14.5496
v  -5.4073 -4.9239 -14.5645
v  -5.4058 -4.9282 -14.5569
v  -7.5000 -4.4387 -12.6378
v  -7.5000 -5.4437 -12.6378
v  -5.1378 -4.4387 -15.0000
v  -5.2470 -4.4387 -14.9951
v  -7.4606 -4.4387 -13.0676
v  -7.4752 -4.4387 -12.9609
v  -7.3342 -4.4387 -13.5073
v  -7.3710 -4.4387 -13.3989
v  -7.1150 -4.4387 -13.9304
v  -7.1751 -4.4387 -13.8274
v  -7.1773 -5.4437 -13.8236
v  -7.1172 -5.4437 -13.9266
v  -6.8081 -4.4387 -14.3081
v  -6.8897 -4.4387 -14.2176
v  -6.4304 -4.4387 -14.6149
v  -6.5288 -4.4387 -14.5431
v  -6.0073 -4.4387 -14.8341
v  -6.1166 -4.4387 -14.7844
v  -5.5677 -4.4387 -14.9606
v  -5.6801 -4.4387 -14.9341
v  -5.1378 -4.4317 -15.0000
v  -0.0000 -4.4317 -15.0000
v  -5.1378 -4.4246 -14.9965
v  -7.1120 -4.4246 -13.9285
v  -7.1735 -4.4246 -13.8259
v  -7.1750 -4.4317 -13.8274
v  -7.1150 -4.4317 -13.9304
v  -5.2464 -4.4246 -14.9929
v  -5.2470 -4.4317 -14.9951
v  -5.5670 -4.4246 -14.9571
v  -5.5654 -4.4199 -14.9488
v  -5.6762 -4.4199 -14.9247
v  -5.6787 -4.4246 -14.9324
v  -6.0060 -4.4246 -14.8308
v  -6.0029 -4.4199 -14.8230
v  -6.1105 -4.4199 -14.7771
v  -6.1146 -4.4246 -14.7832
v  -6.4285 -4.4246 -14.6120
v  -6.4239 -4.4199 -14.6049
v  -6.5242 -4.4199 -14.5352
v  -6.5279 -4.4246 -14.5412
v  -6.8056 -4.4246 -14.3056
v  -6.7996 -4.4199 -14.2996
v  -6.8829 -4.4199 -14.2115
v  -6.8881 -4.4246 -14.2162
v  -7.3308 -4.4246 -13.5060
v  -7.3230 -4.4199 -13.5029
v  -7.3624 -4.4199 -13.3952
v  -7.3696 -4.4246 -13.3984
v  -7.4571 -4.4246 -13.0670
v  -7.4488 -4.4199 -13.0654
v  -7.4655 -4.4199 -12.9596
v  -7.4730 -4.4246 -12.9605
v  -7.4965 -4.4246 -12.6378
v  -7.4997 -4.4317 -12.6378
v  -7.4818 -4.4199 -12.6378
v  -7.4078 -4.4199 -12.6378
v  -7.4429 -4.4199 -13.0644
v  -7.3699 -4.4199 -13.0508
v  -7.3863 -4.4199 -12.9488
v  -7.4596 -4.4199 -12.9588
v  -7.3174 -4.4199 -13.5007
v  -7.2484 -4.4199 -13.4734
v  -7.2867 -4.4199 -13.3686
v  -7.3564 -4.4199 -13.3931
v  -7.0999 -4.4199 -13.9206
v  -7.0378 -4.4199 -13.8799
v  -7.0983 -4.4199 -13.7816
v  -7.1624 -4.4199 -13.8189
v  -6.7954 -4.4199 -14.2954
v  -6.7429 -4.4199 -14.2429
v  -6.8241 -4.4199 -14.1575
v  -6.8785 -4.4199 -14.2074
v  -6.4206 -4.4199 -14.5999
v  -6.3800 -4.4199 -14.5378
v  -6.4773 -4.4199 -14.4706
v  -6.5207 -4.4199 -14.5304
v  -6.0007 -4.4199 -14.8174
v  -5.9734 -4.4199 -14.7484
v  -6.0802 -4.4199 -14.7025
v  -6.1083 -4.4199 -14.7715
v  -5.5644 -4.4199 -14.9429
v  -5.5508 -4.4199 -14.8699
v  -5.6594 -4.4199 -14.8471
v  -5.6749 -4.4199 -14.9196
v  -5.1378 -4.4199 -14.9820
v  -5.1378 -4.4199 -14.9078
v  -5.2419 -4.4199 -14.9050
v  -5.2453 -4.4199 -14.9799
v  -0.0000 -4.4199 -14.9820
v  -5.5476 -4.4981 -14.8522
v  -5.5476 -4.4369 -14.8522
v  -5.4458 -4.4369 -14.8665
v  -5.4457 -4.4982 -14.8662
v  -7.3898 -4.4369 -12.6378
v  -7.3851 -4.4369 -12.7410
v  -7.3851 -4.4981 -12.7410
v  -7.3898 -4.4981 -12.6378
v  -7.2317 -4.4369 -13.4667
v  -7.2317 -4.4981 -13.4667
v  -7.2663 -4.4981 -13.3648
v  -7.2669 -4.4369 -13.3632
v  -7.0227 -4.4369 -13.8701
v  -7.0227 -4.4981 -13.8701
v  -7.0801 -4.4983 -13.7717
v  -7.0800 -4.4369 -13.7719
v  -6.7302 -4.4369 -14.2302
v  -6.7302 -4.4981 -14.2302
v  -6.8081 -4.4983 -14.1437
v  -6.8081 -4.4369 -14.1437
v  -6.3701 -4.4369 -14.5227
v  -6.3701 -4.4981 -14.5227
v  -6.4642 -4.4984 -14.4540
v  -6.4640 -4.4369 -14.4542
v  -5.9667 -4.4369 -14.7317
v  -5.9667 -4.4981 -14.7317
v  -6.0705 -4.4984 -14.6844
v  -6.0703 -4.4370 -14.6845
v  -5.6541 -4.4984 -14.8271
v  -5.6541 -4.4369 -14.8279
v  -5.9680 -4.4233 -14.7348
v  -5.9667 -4.4317 -14.7317
v  -6.0703 -4.4317 -14.6845
v  -6.0728 -4.4230 -14.6876
v  -7.0251 -4.4233 -13.8717
v  -7.0227 -4.4317 -13.8701
v  -7.0800 -4.4317 -13.7719
v  -7.0837 -4.4233 -13.7736
v  -7.3932 -4.4233 -12.6378
v  -7.4018 -4.4199 -12.6378
v  -7.3999 -4.4199 -12.7417
v  -7.3893 -4.4233 -12.7412
v  -5.1378 -4.4233 -14.8932
v  -5.1378 -4.4317 -14.8898
v  -5.2410 -4.4317 -14.8851
v  -5.2412 -4.4233 -14.8891
v  -5.8652 -4.4233 -14.7708
v  -5.8635 -4.4317 -14.7671
v  -6.7302 -4.4317 -14.2302
v  -6.7325 -4.4233 -14.2325
v  -6.6471 -4.4233 -14.3114
v  -6.6440 -4.4317 -14.3081
v  -6.9575 -4.4233 -13.9659
v  -6.9540 -4.4317 -13.9642
v  -7.3522 -4.4317 -13.0476
v  -7.3555 -4.4233 -13.0482
v  -7.3313 -4.4233 -13.1542
v  -7.3271 -4.4317 -13.1541
v  -0.0000 -4.9294 -14.5760
v  -5.1379 -4.9248 -14.5828
v  -0.0000 -4.9246 -14.5828
v  -0.0000 -4.9451 -14.5710
v  -0.0000 -5.4986 -14.8857
v  -0.0000 -5.5136 -14.9307
v  -0.0000 -5.5069 -14.9560
v  -0.0000 -5.4912 -14.9798
v  -0.0000 -5.4437 -15.0000
v  -0.0000 -4.4387 -15.0000
v  -0.0000 -4.4233 -14.8943
v  -0.0000 -4.4981 -14.8898
v  -5.1378 -4.4981 -14.8898
v  -5.1378 -4.4369 -14.8898
v  -0.0000 -4.4369 -14.8898
v  -5.3502 -5.5136 -14.9214
v  -5.3526 -5.5069 -14.9466
v  -5.4588 -5.5069 -14.9349
v  -5.4552 -5.5134 -14.9105
v  -5.3475 -5.5104 -14.8969
v  -5.4512 -5.5104 -14.8855
v  -5.3447 -5.4986 -14.8763
v  -5.4469 -5.4986 -14.8635
v  -5.3547 -5.4912 -14.9698
v  -5.4617 -5.4912 -14.9563
v  -5.3560 -5.4696 -14.9847
v  -5.4635 -5.4696 -14.9699
v  -5.3563 -5.4437 -14.9896
v  -5.4642 -5.4437 -14.9748
v  -5.7614 -5.4986 -14.7996
v  -6.1745 -5.4986 -14.6346
v  -6.5580 -5.4986 -14.3830
v  -6.8854 -5.4986 -14.0549
v  -7.1364 -5.4986 -13.6711
v  -7.3005 -5.4986 -13.2577
v  -7.3769 -5.4986 -12.8427
v  -7.3826 -5.4986 -12.7404
v  -7.3987 -5.5104 -12.8440
v  -7.4050 -5.5104 -12.7410
v  -7.4239 -5.5135 -12.8459
v  -7.4305 -5.5135 -12.7420
v  -7.4489 -5.5069 -12.8481
v  -7.4552 -5.5069 -12.7431
v  -7.4712 -5.4912 -12.8502
v  -7.4768 -5.4912 -12.7441
v  -7.4851 -5.4696 -12.8514
v  -7.4904 -5.4696 -12.7447
v  -7.4902 -5.4437 -12.8519
v  -7.4952 -5.4437 -12.7449
v  -7.4044 -5.4696 -13.2850
v  -7.4091 -5.4437 -13.2864
v  -7.4354 -5.4437 -13.1749
v  -7.2329 -5.4696 -13.7182
v  -7.1732 -5.4696 -13.8211
v  -7.2371 -5.4437 -13.7205
v  -6.9703 -5.4696 -14.1207
v  -6.9739 -5.4437 -14.1237
v  -7.0457 -5.4437 -14.0253
v  -6.6275 -5.4696 -14.4647
v  -6.6305 -5.4437 -14.4683
v  -6.7209 -5.4437 -14.3867
v  -6.2261 -5.4696 -14.7288
v  -6.2282 -5.4437 -14.7329
v  -6.3312 -5.4437 -14.6728
v  -5.7934 -5.4696 -14.9020
v  -5.7947 -5.4437 -14.9064
v  -5.9031 -5.4437 -14.8696
v  -7.3916 -5.4912 -13.2813
v  -7.3556 -5.4912 -13.3889
v  -7.3717 -5.5069 -13.2756
v  -7.3368 -5.5069 -13.3824
v  -7.3481 -5.5134 -13.2690
v  -7.3138 -5.5132 -13.3748
v  -7.3231 -5.5104 -13.2626
v  -7.2890 -5.5104 -13.3671
v  -7.2210 -5.4912 -13.7121
v  -7.1620 -5.4912 -13.8146
v  -7.2028 -5.5069 -13.7026
v  -7.1450 -5.5069 -13.8045
v  -7.1810 -5.5133 -13.6916
v  -7.1241 -5.5131 -13.7926
v  -7.1577 -5.5104 -13.6803
v  -7.1013 -5.5104 -13.7801
v  -6.9599 -5.4912 -14.1123
v  -6.8796 -5.4912 -14.2025
v  -6.9440 -5.5069 -14.0994
v  -6.8651 -5.5069 -14.1892
v  -6.9249 -5.5133 -14.0841
v  -6.8471 -5.5131 -14.1733
v  -6.9044 -5.5104 -14.0684
v  -6.8273 -5.5104 -14.1564
v  -6.6191 -5.4912 -14.4543
v  -6.5221 -5.4912 -14.5262
v  -6.6062 -5.5069 -14.4384
v  -6.5105 -5.5069 -14.5102
v  -6.5907 -5.5133 -14.4196
v  -6.4962 -5.5131 -14.4909
v  -6.5738 -5.5104 -14.4000
v  -6.4802 -5.5104 -14.4703
v  -6.2200 -5.4912 -14.7169
v  -6.1127 -5.4912 -14.7667
v  -6.2105 -5.5069 -14.6987
v  -6.1045 -5.5069 -14.7486
v  -6.1991 -5.5134 -14.6770
v  -6.0943 -5.5132 -14.7267
v  -6.1865 -5.5104 -14.6544
v  -6.0829 -5.5104 -14.7034
v  -5.7897 -5.4912 -14.8893
v  -5.6794 -5.4912 -14.9162
v  -5.7841 -5.5069 -14.8696
v  -5.6750 -5.5069 -14.8970
v  -5.7771 -5.5133 -14.8461
v  -5.6693 -5.5131 -14.8736
v  -5.7693 -5.5104 -14.8214
v  -5.6626 -5.5104 -14.8485
v  -5.3170 -4.9296 -14.5678
v  -5.3162 -4.9367 -14.5637
v  -5.4042 -4.9358 -14.5517
v  -5.3154 -4.9451 -14.5628
v  -5.6731 -4.9451 -14.4954
v  -5.5819 -4.9455 -14.5171
v  -6.0280 -4.9451 -14.3537
v  -5.9393 -4.9455 -14.3944
v  -6.3575 -4.9451 -14.1375
v  -6.2771 -4.9455 -14.1965
v  -6.6388 -4.9451 -13.8558
v  -6.5723 -4.9455 -13.9300
v  -6.8545 -4.9452 -13.5262
v  -6.8056 -4.9455 -13.6105
v  -6.9957 -4.9452 -13.1711
v  -6.9658 -4.9455 -13.2599
v  -7.0626 -4.9452 -12.8144
v  -7.0509 -4.9455 -12.9015
v  -7.0633 -4.9378 -12.8137
v  -7.0517 -4.9373 -12.9007
v  -7.0678 -4.9298 -12.8134
v  -7.0571 -4.9287 -12.9006
v  -7.0745 -4.9249 -12.8131
v  -7.0649 -4.9240 -12.9012
v  -6.9969 -4.9369 -13.1703
v  -6.9673 -4.9359 -13.2591
v  -7.0015 -4.9295 -13.1705
v  -6.9729 -4.9280 -13.2598
v  -7.0083 -4.9247 -13.1717
v  -6.9808 -4.9238 -13.2615
v  -6.8562 -4.9360 -13.5256
v  -6.8075 -4.9353 -13.6101
v  -6.8608 -4.9290 -13.5266
v  -6.8131 -4.9276 -13.6120
v  -6.8675 -4.9245 -13.5290
v  -6.8207 -4.9236 -13.6154
v  -6.6406 -4.9361 -13.8555
v  -6.5743 -4.9352 -13.9299
v  -6.6448 -4.9292 -13.8575
v  -6.5793 -4.9277 -13.9329
v  -6.6506 -4.9246 -13.8612
v  -6.5860 -4.9246 -13.9381
v  -6.3594 -4.9360 -14.1376
v  -6.2792 -4.9350 -14.1969
v  -6.3630 -4.9292 -14.1403
v  -6.2834 -4.9276 -14.2008
v  -6.3680 -4.9246 -14.1451
v  -6.2889 -4.9236 -14.2070
v  -6.0298 -4.9360 -14.3542
v  -5.9412 -4.9352 -14.3952
v  -6.0327 -4.9292 -14.3576
v  -5.9444 -4.9277 -14.3998
v  -6.0363 -4.9246 -14.3634
v  -5.9482 -4.9237 -14.4069
v  -5.6747 -4.9360 -14.4961
v  -5.5836 -4.9352 -14.5182
v  -5.6769 -4.9292 -14.5000
v  -5.5859 -4.9279 -14.5232
v  -5.6796 -4.9246 -14.5063
v  -5.5885 -4.9238 -14.5307
v  -5.3178 -4.9248 -14.5744
v  -5.2280 -4.9242 -14.5805
v  -5.3541 -4.4387 -14.9899
v  -5.4619 -4.4387 -14.9751
v  -7.4899 -4.4387 -12.8541
v  -7.4951 -4.4387 -12.7460
v  -7.4079 -4.4387 -13.2905
v  -7.4344 -4.4387 -13.1791
v  -7.2351 -4.4387 -13.7244
v  -7.2847 -4.4387 -13.6159
v  -6.9713 -4.4387 -14.1272
v  -7.0431 -4.4387 -14.0288
v  -6.6272 -4.4387 -14.4712
v  -6.7177 -4.4387 -14.3897
v  -6.2228 -4.4387 -14.7361
v  -6.3283 -4.4387 -14.6745
v  -5.7906 -4.4387 -14.9079
v  -5.8998 -4.4387 -14.8707
v  -7.2329 -4.4246 -13.7222
v  -7.2830 -4.4246 -13.6145
v  -7.2847 -4.4317 -13.6159
v  -7.2351 -4.4317 -13.7244
v  -5.3538 -4.4246 -14.9867
v  -5.4611 -4.4246 -14.9730
v  -5.4619 -4.4317 -14.9751
v  -5.3541 -4.4317 -14.9899
v  -5.7908 -4.4246 -14.9051
v  -5.8982 -4.4246 -14.8691
v  -5.8998 -4.4317 -14.8707
v  -5.7906 -4.4317 -14.9079
v  -6.2211 -4.4246 -14.7330
v  -6.3268 -4.4246 -14.6733
v  -6.3283 -4.4317 -14.6745
v  -6.2227 -4.4317 -14.7361
v  -6.6251 -4.4246 -14.4691
v  -6.7162 -4.4246 -14.3883
v  -6.7177 -4.4317 -14.3897
v  -6.6272 -4.4317 -14.4713
v  -6.9687 -4.4246 -14.1247
v  -7.0414 -4.4246 -14.0276
v  -7.0431 -4.4317 -14.0288
v  -6.9713 -4.4317 -14.1272
v  -7.4059 -4.4246 -13.2900
v  -7.4329 -4.4246 -13.1789
v  -7.4344 -4.4317 -13.1791
v  -7.4079 -4.4317 -13.2906
v  -7.4866 -4.4246 -12.8538
v  -7.4927 -4.4246 -12.7459
v  -7.4951 -4.4317 -12.7460
v  -7.4899 -4.4317 -12.8541
v  -7.4719 -4.4199 -12.8525
v  -7.3989 -4.4199 -12.8457
v  -7.4059 -4.4199 -12.7419
v  -7.4799 -4.4199 -12.7453
v  -7.3908 -4.4199 -13.2846
v  -7.3190 -4.4199 -13.2639
v  -7.3477 -4.4199 -13.1574
v  -7.4200 -4.4199 -13.1763
v  -7.2201 -4.4199 -13.7145
v  -7.1538 -4.4199 -13.6814
v  -7.2030 -4.4199 -13.5789
v  -7.2713 -4.4199 -13.6087
v  -6.9577 -4.4199 -14.1153
v  -6.9003 -4.4199 -14.0686
v  -6.9717 -4.4199 -13.9756
v  -7.0310 -4.4199 -14.0199
v  -6.6153 -4.4199 -14.4578
v  -6.5688 -4.4199 -14.4012
v  -6.6579 -4.4199 -14.3232
v  -6.7074 -4.4199 -14.3787
v  -6.2146 -4.4199 -14.7201
v  -6.1816 -4.4199 -14.6536
v  -6.2822 -4.4199 -14.5976
v  -6.3197 -4.4199 -14.6622
v  -5.7877 -4.4199 -14.8899
v  -5.7663 -4.4199 -14.8194
v  -5.8708 -4.4199 -14.7867
v  -5.8931 -4.4199 -14.8568
v  -5.3525 -4.4199 -14.9721
v  -5.3457 -4.4199 -14.8980
v  -5.4487 -4.4199 -14.8865
v  -5.4587 -4.4199 -14.9598
v  -5.3440 -4.4981 -14.8801
v  -5.3440 -4.4369 -14.8801
v  -5.2410 -4.4369 -14.8855
v  -5.2408 -4.4982 -14.8851
v  -7.3801 -4.4981 -12.8440
v  -7.3801 -4.4369 -12.8440
v  -7.3662 -4.4369 -12.9457
v  -7.3662 -4.4981 -12.9457
v  -7.3019 -4.4369 -13.2601
v  -7.3017 -4.4981 -13.2609
v  -7.3269 -4.4981 -13.1551
v  -7.3271 -4.4369 -13.1541
v  -7.1373 -4.4369 -13.6737
v  -7.1373 -4.4982 -13.6737
v  -7.1844 -4.4982 -13.5705
v  -7.1844 -4.4369 -13.5705
v  -6.8857 -4.4369 -14.0577
v  -6.8856 -4.4982 -14.0578
v  -6.9516 -4.4981 -13.9675
v  -6.9538 -4.4369 -13.9645
v  -6.5577 -4.4369 -14.3857
v  -6.5577 -4.4983 -14.3857
v  -6.6437 -4.4984 -14.3081
v  -6.6439 -4.4369 -14.3080
v  -6.1737 -4.4370 -14.6373
v  -6.1737 -4.4984 -14.6373
v  -6.2720 -4.4984 -14.5799
v  -6.2719 -4.4370 -14.5800
v  -5.7602 -4.4369 -14.8022
v  -5.7601 -4.4984 -14.8019
v  -5.8632 -4.4984 -14.7669
v  -5.8636 -4.4369 -14.7675
v  -6.1790 -4.4199 -14.6482
v  -6.1750 -4.4233 -14.6401
v  -6.2738 -4.4233 -14.5832
v  -6.2792 -4.4199 -14.5924
v  -7.1484 -4.4199 -13.6787
v  -7.1405 -4.4233 -13.6750
v  -7.1881 -4.4233 -13.5722
v  -7.1975 -4.4199 -13.5765
v  -7.3801 -4.4317 -12.8440
v  -7.3839 -4.4233 -12.8444
v  -7.3701 -4.4233 -12.9464
v  -7.3662 -4.4317 -12.9457
v  -5.3452 -4.4199 -14.8920
v  -5.3444 -4.4233 -14.8834
v  -5.4464 -4.4233 -14.8702
v  -5.4479 -4.4199 -14.8806
v  -5.7601 -4.4317 -14.8019
v  -5.7616 -4.4233 -14.8051
v  -5.6553 -4.4233 -14.8311
v  -5.6539 -4.4317 -14.8272
v  -6.5577 -4.4317 -14.3857
v  -6.5595 -4.4233 -14.3889
v  -6.4669 -4.4233 -14.4573
v  -6.4640 -4.4317 -14.4542
v  -6.8857 -4.4317 -14.0577
v  -6.8886 -4.4233 -14.0596
v  -6.8115 -4.4233 -14.1464
v  -6.8081 -4.4317 -14.1437
v  -7.3019 -4.4317 -13.2601
v  -7.3054 -4.4233 -13.2605
v  -7.2709 -4.4233 -13.3638
v  -7.2669 -4.4317 -13.3632
v  -0.0000 -4.9231 -14.5910
v  -5.1380 -4.9231 -14.5909
v  -5.1130 -4.9451 -14.8715
v  -7.3107 -4.9451 -12.6636
v  -7.0909 -4.9231 -12.6378
v  -7.3025 -4.9451 -12.8643
v  -7.0830 -4.9231 -12.8133
v  -7.0890 -4.9231 -12.7257
v  -7.3090 -4.9451 -12.7641
v  -7.2752 -4.9451 -13.0631
v  -7.0591 -4.9231 -12.9904
v  -7.0739 -4.9231 -12.9022
v  -7.2918 -4.9451 -12.9641
v  -7.2307 -4.9451 -13.2718
v  -7.0164 -4.9231 -13.1736
v  -7.0409 -4.9231 -13.0827
v  -7.2564 -4.9451 -13.1683
v  -7.1590 -4.9451 -13.4726
v  -6.9557 -4.9231 -13.3519
v  -6.9890 -4.9231 -13.2638
v  -7.1983 -4.9451 -13.3733
v  -7.0712 -4.9451 -13.6772
v  -6.8748 -4.9231 -13.5321
v  -6.9183 -4.9231 -13.4434
v  -7.1184 -4.9451 -13.5764
v  -6.9562 -4.9451 -13.8677
v  -6.7757 -4.9231 -13.7028
v  -6.8283 -4.9231 -13.6192
v  -7.0172 -4.9451 -13.7744
v  -6.8265 -4.9451 -14.0548
v  -6.6570 -4.9231 -13.8658
v  -6.7193 -4.9231 -13.7864
v  -6.8871 -4.9451 -13.9622
v  -6.6712 -4.9451 -14.2210
v  -6.5217 -4.9231 -14.0156
v  -6.5920 -4.9231 -13.9431
v  -6.7518 -4.9451 -14.1404
v  -6.5057 -4.9451 -14.3771
v  -6.3733 -4.9231 -14.1507
v  -6.4499 -4.9231 -14.0858
v  -6.5910 -4.9451 -14.3019
v  -6.3198 -4.9451 -14.5085
v  -6.2107 -4.9231 -14.2705
v  -6.2942 -4.9231 -14.2136
v  -6.4153 -4.9451 -14.4461
v  -6.1297 -4.9451 -14.6251
v  -6.0401 -4.9231 -14.3702
v  -6.1272 -4.9231 -14.3234
v  -6.2266 -4.9451 -14.5700
v  -5.9254 -4.9451 -14.7144
v  -5.8609 -4.9231 -14.4523
v  -5.9519 -4.9231 -14.4144
v  -6.0293 -4.9451 -14.6734
v  -5.7243 -4.9451 -14.7877
v  -5.6821 -4.9231 -14.5136
v  -5.7726 -4.9231 -14.4860
v  -5.8260 -4.9451 -14.7543
v  -5.5152 -4.9451 -14.8337
v  -5.4981 -4.9231 -14.5574
v  -5.5908 -4.9231 -14.5386
v  -5.6207 -4.9451 -14.8144
v  -5.3153 -4.9451 -14.8619
v  -5.3185 -4.9231 -14.5822
v  -5.4087 -4.9231 -14.5727
v  -5.4156 -4.9451 -14.8500
v  -5.2284 -4.9231 -14.5887
v  -5.2145 -4.9451 -14.8747
v  -5.6801 -4.4317 -14.9341
v  -6.1165 -4.4317 -14.7844
v  -6.5288 -4.4317 -14.5431
v  -6.8897 -4.4317 -14.2177
v  -7.3710 -4.4317 -13.3989
v  -7.4752 -4.4317 -12.9609
v  -6.0780 -4.4199 -14.6970
v  -7.0931 -4.4199 -13.7785
v  -7.3851 -4.4317 -12.7410
v  -5.2417 -4.4199 -14.8990
v  -5.5644 -5.5069 -14.9185
v  -5.5596 -5.5135 -14.8937
v  -5.5543 -5.5104 -14.8691
v  -5.5685 -5.4912 -14.9409
v  -7.3862 -5.4986 -12.6378
v  -7.4075 -5.5104 -12.6378
v  -7.4327 -5.5136 -12.6378
v  -7.4579 -5.5069 -12.6378
v  -7.4809 -5.4912 -12.6378
v  -7.4951 -5.4696 -12.6378
v  -5.4922 -4.9366 -14.5392
v  -7.3341 -4.4317 -13.5073
v  -5.5676 -4.4317 -14.9606
v  -6.0073 -4.4317 -14.8341
v  -6.4304 -4.4317 -14.6150
v  -6.8081 -4.4317 -14.3081
v  -7.4606 -4.4317 -13.0676
v  -7.3522 -4.4369 -13.0476
v  -7.3522 -4.4981 -13.0476
v  -6.3717 -4.4233 -14.5251
v  -6.3767 -4.4199 -14.5327
v  -7.2348 -4.4233 -13.4680
v  -7.2428 -4.4199 -13.4712
v  -5.5482 -4.4233 -14.8555
v  -5.5498 -4.4199 -14.8640
v  -5.5476 -4.4317 -14.8522
v  -6.3701 -4.4317 -14.5227
v  -7.2317 -4.4317 -13.4667
v  -5.9712 -4.4199 -14.7428
v  -7.0327 -4.4199 -13.8767
v  -7.3898 -4.4317 -12.6378
v  -5.1378 -4.4199 -14.9018
v  -5.8690 -4.4199 -14.7809
v  -6.7387 -4.4199 -14.2387
v  -6.6539 -4.4199 -14.3187
v  -6.9670 -4.4199 -13.9721
v  -7.3640 -4.4199 -13.0498
v  -7.3420 -4.4199 -13.1559
v  -6.1737 -4.4317 -14.6373
v  -6.2719 -4.4317 -14.5800
v  -7.1373 -4.4317 -13.6737
v  -7.1844 -4.4317 -13.5705
v  -7.3929 -4.4199 -12.8452
v  -7.3803 -4.4199 -12.9480
v  -5.3440 -4.4317 -14.8801
v  -5.4458 -4.4317 -14.8663
v  -5.7646 -4.4199 -14.8136
v  -5.6581 -4.4199 -14.8412
v  -6.5649 -4.4199 -14.3966
v  -6.4738 -4.4199 -14.4657
v  -6.8957 -4.4199 -14.0649
v  -6.8197 -4.4199 -14.1534
v  -7.3131 -4.4199 -13.2622
v  -7.2810 -4.4199 -13.3666
v  -0.0000 -4.4199 -14.9880
v  -5.1378 -4.4199 -14.9880
v  -7.1049 -4.4199 -13.9239
v  -7.1676 -4.4199 -13.8219
v  -5.2456 -4.4199 -14.9859
v  -7.2254 -4.4199 -13.7172
v  -7.2768 -4.4199 -13.6111
v  -5.3531 -4.4199 -14.9780
v  -5.4595 -4.4199 -14.9658
v  -5.7894 -4.4199 -14.8956
v  -5.8949 -4.4199 -14.8625
v  -6.2172 -4.4199 -14.7254
v  -6.3227 -4.4199 -14.6674
v  -6.6191 -4.4199 -14.4624
v  -6.7114 -4.4199 -14.3832
v  -6.9624 -4.4199 -14.1191
v  -7.0358 -4.4199 -14.0234
v  -7.3968 -4.4199 -13.2864
v  -7.4252 -4.4199 -13.1776
v  -7.4779 -4.4199 -12.8531
v  -7.4859 -4.4199 -12.7456
v  -7.4878 -4.4199 -12.6378
v  -5.4200 -4.8998 -14.8968
v  -5.5215 -4.8998 -14.8803
v  -7.3618 -4.8998 -12.7692
v  -7.3637 -4.8998 -12.6659
v  -7.2056 -4.8998 -13.4948
v  -7.2463 -4.8998 -13.3933
v  -6.9966 -4.8998 -13.8982
v  -7.0595 -4.8998 -13.8030
v  -6.7041 -4.8998 -14.2583
v  -6.7869 -4.8998 -14.1762
v  -6.3441 -4.8998 -14.5508
v  -6.4418 -4.8998 -14.4874
v  -5.9407 -4.8998 -14.7598
v  -6.0469 -4.8998 -14.7182
v  -5.6293 -4.8998 -14.8609
v  -0.0000 -4.8998 -14.9179
v  -5.1118 -4.8998 -14.9179
v  -5.2153 -4.8998 -14.9205
v  -5.3180 -4.8998 -14.9086
v  -7.3435 -4.8998 -12.9743
v  -7.3549 -4.8998 -12.8722
v  -7.2799 -4.8998 -13.2894
v  -7.3069 -4.8998 -13.1835
v  -7.1152 -4.8998 -13.7039
v  -7.1640 -4.8998 -13.6011
v  -6.8632 -4.8998 -14.0887
v  -6.9256 -4.8998 -13.9956
v  -6.5346 -4.8998 -14.4174
v  -6.6221 -4.8998 -14.3410
v  -6.1497 -4.8998 -14.6694
v  -6.2489 -4.8998 -14.6136
v  -5.7352 -4.8998 -14.8340
v  -5.8391 -4.8998 -14.8005
v  -7.3261 -4.8998 -13.0757
v  -5.1085 -4.9497 -14.9214
v  -0.0000 -4.9497 -14.9214
v  -7.3586 -4.9497 -12.7727
v  -7.3516 -4.9497 -12.8757
v  -7.3403 -4.9497 -12.9778
v  -7.3229 -4.9497 -13.0792
v  -7.3036 -4.9497 -13.1870
v  -7.2767 -4.9497 -13.2929
v  -7.2431 -4.9497 -13.3968
v  -7.2024 -4.9497 -13.4983
v  -7.1608 -4.9497 -13.6046
v  -7.1120 -4.9497 -13.7074
v  -7.0562 -4.9497 -13.8065
v  -6.9934 -4.9497 -13.9017
v  -6.9224 -4.9497 -13.9991
v  -6.8600 -4.9497 -14.0922
v  -6.7836 -4.9497 -14.1797
v  -6.7009 -4.9497 -14.2618
v  -6.6189 -4.9497 -14.3445
v  -6.5313 -4.9497 -14.4209
v  -6.4386 -4.9497 -14.4909
v  -6.3408 -4.9497 -14.5543
v  -6.2456 -4.9497 -14.6171
v  -6.1465 -4.9497 -14.6729
v  -6.0437 -4.9497 -14.7217
v  -5.9375 -4.9497 -14.7633
v  -5.8359 -4.9497 -14.8040
v  -5.7320 -4.9497 -14.8375
v  -5.6261 -4.9497 -14.8644
v  -5.5183 -4.9497 -14.8838
v  -5.4168 -4.9497 -14.9003
v  -5.3148 -4.9497 -14.9121
v  -5.2121 -4.9497 -14.9245
v  -7.3605 -4.9497 -12.6694
v  5.1378 -5.4782 14.8698
v  5.1378 -5.4347 14.8453
v  5.2401 -5.4782 14.8655
v  5.2389 -5.4347 14.8409
v  5.5439 -5.4782 14.8326
v  5.5395 -5.4347 14.8084
v  5.6495 -5.4782 14.8083
v  5.6438 -5.4347 14.7844
v  5.9594 -5.4782 14.7131
v  5.9503 -5.4347 14.6903
v  6.0624 -5.4782 14.6668
v  6.0522 -5.4347 14.6445
v  6.3592 -5.4782 14.5060
v  6.3457 -5.4347 14.4854
v  6.4526 -5.4782 14.4386
v  6.4381 -5.4347 14.4187
v  6.7161 -5.4782 14.2161
v  6.6987 -5.4347 14.1987
v  6.7937 -5.4782 14.1310
v  6.7754 -5.4347 14.1145
v  7.0060 -5.4782 13.8592
v  6.9854 -5.4347 13.8457
v  7.0633 -5.4782 13.7621
v  7.0421 -5.4347 13.7497
v  7.2131 -5.4782 13.4594
v  7.1903 -5.4347 13.4503
v  7.2485 -5.4782 13.3571
v  7.2252 -5.4347 13.3492
v  7.3326 -5.4782 13.0439
v  7.3084 -5.4347 13.0395
v  7.3467 -5.4782 12.9431
v  7.3224 -5.4347 12.9397
v  7.3698 -5.4782 12.6378
v  7.3453 -5.4347 12.6378
v  7.3698 -5.4782 0.0000
v  7.3452 -5.4347 0.0000
v  -0.0000 -5.4782 14.8698
v  -0.0000 -5.4347 14.8453
v  5.3422 -5.4782 14.8603
v  5.3399 -5.4347 14.8359
v  5.4431 -5.4782 14.8467
v  5.4397 -5.4347 14.8224
v  5.7547 -5.4782 14.7831
v  5.7479 -5.4347 14.7595
v  5.8571 -5.4782 14.7485
v  5.8492 -5.4347 14.7252
v  6.1647 -5.4782 14.6199
v  6.1534 -5.4347 14.5980
v  6.2620 -5.4782 14.5634
v  6.2496 -5.4347 14.5421
v  6.5453 -5.4782 14.3705
v  6.5298 -5.4347 14.3514
v  6.6310 -5.4782 14.2937
v  6.6145 -5.4347 14.2754
v  6.8705 -5.4782 14.0454
v  6.8515 -5.4347 14.0299
v  6.9386 -5.4782 13.9526
v  6.9187 -5.4347 13.9381
v  7.1200 -5.4782 13.6647
v  7.0981 -5.4347 13.6534
v  7.1669 -5.4782 13.5623
v  7.1446 -5.4347 13.5521
v  7.2832 -5.4782 13.2547
v  7.2595 -5.4347 13.2479
v  7.3083 -5.4782 13.1495
v  7.2844 -5.4347 13.1438
v  7.3603 -5.4782 12.8422
v  7.3359 -5.4347 12.8399
v  7.3655 -5.4782 12.7401
v  7.3409 -5.4347 12.7389
v  5.2401 -5.4782 -14.8655
v  5.2389 -5.4347 -14.8409
v  5.1378 -5.4782 -14.8698
v  5.1378 -5.4347 -14.8453
v  5.6495 -5.4782 -14.8083
v  5.6438 -5.4347 -14.7844
v  5.5439 -5.4782 -14.8326
v  5.5395 -5.4347 -14.8084
v  6.0624 -5.4782 -14.6668
v  6.0522 -5.4347 -14.6445
v  5.9594 -5.4782 -14.7131
v  5.9503 -5.4347 -14.6903
v  6.4526 -5.4782 -14.4386
v  6.4381 -5.4347 -14.4187
v  6.3592 -5.4782 -14.5060
v  6.3457 -5.4347 -14.4854
v  6.7937 -5.4782 -14.1310
v  6.7754 -5.4347 -14.1145
v  6.7161 -5.4782 -14.2161
v  6.6987 -5.4347 -14.1987
v  7.0633 -5.4782 -13.7621
v  7.0421 -5.4347 -13.7497
v  7.0060 -5.4782 -13.8592
v  6.9854 -5.4347 -13.8457
v  7.2485 -5.4782 -13.3571
v  7.2252 -5.4347 -13.3492
v  7.2131 -5.4782 -13.4594
v  7.1903 -5.4347 -13.4503
v  7.3467 -5.4782 -12.9431
v  7.3224 -5.4347 -12.9397
v  7.3326 -5.4782 -13.0439
v  7.3084 -5.4347 -13.0395
v  5.4431 -5.4782 -14.8467
v  5.4397 -5.4347 -14.8224
v  7.3698 -5.4782 -12.6378
v  7.3453 -5.4347 -12.6378
v  7.3655 -5.4782 -12.7401
v  7.3409 -5.4347 -12.7389
v  -0.0000 -5.4782 -14.8698
v  -0.0000 -5.4347 -14.8453
v  5.3422 -5.4782 -14.8603
v  5.3399 -5.4347 -14.8359
v  5.8571 -5.4782 -14.7485
v  5.8492 -5.4347 -14.7252
v  5.7547 -5.4782 -14.7831
v  5.7479 -5.4347 -14.7595
v  6.2620 -5.4782 -14.5634
v  6.2496 -5.4347 -14.5421
v  6.1647 -5.4782 -14.6199
v  6.1534 -5.4347 -14.5981
v  6.6310 -5.4782 -14.2937
v  6.6145 -5.4347 -14.2754
v  6.5454 -5.4782 -14.3705
v  6.5299 -5.4347 -14.3514
v  6.9386 -5.4782 -13.9526
v  6.9187 -5.4347 -13.9381
v  6.8705 -5.4782 -14.0454
v  6.8514 -5.4347 -14.0298
v  7.1669 -5.4782 -13.5623
v  7.1446 -5.4347 -13.5521
v  7.1199 -5.4782 -13.6647
v  7.0981 -5.4347 -13.6534
v  7.3083 -5.4782 -13.1495
v  7.2844 -5.4347 -13.1438
v  7.2831 -5.4782 -13.2547
v  7.2595 -5.4347 -13.2479
v  7.3603 -5.4782 -12.8422
v  7.3359 -5.4347 -12.8399
v  -5.2401 -5.4782 14.8655
v  -5.2389 -5.4347 14.8409
v  -5.1378 -5.4782 14.8698
v  -5.1378 -5.4347 14.8453
v  -5.6495 -5.4782 14.8083
v  -5.6438 -5.4347 14.7844
v  -5.5439 -5.4782 14.8326
v  -5.5395 -5.4347 14.8084
v  -6.0624 -5.4782 14.6668
v  -6.0522 -5.4347 14.6445
v  -5.9594 -5.4782 14.7131
v  -5.9503 -5.4347 14.6903
v  -6.4526 -5.4782 14.4386
v  -6.4381 -5.4347 14.4187
v  -6.3592 -5.4782 14.5060
v  -6.3457 -5.4347 14.4854
v  -6.7937 -5.4782 14.1310
v  -6.7754 -5.4347 14.1145
v  -6.7161 -5.4782 14.2161
v  -6.6987 -5.4347 14.1987
v  -7.0633 -5.4782 13.7621
v  -7.0421 -5.4347 13.7497
v  -7.0060 -5.4782 13.8592
v  -6.9854 -5.4347 13.8457
v  -7.2485 -5.4782 13.3571
v  -7.2252 -5.4347 13.3492
v  -7.2131 -5.4782 13.4594
v  -7.1903 -5.4347 13.4503
v  -7.3467 -5.4782 12.9431
v  -7.3224 -5.4347 12.9397
v  -7.3326 -5.4782 13.0439
v  -7.3084 -5.4347 13.0395
v  -5.4431 -5.4782 14.8467
v  -5.4397 -5.4347 14.8224
v  -7.3698 -5.4782 12.6378
v  -7.3453 -5.4347 12.6378
v  -7.3655 -5.4782 12.7401
v  -7.3410 -5.4347 12.7389
v  -7.3698 -5.4782 0.0000
v  -7.3452 -5.4347 0.0000
v  -5.3422 -5.4782 14.8603
v  -5.3399 -5.4347 14.8359
v  -5.8571 -5.4782 14.7485
v  -5.8492 -5.4347 14.7252
v  -5.7547 -5.4782 14.7831
v  -5.7479 -5.4347 14.7595
v  -6.2620 -5.4782 14.5634
v  -6.2496 -5.4347 14.5421
v  -6.1647 -5.4782 14.6199
v  -6.1534 -5.4347 14.5980
v  -6.6310 -5.4782 14.2937
v  -6.6145 -5.4347 14.2754
v  -6.5453 -5.4782 14.3705
v  -6.5298 -5.4347 14.3514
v  -6.9386 -5.4782 13.9526
v  -6.9187 -5.4347 13.9381
v  -6.8705 -5.4782 14.0454
v  -6.8515 -5.4347 14.0299
v  -7.1669 -5.4782 13.5623
v  -7.1446 -5.4347 13.5521
v  -7.1200 -5.4782 13.6647
v  -7.0981 -5.4347 13.6534
v  -7.3083 -5.4782 13.1495
v  -7.2844 -5.4347 13.1438
v  -7.2832 -5.4782 13.2547
v  -7.2595 -5.4347 13.2479
v  -7.3604 -5.4782 12.8422
v  -7.3359 -5.4347 12.8399
v  -5.1378 -5.4782 -14.8698
v  -5.1378 -5.4347 -14.8453
v  -5.2401 -5.4782 -14.8655
v  -5.2389 -5.4347 -14.8409
v  -5.5439 -5.4782 -14.8326
v  -5.5395 -5.4347 -14.8084
v  -5.6495 -5.4782 -14.8083
v  -5.6438 -5.4347 -14.7844
v  -5.9594 -5.4782 -14.7131
v  -5.9503 -5.4347 -14.6903
v  -6.0624 -5.4782 -14.6668
v  -6.0522 -5.4347 -14.6445
v  -6.3592 -5.4782 -14.5060
v  -6.3457 -5.4347 -14.4854
v  -6.4526 -5.4782 -14.4386
v  -6.4381 -5.4347 -14.4187
v  -6.7161 -5.4782 -14.2161
v  -6.6987 -5.4347 -14.1987
v  -6.7937 -5.4782 -14.1310
v  -6.7754 -5.4347 -14.1145
v  -7.0060 -5.4782 -13.8592
v  -6.9854 -5.4347 -13.8457
v  -7.0633 -5.4782 -13.7621
v  -7.0421 -5.4347 -13.7497
v  -7.2131 -5.4782 -13.4594
v  -7.1903 -5.4347 -13.4503
v  -7.2485 -5.4782 -13.3571
v  -7.2252 -5.4347 -13.3492
v  -7.3326 -5.4782 -13.0439
v  -7.3084 -5.4347 -13.0395
v  -7.3467 -5.4782 -12.9431
v  -7.3224 -5.4347 -12.9397
v  -5.4431 -5.4782 -14.8467
v  -5.4397 -5.4347 -14.8224
v  -7.3655 -5.4782 -12.7401
v  -7.3410 -5.4347 -12.7389
v  -7.3698 -5.4782 -12.6378
v  -7.3453 -5.4347 -12.6378
v  -5.3422 -5.4782 -14.8603
v  -5.3399 -5.4347 -14.8359
v  -5.7547 -5.4782 -14.7831
v  -5.7479 -5.4347 -14.7595
v  -5.8571 -5.4782 -14.7485
v  -5.8492 -5.4347 -14.7252
v  -6.1647 -5.4782 -14.6199
v  -6.1534 -5.4347 -14.5981
v  -6.2620 -5.4782 -14.5634
v  -6.2496 -5.4347 -14.5421
v  -6.5454 -5.4782 -14.3705
v  -6.5299 -5.4347 -14.3514
v  -6.6310 -5.4782 -14.2937
v  -6.6145 -5.4347 -14.2754
v  -6.8705 -5.4782 -14.0454
v  -6.8514 -5.4347 -14.0298
v  -6.9386 -5.4782 -13.9526
v  -6.9187 -5.4347 -13.9381
v  -7.1199 -5.4782 -13.6647
v  -7.0981 -5.4347 -13.6534
v  -7.1669 -5.4782 -13.5623
v  -7.1446 -5.4347 -13.5521
v  -7.2831 -5.4782 -13.2547
v  -7.2595 -5.4347 -13.2479
v  -7.3083 -5.4782 -13.1495
v  -7.2844 -5.4347 -13.1438
v  -7.3603 -5.4782 -12.8422
v  -7.3359 -5.4347 -12.8399
v  5.4026 -4.9540 14.5538
v  5.4060 -4.9975 14.5781
v  5.4900 -4.9529 14.5412
v  5.4945 -4.9965 14.5653
v  7.0699 -4.9536 12.7265
v  7.0944 -4.9972 12.7276
v  7.0735 -4.9529 12.6378
v  7.0980 -4.9965 12.6378
v  6.9376 -4.9529 13.3503
v  6.9604 -4.9965 13.3594
v  6.9685 -4.9542 13.2617
v  6.9917 -4.9978 13.2696
v  6.7579 -4.9529 13.6970
v  6.7785 -4.9965 13.7105
v  6.8079 -4.9543 13.6130
v  6.8291 -4.9978 13.6254
v  6.5065 -4.9529 14.0065
v  6.5239 -4.9965 14.0239
v  6.5740 -4.9544 13.9329
v  6.5923 -4.9979 13.9494
v  6.1970 -4.9529 14.2579
v  6.2105 -4.9965 14.2785
v  6.2782 -4.9544 14.1997
v  6.2927 -4.9979 14.2196
v  5.8503 -4.9529 14.4376
v  5.8593 -4.9965 14.4604
v  5.9396 -4.9543 14.3978
v  5.9498 -4.9979 14.4201
v  5.5816 -4.9542 14.5204
v  5.5872 -4.9977 14.5443
v  5.7617 -4.9542 14.4685
v  5.7696 -4.9978 14.4918
v  6.1130 -4.9543 14.3079
v  6.1254 -4.9979 14.3291
v  6.4329 -4.9544 14.0740
v  6.4494 -4.9980 14.0923
v  6.6997 -4.9544 13.7782
v  6.7196 -4.9979 13.7927
v  6.8977 -4.9542 13.4396
v  6.9201 -4.9978 13.4498
v  7.0412 -4.9529 12.9900
v  7.0653 -4.9965 12.9945
v  7.0203 -4.9542 13.0816
v  7.0443 -4.9977 13.0872
v  7.0735 -4.9529 0.0000
v  7.0980 -4.9965 0.0000
v  -0.0000 -4.9529 14.5735
v  -0.0000 -4.9965 14.5980
v  5.1378 -4.9529 14.5735
v  5.1378 -4.9965 14.5980
v  5.2265 -4.9536 14.5699
v  5.2276 -4.9972 14.5944
v  5.3151 -4.9530 14.5652
v  5.3173 -4.9965 14.5897
v  7.0537 -4.9539 12.9026
v  7.0781 -4.9975 12.9060
v  7.0652 -4.9530 12.8151
v  7.0897 -4.9965 12.8173
v  6.9981 -4.9532 13.1727
v  7.0217 -4.9967 13.1795
v  6.8565 -4.9532 13.5283
v  6.8784 -4.9967 13.5396
v  6.6403 -4.9532 13.8583
v  6.6594 -4.9967 13.8739
v  6.3583 -4.9532 14.1403
v  6.3739 -4.9967 14.1594
v  6.0283 -4.9532 14.3566
v  6.0396 -4.9967 14.3784
v  5.6727 -4.9532 14.4981
v  5.6795 -4.9967 14.5217
v  5.4900 -4.9529 -14.5412
v  5.4945 -4.9965 -14.5653
v  5.4026 -4.9540 -14.5538
v  5.4060 -4.9975 -14.5781
v  7.0735 -4.9529 -12.6378
v  7.0980 -4.9965 -12.6378
v  7.0699 -4.9536 -12.7265
v  7.0944 -4.9972 -12.7276
v  6.9685 -4.9542 -13.2617
v  6.9917 -4.9978 -13.2696
v  6.9376 -4.9529 -13.3503
v  6.9604 -4.9965 -13.3594
v  6.8079 -4.9543 -13.6130
v  6.8291 -4.9978 -13.6254
v  6.7579 -4.9529 -13.6970
v  6.7785 -4.9965 -13.7105
v  6.5740 -4.9544 -13.9329
v  6.5923 -4.9979 -13.9494
v  6.5065 -4.9529 -14.0065
v  6.5239 -4.9965 -14.0239
v  6.2782 -4.9544 -14.1997
v  6.2927 -4.9979 -14.2196
v  6.1970 -4.9529 -14.2579
v  6.2105 -4.9965 -14.2785
v  5.9396 -4.9543 -14.3978
v  5.9498 -4.9978 -14.4201
v  5.8503 -4.9529 -14.4376
v  5.8593 -4.9965 -14.4604
v  5.5816 -4.9542 -14.5204
v  5.5872 -4.9977 -14.5443
v  5.7617 -4.9542 -14.4685
v  5.7696 -4.9978 -14.4918
v  6.1130 -4.9543 -14.3079
v  6.1254 -4.9979 -14.3291
v  6.4329 -4.9544 -14.0740
v  6.4494 -4.9980 -14.0923
v  6.6997 -4.9544 -13.7782
v  6.7196 -4.9979 -13.7927
v  6.8977 -4.9542 -13.4396
v  6.9201 -4.9978 -13.4498
v  7.0203 -4.9542 -13.0816
v  7.0443 -4.9977 -13.0872
v  7.0412 -4.9529 -12.9900
v  7.0653 -4.9965 -12.9945
v  5.1378 -4.9529 -14.5735
v  5.1378 -4.9965 -14.5980
v  -0.0000 -4.9529 -14.5735
v  -0.0000 -4.9965 -14.5980
v  5.3151 -4.9530 -14.5652
v  5.3173 -4.9965 -14.5897
v  5.2265 -4.9536 -14.5699
v  5.2276 -4.9972 -14.5944
v  7.0652 -4.9530 -12.8151
v  7.0897 -4.9965 -12.8173
v  7.0537 -4.9539 -12.9026
v  7.0781 -4.9975 -12.9060
v  6.9981 -4.9532 -13.1727
v  7.0217 -4.9967 -13.1795
v  6.8565 -4.9532 -13.5283
v  6.8784 -4.9967 -13.5396
v  6.6403 -4.9532 -13.8583
v  6.6594 -4.9967 -13.8739
v  6.3583 -4.9532 -14.1403
v  6.3739 -4.9967 -14.1594
v  6.0283 -4.9532 -14.3566
v  6.0396 -4.9967 -14.3784
v  5.6727 -4.9532 -14.4981
v  5.6795 -4.9967 -14.5217
v  -5.4900 -4.9529 14.5412
v  -5.4945 -4.9965 14.5653
v  -5.4026 -4.9540 14.5538
v  -5.4060 -4.9975 14.5781
v  -7.0735 -4.9529 12.6378
v  -7.0980 -4.9965 12.6378
v  -7.0699 -4.9536 12.7265
v  -7.0944 -4.9972 12.7276
v  -6.9685 -4.9542 13.2617
v  -6.9917 -4.9978 13.2696
v  -6.9376 -4.9529 13.3503
v  -6.9604 -4.9965 13.3594
v  -6.8079 -4.9543 13.6130
v  -6.8291 -4.9978 13.6254
v  -6.7579 -4.9529 13.6970
v  -6.7785 -4.9965 13.7105
v  -6.5740 -4.9544 13.9329
v  -6.5923 -4.9979 13.9494
v  -6.5065 -4.9529 14.0065
v  -6.5239 -4.9965 14.0239
v  -6.2782 -4.9544 14.1997
v  -6.2927 -4.9979 14.2196
v  -6.1970 -4.9529 14.2579
v  -6.2105 -4.9965 14.2785
v  -5.9396 -4.9543 14.3978
v  -5.9498 -4.9979 14.4201
v  -5.8503 -4.9529 14.4376
v  -5.8594 -4.9965 14.4604
v  -5.5816 -4.9542 14.5204
v  -5.5872 -4.9977 14.5443
v  -5.7617 -4.9542 14.4685
v  -5.7696 -4.9978 14.4918
v  -6.1130 -4.9543 14.3079
v  -6.1254 -4.9979 14.3291
v  -6.4329 -4.9544 14.0740
v  -6.4494 -4.9980 14.0923
v  -6.6997 -4.9544 13.7782
v  -6.7196 -4.9979 13.7927
v  -6.8977 -4.9542 13.4396
v  -6.9201 -4.9978 13.4498
v  -7.0203 -4.9542 13.0816
v  -7.0443 -4.9977 13.0872
v  -7.0412 -4.9529 12.9900
v  -7.0653 -4.9965 12.9945
v  -7.0735 -4.9529 0.0000
v  -7.0980 -4.9965 0.0000
v  -5.1378 -4.9529 14.5735
v  -5.1378 -4.9965 14.5980
v  -5.3151 -4.9530 14.5652
v  -5.3173 -4.9965 14.5897
v  -5.2265 -4.9536 14.5699
v  -5.2276 -4.9972 14.5944
v  -7.0652 -4.9530 12.8151
v  -7.0897 -4.9965 12.8173
v  -7.0537 -4.9539 12.9026
v  -7.0781 -4.9975 12.9060
v  -6.9981 -4.9532 13.1727
v  -7.0217 -4.9967 13.1795
v  -6.8565 -4.9532 13.5283
v  -6.8784 -4.9967 13.5396
v  -6.6403 -4.9532 13.8583
v  -6.6594 -4.9967 13.8739
v  -6.3583 -4.9532 14.1403
v  -6.3739 -4.9967 14.1594
v  -6.0283 -4.9532 14.3566
v  -6.0396 -4.9967 14.3784
v  -5.6727 -4.9532 14.4981
v  -5.6795 -4.9967 14.5217
v  -5.4026 -4.9540 -14.5538
v  -5.4060 -4.9975 -14.5781
v  -5.4900 -4.9529 -14.5412
v  -5.4945 -4.9965 -14.5653
v  -7.0699 -4.9536 -12.7265
v  -7.0944 -4.9972 -12.7276
v  -7.0735 -4.9529 -12.6378
v  -7.0980 -4.9965 -12.6378
v  -6.9376 -4.9529 -13.3503
v  -6.9604 -4.9965 -13.3594
v  -6.9685 -4.9542 -13.2617
v  -6.9917 -4.9978 -13.2696
v  -6.7579 -4.9529 -13.6970
v  -6.7785 -4.9965 -13.7105
v  -6.8079 -4.9543 -13.6130
v  -6.8291 -4.9978 -13.6254
v  -6.5065 -4.9529 -14.0065
v  -6.5239 -4.9965 -14.0239
v  -6.5740 -4.9544 -13.9329
v  -6.5923 -4.9979 -13.9494
v  -6.1970 -4.9529 -14.2579
v  -6.2105 -4.9965 -14.2785
v  -6.2782 -4.9544 -14.1997
v  -6.2927 -4.9979 -14.2196
v  -5.8503 -4.9529 -14.4376
v  -5.8594 -4.9965 -14.4604
v  -5.9396 -4.9543 -14.3978
v  -5.9498 -4.9978 -14.4201
v  -5.5816 -4.9542 -14.5204
v  -5.5872 -4.9977 -14.5443
v  -5.7617 -4.9542 -14.4685
v  -5.7696 -4.9978 -14.4918
v  -6.1130 -4.9543 -14.3079
v  -6.1254 -4.9979 -14.3291
v  -6.4329 -4.9544 -14.0740
v  -6.4494 -4.9980 -14.0923
v  -6.6997 -4.9544 -13.7782
v  -6.7196 -4.9979 -13.7927
v  -6.8977 -4.9542 -13.4396
v  -6.9201 -4.9978 -13.4498
v  -7.0412 -4.9529 -12.9900
v  -7.0653 -4.9965 -12.9945
v  -7.0203 -4.9542 -13.0816
v  -7.0443 -4.9977 -13.0872
v  -5.1378 -4.9529 -14.5735
v  -5.1378 -4.9965 -14.5980
v  -5.2265 -4.9536 -14.5699
v  -5.2276 -4.9972 -14.5944
v  -5.3151 -4.9530 -14.5652
v  -5.3173 -4.9965 -14.5897
v  -7.0537 -4.9539 -12.9026
v  -7.0781 -4.9975 -12.9060
v  -7.0652 -4.9530 -12.8151
v  -7.0897 -4.9965 -12.8173
v  -6.9981 -4.9532 -13.1727
v  -7.0217 -4.9967 -13.1795
v  -6.8565 -4.9532 -13.5283
v  -6.8784 -4.9967 -13.5396
v  -6.6403 -4.9532 -13.8583
v  -6.6594 -4.9967 -13.8739
v  -6.3583 -4.9532 -14.1403
v  -6.3739 -4.9967 -14.1594
v  -6.0283 -4.9532 -14.3566
v  -6.0396 -4.9967 -14.3784
v  -5.6727 -4.9532 -14.4981
v  -5.6795 -4.9967 -14.5217
v  -0.0000 -4.9231 -12.6470
v  5.4033 -4.9231 -12.6372
v  5.1603 -4.9231 12.6360
v  -0.0000 -4.9231 -14.7996
v  5.4224 -4.9231 -14.7784
v  5.5590 -4.9231 -14.7569
v  5.6963 -4.9231 -14.7247
v  5.8312 -4.9231 -14.6826
v  5.9644 -4.9231 -14.6337
v  6.0944 -4.9231 -14.5784
v  6.2185 -4.9231 -14.5100
v  6.3399 -4.9231 -14.4367
v  6.4542 -4.9231 -14.3525
v  6.5645 -4.9231 -14.2643
v  6.6664 -4.9231 -14.1664
v  6.7643 -4.9231 -14.0645
v  6.8525 -4.9231 -13.9542
v  6.9367 -4.9231 -13.8399
v  7.0100 -4.9231 -13.7185
v  7.0785 -4.9231 -13.5942
v  7.1354 -4.9231 -13.4642
v  7.1868 -4.9231 -13.3326
v  7.2261 -4.9231 -13.1969
v  7.2599 -4.9231 -13.0597
v  7.2811 -4.9231 -12.9203
v  7.2953 -4.9231 -12.7791
v  7.2998 -4.9231 -12.6364
v  7.2998 -4.9231 12.6360
v  7.2934 -4.9231 12.7785
v  7.2788 -4.9231 12.9198
v  7.2569 -4.9231 13.0592
v  7.2245 -4.9231 13.1961
v  7.1825 -4.9231 13.3312
v  7.1339 -4.9231 13.4638
v  7.0751 -4.9231 13.5924
v  7.0076 -4.9231 13.7170
v  6.9342 -4.9231 13.8384
v  6.8509 -4.9231 13.9525
v  6.7606 -4.9231 14.0618
v  6.6661 -4.9231 14.1666
v  6.5640 -4.9231 14.2615
v  6.4544 -4.9231 14.3495
v  6.3345 -4.9231 14.4370
v  6.2144 -4.9231 14.5091
v  6.0924 -4.9231 14.5754
v  5.9638 -4.9231 14.6340
v  5.8312 -4.9231 14.6826
v  5.6963 -4.9231 14.7247
v  5.5593 -4.9231 14.7569
v  5.4198 -4.9231 14.7788
v  5.2785 -4.9231 14.7934
v  5.1360 -4.9231 14.7998
v  -0.0000 -4.9231 12.6363
v  -5.4264 -4.9231 -12.6372
v  -5.1360 -4.9231 12.6360
v  -5.4224 -4.9231 -14.7784
v  -5.1360 -4.9231 14.7998
v  -0.0000 -4.9231 14.7998
v  -7.2998 -4.9231 -12.6364
v  -7.2998 -4.9231 12.6360
v  -5.5590 -4.9231 -14.7569
v  -5.6963 -4.9231 -14.7247
v  -5.8312 -4.9231 -14.6826
v  -5.9644 -4.9231 -14.6337
v  -6.0944 -4.9231 -14.5784
v  -6.2185 -4.9231 -14.5100
v  -6.3399 -4.9231 -14.4367
v  -6.4542 -4.9231 -14.3525
v  -6.5645 -4.9231 -14.2643
v  -6.6664 -4.9231 -14.1664
v  -6.7643 -4.9231 -14.0645
v  -6.8525 -4.9231 -13.9542
v  -6.9367 -4.9231 -13.8399
v  -7.0100 -4.9231 -13.7185
v  -7.0785 -4.9231 -13.5942
v  -7.1354 -4.9231 -13.4642
v  -7.1868 -4.9231 -13.3326
v  -7.2261 -4.9231 -13.1969
v  -7.2599 -4.9231 -13.0597
v  -7.2811 -4.9231 -12.9203
v  -7.2953 -4.9231 -12.7791
v  -7.2934 -4.9231 12.7785
v  -7.2788 -4.9231 12.9198
v  -7.2569 -4.9231 13.0592
v  -7.2245 -4.9231 13.1961
v  -7.1825 -4.9231 13.3312
v  -7.1339 -4.9231 13.4638
v  -7.0694 -4.9231 13.6056
v  -7.0076 -4.9231 13.7170
v  -6.9342 -4.9231 13.8384
v  -6.8509 -4.9231 13.9525
v  -6.7606 -4.9231 14.0618
v  -6.6661 -4.9231 14.1666
v  -6.5640 -4.9231 14.2615
v  -6.4544 -4.9231 14.3495
v  -6.3345 -4.9231 14.4370
v  -6.2144 -4.9231 14.5091
v  -6.0924 -4.9231 14.5754
v  -5.9638 -4.9231 14.6340
v  -5.8312 -4.9231 14.6826
v  -5.6963 -4.9231 14.7247
v  -5.5593 -4.9231 14.7569
v  -5.4198 -4.9231 14.7788
v  -5.2786 -4.9231 14.7934
v  -0.0000 -4.4902 12.6363
v  -0.0000 -4.4902 -12.6470
v  5.4033 -4.4902 -12.6372
v  5.1603 -4.4902 12.6360
v  -0.0000 -4.4902 -14.7996
v  5.4224 -4.4902 -14.7784
v  5.1360 -4.4902 14.7998
v  -0.0000 -4.4902 14.7998
v  7.2998 -4.4902 -12.6364
v  7.2998 -4.4902 12.6360
v  5.5590 -4.4902 -14.7569
v  5.6963 -4.4902 -14.7247
v  5.8312 -4.4902 -14.6826
v  5.9644 -4.4902 -14.6337
v  6.0944 -4.4902 -14.5784
v  6.2185 -4.4902 -14.5100
v  6.3399 -4.4902 -14.4367
v  6.4542 -4.4902 -14.3525
v  6.5645 -4.4902 -14.2643
v  6.6664 -4.4902 -14.1664
v  6.7643 -4.4902 -14.0645
v  6.8525 -4.4902 -13.9542
v  6.9367 -4.4902 -13.8399
v  7.0100 -4.4902 -13.7185
v  7.0785 -4.4902 -13.5942
v  7.1354 -4.4902 -13.4642
v  7.1868 -4.4902 -13.3326
v  7.2261 -4.4902 -13.1969
v  7.2599 -4.4902 -13.0597
v  7.2811 -4.4902 -12.9203
v  7.2953 -4.4902 -12.7791
v  7.2934 -4.4902 12.7785
v  7.2788 -4.4902 12.9198
v  7.2569 -4.4902 13.0592
v  7.2245 -4.4902 13.1961
v  7.1825 -4.4902 13.3312
v  7.1339 -4.4902 13.4638
v  7.0751 -4.4902 13.5924
v  7.0076 -4.4902 13.7170
v  6.9342 -4.4902 13.8384
v  6.8509 -4.4902 13.9525
v  6.7606 -4.4902 14.0618
v  6.6661 -4.4902 14.1666
v  6.5640 -4.4902 14.2615
v  6.4544 -4.4902 14.3495
v  6.3345 -4.4902 14.4370
v  6.2144 -4.4902 14.5091
v  6.0924 -4.4902 14.5754
v  5.9638 -4.4902 14.6340
v  5.8312 -4.4902 14.6826
v  5.6963 -4.4902 14.7247
v  5.5593 -4.4902 14.7569
v  5.4198 -4.4902 14.7788
v  5.2785 -4.4902 14.7934
v  -5.1360 -4.4902 12.6360
v  -5.4264 -4.4902 -12.6372
v  -5.4224 -4.4902 -14.7784
v  -5.1360 -4.4902 14.7998
v  -7.2998 -4.4902 12.6360
v  -7.2998 -4.4902 -12.6364
v  -5.5590 -4.4902 -14.7569
v  -5.6963 -4.4902 -14.7247
v  -5.8312 -4.4902 -14.6826
v  -5.9644 -4.4902 -14.6337
v  -6.0944 -4.4902 -14.5784
v  -6.2185 -4.4902 -14.5100
v  -6.3399 -4.4902 -14.4367
v  -6.4542 -4.4902 -14.3525
v  -6.5645 -4.4902 -14.2643
v  -6.6664 -4.4902 -14.1664
v  -6.7643 -4.4902 -14.0645
v  -6.8525 -4.4902 -13.9542
v  -6.9367 -4.4902 -13.8399
v  -7.0100 -4.4902 -13.7185
v  -7.0785 -4.4902 -13.5942
v  -7.1354 -4.4902 -13.4642
v  -7.1868 -4.4902 -13.3326
v  -7.2261 -4.4902 -13.1969
v  -7.2599 -4.4902 -13.0597
v  -7.2811 -4.4902 -12.9203
v  -7.2953 -4.4902 -12.7791
v  -7.2934 -4.4902 12.7785
v  -7.2788 -4.4902 12.9198
v  -7.2569 -4.4902 13.0592
v  -7.2245 -4.4902 13.1961
v  -7.1825 -4.4902 13.3312
v  -7.1339 -4.4902 13.4638
v  -7.0694 -4.4902 13.6056
v  -7.0076 -4.4902 13.7170
v  -6.9342 -4.4902 13.8384
v  -6.8509 -4.4902 13.9525
v  -6.7606 -4.4902 14.0618
v  -6.6661 -4.4902 14.1666
v  -6.5640 -4.4902 14.2615
v  -6.4544 -4.4902 14.3495
v  -6.3345 -4.4902 14.4370
v  -6.2144 -4.4902 14.5091
v  -6.0924 -4.4902 14.5754
v  -5.9638 -4.4902 14.6340
v  -5.8312 -4.4902 14.6826
v  -5.6963 -4.4902 14.7247
v  -5.5593 -4.4902 14.7569
v  -5.4198 -4.4902 14.7788
v  -5.2786 -4.4902 14.7934
v  -5.4264 -4.7067 -14.8284
v  -5.5686 -4.7067 -14.8060
v  -6.1163 -4.7067 -14.6234
v  -5.9828 -4.7067 -14.6802
v  -6.3677 -4.7067 -14.4783
v  -6.2435 -4.7067 -14.5533
v  -6.4846 -4.7067 -14.3922
v  -6.8019 -4.7067 -14.0975
v  -6.7017 -4.7067 -14.2017
v  -6.9783 -4.7067 -13.8677
v  -7.2342 -4.7067 -13.3487
v  -7.3090 -4.7067 -13.0695
v  -7.2744 -4.7067 -13.2098
v  -7.3452 -4.7067 -12.7824
v  -7.3308 -4.7067 -12.9266
v  -7.3060 -4.7067 13.0689
v  -7.2299 -4.7067 13.3472
v  -7.1802 -4.7067 13.4828
v  -6.9758 -4.7067 13.8661
v  -6.5967 -4.7067 14.2993
v  -6.7017 -4.7067 14.2017
v  -6.1147 -4.7067 14.6202
v  -5.8472 -4.7067 14.7299
v  -5.9828 -4.7067 14.6802
v  -5.2822 -4.7067 14.8432
v  -5.4263 -4.7067 14.8284
v  -7.3498 -4.7067 -12.6372
v  -5.1372 -4.7067 14.8498
v  7.3498 -4.7067 -12.6372
v  7.2744 -4.7067 -13.2098
v  7.0533 -4.7067 -13.7435
v  6.8922 -4.7067 -13.9846
v  6.4846 -4.7067 -14.3922
v  6.2435 -4.7067 -14.5533
v  5.9828 -4.7067 -14.6802
v  5.7094 -4.7067 -14.7730
v  5.4264 -4.7067 -14.8284
v  5.4263 -4.7067 14.8284
v  5.9828 -4.7067 14.6802
v  6.2392 -4.7067 14.5525
v  6.4848 -4.7067 14.3892
v  6.7017 -4.7067 14.2017
v  6.8904 -4.7067 13.9832
v  7.1802 -4.7067 13.4828
v  7.2727 -4.7067 13.2093
v  7.3284 -4.7067 12.9263
v  7.3498 -4.7067 12.6372
v  7.3060 -4.7067 13.0689
v  6.7984 -4.7067 14.0945
v  6.5967 -4.7067 14.2993
v  6.1147 -4.7067 14.6202
v  5.8472 -4.7067 -14.7299
v  6.1163 -4.7067 -14.6234
v  6.9783 -4.7067 -13.8677
v  7.2342 -4.7067 -13.3487
v  7.3452 -4.7067 -12.7824
v  -0.0000 -4.7067 -14.8498
v  5.5686 -4.7067 -14.8060
v  6.3677 -4.7067 -14.4783
v  6.5975 -4.7067 -14.3019
v  6.8019 -4.7067 -14.0975
v  6.7017 -4.7067 -14.2017
v  7.1234 -4.7067 -13.6163
v  7.1816 -4.7067 -13.4833
v  7.3090 -4.7067 -13.0695
v  7.3308 -4.7067 -12.9266
v  7.3432 -4.7067 12.7822
v  7.2299 -4.7067 13.3472
v  7.1200 -4.7067 13.6145
v  6.9758 -4.7067 13.8661
v  7.0509 -4.7067 13.7420
v  6.3622 -4.7067 14.4787
v  5.8472 -4.7067 14.7299
v  5.5689 -4.7067 14.8060
v  5.7094 -4.7067 14.7730
v  5.2822 -4.7067 14.8432
v  -0.0000 -4.7067 14.8498
v  5.1372 -4.7067 14.8498
v  -5.7094 -4.7067 -14.7730
v  -5.8472 -4.7067 -14.7299
v  -6.5975 -4.7067 -14.3019
v  -6.8922 -4.7067 -13.9846
v  -7.0533 -4.7067 -13.7435
v  -7.1234 -4.7067 -13.6163
v  -7.1816 -4.7067 -13.4833
v  -7.3498 -4.7067 12.6372
v  -7.3432 -4.7067 12.7822
v  -7.3284 -4.7067 12.9263
v  -7.2727 -4.7067 13.2093
v  -7.1141 -4.7067 13.6281
v  -7.0509 -4.7067 13.7420
v  -6.8904 -4.7067 13.9832
v  -6.7984 -4.7067 14.0945
v  -6.4848 -4.7067 14.3892
v  -6.3622 -4.7067 14.4787
v  -6.2392 -4.7067 14.5525
v  -5.7094 -4.7067 14.7730
v  -5.5689 -4.7067 14.8060
v  -0.0000 -4.9231 -14.8498
v  -0.0000 -4.8731 -14.8498
v  5.4264 -4.9231 -14.8284
v  5.4264 -4.8731 -14.8284
v  5.5686 -4.9231 -14.8060
v  5.5686 -4.8731 -14.8060
v  5.7094 -4.9231 -14.7730
v  5.7094 -4.8731 -14.7730
v  5.8472 -4.9231 -14.7299
v  5.8472 -4.8731 -14.7299
v  5.9828 -4.9231 -14.6802
v  5.9828 -4.8731 -14.6802
v  6.1163 -4.9231 -14.6234
v  6.1163 -4.8731 -14.6234
v  6.2435 -4.9231 -14.5533
v  6.2435 -4.8731 -14.5533
v  6.3677 -4.9231 -14.4783
v  6.3677 -4.8731 -14.4783
v  6.4846 -4.9231 -14.3922
v  6.4846 -4.8731 -14.3922
v  6.5975 -4.9231 -14.3019
v  6.5975 -4.8731 -14.3019
v  6.7017 -4.9231 -14.2017
v  6.7017 -4.8731 -14.2017
v  6.8019 -4.9231 -14.0975
v  6.8019 -4.8731 -14.0975
v  6.8922 -4.9231 -13.9846
v  6.8922 -4.8731 -13.9846
v  6.9783 -4.9231 -13.8677
v  6.9783 -4.8731 -13.8677
v  7.0533 -4.9231 -13.7435
v  7.0533 -4.8731 -13.7435
v  7.1234 -4.9231 -13.6163
v  7.1234 -4.8731 -13.6163
v  7.1816 -4.9231 -13.4833
v  7.1816 -4.8731 -13.4833
v  7.2342 -4.9231 -13.3487
v  7.2342 -4.8731 -13.3487
v  7.2744 -4.9231 -13.2098
v  7.2744 -4.8731 -13.2098
v  7.3090 -4.9231 -13.0695
v  7.3090 -4.8731 -13.0695
v  7.3308 -4.9231 -12.9266
v  7.3308 -4.8731 -12.9266
v  7.3452 -4.9231 -12.7824
v  7.3452 -4.8731 -12.7824
v  7.3498 -4.9231 -12.6372
v  7.3498 -4.8731 -12.6372
v  7.3432 -4.9231 12.7822
v  7.3432 -4.8731 12.7822
v  7.3284 -4.9231 12.9263
v  7.3284 -4.8731 12.9263
v  7.3060 -4.9231 13.0689
v  7.3060 -4.8731 13.0689
v  7.2727 -4.9231 13.2093
v  7.2727 -4.8731 13.2093
v  7.2299 -4.9231 13.3472
v  7.2299 -4.8731 13.3472
v  7.1802 -4.9231 13.4828
v  7.1802 -4.8731 13.4828
v  7.1200 -4.9231 13.6145
v  7.1200 -4.8731 13.6145
v  7.0509 -4.9231 13.7420
v  7.0509 -4.8731 13.7420
v  6.9758 -4.9231 13.8661
v  6.9758 -4.8731 13.8661
v  6.8904 -4.9231 13.9832
v  6.8904 -4.8731 13.9832
v  6.7984 -4.9231 14.0945
v  6.7984 -4.8731 14.0945
v  6.7017 -4.9231 14.2017
v  6.7017 -4.8731 14.2017
v  6.5967 -4.9231 14.2993
v  6.5967 -4.8731 14.2993
v  6.4848 -4.9231 14.3892
v  6.4848 -4.8731 14.3892
v  6.3622 -4.9231 14.4787
v  6.3622 -4.8731 14.4787
v  6.2392 -4.9231 14.5525
v  6.2392 -4.8731 14.5525
v  6.1147 -4.9231 14.6202
v  6.1147 -4.8731 14.6202
v  5.9828 -4.9231 14.6802
v  5.9828 -4.8731 14.6802
v  5.8472 -4.9231 14.7299
v  5.8472 -4.8731 14.7299
v  5.7094 -4.9231 14.7730
v  5.7094 -4.8731 14.7730
v  5.5689 -4.9231 14.8060
v  5.5689 -4.8731 14.8060
v  5.4263 -4.9231 14.8284
v  5.4263 -4.8731 14.8284
v  5.2822 -4.9231 14.8432
v  5.2822 -4.8731 14.8432
v  5.1372 -4.9231 14.8498
v  5.1372 -4.8731 14.8498
v  7.3498 -4.9231 12.6372
v  7.3498 -4.8731 12.6372
v  -0.0000 -4.9231 14.8498
v  -0.0000 -4.8731 14.8498
v  -5.4264 -4.9231 -14.8284
v  -5.4264 -4.8731 -14.8284
v  -5.5686 -4.9231 -14.8060
v  -5.5686 -4.8731 -14.8060
v  -5.8472 -4.9231 -14.7299
v  -5.8472 -4.8731 -14.7299
v  -5.7094 -4.9231 -14.7730
v  -5.7094 -4.8731 -14.7730
v  -6.1163 -4.9231 -14.6234
v  -6.1163 -4.8731 -14.6234
v  -5.9828 -4.9231 -14.6802
v  -5.9828 -4.8731 -14.6802
v  -6.3677 -4.9231 -14.4783
v  -6.3677 -4.8731 -14.4783
v  -6.2435 -4.9231 -14.5533
v  -6.2435 -4.8731 -14.5533
v  -6.5975 -4.9231 -14.3019
v  -6.5975 -4.8731 -14.3019
v  -6.4846 -4.9231 -14.3922
v  -6.4846 -4.8731 -14.3922
v  -6.8019 -4.9231 -14.0975
v  -6.8019 -4.8731 -14.0975
v  -6.7017 -4.9231 -14.2017
v  -6.7017 -4.8731 -14.2017
v  -6.9783 -4.9231 -13.8677
v  -6.9783 -4.8731 -13.8677
v  -6.8922 -4.9231 -13.9846
v  -6.8922 -4.8731 -13.9846
v  -7.1234 -4.9231 -13.6163
v  -7.1234 -4.8731 -13.6163
v  -7.0533 -4.9231 -13.7435
v  -7.0533 -4.8731 -13.7435
v  -7.2342 -4.9231 -13.3487
v  -7.2342 -4.8731 -13.3487
v  -7.1816 -4.9231 -13.4833
v  -7.1816 -4.8731 -13.4833
v  -7.3090 -4.9231 -13.0695
v  -7.3090 -4.8731 -13.0695
v  -7.2744 -4.9231 -13.2098
v  -7.2744 -4.8731 -13.2098
v  -7.3452 -4.9231 -12.7824
v  -7.3452 -4.8731 -12.7824
v  -7.3308 -4.9231 -12.9266
v  -7.3308 -4.8731 -12.9266
v  -7.3432 -4.9231 12.7822
v  -7.3432 -4.8731 12.7822
v  -7.3498 -4.9231 12.6372
v  -7.3498 -4.8731 12.6372
v  -7.3060 -4.9231 13.0689
v  -7.3060 -4.8731 13.0689
v  -7.3284 -4.9231 12.9263
v  -7.3284 -4.8731 12.9263
v  -7.2299 -4.9231 13.3472
v  -7.2299 -4.8731 13.3472
v  -7.2727 -4.9231 13.2093
v  -7.2727 -4.8731 13.2093
v  -7.1141 -4.9231 13.6281
v  -7.1141 -4.8731 13.6281
v  -7.1802 -4.9231 13.4828
v  -7.1802 -4.8731 13.4828
v  -6.9758 -4.9231 13.8661
v  -6.9758 -4.8731 13.8661
v  -7.0509 -4.9231 13.7420
v  -7.0509 -4.8731 13.7420
v  -6.7984 -4.9231 14.0945
v  -6.7984 -4.8731 14.0945
v  -6.8904 -4.9231 13.9832
v  -6.8904 -4.8731 13.9832
v  -6.5967 -4.9231 14.2993
v  -6.5967 -4.8731 14.2993
v  -6.7017 -4.9231 14.2017
v  -6.7017 -4.8731 14.2017
v  -6.3622 -4.9231 14.4787
v  -6.3622 -4.8731 14.4787
v  -6.4848 -4.9231 14.3892
v  -6.4848 -4.8731 14.3892
v  -6.1147 -4.9231 14.6202
v  -6.1147 -4.8731 14.6202
v  -6.2392 -4.9231 14.5525
v  -6.2392 -4.8731 14.5525
v  -5.8472 -4.9231 14.7299
v  -5.8472 -4.8731 14.7299
v  -5.9828 -4.9231 14.6802
v  -5.9828 -4.8731 14.6802
v  -5.5689 -4.9231 14.8060
v  -5.5689 -4.8731 14.8060
v  -5.7094 -4.9231 14.7730
v  -5.7094 -4.8731 14.7730
v  -5.2822 -4.9231 14.8432
v  -5.2822 -4.8731 14.8432
v  -5.4263 -4.9231 14.8284
v  -5.4263 -4.8731 14.8284
v  -7.3498 -4.9231 -12.6372
v  -7.3498 -4.8731 -12.6372
v  -5.1372 -4.9231 14.8498
v  -5.1372 -4.8731 14.8498
v  5.4264 -4.4902 -14.8284
v  5.4264 -4.5403 -14.8284
v  -0.0000 -4.4902 -14.8498
v  -0.0000 -4.5402 -14.8498
v  5.5686 -4.4902 -14.8060
v  5.5686 -4.5403 -14.8060
v  5.7094 -4.4902 -14.7730
v  5.7094 -4.5403 -14.7730
v  5.8472 -4.4902 -14.7299
v  5.8472 -4.5403 -14.7299
v  5.9828 -4.4902 -14.6802
v  5.9828 -4.5403 -14.6802
v  6.1163 -4.4902 -14.6234
v  6.1163 -4.5403 -14.6234
v  6.2435 -4.4902 -14.5533
v  6.2435 -4.5403 -14.5533
v  6.3677 -4.4902 -14.4783
v  6.3677 -4.5403 -14.4783
v  6.4846 -4.4902 -14.3922
v  6.4846 -4.5403 -14.3922
v  6.5975 -4.4902 -14.3019
v  6.5975 -4.5403 -14.3019
v  6.7017 -4.4902 -14.2017
v  6.7017 -4.5403 -14.2017
v  6.8019 -4.4902 -14.0975
v  6.8019 -4.5403 -14.0975
v  6.8922 -4.4902 -13.9846
v  6.8922 -4.5403 -13.9846
v  6.9783 -4.4902 -13.8677
v  6.9783 -4.5403 -13.8677
v  7.0533 -4.4902 -13.7435
v  7.0533 -4.5403 -13.7435
v  7.1234 -4.4902 -13.6163
v  7.1234 -4.5403 -13.6163
v  7.1816 -4.4902 -13.4833
v  7.1816 -4.5403 -13.4833
v  7.2342 -4.4902 -13.3487
v  7.2342 -4.5403 -13.3487
v  7.2744 -4.4902 -13.2098
v  7.2744 -4.5403 -13.2098
v  7.3090 -4.4902 -13.0695
v  7.3090 -4.5403 -13.0695
v  7.3308 -4.4902 -12.9266
v  7.3308 -4.5403 -12.9266
v  7.3452 -4.4902 -12.7824
v  7.3452 -4.5403 -12.7824
v  7.3498 -4.4902 -12.6372
v  7.3498 -4.5403 -12.6372
v  7.3498 -4.4902 12.6372
v  7.3498 -4.5402 12.6372
v  7.3432 -4.4902 12.7822
v  7.3432 -4.5402 12.7822
v  7.3284 -4.4902 12.9263
v  7.3284 -4.5402 12.9263
v  7.3060 -4.4902 13.0689
v  7.3060 -4.5402 13.0689
v  7.2727 -4.4902 13.2093
v  7.2727 -4.5402 13.2093
v  7.2299 -4.4902 13.3472
v  7.2299 -4.5402 13.3472
v  7.1802 -4.4902 13.4828
v  7.1802 -4.5402 13.4828
v  7.1200 -4.4902 13.6145
v  7.1200 -4.5402 13.6145
v  7.0509 -4.4902 13.7420
v  7.0509 -4.5402 13.7420
v  6.9758 -4.4902 13.8661
v  6.9758 -4.5402 13.8661
v  6.8904 -4.4902 13.9832
v  6.8904 -4.5402 13.9832
v  6.7984 -4.4902 14.0945
v  6.7984 -4.5402 14.0945
v  6.7017 -4.4902 14.2017
v  6.7017 -4.5402 14.2017
v  6.5967 -4.4902 14.2993
v  6.5967 -4.5402 14.2993
v  6.4848 -4.4902 14.3892
v  6.4848 -4.5402 14.3892
v  6.3622 -4.4902 14.4787
v  6.3622 -4.5402 14.4787
v  6.2392 -4.4902 14.5525
v  6.2392 -4.5402 14.5525
v  6.1147 -4.4902 14.6202
v  6.1147 -4.5402 14.6202
v  5.9828 -4.4902 14.6802
v  5.9828 -4.5402 14.6802
v  5.8472 -4.4902 14.7299
v  5.8472 -4.5402 14.7299
v  5.7094 -4.4902 14.7730
v  5.7094 -4.5402 14.7730
v  5.5689 -4.4902 14.8060
v  5.5689 -4.5402 14.8060
v  5.4263 -4.4902 14.8284
v  5.4263 -4.5402 14.8284
v  5.2822 -4.4902 14.8432
v  5.2822 -4.5402 14.8432
v  5.1372 -4.4902 14.8498
v  5.1372 -4.5402 14.8498
v  -0.0000 -4.4902 14.8498
v  -0.0000 -4.5402 14.8498
v  -5.4264 -4.4902 -14.8284
v  -5.4264 -4.5402 -14.8284
v  -5.5686 -4.4902 -14.8060
v  -5.5686 -4.5402 -14.8060
v  -5.7094 -4.4902 -14.7730
v  -5.7094 -4.5402 -14.7730
v  -5.8472 -4.4902 -14.7299
v  -5.8472 -4.5402 -14.7299
v  -5.9828 -4.4902 -14.6802
v  -5.9828 -4.5402 -14.6802
v  -6.1163 -4.4902 -14.6234
v  -6.1163 -4.5402 -14.6234
v  -6.2435 -4.4902 -14.5533
v  -6.2435 -4.5402 -14.5533
v  -6.3677 -4.4902 -14.4783
v  -6.3677 -4.5402 -14.4783
v  -6.4846 -4.4902 -14.3922
v  -6.4846 -4.5402 -14.3922
v  -6.5975 -4.4902 -14.3019
v  -6.5975 -4.5402 -14.3019
v  -6.7017 -4.4902 -14.2017
v  -6.7017 -4.5402 -14.2017
v  -6.8019 -4.4902 -14.0975
v  -6.8019 -4.5402 -14.0975
v  -6.8922 -4.4902 -13.9846
v  -6.8922 -4.5402 -13.9846
v  -6.9783 -4.4902 -13.8677
v  -6.9783 -4.5402 -13.8677
v  -7.0533 -4.4902 -13.7435
v  -7.0533 -4.5402 -13.7435
v  -7.1234 -4.4902 -13.6163
v  -7.1234 -4.5402 -13.6163
v  -7.1816 -4.4902 -13.4833
v  -7.1816 -4.5402 -13.4833
v  -7.2342 -4.4902 -13.3487
v  -7.2342 -4.5402 -13.3487
v  -7.2744 -4.4902 -13.2098
v  -7.2744 -4.5402 -13.2098
v  -7.3090 -4.4902 -13.0695
v  -7.3090 -4.5402 -13.0695
v  -7.3308 -4.4902 -12.9266
v  -7.3308 -4.5402 -12.9266
v  -7.3452 -4.4902 -12.7824
v  -7.3452 -4.5402 -12.7824
v  -7.3498 -4.4902 -12.6372
v  -7.3498 -4.5402 -12.6372
v  -7.3498 -4.4902 12.6372
v  -7.3498 -4.5402 12.6372
v  -7.3432 -4.4902 12.7822
v  -7.3432 -4.5402 12.7822
v  -7.3284 -4.4902 12.9263
v  -7.3284 -4.5402 12.9263
v  -7.3060 -4.4902 13.0689
v  -7.3060 -4.5402 13.0689
v  -7.2727 -4.4902 13.2093
v  -7.2727 -4.5402 13.2093
v  -7.2299 -4.4902 13.3472
v  -7.2299 -4.5402 13.3472
v  -7.1802 -4.4902 13.4828
v  -7.1802 -4.5402 13.4828
v  -7.1141 -4.4902 13.6281
v  -7.1141 -4.5402 13.6281
v  -7.0509 -4.4902 13.7420
v  -7.0509 -4.5402 13.7420
v  -6.9758 -4.4902 13.8661
v  -6.9758 -4.5402 13.8661
v  -6.8904 -4.4902 13.9832
v  -6.8904 -4.5402 13.9832
v  -6.7984 -4.4902 14.0945
v  -6.7984 -4.5402 14.0945
v  -6.7017 -4.4902 14.2017
v  -6.7017 -4.5402 14.2017
v  -6.5967 -4.4902 14.2993
v  -6.5967 -4.5402 14.2993
v  -6.4848 -4.4902 14.3892
v  -6.4848 -4.5402 14.3892
v  -6.3622 -4.4902 14.4787
v  -6.3622 -4.5402 14.4787
v  -6.2392 -4.4902 14.5525
v  -6.2392 -4.5402 14.5525
v  -6.1147 -4.4902 14.6202
v  -6.1147 -4.5402 14.6202
v  -5.9828 -4.4902 14.6802
v  -5.9828 -4.5402 14.6802
v  -5.8472 -4.4902 14.7299
v  -5.8472 -4.5402 14.7299
v  -5.7094 -4.4902 14.7730
v  -5.7094 -4.5402 14.7730
v  -5.5689 -4.4902 14.8060
v  -5.5689 -4.5402 14.8060
v  -5.4263 -4.4902 14.8284
v  -5.4263 -4.5402 14.8284
v  -5.2822 -4.4902 14.8432
v  -5.2822 -4.5402 14.8432
v  -5.1372 -4.4902 14.8498
v  -5.1372 -4.5402 14.8498
v  6.4568 -0.0000 12.6100
v  6.4568 -0.0000 -12.6100
v  -6.4616 0.0000 -12.6100
v  -6.4616 0.0000 12.6100
v  6.5068 -0.0500 12.6600
v  6.4568 -0.0500 12.6600
v  6.5068 -0.0500 12.6100
v  6.5068 -4.7033 12.6600
v  6.5068 -4.7033 12.6100
v  6.4568 -4.7033 12.6600
v  6.5068 -4.7033 -12.6600
v  6.4568 -4.7033 -12.6600
v  6.5068 -4.7033 -12.6100
v  6.5068 -0.0500 -12.6600
v  6.5068 -0.0500 -12.6100
v  6.4568 -0.0500 -12.6600
v  -6.5116 -0.0500 -12.6600
v  -6.4616 -0.0500 -12.6600
v  -6.5116 -0.0500 -12.6100
v  -6.5116 -4.7033 -12.6600
v  -6.5116 -4.7033 -12.6100
v  -6.4616 -4.7033 -12.6600
v  -6.5116 -4.7033 12.6600
v  -6.4616 -4.7033 12.6600
v  -6.5116 -4.7033 12.6100
v  -6.5116 -0.0500 12.6600
v  -6.5116 -0.0500 12.6100
v  -6.4616 -0.0500 12.6600
v  6.5068 -0.0000 -12.6100
v  6.5068 -0.0000 -12.6600
v  6.4568 -0.0000 -12.6600
v  6.5068 -0.0000 12.6600
v  6.4568 -0.0000 12.6600
v  6.5068 -0.0000 12.6100
v  -6.5116 0.0000 12.6600
v  -6.5116 0.0000 12.6100
v  -6.4616 0.0000 12.6600
v  -6.5116 0.0000 -12.6600
v  -6.4616 0.0000 -12.6600
v  -6.5116 0.0000 -12.6100
v  6.5068 -4.7533 12.6600
v  6.5068 -4.7533 12.6100
v  6.4568 -4.7533 12.6600
v  6.5068 -4.7533 -12.6600
v  6.4568 -4.7533 -12.6600
v  6.5068 -4.7533 -12.6100
v  -6.5116 -4.7533 -12.6600
v  -6.5116 -4.7533 -12.6100
v  -6.4616 -4.7533 -12.6600
v  -6.5116 -4.7533 12.6600
v  -6.4616 -4.7533 12.6600
v  -6.5116 -4.7533 12.6100
v  6.4568 -4.7533 -12.6100
v  6.4568 -4.7533 12.6100
v  -6.4616 -4.7533 12.6100
v  -6.4616 -4.7533 -12.6100
# 4834 vertices

o 35569
g 35569
usemtl wire_086086086
s 1
f 5 8 7 6 
f 9 10 8 5 
f 11 12 10 9 
f 3537 3539 12 11 
f 13 6 7 14 
f 15 13 14 16 
f 15 16 18 17 
f 19 3541 3543 20 
f 21 3545 3547 22 
f 23 3549 3551 24 
f 25 3553 3555 26 
f 27 3557 3559 28 
f 29 3561 3563 30 
f 31 3565 3567 32 
f 33 31 32 34 
f 35 33 34 36 
f 35 36 38 37 
f 39 37 38 40 
f 41 39 40 42 
f 43 41 42 44 
f 45 48 47 46 
f 48 45 50 49 
f 51 54 53 52 
f 55 58 57 56 
f 59 62 61 60 
f 63 66 65 64 
f 41 68 67 39 
f 39 67 69 37 
f 37 69 70 35 
f 35 70 71 33 
f 33 71 72 31 
f 48 49 74 73 
f 73 74 76 75 
f 75 76 78 77 
f 77 78 80 79 
f 79 80 81 29 
f 82 85 84 83 
f 83 84 87 86 
f 86 87 89 88 
f 88 89 91 90 
f 90 91 92 27 
f 54 95 94 93 
f 93 94 97 96 
f 96 97 99 98 
f 98 99 101 100 
f 100 101 102 25 
f 58 105 104 103 
f 103 104 107 106 
f 106 107 109 108 
f 108 109 111 110 
f 110 111 112 23 
f 62 115 114 113 
f 113 114 117 116 
f 116 117 119 118 
f 118 119 121 120 
f 120 121 122 21 
f 3542 3578 3810 3812 
f 3570 3606 3814 3816 
f 3818 3820 3564 3562 
f 3822 3824 3560 3558 
f 3826 3828 3556 3554 
f 3830 3832 3552 3550 
f 3834 3836 3548 3546 
f 3812 3838 3544 3542 
f 123 126 125 124 
f 127 123 124 128 
f 3833 3839 130 129 
f 3829 3841 132 131 
f 3825 3843 134 133 
f 3821 3845 136 135 
f 3817 3847 138 137 
f 3849 3851 140 139 
f 3815 3813 142 141 
f 143 141 142 144 
f 145 143 144 146 
f 145 146 148 147 
f 139 140 150 149 
f 149 150 152 151 
f 151 152 154 153 
f 137 138 156 155 
f 155 156 158 157 
f 157 158 160 159 
f 135 136 162 161 
f 161 162 164 163 
f 163 164 166 165 
f 133 134 168 167 
f 167 168 170 169 
f 169 170 172 171 
f 131 132 174 173 
f 173 174 176 175 
f 175 176 178 177 
f 129 130 180 179 
f 179 180 182 181 
f 181 182 184 183 
f 185 3811 3809 186 
f 187 190 189 188 
f 191 260 1689 872 
f 192 17 18 193 
f 43 44 195 194 
f 45 46 197 196 
f 556 309 199 198 
f 51 52 201 200 
f 55 56 203 202 
f 59 60 205 204 
f 63 64 207 206 
f 208 209 1974 4 
f 210 213 212 211 
f 209 208 215 214 
f 217 216 568 570 
f 219 218 572 574 
f 221 220 576 578 
f 223 222 580 582 
f 225 224 584 586 
f 227 226 588 590 
f 228 229 1123 1124 
f 593 873 1126 636 
f 591 589 638 640 
f 587 585 642 644 
f 595 597 646 648 
f 583 581 650 652 
f 579 577 654 656 
f 575 573 658 660 
f 571 569 662 664 
f 599 601 666 668 
f 599 668 634 2045 
f 230 231 702 704 
f 708 233 232 706 
f 710 712 235 234 
f 714 716 237 236 
f 718 720 239 238 
f 722 724 241 240 
f 726 728 243 242 
f 704 730 244 230 
f 246 245 727 725 
f 248 247 715 713 
f 250 249 669 635 
f 252 251 731 733 
f 725 735 253 246 
f 717 737 255 254 
f 713 739 256 248 
f 741 743 258 257 
f 708 1219 874 233 
f 3816 3854 3572 3570 
f 147 879 880 145 
f 145 880 881 143 
f 143 881 882 141 
f 141 882 3853 3815 
f 3856 3858 3538 3574 
f 2110 1 266 126 
f 2112 2110 126 123 
f 267 2112 123 127 
f 267 127 3857 3855 
f 3573 3537 11 867 
f 2113 867 11 9 
f 2 2113 9 5 
f 868 2 5 6 
f 2114 868 6 13 
f 869 2114 13 15 
f 869 15 17 2115 
f 268 2115 17 192 
f 2116 252 733 2117 
f 3 870 734 269 
f 270 273 272 271 
f 274 275 273 270 
f 276 277 275 274 
f 3575 3577 277 276 
f 271 272 279 278 
f 278 279 281 280 
f 280 281 283 282 
f 3579 3581 122 284 
f 3583 3585 112 285 
f 3587 3589 102 286 
f 3591 3593 92 287 
f 3595 3597 81 288 
f 3599 3601 72 289 
f 3603 3605 291 290 
f 290 291 293 292 
f 292 293 295 294 
f 294 295 297 296 
f 296 297 299 298 
f 298 299 301 300 
f 300 301 303 302 
f 304 68 306 305 
f 307 310 309 308 
f 311 85 313 312 
f 314 95 316 315 
f 317 105 319 318 
f 320 115 322 321 
f 304 47 324 323 
f 323 324 326 325 
f 325 326 328 327 
f 327 328 330 329 
f 329 330 30 289 
f 307 308 332 331 
f 331 332 334 333 
f 333 334 336 335 
f 335 336 338 337 
f 337 338 28 288 
f 311 53 340 339 
f 339 340 342 341 
f 341 342 344 343 
f 343 344 346 345 
f 345 346 26 287 
f 314 57 348 347 
f 347 348 350 349 
f 349 350 352 351 
f 351 352 354 353 
f 353 354 24 286 
f 317 61 356 355 
f 355 356 358 357 
f 357 358 360 359 
f 359 360 362 361 
f 361 362 22 285 
f 320 65 364 363 
f 363 364 366 365 
f 365 366 368 367 
f 367 368 370 369 
f 369 370 20 284 
f 3576 3540 3860 3862 
f 3604 3568 3864 3866 
f 3868 3852 3602 3600 
f 3870 3848 3598 3596 
f 3872 3846 3594 3592 
f 3874 3844 3590 3588 
f 3876 3842 3586 3584 
f 3878 3840 3582 3580 
f 371 190 373 372 
f 372 373 186 374 
f 3877 3837 376 375 
f 3875 3835 378 377 
f 3873 3831 380 379 
f 3871 3827 382 381 
f 3869 3823 384 383 
f 3867 3819 386 385 
f 3865 3863 388 387 
f 387 388 390 389 
f 389 390 392 391 
f 391 392 394 393 
f 385 386 396 395 
f 395 396 398 397 
f 397 398 400 399 
f 383 384 402 401 
f 401 402 404 403 
f 403 404 406 405 
f 381 382 408 407 
f 407 408 410 409 
f 409 410 412 411 
f 379 380 414 413 
f 413 414 416 415 
f 415 416 418 417 
f 377 378 420 419 
f 419 420 422 421 
f 421 422 424 423 
f 375 376 426 425 
f 425 426 428 427 
f 427 428 430 429 
f 3861 3859 128 374 
f 371 125 432 431 
f 282 283 434 433 
f 302 303 436 435 
f 305 306 438 437 
f 310 50 440 439 
f 312 313 442 441 
f 315 316 444 443 
f 318 319 446 445 
f 321 322 448 447 
f 449 452 451 450 
f 453 456 455 454 
f 457 460 459 458 
f 461 464 463 462 
f 465 468 467 466 
f 469 472 471 470 
f 473 476 475 474 
f 477 480 479 478 
f 603 605 670 672 
f 607 609 674 676 
f 611 613 678 680 
f 615 617 682 684 
f 619 621 686 688 
f 623 625 690 692 
f 627 629 694 696 
f 631 633 698 700 
f 481 482 732 746 
f 483 484 748 750 
f 752 744 486 485 
f 754 756 488 487 
f 758 740 490 489 
f 760 738 492 491 
f 762 764 494 493 
f 766 736 496 495 
f 691 689 498 497 
f 679 677 500 499 
f 749 747 502 501 
f 699 697 504 503 
f 765 729 506 505 
f 759 723 508 507 
f 757 719 510 509 
f 751 711 512 511 
f 767 814 513 871 
f 775 884 883 514 
f 823 779 516 515 
f 866 827 518 517 
f 833 829 520 519 
f 785 781 522 521 
f 839 835 524 523 
f 791 787 526 525 
f 845 841 528 527 
f 797 793 530 529 
f 851 847 532 531 
f 803 799 534 533 
f 857 853 536 535 
f 809 805 538 537 
f 863 859 540 539 
f 769 811 542 541 
f 817 773 544 543 
f 814 821 545 513 
f 871 513 266 1 
f 514 883 879 147 
f 515 516 148 393 
f 517 518 394 153 
f 519 520 154 399 
f 521 522 400 159 
f 523 524 160 405 
f 525 526 406 165 
f 527 528 166 411 
f 529 530 412 171 
f 531 532 172 417 
f 533 534 418 177 
f 535 536 178 423 
f 537 538 424 183 
f 539 540 184 429 
f 541 542 430 188 
f 543 544 189 431 
f 513 545 432 266 
f 8 270 271 7 
f 10 274 270 8 
f 12 276 274 10 
f 3539 3575 276 12 
f 7 271 278 14 
f 14 278 280 16 
f 16 280 282 18 
f 3543 3579 284 20 
f 3547 3583 285 22 
f 3551 3587 286 24 
f 3555 3591 287 26 
f 3559 3595 288 28 
f 3563 3599 289 30 
f 3567 3603 290 32 
f 32 290 292 34 
f 34 292 294 36 
f 36 294 296 38 
f 38 296 298 40 
f 40 298 300 42 
f 42 300 302 44 
f 47 304 305 46 
f 49 50 310 307 
f 53 311 312 52 
f 57 314 315 56 
f 61 317 318 60 
f 65 320 321 64 
f 68 304 323 67 
f 67 323 325 69 
f 69 325 327 70 
f 70 327 329 71 
f 71 329 289 72 
f 49 307 331 74 
f 74 331 333 76 
f 76 333 335 78 
f 78 335 337 80 
f 80 337 288 81 
f 85 311 339 84 
f 84 339 341 87 
f 87 341 343 89 
f 89 343 345 91 
f 91 345 287 92 
f 95 314 347 94 
f 94 347 349 97 
f 97 349 351 99 
f 99 351 353 101 
f 101 353 286 102 
f 105 317 355 104 
f 104 355 357 107 
f 107 357 359 109 
f 109 359 361 111 
f 111 361 285 112 
f 115 320 363 114 
f 114 363 365 117 
f 117 365 367 119 
f 119 367 369 121 
f 121 369 284 122 
f 3578 3576 3862 3810 
f 3606 3604 3866 3814 
f 3820 3868 3600 3564 
f 3824 3870 3596 3560 
f 3828 3872 3592 3556 
f 3832 3874 3588 3552 
f 3836 3876 3584 3548 
f 3838 3878 3580 3544 
f 125 371 372 124 
f 124 372 374 128 
f 3839 3877 375 130 
f 3841 3875 377 132 
f 3843 3873 379 134 
f 3845 3871 381 136 
f 3847 3869 383 138 
f 3851 3867 385 140 
f 3813 3865 387 142 
f 142 387 389 144 
f 144 389 391 146 
f 146 391 393 148 
f 140 385 395 150 
f 150 395 397 152 
f 152 397 399 154 
f 138 383 401 156 
f 156 401 403 158 
f 158 403 405 160 
f 136 381 407 162 
f 162 407 409 164 
f 164 409 411 166 
f 134 379 413 168 
f 168 413 415 170 
f 170 415 417 172 
f 132 377 419 174 
f 174 419 421 176 
f 176 421 423 178 
f 130 375 425 180 
f 180 425 427 182 
f 182 427 429 184 
f 3809 3861 374 186 
f 190 371 431 189 
f 18 282 433 193 
f 44 302 435 195 
f 46 305 437 197 
f 309 310 439 199 
f 52 312 441 201 
f 56 315 443 203 
f 60 318 445 205 
f 64 321 447 207 
f 211 212 452 449 
f 214 215 456 453 
f 216 546 460 457 
f 218 547 464 461 
f 220 548 468 465 
f 222 549 472 469 
f 224 550 476 473 
f 226 551 480 477 
f 589 603 672 638 
f 585 607 676 642 
f 597 611 680 646 
f 581 615 684 650 
f 577 619 688 654 
f 573 623 692 658 
f 569 627 696 662 
f 601 631 700 666 
f 231 481 746 702 
f 232 483 750 706 
f 712 752 485 235 
f 716 754 487 237 
f 720 758 489 239 
f 724 760 491 241 
f 728 762 493 243 
f 730 766 495 244 
f 657 691 497 245 
f 645 679 499 247 
f 705 749 501 249 
f 665 699 503 251 
f 735 765 505 253 
f 737 759 507 255 
f 739 757 509 256 
f 743 751 511 258 
f 273 553 552 272 
f 275 554 553 273 
f 277 19 554 275 
f 3577 3541 19 277 
f 272 552 555 279 
f 279 555 66 281 
f 281 66 63 283 
f 3581 3545 21 122 
f 3585 3549 23 112 
f 3589 3553 25 102 
f 3593 3557 27 92 
f 3597 3561 29 81 
f 3601 3565 31 72 
f 3605 3569 265 291 
f 291 265 264 293 
f 293 264 263 295 
f 295 263 262 297 
f 297 262 261 299 
f 299 261 259 301 
f 301 259 260 303 
f 68 41 43 306 
f 308 309 556 82 
f 85 82 556 313 
f 95 54 51 316 
f 105 58 55 319 
f 115 62 59 322 
f 47 48 73 324 
f 324 73 75 326 
f 326 75 77 328 
f 328 77 79 330 
f 330 79 29 30 
f 308 82 83 332 
f 332 83 86 334 
f 334 86 88 336 
f 336 88 90 338 
f 338 90 27 28 
f 53 54 93 340 
f 340 93 96 342 
f 342 96 98 344 
f 344 98 100 346 
f 346 100 25 26 
f 57 58 103 348 
f 348 103 106 350 
f 350 106 108 352 
f 352 108 110 354 
f 354 110 23 24 
f 61 62 113 356 
f 356 113 116 358 
f 358 116 118 360 
f 360 118 120 362 
f 362 120 21 22 
f 65 66 555 364 
f 364 555 552 366 
f 366 552 553 368 
f 368 553 554 370 
f 370 554 19 20 
f 3540 3538 3858 3860 
f 3568 3566 3850 3864 
f 3852 3850 3566 3602 
f 3848 3818 3562 3598 
f 3846 3822 3558 3594 
f 3844 3826 3554 3590 
f 3842 3830 3550 3586 
f 3840 3834 3546 3582 
f 190 187 557 373 
f 373 557 185 186 
f 3837 3811 185 376 
f 3835 3833 129 378 
f 3831 3829 131 380 
f 3827 3825 133 382 
f 3823 3821 135 384 
f 3819 3817 137 386 
f 3863 3849 139 388 
f 388 139 149 390 
f 390 149 151 392 
f 392 151 153 394 
f 386 137 155 396 
f 396 155 157 398 
f 398 157 159 400 
f 384 135 161 402 
f 402 161 163 404 
f 404 163 165 406 
f 382 133 167 408 
f 408 167 169 410 
f 410 169 171 412 
f 380 131 173 414 
f 414 173 175 416 
f 416 175 177 418 
f 378 129 179 420 
f 420 179 181 422 
f 422 181 183 424 
f 376 185 557 426 
f 426 557 187 428 
f 428 187 188 430 
f 3859 3857 127 128 
f 125 126 266 432 
f 283 63 206 434 
f 303 260 191 436 
f 306 43 194 438 
f 50 45 196 440 
f 313 556 198 442 
f 316 51 200 444 
f 319 55 202 446 
f 322 59 204 448 
f 450 451 558 225 
f 454 455 559 217 
f 458 459 560 219 
f 462 463 561 221 
f 466 467 562 223 
f 470 471 213 210 
f 474 475 563 227 
f 478 479 229 228 
f 605 593 636 670 
f 609 591 640 674 
f 613 587 644 678 
f 617 595 648 682 
f 621 583 652 686 
f 625 579 656 690 
f 629 575 660 694 
f 633 571 664 698 
f 482 269 734 732 
f 484 564 742 748 
f 744 742 564 486 
f 756 710 234 488 
f 740 714 236 490 
f 738 718 238 492 
f 764 722 240 494 
f 736 726 242 496 
f 689 655 565 498 
f 677 643 566 500 
f 747 741 257 502 
f 697 663 567 504 
f 729 703 567 506 
f 723 721 565 508 
f 719 717 254 510 
f 711 709 566 512 
f 779 775 514 516 
f 827 823 515 518 
f 829 866 517 520 
f 781 833 519 522 
f 835 785 521 524 
f 787 839 523 526 
f 841 791 525 528 
f 793 845 527 530 
f 847 797 529 532 
f 799 851 531 534 
f 853 803 533 536 
f 805 857 535 538 
f 859 809 537 540 
f 811 863 539 542 
f 773 769 541 544 
f 821 817 543 545 
f 516 514 147 148 
f 518 515 393 394 
f 520 517 153 154 
f 522 519 399 400 
f 524 521 159 160 
f 526 523 405 406 
f 528 525 165 166 
f 530 527 411 412 
f 532 529 171 172 
f 534 531 417 418 
f 536 533 177 178 
f 538 535 423 424 
f 540 537 183 184 
f 542 539 429 430 
f 544 541 188 189 
f 545 543 431 432 
f 246 659 657 245 
f 248 647 645 247 
f 250 707 705 249 
f 252 667 665 251 
f 253 693 659 246 
f 255 685 651 254 
f 256 681 647 248 
f 258 673 639 257 
f 2116 2542 667 252 
f 498 763 761 497 
f 500 755 753 499 
f 502 637 671 501 
f 504 701 745 503 
f 506 661 695 505 
f 508 653 687 507 
f 510 649 683 509 
f 512 641 675 511 
f 497 761 727 245 
f 499 753 715 247 
f 501 671 669 249 
f 503 745 731 251 
f 505 695 693 253 
f 507 687 685 255 
f 509 683 681 256 
f 511 675 673 258 
f 565 721 763 498 
f 566 709 755 500 
f 257 639 637 502 
f 567 703 701 504 
f 567 663 661 506 
f 565 655 653 508 
f 254 651 649 510 
f 566 643 641 512 
f 209 598 2560 1974 
f 211 596 594 210 
f 214 600 598 209 
f 217 559 546 216 
f 219 560 547 218 
f 221 561 548 220 
f 223 562 549 222 
f 225 558 550 224 
f 227 563 551 226 
f 450 612 610 449 
f 454 632 630 453 
f 458 628 626 457 
f 462 624 622 461 
f 466 620 618 465 
f 470 616 614 469 
f 474 608 606 473 
f 478 604 602 477 
f 449 610 596 211 
f 453 630 600 214 
f 457 626 568 216 
f 461 622 572 218 
f 465 618 576 220 
f 469 614 580 222 
f 473 606 584 224 
f 477 602 588 226 
f 225 586 612 450 
f 217 570 632 454 
f 219 574 628 458 
f 221 578 624 462 
f 223 582 620 466 
f 210 594 616 470 
f 227 590 608 474 
f 228 592 604 478 
f 193 215 208 192 
f 195 551 563 194 
f 197 550 558 196 
f 199 212 213 198 
f 201 549 562 200 
f 203 548 561 202 
f 205 547 560 204 
f 207 546 559 206 
f 192 208 4 268 
f 434 455 456 433 
f 436 479 480 435 
f 438 475 476 437 
f 440 451 452 439 
f 442 471 472 441 
f 444 467 468 443 
f 446 463 464 445 
f 448 459 460 447 
f 433 456 215 193 
f 435 480 551 195 
f 437 476 550 197 
f 439 452 212 199 
f 441 472 549 201 
f 443 468 548 203 
f 445 464 547 205 
f 447 460 546 207 
f 206 559 455 434 
f 191 229 479 436 
f 194 563 475 438 
f 196 558 451 440 
f 198 213 471 442 
f 200 562 467 444 
f 202 561 463 446 
f 204 560 459 448 
f 230 770 772 231 
f 233 776 778 232 
f 235 782 784 234 
f 237 788 790 236 
f 239 794 796 238 
f 241 800 802 240 
f 243 806 808 242 
f 244 812 770 230 
f 269 815 2597 3 
f 481 818 820 482 
f 483 824 826 484 
f 486 830 832 485 
f 488 836 838 487 
f 490 842 844 489 
f 492 848 850 491 
f 494 854 856 493 
f 496 860 862 495 
f 231 772 818 481 
f 232 778 824 483 
f 485 832 782 235 
f 487 838 788 237 
f 489 844 794 239 
f 491 850 800 241 
f 493 856 806 243 
f 495 862 812 244 
f 482 820 815 269 
f 484 826 865 564 
f 564 865 830 486 
f 234 784 836 488 
f 236 790 842 490 
f 238 796 848 492 
f 240 802 854 494 
f 242 808 860 496 
f 589 591 590 588 
f 585 587 586 584 
f 597 595 594 596 
f 581 583 582 580 
f 577 579 578 576 
f 573 575 574 572 
f 569 571 570 568 
f 601 599 598 600 
f 599 2045 2560 598 
f 605 603 602 604 
f 609 607 606 608 
f 613 611 610 612 
f 617 615 614 616 
f 621 619 618 620 
f 625 623 622 624 
f 629 627 626 628 
f 633 631 630 632 
f 603 589 588 602 
f 607 585 584 606 
f 611 597 596 610 
f 615 581 580 614 
f 619 577 576 618 
f 623 573 572 622 
f 627 569 568 626 
f 631 601 600 630 
f 593 605 604 592 
f 591 609 608 590 
f 587 613 612 586 
f 595 617 616 594 
f 583 621 620 582 
f 579 625 624 578 
f 575 629 628 574 
f 571 633 632 570 
f 636 1126 1723 635 
f 640 638 637 639 
f 644 642 641 643 
f 648 646 645 647 
f 652 650 649 651 
f 656 654 653 655 
f 660 658 657 659 
f 664 662 661 663 
f 668 666 665 667 
f 634 668 667 2542 
f 672 670 669 671 
f 676 674 673 675 
f 680 678 677 679 
f 684 682 681 683 
f 688 686 685 687 
f 692 690 689 691 
f 696 694 693 695 
f 700 698 697 699 
f 638 672 671 637 
f 642 676 675 641 
f 646 680 679 645 
f 650 684 683 649 
f 654 688 687 653 
f 658 692 691 657 
f 662 696 695 661 
f 666 700 699 665 
f 670 636 635 669 
f 674 640 639 673 
f 678 644 643 677 
f 682 648 647 681 
f 686 652 651 685 
f 690 656 655 689 
f 694 660 659 693 
f 698 664 663 697 
f 704 702 701 703 
f 708 706 705 707 
f 712 710 709 711 
f 716 714 713 715 
f 720 718 717 719 
f 724 722 721 723 
f 728 726 725 727 
f 730 704 703 729 
f 734 870 2117 733 
f 746 732 731 745 
f 750 748 747 749 
f 744 752 751 743 
f 756 754 753 755 
f 740 758 757 739 
f 738 760 759 737 
f 764 762 761 763 
f 736 766 765 735 
f 702 746 745 701 
f 706 750 749 705 
f 752 712 711 751 
f 754 716 715 753 
f 758 720 719 757 
f 760 724 723 759 
f 762 728 727 761 
f 766 730 729 765 
f 732 734 733 731 
f 748 742 741 747 
f 742 744 743 741 
f 710 756 755 709 
f 714 740 739 713 
f 718 738 737 717 
f 722 764 763 721 
f 726 736 735 725 
f 814 767 2616 813 
f 779 823 822 777 
f 827 866 864 825 
f 829 833 831 828 
f 781 785 783 780 
f 835 839 837 834 
f 787 791 789 786 
f 841 845 843 840 
f 793 797 795 792 
f 847 851 849 846 
f 799 803 801 798 
f 853 857 855 852 
f 805 809 807 804 
f 859 863 861 858 
f 811 769 768 810 
f 773 817 816 771 
f 821 814 813 819 
f 775 779 777 774 
f 823 827 825 822 
f 866 829 828 864 
f 833 781 780 831 
f 785 835 834 783 
f 839 787 786 837 
f 791 841 840 789 
f 845 793 792 843 
f 797 847 846 795 
f 851 799 798 849 
f 803 853 852 801 
f 857 805 804 855 
f 809 859 858 807 
f 863 811 810 861 
f 769 773 771 768 
f 817 821 819 816 
f 772 770 768 771 
f 778 776 774 777 
f 784 782 780 783 
f 790 788 786 789 
f 796 794 792 795 
f 802 800 798 801 
f 808 806 804 807 
f 770 812 810 768 
f 776 1762 1763 774 
f 2597 815 813 2616 
f 820 818 816 819 
f 826 824 822 825 
f 832 830 828 831 
f 838 836 834 837 
f 844 842 840 843 
f 850 848 846 849 
f 856 854 852 855 
f 862 860 858 861 
f 818 772 771 816 
f 824 778 777 822 
f 782 832 831 780 
f 788 838 837 786 
f 794 844 843 792 
f 800 850 849 798 
f 806 856 855 804 
f 812 862 861 810 
f 815 820 819 813 
f 865 826 825 864 
f 830 865 864 828 
f 836 784 783 834 
f 842 790 789 840 
f 848 796 795 846 
f 854 802 801 852 
f 860 808 807 858 
f 1757 250 635 1723 
f 1689 260 259 875 
f 875 259 261 1758 
f 1758 261 262 1759 
f 1759 262 263 876 
f 876 263 264 877 
f 877 264 265 878 
f 878 265 3569 3571 
f 1760 707 250 1757 
f 1761 592 228 1124 
f 1123 229 191 872 
f 873 593 592 1761 
f 1219 708 707 1760 
f 1762 776 233 874 
f 884 775 774 1763 
f 885 888 887 886 
f 889 885 886 890 
f 891 889 890 892 
f 891 892 3607 3609 
f 893 894 887 888 
f 895 896 894 893 
f 895 898 897 896 
f 899 900 3611 3613 
f 901 902 3615 3617 
f 903 904 3619 3621 
f 905 906 3623 3625 
f 907 908 3627 3629 
f 909 910 3631 3633 
f 911 912 3635 3637 
f 913 914 912 911 
f 915 916 914 913 
f 915 918 917 916 
f 919 920 917 918 
f 921 922 920 919 
f 923 924 922 921 
f 925 928 927 926 
f 926 930 929 925 
f 931 934 933 932 
f 935 938 937 936 
f 939 942 941 940 
f 943 946 945 944 
f 921 919 948 947 
f 919 918 949 948 
f 918 915 950 949 
f 915 913 951 950 
f 913 911 952 951 
f 926 954 953 930 
f 954 956 955 953 
f 956 958 957 955 
f 958 960 959 957 
f 960 909 961 959 
f 962 965 964 963 
f 965 967 966 964 
f 967 969 968 966 
f 969 971 970 968 
f 971 907 972 970 
f 932 975 974 973 
f 975 977 976 974 
f 977 979 978 976 
f 979 981 980 978 
f 981 905 982 980 
f 936 985 984 983 
f 985 987 986 984 
f 987 989 988 986 
f 989 991 990 988 
f 991 903 992 990 
f 940 995 994 993 
f 995 997 996 994 
f 997 999 998 996 
f 999 1001 1000 998 
f 1001 901 1002 1000 
f 3614 3880 3882 3640 
f 3642 3884 3886 3644 
f 3890 3634 3632 3888 
f 3894 3630 3628 3892 
f 3898 3626 3624 3896 
f 3902 3622 3620 3900 
f 3906 3618 3616 3904 
f 3880 3614 3612 3908 
f 1003 1006 1005 1004 
f 1007 1008 1006 1003 
f 1010 1009 3909 3905 
f 1012 1011 3911 3901 
f 1014 1013 3913 3897 
f 1016 1015 3915 3893 
f 1018 1017 3917 3889 
f 1020 1019 3919 3921 
f 1022 1021 3885 3883 
f 1023 1024 1021 1022 
f 1025 1026 1024 1023 
f 1025 1028 1027 1026 
f 1020 1030 1029 1019 
f 1030 1032 1031 1029 
f 1032 1034 1033 1031 
f 1018 1036 1035 1017 
f 1036 1038 1037 1035 
f 1038 1040 1039 1037 
f 1016 1042 1041 1015 
f 1042 1044 1043 1041 
f 1044 1046 1045 1043 
f 1014 1048 1047 1013 
f 1048 1050 1049 1047 
f 1050 1052 1051 1049 
f 1012 1054 1053 1011 
f 1054 1056 1055 1053 
f 1056 1058 1057 1055 
f 1010 1060 1059 1009 
f 1060 1062 1061 1059 
f 1062 1064 1063 1061 
f 1065 1066 3881 3879 
f 1067 1070 1069 1068 
f 1071 872 1689 1621 
f 1072 1073 897 898 
f 1075 1074 924 923 
f 1077 1076 928 925 
f 1079 1078 1266 1622 
f 1081 1080 934 931 
f 1083 1082 938 935 
f 1085 1084 942 939 
f 1087 1086 946 943 
f 1088 2868 1090 1089 
f 1091 1094 1093 1092 
f 1089 1096 1095 1088 
f 1097 1100 1099 1098 
f 1101 1104 1103 1102 
f 1105 1108 1107 1106 
f 1109 1112 1111 1110 
f 1113 1116 1115 1114 
f 1117 1120 1119 1118 
f 1121 1124 1123 1122 
f 1125 1127 1126 873 
f 1128 1131 1130 1129 
f 1132 1135 1134 1133 
f 1136 1139 1138 1137 
f 1140 1143 1142 1141 
f 1144 1147 1146 1145 
f 1148 1151 1150 1149 
f 1152 1155 1154 1153 
f 1156 1159 1158 1157 
f 1156 2936 1160 1159 
f 1161 1164 1163 1162 
f 1165 1168 1167 1166 
f 1169 1172 1171 1170 
f 1173 1176 1175 1174 
f 1177 1180 1179 1178 
f 1181 1184 1183 1182 
f 1185 1188 1187 1186 
f 1164 1161 1190 1189 
f 1191 1194 1193 1192 
f 1195 1198 1197 1196 
f 1199 1202 1201 1200 
f 1203 1206 1205 1204 
f 1194 1191 1208 1207 
f 1209 1212 1211 1210 
f 1198 1195 1214 1213 
f 1215 1218 1217 1216 
f 1165 1166 874 1219 
f 3884 3642 3572 3854 
f 1028 1025 880 879 
f 1025 1023 881 880 
f 1023 1022 882 881 
f 1022 3883 3853 882 
f 3926 3646 3610 3924 
f 2995 1004 1220 2997 
f 1221 1003 1004 2995 
f 2998 1007 1003 1221 
f 2998 3925 3923 1007 
f 2999 891 3609 3645 
f 1222 889 891 2999 
f 3000 885 889 1222 
f 3001 888 885 3000 
f 3002 893 888 3001 
f 1223 895 893 3002 
f 1223 3003 898 895 
f 3004 1072 898 3003 
f 3005 1224 1206 1203 
f 3006 1226 1225 3009 
f 1227 1230 1229 1228 
f 1231 1227 1228 1232 
f 1233 1231 1232 1234 
f 1233 1234 3639 3647 
f 1230 1236 1235 1229 
f 1236 1238 1237 1235 
f 1238 1240 1239 1237 
f 1241 1002 3649 3651 
f 1242 992 3653 3655 
f 1243 982 3657 3659 
f 1244 972 3661 3663 
f 1245 961 3665 3667 
f 1246 952 3669 3671 
f 1248 1247 3643 3673 
f 1248 1250 1249 1247 
f 1250 1252 1251 1249 
f 1252 1254 1253 1251 
f 1254 1256 1255 1253 
f 1256 1258 1257 1255 
f 1258 1260 1259 1257 
f 1261 1263 1262 947 
f 1264 1267 1266 1265 
f 1268 1270 1269 963 
f 1271 1273 1272 973 
f 1274 1276 1275 983 
f 1277 1279 1278 993 
f 1261 1281 1280 927 
f 1281 1283 1282 1280 
f 1283 1285 1284 1282 
f 1285 1287 1286 1284 
f 1287 1246 910 1286 
f 1264 1289 1288 1267 
f 1289 1291 1290 1288 
f 1291 1293 1292 1290 
f 1293 1295 1294 1292 
f 1295 1245 908 1294 
f 1268 1297 1296 933 
f 1297 1299 1298 1296 
f 1299 1301 1300 1298 
f 1301 1303 1302 1300 
f 1303 1244 906 1302 
f 1271 1305 1304 937 
f 1305 1307 1306 1304 
f 1307 1309 1308 1306 
f 1309 1311 1310 1308 
f 1311 1243 904 1310 
f 1274 1313 1312 941 
f 1313 1315 1314 1312 
f 1315 1317 1316 1314 
f 1317 1319 1318 1316 
f 1319 1242 902 1318 
f 1277 1321 1320 945 
f 1321 1323 1322 1320 
f 1323 1325 1324 1322 
f 1325 1327 1326 1324 
f 1327 1241 900 1326 
f 3648 3928 3930 3608 
f 3674 3932 3934 3636 
f 3936 3672 3670 3920 
f 3938 3668 3666 3918 
f 3940 3664 3662 3916 
f 3942 3660 3658 3914 
f 3944 3656 3654 3912 
f 3946 3652 3650 3910 
f 1328 1330 1329 1068 
f 1330 1331 1066 1329 
f 1333 1332 3907 3945 
f 1335 1334 3903 3943 
f 1337 1336 3899 3941 
f 1339 1338 3895 3939 
f 1341 1340 3891 3937 
f 1343 1342 3887 3935 
f 1345 1344 3933 3931 
f 1345 1347 1346 1344 
f 1347 1349 1348 1346 
f 1349 1351 1350 1348 
f 1343 1353 1352 1342 
f 1353 1355 1354 1352 
f 1355 1357 1356 1354 
f 1341 1359 1358 1340 
f 1359 1361 1360 1358 
f 1361 1363 1362 1360 
f 1339 1365 1364 1338 
f 1365 1367 1366 1364 
f 1367 1369 1368 1366 
f 1337 1371 1370 1336 
f 1371 1373 1372 1370 
f 1373 1375 1374 1372 
f 1335 1377 1376 1334 
f 1377 1379 1378 1376 
f 1379 1381 1380 1378 
f 1333 1383 1382 1332 
f 1383 1385 1384 1382 
f 1385 1387 1386 1384 
f 1331 1008 3929 3927 
f 1328 1389 1388 1005 
f 1391 1390 1239 1240 
f 1393 1392 1259 1260 
f 1395 1394 1262 1263 
f 1397 1396 929 1265 
f 1399 1398 1269 1270 
f 1401 1400 1272 1273 
f 1403 1402 1275 1276 
f 1405 1404 1278 1279 
f 1406 1409 1408 1407 
f 1410 1413 1412 1411 
f 1414 1417 1416 1415 
f 1418 1421 1420 1419 
f 1422 1425 1424 1423 
f 1426 1429 1428 1427 
f 1430 1433 1432 1431 
f 1434 1437 1436 1435 
f 1438 1441 1440 1439 
f 1442 1445 1444 1443 
f 1446 1449 1448 1447 
f 1450 1453 1452 1451 
f 1454 1457 1456 1455 
f 1458 1461 1460 1459 
f 1462 1465 1464 1463 
f 1466 1469 1468 1467 
f 1470 1473 1472 1471 
f 1474 1477 1476 1475 
f 1478 1481 1480 1479 
f 1482 1485 1484 1483 
f 1486 1489 1488 1487 
f 1490 1493 1492 1491 
f 1494 1497 1496 1495 
f 1498 1501 1500 1499 
f 1502 1505 1504 1503 
f 1506 1509 1508 1507 
f 1510 1513 1512 1511 
f 1514 1517 1516 1515 
f 1518 1521 1520 1519 
f 1522 1525 1524 1523 
f 1526 1529 1528 1527 
f 1530 1533 1532 1531 
f 1534 3316 1536 1535 
f 1537 1538 883 884 
f 1539 1542 1541 1540 
f 1543 1546 1545 1544 
f 1547 1550 1549 1548 
f 1551 1554 1553 1552 
f 1555 1558 1557 1556 
f 1559 1562 1561 1560 
f 1563 1566 1565 1564 
f 1567 1570 1569 1568 
f 1571 1574 1573 1572 
f 1575 1578 1577 1576 
f 1579 1582 1581 1580 
f 1583 1586 1585 1584 
f 1587 1590 1589 1588 
f 1591 1594 1593 1592 
f 1595 1598 1597 1596 
f 1535 1536 1600 1599 
f 3316 2997 1220 1536 
f 1538 1028 879 883 
f 1542 1351 1027 1541 
f 1546 1034 1350 1545 
f 1550 1357 1033 1549 
f 1554 1040 1356 1553 
f 1558 1363 1039 1557 
f 1562 1046 1362 1561 
f 1566 1369 1045 1565 
f 1570 1052 1368 1569 
f 1574 1375 1051 1573 
f 1578 1058 1374 1577 
f 1582 1381 1057 1581 
f 1586 1064 1380 1585 
f 1590 1387 1063 1589 
f 1594 1070 1386 1593 
f 1598 1389 1069 1597 
f 1536 1220 1388 1600 
f 886 887 1230 1227 
f 890 886 1227 1231 
f 892 890 1231 1233 
f 892 1233 3647 3607 
f 887 894 1236 1230 
f 894 896 1238 1236 
f 896 897 1240 1238 
f 900 1241 3651 3611 
f 902 1242 3655 3615 
f 904 1243 3659 3619 
f 906 1244 3663 3623 
f 908 1245 3667 3627 
f 910 1246 3671 3631 
f 912 1248 3673 3635 
f 912 914 1250 1248 
f 914 916 1252 1250 
f 916 917 1254 1252 
f 917 920 1256 1254 
f 920 922 1258 1256 
f 922 924 1260 1258 
f 927 928 1263 1261 
f 930 1264 1265 929 
f 933 934 1270 1268 
f 937 938 1273 1271 
f 941 942 1276 1274 
f 945 946 1279 1277 
f 947 948 1281 1261 
f 948 949 1283 1281 
f 949 950 1285 1283 
f 950 951 1287 1285 
f 951 952 1246 1287 
f 930 953 1289 1264 
f 953 955 1291 1289 
f 955 957 1293 1291 
f 957 959 1295 1293 
f 959 961 1245 1295 
f 963 964 1297 1268 
f 964 966 1299 1297 
f 966 968 1301 1299 
f 968 970 1303 1301 
f 970 972 1244 1303 
f 973 974 1305 1271 
f 974 976 1307 1305 
f 976 978 1309 1307 
f 978 980 1311 1309 
f 980 982 1243 1311 
f 983 984 1313 1274 
f 984 986 1315 1313 
f 986 988 1317 1315 
f 988 990 1319 1317 
f 990 992 1242 1319 
f 993 994 1321 1277 
f 994 996 1323 1321 
f 996 998 1325 1323 
f 998 1000 1327 1325 
f 1000 1002 1241 1327 
f 3640 3882 3928 3648 
f 3644 3886 3932 3674 
f 3888 3632 3672 3936 
f 3892 3628 3668 3938 
f 3896 3624 3664 3940 
f 3900 3620 3660 3942 
f 3904 3616 3656 3944 
f 3908 3612 3652 3946 
f 1005 1006 1330 1328 
f 1006 1008 1331 1330 
f 1009 1333 3945 3909 
f 1011 1335 3943 3911 
f 1013 1337 3941 3913 
f 1015 1339 3939 3915 
f 1017 1341 3937 3917 
f 1019 1343 3935 3919 
f 1021 1345 3931 3885 
f 1021 1024 1347 1345 
f 1024 1026 1349 1347 
f 1026 1027 1351 1349 
f 1019 1029 1353 1343 
f 1029 1031 1355 1353 
f 1031 1033 1357 1355 
f 1017 1035 1359 1341 
f 1035 1037 1361 1359 
f 1037 1039 1363 1361 
f 1015 1041 1365 1339 
f 1041 1043 1367 1365 
f 1043 1045 1369 1367 
f 1013 1047 1371 1337 
f 1047 1049 1373 1371 
f 1049 1051 1375 1373 
f 1011 1053 1377 1335 
f 1053 1055 1379 1377 
f 1055 1057 1381 1379 
f 1009 1059 1383 1333 
f 1059 1061 1385 1383 
f 1061 1063 1387 1385 
f 1066 1331 3927 3881 
f 1068 1069 1389 1328 
f 1073 1391 1240 897 
f 1074 1393 1260 924 
f 1076 1395 1263 928 
f 1078 1397 1265 1266 
f 1080 1399 1270 934 
f 1082 1401 1273 938 
f 1084 1403 1276 942 
f 1086 1405 1279 946 
f 1094 1406 1407 1093 
f 1096 1410 1411 1095 
f 1098 1414 1415 1601 
f 1102 1418 1419 1602 
f 1106 1422 1423 1603 
f 1110 1426 1427 1604 
f 1114 1430 1431 1605 
f 1118 1434 1435 1606 
f 1129 1130 1441 1438 
f 1133 1134 1445 1442 
f 1137 1138 1449 1446 
f 1141 1142 1453 1450 
f 1145 1146 1457 1454 
f 1149 1150 1461 1458 
f 1153 1154 1465 1462 
f 1157 1158 1469 1466 
f 1162 1163 1473 1470 
f 1167 1168 1477 1474 
f 1170 1171 1481 1478 
f 1174 1175 1485 1482 
f 1178 1179 1489 1486 
f 1182 1183 1493 1490 
f 1186 1187 1497 1494 
f 1189 1190 1501 1498 
f 1607 1192 1505 1502 
f 1608 1196 1509 1506 
f 1609 1200 1513 1510 
f 1610 1204 1517 1514 
f 1207 1208 1521 1518 
f 1210 1211 1525 1522 
f 1213 1214 1529 1526 
f 1216 1217 1533 1530 
f 1228 1229 1612 1611 
f 1232 1228 1611 1613 
f 1234 1232 1613 899 
f 1234 899 3613 3639 
f 1229 1235 1614 1612 
f 1235 1237 944 1614 
f 1237 1239 943 944 
f 1002 901 3617 3649 
f 992 903 3621 3653 
f 982 905 3625 3657 
f 972 907 3629 3661 
f 961 909 3633 3665 
f 952 911 3637 3669 
f 1247 1615 3641 3643 
f 1247 1249 1616 1615 
f 1249 1251 1617 1616 
f 1251 1253 1618 1617 
f 1253 1255 1619 1618 
f 1255 1257 1620 1619 
f 1257 1259 1621 1620 
f 947 1262 923 921 
f 1267 962 1622 1266 
f 963 1269 1622 962 
f 973 1272 931 932 
f 983 1275 935 936 
f 993 1278 939 940 
f 927 1280 954 926 
f 1280 1282 956 954 
f 1282 1284 958 956 
f 1284 1286 960 958 
f 1286 910 909 960 
f 1267 1288 965 962 
f 1288 1290 967 965 
f 1290 1292 969 967 
f 1292 1294 971 969 
f 1294 908 907 971 
f 933 1296 975 932 
f 1296 1298 977 975 
f 1298 1300 979 977 
f 1300 1302 981 979 
f 1302 906 905 981 
f 937 1304 985 936 
f 1304 1306 987 985 
f 1306 1308 989 987 
f 1308 1310 991 989 
f 1310 904 903 991 
f 941 1312 995 940 
f 1312 1314 997 995 
f 1314 1316 999 997 
f 1316 1318 1001 999 
f 1318 902 901 1001 
f 945 1320 1614 944 
f 1320 1322 1612 1614 
f 1322 1324 1611 1612 
f 1324 1326 1613 1611 
f 1326 900 899 1613 
f 3608 3930 3924 3610 
f 3636 3934 3922 3638 
f 3920 3670 3638 3922 
f 3918 3666 3634 3890 
f 3916 3662 3630 3894 
f 3914 3658 3626 3898 
f 3912 3654 3622 3902 
f 3910 3650 3618 3906 
f 1068 1329 1623 1067 
f 1329 1066 1065 1623 
f 1332 1065 3879 3907 
f 1334 1010 3905 3903 
f 1336 1012 3901 3899 
f 1338 1014 3897 3895 
f 1340 1016 3893 3891 
f 1342 1018 3889 3887 
f 1344 1020 3921 3933 
f 1344 1346 1030 1020 
f 1346 1348 1032 1030 
f 1348 1350 1034 1032 
f 1342 1352 1036 1018 
f 1352 1354 1038 1036 
f 1354 1356 1040 1038 
f 1340 1358 1042 1016 
f 1358 1360 1044 1042 
f 1360 1362 1046 1044 
f 1338 1364 1048 1014 
f 1364 1366 1050 1048 
f 1366 1368 1052 1050 
f 1336 1370 1054 1012 
f 1370 1372 1056 1054 
f 1372 1374 1058 1056 
f 1334 1376 1060 1010 
f 1376 1378 1062 1060 
f 1378 1380 1064 1062 
f 1332 1382 1623 1065 
f 1382 1384 1067 1623 
f 1384 1386 1070 1067 
f 1008 1007 3923 3929 
f 1005 1388 1220 1004 
f 1390 1087 943 1239 
f 1392 1071 1621 1259 
f 1394 1075 923 1262 
f 1396 1077 925 929 
f 1398 1079 1622 1269 
f 1400 1081 931 1272 
f 1402 1083 935 1275 
f 1404 1085 939 1278 
f 1409 1113 1624 1408 
f 1413 1097 1625 1412 
f 1417 1101 1626 1416 
f 1421 1105 1627 1420 
f 1425 1109 1628 1424 
f 1429 1091 1092 1428 
f 1433 1117 1629 1432 
f 1437 1121 1122 1436 
f 1439 1440 1127 1125 
f 1443 1444 1131 1128 
f 1447 1448 1135 1132 
f 1451 1452 1139 1136 
f 1455 1456 1143 1140 
f 1459 1460 1147 1144 
f 1463 1464 1151 1148 
f 1467 1468 1155 1152 
f 1471 1472 1225 1226 
f 1475 1476 1631 1630 
f 1479 1480 1630 1631 
f 1483 1484 1172 1169 
f 1487 1488 1176 1173 
f 1491 1492 1180 1177 
f 1495 1496 1184 1181 
f 1499 1500 1188 1185 
f 1503 1504 1633 1632 
f 1507 1508 1635 1634 
f 1511 1512 1218 1215 
f 1515 1516 1637 1636 
f 1519 1520 1637 1638 
f 1523 1524 1633 1639 
f 1527 1528 1212 1209 
f 1531 1532 1635 1640 
f 1540 1541 1538 1537 
f 1544 1545 1542 1539 
f 1548 1549 1546 1543 
f 1552 1553 1550 1547 
f 1556 1557 1554 1551 
f 1560 1561 1558 1555 
f 1564 1565 1562 1559 
f 1568 1569 1566 1563 
f 1572 1573 1570 1567 
f 1576 1577 1574 1571 
f 1580 1581 1578 1575 
f 1584 1585 1582 1579 
f 1588 1589 1586 1583 
f 1592 1593 1590 1587 
f 1596 1597 1594 1591 
f 1599 1600 1598 1595 
f 1541 1027 1028 1538 
f 1545 1350 1351 1542 
f 1549 1033 1034 1546 
f 1553 1356 1357 1550 
f 1557 1039 1040 1554 
f 1561 1362 1363 1558 
f 1565 1045 1046 1562 
f 1569 1368 1369 1566 
f 1573 1051 1052 1570 
f 1577 1374 1375 1574 
f 1581 1057 1058 1578 
f 1585 1380 1381 1582 
f 1589 1063 1064 1586 
f 1593 1386 1387 1590 
f 1597 1069 1070 1594 
f 1600 1388 1389 1598 
f 1191 1192 1607 1641 
f 1195 1196 1608 1642 
f 1199 1200 1609 1643 
f 1203 1204 1610 1644 
f 1208 1191 1641 1645 
f 1211 1212 1647 1646 
f 1214 1195 1642 1648 
f 1217 1218 1650 1649 
f 3005 1203 1644 1651 
f 1504 1505 1653 1652 
f 1508 1509 1655 1654 
f 1512 1513 1657 1656 
f 1516 1517 1659 1658 
f 1520 1521 1661 1660 
f 1524 1525 1663 1662 
f 1528 1529 1665 1664 
f 1532 1533 1667 1666 
f 1505 1192 1193 1653 
f 1509 1196 1197 1655 
f 1513 1200 1201 1657 
f 1517 1204 1205 1659 
f 1521 1208 1645 1661 
f 1525 1211 1646 1663 
f 1529 1214 1648 1665 
f 1533 1217 1649 1667 
f 1633 1504 1652 1639 
f 1635 1508 1654 1640 
f 1218 1512 1656 1650 
f 1637 1516 1658 1638 
f 1637 1520 1660 1636 
f 1633 1524 1662 1632 
f 1212 1528 1664 1647 
f 1635 1532 1666 1634 
f 1089 1090 3447 1668 
f 1094 1091 1670 1669 
f 1096 1089 1668 1671 
f 1097 1098 1601 1625 
f 1101 1102 1602 1626 
f 1105 1106 1603 1627 
f 1109 1110 1604 1628 
f 1113 1114 1605 1624 
f 1117 1118 1606 1629 
f 1409 1406 1673 1672 
f 1413 1410 1675 1674 
f 1417 1414 1677 1676 
f 1421 1418 1679 1678 
f 1425 1422 1681 1680 
f 1429 1426 1683 1682 
f 1433 1430 1685 1684 
f 1437 1434 1687 1686 
f 1406 1094 1669 1673 
f 1410 1096 1671 1675 
f 1414 1098 1099 1677 
f 1418 1102 1103 1679 
f 1422 1106 1107 1681 
f 1426 1110 1111 1683 
f 1430 1114 1115 1685 
f 1434 1118 1119 1687 
f 1113 1409 1672 1116 
f 1097 1413 1674 1100 
f 1101 1417 1676 1104 
f 1105 1421 1678 1108 
f 1109 1425 1680 1112 
f 1091 1429 1682 1670 
f 1117 1433 1684 1120 
f 1121 1437 1686 1688 
f 1073 1072 1088 1095 
f 1074 1075 1629 1606 
f 1076 1077 1624 1605 
f 1078 1079 1092 1093 
f 1080 1081 1628 1604 
f 1082 1083 1627 1603 
f 1084 1085 1626 1602 
f 1086 1087 1625 1601 
f 1072 3004 2868 1088 
f 1390 1391 1411 1412 
f 1392 1393 1435 1436 
f 1394 1395 1431 1432 
f 1396 1397 1407 1408 
f 1398 1399 1427 1428 
f 1400 1401 1423 1424 
f 1402 1403 1419 1420 
f 1404 1405 1415 1416 
f 1391 1073 1095 1411 
f 1393 1074 1606 1435 
f 1395 1076 1605 1431 
f 1397 1078 1093 1407 
f 1399 1080 1604 1427 
f 1401 1082 1603 1423 
f 1403 1084 1602 1419 
f 1405 1086 1601 1415 
f 1087 1390 1412 1625 
f 1071 1392 1436 1122 
f 1075 1394 1432 1629 
f 1077 1396 1408 1624 
f 1079 1398 1428 1092 
f 1081 1400 1424 1628 
f 1083 1402 1420 1627 
f 1085 1404 1416 1626 
f 1161 1162 1691 1690 
f 1166 1167 1693 1692 
f 1171 1172 1695 1694 
f 1175 1176 1697 1696 
f 1179 1180 1699 1698 
f 1183 1184 1701 1700 
f 1187 1188 1703 1702 
f 1190 1161 1690 1704 
f 1226 3006 3484 1705 
f 1470 1471 1707 1706 
f 1474 1475 1709 1708 
f 1480 1481 1711 1710 
f 1484 1485 1713 1712 
f 1488 1489 1715 1714 
f 1492 1493 1717 1716 
f 1496 1497 1719 1718 
f 1500 1501 1721 1720 
f 1162 1470 1706 1691 
f 1167 1474 1708 1693 
f 1481 1171 1694 1711 
f 1485 1175 1696 1713 
f 1489 1179 1698 1715 
f 1493 1183 1700 1717 
f 1497 1187 1702 1719 
f 1501 1190 1704 1721 
f 1471 1226 1705 1707 
f 1475 1630 1722 1709 
f 1630 1480 1710 1722 
f 1172 1484 1712 1695 
f 1176 1488 1714 1697 
f 1180 1492 1716 1699 
f 1184 1496 1718 1701 
f 1188 1500 1720 1703 
f 1129 1119 1120 1128 
f 1133 1115 1116 1132 
f 1137 1669 1670 1136 
f 1141 1111 1112 1140 
f 1145 1107 1108 1144 
f 1149 1103 1104 1148 
f 1153 1099 1100 1152 
f 1157 1671 1668 1156 
f 1156 1668 3447 2936 
f 1439 1686 1687 1438 
f 1443 1684 1685 1442 
f 1447 1672 1673 1446 
f 1451 1682 1683 1450 
f 1455 1680 1681 1454 
f 1459 1678 1679 1458 
f 1463 1676 1677 1462 
f 1467 1674 1675 1466 
f 1438 1687 1119 1129 
f 1442 1685 1115 1133 
f 1446 1673 1669 1137 
f 1450 1683 1111 1141 
f 1454 1681 1107 1145 
f 1458 1679 1103 1149 
f 1462 1677 1099 1153 
f 1466 1675 1671 1157 
f 1125 1688 1686 1439 
f 1128 1120 1684 1443 
f 1132 1116 1672 1447 
f 1136 1670 1682 1451 
f 1140 1112 1680 1455 
f 1144 1108 1678 1459 
f 1148 1104 1676 1463 
f 1152 1100 1674 1467 
f 1127 1202 1723 1126 
f 1131 1650 1656 1130 
f 1135 1634 1666 1134 
f 1139 1642 1608 1138 
f 1143 1647 1664 1142 
f 1147 1632 1662 1146 
f 1151 1641 1607 1150 
f 1155 1636 1660 1154 
f 1159 1644 1610 1158 
f 1160 1651 1644 1159 
f 1441 1657 1201 1440 
f 1445 1667 1649 1444 
f 1449 1506 1507 1448 
f 1453 1665 1648 1452 
f 1457 1663 1646 1456 
f 1461 1502 1503 1460 
f 1465 1661 1645 1464 
f 1469 1514 1515 1468 
f 1130 1656 1657 1441 
f 1134 1666 1667 1445 
f 1138 1608 1506 1449 
f 1142 1664 1665 1453 
f 1146 1662 1663 1457 
f 1150 1607 1502 1461 
f 1154 1660 1661 1465 
f 1158 1610 1514 1469 
f 1440 1201 1202 1127 
f 1444 1649 1650 1131 
f 1448 1507 1634 1135 
f 1452 1648 1642 1139 
f 1456 1646 1647 1143 
f 1460 1503 1632 1147 
f 1464 1645 1641 1151 
f 1468 1515 1636 1155 
f 1164 1638 1658 1163 
f 1165 1643 1609 1168 
f 1170 1531 1640 1169 
f 1174 1197 1198 1173 
f 1178 1527 1209 1177 
f 1182 1523 1639 1181 
f 1186 1193 1194 1185 
f 1189 1519 1638 1164 
f 1225 1206 1224 3009 
f 1473 1659 1205 1472 
f 1477 1510 1511 1476 
f 1479 1216 1530 1478 
f 1483 1654 1655 1482 
f 1487 1213 1526 1486 
f 1491 1210 1522 1490 
f 1495 1652 1653 1494 
f 1499 1207 1518 1498 
f 1163 1658 1659 1473 
f 1168 1609 1510 1477 
f 1478 1530 1531 1170 
f 1482 1655 1197 1174 
f 1486 1526 1527 1178 
f 1490 1522 1523 1182 
f 1494 1653 1193 1186 
f 1498 1518 1519 1189 
f 1472 1205 1206 1225 
f 1476 1511 1215 1631 
f 1631 1215 1216 1479 
f 1169 1640 1654 1483 
f 1173 1198 1213 1487 
f 1177 1209 1210 1491 
f 1181 1639 1652 1495 
f 1185 1194 1207 1499 
f 1535 1724 3504 1534 
f 1540 1726 1725 1539 
f 1544 1728 1727 1543 
f 1548 1730 1729 1547 
f 1552 1732 1731 1551 
f 1556 1734 1733 1555 
f 1560 1736 1735 1559 
f 1564 1738 1737 1563 
f 1568 1740 1739 1567 
f 1572 1742 1741 1571 
f 1576 1744 1743 1575 
f 1580 1746 1745 1579 
f 1584 1748 1747 1583 
f 1588 1750 1749 1587 
f 1592 1752 1751 1591 
f 1596 1754 1753 1595 
f 1599 1755 1724 1535 
f 1537 1756 1726 1540 
f 1539 1725 1728 1544 
f 1543 1727 1730 1548 
f 1547 1729 1732 1552 
f 1551 1731 1734 1556 
f 1555 1733 1736 1560 
f 1559 1735 1738 1564 
f 1563 1737 1740 1568 
f 1567 1739 1742 1572 
f 1571 1741 1744 1576 
f 1575 1743 1746 1580 
f 1579 1745 1748 1584 
f 1583 1747 1750 1588 
f 1587 1749 1752 1592 
f 1591 1751 1754 1596 
f 1595 1753 1755 1599 
f 1691 1754 1751 1690 
f 1693 1726 1756 1692 
f 1695 1731 1732 1694 
f 1697 1735 1736 1696 
f 1699 1739 1740 1698 
f 1701 1743 1744 1700 
f 1703 1747 1748 1702 
f 1690 1751 1752 1704 
f 1692 1756 1763 1762 
f 3484 3504 1724 1705 
f 1707 1755 1753 1706 
f 1709 1728 1725 1708 
f 1711 1729 1730 1710 
f 1713 1733 1734 1712 
f 1715 1737 1738 1714 
f 1717 1741 1742 1716 
f 1719 1745 1746 1718 
f 1721 1749 1750 1720 
f 1706 1753 1754 1691 
f 1708 1725 1726 1693 
f 1694 1732 1729 1711 
f 1696 1736 1733 1713 
f 1698 1740 1737 1715 
f 1700 1744 1741 1717 
f 1702 1748 1745 1719 
f 1704 1752 1749 1721 
f 1705 1724 1755 1707 
f 1722 1727 1728 1709 
f 1710 1730 1727 1722 
f 1712 1734 1731 1695 
f 1714 1738 1735 1697 
f 1716 1742 1739 1699 
f 1718 1746 1743 1701 
f 1720 1750 1747 1703 
f 1757 1723 1202 1199 
f 1689 875 1620 1621 
f 875 1758 1619 1620 
f 1758 1759 1618 1619 
f 1759 876 1617 1618 
f 876 877 1616 1617 
f 877 878 1615 1616 
f 878 3571 3641 1615 
f 1760 1757 1199 1643 
f 1761 1124 1121 1688 
f 1123 872 1071 1122 
f 873 1761 1688 1125 
f 1219 1760 1643 1165 
f 1762 874 1166 1692 
f 884 1763 1756 1537 
f 1764 1767 1766 1765 
f 1768 1764 1765 1769 
f 1770 1768 1769 1771 
f 1770 1771 3675 3677 
f 1772 1773 1766 1767 
f 1774 1775 1773 1772 
f 1774 1777 1776 1775 
f 1778 1779 3679 3681 
f 1780 1781 3683 3685 
f 1782 1783 3687 3689 
f 1784 1785 3691 3693 
f 1786 1787 3695 3697 
f 1788 1789 3699 3701 
f 1790 1791 3703 3705 
f 1792 1793 1791 1790 
f 1794 1795 1793 1792 
f 1794 1797 1796 1795 
f 1798 1799 1796 1797 
f 1800 1801 1799 1798 
f 1802 1803 1801 1800 
f 1804 1807 1806 1805 
f 1805 1809 1808 1804 
f 1810 1813 1812 1811 
f 1814 1817 1816 1815 
f 1818 1821 1820 1819 
f 1822 1825 1824 1823 
f 1800 1798 1827 1826 
f 1798 1797 1828 1827 
f 1797 1794 1829 1828 
f 1794 1792 1830 1829 
f 1792 1790 1831 1830 
f 1805 1833 1832 1809 
f 1833 1835 1834 1832 
f 1835 1837 1836 1834 
f 1837 1839 1838 1836 
f 1839 1788 1840 1838 
f 1841 1844 1843 1842 
f 1844 1846 1845 1843 
f 1846 1848 1847 1845 
f 1848 1850 1849 1847 
f 1850 1786 1851 1849 
f 1811 1854 1853 1852 
f 1854 1856 1855 1853 
f 1856 1858 1857 1855 
f 1858 1860 1859 1857 
f 1860 1784 1861 1859 
f 1815 1864 1863 1862 
f 1864 1866 1865 1863 
f 1866 1868 1867 1865 
f 1868 1870 1869 1867 
f 1870 1782 1871 1869 
f 1819 1874 1873 1872 
f 1874 1876 1875 1873 
f 1876 1878 1877 1875 
f 1878 1880 1879 1877 
f 1880 1780 1881 1879 
f 3682 3948 3950 3708 
f 3710 3952 3954 3712 
f 3958 3702 3700 3956 
f 3962 3698 3696 3960 
f 3966 3694 3692 3964 
f 3970 3690 3688 3968 
f 3974 3686 3684 3972 
f 3948 3682 3680 3976 
f 1882 1885 1884 1883 
f 1886 1887 1885 1882 
f 1889 1888 3977 3973 
f 1891 1890 3979 3969 
f 1893 1892 3981 3965 
f 1895 1894 3983 3961 
f 1897 1896 3985 3957 
f 1899 1898 3987 3989 
f 1901 1900 3953 3951 
f 1902 1903 1900 1901 
f 1904 1905 1903 1902 
f 1904 1907 1906 1905 
f 1899 1909 1908 1898 
f 1909 1911 1910 1908 
f 1911 1913 1912 1910 
f 1897 1915 1914 1896 
f 1915 1917 1916 1914 
f 1917 1919 1918 1916 
f 1895 1921 1920 1894 
f 1921 1923 1922 1920 
f 1923 1925 1924 1922 
f 1893 1927 1926 1892 
f 1927 1929 1928 1926 
f 1929 1931 1930 1928 
f 1891 1933 1932 1890 
f 1933 1935 1934 1932 
f 1935 1937 1936 1934 
f 1889 1939 1938 1888 
f 1939 1941 1940 1938 
f 1941 1943 1942 1940 
f 1944 1945 3949 3947 
f 1946 1949 1948 1947 
f 1950 1953 1952 1951 
f 1954 1955 1776 1777 
f 1802 1957 1956 1803 
f 1804 1959 1958 1807 
f 1960 1963 1962 1961 
f 1810 1965 1964 1813 
f 1814 1967 1966 1817 
f 1818 1969 1968 1821 
f 1822 1971 1970 1825 
f 1972 4 1974 1973 
f 1975 1978 1977 1976 
f 1973 1980 1979 1972 
f 1981 1984 1983 1982 
f 1985 1988 1987 1986 
f 1989 1992 1991 1990 
f 1993 1996 1995 1994 
f 1997 2000 1999 1998 
f 2001 2004 2003 2002 
f 2005 2008 2007 2006 
f 2009 2012 2011 2010 
f 2013 2016 2015 2014 
f 2017 2020 2019 2018 
f 2021 2024 2023 2022 
f 2025 2028 2027 2026 
f 2029 2032 2031 2030 
f 2033 2036 2035 2034 
f 2037 2040 2039 2038 
f 2041 2044 2043 2042 
f 2041 2045 634 2044 
f 2046 2049 2048 2047 
f 2050 2053 2052 2051 
f 2054 2057 2056 2055 
f 2058 2061 2060 2059 
f 2062 2065 2064 2063 
f 2066 2069 2068 2067 
f 2070 2073 2072 2071 
f 2049 2046 2075 2074 
f 2076 2079 2078 2077 
f 2080 2083 2082 2081 
f 2084 2087 2086 2085 
f 2088 2091 2090 2089 
f 2079 2076 2093 2092 
f 2094 2097 2096 2095 
f 2083 2080 2099 2098 
f 2100 2103 2102 2101 
f 2050 2051 2105 2104 
f 3952 3710 3714 3992 
f 1907 1904 2107 2106 
f 1904 1902 2108 2107 
f 1902 1901 2109 2108 
f 1901 3951 3991 2109 
f 3856 3574 3678 3994 
f 2110 1883 2111 1 
f 2112 1882 1883 2110 
f 267 1886 1882 2112 
f 267 3855 3993 1886 
f 867 1770 3677 3573 
f 2113 1768 1770 867 
f 2 1764 1768 2113 
f 868 1767 1764 2 
f 2114 1772 1767 868 
f 869 1774 1772 2114 
f 869 2115 1777 1774 
f 268 1954 1777 2115 
f 2116 2117 2091 2088 
f 3 2119 2118 870 
f 2120 2123 2122 2121 
f 2124 2120 2121 2125 
f 2126 2124 2125 2127 
f 2126 2127 3707 3715 
f 2123 2129 2128 2122 
f 2129 2131 2130 2128 
f 2131 2133 2132 2130 
f 2134 1881 3717 3719 
f 2135 1871 3721 3723 
f 2136 1861 3725 3727 
f 2137 1851 3729 3731 
f 2138 1840 3733 3735 
f 2139 1831 3737 3739 
f 2141 2140 3711 3741 
f 2141 2143 2142 2140 
f 2143 2145 2144 2142 
f 2145 2147 2146 2144 
f 2147 2149 2148 2146 
f 2149 2151 2150 2148 
f 2151 2153 2152 2150 
f 2154 2156 2155 1826 
f 2157 2159 1961 2158 
f 2160 2162 2161 1842 
f 2163 2165 2164 1852 
f 2166 2168 2167 1862 
f 2169 2171 2170 1872 
f 2154 2173 2172 1806 
f 2173 2175 2174 2172 
f 2175 2177 2176 2174 
f 2177 2179 2178 2176 
f 2179 2139 1789 2178 
f 2157 2181 2180 2159 
f 2181 2183 2182 2180 
f 2183 2185 2184 2182 
f 2185 2187 2186 2184 
f 2187 2138 1787 2186 
f 2160 2189 2188 1812 
f 2189 2191 2190 2188 
f 2191 2193 2192 2190 
f 2193 2195 2194 2192 
f 2195 2137 1785 2194 
f 2163 2197 2196 1816 
f 2197 2199 2198 2196 
f 2199 2201 2200 2198 
f 2201 2203 2202 2200 
f 2203 2136 1783 2202 
f 2166 2205 2204 1820 
f 2205 2207 2206 2204 
f 2207 2209 2208 2206 
f 2209 2211 2210 2208 
f 2211 2135 1781 2210 
f 2169 2213 2212 1824 
f 2213 2215 2214 2212 
f 2215 2217 2216 2214 
f 2217 2219 2218 2216 
f 2219 2134 1779 2218 
f 3716 3996 3998 3676 
f 3742 4000 4002 3704 
f 4004 3740 3738 3988 
f 4006 3736 3734 3986 
f 4008 3732 3730 3984 
f 4010 3728 3726 3982 
f 4012 3724 3722 3980 
f 4014 3720 3718 3978 
f 2220 2222 2221 1947 
f 2222 2223 1945 2221 
f 2225 2224 3975 4013 
f 2227 2226 3971 4011 
f 2229 2228 3967 4009 
f 2231 2230 3963 4007 
f 2233 2232 3959 4005 
f 2235 2234 3955 4003 
f 2237 2236 4001 3999 
f 2237 2239 2238 2236 
f 2239 2241 2240 2238 
f 2241 2243 2242 2240 
f 2235 2245 2244 2234 
f 2245 2247 2246 2244 
f 2247 2249 2248 2246 
f 2233 2251 2250 2232 
f 2251 2253 2252 2250 
f 2253 2255 2254 2252 
f 2231 2257 2256 2230 
f 2257 2259 2258 2256 
f 2259 2261 2260 2258 
f 2229 2263 2262 2228 
f 2263 2265 2264 2262 
f 2265 2267 2266 2264 
f 2227 2269 2268 2226 
f 2269 2271 2270 2268 
f 2271 2273 2272 2270 
f 2225 2275 2274 2224 
f 2275 2277 2276 2274 
f 2277 2279 2278 2276 
f 2223 1887 3997 3995 
f 2220 2281 2280 1884 
f 2133 2283 2282 2132 
f 2153 2285 2284 2152 
f 2156 2287 2286 2155 
f 2158 2289 2288 1808 
f 2162 2291 2290 2161 
f 2165 2293 2292 2164 
f 2168 2295 2294 2167 
f 2171 2297 2296 2170 
f 2298 2301 2300 2299 
f 2302 2305 2304 2303 
f 2306 2309 2308 2307 
f 2310 2313 2312 2311 
f 2314 2317 2316 2315 
f 2318 2321 2320 2319 
f 2322 2325 2324 2323 
f 2326 2329 2328 2327 
f 2330 2333 2332 2331 
f 2334 2337 2336 2335 
f 2338 2341 2340 2339 
f 2342 2345 2344 2343 
f 2346 2349 2348 2347 
f 2350 2353 2352 2351 
f 2354 2357 2356 2355 
f 2358 2361 2360 2359 
f 2362 2365 2364 2363 
f 2366 2369 2368 2367 
f 2370 2373 2372 2371 
f 2374 2377 2376 2375 
f 2378 2381 2380 2379 
f 2382 2385 2384 2383 
f 2386 2389 2388 2387 
f 2390 2393 2392 2391 
f 2394 2397 2396 2395 
f 2398 2401 2400 2399 
f 2402 2405 2404 2403 
f 2406 2409 2408 2407 
f 2410 2413 2412 2411 
f 2414 2417 2416 2415 
f 2418 2421 2420 2419 
f 2422 2425 2424 2423 
f 767 871 2427 2426 
f 2428 2431 2430 2429 
f 2432 2435 2434 2433 
f 2436 2439 2438 2437 
f 2440 2443 2442 2441 
f 2444 2447 2446 2445 
f 2448 2451 2450 2449 
f 2452 2455 2454 2453 
f 2456 2459 2458 2457 
f 2460 2463 2462 2461 
f 2464 2467 2466 2465 
f 2468 2471 2470 2469 
f 2472 2475 2474 2473 
f 2476 2479 2478 2477 
f 2480 2483 2482 2481 
f 2484 2487 2486 2485 
f 2488 2491 2490 2489 
f 2426 2427 2493 2492 
f 871 1 2111 2427 
f 2431 1907 2106 2430 
f 2435 2243 1906 2434 
f 2439 1913 2242 2438 
f 2443 2249 1912 2442 
f 2447 1919 2248 2446 
f 2451 2255 1918 2450 
f 2455 1925 2254 2454 
f 2459 2261 1924 2458 
f 2463 1931 2260 2462 
f 2467 2267 1930 2466 
f 2471 1937 2266 2470 
f 2475 2273 1936 2474 
f 2479 1943 2272 2478 
f 2483 2279 1942 2482 
f 2487 1949 2278 2486 
f 2491 2281 1948 2490 
f 2427 2111 2280 2493 
f 1765 1766 2123 2120 
f 1769 1765 2120 2124 
f 1771 1769 2124 2126 
f 1771 2126 3715 3675 
f 1766 1773 2129 2123 
f 1773 1775 2131 2129 
f 1775 1776 2133 2131 
f 1779 2134 3719 3679 
f 1781 2135 3723 3683 
f 1783 2136 3727 3687 
f 1785 2137 3731 3691 
f 1787 2138 3735 3695 
f 1789 2139 3739 3699 
f 1791 2141 3741 3703 
f 1791 1793 2143 2141 
f 1793 1795 2145 2143 
f 1795 1796 2147 2145 
f 1796 1799 2149 2147 
f 1799 1801 2151 2149 
f 1801 1803 2153 2151 
f 1806 1807 2156 2154 
f 1809 2157 2158 1808 
f 1812 1813 2162 2160 
f 1816 1817 2165 2163 
f 1820 1821 2168 2166 
f 1824 1825 2171 2169 
f 1826 1827 2173 2154 
f 1827 1828 2175 2173 
f 1828 1829 2177 2175 
f 1829 1830 2179 2177 
f 1830 1831 2139 2179 
f 1809 1832 2181 2157 
f 1832 1834 2183 2181 
f 1834 1836 2185 2183 
f 1836 1838 2187 2185 
f 1838 1840 2138 2187 
f 1842 1843 2189 2160 
f 1843 1845 2191 2189 
f 1845 1847 2193 2191 
f 1847 1849 2195 2193 
f 1849 1851 2137 2195 
f 1852 1853 2197 2163 
f 1853 1855 2199 2197 
f 1855 1857 2201 2199 
f 1857 1859 2203 2201 
f 1859 1861 2136 2203 
f 1862 1863 2205 2166 
f 1863 1865 2207 2205 
f 1865 1867 2209 2207 
f 1867 1869 2211 2209 
f 1869 1871 2135 2211 
f 1872 1873 2213 2169 
f 1873 1875 2215 2213 
f 1875 1877 2217 2215 
f 1877 1879 2219 2217 
f 1879 1881 2134 2219 
f 3708 3950 3996 3716 
f 3712 3954 4000 3742 
f 3956 3700 3740 4004 
f 3960 3696 3736 4006 
f 3964 3692 3732 4008 
f 3968 3688 3728 4010 
f 3972 3684 3724 4012 
f 3976 3680 3720 4014 
f 1884 1885 2222 2220 
f 1885 1887 2223 2222 
f 1888 2225 4013 3977 
f 1890 2227 4011 3979 
f 1892 2229 4009 3981 
f 1894 2231 4007 3983 
f 1896 2233 4005 3985 
f 1898 2235 4003 3987 
f 1900 2237 3999 3953 
f 1900 1903 2239 2237 
f 1903 1905 2241 2239 
f 1905 1906 2243 2241 
f 1898 1908 2245 2235 
f 1908 1910 2247 2245 
f 1910 1912 2249 2247 
f 1896 1914 2251 2233 
f 1914 1916 2253 2251 
f 1916 1918 2255 2253 
f 1894 1920 2257 2231 
f 1920 1922 2259 2257 
f 1922 1924 2261 2259 
f 1892 1926 2263 2229 
f 1926 1928 2265 2263 
f 1928 1930 2267 2265 
f 1890 1932 2269 2227 
f 1932 1934 2271 2269 
f 1934 1936 2273 2271 
f 1888 1938 2275 2225 
f 1938 1940 2277 2275 
f 1940 1942 2279 2277 
f 1945 2223 3995 3949 
f 1947 1948 2281 2220 
f 1776 1955 2283 2133 
f 1803 1956 2285 2153 
f 1807 1958 2287 2156 
f 1961 1962 2289 2158 
f 1813 1964 2291 2162 
f 1817 1966 2293 2165 
f 1821 1968 2295 2168 
f 1825 1970 2297 2171 
f 1978 2298 2299 1977 
f 1980 2302 2303 1979 
f 1982 2306 2307 2494 
f 1986 2310 2311 2495 
f 1990 2314 2315 2496 
f 1994 2318 2319 2497 
f 1998 2322 2323 2498 
f 2002 2326 2327 2499 
f 2014 2015 2333 2330 
f 2018 2019 2337 2334 
f 2022 2023 2341 2338 
f 2026 2027 2345 2342 
f 2030 2031 2349 2346 
f 2034 2035 2353 2350 
f 2038 2039 2357 2354 
f 2042 2043 2361 2358 
f 2047 2048 2365 2362 
f 2052 2053 2369 2366 
f 2055 2056 2373 2370 
f 2059 2060 2377 2374 
f 2063 2064 2381 2378 
f 2067 2068 2385 2382 
f 2071 2072 2389 2386 
f 2074 2075 2393 2390 
f 2500 2077 2397 2394 
f 2501 2081 2401 2398 
f 2502 2085 2405 2402 
f 2503 2089 2409 2406 
f 2092 2093 2413 2410 
f 2095 2096 2417 2414 
f 2098 2099 2421 2418 
f 2101 2102 2425 2422 
f 2121 2122 2505 2504 
f 2125 2121 2504 2506 
f 2127 2125 2506 1778 
f 2127 1778 3681 3707 
f 2122 2128 2507 2505 
f 2128 2130 1823 2507 
f 2130 2132 1822 1823 
f 1881 1780 3685 3717 
f 1871 1782 3689 3721 
f 1861 1784 3693 3725 
f 1851 1786 3697 3729 
f 1840 1788 3701 3733 
f 1831 1790 3705 3737 
f 2140 2508 3709 3711 
f 2140 2142 2509 2508 
f 2142 2144 2510 2509 
f 2144 2146 2511 2510 
f 2146 2148 2512 2511 
f 2148 2150 2513 2512 
f 2150 2152 1951 2513 
f 1826 2155 1802 1800 
f 2159 1841 1960 1961 
f 1842 2161 1960 1841 
f 1852 2164 1810 1811 
f 1862 2167 1814 1815 
f 1872 2170 1818 1819 
f 1806 2172 1833 1805 
f 2172 2174 1835 1833 
f 2174 2176 1837 1835 
f 2176 2178 1839 1837 
f 2178 1789 1788 1839 
f 2159 2180 1844 1841 
f 2180 2182 1846 1844 
f 2182 2184 1848 1846 
f 2184 2186 1850 1848 
f 2186 1787 1786 1850 
f 1812 2188 1854 1811 
f 2188 2190 1856 1854 
f 2190 2192 1858 1856 
f 2192 2194 1860 1858 
f 2194 1785 1784 1860 
f 1816 2196 1864 1815 
f 2196 2198 1866 1864 
f 2198 2200 1868 1866 
f 2200 2202 1870 1868 
f 2202 1783 1782 1870 
f 1820 2204 1874 1819 
f 2204 2206 1876 1874 
f 2206 2208 1878 1876 
f 2208 2210 1880 1878 
f 2210 1781 1780 1880 
f 1824 2212 2507 1823 
f 2212 2214 2505 2507 
f 2214 2216 2504 2505 
f 2216 2218 2506 2504 
f 2218 1779 1778 2506 
f 3676 3998 3994 3678 
f 3704 4002 3990 3706 
f 3988 3738 3706 3990 
f 3986 3734 3702 3958 
f 3984 3730 3698 3962 
f 3982 3726 3694 3966 
f 3980 3722 3690 3970 
f 3978 3718 3686 3974 
f 1947 2221 2514 1946 
f 2221 1945 1944 2514 
f 2224 1944 3947 3975 
f 2226 1889 3973 3971 
f 2228 1891 3969 3967 
f 2230 1893 3965 3963 
f 2232 1895 3961 3959 
f 2234 1897 3957 3955 
f 2236 1899 3989 4001 
f 2236 2238 1909 1899 
f 2238 2240 1911 1909 
f 2240 2242 1913 1911 
f 2234 2244 1915 1897 
f 2244 2246 1917 1915 
f 2246 2248 1919 1917 
f 2232 2250 1921 1895 
f 2250 2252 1923 1921 
f 2252 2254 1925 1923 
f 2230 2256 1927 1893 
f 2256 2258 1929 1927 
f 2258 2260 1931 1929 
f 2228 2262 1933 1891 
f 2262 2264 1935 1933 
f 2264 2266 1937 1935 
f 2226 2268 1939 1889 
f 2268 2270 1941 1939 
f 2270 2272 1943 1941 
f 2224 2274 2514 1944 
f 2274 2276 1946 2514 
f 2276 2278 1949 1946 
f 1887 1886 3993 3997 
f 1884 2280 2111 1883 
f 2132 2282 1971 1822 
f 2152 2284 1950 1951 
f 2155 2286 1957 1802 
f 1808 2288 1959 1804 
f 2161 2290 1963 1960 
f 2164 2292 1965 1810 
f 2167 2294 1967 1814 
f 2170 2296 1969 1818 
f 2301 1997 2515 2300 
f 2305 1981 2516 2304 
f 2309 1985 2517 2308 
f 2313 1989 2518 2312 
f 2317 1993 2519 2316 
f 2321 1975 1976 2320 
f 2325 2001 2520 2324 
f 2329 2005 2006 2328 
f 2331 2332 2012 2009 
f 2335 2336 2016 2013 
f 2339 2340 2020 2017 
f 2343 2344 2024 2021 
f 2347 2348 2028 2025 
f 2351 2352 2032 2029 
f 2355 2356 2036 2033 
f 2359 2360 2040 2037 
f 2363 2364 2118 2119 
f 2367 2368 2522 2521 
f 2371 2372 2521 2522 
f 2375 2376 2057 2054 
f 2379 2380 2061 2058 
f 2383 2384 2065 2062 
f 2387 2388 2069 2066 
f 2391 2392 2073 2070 
f 2395 2396 2524 2523 
f 2399 2400 2526 2525 
f 2403 2404 2103 2100 
f 2407 2408 2528 2527 
f 2411 2412 2528 2529 
f 2415 2416 2524 2530 
f 2419 2420 2097 2094 
f 2423 2424 2526 2531 
f 2433 2434 2431 2428 
f 2437 2438 2435 2432 
f 2441 2442 2439 2436 
f 2445 2446 2443 2440 
f 2449 2450 2447 2444 
f 2453 2454 2451 2448 
f 2457 2458 2455 2452 
f 2461 2462 2459 2456 
f 2465 2466 2463 2460 
f 2469 2470 2467 2464 
f 2473 2474 2471 2468 
f 2477 2478 2475 2472 
f 2481 2482 2479 2476 
f 2485 2486 2483 2480 
f 2489 2490 2487 2484 
f 2492 2493 2491 2488 
f 2434 1906 1907 2431 
f 2438 2242 2243 2435 
f 2442 1912 1913 2439 
f 2446 2248 2249 2443 
f 2450 1918 1919 2447 
f 2454 2254 2255 2451 
f 2458 1924 1925 2455 
f 2462 2260 2261 2459 
f 2466 1930 1931 2463 
f 2470 2266 2267 2467 
f 2474 1936 1937 2471 
f 2478 2272 2273 2475 
f 2482 1942 1943 2479 
f 2486 2278 2279 2483 
f 2490 1948 1949 2487 
f 2493 2280 2281 2491 
f 2076 2077 2500 2532 
f 2080 2081 2501 2533 
f 2084 2085 2502 2534 
f 2088 2089 2503 2535 
f 2093 2076 2532 2536 
f 2096 2097 2538 2537 
f 2099 2080 2533 2539 
f 2102 2103 2541 2540 
f 2116 2088 2535 2542 
f 2396 2397 2544 2543 
f 2400 2401 2546 2545 
f 2404 2405 2548 2547 
f 2408 2409 2550 2549 
f 2412 2413 2552 2551 
f 2416 2417 2554 2553 
f 2420 2421 2556 2555 
f 2424 2425 2558 2557 
f 2397 2077 2078 2544 
f 2401 2081 2082 2546 
f 2405 2085 2086 2548 
f 2409 2089 2090 2550 
f 2413 2093 2536 2552 
f 2417 2096 2537 2554 
f 2421 2099 2539 2556 
f 2425 2102 2540 2558 
f 2524 2396 2543 2530 
f 2526 2400 2545 2531 
f 2103 2404 2547 2541 
f 2528 2408 2549 2529 
f 2528 2412 2551 2527 
f 2524 2416 2553 2523 
f 2097 2420 2555 2538 
f 2526 2424 2557 2525 
f 1973 1974 2560 2559 
f 1978 1975 2562 2561 
f 1980 1973 2559 2563 
f 1981 1982 2494 2516 
f 1985 1986 2495 2517 
f 1989 1990 2496 2518 
f 1993 1994 2497 2519 
f 1997 1998 2498 2515 
f 2001 2002 2499 2520 
f 2301 2298 2565 2564 
f 2305 2302 2567 2566 
f 2309 2306 2569 2568 
f 2313 2310 2571 2570 
f 2317 2314 2573 2572 
f 2321 2318 2575 2574 
f 2325 2322 2577 2576 
f 2329 2326 2579 2578 
f 2298 1978 2561 2565 
f 2302 1980 2563 2567 
f 2306 1982 1983 2569 
f 2310 1986 1987 2571 
f 2314 1990 1991 2573 
f 2318 1994 1995 2575 
f 2322 1998 1999 2577 
f 2326 2002 2003 2579 
f 1997 2301 2564 2000 
f 1981 2305 2566 1984 
f 1985 2309 2568 1988 
f 1989 2313 2570 1992 
f 1993 2317 2572 1996 
f 1975 2321 2574 2562 
f 2001 2325 2576 2004 
f 2005 2329 2578 2580 
f 1955 1954 1972 1979 
f 1956 1957 2520 2499 
f 1958 1959 2515 2498 
f 1962 1963 1976 1977 
f 1964 1965 2519 2497 
f 1966 1967 2518 2496 
f 1968 1969 2517 2495 
f 1970 1971 2516 2494 
f 1954 268 4 1972 
f 2282 2283 2303 2304 
f 2284 2285 2327 2328 
f 2286 2287 2323 2324 
f 2288 2289 2299 2300 
f 2290 2291 2319 2320 
f 2292 2293 2315 2316 
f 2294 2295 2311 2312 
f 2296 2297 2307 2308 
f 2283 1955 1979 2303 
f 2285 1956 2499 2327 
f 2287 1958 2498 2323 
f 2289 1962 1977 2299 
f 2291 1964 2497 2319 
f 2293 1966 2496 2315 
f 2295 1968 2495 2311 
f 2297 1970 2494 2307 
f 1971 2282 2304 2516 
f 1950 2284 2328 2006 
f 1957 2286 2324 2520 
f 1959 2288 2300 2515 
f 1963 2290 2320 1976 
f 1965 2292 2316 2519 
f 1967 2294 2312 2518 
f 1969 2296 2308 2517 
f 2046 2047 2582 2581 
f 2051 2052 2584 2583 
f 2056 2057 2586 2585 
f 2060 2061 2588 2587 
f 2064 2065 2590 2589 
f 2068 2069 2592 2591 
f 2072 2073 2594 2593 
f 2075 2046 2581 2595 
f 2119 3 2597 2596 
f 2362 2363 2599 2598 
f 2366 2367 2601 2600 
f 2372 2373 2603 2602 
f 2376 2377 2605 2604 
f 2380 2381 2607 2606 
f 2384 2385 2609 2608 
f 2388 2389 2611 2610 
f 2392 2393 2613 2612 
f 2047 2362 2598 2582 
f 2052 2366 2600 2584 
f 2373 2056 2585 2603 
f 2377 2060 2587 2605 
f 2381 2064 2589 2607 
f 2385 2068 2591 2609 
f 2389 2072 2593 2611 
f 2393 2075 2595 2613 
f 2363 2119 2596 2599 
f 2367 2521 2614 2601 
f 2521 2372 2602 2614 
f 2057 2376 2604 2586 
f 2061 2380 2606 2588 
f 2065 2384 2608 2590 
f 2069 2388 2610 2592 
f 2073 2392 2612 2594 
f 2014 2003 2004 2013 
f 2018 1999 2000 2017 
f 2022 2561 2562 2021 
f 2026 1995 1996 2025 
f 2030 1991 1992 2029 
f 2034 1987 1988 2033 
f 2038 1983 1984 2037 
f 2042 2563 2559 2041 
f 2041 2559 2560 2045 
f 2331 2578 2579 2330 
f 2335 2576 2577 2334 
f 2339 2564 2565 2338 
f 2343 2574 2575 2342 
f 2347 2572 2573 2346 
f 2351 2570 2571 2350 
f 2355 2568 2569 2354 
f 2359 2566 2567 2358 
f 2330 2579 2003 2014 
f 2334 2577 1999 2018 
f 2338 2565 2561 2022 
f 2342 2575 1995 2026 
f 2346 2573 1991 2030 
f 2350 2571 1987 2034 
f 2354 2569 1983 2038 
f 2358 2567 2563 2042 
f 2009 2580 2578 2331 
f 2013 2004 2576 2335 
f 2017 2000 2564 2339 
f 2021 2562 2574 2343 
f 2025 1996 2572 2347 
f 2029 1992 2570 2351 
f 2033 1988 2568 2355 
f 2037 1984 2566 2359 
f 2012 2087 2615 2011 
f 2016 2541 2547 2015 
f 2020 2525 2557 2019 
f 2024 2533 2501 2023 
f 2028 2538 2555 2027 
f 2032 2523 2553 2031 
f 2036 2532 2500 2035 
f 2040 2527 2551 2039 
f 2044 2535 2503 2043 
f 634 2542 2535 2044 
f 2333 2548 2086 2332 
f 2337 2558 2540 2336 
f 2341 2398 2399 2340 
f 2345 2556 2539 2344 
f 2349 2554 2537 2348 
f 2353 2394 2395 2352 
f 2357 2552 2536 2356 
f 2361 2406 2407 2360 
f 2015 2547 2548 2333 
f 2019 2557 2558 2337 
f 2023 2501 2398 2341 
f 2027 2555 2556 2345 
f 2031 2553 2554 2349 
f 2035 2500 2394 2353 
f 2039 2551 2552 2357 
f 2043 2503 2406 2361 
f 2332 2086 2087 2012 
f 2336 2540 2541 2016 
f 2340 2399 2525 2020 
f 2344 2539 2533 2024 
f 2348 2537 2538 2028 
f 2352 2395 2523 2032 
f 2356 2536 2532 2036 
f 2360 2407 2527 2040 
f 2049 2529 2549 2048 
f 2050 2534 2502 2053 
f 2055 2423 2531 2054 
f 2059 2082 2083 2058 
f 2063 2419 2094 2062 
f 2067 2415 2530 2066 
f 2071 2078 2079 2070 
f 2074 2411 2529 2049 
f 2118 2091 2117 870 
f 2365 2550 2090 2364 
f 2369 2402 2403 2368 
f 2371 2101 2422 2370 
f 2375 2545 2546 2374 
f 2379 2098 2418 2378 
f 2383 2095 2414 2382 
f 2387 2543 2544 2386 
f 2391 2092 2410 2390 
f 2048 2549 2550 2365 
f 2053 2502 2402 2369 
f 2370 2422 2423 2055 
f 2374 2546 2082 2059 
f 2378 2418 2419 2063 
f 2382 2414 2415 2067 
f 2386 2544 2078 2071 
f 2390 2410 2411 2074 
f 2364 2090 2091 2118 
f 2368 2403 2100 2522 
f 2522 2100 2101 2371 
f 2054 2531 2545 2375 
f 2058 2083 2098 2379 
f 2062 2094 2095 2383 
f 2066 2530 2543 2387 
f 2070 2079 2092 2391 
f 2426 2617 2616 767 
f 2433 2619 2618 2432 
f 2437 2621 2620 2436 
f 2441 2623 2622 2440 
f 2445 2625 2624 2444 
f 2449 2627 2626 2448 
f 2453 2629 2628 2452 
f 2457 2631 2630 2456 
f 2461 2633 2632 2460 
f 2465 2635 2634 2464 
f 2469 2637 2636 2468 
f 2473 2639 2638 2472 
f 2477 2641 2640 2476 
f 2481 2643 2642 2480 
f 2485 2645 2644 2484 
f 2489 2647 2646 2488 
f 2492 2648 2617 2426 
f 2428 2649 2619 2433 
f 2432 2618 2621 2437 
f 2436 2620 2623 2441 
f 2440 2622 2625 2445 
f 2444 2624 2627 2449 
f 2448 2626 2629 2453 
f 2452 2628 2631 2457 
f 2456 2630 2633 2461 
f 2460 2632 2635 2465 
f 2464 2634 2637 2469 
f 2468 2636 2639 2473 
f 2472 2638 2641 2477 
f 2476 2640 2643 2481 
f 2480 2642 2645 2485 
f 2484 2644 2647 2489 
f 2488 2646 2648 2492 
f 2582 2647 2644 2581 
f 2584 2619 2649 2583 
f 2586 2624 2625 2585 
f 2588 2628 2629 2587 
f 2590 2632 2633 2589 
f 2592 2636 2637 2591 
f 2594 2640 2641 2593 
f 2581 2644 2645 2595 
f 2583 2649 2651 2650 
f 2597 2616 2617 2596 
f 2599 2648 2646 2598 
f 2601 2621 2618 2600 
f 2603 2622 2623 2602 
f 2605 2626 2627 2604 
f 2607 2630 2631 2606 
f 2609 2634 2635 2608 
f 2611 2638 2639 2610 
f 2613 2642 2643 2612 
f 2598 2646 2647 2582 
f 2600 2618 2619 2584 
f 2585 2625 2622 2603 
f 2587 2629 2626 2605 
f 2589 2633 2630 2607 
f 2591 2637 2634 2609 
f 2593 2641 2638 2611 
f 2595 2645 2642 2613 
f 2596 2617 2648 2599 
f 2614 2620 2621 2601 
f 2602 2623 2620 2614 
f 2604 2627 2624 2586 
f 2606 2631 2628 2588 
f 2608 2635 2632 2590 
f 2610 2639 2636 2592 
f 2612 2643 2640 2594 
f 2652 2615 2087 2084 
f 1952 2653 2513 1951 
f 2653 2654 2512 2513 
f 2654 2655 2511 2512 
f 2655 2656 2510 2511 
f 2656 2657 2509 2510 
f 2657 2658 2508 2509 
f 2658 3713 3709 2508 
f 2659 2652 2084 2534 
f 2660 2008 2005 2580 
f 2007 1953 1950 2006 
f 2010 2660 2580 2009 
f 2104 2659 2534 2050 
f 2650 2105 2051 2583 
f 2429 2651 2649 2428 
f 2661 2664 2663 2662 
f 2665 2666 2664 2661 
f 2667 2668 2666 2665 
f 3743 3745 2668 2667 
f 2669 2662 2663 2670 
f 2671 2669 2670 2672 
f 2671 2672 2674 2673 
f 2675 3747 3749 2676 
f 2677 3751 3753 2678 
f 2679 3755 3757 2680 
f 2681 3759 3761 2682 
f 2683 3763 3765 2684 
f 2685 3767 3769 2686 
f 2687 3771 3773 2688 
f 2689 2687 2688 2690 
f 2691 2689 2690 2692 
f 2691 2692 2694 2693 
f 2695 2693 2694 2696 
f 2697 2695 2696 2698 
f 2699 2697 2698 2700 
f 2701 2704 2703 2702 
f 2704 2701 2706 2705 
f 2707 2710 2709 2708 
f 2711 2714 2713 2712 
f 2715 2718 2717 2716 
f 2719 2722 2721 2720 
f 2697 2724 2723 2695 
f 2695 2723 2725 2693 
f 2693 2725 2726 2691 
f 2691 2726 2727 2689 
f 2689 2727 2728 2687 
f 2704 2705 2730 2729 
f 2729 2730 2732 2731 
f 2731 2732 2734 2733 
f 2733 2734 2736 2735 
f 2735 2736 2737 2685 
f 2738 2741 2740 2739 
f 2739 2740 2743 2742 
f 2742 2743 2745 2744 
f 2744 2745 2747 2746 
f 2746 2747 2748 2683 
f 2710 2751 2750 2749 
f 2749 2750 2753 2752 
f 2752 2753 2755 2754 
f 2754 2755 2757 2756 
f 2756 2757 2758 2681 
f 2714 2761 2760 2759 
f 2759 2760 2763 2762 
f 2762 2763 2765 2764 
f 2764 2765 2767 2766 
f 2766 2767 2768 2679 
f 2718 2771 2770 2769 
f 2769 2770 2773 2772 
f 2772 2773 2775 2774 
f 2774 2775 2777 2776 
f 2776 2777 2778 2677 
f 3748 3776 4016 4018 
f 3780 3778 4020 4022 
f 4024 4026 3770 3768 
f 4028 4030 3766 3764 
f 4032 4034 3762 3760 
f 4036 4038 3758 3756 
f 4040 4042 3754 3752 
f 4018 4044 3750 3748 
f 2779 2782 2781 2780 
f 2783 2779 2780 2784 
f 4039 4045 2786 2785 
f 4035 4047 2788 2787 
f 4031 4049 2790 2789 
f 4027 4051 2792 2791 
f 4023 4053 2794 2793 
f 4055 4057 2796 2795 
f 4021 4019 2798 2797 
f 2799 2797 2798 2800 
f 2801 2799 2800 2802 
f 2801 2802 2804 2803 
f 2795 2796 2806 2805 
f 2805 2806 2808 2807 
f 2807 2808 2810 2809 
f 2793 2794 2812 2811 
f 2811 2812 2814 2813 
f 2813 2814 2816 2815 
f 2791 2792 2818 2817 
f 2817 2818 2820 2819 
f 2819 2820 2822 2821 
f 2789 2790 2824 2823 
f 2823 2824 2826 2825 
f 2825 2826 2828 2827 
f 2787 2788 2830 2829 
f 2829 2830 2832 2831 
f 2831 2832 2834 2833 
f 2785 2786 2836 2835 
f 2835 2836 2838 2837 
f 2837 2838 2840 2839 
f 2841 4017 4015 2842 
f 2843 2846 2845 2844 
f 2847 2848 1952 1953 
f 2849 2673 2674 2850 
f 2851 2699 2700 2852 
f 2853 2701 2702 2854 
f 2855 2858 2857 2856 
f 2859 2707 2708 2860 
f 2861 2711 2712 2862 
f 2863 2715 2716 2864 
f 2865 2719 2720 2866 
f 2867 2869 1090 2868 
f 2870 2873 2872 2871 
f 2869 2867 2875 2874 
f 2876 2879 2878 2877 
f 2880 2883 2882 2881 
f 2884 2887 2886 2885 
f 2888 2891 2890 2889 
f 2892 2895 2894 2893 
f 2896 2899 2898 2897 
f 2900 2901 2007 2008 
f 2902 2010 2011 2903 
f 2904 2907 2906 2905 
f 2908 2911 2910 2909 
f 2912 2915 2914 2913 
f 2916 2919 2918 2917 
f 2920 2923 2922 2921 
f 2924 2927 2926 2925 
f 2928 2931 2930 2929 
f 2932 2935 2934 2933 
f 2932 2933 1160 2936 
f 2937 2940 2939 2938 
f 2941 2944 2943 2942 
f 2945 2948 2947 2946 
f 2949 2952 2951 2950 
f 2953 2956 2955 2954 
f 2957 2960 2959 2958 
f 2961 2964 2963 2962 
f 2938 2966 2965 2937 
f 2967 2970 2969 2968 
f 2971 2974 2973 2972 
f 2975 2978 2977 2976 
f 2979 2982 2981 2980 
f 2968 2984 2983 2967 
f 2985 2988 2987 2986 
f 2972 2990 2989 2971 
f 2991 2994 2993 2992 
f 2941 2104 2105 2944 
f 4022 3992 3714 3780 
f 2803 2106 2107 2801 
f 2801 2107 2108 2799 
f 2799 2108 2109 2797 
f 2797 2109 3991 4021 
f 3926 4060 3744 3646 
f 2995 2997 2996 2782 
f 1221 2995 2782 2779 
f 2998 1221 2779 2783 
f 2998 2783 4059 3925 
f 3645 3743 2667 2999 
f 1222 2999 2667 2665 
f 3000 1222 2665 2661 
f 3001 3000 2661 2662 
f 3002 3001 2662 2669 
f 1223 3002 2669 2671 
f 1223 2671 2673 3003 
f 3004 3003 2673 2849 
f 3005 2979 2980 1224 
f 3006 3009 3008 3007 
f 3010 3013 3012 3011 
f 3014 3015 3013 3010 
f 3016 3017 3015 3014 
f 3781 3775 3017 3016 
f 3011 3012 3019 3018 
f 3018 3019 3021 3020 
f 3020 3021 3023 3022 
f 3783 3785 2778 3024 
f 3787 3789 2768 3025 
f 3791 3793 2758 3026 
f 3795 3797 2748 3027 
f 3799 3801 2737 3028 
f 3803 3805 2728 3029 
f 3807 3777 3031 3030 
f 3030 3031 3033 3032 
f 3032 3033 3035 3034 
f 3034 3035 3037 3036 
f 3036 3037 3039 3038 
f 3038 3039 3041 3040 
f 3040 3041 3043 3042 
f 3044 2724 3046 3045 
f 3047 3049 2857 3048 
f 3050 2741 3052 3051 
f 3053 2751 3055 3054 
f 3056 2761 3058 3057 
f 3059 2771 3061 3060 
f 3044 2703 3063 3062 
f 3062 3063 3065 3064 
f 3064 3065 3067 3066 
f 3066 3067 3069 3068 
f 3068 3069 2686 3029 
f 3047 3048 3071 3070 
f 3070 3071 3073 3072 
f 3072 3073 3075 3074 
f 3074 3075 3077 3076 
f 3076 3077 2684 3028 
f 3050 2709 3079 3078 
f 3078 3079 3081 3080 
f 3080 3081 3083 3082 
f 3082 3083 3085 3084 
f 3084 3085 2682 3027 
f 3053 2713 3087 3086 
f 3086 3087 3089 3088 
f 3088 3089 3091 3090 
f 3090 3091 3093 3092 
f 3092 3093 2680 3026 
f 3056 2717 3095 3094 
f 3094 3095 3097 3096 
f 3096 3097 3099 3098 
f 3098 3099 3101 3100 
f 3100 3101 2678 3025 
f 3059 2721 3103 3102 
f 3102 3103 3105 3104 
f 3104 3105 3107 3106 
f 3106 3107 3109 3108 
f 3108 3109 2676 3024 
f 3782 3746 4062 4064 
f 3808 3774 4066 4068 
f 4070 4058 3806 3804 
f 4072 4054 3802 3800 
f 4074 4052 3798 3796 
f 4076 4050 3794 3792 
f 4078 4048 3790 3788 
f 4080 4046 3786 3784 
f 3110 2846 3112 3111 
f 3111 3112 2842 3113 
f 4079 4043 3115 3114 
f 4077 4041 3117 3116 
f 4075 4037 3119 3118 
f 4073 4033 3121 3120 
f 4071 4029 3123 3122 
f 4069 4025 3125 3124 
f 4067 4065 3127 3126 
f 3126 3127 3129 3128 
f 3128 3129 3131 3130 
f 3130 3131 3133 3132 
f 3124 3125 3135 3134 
f 3134 3135 3137 3136 
f 3136 3137 3139 3138 
f 3122 3123 3141 3140 
f 3140 3141 3143 3142 
f 3142 3143 3145 3144 
f 3120 3121 3147 3146 
f 3146 3147 3149 3148 
f 3148 3149 3151 3150 
f 3118 3119 3153 3152 
f 3152 3153 3155 3154 
f 3154 3155 3157 3156 
f 3116 3117 3159 3158 
f 3158 3159 3161 3160 
f 3160 3161 3163 3162 
f 3114 3115 3165 3164 
f 3164 3165 3167 3166 
f 3166 3167 3169 3168 
f 4063 4061 2784 3113 
f 3110 2781 3171 3170 
f 3172 3022 3023 3173 
f 3174 3042 3043 3175 
f 3176 3045 3046 3177 
f 3178 3049 2706 3179 
f 3180 3051 3052 3181 
f 3182 3054 3055 3183 
f 3184 3057 3058 3185 
f 3186 3060 3061 3187 
f 3188 3191 3190 3189 
f 3192 3195 3194 3193 
f 3196 3199 3198 3197 
f 3200 3203 3202 3201 
f 3204 3207 3206 3205 
f 3208 3211 3210 3209 
f 3212 3215 3214 3213 
f 3216 3219 3218 3217 
f 3220 3223 3222 3221 
f 3224 3227 3226 3225 
f 3228 3231 3230 3229 
f 3232 3235 3234 3233 
f 3236 3239 3238 3237 
f 3240 3243 3242 3241 
f 3244 3247 3246 3245 
f 3248 3251 3250 3249 
f 3252 3255 3254 3253 
f 3256 3259 3258 3257 
f 3260 3263 3262 3261 
f 3264 3267 3266 3265 
f 3268 3271 3270 3269 
f 3272 3275 3274 3273 
f 3276 3279 3278 3277 
f 3280 3283 3282 3281 
f 3284 3287 3286 3285 
f 3288 3291 3290 3289 
f 3292 3295 3294 3293 
f 3296 3299 3298 3297 
f 3300 3303 3302 3301 
f 3304 3307 3306 3305 
f 3308 3311 3310 3309 
f 3312 3315 3314 3313 
f 1534 3318 3317 3316 
f 3319 2429 2430 3320 
f 3321 3324 3323 3322 
f 3325 3328 3327 3326 
f 3329 3332 3331 3330 
f 3333 3336 3335 3334 
f 3337 3340 3339 3338 
f 3341 3344 3343 3342 
f 3345 3348 3347 3346 
f 3349 3352 3351 3350 
f 3353 3356 3355 3354 
f 3357 3360 3359 3358 
f 3361 3364 3363 3362 
f 3365 3368 3367 3366 
f 3369 3372 3371 3370 
f 3373 3376 3375 3374 
f 3377 3380 3379 3378 
f 3318 3382 3381 3317 
f 3316 3317 2996 2997 
f 3320 2430 2106 2803 
f 3322 3323 2804 3132 
f 3326 3327 3133 2809 
f 3330 3331 2810 3138 
f 3334 3335 3139 2815 
f 3338 3339 2816 3144 
f 3342 3343 3145 2821 
f 3346 3347 2822 3150 
f 3350 3351 3151 2827 
f 3354 3355 2828 3156 
f 3358 3359 3157 2833 
f 3362 3363 2834 3162 
f 3366 3367 3163 2839 
f 3370 3371 2840 3168 
f 3374 3375 3169 2844 
f 3378 3379 2845 3170 
f 3317 3381 3171 2996 
f 2664 3010 3011 2663 
f 2666 3014 3010 2664 
f 2668 3016 3014 2666 
f 3745 3781 3016 2668 
f 2663 3011 3018 2670 
f 2670 3018 3020 2672 
f 2672 3020 3022 2674 
f 3749 3783 3024 2676 
f 3753 3787 3025 2678 
f 3757 3791 3026 2680 
f 3761 3795 3027 2682 
f 3765 3799 3028 2684 
f 3769 3803 3029 2686 
f 3773 3807 3030 2688 
f 2688 3030 3032 2690 
f 2690 3032 3034 2692 
f 2692 3034 3036 2694 
f 2694 3036 3038 2696 
f 2696 3038 3040 2698 
f 2698 3040 3042 2700 
f 2703 3044 3045 2702 
f 2705 2706 3049 3047 
f 2709 3050 3051 2708 
f 2713 3053 3054 2712 
f 2717 3056 3057 2716 
f 2721 3059 3060 2720 
f 2724 3044 3062 2723 
f 2723 3062 3064 2725 
f 2725 3064 3066 2726 
f 2726 3066 3068 2727 
f 2727 3068 3029 2728 
f 2705 3047 3070 2730 
f 2730 3070 3072 2732 
f 2732 3072 3074 2734 
f 2734 3074 3076 2736 
f 2736 3076 3028 2737 
f 2741 3050 3078 2740 
f 2740 3078 3080 2743 
f 2743 3080 3082 2745 
f 2745 3082 3084 2747 
f 2747 3084 3027 2748 
f 2751 3053 3086 2750 
f 2750 3086 3088 2753 
f 2753 3088 3090 2755 
f 2755 3090 3092 2757 
f 2757 3092 3026 2758 
f 2761 3056 3094 2760 
f 2760 3094 3096 2763 
f 2763 3096 3098 2765 
f 2765 3098 3100 2767 
f 2767 3100 3025 2768 
f 2771 3059 3102 2770 
f 2770 3102 3104 2773 
f 2773 3104 3106 2775 
f 2775 3106 3108 2777 
f 2777 3108 3024 2778 
f 3776 3782 4064 4016 
f 3778 3808 4068 4020 
f 4026 4070 3804 3770 
f 4030 4072 3800 3766 
f 4034 4074 3796 3762 
f 4038 4076 3792 3758 
f 4042 4078 3788 3754 
f 4044 4080 3784 3750 
f 2781 3110 3111 2780 
f 2780 3111 3113 2784 
f 4045 4079 3114 2786 
f 4047 4077 3116 2788 
f 4049 4075 3118 2790 
f 4051 4073 3120 2792 
f 4053 4071 3122 2794 
f 4057 4069 3124 2796 
f 4019 4067 3126 2798 
f 2798 3126 3128 2800 
f 2800 3128 3130 2802 
f 2802 3130 3132 2804 
f 2796 3124 3134 2806 
f 2806 3134 3136 2808 
f 2808 3136 3138 2810 
f 2794 3122 3140 2812 
f 2812 3140 3142 2814 
f 2814 3142 3144 2816 
f 2792 3120 3146 2818 
f 2818 3146 3148 2820 
f 2820 3148 3150 2822 
f 2790 3118 3152 2824 
f 2824 3152 3154 2826 
f 2826 3154 3156 2828 
f 2788 3116 3158 2830 
f 2830 3158 3160 2832 
f 2832 3160 3162 2834 
f 2786 3114 3164 2836 
f 2836 3164 3166 2838 
f 2838 3166 3168 2840 
f 4015 4063 3113 2842 
f 2846 3110 3170 2845 
f 2850 2674 3022 3172 
f 2852 2700 3042 3174 
f 2854 2702 3045 3176 
f 2856 2857 3049 3178 
f 2860 2708 3051 3180 
f 2862 2712 3054 3182 
f 2864 2716 3057 3184 
f 2866 2720 3060 3186 
f 2871 2872 3191 3188 
f 2874 2875 3195 3192 
f 2879 3383 3199 3196 
f 2883 3384 3203 3200 
f 2887 3385 3207 3204 
f 2891 3386 3211 3208 
f 2895 3387 3215 3212 
f 2899 3388 3219 3216 
f 2907 3220 3221 2906 
f 2911 3224 3225 2910 
f 2915 3228 3229 2914 
f 2919 3232 3233 2918 
f 2923 3236 3237 2922 
f 2927 3240 3241 2926 
f 2931 3244 3245 2930 
f 2935 3248 3249 2934 
f 2940 3252 3253 2939 
f 2943 3256 3257 2942 
f 2948 3260 3261 2947 
f 2952 3264 3265 2951 
f 2956 3268 3269 2955 
f 2960 3272 3273 2959 
f 2964 3276 3277 2963 
f 2966 3280 3281 2965 
f 3389 3284 3285 2970 
f 3390 3288 3289 2974 
f 3391 3292 3293 2978 
f 3392 3296 3297 2982 
f 2984 3300 3301 2983 
f 2988 3304 3305 2987 
f 2990 3308 3309 2989 
f 2994 3312 3313 2993 
f 3013 3394 3393 3012 
f 3015 3395 3394 3013 
f 3017 2675 3395 3015 
f 3775 3747 2675 3017 
f 3012 3393 3396 3019 
f 3019 3396 2722 3021 
f 3021 2722 2719 3023 
f 3785 3751 2677 2778 
f 3789 3755 2679 2768 
f 3793 3759 2681 2758 
f 3797 3763 2683 2748 
f 3801 3767 2685 2737 
f 3805 3771 2687 2728 
f 3777 3779 3397 3031 
f 3031 3397 3398 3033 
f 3033 3398 3399 3035 
f 3035 3399 3400 3037 
f 3037 3400 3401 3039 
f 3039 3401 3402 3041 
f 3041 3402 2848 3043 
f 2724 2697 2699 3046 
f 3048 2857 2858 2738 
f 2741 2738 2858 3052 
f 2751 2710 2707 3055 
f 2761 2714 2711 3058 
f 2771 2718 2715 3061 
f 2703 2704 2729 3063 
f 3063 2729 2731 3065 
f 3065 2731 2733 3067 
f 3067 2733 2735 3069 
f 3069 2735 2685 2686 
f 3048 2738 2739 3071 
f 3071 2739 2742 3073 
f 3073 2742 2744 3075 
f 3075 2744 2746 3077 
f 3077 2746 2683 2684 
f 2709 2710 2749 3079 
f 3079 2749 2752 3081 
f 3081 2752 2754 3083 
f 3083 2754 2756 3085 
f 3085 2756 2681 2682 
f 2713 2714 2759 3087 
f 3087 2759 2762 3089 
f 3089 2762 2764 3091 
f 3091 2764 2766 3093 
f 3093 2766 2679 2680 
f 2717 2718 2769 3095 
f 3095 2769 2772 3097 
f 3097 2772 2774 3099 
f 3099 2774 2776 3101 
f 3101 2776 2677 2678 
f 2721 2722 3396 3103 
f 3103 3396 3393 3105 
f 3105 3393 3394 3107 
f 3107 3394 3395 3109 
f 3109 3395 2675 2676 
f 3746 3744 4060 4062 
f 3774 3772 4056 4066 
f 4058 4056 3772 3806 
f 4054 4024 3768 3802 
f 4052 4028 3764 3798 
f 4050 4032 3760 3794 
f 4048 4036 3756 3790 
f 4046 4040 3752 3786 
f 2846 2843 3403 3112 
f 3112 3403 2841 2842 
f 4043 4017 2841 3115 
f 4041 4039 2785 3117 
f 4037 4035 2787 3119 
f 4033 4031 2789 3121 
f 4029 4027 2791 3123 
f 4025 4023 2793 3125 
f 4065 4055 2795 3127 
f 3127 2795 2805 3129 
f 3129 2805 2807 3131 
f 3131 2807 2809 3133 
f 3125 2793 2811 3135 
f 3135 2811 2813 3137 
f 3137 2813 2815 3139 
f 3123 2791 2817 3141 
f 3141 2817 2819 3143 
f 3143 2819 2821 3145 
f 3121 2789 2823 3147 
f 3147 2823 2825 3149 
f 3149 2825 2827 3151 
f 3119 2787 2829 3153 
f 3153 2829 2831 3155 
f 3155 2831 2833 3157 
f 3117 2785 2835 3159 
f 3159 2835 2837 3161 
f 3161 2837 2839 3163 
f 3115 2841 3403 3165 
f 3165 3403 2843 3167 
f 3167 2843 2844 3169 
f 4061 4059 2783 2784 
f 2781 2782 2996 3171 
f 3173 3023 2719 2865 
f 3175 3043 2848 2847 
f 3177 3046 2699 2851 
f 3179 2706 2701 2853 
f 3181 3052 2858 2855 
f 3183 3055 2707 2859 
f 3185 3058 2711 2861 
f 3187 3061 2715 2863 
f 3189 3190 3404 2892 
f 3193 3194 3405 2876 
f 3197 3198 3406 2880 
f 3201 3202 3407 2884 
f 3205 3206 3408 2888 
f 3209 3210 2873 2870 
f 3213 3214 3409 2896 
f 3217 3218 2901 2900 
f 3223 2902 2903 3222 
f 3227 2904 2905 3226 
f 3231 2908 2909 3230 
f 3235 2912 2913 3234 
f 3239 2916 2917 3238 
f 3243 2920 2921 3242 
f 3247 2924 2925 3246 
f 3251 2928 2929 3250 
f 3255 3007 3008 3254 
f 3259 3411 3410 3258 
f 3263 3410 3411 3262 
f 3267 2945 2946 3266 
f 3271 2949 2950 3270 
f 3275 2953 2954 3274 
f 3279 2957 2958 3278 
f 3283 2961 2962 3282 
f 3287 3413 3412 3286 
f 3291 3415 3414 3290 
f 3295 2991 2992 3294 
f 3299 3417 3416 3298 
f 3303 3418 3416 3302 
f 3307 3419 3412 3306 
f 3311 2985 2986 3310 
f 3315 3420 3414 3314 
f 3324 3319 3320 3323 
f 3328 3321 3322 3327 
f 3332 3325 3326 3331 
f 3336 3329 3330 3335 
f 3340 3333 3334 3339 
f 3344 3337 3338 3343 
f 3348 3341 3342 3347 
f 3352 3345 3346 3351 
f 3356 3349 3350 3355 
f 3360 3353 3354 3359 
f 3364 3357 3358 3363 
f 3368 3361 3362 3367 
f 3372 3365 3366 3371 
f 3376 3369 3370 3375 
f 3380 3373 3374 3379 
f 3382 3377 3378 3381 
f 3323 3320 2803 2804 
f 3327 3322 3132 3133 
f 3331 3326 2809 2810 
f 3335 3330 3138 3139 
f 3339 3334 2815 2816 
f 3343 3338 3144 3145 
f 3347 3342 2821 2822 
f 3351 3346 3150 3151 
f 3355 3350 2827 2828 
f 3359 3354 3156 3157 
f 3363 3358 2833 2834 
f 3367 3362 3162 3163 
f 3371 3366 2839 2840 
f 3375 3370 3168 3169 
f 3379 3374 2844 2845 
f 3381 3378 3170 3171 
f 2967 3421 3389 2970 
f 2971 3422 3390 2974 
f 2975 3423 3391 2978 
f 2979 3424 3392 2982 
f 2983 3425 3421 2967 
f 2987 3427 3426 2986 
f 2989 3428 3422 2971 
f 2993 3430 3429 2992 
f 3005 1651 3424 2979 
f 3286 3432 3431 3285 
f 3290 3434 3433 3289 
f 3294 3436 3435 3293 
f 3298 3438 3437 3297 
f 3302 3440 3439 3301 
f 3306 3442 3441 3305 
f 3310 3444 3443 3309 
f 3314 3446 3445 3313 
f 3285 3431 2969 2970 
f 3289 3433 2973 2974 
f 3293 3435 2977 2978 
f 3297 3437 2981 2982 
f 3301 3439 3425 2983 
f 3305 3441 3427 2987 
f 3309 3443 3428 2989 
f 3313 3445 3430 2993 
f 3412 3419 3432 3286 
f 3414 3420 3434 3290 
f 2992 3429 3436 3294 
f 3416 3418 3438 3298 
f 3416 3417 3440 3302 
f 3412 3413 3442 3306 
f 2986 3426 3444 3310 
f 3414 3415 3446 3314 
f 2869 3448 3447 1090 
f 2871 3450 3449 2870 
f 2874 3451 3448 2869 
f 2876 3405 3383 2879 
f 2880 3406 3384 2883 
f 2884 3407 3385 2887 
f 2888 3408 3386 2891 
f 2892 3404 3387 2895 
f 2896 3409 3388 2899 
f 3189 3453 3452 3188 
f 3193 3455 3454 3192 
f 3197 3457 3456 3196 
f 3201 3459 3458 3200 
f 3205 3461 3460 3204 
f 3209 3463 3462 3208 
f 3213 3465 3464 3212 
f 3217 3467 3466 3216 
f 3188 3452 3450 2871 
f 3192 3454 3451 2874 
f 3196 3456 2878 2879 
f 3200 3458 2882 2883 
f 3204 3460 2886 2887 
f 3208 3462 2890 2891 
f 3212 3464 2894 2895 
f 3216 3466 2898 2899 
f 2892 2893 3453 3189 
f 2876 2877 3455 3193 
f 2880 2881 3457 3197 
f 2884 2885 3459 3201 
f 2888 2889 3461 3205 
f 2870 3449 3463 3209 
f 2896 2897 3465 3213 
f 2900 3468 3467 3217 
f 2850 2875 2867 2849 
f 2852 3388 3409 2851 
f 2854 3387 3404 2853 
f 2856 2872 2873 2855 
f 2860 3386 3408 2859 
f 2862 3385 3407 2861 
f 2864 3384 3406 2863 
f 2866 3383 3405 2865 
f 2849 2867 2868 3004 
f 3173 3194 3195 3172 
f 3175 3218 3219 3174 
f 3177 3214 3215 3176 
f 3179 3190 3191 3178 
f 3181 3210 3211 3180 
f 3183 3206 3207 3182 
f 3185 3202 3203 3184 
f 3187 3198 3199 3186 
f 3172 3195 2875 2850 
f 3174 3219 3388 2852 
f 3176 3215 3387 2854 
f 3178 3191 2872 2856 
f 3180 3211 3386 2860 
f 3182 3207 3385 2862 
f 3184 3203 3384 2864 
f 3186 3199 3383 2866 
f 2865 3405 3194 3173 
f 2847 2901 3218 3175 
f 2851 3409 3214 3177 
f 2853 3404 3190 3179 
f 2855 2873 3210 3181 
f 2859 3408 3206 3183 
f 2861 3407 3202 3185 
f 2863 3406 3198 3187 
f 2937 3470 3469 2940 
f 2944 3472 3471 2943 
f 2947 3474 3473 2946 
f 2951 3476 3475 2950 
f 2955 3478 3477 2954 
f 2959 3480 3479 2958 
f 2963 3482 3481 2962 
f 2965 3483 3470 2937 
f 3007 3485 3484 3006 
f 3252 3487 3486 3255 
f 3256 3489 3488 3259 
f 3262 3491 3490 3261 
f 3266 3493 3492 3265 
f 3270 3495 3494 3269 
f 3274 3497 3496 3273 
f 3278 3499 3498 3277 
f 3282 3501 3500 3281 
f 2940 3469 3487 3252 
f 2943 3471 3489 3256 
f 3261 3490 3474 2947 
f 3265 3492 3476 2951 
f 3269 3494 3478 2955 
f 3273 3496 3480 2959 
f 3277 3498 3482 2963 
f 3281 3500 3483 2965 
f 3255 3486 3485 3007 
f 3259 3488 3502 3411 
f 3411 3502 3491 3262 
f 2946 3473 3493 3266 
f 2950 3475 3495 3270 
f 2954 3477 3497 3274 
f 2958 3479 3499 3278 
f 2962 3481 3501 3282 
f 2907 2904 2897 2898 
f 2911 2908 2893 2894 
f 2915 2912 3449 3450 
f 2919 2916 2889 2890 
f 2923 2920 2885 2886 
f 2927 2924 2881 2882 
f 2931 2928 2877 2878 
f 2935 2932 3448 3451 
f 2932 2936 3447 3448 
f 3223 3220 3466 3467 
f 3227 3224 3464 3465 
f 3231 3228 3452 3453 
f 3235 3232 3462 3463 
f 3239 3236 3460 3461 
f 3243 3240 3458 3459 
f 3247 3244 3456 3457 
f 3251 3248 3454 3455 
f 3220 2907 2898 3466 
f 3224 2911 2894 3464 
f 3228 2915 3450 3452 
f 3232 2919 2890 3462 
f 3236 2923 2886 3460 
f 3240 2927 2882 3458 
f 3244 2931 2878 3456 
f 3248 2935 3451 3454 
f 2902 3223 3467 3468 
f 2904 3227 3465 2897 
f 2908 3231 3453 2893 
f 2912 3235 3463 3449 
f 2916 3239 3461 2889 
f 2920 3243 3459 2885 
f 2924 3247 3457 2881 
f 2928 3251 3455 2877 
f 2903 2011 2615 2976 
f 2905 2906 3436 3429 
f 2909 2910 3446 3415 
f 2913 2914 3390 3422 
f 2917 2918 3444 3426 
f 2921 2922 3442 3413 
f 2925 2926 3389 3421 
f 2929 2930 3440 3417 
f 2933 2934 3392 3424 
f 1160 2933 3424 1651 
f 3221 3222 2977 3435 
f 3225 3226 3430 3445 
f 3229 3230 3291 3288 
f 3233 3234 3428 3443 
f 3237 3238 3427 3441 
f 3241 3242 3287 3284 
f 3245 3246 3425 3439 
f 3249 3250 3299 3296 
f 2906 3221 3435 3436 
f 2910 3225 3445 3446 
f 2914 3229 3288 3390 
f 2918 3233 3443 3444 
f 2922 3237 3441 3442 
f 2926 3241 3284 3389 
f 2930 3245 3439 3440 
f 2934 3249 3296 3392 
f 3222 2903 2976 2977 
f 3226 2905 3429 3430 
f 3230 2909 3415 3291 
f 3234 2913 3422 3428 
f 3238 2917 3426 3427 
f 3242 2921 3413 3287 
f 3246 2925 3421 3425 
f 3250 2929 3417 3299 
f 2938 2939 3438 3418 
f 2941 2942 3391 3423 
f 2948 2945 3420 3315 
f 2952 2949 2972 2973 
f 2956 2953 2985 3311 
f 2960 2957 3419 3307 
f 2964 2961 2968 2969 
f 2966 2938 3418 3303 
f 3008 3009 1224 2980 
f 3253 3254 2981 3437 
f 3257 3258 3295 3292 
f 3263 3260 3312 2994 
f 3267 3264 3433 3434 
f 3271 3268 3308 2990 
f 3275 3272 3304 2988 
f 3279 3276 3431 3432 
f 3283 3280 3300 2984 
f 2939 3253 3437 3438 
f 2942 3257 3292 3391 
f 3260 2948 3315 3312 
f 3264 2952 2973 3433 
f 3268 2956 3311 3308 
f 3272 2960 3307 3304 
f 3276 2964 2969 3431 
f 3280 2966 3303 3300 
f 3254 3008 2980 2981 
f 3258 3410 2991 3295 
f 3410 3263 2994 2991 
f 2945 3267 3434 3420 
f 2949 3271 2990 2972 
f 2953 3275 2988 2985 
f 2957 3279 3432 3419 
f 2961 3283 2984 2968 
f 3318 1534 3504 3503 
f 3324 3321 3506 3505 
f 3328 3325 3508 3507 
f 3332 3329 3510 3509 
f 3336 3333 3512 3511 
f 3340 3337 3514 3513 
f 3344 3341 3516 3515 
f 3348 3345 3518 3517 
f 3352 3349 3520 3519 
f 3356 3353 3522 3521 
f 3360 3357 3524 3523 
f 3364 3361 3526 3525 
f 3368 3365 3528 3527 
f 3372 3369 3530 3529 
f 3376 3373 3532 3531 
f 3380 3377 3534 3533 
f 3382 3318 3503 3535 
f 3319 3324 3505 3536 
f 3321 3328 3507 3506 
f 3325 3332 3509 3508 
f 3329 3336 3511 3510 
f 3333 3340 3513 3512 
f 3337 3344 3515 3514 
f 3341 3348 3517 3516 
f 3345 3352 3519 3518 
f 3349 3356 3521 3520 
f 3353 3360 3523 3522 
f 3357 3364 3525 3524 
f 3361 3368 3527 3526 
f 3365 3372 3529 3528 
f 3369 3376 3531 3530 
f 3373 3380 3533 3532 
f 3377 3382 3535 3534 
f 3469 3470 3532 3533 
f 3471 3472 3536 3505 
f 3473 3474 3511 3512 
f 3475 3476 3515 3516 
f 3477 3478 3519 3520 
f 3479 3480 3523 3524 
f 3481 3482 3527 3528 
f 3470 3483 3531 3532 
f 3472 2650 2651 3536 
f 3484 3485 3503 3504 
f 3486 3487 3534 3535 
f 3488 3489 3506 3507 
f 3490 3491 3509 3510 
f 3492 3493 3513 3514 
f 3494 3495 3517 3518 
f 3496 3497 3521 3522 
f 3498 3499 3525 3526 
f 3500 3501 3529 3530 
f 3487 3469 3533 3534 
f 3489 3471 3505 3506 
f 3474 3490 3510 3511 
f 3476 3492 3514 3515 
f 3478 3494 3518 3519 
f 3480 3496 3522 3523 
f 3482 3498 3526 3527 
f 3483 3500 3530 3531 
f 3485 3486 3535 3503 
f 3502 3488 3507 3508 
f 3491 3502 3508 3509 
f 3493 3473 3512 3513 
f 3495 3475 3516 3517 
f 3497 3477 3520 3521 
f 3499 3479 3524 3525 
f 3501 3481 3528 3529 
f 2652 2975 2976 2615 
f 1952 2848 3402 2653 
f 2653 3402 3401 2654 
f 2654 3401 3400 2655 
f 2655 3400 3399 2656 
f 2656 3399 3398 2657 
f 2657 3398 3397 2658 
f 2658 3397 3779 3713 
f 2659 3423 2975 2652 
f 2660 3468 2900 2008 
f 2007 2901 2847 1953 
f 2010 2902 3468 2660 
f 2104 2941 3423 2659 
f 2650 3472 2944 2105 
f 2429 3319 3536 2651 
f 3578 3542 3541 3577 
f 3606 3570 3569 3605 
f 3562 3564 3563 3561 
f 3558 3560 3559 3557 
f 3554 3556 3555 3553 
f 3550 3552 3551 3549 
f 3546 3548 3547 3545 
f 3542 3544 3543 3541 
f 3570 3572 3571 3569 
f 3574 3538 3537 3573 
f 3540 3576 3575 3539 
f 3568 3604 3603 3567 
f 3600 3602 3601 3599 
f 3596 3598 3597 3595 
f 3592 3594 3593 3591 
f 3588 3590 3589 3587 
f 3584 3586 3585 3583 
f 3580 3582 3581 3579 
f 3576 3578 3577 3575 
f 3604 3606 3605 3603 
f 3564 3600 3599 3563 
f 3560 3596 3595 3559 
f 3556 3592 3591 3555 
f 3552 3588 3587 3551 
f 3548 3584 3583 3547 
f 3544 3580 3579 3543 
f 3538 3540 3539 3537 
f 3566 3568 3567 3565 
f 3602 3566 3565 3601 
f 3598 3562 3561 3597 
f 3594 3558 3557 3593 
f 3590 3554 3553 3589 
f 3586 3550 3549 3585 
f 3582 3546 3545 3581 
f 3614 3640 3639 3613 
f 3642 3644 3643 3641 
f 3632 3634 3633 3631 
f 3628 3630 3629 3627 
f 3624 3626 3625 3623 
f 3620 3622 3621 3619 
f 3616 3618 3617 3615 
f 3612 3614 3613 3611 
f 3572 3642 3641 3571 
f 3610 3646 3645 3609 
f 3648 3608 3607 3647 
f 3674 3636 3635 3673 
f 3670 3672 3671 3669 
f 3666 3668 3667 3665 
f 3662 3664 3663 3661 
f 3658 3660 3659 3657 
f 3654 3656 3655 3653 
f 3650 3652 3651 3649 
f 3640 3648 3647 3639 
f 3644 3674 3673 3643 
f 3672 3632 3631 3671 
f 3668 3628 3627 3667 
f 3664 3624 3623 3663 
f 3660 3620 3619 3659 
f 3656 3616 3615 3655 
f 3652 3612 3611 3651 
f 3608 3610 3609 3607 
f 3636 3638 3637 3635 
f 3638 3670 3669 3637 
f 3634 3666 3665 3633 
f 3630 3662 3661 3629 
f 3626 3658 3657 3625 
f 3622 3654 3653 3621 
f 3618 3650 3649 3617 
f 3682 3708 3707 3681 
f 3710 3712 3711 3709 
f 3700 3702 3701 3699 
f 3696 3698 3697 3695 
f 3692 3694 3693 3691 
f 3688 3690 3689 3687 
f 3684 3686 3685 3683 
f 3680 3682 3681 3679 
f 3714 3710 3709 3713 
f 3678 3574 3573 3677 
f 3716 3676 3675 3715 
f 3742 3704 3703 3741 
f 3738 3740 3739 3737 
f 3734 3736 3735 3733 
f 3730 3732 3731 3729 
f 3726 3728 3727 3725 
f 3722 3724 3723 3721 
f 3718 3720 3719 3717 
f 3708 3716 3715 3707 
f 3712 3742 3741 3711 
f 3740 3700 3699 3739 
f 3736 3696 3695 3735 
f 3732 3692 3691 3731 
f 3728 3688 3687 3727 
f 3724 3684 3683 3723 
f 3720 3680 3679 3719 
f 3676 3678 3677 3675 
f 3704 3706 3705 3703 
f 3706 3738 3737 3705 
f 3702 3734 3733 3701 
f 3698 3730 3729 3697 
f 3694 3726 3725 3693 
f 3690 3722 3721 3689 
f 3686 3718 3717 3685 
f 3776 3748 3747 3775 
f 3778 3780 3779 3777 
f 3768 3770 3769 3767 
f 3764 3766 3765 3763 
f 3760 3762 3761 3759 
f 3756 3758 3757 3755 
f 3752 3754 3753 3751 
f 3748 3750 3749 3747 
f 3780 3714 3713 3779 
f 3646 3744 3743 3645 
f 3746 3782 3781 3745 
f 3774 3808 3807 3773 
f 3804 3806 3805 3803 
f 3800 3802 3801 3799 
f 3796 3798 3797 3795 
f 3792 3794 3793 3791 
f 3788 3790 3789 3787 
f 3784 3786 3785 3783 
f 3782 3776 3775 3781 
f 3808 3778 3777 3807 
f 3770 3804 3803 3769 
f 3766 3800 3799 3765 
f 3762 3796 3795 3761 
f 3758 3792 3791 3757 
f 3754 3788 3787 3753 
f 3750 3784 3783 3749 
f 3744 3746 3745 3743 
f 3772 3774 3773 3771 
f 3806 3772 3771 3805 
f 3802 3768 3767 3801 
f 3798 3764 3763 3797 
f 3794 3760 3759 3793 
f 3790 3756 3755 3789 
f 3786 3752 3751 3785 
f 3812 3810 3809 3811 
f 3816 3814 3813 3815 
f 3820 3818 3817 3819 
f 3824 3822 3821 3823 
f 3828 3826 3825 3827 
f 3832 3830 3829 3831 
f 3836 3834 3833 3835 
f 3838 3812 3811 3837 
f 3854 3816 3815 3853 
f 3858 3856 3855 3857 
f 3862 3860 3859 3861 
f 3866 3864 3863 3865 
f 3852 3868 3867 3851 
f 3848 3870 3869 3847 
f 3846 3872 3871 3845 
f 3844 3874 3873 3843 
f 3842 3876 3875 3841 
f 3840 3878 3877 3839 
f 3810 3862 3861 3809 
f 3814 3866 3865 3813 
f 3868 3820 3819 3867 
f 3870 3824 3823 3869 
f 3872 3828 3827 3871 
f 3874 3832 3831 3873 
f 3876 3836 3835 3875 
f 3878 3838 3837 3877 
f 3860 3858 3857 3859 
f 3864 3850 3849 3863 
f 3850 3852 3851 3849 
f 3818 3848 3847 3817 
f 3822 3846 3845 3821 
f 3826 3844 3843 3825 
f 3830 3842 3841 3829 
f 3834 3840 3839 3833 
f 3882 3880 3879 3881 
f 3886 3884 3883 3885 
f 3890 3888 3887 3889 
f 3894 3892 3891 3893 
f 3898 3896 3895 3897 
f 3902 3900 3899 3901 
f 3906 3904 3903 3905 
f 3880 3908 3907 3879 
f 3884 3854 3853 3883 
f 3926 3924 3923 3925 
f 3930 3928 3927 3929 
f 3934 3932 3931 3933 
f 3936 3920 3919 3935 
f 3938 3918 3917 3937 
f 3940 3916 3915 3939 
f 3942 3914 3913 3941 
f 3944 3912 3911 3943 
f 3946 3910 3909 3945 
f 3928 3882 3881 3927 
f 3932 3886 3885 3931 
f 3888 3936 3935 3887 
f 3892 3938 3937 3891 
f 3896 3940 3939 3895 
f 3900 3942 3941 3899 
f 3904 3944 3943 3903 
f 3908 3946 3945 3907 
f 3924 3930 3929 3923 
f 3922 3934 3933 3921 
f 3920 3922 3921 3919 
f 3918 3890 3889 3917 
f 3916 3894 3893 3915 
f 3914 3898 3897 3913 
f 3912 3902 3901 3911 
f 3910 3906 3905 3909 
f 3950 3948 3947 3949 
f 3954 3952 3951 3953 
f 3958 3956 3955 3957 
f 3962 3960 3959 3961 
f 3966 3964 3963 3965 
f 3970 3968 3967 3969 
f 3974 3972 3971 3973 
f 3948 3976 3975 3947 
f 3952 3992 3991 3951 
f 3856 3994 3993 3855 
f 3998 3996 3995 3997 
f 4002 4000 3999 4001 
f 4004 3988 3987 4003 
f 4006 3986 3985 4005 
f 4008 3984 3983 4007 
f 4010 3982 3981 4009 
f 4012 3980 3979 4011 
f 4014 3978 3977 4013 
f 3996 3950 3949 3995 
f 4000 3954 3953 3999 
f 3956 4004 4003 3955 
f 3960 4006 4005 3959 
f 3964 4008 4007 3963 
f 3968 4010 4009 3967 
f 3972 4012 4011 3971 
f 3976 4014 4013 3975 
f 3994 3998 3997 3993 
f 3990 4002 4001 3989 
f 3988 3990 3989 3987 
f 3986 3958 3957 3985 
f 3984 3962 3961 3983 
f 3982 3966 3965 3981 
f 3980 3970 3969 3979 
f 3978 3974 3973 3977 
f 4018 4016 4015 4017 
f 4022 4020 4019 4021 
f 4026 4024 4023 4025 
f 4030 4028 4027 4029 
f 4034 4032 4031 4033 
f 4038 4036 4035 4037 
f 4042 4040 4039 4041 
f 4044 4018 4017 4043 
f 3992 4022 4021 3991 
f 4060 3926 3925 4059 
f 4064 4062 4061 4063 
f 4068 4066 4065 4067 
f 4058 4070 4069 4057 
f 4054 4072 4071 4053 
f 4052 4074 4073 4051 
f 4050 4076 4075 4049 
f 4048 4078 4077 4047 
f 4046 4080 4079 4045 
f 4016 4064 4063 4015 
f 4020 4068 4067 4019 
f 4070 4026 4025 4069 
f 4072 4030 4029 4071 
f 4074 4034 4033 4073 
f 4076 4038 4037 4075 
f 4078 4042 4041 4077 
f 4080 4044 4043 4079 
f 4062 4060 4059 4061 
f 4066 4056 4055 4065 
f 4056 4058 4057 4055 
f 4024 4054 4053 4023 
f 4028 4052 4051 4027 
f 4032 4050 4049 4031 
f 4036 4048 4047 4035 
f 4040 4046 4045 4039 
f 4133 4081 4082 4083 
f 4081 4084 4085 4082 
f 4083 4132 4138 4133 
s 4
f 4083 4082 4107 4108 
s off
f 4086 4087 4082 
f 4087 4088 4082 
f 4088 4089 4082 
f 4089 4090 4082 
f 4090 4091 4082 
f 4091 4092 4082 
f 4092 4093 4082 
f 4093 4094 4082 
f 4094 4095 4082 
f 4095 4096 4082 
f 4096 4097 4082 
f 4097 4098 4082 
f 4098 4099 4082 
f 4099 4100 4082 
f 4100 4101 4082 
f 4101 4102 4082 
f 4102 4103 4082 
f 4103 4104 4082 
f 4104 4105 4082 
f 4105 4106 4082 
f 4106 4107 4082 
f 4085 4086 4082 
f 4109 4110 4083 
f 4110 4111 4083 
f 4111 4112 4083 
f 4112 4113 4083 
f 4113 4114 4083 
f 4114 4115 4083 
f 4115 4116 4083 
f 4116 4117 4083 
f 4117 4118 4083 
f 4118 4119 4083 
f 4119 4120 4083 
f 4120 4121 4083 
f 4121 4122 4083 
f 4122 4123 4083 
f 4123 4124 4083 
f 4124 4125 4083 
f 4125 4126 4083 
f 4126 4127 4083 
f 4127 4128 4083 
f 4128 4129 4083 
f 4129 4130 4083 
f 4130 4131 4083 
f 4131 4132 4083 
f 4108 4109 4083 
f 4387 4389 4085 4084 
f 4389 4391 4086 4085 
f 4391 4393 4087 4086 
f 4393 4395 4088 4087 
f 4395 4397 4089 4088 
f 4397 4399 4090 4089 
f 4399 4401 4091 4090 
f 4401 4403 4092 4091 
f 4403 4405 4093 4092 
f 4405 4407 4094 4093 
f 4407 4409 4095 4094 
f 4409 4411 4096 4095 
f 4411 4413 4097 4096 
f 4413 4415 4098 4097 
f 4415 4417 4099 4098 
f 4417 4419 4100 4099 
f 4419 4421 4101 4100 
f 4421 4423 4102 4101 
f 4423 4425 4103 4102 
f 4425 4427 4104 4103 
f 4427 4429 4105 4104 
f 4429 4431 4106 4105 
f 4431 4433 4107 4106 
f 4433 4483 4108 4107 
f 4483 4435 4109 4108 
f 4435 4437 4110 4109 
f 4437 4439 4111 4110 
f 4439 4441 4112 4111 
f 4441 4443 4113 4112 
f 4443 4445 4114 4113 
f 4445 4447 4115 4114 
f 4447 4449 4116 4115 
f 4449 4451 4117 4116 
f 4451 4453 4118 4117 
f 4453 4455 4119 4118 
f 4455 4457 4120 4119 
f 4457 4459 4121 4120 
f 4459 4461 4122 4121 
f 4461 4463 4123 4122 
f 4463 4465 4124 4123 
f 4465 4467 4125 4124 
f 4467 4469 4126 4125 
f 4469 4471 4127 4126 
f 4471 4473 4128 4127 
f 4473 4475 4129 4128 
f 4475 4477 4130 4129 
f 4477 4479 4131 4130 
f 4479 4481 4132 4131 
f 4481 4485 4138 4132 
s 1
f 4133 4135 4134 4081 
f 4081 4134 4136 4084 
f 4135 4133 4138 4137 
s 4
f 4135 4140 4139 4134 
s off
f 4141 4134 4142 
f 4142 4134 4143 
f 4143 4134 4144 
f 4144 4134 4145 
f 4145 4134 4146 
f 4146 4134 4147 
f 4147 4134 4148 
f 4148 4134 4149 
f 4149 4134 4150 
f 4150 4134 4151 
f 4151 4134 4152 
f 4152 4134 4153 
f 4153 4134 4154 
f 4154 4134 4155 
f 4155 4134 4156 
f 4156 4134 4157 
f 4157 4134 4158 
f 4158 4134 4159 
f 4159 4134 4160 
f 4160 4134 4161 
f 4161 4134 4139 
f 4136 4134 4141 
f 4162 4135 4163 
f 4163 4135 4164 
f 4164 4135 4165 
f 4165 4135 4166 
f 4166 4135 4167 
f 4167 4135 4168 
f 4168 4135 4169 
f 4169 4135 4170 
f 4170 4135 4171 
f 4171 4135 4172 
f 4172 4135 4173 
f 4173 4135 4174 
f 4174 4135 4175 
f 4175 4135 4176 
f 4176 4135 4177 
f 4177 4135 4178 
f 4178 4135 4179 
f 4179 4135 4180 
f 4180 4135 4181 
f 4181 4135 4182 
f 4182 4135 4183 
f 4183 4135 4184 
f 4184 4135 4137 
f 4140 4135 4162 
f 4084 4136 4487 4387 
f 4136 4141 4489 4487 
f 4141 4142 4493 4489 
f 4142 4143 4491 4493 
f 4143 4144 4497 4491 
f 4144 4145 4495 4497 
f 4145 4146 4501 4495 
f 4146 4147 4499 4501 
f 4147 4148 4505 4499 
f 4148 4149 4503 4505 
f 4149 4150 4509 4503 
f 4150 4151 4507 4509 
f 4151 4152 4513 4507 
f 4152 4153 4511 4513 
f 4153 4154 4517 4511 
f 4154 4155 4515 4517 
f 4155 4156 4521 4515 
f 4156 4157 4519 4521 
f 4157 4158 4525 4519 
f 4158 4159 4523 4525 
f 4159 4160 4529 4523 
f 4160 4161 4527 4529 
f 4161 4139 4579 4527 
f 4139 4140 4533 4579 
f 4140 4162 4531 4533 
f 4162 4163 4537 4531 
f 4163 4164 4535 4537 
f 4164 4165 4541 4535 
f 4165 4166 4539 4541 
f 4166 4167 4545 4539 
f 4167 4168 4543 4545 
f 4168 4169 4549 4543 
f 4169 4170 4547 4549 
f 4170 4171 4553 4547 
f 4171 4172 4551 4553 
f 4172 4173 4557 4551 
f 4173 4174 4555 4557 
f 4174 4175 4561 4555 
f 4175 4176 4559 4561 
f 4176 4177 4565 4559 
f 4177 4178 4563 4565 
f 4178 4179 4569 4563 
f 4179 4180 4567 4569 
f 4180 4181 4573 4567 
f 4181 4182 4571 4573 
f 4182 4183 4577 4571 
f 4183 4184 4575 4577 
f 4184 4137 4581 4575 
f 4137 4138 4485 4581 
s 2
f 4390 4388 4345 4325 
f 4392 4390 4325 4346 
f 4396 4394 4324 4340 
f 4400 4398 4323 4341 
f 4404 4402 4322 4347 
f 4408 4406 4321 4348 
f 4416 4414 4320 4342 
f 4424 4422 4352 4343 
f 4432 4430 4354 4344 
f 4440 4438 4334 4336 
f 4456 4454 4331 4337 
f 4460 4458 4330 4338 
f 4468 4466 4328 4339 
f 4484 4434 4317 4335 
f 4438 4436 4355 4334 
f 4442 4440 4336 4333 
f 4446 4444 4356 4332 
f 4454 4452 4358 4331 
f 4458 4456 4337 4330 
f 4462 4460 4338 4329 
f 4466 4464 4360 4328 
f 4470 4468 4339 4327 
f 4478 4476 4362 4326 
f 4398 4396 4340 4323 
f 4402 4400 4341 4322 
f 4414 4412 4349 4320 
f 4418 4416 4342 4319 
f 4426 4424 4343 4318 
f 4434 4432 4344 4317 
f 4388 4488 4289 4345 
f 4488 4490 4290 4289 
f 4498 4496 4291 4292 
f 4502 4500 4293 4294 
f 4510 4508 4296 4297 
f 4514 4512 4298 4370 
f 4522 4520 4299 4373 
f 4526 4524 4300 4301 
f 4530 4528 4302 4303 
f 4538 4536 4304 4376 
f 4542 4540 4305 4377 
f 4550 4548 4307 4379 
f 4558 4556 4308 4309 
f 4570 4568 4311 4312 
f 4578 4576 4313 4314 
f 4582 4486 4365 4316 
f 4540 4546 4306 4305 
f 4552 4558 4309 4381 
f 4556 4562 4382 4308 
f 4564 4570 4312 4310 
f 4568 4574 4385 4311 
f 4576 4582 4316 4313 
f 4492 4498 4292 4368 
f 4496 4502 4294 4291 
f 4500 4506 4295 4293 
f 4504 4510 4297 4369 
f 4520 4526 4301 4299 
f 4524 4530 4303 4300 
f 4528 4580 4315 4302 
s 1
f 4185 4188 4187 4186 
f 4186 4187 4190 4189 
f 4188 4185 4192 4191 
s 4
f 4188 4194 4193 4187 
s off
f 4195 4187 4196 
f 4196 4187 4197 
f 4197 4187 4198 
f 4198 4187 4199 
f 4199 4187 4200 
f 4200 4187 4201 
f 4201 4187 4202 
f 4202 4187 4203 
f 4203 4187 4204 
f 4204 4187 4205 
f 4205 4187 4206 
f 4206 4187 4207 
f 4207 4187 4208 
f 4208 4187 4209 
f 4209 4187 4210 
f 4210 4187 4211 
f 4211 4187 4212 
f 4212 4187 4213 
f 4213 4187 4214 
f 4214 4187 4215 
f 4215 4187 4193 
f 4190 4187 4195 
f 4216 4188 4217 
f 4217 4188 4218 
f 4218 4188 4219 
f 4219 4188 4220 
f 4220 4188 4221 
f 4221 4188 4222 
f 4222 4188 4223 
f 4223 4188 4224 
f 4224 4188 4225 
f 4225 4188 4226 
f 4226 4188 4227 
f 4227 4188 4228 
f 4228 4188 4229 
f 4229 4188 4230 
f 4230 4188 4231 
f 4231 4188 4232 
f 4232 4188 4233 
f 4233 4188 4234 
f 4234 4188 4235 
f 4235 4188 4236 
f 4236 4188 4237 
f 4237 4188 4238 
f 4238 4188 4191 
f 4194 4188 4216 
f 4189 4190 4583 4585 
f 4190 4195 4587 4583 
f 4195 4196 4589 4587 
f 4196 4197 4591 4589 
f 4197 4198 4593 4591 
f 4198 4199 4595 4593 
f 4199 4200 4597 4595 
f 4200 4201 4599 4597 
f 4201 4202 4601 4599 
f 4202 4203 4603 4601 
f 4203 4204 4605 4603 
f 4204 4205 4607 4605 
f 4205 4206 4609 4607 
f 4206 4207 4611 4609 
f 4207 4208 4613 4611 
f 4208 4209 4615 4613 
f 4209 4210 4617 4615 
f 4210 4211 4619 4617 
f 4211 4212 4621 4619 
f 4212 4213 4623 4621 
f 4213 4214 4625 4623 
f 4214 4215 4627 4625 
f 4215 4193 4629 4627 
f 4193 4194 4631 4629 
f 4194 4216 4633 4631 
f 4216 4217 4635 4633 
f 4217 4218 4637 4635 
f 4218 4219 4639 4637 
f 4219 4220 4641 4639 
f 4220 4221 4643 4641 
f 4221 4222 4645 4643 
f 4222 4223 4647 4645 
f 4223 4224 4649 4647 
f 4224 4225 4651 4649 
f 4225 4226 4653 4651 
f 4226 4227 4655 4653 
f 4227 4228 4657 4655 
f 4228 4229 4659 4657 
f 4229 4230 4661 4659 
f 4230 4231 4663 4661 
f 4231 4232 4665 4663 
f 4232 4233 4667 4665 
f 4233 4234 4669 4667 
f 4234 4235 4671 4669 
f 4235 4236 4673 4671 
f 4236 4237 4675 4673 
f 4237 4238 4677 4675 
f 4238 4191 4679 4677 
f 4191 4192 4681 4679 
s 1
f 4185 4186 4240 4239 
f 4186 4189 4241 4240 
f 4239 4242 4192 4185 
s 4
f 4239 4240 4244 4243 
s off
f 4245 4246 4240 
f 4246 4247 4240 
f 4247 4248 4240 
f 4248 4249 4240 
f 4249 4250 4240 
f 4250 4251 4240 
f 4251 4252 4240 
f 4252 4253 4240 
f 4253 4254 4240 
f 4254 4255 4240 
f 4255 4256 4240 
f 4256 4257 4240 
f 4257 4258 4240 
f 4258 4259 4240 
f 4259 4260 4240 
f 4260 4261 4240 
f 4261 4262 4240 
f 4262 4263 4240 
f 4263 4264 4240 
f 4264 4265 4240 
f 4265 4244 4240 
f 4241 4245 4240 
f 4266 4267 4239 
f 4267 4268 4239 
f 4268 4269 4239 
f 4269 4270 4239 
f 4270 4271 4239 
f 4271 4272 4239 
f 4272 4273 4239 
f 4273 4274 4239 
f 4274 4275 4239 
f 4275 4276 4239 
f 4276 4277 4239 
f 4277 4278 4239 
f 4278 4279 4239 
f 4279 4280 4239 
f 4280 4281 4239 
f 4281 4282 4239 
f 4282 4283 4239 
f 4283 4284 4239 
f 4284 4285 4239 
f 4285 4286 4239 
f 4286 4287 4239 
f 4287 4288 4239 
f 4288 4242 4239 
f 4243 4266 4239 
f 4585 4683 4241 4189 
f 4683 4685 4245 4241 
f 4685 4687 4246 4245 
f 4687 4689 4247 4246 
f 4689 4691 4248 4247 
f 4691 4693 4249 4248 
f 4693 4695 4250 4249 
f 4695 4697 4251 4250 
f 4697 4699 4252 4251 
f 4699 4701 4253 4252 
f 4701 4703 4254 4253 
f 4703 4705 4255 4254 
f 4705 4707 4256 4255 
f 4707 4709 4257 4256 
f 4709 4711 4258 4257 
f 4711 4713 4259 4258 
f 4713 4715 4260 4259 
f 4715 4717 4261 4260 
f 4717 4719 4262 4261 
f 4719 4721 4263 4262 
f 4721 4723 4264 4263 
f 4723 4725 4265 4264 
f 4725 4727 4244 4265 
f 4727 4729 4243 4244 
f 4729 4731 4266 4243 
f 4731 4733 4267 4266 
f 4733 4735 4268 4267 
f 4735 4737 4269 4268 
f 4737 4739 4270 4269 
f 4739 4741 4271 4270 
f 4741 4743 4272 4271 
f 4743 4745 4273 4272 
f 4745 4747 4274 4273 
f 4747 4749 4275 4274 
f 4749 4751 4276 4275 
f 4751 4753 4277 4276 
f 4753 4755 4278 4277 
f 4755 4757 4279 4278 
f 4757 4759 4280 4279 
f 4759 4761 4281 4280 
f 4761 4763 4282 4281 
f 4763 4765 4283 4282 
f 4765 4767 4284 4283 
f 4767 4769 4285 4284 
f 4769 4771 4286 4285 
f 4771 4773 4287 4286 
f 4773 4775 4288 4287 
f 4775 4777 4242 4288 
f 4777 4681 4192 4242 
s 2
f 4412 4410 4350 4349 
f 4420 4418 4319 4351 
f 4428 4426 4318 4353 
f 4436 4484 4335 4355 
f 4444 4442 4333 4356 
f 4448 4446 4332 4357 
f 4452 4450 4359 4358 
f 4464 4462 4329 4360 
f 4472 4470 4327 4361 
f 4476 4474 4363 4362 
f 4480 4478 4326 4364 
f 4486 4482 4366 4365 
f 4450 4448 4357 4359 
f 4474 4472 4361 4363 
f 4482 4480 4364 4366 
f 4394 4392 4346 4324 
f 4406 4404 4347 4321 
f 4410 4408 4348 4350 
f 4422 4420 4351 4352 
f 4430 4428 4353 4354 
f 4494 4492 4368 4367 
f 4506 4504 4369 4295 
f 4518 4516 4372 4371 
f 4534 4532 4375 4374 
f 4546 4544 4378 4306 
f 4554 4552 4381 4380 
f 4562 4560 4383 4382 
f 4566 4564 4310 4384 
f 4574 4572 4386 4385 
f 4580 4534 4374 4315 
f 4532 4538 4376 4375 
f 4536 4542 4377 4304 
f 4544 4550 4379 4378 
f 4548 4554 4380 4307 
f 4560 4566 4384 4383 
f 4572 4578 4314 4386 
f 4490 4494 4367 4290 
f 4508 4514 4370 4296 
f 4512 4518 4371 4298 
f 4516 4522 4373 4372 
f 4345 4586 4584 4325 
f 4325 4584 4588 4346 
f 4324 4590 4592 4340 
f 4323 4594 4596 4341 
f 4322 4598 4600 4347 
f 4321 4602 4604 4348 
f 4320 4610 4612 4342 
f 4352 4618 4620 4343 
f 4354 4626 4628 4344 
f 4334 4636 4638 4336 
f 4331 4652 4654 4337 
f 4330 4656 4658 4338 
f 4328 4664 4666 4339 
f 4317 4630 4632 4335 
f 4355 4634 4636 4334 
f 4336 4638 4640 4333 
f 4356 4642 4644 4332 
f 4358 4650 4652 4331 
f 4337 4654 4656 4330 
f 4338 4658 4660 4329 
f 4360 4662 4664 4328 
f 4339 4666 4668 4327 
f 4362 4674 4676 4326 
f 4340 4592 4594 4323 
f 4341 4596 4598 4322 
f 4349 4608 4610 4320 
f 4342 4612 4614 4319 
f 4343 4620 4622 4318 
f 4344 4628 4630 4317 
f 4289 4684 4586 4345 
f 4290 4686 4684 4289 
f 4291 4694 4692 4292 
f 4293 4698 4696 4294 
f 4296 4706 4704 4297 
f 4298 4710 4708 4370 
f 4299 4718 4716 4373 
f 4300 4722 4720 4301 
f 4302 4726 4724 4303 
f 4304 4736 4734 4376 
f 4305 4740 4738 4377 
f 4307 4748 4746 4379 
f 4308 4756 4754 4309 
f 4311 4768 4766 4312 
f 4313 4776 4774 4314 
f 4365 4682 4778 4316 
f 4306 4742 4740 4305 
f 4309 4754 4752 4381 
f 4382 4758 4756 4308 
f 4312 4766 4764 4310 
f 4385 4770 4768 4311 
f 4316 4778 4776 4313 
f 4292 4692 4690 4368 
f 4294 4696 4694 4291 
f 4295 4700 4698 4293 
f 4297 4704 4702 4369 
f 4301 4720 4718 4299 
f 4303 4724 4722 4300 
f 4315 4728 4726 4302 
f 4350 4606 4608 4349 
f 4319 4614 4616 4351 
f 4318 4622 4624 4353 
f 4335 4632 4634 4355 
f 4333 4640 4642 4356 
f 4332 4644 4646 4357 
f 4359 4648 4650 4358 
f 4329 4660 4662 4360 
f 4327 4668 4670 4361 
f 4363 4672 4674 4362 
f 4326 4676 4678 4364 
f 4366 4680 4682 4365 
f 4357 4646 4648 4359 
f 4361 4670 4672 4363 
f 4364 4678 4680 4366 
f 4346 4588 4590 4324 
f 4347 4600 4602 4321 
f 4348 4604 4606 4350 
f 4351 4616 4618 4352 
f 4353 4624 4626 4354 
f 4368 4690 4688 4367 
f 4369 4702 4700 4295 
f 4372 4714 4712 4371 
f 4375 4732 4730 4374 
f 4378 4744 4742 4306 
f 4381 4752 4750 4380 
f 4383 4760 4758 4382 
f 4310 4764 4762 4384 
f 4386 4772 4770 4385 
f 4374 4730 4728 4315 
f 4376 4734 4732 4375 
f 4377 4738 4736 4304 
f 4379 4746 4744 4378 
f 4380 4750 4748 4307 
f 4384 4762 4760 4383 
f 4314 4774 4772 4386 
f 4367 4688 4686 4290 
f 4370 4708 4706 4296 
f 4371 4712 4710 4298 
f 4373 4716 4714 4372 
f 4388 4390 4389 4387 
f 4390 4392 4391 4389 
f 4394 4396 4395 4393 
f 4398 4400 4399 4397 
f 4402 4404 4403 4401 
f 4406 4408 4407 4405 
f 4414 4416 4415 4413 
f 4422 4424 4423 4421 
f 4430 4432 4431 4429 
f 4438 4440 4439 4437 
f 4454 4456 4455 4453 
f 4458 4460 4459 4457 
f 4466 4468 4467 4465 
f 4434 4484 4483 4433 
f 4436 4438 4437 4435 
f 4440 4442 4441 4439 
f 4444 4446 4445 4443 
f 4452 4454 4453 4451 
f 4456 4458 4457 4455 
f 4460 4462 4461 4459 
f 4464 4466 4465 4463 
f 4468 4470 4469 4467 
f 4476 4478 4477 4475 
f 4396 4398 4397 4395 
f 4400 4402 4401 4399 
f 4412 4414 4413 4411 
f 4416 4418 4417 4415 
f 4424 4426 4425 4423 
f 4432 4434 4433 4431 
f 4488 4388 4387 4487 
f 4490 4488 4487 4489 
f 4496 4498 4497 4495 
f 4500 4502 4501 4499 
f 4508 4510 4509 4507 
f 4512 4514 4513 4511 
f 4520 4522 4521 4519 
f 4524 4526 4525 4523 
f 4528 4530 4529 4527 
f 4536 4538 4537 4535 
f 4540 4542 4541 4539 
f 4548 4550 4549 4547 
f 4556 4558 4557 4555 
f 4568 4570 4569 4567 
f 4576 4578 4577 4575 
f 4486 4582 4581 4485 
f 4546 4540 4539 4545 
f 4558 4552 4551 4557 
f 4562 4556 4555 4561 
f 4570 4564 4563 4569 
f 4574 4568 4567 4573 
f 4582 4576 4575 4581 
f 4498 4492 4491 4497 
f 4502 4496 4495 4501 
f 4506 4500 4499 4505 
f 4510 4504 4503 4509 
f 4526 4520 4519 4525 
f 4530 4524 4523 4529 
f 4580 4528 4527 4579 
f 4410 4412 4411 4409 
f 4418 4420 4419 4417 
f 4426 4428 4427 4425 
f 4484 4436 4435 4483 
f 4442 4444 4443 4441 
f 4446 4448 4447 4445 
f 4450 4452 4451 4449 
f 4462 4464 4463 4461 
f 4470 4472 4471 4469 
f 4474 4476 4475 4473 
f 4478 4480 4479 4477 
f 4482 4486 4485 4481 
f 4448 4450 4449 4447 
f 4472 4474 4473 4471 
f 4480 4482 4481 4479 
f 4392 4394 4393 4391 
f 4404 4406 4405 4403 
f 4408 4410 4409 4407 
f 4420 4422 4421 4419 
f 4428 4430 4429 4427 
f 4492 4494 4493 4491 
f 4504 4506 4505 4503 
f 4516 4518 4517 4515 
f 4532 4534 4533 4531 
f 4544 4546 4545 4543 
f 4552 4554 4553 4551 
f 4560 4562 4561 4559 
f 4564 4566 4565 4563 
f 4572 4574 4573 4571 
f 4534 4580 4579 4533 
f 4538 4532 4531 4537 
f 4542 4536 4535 4541 
f 4550 4544 4543 4549 
f 4554 4548 4547 4553 
f 4566 4560 4559 4565 
f 4578 4572 4571 4577 
f 4494 4490 4489 4493 
f 4514 4508 4507 4513 
f 4518 4512 4511 4517 
f 4522 4516 4515 4521 
f 4584 4586 4585 4583 
f 4588 4584 4583 4587 
f 4592 4590 4589 4591 
f 4596 4594 4593 4595 
f 4600 4598 4597 4599 
f 4604 4602 4601 4603 
f 4612 4610 4609 4611 
f 4620 4618 4617 4619 
f 4628 4626 4625 4627 
f 4638 4636 4635 4637 
f 4654 4652 4651 4653 
f 4658 4656 4655 4657 
f 4666 4664 4663 4665 
f 4632 4630 4629 4631 
f 4636 4634 4633 4635 
f 4640 4638 4637 4639 
f 4644 4642 4641 4643 
f 4652 4650 4649 4651 
f 4656 4654 4653 4655 
f 4660 4658 4657 4659 
f 4664 4662 4661 4663 
f 4668 4666 4665 4667 
f 4676 4674 4673 4675 
f 4594 4592 4591 4593 
f 4598 4596 4595 4597 
f 4610 4608 4607 4609 
f 4614 4612 4611 4613 
f 4622 4620 4619 4621 
f 4630 4628 4627 4629 
f 4586 4684 4683 4585 
f 4684 4686 4685 4683 
f 4692 4694 4693 4691 
f 4696 4698 4697 4695 
f 4704 4706 4705 4703 
f 4708 4710 4709 4707 
f 4716 4718 4717 4715 
f 4720 4722 4721 4719 
f 4724 4726 4725 4723 
f 4734 4736 4735 4733 
f 4738 4740 4739 4737 
f 4746 4748 4747 4745 
f 4754 4756 4755 4753 
f 4766 4768 4767 4765 
f 4774 4776 4775 4773 
f 4778 4682 4681 4777 
f 4740 4742 4741 4739 
f 4752 4754 4753 4751 
f 4756 4758 4757 4755 
f 4764 4766 4765 4763 
f 4768 4770 4769 4767 
f 4776 4778 4777 4775 
f 4690 4692 4691 4689 
f 4694 4696 4695 4693 
f 4698 4700 4699 4697 
f 4702 4704 4703 4701 
f 4718 4720 4719 4717 
f 4722 4724 4723 4721 
f 4726 4728 4727 4725 
f 4608 4606 4605 4607 
f 4616 4614 4613 4615 
f 4624 4622 4621 4623 
f 4634 4632 4631 4633 
f 4642 4640 4639 4641 
f 4646 4644 4643 4645 
f 4650 4648 4647 4649 
f 4662 4660 4659 4661 
f 4670 4668 4667 4669 
f 4674 4672 4671 4673 
f 4678 4676 4675 4677 
f 4682 4680 4679 4681 
f 4648 4646 4645 4647 
f 4672 4670 4669 4671 
f 4680 4678 4677 4679 
f 4590 4588 4587 4589 
f 4602 4600 4599 4601 
f 4606 4604 4603 4605 
f 4618 4616 4615 4617 
f 4626 4624 4623 4625 
f 4688 4690 4689 4687 
f 4700 4702 4701 4699 
f 4712 4714 4713 4711 
f 4730 4732 4731 4729 
f 4742 4744 4743 4741 
f 4750 4752 4751 4749 
f 4758 4760 4759 4757 
f 4762 4764 4763 4761 
f 4770 4772 4771 4769 
f 4728 4730 4729 4727 
f 4732 4734 4733 4731 
f 4736 4738 4737 4735 
f 4744 4746 4745 4743 
f 4748 4750 4749 4747 
f 4760 4762 4761 4759 
f 4772 4774 4773 4771 
f 4686 4688 4687 4685 
f 4706 4708 4707 4705 
f 4710 4712 4711 4709 
f 4714 4716 4715 4713 
f 4793 4785 4787 4791 
s 4
f 4797 4799 4803 4805 
s 8
f 4794 4790 4800 4796 
s 16
f 4831 4832 4833 4834 
s 32
f 4788 4784 4806 4802 
s 64
f 4779 4780 4781 4782 
s 2
f 4785 4793 4807 4812 
s 4
f 4797 4805 4814 4818 
s 8
f 4794 4796 4817 4809 
s 32
f 4806 4784 4811 4815 
s 64
f 4780 4807 4808 4809 
f 4781 4817 4816 
s 2
f 4791 4787 4820 4824 
s 4
f 4803 4799 4826 4830 
s 8
f 4800 4790 4823 4827 
s 16
f 4832 4831 4824 4820 
f 4833 4832 4821 4829 
f 4834 4833 4830 4826 
f 4831 4834 4827 4823 
s 32
f 4788 4802 4829 4821 
s 64
f 4810 4812 4779 4811 
s 2
f 4787 4785 4783 4786 
f 4793 4791 4789 4792 
s 4
f 4799 4797 4795 4798 
f 4805 4803 4801 4804 
s 8
f 4790 4794 4792 4789 
f 4796 4800 4798 4795 
s 32
f 4784 4788 4786 4783 
f 4802 4806 4804 4801 
s 2
f 4785 4812 4810 4783 
s 4
f 4814 4805 4804 4813 
f 4797 4818 4816 4795 
s 8
f 4817 4796 4795 4816 
s 74
f 4792 4808 4807 4793 
s 32
f 4811 4784 4783 4810 
f 4806 4815 4813 4804 
s 2
f 4820 4787 4786 4819 
f 4791 4824 4822 4789 
s 4
f 4826 4799 4798 4825 
f 4803 4830 4828 4801 
s 8
f 4823 4790 4789 4822 
f 4800 4827 4825 4798 
s 16
f 4824 4831 4822 
f 4832 4820 4819 
f 4821 4832 4819 
f 4833 4829 4828 
f 4830 4833 4828 
f 4834 4826 4825 
f 4827 4834 4825 
f 4831 4823 4822 
s 32
f 4829 4802 4801 4828 
f 4788 4821 4819 4786 
s 64
f 4782 4781 4818 4814 
s off
f 4813 4782 4814 
f 4813 4815 4782 
s 64
f 4779 4782 4815 4811 
f 4781 4816 4818 
f 4781 4780 4809 4817 
f 4780 4779 4812 4807 
s 74
f 4792 4794 4809 4808 
# 4732 polygons - 196 triangles

