# 3ds Max Wavefront OBJ Exporter v0.99 - (c)2007 guruware
# File Created: 05.09.2024 20:01:31

#
# object TS35320_4
#

v  -0.7473 -3.3503 -0.8320
v  -0.7426 -3.3397 -0.8266
v  -0.7355 -3.3324 -0.8188
v  -0.6855 -3.3324 -0.8687
v  -0.6933 -3.3397 -0.8758
v  -0.6987 -3.3504 -0.8806
v  -0.6412 -3.3322 -0.9233
v  -0.6498 -3.3395 -0.9296
v  -0.6557 -3.3501 -0.9339
v  -0.6027 -3.3322 -0.9822
v  -0.6119 -3.3395 -0.9875
v  -0.6182 -3.3501 -0.9912
v  -0.5703 -3.3324 -1.0447
v  -0.5800 -3.3398 -1.0490
v  -0.5865 -3.3505 -1.0519
v  -0.6940 -3.7287 -0.8760
v  -0.6888 -3.7390 -0.8712
v  -0.6812 -3.7460 -0.8642
v  -0.6501 -3.7294 -0.9296
v  -0.6445 -3.7396 -0.9254
v  -0.6363 -3.7466 -0.9194
v  -0.6123 -3.7298 -0.9876
v  -0.6062 -3.7401 -0.9840
v  -0.5973 -3.7472 -0.9788
v  -0.5807 -3.7301 -1.0492
v  -0.5742 -3.7404 -1.0463
v  -0.5648 -3.7475 -1.0421
v  -0.5444 -3.3324 -1.1074
v  -0.5542 -3.3397 -1.1114
v  -0.5608 -3.3505 -1.1142
v  -0.5223 -3.3324 -1.1716
v  -0.5322 -3.3398 -1.1752
v  -0.5389 -3.3505 -1.1779
v  -0.5048 -3.3325 -1.2372
v  -0.5149 -3.3398 -1.2405
v  -0.5216 -3.3505 -1.2430
v  -0.4916 -3.3324 -1.3039
v  -0.5017 -3.3397 -1.3069
v  -0.5086 -3.3503 -1.3092
v  -0.4794 -3.3324 -1.3710
v  -0.4897 -3.3397 -1.3737
v  -0.4966 -3.3504 -1.3758
v  -0.4693 -3.3325 -1.4384
v  -0.4795 -3.3397 -1.4407
v  -0.4864 -3.3503 -1.4426
v  -0.4605 -3.3325 -1.5060
v  -0.4708 -3.3398 -1.5081
v  -0.4778 -3.3504 -1.5098
v  -0.4531 -3.3324 -1.5738
v  -0.4635 -3.3397 -1.5756
v  -0.4705 -3.3505 -1.5770
v  -0.4475 -3.3324 -1.6417
v  -0.4580 -3.3398 -1.6432
v  -0.4651 -3.3505 -1.6445
v  -0.4426 -3.3325 -1.7097
v  -0.4532 -3.3397 -1.7110
v  -0.4601 -3.3506 -1.7120
v  -0.4389 -3.3323 -1.7779
v  -0.4496 -3.3395 -1.7788
v  -0.4568 -3.3501 -1.7796
v  -0.4357 -3.3323 -1.8461
v  -0.4463 -3.3396 -1.8468
v  -0.4535 -3.3501 -1.8473
v  -0.4326 -3.3324 -1.9142
v  -0.4431 -3.3398 -1.9146
v  -0.4503 -3.3504 -1.9149
v  -0.5548 -3.7303 -1.1116
v  -0.5482 -3.7406 -1.1088
v  -0.5386 -3.7477 -1.1049
v  -0.5328 -3.7303 -1.1755
v  -0.5262 -3.7406 -1.1729
v  -0.5164 -3.7477 -1.1693
v  -0.5155 -3.7302 -1.2409
v  -0.5088 -3.7405 -1.2385
v  -0.4989 -3.7476 -1.2352
v  -0.5023 -3.7303 -1.3074
v  -0.4955 -3.7405 -1.3051
v  -0.4854 -3.7475 -1.3021
v  -0.4903 -3.7298 -1.3742
v  -0.4835 -3.7401 -1.3721
v  -0.4736 -3.7472 -1.3695
v  -0.4800 -3.7300 -1.4412
v  -0.4730 -3.7402 -1.4393
v  -0.4628 -3.7471 -1.4370
v  -0.4714 -3.7296 -1.5085
v  -0.4643 -3.7398 -1.5068
v  -0.4540 -3.7468 -1.5047
v  -0.4642 -3.7290 -1.5759
v  -0.4572 -3.7393 -1.5745
v  -0.4471 -3.7464 -1.5728
v  -0.4587 -3.7288 -1.6436
v  -0.4516 -3.7391 -1.6424
v  -0.4412 -3.7462 -1.6409
v  -0.4538 -3.7283 -1.7113
v  -0.4468 -3.7387 -1.7103
v  -0.4364 -3.7458 -1.7091
v  -0.4504 -3.7284 -1.7791
v  -0.4432 -3.7386 -1.7784
v  -0.4327 -3.7456 -1.7775
v  -0.4471 -3.7280 -1.8470
v  -0.4398 -3.7382 -1.8465
v  -0.4294 -3.7452 -1.8459
v  -0.4439 -3.7273 -1.9147
v  -0.4367 -3.7376 -1.9145
v  -0.4263 -3.7447 -1.9142
v  -0.8100 -3.7436 -0.7365
v  -0.8176 -3.7365 -0.7435
v  -0.8227 -3.7262 -0.7484
v  -0.7433 -3.7278 -0.8271
v  -0.7387 -3.7381 -0.8216
v  -0.7318 -3.7452 -0.8140
v  -0.8803 -3.7420 -0.6515
v  -0.8885 -3.7349 -0.6577
v  -0.8941 -3.7246 -0.6620
v  -0.9416 -3.7404 -0.5598
v  -0.9503 -3.7333 -0.5651
v  -0.9563 -3.7230 -0.5688
v  -0.9935 -3.7389 -0.4624
v  -1.0027 -3.7318 -0.4668
v  -1.0089 -3.7215 -0.4699
v  -1.0352 -3.7377 -0.3603
v  -1.0448 -3.7306 -0.3638
v  -1.0513 -3.7202 -0.3662
v  -1.0665 -3.7367 -0.2546
v  -1.0764 -3.7296 -0.2571
v  -1.0831 -3.7193 -0.2589
v  -1.0871 -3.7360 -0.1463
v  -1.0971 -3.7289 -0.1478
v  -1.1040 -3.7187 -0.1488
v  -1.0967 -3.7358 -0.0365
v  -1.1068 -3.7286 -0.0370
v  -1.1138 -3.7184 -0.0373
v  -1.0952 -3.7358 0.0738
v  -1.1053 -3.7286 0.0744
v  -1.1123 -3.7184 0.0747
v  -1.0825 -3.7357 0.1834
v  -1.0925 -3.7286 0.1850
v  -1.0994 -3.7184 0.1860
v  -1.0589 -3.7357 0.2912
v  -1.0687 -3.7286 0.2937
v  -1.0755 -3.7184 0.2955
v  -1.0246 -3.7357 0.3960
v  -1.0341 -3.7286 0.3996
v  -1.0407 -3.7184 0.4020
v  -0.9800 -3.7357 0.4969
v  -0.9890 -3.7286 0.5014
v  -0.9953 -3.7184 0.5045
v  -0.9254 -3.7357 0.5928
v  -0.9340 -3.7286 0.5982
v  -0.9399 -3.7184 0.6019
v  -0.8615 -3.7357 0.6827
v  -0.8695 -3.7286 0.6889
v  -0.8750 -3.7184 0.6933
v  -0.7889 -3.7357 0.7658
v  -0.7962 -3.7286 0.7728
v  -0.8013 -3.7183 0.7777
v  -0.7083 -3.7357 0.8411
v  -0.7149 -3.7286 0.8489
v  -0.7195 -3.7183 0.8543
v  -0.6206 -3.7357 0.9080
v  -0.6264 -3.7287 0.9163
v  -0.6303 -3.7185 0.9222
v  -0.5266 -3.7357 0.9658
v  -0.5315 -3.7287 0.9746
v  -0.5349 -3.7185 0.9808
v  -0.4273 -3.7357 1.0138
v  -0.4312 -3.7287 1.0231
v  -0.4340 -3.7185 1.0296
v  -0.3236 -3.7357 1.0515
v  -0.3266 -3.7287 1.0612
v  -0.3287 -3.7185 1.0679
v  -0.2167 -3.7357 1.0786
v  -0.2187 -3.7287 1.0886
v  -0.2201 -3.7184 1.0955
v  -0.1076 -3.7357 1.0949
v  -0.1086 -3.7287 1.1050
v  -0.1092 -3.7184 1.1121
v  -0.8270 -3.3502 -0.7527
v  -0.8217 -3.3396 -0.7478
v  -0.8140 -3.3324 -0.7408
v  -0.8987 -3.3501 -0.6658
v  -0.8930 -3.3396 -0.6615
v  -0.8846 -3.3324 -0.6553
v  -0.9614 -3.3501 -0.5722
v  -0.9553 -3.3396 -0.5685
v  -0.9463 -3.3324 -0.5631
v  -1.0144 -3.3501 -0.4728
v  -1.0079 -3.3396 -0.4697
v  -0.9984 -3.3324 -0.4653
v  -1.0571 -3.3501 -0.3685
v  -1.0503 -3.3396 -0.3661
v  -1.0404 -3.3323 -0.3626
v  -1.0890 -3.3502 -0.2605
v  -1.0821 -3.3396 -0.2588
v  -1.0719 -3.3324 -0.2563
v  -1.1100 -3.3501 -0.1498
v  -1.1029 -3.3396 -0.1488
v  -1.0925 -3.3324 -0.1475
v  -1.1197 -3.3501 -0.0376
v  -1.1125 -3.3396 -0.0374
v  -1.1021 -3.3324 -0.0370
v  -1.1181 -3.3501 0.0750
v  -1.1110 -3.3396 0.0746
v  -1.1006 -3.3324 0.0739
v  -1.1053 -3.3501 0.1869
v  -1.0982 -3.3396 0.1857
v  -1.0879 -3.3324 0.1840
v  -1.0813 -3.3501 0.2970
v  -1.0743 -3.3396 0.2951
v  -1.0642 -3.3324 0.2923
v  -1.0463 -3.3501 0.4041
v  -1.0396 -3.3396 0.4015
v  -1.0299 -3.3324 0.3978
v  -1.0008 -3.3501 0.5072
v  -0.9943 -3.3395 0.5039
v  -0.9850 -3.3323 0.4992
v  -0.9451 -3.3500 0.6052
v  -0.9390 -3.3395 0.6013
v  -0.9301 -3.3323 0.5956
v  -0.8799 -3.3500 0.6972
v  -0.8743 -3.3395 0.6927
v  -0.8660 -3.3323 0.6861
v  -0.8057 -3.3501 0.7820
v  -0.8005 -3.3395 0.7770
v  -0.7930 -3.3323 0.7696
v  -0.7233 -3.3501 0.8589
v  -0.7187 -3.3396 0.8534
v  -0.7119 -3.3323 0.8452
v  -0.6337 -3.3501 0.9271
v  -0.6297 -3.3396 0.9213
v  -0.6238 -3.3324 0.9125
v  -0.5377 -3.3501 0.9861
v  -0.5343 -3.3396 0.9798
v  -0.5292 -3.3323 0.9705
v  -0.4363 -3.3501 1.0351
v  -0.4335 -3.3396 1.0285
v  -0.4294 -3.3323 1.0187
v  -0.3304 -3.3501 1.0736
v  -0.3283 -3.3396 1.0668
v  -0.3252 -3.3323 1.0567
v  -0.2212 -3.3501 1.1014
v  -0.2198 -3.3396 1.0943
v  -0.2178 -3.3323 1.0839
v  -0.1098 -3.3501 1.1180
v  -0.1091 -3.3396 1.1109
v  -0.1081 -3.3323 1.1003
v  -0.4289 -3.3345 -2.3241
v  -0.4262 -3.3343 -2.7339
v  -0.4239 -3.3331 -3.1438
v  -0.4378 -3.3422 -2.3244
v  -0.4353 -3.3420 -2.7341
v  -0.4338 -3.3408 -3.1439
v  -0.4403 -3.3512 -3.1440
v  -0.4412 -3.3520 -2.7343
v  -0.4435 -3.3521 -2.3246
v  -0.4372 -3.7231 -2.3230
v  -0.4349 -3.7208 -2.7313
v  -0.4340 -3.7192 -3.1396
v  -0.4315 -3.7326 -2.3228
v  -0.4289 -3.7304 -2.7312
v  -0.4273 -3.7291 -3.1395
v  -0.4177 -3.7365 -3.1396
v  -0.4199 -3.7378 -2.7311
v  -0.4227 -3.7401 -2.3226
v  -0.0003 -3.7358 1.1000
v  -0.0003 -3.3396 1.1162
v  -0.4094 -3.7245 -3.5758
v  -0.4171 -3.7193 -3.5758
v  -0.4224 -3.7118 -3.5758
v  -0.4155 -3.3435 -3.5822
v  -0.4233 -3.3490 -3.5822
v  -0.4286 -3.3569 -3.5819
v  -0.4135 -3.7320 -3.5636
v  -0.4233 -3.7254 -3.5636
v  -0.4301 -3.7158 -3.5636
v  -0.4197 -3.3355 -3.5698
v  -0.4296 -3.3425 -3.5699
v  -0.4361 -3.3527 -3.5696
v  -0.4040 -3.7134 -3.5834
v  -0.4084 -3.7106 -3.5838
v  -0.4113 -3.7064 -3.5836
v  -0.4100 -3.3548 -3.5901
v  -0.4144 -3.3579 -3.5900
v  -0.4174 -3.3624 -3.5899
v  0.6845 -3.3325 -0.8687
v  0.6922 -3.3399 -0.8757
v  0.7418 -3.3398 -0.8265
v  0.7348 -3.3324 -0.8188
v  0.6380 -3.3322 -0.9234
v  0.6466 -3.3395 -0.9297
v  0.5990 -3.3326 -0.9821
v  0.6079 -3.3401 -0.9873
v  0.5657 -3.3325 -1.0447
v  0.5752 -3.3399 -1.0490
v  0.6925 -3.7284 -0.8756
v  0.6875 -3.7385 -0.8709
v  0.7380 -3.7379 -0.8217
v  0.7425 -3.7277 -0.8270
v  0.6470 -3.7295 -0.9297
v  0.6414 -3.7397 -0.9255
v  0.6084 -3.7297 -0.9874
v  0.6024 -3.7399 -0.9839
v  0.5759 -3.7300 -1.0491
v  0.5695 -3.7403 -1.0463
v  0.5383 -3.3324 -1.1074
v  0.5481 -3.3398 -1.1114
v  0.5155 -3.3326 -1.1716
v  0.5253 -3.3400 -1.1752
v  0.4976 -3.3325 -1.2372
v  0.5075 -3.3399 -1.2405
v  0.4847 -3.3327 -1.3039
v  0.4946 -3.3401 -1.3069
v  0.4720 -3.3322 -1.3710
v  0.4824 -3.3395 -1.3738
v  0.4625 -3.3326 -1.4384
v  0.4726 -3.3399 -1.4408
v  0.4536 -3.3326 -1.5060
v  0.4638 -3.3399 -1.5081
v  0.4453 -3.3323 -1.5738
v  0.4559 -3.3395 -1.5756
v  0.4404 -3.3326 -1.6417
v  0.4507 -3.3400 -1.6432
v  0.4349 -3.3326 -1.7098
v  0.4455 -3.3398 -1.7110
v  0.4314 -3.3325 -1.7779
v  0.4419 -3.3397 -1.7788
v  0.4281 -3.3325 -1.8461
v  0.4384 -3.3399 -1.8467
v  0.4241 -3.3324 -1.9158
v  0.4347 -3.3398 -1.9162
v  0.5487 -3.7303 -1.1116
v  0.5421 -3.7406 -1.1089
v  0.5258 -3.7301 -1.1755
v  0.5193 -3.7405 -1.1729
v  0.5081 -3.7301 -1.2409
v  0.5014 -3.7404 -1.2384
v  0.4950 -3.7299 -1.3073
v  0.4884 -3.7401 -1.3050
v  0.4833 -3.7300 -1.3743
v  0.4763 -3.7404 -1.3721
v  0.4730 -3.7298 -1.4412
v  0.4661 -3.7400 -1.4393
v  0.4643 -3.7294 -1.5084
v  0.4574 -3.7397 -1.5068
v  0.4568 -3.7292 -1.5760
v  0.4497 -3.7395 -1.5745
v  0.4513 -3.7286 -1.6436
v  0.4443 -3.7389 -1.6424
v  0.4463 -3.7283 -1.7113
v  0.4391 -3.7387 -1.7103
v  0.4426 -3.7282 -1.7791
v  0.4355 -3.7384 -1.7784
v  0.4391 -3.7277 -1.8469
v  0.4320 -3.7379 -1.8465
v  0.4354 -3.7273 -1.9163
v  0.4282 -3.7376 -1.9161
v  0.4262 -3.3406 -2.3244
v  0.4220 -3.3400 -2.7342
v  0.4289 -3.3507 -2.7344
v  0.4329 -3.3510 -2.3247
v  0.4198 -3.7343 -2.3229
v  0.4155 -3.7325 -2.7312
v  0.4051 -3.7394 -2.7311
v  0.4099 -3.7417 -2.3227
v  0.8093 -3.7435 -0.7366
v  0.8169 -3.7364 -0.7436
v  0.7311 -3.7451 -0.8140
v  0.8796 -3.7420 -0.6515
v  0.8878 -3.7349 -0.6578
v  0.9409 -3.7404 -0.5598
v  0.9497 -3.7333 -0.5652
v  0.9928 -3.7389 -0.4625
v  1.0020 -3.7318 -0.4669
v  1.0345 -3.7377 -0.3604
v  1.0441 -3.7305 -0.3638
v  1.0658 -3.7367 -0.2546
v  1.0757 -3.7296 -0.2571
v  1.0864 -3.7360 -0.1464
v  1.0964 -3.7289 -0.1478
v  1.0960 -3.7358 -0.0365
v  1.1061 -3.7286 -0.0370
v  1.0945 -3.7357 0.0738
v  1.1046 -3.7286 0.0743
v  1.0818 -3.7358 0.1834
v  1.0919 -3.7287 0.1849
v  1.0583 -3.7359 0.2911
v  1.0682 -3.7288 0.2937
v  1.0239 -3.7358 0.3960
v  1.0335 -3.7287 0.3996
v  0.9793 -3.7358 0.4969
v  0.9885 -3.7287 0.5014
v  0.9247 -3.7358 0.5928
v  0.9334 -3.7288 0.5982
v  0.8608 -3.7358 0.6827
v  0.8689 -3.7288 0.6890
v  0.7883 -3.7359 0.7657
v  0.7957 -3.7288 0.7729
v  0.7077 -3.7358 0.8411
v  0.7143 -3.7287 0.8489
v  0.6199 -3.7358 0.9079
v  0.6257 -3.7288 0.9164
v  0.5259 -3.7358 0.9657
v  0.5308 -3.7287 0.9747
v  0.4266 -3.7358 1.0137
v  0.4306 -3.7287 1.0231
v  0.3229 -3.7358 1.0515
v  0.3259 -3.7287 1.0613
v  0.2160 -3.7358 1.0786
v  0.2180 -3.7289 1.0886
v  0.1069 -3.7358 1.0949
v  0.1079 -3.7288 1.1050
v  0.8263 -3.3501 -0.7527
v  0.8210 -3.3397 -0.7479
v  0.7465 -3.3503 -0.8319
v  0.8981 -3.3501 -0.6658
v  0.8923 -3.3396 -0.6616
v  0.9608 -3.3501 -0.5722
v  0.9546 -3.3396 -0.5686
v  1.0138 -3.3500 -0.4728
v  1.0073 -3.3395 -0.4698
v  1.0566 -3.3500 -0.3686
v  1.0497 -3.3395 -0.3662
v  1.0886 -3.3501 -0.2606
v  1.0815 -3.3395 -0.2589
v  1.1095 -3.3500 -0.1498
v  1.1023 -3.3394 -0.1488
v  1.1192 -3.3500 -0.0376
v  1.1120 -3.3395 -0.0374
v  1.1176 -3.3500 0.0750
v  1.1104 -3.3395 0.0746
v  1.1047 -3.3500 0.1869
v  1.0976 -3.3395 0.1857
v  1.0806 -3.3500 0.2970
v  1.0737 -3.3395 0.2951
v  1.0457 -3.3501 0.4041
v  1.0389 -3.3395 0.4015
v  1.0001 -3.3500 0.5072
v  0.9936 -3.3395 0.5039
v  0.9444 -3.3499 0.6052
v  0.9383 -3.3394 0.6012
v  0.8792 -3.3499 0.6971
v  0.8736 -3.3394 0.6925
v  0.8051 -3.3499 0.7820
v  0.7999 -3.3394 0.7769
v  0.7227 -3.3500 0.8589
v  0.7180 -3.3395 0.8533
v  0.6331 -3.3501 0.9272
v  0.6290 -3.3395 0.9212
v  0.5371 -3.3500 0.9861
v  0.5336 -3.3395 0.9797
v  0.4356 -3.3500 1.0351
v  0.4328 -3.3395 1.0284
v  0.3298 -3.3500 1.0737
v  0.3276 -3.3395 1.0668
v  0.2206 -3.3500 1.1015
v  0.2191 -3.3395 1.0944
v  0.1091 -3.3501 1.1181
v  0.1084 -3.3396 1.1109
v  0.4210 -3.3525 -3.5696
v  0.3981 -3.7319 -3.5636
v  0.6975 -3.3505 -0.8804
v  0.6526 -3.3500 -0.9339
v  0.6139 -3.3504 -0.9907
v  0.5817 -3.3505 -1.0518
v  0.6801 -3.7458 -0.8642
v  0.6331 -3.7467 -0.9194
v  0.5937 -3.7471 -0.9788
v  0.5601 -3.7474 -1.0421
v  0.5546 -3.3505 -1.1141
v  0.5318 -3.3506 -1.1778
v  0.5141 -3.3506 -1.2430
v  0.5012 -3.3506 -1.3092
v  0.4895 -3.3503 -1.3759
v  0.4793 -3.3504 -1.4427
v  0.4707 -3.3505 -1.5098
v  0.4631 -3.3503 -1.5771
v  0.4576 -3.3506 -1.6445
v  0.4526 -3.3505 -1.7120
v  0.4490 -3.3502 -1.7796
v  0.4455 -3.3504 -1.8473
v  0.4418 -3.3505 -1.9165
v  0.5325 -3.7477 -1.1050
v  0.5096 -3.7477 -1.1693
v  0.4916 -3.7476 -1.2352
v  0.4786 -3.7473 -1.3021
v  0.4661 -3.7474 -1.3695
v  0.4560 -3.7471 -1.4370
v  0.4472 -3.7468 -1.5047
v  0.4394 -3.7466 -1.5728
v  0.4341 -3.7461 -1.6409
v  0.4288 -3.7458 -1.7091
v  0.4252 -3.7455 -1.7775
v  0.4218 -3.7450 -1.8459
v  0.4179 -3.7447 -1.9158
v  0.4114 -3.3326 -2.7340
v  0.4162 -3.3329 -2.3241
v  0.4265 -3.3505 -3.1441
v  0.4225 -3.7222 -2.7313
v  0.4266 -3.7243 -2.3231
v  0.4025 -3.7373 -3.1396
v  0.8220 -3.7261 -0.7484
v  0.8935 -3.7246 -0.6621
v  0.9557 -3.7231 -0.5689
v  1.0082 -3.7215 -0.4699
v  1.0507 -3.7202 -0.3663
v  1.0825 -3.7192 -0.2589
v  1.1033 -3.7186 -0.1489
v  1.1132 -3.7184 -0.0374
v  1.1116 -3.7184 0.0747
v  1.0989 -3.7184 0.1860
v  1.0751 -3.7185 0.2955
v  1.0402 -3.7184 0.4020
v  0.9948 -3.7184 0.5046
v  0.9394 -3.7185 0.6020
v  0.8745 -3.7185 0.6934
v  0.8008 -3.7184 0.7779
v  0.7189 -3.7183 0.8545
v  0.6297 -3.7184 0.9223
v  0.5342 -3.7184 0.9809
v  0.4333 -3.7184 1.0296
v  0.3280 -3.7184 1.0681
v  0.2194 -3.7186 1.0957
v  0.1086 -3.7185 1.1122
v  0.8133 -3.3324 -0.7409
v  0.8839 -3.3324 -0.6553
v  0.9456 -3.3323 -0.5632
v  0.9977 -3.3323 -0.4653
v  1.0397 -3.3323 -0.3627
v  1.0713 -3.3323 -0.2564
v  1.0918 -3.3323 -0.1475
v  1.1015 -3.3323 -0.0370
v  1.0999 -3.3323 0.0739
v  1.0872 -3.3323 0.1840
v  1.0636 -3.3323 0.2923
v  1.0292 -3.3323 0.3978
v  0.9843 -3.3323 0.4992
v  0.9294 -3.3323 0.5955
v  0.8653 -3.3323 0.6860
v  0.7923 -3.3322 0.7695
v  0.7113 -3.3323 0.8452
v  0.6231 -3.3323 0.9125
v  0.5286 -3.3323 0.9705
v  0.4287 -3.3323 1.0187
v  0.3246 -3.3323 1.0567
v  0.2171 -3.3322 1.0839
v  0.1074 -3.3323 1.1003
v  -0.0003 -3.3501 1.1234
v  0.4079 -3.7254 -3.5635
v  0.4148 -3.7158 -3.5636
v  0.4043 -3.3357 -3.5697
v  0.4143 -3.3424 -3.5698
v  0.4194 -3.3398 -3.1440
v  0.4130 -3.7302 -3.1396
v  0.4088 -3.3324 -3.1439
v  0.4202 -3.7199 -3.1396
v  -0.0003 -3.7289 1.1102
v  -0.0003 -3.7186 1.1174
v  -0.0003 -3.3323 1.1056
v  0.4133 -3.3568 -3.5819
v  0.4021 -3.3623 -3.5899
v  0.3941 -3.7244 -3.5757
v  0.3888 -3.7135 -3.5837
v  0.4018 -3.7193 -3.5758
v  0.3931 -3.7106 -3.5838
v  0.4071 -3.7117 -3.5757
v  0.3961 -3.7064 -3.5839
v  0.3948 -3.3548 -3.5900
v  0.4002 -3.3435 -3.5821
v  0.3991 -3.3579 -3.5900
v  0.4080 -3.3489 -3.5821
v  -0.0003 -3.7348 -3.5635
v  -0.0003 -3.7266 -3.5756
v  -0.0003 -3.7148 -3.5838
v  -0.0003 -3.7557 -0.8035
v  -0.0003 -3.7555 -0.8547
v  -0.0003 -3.7553 -0.9111
v  -0.0003 -3.7550 -0.9717
v  -0.0003 -3.7546 -1.0362
v  -0.0003 -3.7542 -1.0997
v  -0.0003 -3.7539 -1.1647
v  -0.0003 -3.7535 -1.2311
v  -0.0003 -3.7531 -1.2985
v  -0.0003 -3.7527 -1.3663
v  -0.0003 -3.7523 -1.4341
v  -0.0003 -3.7519 -1.5023
v  -0.0003 -3.7515 -1.5707
v  -0.0003 -3.7511 -1.6391
v  -0.0003 -3.7507 -1.7077
v  -0.0003 -3.7503 -1.7764
v  -0.0003 -3.7499 -1.8451
v  -0.0003 -3.7494 -1.9146
v  -0.0003 -3.7466 -2.3224
v  -0.0003 -3.7437 -2.7310
v  -0.0003 -3.7409 -3.1396
v  -0.0003 -3.7444 0.8963
v  -0.0003 -3.7463 0.8303
v  -0.0003 -3.7484 0.7559
v  -0.0003 -3.7503 0.6739
v  -0.0003 -3.7517 0.5852
v  -0.0003 -3.7533 0.4905
v  -0.0003 -3.7550 0.3909
v  -0.0003 -3.7560 0.2873
v  -0.0003 -3.7566 0.1810
v  -0.0003 -3.7572 0.0728
v  -0.0003 -3.7575 -0.0361
v  -0.0003 -3.7572 -0.1445
v  -0.0003 -3.7570 -0.2512
v  -0.0003 -3.7567 -0.3556
v  -0.0003 -3.7565 -0.4564
v  -0.0003 -3.7562 -0.5524
v  -0.0003 -3.7560 -0.6429
v  -0.0003 -3.7558 -0.7269
v  -0.2005 -3.7348 -3.5635
v  -0.2000 -3.7266 -3.5756
v  -0.1995 -3.7148 -3.5838
v  -0.3355 -3.7538 -0.8547
v  -0.3127 -3.7538 -0.9111
v  -0.2927 -3.7537 -0.9717
v  -0.2761 -3.7536 -1.0362
v  -0.2628 -3.7535 -1.0997
v  -0.2516 -3.7532 -1.1646
v  -0.2428 -3.7529 -1.2311
v  -0.2360 -3.7526 -1.2985
v  -0.2301 -3.7523 -1.3662
v  -0.2246 -3.7519 -1.4341
v  -0.2201 -3.7515 -1.5022
v  -0.2168 -3.7511 -1.5707
v  -0.2137 -3.7507 -1.6391
v  -0.2113 -3.7503 -1.7077
v  -0.2093 -3.7499 -1.7764
v  -0.2077 -3.7494 -1.8450
v  -0.2062 -3.7490 -1.9141
v  -0.2048 -3.7463 -2.3224
v  -0.2034 -3.7435 -2.7310
v  -0.2020 -3.7408 -3.1396
v  -0.3498 -3.7444 0.8304
v  -0.3896 -3.7460 0.7561
v  -0.4255 -3.7471 0.6740
v  -0.4570 -3.7481 0.5853
v  -0.4840 -3.7492 0.4906
v  -0.5060 -3.7505 0.3910
v  -0.5229 -3.7512 0.2875
v  -0.5346 -3.7516 0.1810
v  -0.5408 -3.7521 0.0729
v  -0.5416 -3.7529 -0.0360
v  -0.5369 -3.7529 -0.1444
v  -0.5267 -3.7529 -0.2512
v  -0.5113 -3.7530 -0.3556
v  -0.4907 -3.7532 -0.4564
v  -0.4650 -3.7534 -0.5524
v  -0.4347 -3.7535 -0.6430
v  -0.4000 -3.7537 -0.7269
v  -0.3613 -3.7538 -0.8036
v  -0.3065 -3.7430 0.8965
v  0.3606 -3.7538 -0.8036
v  0.3058 -3.7428 0.8964
v  0.1925 -3.7348 -3.5635
v  0.1920 -3.7266 -3.5756
v  0.1915 -3.7148 -3.5838
v  0.3347 -3.7538 -0.8547
v  0.3108 -3.7538 -0.9111
v  0.2906 -3.7538 -0.9717
v  0.2735 -3.7537 -1.0362
v  0.2595 -3.7535 -1.0997
v  0.2479 -3.7533 -1.1647
v  0.2389 -3.7530 -1.2311
v  0.2323 -3.7526 -1.2985
v  0.2260 -3.7523 -1.3662
v  0.2208 -3.7519 -1.4341
v  0.2164 -3.7515 -1.5022
v  0.2125 -3.7511 -1.5707
v  0.2098 -3.7507 -1.6391
v  0.2071 -3.7503 -1.7077
v  0.2053 -3.7499 -1.7764
v  0.2036 -3.7495 -1.8450
v  0.2016 -3.7490 -1.9149
v  0.1977 -3.7463 -2.3224
v  0.1952 -3.7435 -2.7310
v  0.1939 -3.7408 -3.1396
v  0.3492 -3.7444 0.8304
v  0.3889 -3.7460 0.7560
v  0.4248 -3.7471 0.6740
v  0.4563 -3.7481 0.5853
v  0.4833 -3.7492 0.4906
v  0.5053 -3.7505 0.3910
v  0.5223 -3.7512 0.2874
v  0.5339 -3.7516 0.1810
v  0.5402 -3.7521 0.0729
v  0.5409 -3.7529 -0.0360
v  0.5362 -3.7528 -0.1445
v  0.5261 -3.7528 -0.2512
v  0.5106 -3.7529 -0.3556
v  0.4900 -3.7530 -0.4565
v  0.4643 -3.7533 -0.5525
v  0.4340 -3.7535 -0.6430
v  0.3993 -3.7537 -0.7270
v  -0.0003 -3.3535 -3.5900
v  -0.0003 -3.3412 -3.5820
v  -0.0003 -3.3326 -3.5697
v  -0.0003 -3.3292 -3.1438
v  -0.0003 -3.3293 -2.7338
v  -0.0003 -3.3294 -2.3238
v  -0.0003 -3.3292 -1.9145
v  -0.0003 -3.3292 -1.8452
v  -0.0003 -3.3292 -1.7767
v  -0.0003 -3.3292 -1.7083
v  -0.0003 -3.3292 -1.6399
v  -0.0003 -3.3292 -1.5716
v  -0.0003 -3.3292 -1.5034
v  -0.0003 -3.3292 -1.4355
v  -0.0003 -3.3292 -1.3676
v  -0.0003 -3.3292 -1.3002
v  -0.0003 -3.3292 -1.2330
v  -0.0003 -3.3292 -1.1667
v  -0.0003 -3.3292 -1.1020
v  -0.0003 -3.3292 -1.0386
v  -0.0003 -3.3292 -0.9747
v  -0.0003 -3.3292 -0.9145
v  -0.0003 -3.3292 -0.8588
v  -0.0003 -3.3292 -0.8081
v  -0.0003 -3.3292 -0.7311
v  -0.0003 -3.3292 -0.6466
v  -0.0003 -3.3292 -0.5557
v  -0.0003 -3.3292 -0.4591
v  -0.0003 -3.3292 -0.3578
v  -0.0003 -3.3292 -0.2530
v  -0.0003 -3.3292 -0.1455
v  -0.0003 -3.3292 -0.0365
v  -0.0003 -3.3292 0.0730
v  -0.0003 -3.3292 0.1816
v  -0.0003 -3.3292 0.2885
v  -0.0003 -3.3292 0.3926
v  -0.0003 -3.3292 0.4927
v  -0.0003 -3.3292 0.5878
v  -0.0003 -3.3292 0.6770
v  -0.0003 -3.3292 0.7594
v  -0.0003 -3.3292 0.8341
v  -0.0003 -3.3292 0.9006
v  -0.2023 -3.3535 -3.5900
v  -0.2030 -3.3413 -3.5820
v  -0.2033 -3.3326 -3.5697
v  -0.2050 -3.3292 -3.1438
v  -0.2063 -3.3294 -2.7338
v  -0.2077 -3.3294 -2.3237
v  -0.2091 -3.3292 -1.9141
v  -0.2106 -3.3292 -1.8452
v  -0.2122 -3.3292 -1.7767
v  -0.2142 -3.3292 -1.7083
v  -0.2166 -3.3292 -1.6399
v  -0.2194 -3.3292 -1.5716
v  -0.2233 -3.3292 -1.5034
v  -0.2277 -3.3292 -1.4355
v  -0.2327 -3.3292 -1.3676
v  -0.2388 -3.3292 -1.3002
v  -0.2456 -3.3292 -1.2330
v  -0.2544 -3.3292 -1.1667
v  -0.2655 -3.3292 -1.1019
v  -0.2786 -3.3292 -1.0386
v  -0.2951 -3.3292 -0.9747
v  -0.3147 -3.3292 -0.9145
v  -0.3374 -3.3292 -0.8588
v  -0.3629 -3.3292 -0.8081
v  -0.4018 -3.3292 -0.7311
v  -0.4366 -3.3292 -0.6466
v  -0.4671 -3.3292 -0.5557
v  -0.4928 -3.3292 -0.4591
v  -0.5135 -3.3292 -0.3578
v  -0.5291 -3.3292 -0.2529
v  -0.5392 -3.3292 -0.1455
v  -0.5440 -3.3292 -0.0365
v  -0.5432 -3.3292 0.0730
v  -0.5370 -3.3292 0.1816
v  -0.5253 -3.3292 0.2885
v  -0.5084 -3.3292 0.3926
v  -0.4862 -3.3292 0.4927
v  -0.4591 -3.3292 0.5878
v  -0.4275 -3.3292 0.6770
v  -0.3914 -3.3292 0.7594
v  -0.3515 -3.3292 0.8341
v  -0.3080 -3.3292 0.9006
v  0.1944 -3.3535 -3.5900
v  0.1950 -3.3412 -3.5820
v  0.1954 -3.3326 -3.5697
v  0.1969 -3.3292 -3.1438
v  0.1981 -3.3292 -2.7338
v  0.2006 -3.3293 -2.3238
v  0.2045 -3.3292 -1.9149
v  0.2065 -3.3292 -1.8452
v  0.2082 -3.3292 -1.7767
v  0.2100 -3.3292 -1.7083
v  0.2128 -3.3292 -1.6399
v  0.2152 -3.3292 -1.5716
v  0.2195 -3.3292 -1.5035
v  0.2240 -3.3292 -1.4355
v  0.2286 -3.3292 -1.3676
v  0.2351 -3.3292 -1.3002
v  0.2416 -3.3292 -1.2330
v  0.2506 -3.3292 -1.1668
v  0.2621 -3.3292 -1.1020
v  0.2760 -3.3292 -1.0387
v  0.2929 -3.3292 -0.9747
v  0.3128 -3.3292 -0.9145
v  0.3366 -3.3292 -0.8588
v  0.3623 -3.3292 -0.8081
v  0.4011 -3.3292 -0.7311
v  0.4359 -3.3292 -0.6466
v  0.4664 -3.3292 -0.5557
v  0.4921 -3.3292 -0.4591
v  0.5128 -3.3292 -0.3578
v  0.5284 -3.3292 -0.2530
v  0.5385 -3.3292 -0.1455
v  0.5433 -3.3292 -0.0365
v  0.5426 -3.3292 0.0730
v  0.5363 -3.3292 0.1816
v  0.5246 -3.3292 0.2885
v  0.5077 -3.3292 0.3926
v  0.4855 -3.3292 0.4927
v  0.4584 -3.3292 0.5877
v  0.4268 -3.3292 0.6770
v  0.3908 -3.3292 0.7594
v  0.3508 -3.3292 0.8341
v  0.3073 -3.3292 0.9006
v  -0.7256 -3.3292 -0.8081
v  -0.7185 -3.3292 -0.8010
v  -0.6745 -3.3292 -0.8588
v  -0.6671 -3.3292 -0.8521
v  -0.6291 -3.3292 -0.9145
v  -0.6210 -3.3292 -0.9086
v  -0.5898 -3.3292 -0.9747
v  -0.5811 -3.3292 -0.9696
v  -0.5569 -3.3292 -1.0386
v  -0.5477 -3.3292 -1.0348
v  -0.6707 -3.7493 -0.8547
v  -0.6633 -3.7494 -0.8480
v  -0.7222 -3.7484 -0.8036
v  -0.7152 -3.7485 -0.7965
v  -0.6251 -3.7500 -0.9111
v  -0.6173 -3.7501 -0.9048
v  -0.5851 -3.7505 -0.9716
v  -0.5764 -3.7506 -0.9666
v  -0.5519 -3.7507 -1.0362
v  -0.5430 -3.7508 -1.0316
v  -0.5307 -3.3292 -1.1019
v  -0.5213 -3.3292 -1.0987
v  -0.5084 -3.3292 -1.1667
v  -0.4987 -3.3292 -1.1642
v  -0.4908 -3.3292 -1.2329
v  -0.4810 -3.3292 -1.2310
v  -0.4773 -3.3292 -1.3002
v  -0.4675 -3.3292 -1.2984
v  -0.4650 -3.3292 -1.3676
v  -0.4552 -3.3292 -1.3662
v  -0.4551 -3.3292 -1.4355
v  -0.4452 -3.3292 -1.4342
v  -0.4462 -3.3292 -1.5034
v  -0.4363 -3.3292 -1.5023
v  -0.4385 -3.3292 -1.5716
v  -0.4286 -3.3292 -1.5707
v  -0.4329 -3.3292 -1.6399
v  -0.4230 -3.3292 -1.6392
v  -0.4280 -3.3292 -1.7083
v  -0.4180 -3.3292 -1.7077
v  -0.4241 -3.3292 -1.7767
v  -0.4141 -3.3292 -1.7762
v  -0.4208 -3.3292 -1.8452
v  -0.4108 -3.3292 -1.8448
v  -0.4179 -3.3292 -1.9137
v  -0.4079 -3.3292 -1.9136
v  -0.5253 -3.7508 -1.0997
v  -0.5161 -3.7509 -1.0958
v  -0.5029 -3.7509 -1.1646
v  -0.4934 -3.7510 -1.1613
v  -0.4853 -3.7508 -1.2311
v  -0.4756 -3.7509 -1.2285
v  -0.4716 -3.7506 -1.2984
v  -0.4618 -3.7507 -1.2964
v  -0.4599 -3.7504 -1.3662
v  -0.4500 -3.7505 -1.3645
v  -0.4488 -3.7502 -1.4340
v  -0.4389 -3.7503 -1.4324
v  -0.4399 -3.7499 -1.5022
v  -0.4300 -3.7500 -1.5009
v  -0.4332 -3.7496 -1.5706
v  -0.4232 -3.7497 -1.5697
v  -0.4270 -3.7493 -1.6391
v  -0.4170 -3.7494 -1.6382
v  -0.4222 -3.7490 -1.7077
v  -0.4122 -3.7490 -1.7070
v  -0.4184 -3.7486 -1.7763
v  -0.4084 -3.7487 -1.7758
v  -0.4150 -3.7482 -1.8450
v  -0.4050 -3.7483 -1.8445
v  -0.4121 -3.7478 -1.9137
v  -0.4021 -3.7479 -1.9133
v  -0.4037 -3.7403 -3.1395
v  -0.3937 -3.7403 -3.1395
v  -0.4150 -3.3295 -2.3237
v  -0.4050 -3.3295 -2.3237
v  -0.7997 -3.7469 -0.7270
v  -0.7923 -3.7470 -0.7202
v  -0.8690 -3.7453 -0.6430
v  -0.8610 -3.7455 -0.6370
v  -0.9296 -3.7438 -0.5525
v  -0.9208 -3.7440 -0.5478
v  -0.9810 -3.7423 -0.4565
v  -0.9720 -3.7425 -0.4522
v  -1.0221 -3.7411 -0.3556
v  -1.0125 -3.7414 -0.3528
v  -1.0530 -3.7402 -0.2512
v  -1.0433 -3.7404 -0.2489
v  -1.0733 -3.7395 -0.1443
v  -1.0634 -3.7397 -0.1430
v  -1.0827 -3.7392 -0.0359
v  -1.0727 -3.7394 -0.0355
v  -1.0812 -3.7391 0.0730
v  -1.0712 -3.7394 0.0724
v  -1.0687 -3.7391 0.1812
v  -1.0588 -3.7394 0.1796
v  -1.0454 -3.7391 0.2876
v  -1.0358 -3.7394 0.2850
v  -1.0116 -3.7391 0.3911
v  -1.0022 -3.7394 0.3875
v  -0.9675 -3.7391 0.4907
v  -0.9585 -3.7394 0.4862
v  -0.9136 -3.7391 0.5854
v  -0.9052 -3.7393 0.5800
v  -0.8505 -3.7391 0.6741
v  -0.8427 -3.7393 0.6679
v  -0.7789 -3.7391 0.7561
v  -0.7717 -3.7394 0.7492
v  -0.6993 -3.7391 0.8305
v  -0.6929 -3.7394 0.8229
v  -0.6127 -3.7391 0.8965
v  -0.6070 -3.7393 0.8883
v  -0.5199 -3.7391 0.9536
v  -0.5151 -3.7393 0.9448
v  -0.4219 -3.7391 1.0010
v  -0.4180 -3.7393 0.9918
v  -0.3195 -3.7391 1.0383
v  -0.3166 -3.7393 1.0287
v  -0.2139 -3.7391 1.0651
v  -0.2120 -3.7393 1.0552
v  -0.1062 -3.7391 1.0811
v  -0.1052 -3.7393 1.0711
v  -0.0003 -3.7391 1.0860
v  -0.0008 -3.7393 1.0761
v  -0.8033 -3.3292 -0.7310
v  -0.7959 -3.3292 -0.7243
v  -0.8729 -3.3292 -0.6466
v  -0.8652 -3.3292 -0.6402
v  -0.9338 -3.3292 -0.5557
v  -0.9253 -3.3292 -0.5505
v  -0.9853 -3.3292 -0.4591
v  -0.9762 -3.3292 -0.4548
v  -1.0267 -3.3292 -0.3578
v  -1.0174 -3.3292 -0.3540
v  -1.0579 -3.3292 -0.2529
v  -1.0482 -3.3292 -0.2506
v  -1.0781 -3.3292 -0.1455
v  -1.0683 -3.3292 -0.1436
v  -1.0877 -3.3292 -0.0365
v  -1.0776 -3.3292 -0.0361
v  -1.0861 -3.3292 0.0730
v  -1.0761 -3.3292 0.0723
v  -1.0736 -3.3292 0.1816
v  -1.0636 -3.3292 0.1805
v  -1.0503 -3.3292 0.2885
v  -1.0406 -3.3292 0.2859
v  -1.0164 -3.3292 0.3926
v  -1.0070 -3.3291 0.3891
v  -0.9720 -3.3291 0.4927
v  -0.9631 -3.3291 0.4882
v  -0.9179 -3.3291 0.5878
v  -0.9092 -3.3291 0.5829
v  -0.8546 -3.3291 0.6770
v  -0.8467 -3.3291 0.6708
v  -0.7825 -3.3291 0.7594
v  -0.7753 -3.3291 0.7525
v  -0.7026 -3.3292 0.8341
v  -0.6957 -3.3292 0.8268
v  -0.6156 -3.3292 0.9006
v  -0.6100 -3.3292 0.8924
v  -0.5223 -3.3292 0.9577
v  -0.5171 -3.3292 0.9492
v  -0.4238 -3.3292 1.0054
v  -0.4199 -3.3292 0.9961
v  -0.3210 -3.3291 1.0429
v  -0.3180 -3.3291 1.0333
v  -0.2149 -3.3291 1.0697
v  -0.2124 -3.3291 1.0600
v  -0.1067 -3.3291 1.0859
v  -0.1057 -3.3291 1.0760
v  -0.3986 -3.7148 -3.5838
v  -0.3887 -3.7151 -3.5836
v  -0.4063 -3.3326 -3.5697
v  -0.3964 -3.3325 -3.5694
v  -0.4064 -3.7424 -2.7309
v  -0.3964 -3.7424 -2.7309
v  -0.4092 -3.7449 -2.3223
v  -0.3992 -3.7450 -2.3223
v  -0.4123 -3.3294 -2.7337
v  -0.4023 -3.3294 -2.7337
v  -0.4096 -3.3292 -3.1438
v  -0.3996 -3.3292 -3.1437
v  -0.0003 -3.3291 1.0911
v  0.0001 -3.3291 1.0811
v  -0.3996 -3.7266 -3.5756
v  -0.3896 -3.7269 -3.5754
v  -0.4006 -3.7348 -3.5635
v  -0.3906 -3.7349 -3.5634
v  -0.4056 -3.3413 -3.5820
v  -0.3956 -3.3410 -3.5817
v  -0.4043 -3.3536 -3.5900
v  -0.3944 -3.3531 -3.5898
v  0.3853 -3.7348 -3.5636
v  0.3754 -3.7349 -3.5633
v  0.6735 -3.3292 -0.8588
v  0.6665 -3.3292 -0.8517
v  0.7249 -3.3292 -0.8081
v  0.7178 -3.3292 -0.8010
v  0.6259 -3.3291 -0.9145
v  0.6179 -3.3292 -0.9085
v  0.5862 -3.3292 -0.9747
v  0.5779 -3.3292 -0.9692
v  0.5523 -3.3292 -1.0387
v  0.5435 -3.3292 -1.0340
v  0.7215 -3.7484 -0.8036
v  0.7145 -3.7485 -0.7965
v  0.6697 -3.7493 -0.8547
v  0.6621 -3.7494 -0.8482
v  0.6219 -3.7500 -0.9111
v  0.6139 -3.7501 -0.9051
v  0.5815 -3.7505 -0.9717
v  0.5729 -3.7506 -0.9665
v  0.5473 -3.7508 -1.0362
v  0.5381 -3.7509 -1.0322
v  0.5246 -3.3291 -1.1020
v  0.5154 -3.3291 -1.0980
v  0.5016 -3.3292 -1.1668
v  0.4922 -3.3292 -1.1634
v  0.4835 -3.3292 -1.2330
v  0.4739 -3.3292 -1.2304
v  0.4706 -3.3292 -1.3002
v  0.4608 -3.3292 -1.2983
v  0.4575 -3.3291 -1.3677
v  0.4477 -3.3291 -1.3658
v  0.4483 -3.3292 -1.4355
v  0.4384 -3.3292 -1.4342
v  0.4394 -3.3292 -1.5035
v  0.4295 -3.3292 -1.5022
v  0.4307 -3.3291 -1.5716
v  0.4208 -3.3291 -1.5703
v  0.4259 -3.3292 -1.6399
v  0.4159 -3.3292 -1.6392
v  0.4204 -3.3292 -1.7083
v  0.4104 -3.3292 -1.7075
v  0.4167 -3.3292 -1.7767
v  0.4067 -3.3292 -1.7762
v  0.4133 -3.3292 -1.8452
v  0.4033 -3.3292 -1.8447
v  0.4094 -3.3291 -1.9153
v  0.3994 -3.3292 -1.9148
v  0.5192 -3.7509 -1.0997
v  0.5098 -3.7510 -1.0963
v  0.4961 -3.7510 -1.1646
v  0.4865 -3.7511 -1.1620
v  0.4781 -3.7509 -1.2311
v  0.4682 -3.7510 -1.2292
v  0.4648 -3.7507 -1.2985
v  0.4550 -3.7508 -1.2967
v  0.4524 -3.7506 -1.3662
v  0.4425 -3.7506 -1.3647
v  0.4420 -3.7503 -1.4341
v  0.4321 -3.7504 -1.4328
v  0.4331 -3.7500 -1.5022
v  0.4231 -3.7501 -1.5011
v  0.4254 -3.7497 -1.5706
v  0.4154 -3.7498 -1.5698
v  0.4199 -3.7494 -1.6391
v  0.4100 -3.7495 -1.6383
v  0.4146 -3.7490 -1.7077
v  0.4046 -3.7491 -1.7071
v  0.4109 -3.7487 -1.7763
v  0.4009 -3.7487 -1.7759
v  0.4075 -3.7483 -1.8450
v  0.3975 -3.7483 -1.8445
v  0.4036 -3.7479 -1.9153
v  0.3936 -3.7479 -1.9151
v  0.3966 -3.3292 -2.7338
v  0.3866 -3.3292 -2.7337
v  0.4016 -3.3292 -2.3238
v  0.3916 -3.3292 -2.3236
v  0.3907 -3.7428 -2.7309
v  0.3807 -3.7428 -2.7309
v  0.3881 -3.7403 -3.1396
v  0.3781 -3.7403 -3.1395
v  0.7990 -3.7469 -0.7270
v  0.7916 -3.7470 -0.7203
v  0.8683 -3.7453 -0.6430
v  0.8603 -3.7455 -0.6371
v  0.9289 -3.7438 -0.5525
v  0.9206 -3.7439 -0.5470
v  0.9803 -3.7423 -0.4565
v  0.9713 -3.7425 -0.4522
v  1.0214 -3.7411 -0.3557
v  1.0121 -3.7413 -0.3519
v  1.0523 -3.7402 -0.2513
v  1.0426 -3.7404 -0.2489
v  1.0726 -3.7395 -0.1444
v  1.0627 -3.7397 -0.1430
v  1.0820 -3.7392 -0.0359
v  1.0720 -3.7394 -0.0356
v  1.0805 -3.7391 0.0730
v  1.0705 -3.7394 0.0723
v  1.0680 -3.7391 0.1812
v  1.0581 -3.7394 0.1795
v  1.0447 -3.7391 0.2875
v  1.0351 -3.7394 0.2849
v  1.0109 -3.7391 0.3911
v  1.0015 -3.7394 0.3875
v  0.9668 -3.7391 0.4906
v  0.9578 -3.7394 0.4861
v  0.9129 -3.7391 0.5853
v  0.9045 -3.7393 0.5799
v  0.8498 -3.7391 0.6741
v  0.8420 -3.7393 0.6679
v  0.7782 -3.7391 0.7561
v  0.7710 -3.7394 0.7491
v  0.6986 -3.7391 0.8304
v  0.6922 -3.7394 0.8228
v  0.6120 -3.7391 0.8965
v  0.6063 -3.7393 0.8882
v  0.5192 -3.7391 0.9535
v  0.5144 -3.7393 0.9447
v  0.4212 -3.7391 1.0009
v  0.4173 -3.7393 0.9917
v  0.3188 -3.7391 1.0382
v  0.3159 -3.7393 1.0287
v  0.2133 -3.7391 1.0650
v  0.2113 -3.7393 1.0552
v  0.1055 -3.7391 1.0810
v  0.1045 -3.7393 1.0710
v  0.8026 -3.3292 -0.7311
v  0.7952 -3.3292 -0.7244
v  0.8722 -3.3292 -0.6466
v  0.8639 -3.3292 -0.6411
v  0.9332 -3.3292 -0.5557
v  0.9246 -3.3292 -0.5506
v  0.9846 -3.3291 -0.4591
v  0.9755 -3.3291 -0.4549
v  1.0260 -3.3291 -0.3578
v  1.0164 -3.3291 -0.3550
v  1.0572 -3.3292 -0.2530
v  1.0475 -3.3292 -0.2506
v  1.0774 -3.3291 -0.1455
v  1.0675 -3.3291 -0.1446
v  1.0870 -3.3292 -0.0365
v  1.0770 -3.3292 -0.0361
v  1.0855 -3.3291 0.0730
v  1.0755 -3.3291 0.0723
v  1.0729 -3.3291 0.1816
v  1.0631 -3.3291 0.1795
v  1.0496 -3.3291 0.2885
v  1.0399 -3.3291 0.2859
v  1.0157 -3.3291 0.3926
v  1.0064 -3.3291 0.3890
v  0.9713 -3.3291 0.4926
v  0.9624 -3.3291 0.4881
v  0.9172 -3.3291 0.5877
v  0.9090 -3.3291 0.5819
v  0.8539 -3.3291 0.6770
v  0.8460 -3.3291 0.6708
v  0.7819 -3.3291 0.7594
v  0.7747 -3.3291 0.7524
v  0.7019 -3.3291 0.8341
v  0.6958 -3.3291 0.8261
v  0.6150 -3.3291 0.9006
v  0.6093 -3.3291 0.8923
v  0.5216 -3.3291 0.9577
v  0.5173 -3.3291 0.9487
v  0.4231 -3.3291 1.0053
v  0.4192 -3.3291 0.9961
v  0.3203 -3.3291 1.0428
v  0.3173 -3.3291 1.0333
v  0.2142 -3.3292 1.0697
v  0.2127 -3.3292 1.0598
v  0.1060 -3.3291 1.0859
v  0.1050 -3.3291 1.0760
v  0.3911 -3.3326 -3.5697
v  0.3811 -3.3325 -3.5696
v  0.3941 -3.3292 -3.1438
v  0.3841 -3.3292 -3.1438
v  0.3957 -3.7453 -2.3224
v  0.3857 -3.7453 -2.3222
v  0.3843 -3.7266 -3.5757
v  0.3743 -3.7268 -3.5754
v  0.3834 -3.7148 -3.5838
v  0.3734 -3.7152 -3.5836
v  0.3890 -3.3535 -3.5900
v  0.3791 -3.3531 -3.5898
v  0.3903 -3.3412 -3.5820
v  0.3803 -3.3410 -3.5818
v  -0.4393 -3.3505 -3.5538
v  -0.4393 -3.3505 -3.5438
v  -0.4009 -3.7381 -3.5482
v  -0.4009 -3.7381 -3.5382
v  -0.4153 -3.7350 -3.5481
v  -0.4153 -3.7350 -3.5381
v  -0.4258 -3.7279 -3.5479
v  -0.4258 -3.7279 -3.5379
v  -0.4330 -3.7175 -3.5479
v  -0.4330 -3.7176 -3.5379
v  -0.4215 -3.3324 -3.5537
v  -0.4215 -3.3324 -3.5437
v  -0.4068 -3.3292 -3.5538
v  -0.4070 -3.3292 -3.5438
v  -0.4321 -3.3398 -3.5538
v  -0.4321 -3.3398 -3.5438
v  0.4240 -3.3505 -3.5538
v  0.4241 -3.3505 -3.5438
v  0.4000 -3.7350 -3.5481
v  0.4000 -3.7351 -3.5381
v  0.3856 -3.7381 -3.5482
v  0.3858 -3.7381 -3.5382
v  0.4105 -3.7279 -3.5480
v  0.4105 -3.7280 -3.5380
v  0.4178 -3.7175 -3.5480
v  0.4178 -3.7176 -3.5380
v  0.3915 -3.3292 -3.5538
v  0.3915 -3.3292 -3.5438
v  0.4062 -3.3324 -3.5538
v  0.4063 -3.3324 -3.5438
v  0.4168 -3.3398 -3.5538
v  0.4169 -3.3398 -3.5438
v  0.3756 -3.7381 -3.5481
v  0.3756 -3.7381 -3.5381
v  0.1927 -3.7381 -3.5482
v  0.1927 -3.7381 -3.5382
v  -0.0003 -3.7381 -3.5483
v  -0.0003 -3.7382 -3.5383
v  -0.2006 -3.7381 -3.5482
v  -0.2006 -3.7381 -3.5382
v  -0.3909 -3.7381 -3.5481
v  -0.3910 -3.7381 -3.5381
v  0.1956 -3.3292 -3.5538
v  0.1956 -3.3292 -3.5438
v  0.3815 -3.3292 -3.5538
v  0.3816 -3.3292 -3.5438
v  -0.2036 -3.3292 -3.5538
v  -0.2036 -3.3292 -3.5438
v  -0.0003 -3.3292 -3.5538
v  -0.0003 -3.3292 -3.5438
v  -0.3968 -3.3291 -3.5536
v  -0.3968 -3.3291 -3.5436
v  -0.7492 -3.3649 -0.8344
v  -0.7491 -3.3749 -0.8343
v  -0.7008 -3.3654 -0.8824
v  -0.7007 -3.3754 -0.8823
v  -0.6963 -3.7146 -0.8784
v  -0.6963 -3.7046 -0.8786
v  -0.7451 -3.7137 -0.8299
v  -0.7451 -3.7037 -0.8301
v  -0.6577 -3.3654 -0.9353
v  -0.6576 -3.3754 -0.9352
v  -0.6528 -3.7156 -0.9317
v  -0.6529 -3.7056 -0.9318
v  -0.6204 -3.3654 -0.9924
v  -0.6202 -3.3754 -0.9923
v  -0.6151 -3.7157 -0.9893
v  -0.6152 -3.7057 -0.9894
v  -0.5892 -3.3653 -1.0530
v  -0.5891 -3.3753 -1.0529
v  -0.5837 -3.7160 -1.0505
v  -0.5838 -3.7060 -1.0506
v  -0.5635 -3.3653 -1.1154
v  -0.5633 -3.3753 -1.1153
v  -0.5578 -3.7161 -1.1131
v  -0.5579 -3.7061 -1.1131
v  -0.5416 -3.3653 -1.1793
v  -0.5414 -3.3753 -1.1792
v  -0.5358 -3.7162 -1.1771
v  -0.5360 -3.7062 -1.1771
v  -0.5242 -3.3653 -1.2445
v  -0.5240 -3.3753 -1.2445
v  -0.5184 -3.7161 -1.2425
v  -0.5185 -3.7061 -1.2425
v  -0.5110 -3.3653 -1.3108
v  -0.5109 -3.3753 -1.3107
v  -0.5052 -3.7160 -1.3090
v  -0.5054 -3.7060 -1.3090
v  -0.4992 -3.3653 -1.3772
v  -0.4991 -3.3753 -1.3772
v  -0.4934 -3.7158 -1.3756
v  -0.4936 -3.7058 -1.3756
v  -0.4889 -3.3651 -1.4440
v  -0.4888 -3.3751 -1.4440
v  -0.4829 -3.7157 -1.4425
v  -0.4831 -3.7057 -1.4425
v  -0.4807 -3.3650 -1.5110
v  -0.4805 -3.3750 -1.5110
v  -0.4747 -3.7155 -1.5097
v  -0.4748 -3.7055 -1.5096
v  -0.4734 -3.3653 -1.5781
v  -0.4732 -3.3753 -1.5780
v  -0.4674 -3.7150 -1.5770
v  -0.4675 -3.7050 -1.5769
v  -0.4680 -3.3653 -1.6454
v  -0.4678 -3.3753 -1.6454
v  -0.4620 -3.7146 -1.6445
v  -0.4621 -3.7046 -1.6444
v  -0.4632 -3.3653 -1.7127
v  -0.4630 -3.3753 -1.7127
v  -0.4572 -3.7143 -1.7120
v  -0.4573 -3.7043 -1.7119
v  -0.4594 -3.3653 -1.7802
v  -0.4592 -3.3753 -1.7801
v  -0.4533 -3.7139 -1.7796
v  -0.4535 -3.7039 -1.7795
v  -0.4562 -3.3653 -1.8476
v  -0.4560 -3.3753 -1.8476
v  -0.4501 -3.7135 -1.8472
v  -0.4503 -3.7035 -1.8472
v  -0.4533 -3.3653 -1.9151
v  -0.4531 -3.3753 -1.9151
v  -0.4472 -3.7131 -1.9149
v  -0.4474 -3.7031 -1.9148
v  -0.4460 -3.3658 -2.3247
v  -0.4458 -3.3758 -2.3247
v  -0.4439 -3.3657 -2.7344
v  -0.4437 -3.3757 -2.7344
v  -0.4379 -3.7078 -2.7313
v  -0.4381 -3.6978 -2.7313
v  -0.4399 -3.7101 -2.3231
v  -0.4401 -3.7001 -2.3230
v  -0.8250 -3.7121 -0.7508
v  -0.8250 -3.7021 -0.7510
v  -0.8293 -3.3647 -0.7548
v  -0.8292 -3.3747 -0.7547
v  -0.8966 -3.7105 -0.6642
v  -0.8966 -3.7005 -0.6644
v  -0.9013 -3.3646 -0.6677
v  -0.9011 -3.3746 -0.6676
v  -0.9589 -3.7090 -0.5707
v  -0.9590 -3.6990 -0.5709
v  -0.9641 -3.3646 -0.5738
v  -0.9640 -3.3746 -0.5738
v  -1.0118 -3.7076 -0.4715
v  -1.0119 -3.6976 -0.4717
v  -1.0172 -3.3646 -0.4741
v  -1.0171 -3.3746 -0.4740
v  -1.0545 -3.7064 -0.3676
v  -1.0547 -3.6964 -0.3678
v  -1.0600 -3.3646 -0.3696
v  -1.0599 -3.3746 -0.3695
v  -1.0864 -3.7054 -0.2598
v  -1.0866 -3.6954 -0.2599
v  -1.0921 -3.3647 -0.2612
v  -1.0919 -3.3747 -0.2612
v  -1.1072 -3.7048 -0.1494
v  -1.1074 -3.6948 -0.1495
v  -1.1131 -3.3646 -0.1502
v  -1.1129 -3.3746 -0.1502
v  -1.1170 -3.7045 -0.0376
v  -1.1172 -3.6945 -0.0376
v  -1.1229 -3.3646 -0.0377
v  -1.1227 -3.3746 -0.0377
v  -1.1154 -3.7044 0.0748
v  -1.1156 -3.6944 0.0748
v  -1.1213 -3.3647 0.0752
v  -1.1211 -3.3747 0.0752
v  -1.1026 -3.7044 0.1864
v  -1.1028 -3.6944 0.1865
v  -1.1084 -3.3647 0.1874
v  -1.1082 -3.3747 0.1874
v  -1.0787 -3.7044 0.2963
v  -1.0789 -3.6944 0.2963
v  -1.0843 -3.3647 0.2978
v  -1.0842 -3.3747 0.2977
v  -1.0439 -3.7044 0.4031
v  -1.0440 -3.6944 0.4032
v  -1.0493 -3.3647 0.4052
v  -1.0491 -3.3747 0.4051
v  -0.9984 -3.7044 0.5060
v  -0.9986 -3.6944 0.5060
v  -1.0036 -3.3647 0.5086
v  -1.0034 -3.3747 0.5085
v  -0.9428 -3.7044 0.6037
v  -0.9430 -3.6944 0.6038
v  -0.9478 -3.3646 0.6069
v  -0.9477 -3.3746 0.6068
v  -0.8777 -3.7044 0.6953
v  -0.8778 -3.6944 0.6955
v  -0.8825 -3.3646 0.6991
v  -0.8823 -3.3746 0.6990
v  -0.8038 -3.7044 0.7801
v  -0.8039 -3.6944 0.7802
v  -0.8080 -3.3646 0.7841
v  -0.8079 -3.3746 0.7840
v  -0.7217 -3.7044 0.8569
v  -0.7218 -3.6944 0.8570
v  -0.7254 -3.3646 0.8613
v  -0.7253 -3.3746 0.8611
v  -0.6322 -3.7044 0.9248
v  -0.6323 -3.6944 0.9250
v  -0.6356 -3.3646 0.9297
v  -0.6355 -3.3746 0.9296
v  -0.5364 -3.7044 0.9836
v  -0.5365 -3.6945 0.9838
v  -0.5392 -3.3646 0.9888
v  -0.5391 -3.3746 0.9887
v  -0.4352 -3.7045 1.0325
v  -0.4353 -3.6945 1.0327
v  -0.4375 -3.3647 1.0380
v  -0.4374 -3.3746 1.0378
v  -0.3296 -3.7045 1.0710
v  -0.3297 -3.6945 1.0712
v  -0.3313 -3.3647 1.0767
v  -0.3313 -3.3747 1.0765
v  -0.2207 -3.7045 1.0988
v  -0.2207 -3.6945 1.0989
v  -0.2218 -3.3647 1.1045
v  -0.2218 -3.3747 1.1043
v  -0.1096 -3.7045 1.1155
v  -0.1096 -3.6945 1.1157
v  -0.1101 -3.3647 1.1212
v  -0.1101 -3.3747 1.1210
v  -0.0003 -3.7046 1.1209
v  -0.0004 -3.6946 1.1211
v  -0.0003 -3.3647 1.1266
v  -0.0004 -3.3747 1.1264
v  -0.4390 -3.3658 -3.5693
v  -0.4388 -3.3758 -3.5691
v  -0.4422 -3.3654 -3.5538
v  -0.4421 -3.3754 -3.5538
v  -0.4331 -3.7032 -3.5634
v  -0.4334 -3.6933 -3.5633
v  -0.4363 -3.7034 -3.5479
v  -0.4365 -3.6934 -3.5479
v  -0.4427 -3.3656 -3.1441
v  -0.4425 -3.3756 -3.1441
v  -0.4423 -3.3654 -3.5438
v  -0.4421 -3.3754 -3.5438
v  -0.4364 -3.7032 -3.5379
v  -0.4365 -3.6932 -3.5380
v  -0.4367 -3.7055 -3.1396
v  -0.4369 -3.6955 -3.1396
v  -0.4186 -3.3678 -3.5897
v  -0.4187 -3.3778 -3.5894
v  -0.4306 -3.3667 -3.5816
v  -0.4307 -3.3767 -3.5812
v  -0.4127 -3.7012 -3.5839
v  -0.4133 -3.6912 -3.5839
v  -0.4248 -3.7024 -3.5757
v  -0.4252 -3.6924 -3.5755
v  -0.4030 -3.3794 -3.5928
v  -0.4028 -3.3694 -3.5930
v  -0.3971 -3.6995 -3.5872
v  -0.3974 -3.6895 -3.5874
v  -0.3928 -3.3690 -3.5929
v  -0.3924 -3.3790 -3.5928
v  -0.2016 -3.3694 -3.5930
v  -0.2016 -3.3794 -3.5928
v  -0.1987 -3.6995 -3.5872
v  -0.1987 -3.6895 -3.5874
v  -0.3870 -3.6998 -3.5872
v  -0.3871 -3.6898 -3.5874
v  0.7444 -3.7136 -0.8298
v  0.7444 -3.7036 -0.8301
v  0.6948 -3.7144 -0.8779
v  0.6948 -3.7044 -0.8781
v  0.6993 -3.3654 -0.8820
v  0.6992 -3.3754 -0.8819
v  0.7484 -3.3648 -0.8344
v  0.7484 -3.3748 -0.8342
v  0.6496 -3.7156 -0.9317
v  0.6497 -3.7056 -0.9319
v  0.6546 -3.3653 -0.9353
v  0.6544 -3.3753 -0.9352
v  0.6112 -3.7156 -0.9891
v  0.6114 -3.7056 -0.9892
v  0.6165 -3.3653 -0.9922
v  0.6163 -3.3753 -0.9921
v  0.5789 -3.7159 -1.0504
v  0.5790 -3.7059 -1.0505
v  0.5844 -3.3653 -1.0529
v  0.5843 -3.3753 -1.0529
v  0.5517 -3.7161 -1.1131
v  0.5518 -3.7061 -1.1131
v  0.5574 -3.3653 -1.1154
v  0.5572 -3.3753 -1.1154
v  0.5288 -3.7161 -1.1770
v  0.5290 -3.7061 -1.1771
v  0.5348 -3.3653 -1.1793
v  0.5346 -3.3753 -1.1792
v  0.5110 -3.7160 -1.2425
v  0.5112 -3.7060 -1.2426
v  0.5170 -3.3652 -1.2446
v  0.5168 -3.3752 -1.2446
v  0.4980 -3.7158 -1.3089
v  0.4982 -3.7058 -1.3089
v  0.5039 -3.3653 -1.3107
v  0.5037 -3.3753 -1.3107
v  0.4864 -3.7158 -1.3757
v  0.4866 -3.7058 -1.3758
v  0.4922 -3.3652 -1.3774
v  0.4920 -3.3752 -1.3774
v  0.4759 -3.7156 -1.4425
v  0.4761 -3.7056 -1.4425
v  0.4819 -3.3651 -1.4440
v  0.4817 -3.3751 -1.4440
v  0.4675 -3.7154 -1.5097
v  0.4677 -3.7054 -1.5097
v  0.4736 -3.3649 -1.5110
v  0.4734 -3.3749 -1.5109
v  0.4600 -3.7150 -1.5770
v  0.4602 -3.7050 -1.5770
v  0.4660 -3.3652 -1.5782
v  0.4659 -3.3752 -1.5782
v  0.4545 -3.7145 -1.6445
v  0.4546 -3.7045 -1.6444
v  0.4605 -3.3653 -1.6454
v  0.4603 -3.3753 -1.6454
v  0.4494 -3.7142 -1.7120
v  0.4496 -3.7042 -1.7120
v  0.4555 -3.3652 -1.7128
v  0.4553 -3.3752 -1.7127
v  0.4454 -3.7138 -1.7796
v  0.4456 -3.7038 -1.7795
v  0.4515 -3.3653 -1.7802
v  0.4513 -3.3753 -1.7801
v  0.4419 -3.7134 -1.8472
v  0.4421 -3.7034 -1.8471
v  0.4480 -3.3653 -1.8476
v  0.4478 -3.3753 -1.8476
v  0.4387 -3.7131 -1.9165
v  0.4389 -3.7031 -1.9164
v  0.4448 -3.3653 -1.9167
v  0.4446 -3.3753 -1.9167
v  0.4297 -3.7104 -2.3232
v  0.4299 -3.7004 -2.3231
v  0.4260 -3.7081 -2.7314
v  0.4262 -3.6981 -2.7313
v  0.4320 -3.3653 -2.7345
v  0.4318 -3.3753 -2.7345
v  0.4357 -3.3654 -2.3248
v  0.4355 -3.3754 -2.3248
v  0.8286 -3.3646 -0.7548
v  0.8285 -3.3746 -0.7547
v  0.8243 -3.7121 -0.7508
v  0.8244 -3.7021 -0.7510
v  0.9006 -3.3646 -0.6677
v  0.9005 -3.3746 -0.6676
v  0.8958 -3.7105 -0.6641
v  0.8959 -3.7005 -0.6643
v  0.9635 -3.3646 -0.5738
v  0.9634 -3.3746 -0.5737
v  0.9583 -3.7090 -0.5707
v  0.9584 -3.6990 -0.5709
v  1.0167 -3.3646 -0.4741
v  1.0166 -3.3746 -0.4741
v  1.0111 -3.7076 -0.4715
v  1.0112 -3.6976 -0.4716
v  1.0596 -3.3646 -0.3696
v  1.0594 -3.3746 -0.3695
v  1.0536 -3.7063 -0.3675
v  1.0538 -3.6963 -0.3676
v  1.0917 -3.3646 -0.2613
v  1.0915 -3.3746 -0.2613
v  1.0855 -3.7053 -0.2598
v  1.0857 -3.6953 -0.2599
v  1.1127 -3.3646 -0.1503
v  1.1125 -3.3746 -0.1502
v  1.1065 -3.7047 -0.1494
v  1.1067 -3.6947 -0.1495
v  1.1224 -3.3646 -0.0377
v  1.1222 -3.3746 -0.0377
v  1.1164 -3.7044 -0.0376
v  1.1165 -3.6944 -0.0376
v  1.1208 -3.3646 0.0752
v  1.1206 -3.3746 0.0752
v  1.1148 -3.7044 0.0748
v  1.1150 -3.6944 0.0748
v  1.1079 -3.3646 0.1875
v  1.1077 -3.3746 0.1874
v  1.1019 -3.7043 0.1864
v  1.1021 -3.6943 0.1864
v  1.0837 -3.3646 0.2978
v  1.0835 -3.3746 0.2978
v  1.0780 -3.7043 0.2962
v  1.0781 -3.6943 0.2962
v  1.0486 -3.3646 0.4052
v  1.0485 -3.3746 0.4052
v  1.0431 -3.7043 0.4030
v  1.0433 -3.6943 0.4031
v  1.0029 -3.3646 0.5087
v  1.0027 -3.3746 0.5086
v  0.9976 -3.7043 0.5060
v  0.9977 -3.6943 0.5061
v  0.9471 -3.3646 0.6070
v  0.9469 -3.3746 0.6069
v  0.9420 -3.7043 0.6037
v  0.9422 -3.6943 0.6038
v  0.8817 -3.3646 0.6991
v  0.8816 -3.3746 0.6990
v  0.8771 -3.7044 0.6955
v  0.8772 -3.6944 0.6956
v  0.8074 -3.3646 0.7843
v  0.8072 -3.3746 0.7841
v  0.8031 -3.7044 0.7801
v  0.8032 -3.6944 0.7803
v  0.7247 -3.3646 0.8613
v  0.7246 -3.3746 0.8612
v  0.7208 -3.7043 0.8567
v  0.7209 -3.6943 0.8568
v  0.6348 -3.3646 0.9298
v  0.6347 -3.3746 0.9296
v  0.6315 -3.7044 0.9248
v  0.6316 -3.6944 0.9250
v  0.5386 -3.3646 0.9889
v  0.5385 -3.3746 0.9887
v  0.5357 -3.7044 0.9836
v  0.5358 -3.6944 0.9838
v  0.4369 -3.3646 1.0381
v  0.4368 -3.3746 1.0379
v  0.4345 -3.7044 1.0325
v  0.4346 -3.6944 1.0327
v  0.3307 -3.3646 1.0768
v  0.3306 -3.3746 1.0766
v  0.3289 -3.7044 1.0710
v  0.3290 -3.6944 1.0712
v  0.2212 -3.3647 1.1046
v  0.2212 -3.3747 1.1044
v  0.2200 -3.7045 1.0987
v  0.2200 -3.6945 1.0989
v  0.1094 -3.3647 1.1213
v  0.1094 -3.3747 1.1211
v  0.1089 -3.7045 1.1154
v  0.1089 -3.6945 1.1156
v  0.4269 -3.3653 -3.5538
v  0.4268 -3.3753 -3.5536
v  0.4237 -3.3657 -3.5693
v  0.4236 -3.3757 -3.5689
v  0.4211 -3.7033 -3.5479
v  0.4213 -3.6933 -3.5479
v  0.4178 -3.7032 -3.5634
v  0.4180 -3.6932 -3.5635
v  0.4290 -3.3654 -3.1442
v  0.4288 -3.3754 -3.1442
v  0.4231 -3.7056 -3.1396
v  0.4232 -3.6956 -3.1396
v  0.4211 -3.7033 -3.5379
v  0.4213 -3.6933 -3.5379
v  0.4270 -3.3652 -3.5438
v  0.4268 -3.3752 -3.5437
v  0.4153 -3.3667 -3.5815
v  0.4154 -3.3766 -3.5810
v  0.4033 -3.3677 -3.5897
v  0.4036 -3.3777 -3.5893
v  0.4095 -3.7023 -3.5757
v  0.4099 -3.6924 -3.5756
v  0.3974 -3.7011 -3.5839
v  0.3980 -3.6911 -3.5839
v  0.3875 -3.3693 -3.5930
v  0.3877 -3.3793 -3.5928
v  0.3821 -3.6894 -3.5874
v  0.3818 -3.6994 -3.5872
v  0.1907 -3.6995 -3.5872
v  0.1907 -3.6895 -3.5874
v  0.3718 -3.6997 -3.5872
v  0.3714 -3.6897 -3.5874
v  -0.0003 -3.3694 -3.5930
v  -0.0003 -3.3794 -3.5928
v  0.1936 -3.3694 -3.5930
v  0.1936 -3.3794 -3.5928
v  -0.0003 -3.6995 -3.5872
v  -0.0003 -3.6895 -3.5874
v  0.3775 -3.3690 -3.5929
v  0.3775 -3.3790 -3.5928
v  0.0000 -0.9245 -3.1928
v  0.0000 -0.9108 3.2140
v  0.0000 0.0010 3.1501
v  0.3173 -0.8895 3.2121
v  0.3160 -0.9105 3.1982
v  0.3139 -0.9243 3.1773
v  0.6319 -0.0048 3.1798
v  0.3172 -0.0050 3.2261
v  0.6306 -0.8894 3.1653
v  0.6279 -0.9103 3.1517
v  0.6238 -0.9242 3.1312
v  0.9406 -0.0048 3.1026
v  0.9378 -0.8893 3.0881
v  0.9338 -0.9102 3.0749
v  0.9277 -0.9241 3.0550
v  1.2402 -0.0048 2.9955
v  1.2359 -0.8893 2.9813
v  1.2306 -0.9102 2.9686
v  1.2227 -0.9241 2.9493
v  1.5278 -0.0048 2.8595
v  1.5222 -0.8893 2.8458
v  1.5157 -0.9102 2.8337
v  1.5059 -0.9241 2.8153
v  1.8007 -0.0048 2.6960
v  1.7938 -0.8893 2.6830
v  1.7862 -0.9102 2.6716
v  1.7746 -0.9241 2.6542
v  2.0563 -0.0048 2.5066
v  2.0483 -0.8894 2.4944
v  2.0395 -0.9103 2.4838
v  2.0262 -0.9242 2.4676
v  2.2921 -0.0048 2.2930
v  2.2831 -0.8895 2.2819
v  2.2733 -0.9105 2.2720
v  2.2584 -0.9243 2.2571
v  2.5054 -0.0052 2.0570
v  2.4956 -0.8894 2.0470
v  2.4849 -0.9103 2.0382
v  2.4687 -0.9242 2.0249
v  2.6949 -0.0054 1.8015
v  2.6840 -0.8893 1.7924
v  2.6726 -0.9102 1.7848
v  2.6552 -0.9241 1.7732
v  2.8584 -0.0055 1.5286
v  2.8466 -0.8892 1.5206
v  2.8345 -0.9101 1.5142
v  2.8162 -0.9240 1.5044
v  2.9944 -0.0055 1.2411
v  2.9819 -0.8892 1.2343
v  2.9693 -0.9100 1.2291
v  2.9501 -0.9240 1.2212
v  3.1016 -0.0055 0.9417
v  3.0885 -0.8892 0.9361
v  3.0754 -0.9100 0.9322
v  3.0556 -0.9240 0.9261
v  3.1791 -0.0055 0.6332
v  3.1655 -0.8892 0.6289
v  3.1520 -0.9101 0.6263
v  3.1317 -0.9240 0.6222
v  3.2259 -0.0053 0.3186
v  3.2121 -0.8893 0.3157
v  3.1984 -0.9102 0.3143
v  3.1776 -0.9241 0.3123
v  3.2419 -0.0051 -0.0000
v  3.2279 -0.8894 -0.0006
v  3.2140 -0.9104 -0.0006
v  3.1930 -0.9243 -0.0006
v  3.2261 -0.0053 -0.3169
v  3.2119 -0.8893 -0.3170
v  3.1982 -0.9102 -0.3156
v  3.1775 -0.9241 -0.3136
v  3.1794 -0.0055 -0.6315
v  3.1652 -0.8892 -0.6302
v  3.1518 -0.9101 -0.6275
v  3.1314 -0.9240 -0.6235
v  3.1022 -0.0055 -0.9400
v  3.0881 -0.8892 -0.9373
v  3.0751 -0.9100 -0.9334
v  3.0552 -0.9240 -0.9274
v  2.9951 -0.0055 -1.2395
v  2.9814 -0.8892 -1.2355
v  2.9688 -0.9100 -1.2303
v  2.9496 -0.9240 -1.2223
v  2.8592 -0.0055 -1.5271
v  2.8460 -0.8892 -1.5218
v  2.8339 -0.9100 -1.5153
v  2.8156 -0.9240 -1.5055
v  2.6958 -0.0054 -1.8001
v  2.6832 -0.8893 -1.7934
v  2.6718 -0.9101 -1.7858
v  2.6545 -0.9240 -1.7742
v  2.5065 -0.0052 -2.0557
v  2.4947 -0.8894 -2.0479
v  2.4841 -0.9103 -2.0392
v  2.4679 -0.9242 -2.0259
v  2.2931 -0.0050 -2.2916
v  2.2822 -0.8895 -2.2828
v  2.2724 -0.9105 -2.2729
v  2.2575 -0.9243 -2.2580
v  2.0574 -0.0052 -2.5052
v  2.0473 -0.8894 -2.4953
v  2.0386 -0.9104 -2.4846
v  2.0253 -0.9242 -2.4684
v  1.8018 -0.0053 -2.6946
v  1.7928 -0.8893 -2.6838
v  1.7851 -0.9102 -2.6723
v  1.7735 -0.9241 -2.6549
v  1.5290 -0.0054 -2.8582
v  1.5211 -0.8893 -2.8465
v  1.5146 -0.9102 -2.8343
v  1.5048 -0.9241 -2.8159
v  1.2415 -0.0053 -2.9943
v  1.2347 -0.8893 -2.9818
v  1.2295 -0.9102 -2.9691
v  1.2215 -0.9241 -2.9498
v  0.9422 -0.0048 -3.1021
v  0.9366 -0.8893 -3.0885
v  0.9326 -0.9102 -3.0753
v  0.9265 -0.9241 -3.0553
v  0.6335 -0.0052 -3.1790
v  0.6294 -0.8894 -3.1656
v  0.6267 -0.9103 -3.1520
v  0.6226 -0.9242 -3.1314
v  0.3189 -0.0051 -3.2259
v  0.3161 -0.8895 -3.2122
v  0.3147 -0.9105 -3.1983
v  0.3126 -0.9243 -3.1774
v  0.3083 0.0010 3.1350
v  0.6141 0.0010 3.0898
v  0.9140 0.0010 3.0147
v  1.2051 0.0010 2.9107
v  1.4846 0.0010 2.7786
v  1.7498 0.0010 2.6197
v  1.9981 0.0010 2.4356
v  2.2272 0.0010 2.2281
v  2.4349 0.0010 1.9991
v  2.6191 0.0010 1.7508
v  2.7781 0.0010 1.4857
v  2.9103 0.0010 1.2063
v  3.0146 0.0010 0.9152
v  3.0898 0.0010 0.6154
v  3.1352 0.0010 0.3096
v  3.1505 0.0010 -0.0000
v  3.1354 0.0010 -0.3079
v  3.0901 0.0010 -0.6137
v  3.0151 0.0010 -0.9136
v  2.9110 0.0010 -1.2047
v  2.7789 0.0010 -1.4842
v  2.6200 0.0010 -1.7494
v  2.4359 0.0010 -1.9978
v  2.2284 0.0010 -2.2269
v  1.9994 0.0010 -2.4346
v  1.7511 0.0010 -2.6188
v  1.4860 0.0010 -2.7778
v  1.2066 0.0010 -2.9100
v  0.9156 0.0010 -3.0143
v  0.6157 0.0010 -3.0894
v  0.3099 0.0010 -3.1349
v  0.0000 -0.8677 3.2328
v  0.0000 -0.8577 3.2330
v  0.3171 -0.8676 3.2167
v  0.3172 -0.8577 3.2169
v  0.6309 -0.8676 3.1699
v  0.6309 -0.8576 3.1701
v  0.9385 -0.8676 3.0926
v  0.9385 -0.8576 3.0928
v  1.2371 -0.8676 2.9857
v  1.2371 -0.8576 2.9859
v  1.5237 -0.8676 2.8501
v  1.5238 -0.8576 2.8503
v  1.7958 -0.8676 2.6871
v  1.7959 -0.8576 2.6873
v  2.0507 -0.8676 2.4984
v  2.0508 -0.8577 2.4985
v  2.2860 -0.8677 2.2856
v  2.2861 -0.8577 2.2858
v  2.4987 -0.8676 2.0503
v  2.4988 -0.8577 2.0505
v  2.6873 -0.8676 1.7954
v  2.6875 -0.8576 1.7955
v  2.8502 -0.8676 1.5233
v  2.8504 -0.8576 1.5234
v  2.9857 -0.8675 1.2366
v  2.9859 -0.8576 1.2367
v  3.0926 -0.8675 0.9380
v  3.0928 -0.8576 0.9381
v  3.1697 -0.8676 0.6304
v  3.1699 -0.8576 0.6305
v  3.2165 -0.8676 0.3168
v  3.2167 -0.8576 0.3168
v  3.2325 -0.8676 -0.0000
v  3.2327 -0.8577 -0.0000
v  3.2165 -0.8676 -0.3168
v  3.2167 -0.8576 -0.3168
v  3.1697 -0.8676 -0.6304
v  3.1699 -0.8576 -0.6305
v  3.0926 -0.8675 -0.9380
v  3.0928 -0.8576 -0.9381
v  2.9857 -0.8675 -1.2366
v  2.9859 -0.8576 -1.2367
v  2.8502 -0.8676 -1.5233
v  2.8504 -0.8576 -1.5234
v  2.6873 -0.8676 -1.7954
v  2.6875 -0.8576 -1.7955
v  2.4987 -0.8676 -2.0503
v  2.4988 -0.8577 -2.0505
v  2.2860 -0.8677 -2.2856
v  2.2861 -0.8577 -2.2858
v  2.0507 -0.8676 -2.4984
v  2.0508 -0.8577 -2.4985
v  1.7958 -0.8676 -2.6872
v  1.7959 -0.8576 -2.6873
v  1.5237 -0.8676 -2.8501
v  1.5238 -0.8576 -2.8503
v  1.2371 -0.8676 -2.9857
v  1.2371 -0.8576 -2.9859
v  0.9385 -0.8676 -3.0927
v  0.9385 -0.8576 -3.0928
v  0.6309 -0.8676 -3.1699
v  0.6309 -0.8576 -3.1701
v  0.3171 -0.8676 -3.2167
v  0.3172 -0.8577 -3.2169
v  0.2243 0.0010 -3.1433
v  0.2053 -0.0136 -3.1433
v  0.2004 -0.0316 -3.1433
v  0.1814 -0.0462 -3.1433
v  0.0000 -0.9245 3.1927
v  0.0000 -0.0462 -3.1458
v  0.1932 -0.0423 -3.1433
v  0.1876 -0.0452 -3.1433
v  0.1977 -0.0376 -3.1433
v  0.2250 -0.0036 -3.2328
v  0.2100 -0.0149 -3.2332
v  0.2063 -0.0331 -3.2343
v  0.1817 -0.0521 -3.2355
v  0.2155 -0.0075 -3.2337
v  0.1973 -0.0465 -3.2344
v  0.1900 -0.0505 -3.2349
v  0.2029 -0.0405 -3.2342
v  0.2243 0.0010 -3.1476
v  0.2123 -0.0031 -3.1482
v  0.2053 -0.0136 -3.1484
v  0.2004 -0.0316 -3.1483
v  0.1977 -0.0376 -3.1484
v  0.1932 -0.0423 -3.1486
v  0.1876 -0.0452 -3.1488
v  0.1814 -0.0462 -3.1490
v  0.2312 -0.0036 -3.2323
v  0.2301 0.0010 -3.1316
v  0.1814 0.0010 -3.1433
v  0.1814 0.0010 -3.1329
v  0.2123 -0.0031 -3.1433
v  0.2007 -0.0115 -3.1433
v  0.1957 -0.0299 -3.1433
v  0.1935 -0.0347 -3.1433
v  0.1902 -0.0382 -3.1433
v  0.1860 -0.0404 -3.1433
v  0.1810 -0.0412 -3.1433
v  0.1814 -0.0040 -3.1433
v  0.0000 -0.0412 -3.1458
v  0.2074 0.0010 -3.1433
v  0.2051 -0.0033 -3.1433
v  0.0000 0.0010 -3.1458
v  0.0000 0.0010 -3.1392
v  0.0000 -0.0040 -3.1458
v  -0.3172 -0.8577 3.2170
v  0.0000 -0.8897 3.2281
v  -0.3173 -0.8895 3.2121
v  -0.3171 -0.8676 3.2168
v  -0.3160 -0.9105 3.1982
v  -0.3139 -0.9243 3.1773
v  -0.3172 -0.0048 3.2264
v  -0.6319 -0.0048 3.1798
v  -0.6309 -0.8576 3.1702
v  -0.6306 -0.8894 3.1654
v  -0.6309 -0.8676 3.1700
v  -0.6279 -0.9104 3.1518
v  -0.6238 -0.9242 3.1312
v  -0.9406 -0.0048 3.1026
v  -0.9386 -0.8576 3.0930
v  -0.9378 -0.8894 3.0883
v  -0.9385 -0.8676 3.0928
v  -0.9338 -0.9103 3.0750
v  -0.9277 -0.9242 3.0550
v  -1.2402 -0.0048 2.9955
v  -1.2372 -0.8576 2.9862
v  -1.2360 -0.8894 2.9815
v  -1.2371 -0.8676 2.9860
v  -1.2307 -0.9103 2.9687
v  -1.2227 -0.9242 2.9494
v  -1.5278 -0.0048 2.8595
v  -1.5240 -0.8576 2.8506
v  -1.5223 -0.8894 2.8461
v  -1.5239 -0.8676 2.8504
v  -1.5158 -0.9104 2.8339
v  -1.5059 -0.9242 2.8154
v  -1.8007 -0.0048 2.6960
v  -1.7961 -0.8576 2.6876
v  -1.7940 -0.8894 2.6833
v  -1.7960 -0.8676 2.6875
v  -1.7863 -0.9104 2.6717
v  -1.7746 -0.9243 2.6543
v  -2.0563 -0.0048 2.5066
v  -2.0511 -0.8577 2.4989
v  -2.0485 -0.8895 2.4947
v  -2.0510 -0.8677 2.4987
v  -2.0396 -0.9106 2.4839
v  -2.0263 -0.9244 2.4676
v  -2.2921 -0.0048 2.2930
v  -2.2864 -0.8577 2.2861
v  -2.2834 -0.8897 2.2822
v  -2.2863 -0.8677 2.2859
v  -2.2734 -0.9107 2.2722
v  -2.2584 -0.9245 2.2572
v  -2.5058 -0.0048 2.0573
v  -2.4992 -0.8577 2.0508
v  -2.4959 -0.8895 2.0472
v  -2.4990 -0.8677 2.0506
v  -2.4850 -0.9106 2.0383
v  -2.4687 -0.9244 2.0250
v  -2.6954 -0.0048 1.8018
v  -2.6879 -0.8576 1.7958
v  -2.6843 -0.8894 1.7926
v  -2.6878 -0.8676 1.7957
v  -2.6728 -0.9104 1.7849
v  -2.6553 -0.9243 1.7732
v  -2.8590 -0.0048 1.5290
v  -2.8509 -0.8576 1.5237
v  -2.8470 -0.8894 1.5209
v  -2.8507 -0.8676 1.5236
v  -2.8348 -0.9104 1.5143
v  -2.8163 -0.9242 1.5045
v  -2.9951 -0.0048 1.2414
v  -2.9865 -0.8576 1.2369
v  -2.9823 -0.8894 1.2345
v  -2.9863 -0.8676 1.2368
v  -2.9695 -0.9103 1.2292
v  -2.9502 -0.9242 1.2212
v  -3.1024 -0.0048 0.9419
v  -3.0933 -0.8576 0.9383
v  -3.0890 -0.8894 0.9363
v  -3.0932 -0.8676 0.9382
v  -3.0757 -0.9103 0.9323
v  -3.0557 -0.9242 0.9262
v  -3.1798 -0.0048 0.6333
v  -3.1705 -0.8576 0.6306
v  -3.1660 -0.8894 0.6290
v  -3.1703 -0.8676 0.6305
v  -3.1524 -0.9104 0.6263
v  -3.1318 -0.9242 0.6222
v  -3.2265 -0.0048 0.3186
v  -3.2173 -0.8577 0.3168
v  -3.2126 -0.8895 0.3157
v  -3.2171 -0.8676 0.3168
v  -3.1987 -0.9105 0.3144
v  -3.1777 -0.9243 0.3123
v  -3.2422 -0.0048 0.0000
v  -3.2334 -0.8577 -0.0000
v  -3.2285 -0.8897 -0.0006
v  -3.2332 -0.8677 -0.0000
v  -3.2143 -0.9107 -0.0006
v  -3.1931 -0.9245 -0.0006
v  -3.2267 -0.0048 -0.3169
v  -3.2173 -0.8577 -0.3168
v  -3.2125 -0.8895 -0.3170
v  -3.2171 -0.8676 -0.3168
v  -3.1986 -0.9105 -0.3156
v  -3.1776 -0.9243 -0.3136
v  -3.1801 -0.0048 -0.6316
v  -3.1705 -0.8576 -0.6306
v  -3.1657 -0.8894 -0.6303
v  -3.1703 -0.8676 -0.6306
v  -3.1521 -0.9104 -0.6276
v  -3.1315 -0.9242 -0.6235
v  -3.1029 -0.0048 -0.9403
v  -3.0934 -0.8576 -0.9383
v  -3.0886 -0.8894 -0.9375
v  -3.0932 -0.8676 -0.9382
v  -3.0754 -0.9103 -0.9335
v  -3.0553 -0.9242 -0.9274
v  -2.9958 -0.0048 -1.2398
v  -2.9865 -0.8576 -1.2369
v  -2.9818 -0.8894 -1.2357
v  -2.9863 -0.8676 -1.2368
v  -2.9691 -0.9103 -1.2304
v  -2.9497 -0.9242 -1.2224
v  -2.8598 -0.0048 -1.5275
v  -2.8509 -0.8576 -1.5237
v  -2.8464 -0.8894 -1.5220
v  -2.8507 -0.8676 -1.5236
v  -2.8342 -0.9104 -1.5155
v  -2.8157 -0.9242 -1.5056
v  -2.6964 -0.0048 -1.8004
v  -2.6879 -0.8576 -1.7958
v  -2.6836 -0.8894 -1.7937
v  -2.6878 -0.8676 -1.7957
v  -2.6721 -0.9104 -1.7860
v  -2.6546 -0.9243 -1.7743
v  -2.5069 -0.0048 -2.0560
v  -2.4992 -0.8577 -2.0508
v  -2.4951 -0.8895 -2.0482
v  -2.4990 -0.8677 -2.0506
v  -2.4842 -0.9105 -2.0393
v  -2.4679 -0.9244 -2.0259
v  -2.2933 -0.0048 -2.2918
v  -2.2864 -0.8577 -2.2861
v  -2.2825 -0.8897 -2.2831
v  -2.2863 -0.8677 -2.2860
v  -2.2725 -0.9107 -2.2731
v  -2.2575 -0.9245 -2.2581
v  -2.0576 -0.0048 -2.5055
v  -2.0511 -0.8577 -2.4989
v  -2.0475 -0.8895 -2.4955
v  -2.0510 -0.8677 -2.4987
v  -2.0387 -0.9105 -2.4847
v  -2.0253 -0.9244 -2.4684
v  -1.8022 -0.0048 -2.6951
v  -1.7961 -0.8576 -2.6876
v  -1.7930 -0.8894 -2.6840
v  -1.7960 -0.8676 -2.6875
v  -1.7852 -0.9104 -2.6724
v  -1.7736 -0.9243 -2.6550
v  -1.5293 -0.0048 -2.8587
v  -1.5240 -0.8576 -2.8506
v  -1.5212 -0.8894 -2.8467
v  -1.5239 -0.8676 -2.8504
v  -1.5147 -0.9104 -2.8345
v  -1.5048 -0.9242 -2.8160
v  -1.2417 -0.0048 -2.9948
v  -1.2372 -0.8576 -2.9861
v  -1.2348 -0.8894 -2.9820
v  -1.2371 -0.8676 -2.9860
v  -1.2295 -0.9103 -2.9692
v  -1.2215 -0.9242 -2.9499
v  -0.9422 -0.0048 -3.1021
v  -0.9386 -0.8576 -3.0930
v  -0.9366 -0.8894 -3.0887
v  -0.9385 -0.8676 -3.0928
v  -0.9326 -0.9103 -3.0754
v  -0.9265 -0.9242 -3.0554
v  -0.6336 -0.0048 -3.1795
v  -0.6309 -0.8576 -3.1702
v  -0.6294 -0.8894 -3.1656
v  -0.6309 -0.8676 -3.1700
v  -0.6267 -0.9104 -3.1520
v  -0.6226 -0.9242 -3.1315
v  -0.3189 -0.0048 -3.2262
v  -0.3172 -0.8577 -3.2170
v  -0.3161 -0.8895 -3.2123
v  -0.3171 -0.8676 -3.2168
v  -0.3147 -0.9105 -3.1984
v  -0.3126 -0.9243 -3.1774
v  -0.2318 -0.0036 -3.2324
v  0.0000 -0.8577 -3.2330
v  0.0000 -0.8897 -3.2282
v  0.0000 -0.8677 -3.2328
v  0.0000 -0.9107 -3.2140
v  -0.3083 0.0010 3.1350
v  -0.6141 0.0010 3.0898
v  -0.9140 0.0010 3.0147
v  -1.2050 0.0010 2.9107
v  -1.4845 0.0010 2.7786
v  -1.7497 0.0010 2.6197
v  -1.9981 0.0010 2.4356
v  -2.2272 0.0010 2.2281
v  -2.4349 0.0010 1.9991
v  -2.6191 0.0010 1.7508
v  -2.7781 0.0010 1.4857
v  -2.9103 0.0010 1.2063
v  -3.0146 0.0010 0.9152
v  -3.0898 0.0010 0.6154
v  -3.1352 0.0010 0.3096
v  -3.1505 0.0010 -0.0000
v  -3.1354 0.0010 -0.3079
v  -3.0901 0.0010 -0.6137
v  -3.0151 0.0010 -0.9136
v  -2.9110 0.0010 -1.2047
v  -2.7789 0.0010 -1.4842
v  -2.6200 0.0010 -1.7494
v  -2.4359 0.0010 -1.9978
v  -2.2284 0.0010 -2.2269
v  -1.9994 0.0010 -2.4346
v  -1.7511 0.0010 -2.6188
v  -1.4860 0.0010 -2.7778
v  -1.2066 0.0010 -2.9100
v  -0.9156 0.0010 -3.0143
v  -0.6157 0.0010 -3.0894
v  -0.3099 0.0010 -3.1349
v  0.0000 -0.0048 3.2419
v  -0.2249 0.0010 -3.1433
v  -0.2307 0.0010 -3.1316
v  -0.2249 0.0010 -3.1476
v  -0.1821 -0.0462 -3.1433
v  -0.1821 -0.0462 -3.1490
v  0.0000 -0.0462 -3.1548
v  -0.2059 -0.0136 -3.1433
v  -0.2129 -0.0031 -3.1433
v  -0.2129 -0.0031 -3.1482
v  -0.2059 -0.0136 -3.1484
v  -0.2011 -0.0316 -3.1433
v  -0.2011 -0.0316 -3.1483
v  -0.1883 -0.0452 -3.1433
v  -0.1883 -0.0452 -3.1488
v  -0.1824 -0.0521 -3.2356
v  0.0000 -0.0520 -3.2411
v  -0.2257 -0.0036 -3.2328
v  -0.2162 -0.0075 -3.2337
v  -0.2107 -0.0149 -3.2332
v  -0.2069 -0.0331 -3.2343
v  -0.1907 -0.0505 -3.2349
v  -0.1938 -0.0423 -3.1433
v  -0.1983 -0.0376 -3.1433
v  -0.1984 -0.0376 -3.1484
v  -0.1939 -0.0423 -3.1486
v  -0.2035 -0.0405 -3.2343
v  -0.1979 -0.0465 -3.2344
v  -0.2013 -0.0115 -3.1433
v  -0.2057 -0.0033 -3.1433
v  -0.2080 0.0010 -3.1433
v  -0.1821 0.0010 -3.1433
v  -0.1821 0.0010 -3.1329
v  -0.1817 -0.0412 -3.1433
v  -0.1821 -0.0040 -3.1433
v  -0.1964 -0.0299 -3.1433
v  -0.1942 -0.0347 -3.1433
v  -0.1908 -0.0382 -3.1433
v  -0.1867 -0.0404 -3.1433
v  0.0000 0.0010 -0.1837
v  0.6292 0.0010 3.1661
v  0.6278 0.0010 3.1562
v  0.3159 0.0010 3.2125
v  0.3154 0.0010 3.2025
v  0.9365 0.0010 3.0892
v  0.9341 0.0010 3.0795
v  1.2348 0.0010 2.9826
v  1.2315 0.0010 2.9732
v  1.5212 0.0010 2.8472
v  1.5170 0.0010 2.8382
v  1.7930 0.0010 2.6845
v  1.7879 0.0010 2.6759
v  2.0475 0.0010 2.4958
v  2.0415 0.0010 2.4878
v  2.2823 0.0010 2.2831
v  2.2755 0.0010 2.2757
v  2.4951 0.0010 2.0485
v  2.4877 0.0010 2.0418
v  2.6838 0.0010 1.7941
v  2.6758 0.0010 1.7881
v  2.8468 0.0010 1.5224
v  2.8382 0.0010 1.5173
v  2.9823 0.0010 1.2361
v  2.9732 0.0010 1.2318
v  3.0891 0.0010 0.9378
v  3.0797 0.0010 0.9345
v  3.1661 0.0010 0.6306
v  3.1564 0.0010 0.6282
v  3.2127 0.0010 0.3172
v  3.2028 0.0010 0.3158
v  3.2283 0.0010 -0.0000
v  3.2183 0.0010 -0.0005
v  3.2129 0.0010 -0.3156
v  3.2029 0.0010 -0.3151
v  3.1665 0.0010 -0.6289
v  3.1566 0.0010 -0.6275
v  3.0896 0.0010 -0.9362
v  3.0799 0.0010 -0.9338
v  2.9829 0.0010 -1.2345
v  2.9735 0.0010 -1.2312
v  2.8476 0.0010 -1.5209
v  2.8385 0.0010 -1.5166
v  2.6848 0.0010 -1.7927
v  2.6762 0.0010 -1.7875
v  2.4961 0.0010 -2.0472
v  2.4881 0.0010 -2.0412
v  2.2835 0.0010 -2.2819
v  2.2761 0.0010 -2.2752
v  2.0488 0.0010 -2.4947
v  2.0421 0.0010 -2.4873
v  1.7944 0.0010 -2.6835
v  1.7885 0.0010 -2.6755
v  1.5227 0.0010 -2.8464
v  1.5176 0.0010 -2.8379
v  1.2364 0.0010 -2.9820
v  1.2321 0.0010 -2.9729
v  0.9382 0.0010 -3.0888
v  0.9348 0.0010 -3.0793
v  0.6309 0.0010 -3.1658
v  0.6285 0.0010 -3.1561
v  0.3176 0.0010 -3.2124
v  0.3161 0.0010 -3.2025
v  0.0000 0.0010 3.2280
v  0.0005 0.0010 3.2180
v  0.2243 0.0010 -3.2202
v  0.2238 0.0009 -3.2102
v  0.2304 0.0010 -3.2197
v  0.2297 0.0010 -3.2097
v  0.1814 -0.0462 -3.2215
v  0.1807 -0.0463 -3.2115
v  0.0000 -0.0462 -3.2272
v  -0.0002 -0.0462 -3.2172
v  0.2121 -0.0032 -3.2202
v  0.2122 -0.0032 -3.2102
v  0.2053 -0.0136 -3.2202
v  0.2053 -0.0136 -3.2102
v  0.2004 -0.0316 -3.2201
v  0.2004 -0.0316 -3.2101
v  0.1978 -0.0374 -3.2201
v  0.1978 -0.0374 -3.2101
v  0.1934 -0.0422 -3.2205
v  0.1931 -0.0424 -3.2105
v  0.1877 -0.0452 -3.2210
v  0.1873 -0.0453 -3.2110
v  -0.3159 0.0010 3.2125
v  -0.3144 0.0010 3.2026
v  -0.6292 0.0010 3.1661
v  -0.6268 0.0010 3.1564
v  -0.9365 0.0010 3.0892
v  -0.9332 0.0010 3.0798
v  -1.2348 0.0010 2.9826
v  -1.2306 0.0010 2.9736
v  -1.5212 0.0010 2.8472
v  -1.5161 0.0010 2.8387
v  -1.7930 0.0010 2.6845
v  -1.7870 0.0010 2.6764
v  -2.0475 0.0010 2.4958
v  -2.0408 0.0010 2.4884
v  -2.2823 0.0010 2.2831
v  -2.2748 0.0010 2.2764
v  -2.4951 0.0010 2.0485
v  -2.4870 0.0010 2.0425
v  -2.6838 0.0010 1.7941
v  -2.6753 0.0010 1.7889
v  -2.8468 0.0010 1.5224
v  -2.8377 0.0010 1.5181
v  -2.9823 0.0010 1.2361
v  -2.9729 0.0010 1.2327
v  -3.0891 0.0010 0.9379
v  -3.0794 0.0010 0.9354
v  -3.1661 0.0010 0.6306
v  -3.1562 0.0010 0.6291
v  -3.2127 0.0010 0.3172
v  -3.2027 0.0010 0.3168
v  -3.2283 0.0010 -0.0000
v  -3.2183 0.0010 0.0005
v  -3.2129 0.0010 -0.3156
v  -3.2030 0.0010 -0.3141
v  -3.1665 0.0010 -0.6289
v  -3.1568 0.0010 -0.6265
v  -3.0896 0.0010 -0.9362
v  -3.0802 0.0010 -0.9329
v  -2.9829 0.0010 -1.2345
v  -2.9739 0.0010 -1.2302
v  -2.8476 0.0010 -1.5209
v  -2.8390 0.0010 -1.5158
v  -2.6848 0.0010 -1.7927
v  -2.6767 0.0010 -1.7867
v  -2.4961 0.0010 -2.0472
v  -2.4887 0.0010 -2.0405
v  -2.2835 0.0010 -2.2819
v  -2.2767 0.0010 -2.2745
v  -2.0488 0.0010 -2.4947
v  -2.0428 0.0010 -2.4867
v  -1.7944 0.0010 -2.6835
v  -1.7893 0.0010 -2.6749
v  -1.5227 0.0010 -2.8464
v  -1.5185 0.0010 -2.8374
v  -1.2364 0.0010 -2.9820
v  -1.2330 0.0010 -2.9725
v  -0.9382 0.0010 -3.0888
v  -0.9357 0.0010 -3.0791
v  -0.6309 0.0010 -3.1658
v  -0.6294 0.0010 -3.1559
v  -0.3176 0.0010 -3.2124
v  -0.3168 0.0010 -3.2024
v  -0.2311 0.0010 -3.2197
v  -0.2303 0.0010 -3.2097
v  -0.1821 -0.0462 -3.2215
v  -0.1819 -0.0462 -3.2115
v  -0.2128 -0.0032 -3.2202
v  -0.2128 -0.0032 -3.2102
v  -0.2249 0.0010 -3.2202
v  -0.2249 0.0010 -3.2102
v  -0.2011 -0.0316 -3.2201
v  -0.2011 -0.0316 -3.2101
v  -0.2059 -0.0136 -3.2202
v  -0.2059 -0.0136 -3.2102
v  -0.1883 -0.0452 -3.2210
v  -0.1878 -0.0454 -3.2110
v  -0.1940 -0.0422 -3.2205
v  -0.1937 -0.0424 -3.2106
v  -0.1985 -0.0374 -3.2201
v  -0.1983 -0.0377 -3.2102
v  0.3186 -0.0191 3.2315
v  0.3186 -0.0291 3.2313
v  0.0000 -0.0190 3.2477
v  -0.0000 -0.0290 3.2475
v  0.6338 -0.0192 3.1845
v  0.6337 -0.0292 3.1843
v  0.9428 -0.0192 3.1070
v  0.9428 -0.0292 3.1068
v  1.2428 -0.0192 2.9996
v  1.2427 -0.0292 2.9994
v  1.5308 -0.0192 2.8634
v  1.5307 -0.0292 2.8632
v  1.8041 -0.0192 2.6996
v  1.8040 -0.0292 2.6994
v  2.0601 -0.0192 2.5098
v  2.0600 -0.0292 2.5097
v  2.2962 -0.0192 2.2959
v  2.2961 -0.0292 2.2958
v  2.5100 -0.0192 2.0596
v  2.5099 -0.0291 2.0595
v  2.6996 -0.0192 1.8036
v  2.6994 -0.0291 1.8035
v  2.8632 -0.0193 1.5303
v  2.8631 -0.0291 1.5302
v  2.9994 -0.0193 1.2422
v  2.9992 -0.0291 1.2422
v  3.1067 -0.0193 0.9423
v  3.1066 -0.0291 0.9423
v  3.1842 -0.0193 0.6333
v  3.1841 -0.0291 0.6333
v  3.2312 -0.0192 0.3182
v  3.2311 -0.0291 0.3182
v  3.2473 -0.0191 -0.0000
v  3.2472 -0.0291 -0.0000
v  3.2313 -0.0192 -0.3182
v  3.2311 -0.0291 -0.3182
v  3.1844 -0.0192 -0.6334
v  3.1842 -0.0290 -0.6333
v  3.1069 -0.0193 -0.9424
v  3.1068 -0.0290 -0.9423
v  2.9996 -0.0192 -1.2424
v  2.9995 -0.0290 -1.2423
v  2.8636 -0.0192 -1.5305
v  2.8634 -0.0290 -1.5304
v  2.7001 -0.0192 -1.8039
v  2.6999 -0.0290 -1.8038
v  2.5103 -0.0191 -2.0599
v  2.5101 -0.0290 -2.0597
v  2.2961 -0.0192 -2.2957
v  2.2959 -0.0290 -2.2956
v  2.0599 -0.0192 -2.5095
v  2.0598 -0.0290 -2.5094
v  1.8039 -0.0193 -2.6993
v  1.8038 -0.0290 -2.6991
v  1.5307 -0.0193 -2.8631
v  1.5306 -0.0290 -2.8629
v  1.2427 -0.0192 -2.9993
v  1.2426 -0.0290 -2.9992
v  0.9428 -0.0192 -3.1068
v  0.9427 -0.0290 -3.1066
v  0.6337 -0.0192 -3.1844
v  0.6337 -0.0290 -3.1842
v  0.3186 -0.0191 -3.2315
v  0.3186 -0.0290 -3.2313
v  0.2316 -0.0190 -3.2393
v  0.1823 -0.0663 -3.2412
v  0.1831 -0.0763 -3.2409
v  0.1950 -0.0642 -3.2406
v  0.2064 -0.0581 -3.2402
v  0.2153 -0.0487 -3.2399
v  0.2206 -0.0371 -3.2398
v  0.2254 -0.0190 -3.2398
v  0.0000 -0.0663 -3.2469
v  0.0000 -0.0763 -3.2467
v  -0.3186 -0.0191 3.2315
v  -0.3186 -0.0291 3.2313
v  -0.6338 -0.0192 3.1845
v  -0.6337 -0.0292 3.1843
v  -0.9428 -0.0192 3.1070
v  -0.9428 -0.0292 3.1068
v  -1.2428 -0.0192 2.9996
v  -1.2427 -0.0292 2.9994
v  -1.5308 -0.0192 2.8634
v  -1.5308 -0.0292 2.8632
v  -1.8041 -0.0192 2.6996
v  -1.8040 -0.0292 2.6994
v  -2.0601 -0.0192 2.5098
v  -2.0600 -0.0292 2.5097
v  -2.2962 -0.0192 2.2959
v  -2.2961 -0.0292 2.2958
v  -2.5103 -0.0191 2.0599
v  -2.5102 -0.0291 2.0598
v  -2.7002 -0.0191 1.8040
v  -2.7001 -0.0291 1.8039
v  -2.8641 -0.0191 1.5307
v  -2.8640 -0.0291 1.5306
v  -3.0004 -0.0191 1.2427
v  -3.0002 -0.0291 1.2426
v  -3.1077 -0.0191 0.9426
v  -3.1075 -0.0291 0.9425
v  -3.1850 -0.0191 0.6335
v  -3.1848 -0.0291 0.6334
v  -3.2316 -0.0192 0.3182
v  -3.2315 -0.0291 0.3182
v  -3.2473 -0.0191 -0.0000
v  -3.2472 -0.0291 -0.0000
v  -3.2320 -0.0191 -0.3183
v  -3.2318 -0.0291 -0.3183
v  -3.1856 -0.0190 -0.6336
v  -3.1854 -0.0290 -0.6336
v  -3.1082 -0.0190 -0.9428
v  -3.1080 -0.0290 -0.9427
v  -3.0008 -0.0190 -1.2428
v  -3.0006 -0.0290 -1.2428
v  -2.8645 -0.0190 -1.5310
v  -2.8644 -0.0290 -1.5309
v  -2.7007 -0.0190 -1.8043
v  -2.7005 -0.0290 -1.8042
v  -2.5108 -0.0190 -2.0603
v  -2.5107 -0.0290 -2.0602
v  -2.2968 -0.0190 -2.2965
v  -2.2966 -0.0290 -2.2963
v  -2.0606 -0.0190 -2.5105
v  -2.0605 -0.0290 -2.5104
v  -1.8046 -0.0190 -2.7004
v  -1.8045 -0.0290 -2.7002
v  -1.5313 -0.0190 -2.8642
v  -1.5312 -0.0290 -2.8641
v  -1.2432 -0.0190 -3.0005
v  -1.2431 -0.0290 -3.0003
v  -0.9431 -0.0190 -3.1078
v  -0.9430 -0.0290 -3.1077
v  -0.6339 -0.0190 -3.1853
v  -0.6339 -0.0290 -3.1851
v  -0.3186 -0.0190 -3.2321
v  -0.3186 -0.0290 -3.2319
v  -0.2322 -0.0190 -3.2394
v  -0.2261 -0.0190 -3.2398
v  -0.2212 -0.0371 -3.2398
v  -0.2159 -0.0487 -3.2399
v  -0.2071 -0.0581 -3.2402
v  -0.1956 -0.0642 -3.2406
v  -0.1829 -0.0663 -3.2412
v  -0.1837 -0.0763 -3.2410
v  0.1982 -0.0738 -3.2402
v  0.2126 -0.0662 -3.2396
v  0.2237 -0.0543 -3.2392
v  0.2300 -0.0405 -3.2391
v  0.2331 -0.0290 -3.2391
v  -0.2337 -0.0290 -3.2391
v  -0.2306 -0.0405 -3.2391
v  -0.2243 -0.0543 -3.2392
v  -0.2132 -0.0662 -3.2396
v  -0.1988 -0.0738 -3.2402
v  -0.0000 -0.2668 3.2433
v  0.3182 -0.2668 3.2272
v  0.6329 -0.2668 3.1803
v  0.9416 -0.2668 3.1029
v  1.2412 -0.2668 2.9956
v  1.5288 -0.2668 2.8596
v  1.8018 -0.2668 2.6960
v  2.0574 -0.2668 2.5066
v  2.2933 -0.2668 2.2930
v  2.5067 -0.2667 2.0569
v  2.6960 -0.2667 1.8012
v  2.8595 -0.2667 1.5282
v  2.9954 -0.2667 1.2406
v  3.1026 -0.2667 0.9411
v  3.1800 -0.2667 0.6325
v  3.2269 -0.2667 0.3178
v  3.2430 -0.2668 -0.0000
v  3.2270 -0.2667 -0.3178
v  3.1802 -0.2667 -0.6325
v  3.1029 -0.2667 -0.9411
v  2.9957 -0.2667 -1.2407
v  2.8598 -0.2667 -1.5284
v  2.6964 -0.2667 -1.8015
v  2.5071 -0.2667 -2.0572
v  2.2931 -0.2667 -2.2928
v  2.0572 -0.2667 -2.5063
v  1.8016 -0.2667 -2.6958
v  1.5287 -0.2667 -2.8594
v  1.2411 -0.2667 -2.9955
v  0.9415 -0.2667 -3.1027
v  0.6329 -0.2667 -3.1802
v  0.3182 -0.2667 -3.2272
v  0.1473 -0.2668 -3.2390
v  0.0000 -0.2668 -3.2433
v  -0.3182 -0.2668 3.2272
v  -0.6329 -0.2668 3.1803
v  -0.9416 -0.2668 3.1029
v  -1.2412 -0.2668 2.9956
v  -1.5288 -0.2668 2.8596
v  -1.8018 -0.2668 2.6960
v  -2.0574 -0.2668 2.5066
v  -2.2933 -0.2668 2.2930
v  -2.5071 -0.2668 2.0573
v  -2.6966 -0.2668 1.8016
v  -2.8602 -0.2668 1.5286
v  -2.9963 -0.2668 1.2410
v  -3.1035 -0.2668 0.9413
v  -3.1807 -0.2668 0.6326
v  -3.2274 -0.2668 0.3178
v  -3.2432 -0.2668 -0.0000
v  -3.2276 -0.2668 -0.3179
v  -3.1811 -0.2668 -0.6327
v  -3.1038 -0.2668 -0.9414
v  -2.9966 -0.2668 -1.2411
v  -2.8605 -0.2668 -1.5288
v  -2.6969 -0.2668 -1.8018
v  -2.5074 -0.2668 -2.0575
v  -2.2937 -0.2668 -2.2934
v  -2.0578 -0.2668 -2.5071
v  -1.8021 -0.2668 -2.6966
v  -1.5291 -0.2668 -2.8602
v  -1.2414 -0.2668 -2.9962
v  -0.9417 -0.2668 -3.1035
v  -0.6330 -0.2668 -3.1808
v  -0.3182 -0.2668 -3.2276
v  -0.1473 -0.2668 -3.2390
v  0.0000 -0.9319 2.8397
v  0.0000 -0.9349 2.5082
v  0.0000 -0.9380 2.1766
v  0.0000 -0.9399 1.8450
v  0.0000 -0.9418 1.5134
v  -0.2792 -0.9313 2.8261
v  -0.2466 -0.9338 2.4961
v  -0.2140 -0.9363 2.1661
v  -0.1814 -0.9388 1.8361
v  -0.1488 -0.9413 1.5061
v  -0.5549 -0.9313 2.7851
v  -0.4901 -0.9338 2.4599
v  -0.4253 -0.9363 2.1347
v  -0.3605 -0.9388 1.8095
v  -0.2957 -0.9414 1.4843
v  -0.8252 -0.9313 2.7173
v  -0.7288 -0.9338 2.4000
v  -0.6325 -0.9363 2.0828
v  -0.5362 -0.9388 1.7655
v  -0.4398 -0.9414 1.4482
v  -1.0876 -0.9313 2.6234
v  -0.9606 -0.9338 2.3171
v  -0.8336 -0.9363 2.0108
v  -0.7066 -0.9388 1.7044
v  -0.5797 -0.9414 1.3981
v  -1.3395 -0.9313 2.5042
v  -1.1831 -0.9338 2.2118
v  -1.0267 -0.9363 1.9194
v  -0.8703 -0.9388 1.6270
v  -0.7139 -0.9414 1.3346
v  -1.5785 -0.9313 2.3609
v  -1.3942 -0.9338 2.0852
v  -1.2099 -0.9363 1.8095
v  -1.0256 -0.9388 1.5338
v  -0.8413 -0.9414 1.2582
v  -1.8023 -0.9313 2.1948
v  -1.5919 -0.9338 1.9385
v  -1.3815 -0.9363 1.6822
v  -1.1710 -0.9388 1.4260
v  -0.9606 -0.9414 1.1697
v  -2.0087 -0.9313 2.0076
v  -1.7742 -0.9338 1.7732
v  -1.5397 -0.9363 1.5388
v  -1.3052 -0.9388 1.3043
v  -1.0707 -0.9414 1.0699
v  -2.1959 -0.9313 1.8011
v  -1.9395 -0.9338 1.5908
v  -1.6831 -0.9363 1.3804
v  -1.4268 -0.9388 1.1701
v  -1.1704 -0.9414 0.9598
v  -2.3618 -0.9313 1.5772
v  -2.0861 -0.9338 1.3930
v  -1.8103 -0.9363 1.2088
v  -1.5346 -0.9388 1.0247
v  -1.2589 -0.9414 0.8405
v  -2.5051 -0.9313 1.3381
v  -2.2126 -0.9338 1.1819
v  -1.9201 -0.9363 1.0256
v  -1.6277 -0.9388 0.8693
v  -1.3352 -0.9414 0.7131
v  -2.6242 -0.9313 1.0862
v  -2.3178 -0.9338 0.9593
v  -2.0114 -0.9363 0.8325
v  -1.7051 -0.9388 0.7056
v  -1.3987 -0.9414 0.5788
v  -2.7180 -0.9313 0.8238
v  -2.4007 -0.9338 0.7276
v  -2.0834 -0.9363 0.6313
v  -1.7660 -0.9388 0.5351
v  -1.4487 -0.9413 0.4389
v  -2.7857 -0.9313 0.5534
v  -2.4604 -0.9338 0.4888
v  -2.1352 -0.9363 0.4241
v  -1.8100 -0.9388 0.3595
v  -1.4848 -0.9413 0.2948
v  -2.8265 -0.9313 0.2778
v  -2.4965 -0.9338 0.2453
v  -2.1665 -0.9363 0.2128
v  -1.8365 -0.9388 0.1803
v  -1.5065 -0.9413 0.1479
v  -2.8401 -0.9313 -0.0006
v  -2.5085 -0.9338 -0.0006
v  -2.1770 -0.9363 -0.0006
v  -1.8454 -0.9388 -0.0005
v  -1.5138 -0.9413 -0.0005
v  -2.8264 -0.9313 -0.2790
v  -2.4964 -0.9338 -0.2464
v  -2.1664 -0.9363 -0.2139
v  -1.8365 -0.9388 -0.1814
v  -1.5065 -0.9413 -0.1489
v  -2.7854 -0.9313 -0.5546
v  -2.4602 -0.9338 -0.4899
v  -2.1351 -0.9363 -0.4252
v  -1.8099 -0.9388 -0.3605
v  -1.4847 -0.9413 -0.2958
v  -2.7177 -0.9313 -0.8249
v  -2.4004 -0.9338 -0.7287
v  -2.0831 -0.9363 -0.6324
v  -1.7658 -0.9388 -0.5361
v  -1.4485 -0.9413 -0.4399
v  -2.6237 -0.9313 -1.0873
v  -2.3174 -0.9338 -0.9604
v  -2.0111 -0.9363 -0.8335
v  -1.7048 -0.9388 -0.7066
v  -1.3985 -0.9413 -0.5797
v  -2.5045 -0.9313 -1.3392
v  -2.2121 -0.9338 -1.1829
v  -1.9197 -0.9363 -1.0266
v  -1.6273 -0.9388 -0.8703
v  -1.3349 -0.9414 -0.7140
v  -2.3612 -0.9313 -1.5782
v  -2.0855 -0.9338 -1.3940
v  -1.8099 -0.9363 -1.2098
v  -1.5342 -0.9388 -1.0256
v  -1.2585 -0.9414 -0.8414
v  -2.1952 -0.9313 -1.8021
v  -1.9389 -0.9338 -1.5917
v  -1.6826 -0.9363 -1.3814
v  -1.4263 -0.9388 -1.1710
v  -1.1700 -0.9414 -0.9607
v  -2.0080 -0.9313 -2.0085
v  -1.7735 -0.9338 -1.7741
v  -1.5391 -0.9363 -1.5396
v  -1.3047 -0.9388 -1.3052
v  -1.0703 -0.9414 -1.0707
v  -1.8014 -0.9313 -2.1956
v  -1.5911 -0.9338 -1.9393
v  -1.3808 -0.9363 -1.6830
v  -1.1705 -0.9388 -1.4268
v  -0.9602 -0.9414 -1.1705
v  -1.5776 -0.9313 -2.3616
v  -1.3934 -0.9338 -2.0859
v  -1.2092 -0.9363 -1.8103
v  -1.0250 -0.9388 -1.5346
v  -0.8408 -0.9414 -1.2589
v  -1.3385 -0.9313 -2.5048
v  -1.1822 -0.9338 -2.2124
v  -1.0260 -0.9363 -1.9200
v  -0.8697 -0.9388 -1.6277
v  -0.7134 -0.9414 -1.3353
v  -1.0865 -0.9313 -2.6239
v  -0.9597 -0.9338 -2.3176
v  -0.8328 -0.9363 -2.0113
v  -0.7060 -0.9388 -1.7050
v  -0.5791 -0.9414 -1.3988
v  -0.8241 -0.9313 -2.7178
v  -0.7279 -0.9338 -2.4005
v  -0.6317 -0.9363 -2.0833
v  -0.5355 -0.9388 -1.7660
v  -0.4393 -0.9414 -1.4488
v  -0.5538 -0.9313 -2.7854
v  -0.4891 -0.9338 -2.4603
v  -0.4245 -0.9363 -2.1351
v  -0.3598 -0.9388 -1.8100
v  -0.2952 -0.9414 -1.4848
v  0.0000 -0.9319 -2.8399
v  0.0000 -0.9349 -2.5084
v  0.0000 -0.9380 -2.1769
v  0.0000 -0.9399 -1.8454
v  0.0000 -0.9418 -1.5139
v  0.2792 -0.9313 2.8261
v  0.2466 -0.9338 2.4961
v  0.2140 -0.9363 2.1661
v  0.1814 -0.9388 1.8361
v  0.1488 -0.9413 1.5061
v  0.5549 -0.9313 2.7851
v  0.4901 -0.9338 2.4599
v  0.4253 -0.9363 2.1347
v  0.3605 -0.9388 1.8095
v  0.2957 -0.9414 1.4843
v  0.8252 -0.9313 2.7173
v  0.7288 -0.9338 2.4000
v  0.6325 -0.9363 2.0828
v  0.5362 -0.9388 1.7655
v  0.4398 -0.9414 1.4482
v  1.0876 -0.9313 2.6234
v  0.9606 -0.9338 2.3171
v  0.8336 -0.9363 2.0108
v  0.7067 -0.9388 1.7044
v  0.5797 -0.9414 1.3981
v  1.3395 -0.9313 2.5042
v  1.1831 -0.9338 2.2118
v  1.0267 -0.9363 1.9194
v  0.8703 -0.9388 1.6270
v  0.7139 -0.9414 1.3346
v  1.5785 -0.9313 2.3609
v  1.3942 -0.9338 2.0852
v  1.2099 -0.9367 1.8095
v  1.0256 -0.9388 1.5338
v  0.8413 -0.9412 1.2582
v  1.8023 -0.9313 2.1948
v  1.5919 -0.9338 1.9385
v  1.3815 -0.9363 1.6822
v  1.1710 -0.9388 1.4260
v  0.9606 -0.9412 1.1697
v  2.0088 -0.9318 2.0076
v  1.7742 -0.9349 1.7732
v  1.5397 -0.9380 1.5388
v  1.3052 -0.9399 1.3043
v  1.0707 -0.9418 1.0699
v  2.1959 -0.9318 1.8011
v  1.9395 -0.9349 1.5908
v  1.6831 -0.9380 1.3805
v  1.4268 -0.9399 1.1701
v  1.1704 -0.9418 0.9598
v  2.3618 -0.9319 1.5772
v  2.0861 -0.9349 1.3930
v  1.8104 -0.9380 1.2089
v  1.5346 -0.9399 1.0247
v  1.2589 -0.9418 0.8405
v  2.5051 -0.9319 1.3382
v  2.2126 -0.9349 1.1819
v  1.9202 -0.9380 1.0256
v  1.6277 -0.9399 0.8693
v  1.3352 -0.9418 0.7131
v  2.6242 -0.9319 1.0862
v  2.3178 -0.9349 0.9593
v  2.0114 -0.9380 0.8325
v  1.7051 -0.9399 0.7056
v  1.3987 -0.9418 0.5788
v  2.7180 -0.9319 0.8238
v  2.4007 -0.9349 0.7276
v  2.0834 -0.9380 0.6313
v  1.7660 -0.9399 0.5351
v  1.4487 -0.9418 0.4389
v  2.7857 -0.9319 0.5534
v  2.4605 -0.9349 0.4888
v  2.1352 -0.9380 0.4241
v  1.8100 -0.9399 0.3595
v  1.4848 -0.9418 0.2948
v  2.8265 -0.9319 0.2778
v  2.4965 -0.9349 0.2453
v  2.1665 -0.9380 0.2128
v  1.8365 -0.9399 0.1803
v  1.5065 -0.9418 0.1479
v  2.8401 -0.9319 -0.0006
v  2.5086 -0.9349 -0.0006
v  2.1770 -0.9380 -0.0006
v  1.8454 -0.9399 -0.0005
v  1.5138 -0.9418 -0.0005
v  2.8264 -0.9319 -0.2790
v  2.4964 -0.9349 -0.2464
v  2.1665 -0.9380 -0.2139
v  1.8365 -0.9399 -0.1814
v  1.5065 -0.9418 -0.1489
v  2.7855 -0.9319 -0.5546
v  2.4603 -0.9349 -0.4899
v  2.1351 -0.9380 -0.4252
v  1.8099 -0.9399 -0.3605
v  1.4847 -0.9418 -0.2958
v  2.7177 -0.9319 -0.8249
v  2.4004 -0.9349 -0.7287
v  2.0831 -0.9380 -0.6324
v  1.7658 -0.9399 -0.5362
v  1.4485 -0.9418 -0.4399
v  2.6238 -0.9318 -1.0873
v  2.3174 -0.9349 -0.9604
v  2.0111 -0.9380 -0.8335
v  1.7048 -0.9399 -0.7066
v  1.3985 -0.9418 -0.5797
v  2.5045 -0.9319 -1.3392
v  2.2121 -0.9349 -1.1829
v  1.9198 -0.9380 -1.0266
v  1.6273 -0.9399 -0.8703
v  1.3349 -0.9418 -0.7140
v  2.3612 -0.9319 -1.5782
v  2.0856 -0.9349 -1.3940
v  1.8099 -0.9380 -1.2098
v  1.5342 -0.9399 -1.0256
v  1.2585 -0.9418 -0.8414
v  2.1952 -0.9319 -1.8021
v  1.9389 -0.9349 -1.5917
v  1.6826 -0.9380 -1.3814
v  1.4263 -0.9399 -1.1710
v  1.1700 -0.9418 -0.9607
v  2.0080 -0.9319 -2.0085
v  1.7735 -0.9349 -1.7741
v  1.5391 -0.9380 -1.5396
v  1.3047 -0.9399 -1.3052
v  1.0703 -0.9418 -1.0707
v  1.8014 -0.9319 -2.1956
v  1.5911 -0.9349 -1.9393
v  1.3808 -0.9380 -1.6831
v  1.1705 -0.9399 -1.4268
v  0.9602 -0.9418 -1.1705
v  1.5776 -0.9319 -2.3616
v  1.3934 -0.9349 -2.0859
v  1.2092 -0.9380 -1.8103
v  1.0250 -0.9399 -1.5346
v  0.8409 -0.9418 -1.2589
v  1.3385 -0.9319 -2.5048
v  1.1822 -0.9349 -2.2124
v  1.0260 -0.9380 -1.9201
v  0.8697 -0.9399 -1.6277
v  0.7134 -0.9418 -1.3353
v  1.0865 -0.9319 -2.6239
v  0.9597 -0.9349 -2.3176
v  0.8328 -0.9380 -2.0114
v  0.7060 -0.9399 -1.7051
v  0.5791 -0.9418 -1.3988
v  0.8241 -0.9319 -2.7178
v  0.7279 -0.9349 -2.4005
v  0.6317 -0.9380 -2.0833
v  0.5355 -0.9399 -1.7660
v  0.4393 -0.9418 -1.4488
v  0.5538 -0.9319 -2.7854
v  0.4891 -0.9349 -2.4603
v  0.4245 -0.9380 -2.1351
v  0.3598 -0.9399 -1.8100
v  0.2952 -0.9418 -1.4848
v  0.2781 -0.9319 -2.8263
v  0.2456 -0.9349 -2.4964
v  0.2132 -0.9380 -2.1664
v  0.1807 -0.9399 -1.8365
v  0.1482 -0.9418 -1.5066
v  -0.2781 -0.9313 -2.8263
v  -0.2456 -0.9338 -2.4963
v  -0.2132 -0.9363 -2.1664
v  -0.1807 -0.9388 -1.8365
v  -0.1482 -0.9414 -1.5066
v  0.0000 -0.9407 1.1670
v  0.0000 -0.9336 1.1558
v  0.0000 -0.9232 1.1475
v  -0.1147 -0.9409 1.1613
v  -0.1136 -0.9339 1.1501
v  -0.1128 -0.9235 1.1417
v  -0.2280 -0.9409 1.1444
v  -0.2258 -0.9340 1.1333
v  -0.2242 -0.9236 1.1251
v  -0.3392 -0.9408 1.1166
v  -0.3359 -0.9338 1.1059
v  -0.3335 -0.9234 1.0979
v  -0.4470 -0.9408 1.0780
v  -0.4427 -0.9338 1.0676
v  -0.4395 -0.9234 1.0599
v  -0.5505 -0.9408 1.0290
v  -0.5452 -0.9338 1.0191
v  -0.5413 -0.9234 1.0118
v  -0.6488 -0.9408 0.9701
v  -0.6425 -0.9337 0.9608
v  -0.6379 -0.9233 0.9539
v  -0.7408 -0.9408 0.9019
v  -0.7337 -0.9337 0.8932
v  -0.7284 -0.9233 0.8868
v  -0.8257 -0.9407 0.8250
v  -0.8178 -0.9336 0.8171
v  -0.8119 -0.9232 0.8112
v  -0.9026 -0.9408 0.7401
v  -0.8939 -0.9337 0.7330
v  -0.8875 -0.9233 0.7277
v  -0.9708 -0.9408 0.6480
v  -0.9614 -0.9337 0.6418
v  -0.9545 -0.9233 0.6372
v  -1.0296 -0.9408 0.5498
v  -1.0197 -0.9338 0.5445
v  -1.0124 -0.9234 0.5405
v  -1.0786 -0.9408 0.4462
v  -1.0682 -0.9338 0.4419
v  -1.0605 -0.9234 0.4387
v  -1.1171 -0.9408 0.3384
v  -1.1064 -0.9338 0.3351
v  -1.0984 -0.9234 0.3327
v  -1.1449 -0.9409 0.2272
v  -1.1338 -0.9340 0.2250
v  -1.1255 -0.9236 0.2234
v  -1.1617 -0.9409 0.1139
v  -1.1505 -0.9338 0.1128
v  -1.1422 -0.9235 0.1120
v  -1.1674 -0.9408 -0.0005
v  -1.1561 -0.9337 -0.0005
v  -1.1478 -0.9233 -0.0005
v  -1.1616 -0.9409 -0.1149
v  -1.1504 -0.9339 -0.1138
v  -1.1420 -0.9236 -0.1130
v  -1.1447 -0.9410 -0.2282
v  -1.1336 -0.9340 -0.2260
v  -1.1254 -0.9237 -0.2243
v  -1.1170 -0.9409 -0.3393
v  -1.1062 -0.9339 -0.3360
v  -1.0982 -0.9235 -0.3336
v  -1.0783 -0.9409 -0.4471
v  -1.0679 -0.9339 -0.4428
v  -1.0602 -0.9235 -0.4396
v  -1.0293 -0.9409 -0.5507
v  -1.0194 -0.9339 -0.5453
v  -1.0120 -0.9236 -0.5414
v  -0.9704 -0.9409 -0.6489
v  -0.9611 -0.9339 -0.6426
v  -0.9541 -0.9235 -0.6380
v  -0.9022 -0.9409 -0.7409
v  -0.8935 -0.9339 -0.7337
v  -0.8870 -0.9235 -0.7284
v  -0.8253 -0.9408 -0.8258
v  -0.8173 -0.9338 -0.8178
v  -0.8114 -0.9234 -0.8119
v  -0.7404 -0.9409 -0.9026
v  -0.7332 -0.9339 -0.8939
v  -0.7279 -0.9235 -0.8874
v  -0.6483 -0.9409 -0.9708
v  -0.6421 -0.9339 -0.9614
v  -0.6374 -0.9236 -0.9544
v  -0.5501 -0.9410 -1.0297
v  -0.5447 -0.9340 -1.0197
v  -0.5408 -0.9237 -1.0123
v  -0.4465 -0.9410 -1.0786
v  -0.4422 -0.9340 -1.0681
v  -0.4390 -0.9237 -1.0604
v  -0.3387 -0.9410 -1.1172
v  -0.3354 -0.9340 -1.1063
v  -0.3330 -0.9237 -1.0983
v  -0.2276 -0.9411 -1.1449
v  -0.2253 -0.9342 -1.1337
v  -0.2237 -0.9239 -1.1254
v  0.0000 -0.9409 -1.1674
v  0.0000 -0.9339 -1.1561
v  0.0000 -0.9236 -1.1477
v  0.1148 -0.9409 1.1613
v  0.1136 -0.9339 1.1500
v  0.1128 -0.9235 1.1417
v  0.2280 -0.9410 1.1444
v  0.2258 -0.9340 1.1332
v  0.2242 -0.9237 1.1250
v  0.3392 -0.9409 1.1166
v  0.3359 -0.9339 1.1058
v  0.3334 -0.9235 1.0978
v  0.4470 -0.9409 1.0780
v  0.4427 -0.9339 1.0675
v  0.4395 -0.9236 1.0598
v  0.5505 -0.9409 1.0290
v  0.5452 -0.9339 1.0190
v  0.5412 -0.9236 1.0116
v  0.6487 -0.9409 0.9701
v  0.6425 -0.9339 0.9607
v  0.6378 -0.9236 0.9537
v  0.7407 -0.9409 0.9018
v  0.7336 -0.9339 0.8931
v  0.7283 -0.9236 0.8866
v  0.8256 -0.9409 0.8249
v  0.8176 -0.9339 0.8169
v  0.8117 -0.9235 0.8110
v  0.9025 -0.9409 0.7400
v  0.8937 -0.9339 0.7328
v  0.8873 -0.9236 0.7275
v  0.9707 -0.9410 0.6480
v  0.9612 -0.9340 0.6417
v  0.9542 -0.9237 0.6370
v  1.0295 -0.9410 0.5497
v  1.0195 -0.9341 0.5443
v  1.0121 -0.9238 0.5404
v  1.0784 -0.9410 0.4461
v  1.0679 -0.9341 0.4418
v  1.0601 -0.9238 0.4386
v  1.1170 -0.9410 0.3383
v  1.1061 -0.9341 0.3350
v  1.0980 -0.9238 0.3326
v  1.1447 -0.9411 0.2272
v  1.1335 -0.9343 0.2250
v  1.1252 -0.9241 0.2233
v  1.1615 -0.9411 0.1139
v  1.1502 -0.9342 0.1128
v  1.1418 -0.9239 0.1120
v  1.1672 -0.9410 -0.0005
v  1.1559 -0.9340 -0.0005
v  1.1475 -0.9237 -0.0005
v  1.1615 -0.9411 -0.1149
v  1.1501 -0.9342 -0.1137
v  1.1417 -0.9240 -0.1129
v  1.1446 -0.9411 -0.2281
v  1.1333 -0.9343 -0.2259
v  1.1250 -0.9242 -0.2242
v  1.1168 -0.9411 -0.3392
v  1.1059 -0.9342 -0.3359
v  1.0978 -0.9239 -0.3335
v  1.0782 -0.9411 -0.4471
v  1.0677 -0.9342 -0.4427
v  1.0599 -0.9239 -0.4395
v  1.0292 -0.9411 -0.5506
v  1.0192 -0.9342 -0.5452
v  1.0117 -0.9239 -0.5412
v  0.9703 -0.9410 -0.6488
v  0.9609 -0.9342 -0.6425
v  0.9539 -0.9239 -0.6378
v  0.9021 -0.9410 -0.7408
v  0.8933 -0.9341 -0.7336
v  0.8868 -0.9238 -0.7282
v  0.8252 -0.9410 -0.8257
v  0.8172 -0.9340 -0.8177
v  0.8113 -0.9237 -0.8117
v  0.7403 -0.9410 -0.9025
v  0.7331 -0.9341 -0.8938
v  0.7278 -0.9238 -0.8872
v  0.6483 -0.9410 -0.9707
v  0.6420 -0.9341 -0.9613
v  0.6373 -0.9239 -0.9543
v  0.5501 -0.9410 -1.0296
v  0.5447 -0.9341 -1.0195
v  0.5407 -0.9239 -1.0121
v  0.4465 -0.9410 -1.0785
v  0.4422 -0.9341 -1.0680
v  0.4389 -0.9239 -1.0602
v  0.3387 -0.9410 -1.1171
v  0.3354 -0.9341 -1.1062
v  0.3329 -0.9238 -1.0982
v  0.2276 -0.9411 -1.1448
v  0.2253 -0.9343 -1.1336
v  0.2237 -0.9241 -1.1253
v  0.1143 -0.9410 -1.1617
v  0.1132 -0.9341 -1.1504
v  0.1123 -0.9239 -1.1420
v  -0.1143 -0.9410 -1.1617
v  -0.1132 -0.9341 -1.1504
v  -0.1123 -0.9238 -1.1420
v  -0.0001 -0.4628 -0.0003
v  0.0000 -0.9437 1.1818
v  -0.0005 -0.9437 1.1918
v  0.1162 -0.9437 1.1761
v  0.1167 -0.9437 1.1861
v  0.2310 -0.9437 1.1591
v  0.2324 -0.9437 1.1690
v  0.3435 -0.9437 1.1309
v  0.3459 -0.9437 1.1406
v  0.4527 -0.9437 1.0918
v  0.4561 -0.9437 1.1012
v  0.5576 -0.9437 1.0422
v  0.5618 -0.9437 1.0512
v  0.6571 -0.9437 0.9825
v  0.6622 -0.9437 0.9911
v  0.7502 -0.9437 0.9134
v  0.7562 -0.9437 0.9214
v  0.8362 -0.9437 0.8355
v  0.8429 -0.9437 0.8429
v  0.9140 -0.9437 0.7495
v  0.9215 -0.9437 0.7562
v  0.9831 -0.9437 0.6563
v  0.9912 -0.9437 0.6622
v  1.0428 -0.9437 0.5568
v  1.0513 -0.9437 0.5619
v  1.0923 -0.9437 0.4519
v  1.1014 -0.9437 0.4562
v  1.1314 -0.9437 0.3427
v  1.1408 -0.9437 0.3460
v  1.1596 -0.9437 0.2301
v  1.1693 -0.9437 0.2326
v  1.1766 -0.9437 0.1154
v  1.1864 -0.9437 0.1168
v  1.1822 -0.9437 -0.0005
v  1.1922 -0.9437 0.0000
v  1.1765 -0.9437 -0.1164
v  1.1865 -0.9437 -0.1168
v  1.1595 -0.9437 -0.2311
v  1.1694 -0.9437 -0.2326
v  1.1313 -0.9437 -0.3436
v  1.1410 -0.9437 -0.3461
v  1.0922 -0.9437 -0.4528
v  1.1016 -0.9437 -0.4562
v  1.0425 -0.9437 -0.5577
v  1.0516 -0.9437 -0.5620
v  0.9829 -0.9437 -0.6572
v  0.9915 -0.9437 -0.6623
v  0.9138 -0.9437 -0.7504
v  0.9218 -0.9437 -0.7563
v  0.8358 -0.9437 -0.8363
v  0.8432 -0.9437 -0.8430
v  0.7499 -0.9437 -0.9142
v  0.7566 -0.9437 -0.9216
v  0.6567 -0.9437 -0.9833
v  0.6626 -0.9437 -0.9913
v  0.5572 -0.9437 -1.0429
v  0.5623 -0.9437 -1.0515
v  0.4523 -0.9437 -1.0925
v  0.4566 -0.9437 -1.1015
v  0.3430 -0.9437 -1.1315
v  0.3464 -0.9437 -1.1409
v  0.2305 -0.9437 -1.1597
v  0.2329 -0.9437 -1.1694
v  0.1158 -0.9437 -1.1767
v  0.1172 -0.9437 -1.1866
v  0.0000 -0.9437 -1.1824
v  0.0005 -0.9437 -1.1923
v  -0.1162 -0.9437 1.1761
v  -0.1177 -0.9437 1.1860
v  -0.2310 -0.9437 1.1591
v  -0.2334 -0.9437 1.1688
v  -0.3435 -0.9437 1.1309
v  -0.3469 -0.9437 1.1403
v  -0.4527 -0.9437 1.0918
v  -0.4570 -0.9437 1.1008
v  -0.5576 -0.9437 1.0422
v  -0.5627 -0.9437 1.0507
v  -0.6570 -0.9437 0.9825
v  -0.6630 -0.9437 0.9905
v  -0.7502 -0.9437 0.9134
v  -0.7569 -0.9437 0.9208
v  -0.8362 -0.9437 0.8355
v  -0.8436 -0.9437 0.8422
v  -0.9140 -0.9437 0.7495
v  -0.9221 -0.9437 0.7554
v  -0.9831 -0.9437 0.6563
v  -0.9917 -0.9437 0.6614
v  -1.0427 -0.9437 0.5568
v  -1.0518 -0.9437 0.5611
v  -1.0923 -0.9437 0.4519
v  -1.1017 -0.9437 0.4553
v  -1.1314 -0.9437 0.3427
v  -1.1411 -0.9437 0.3451
v  -1.1595 -0.9437 0.2301
v  -1.1694 -0.9437 0.2316
v  -1.1765 -0.9437 0.1154
v  -1.1865 -0.9437 0.1159
v  -1.1822 -0.9437 -0.0005
v  -1.1922 -0.9437 -0.0010
v  -1.1765 -0.9437 -0.1164
v  -1.1864 -0.9437 -0.1178
v  -1.1595 -0.9437 -0.2311
v  -1.1692 -0.9437 -0.2335
v  -1.1312 -0.9437 -0.3436
v  -1.1407 -0.9437 -0.3470
v  -1.0921 -0.9437 -0.4528
v  -1.1012 -0.9437 -0.4571
v  -1.0425 -0.9437 -0.5577
v  -1.0511 -0.9437 -0.5628
v  -0.9829 -0.9437 -0.6572
v  -0.9909 -0.9437 -0.6631
v  -0.9137 -0.9437 -0.7504
v  -0.9212 -0.9437 -0.7571
v  -0.8358 -0.9437 -0.8363
v  -0.8425 -0.9437 -0.8437
v  -0.7499 -0.9437 -0.9142
v  -0.7558 -0.9437 -0.9222
v  -0.6567 -0.9437 -0.9833
v  -0.6618 -0.9437 -0.9918
v  -0.5571 -0.9437 -1.0429
v  -0.5614 -0.9437 -1.0519
v  -0.4523 -0.9437 -1.0925
v  -0.4556 -0.9437 -1.1019
v  -0.3430 -0.9437 -1.1315
v  -0.3455 -0.9437 -1.1412
v  -0.2305 -0.9437 -1.1597
v  -0.2320 -0.9437 -1.1696
v  -0.1158 -0.9437 -1.1767
v  -0.1162 -0.9437 -1.1867
v  0.0000 -0.9086 1.1429
v  0.0000 -0.8991 1.1397
v  0.1124 -0.9091 1.1370
v  0.1120 -0.8996 1.1338
v  0.2232 -0.9093 1.1203
v  0.2226 -0.8999 1.1171
v  0.3321 -0.9090 1.0932
v  0.3311 -0.8996 1.0902
v  0.4376 -0.9091 1.0554
v  0.4364 -0.8996 1.0524
v  0.5390 -0.9091 1.0074
v  0.5375 -0.8997 1.0046
v  0.6352 -0.9091 0.9497
v  0.6334 -0.8997 0.9471
v  0.7252 -0.9091 0.8829
v  0.7232 -0.8996 0.8805
v  0.8084 -0.9090 0.8077
v  0.8061 -0.8995 0.8054
v  0.8836 -0.9092 0.7245
v  0.8811 -0.8997 0.7224
v  0.9502 -0.9093 0.6343
v  0.9476 -0.8998 0.6325
v  1.0078 -0.9094 0.5381
v  1.0050 -0.8999 0.5366
v  1.0557 -0.9095 0.4367
v  1.0527 -0.9000 0.4355
v  1.0934 -0.9095 0.3311
v  1.0903 -0.9000 0.3302
v  1.1203 -0.9098 0.2223
v  1.1172 -0.9004 0.2217
v  1.1369 -0.9096 0.1115
v  1.1337 -0.9002 0.1112
v  1.1427 -0.9093 -0.0005
v  1.1394 -0.8998 -0.0005
v  1.1368 -0.9097 -0.1124
v  1.1336 -0.9002 -0.1121
v  1.1201 -0.9099 -0.2233
v  1.1170 -0.9005 -0.2226
v  1.0931 -0.9096 -0.3321
v  1.0900 -0.9002 -0.3311
v  1.0553 -0.9096 -0.4376
v  1.0524 -0.9002 -0.4364
v  1.0074 -0.9096 -0.5389
v  1.0046 -0.9002 -0.5374
v  0.9498 -0.9096 -0.6351
v  0.9471 -0.9001 -0.6333
v  0.8831 -0.9095 -0.7252
v  0.8806 -0.9000 -0.7231
v  0.8078 -0.9093 -0.8083
v  0.8056 -0.8999 -0.8060
v  0.7247 -0.9095 -0.8835
v  0.7226 -0.9000 -0.8810
v  0.6346 -0.9095 -0.9502
v  0.6328 -0.9001 -0.9475
v  0.5384 -0.9096 -1.0078
v  0.5369 -0.9001 -1.0050
v  0.4371 -0.9095 -1.0557
v  0.4358 -0.9001 -1.0527
v  0.3315 -0.9095 -1.0935
v  0.3306 -0.9000 -1.0904
v  0.2227 -0.9098 -1.1205
v  0.2221 -0.9003 -1.1173
v  0.1119 -0.9095 -1.1371
v  0.1116 -0.9001 -1.1339
v  0.0000 -0.9091 -1.1430
v  0.0000 -0.8997 -1.1397
v  -0.1123 -0.9092 1.1368
v  -0.1120 -0.8998 1.1336
v  -0.2232 -0.9095 1.1201
v  -0.2226 -0.9001 1.1169
v  -0.3321 -0.9089 1.0934
v  -0.3312 -0.8994 1.0903
v  -0.4377 -0.9089 1.0556
v  -0.4365 -0.8994 1.0526
v  -0.5391 -0.9088 1.0076
v  -0.5376 -0.8994 1.0048
v  -0.6353 -0.9088 0.9500
v  -0.6335 -0.8993 0.9473
v  -0.7255 -0.9087 0.8832
v  -0.7234 -0.8992 0.8807
v  -0.8086 -0.9086 0.8080
v  -0.8064 -0.8991 0.8057
v  -0.8839 -0.9087 0.7247
v  -0.8814 -0.8992 0.7227
v  -0.9506 -0.9088 0.6346
v  -0.9479 -0.8993 0.6328
v  -1.0082 -0.9088 0.5383
v  -1.0054 -0.8994 0.5368
v  -1.0561 -0.9089 0.4369
v  -1.0531 -0.8994 0.4357
v  -1.0939 -0.9089 0.3313
v  -1.0908 -0.8994 0.3304
v  -1.1205 -0.9096 0.2224
v  -1.1174 -0.9001 0.2217
v  -1.1369 -0.9096 0.1115
v  -1.1337 -0.9001 0.1112
v  -1.1424 -0.9096 -0.0005
v  -1.1392 -0.9001 -0.0005
v  -1.1369 -0.9096 -0.1124
v  -1.1337 -0.9001 -0.1121
v  -1.1204 -0.9096 -0.2233
v  -1.1172 -0.9001 -0.2227
v  -1.0936 -0.9090 -0.3322
v  -1.0905 -0.8996 -0.3313
v  -1.0558 -0.9091 -0.4378
v  -1.0528 -0.8996 -0.4365
v  -1.0078 -0.9091 -0.5391
v  -1.0050 -0.8996 -0.5376
v  -0.9501 -0.9091 -0.6353
v  -0.9475 -0.8996 -0.6335
v  -0.8834 -0.9090 -0.7254
v  -0.8809 -0.8996 -0.7234
v  -0.8081 -0.9089 -0.8086
v  -0.8058 -0.8995 -0.8063
v  -0.7249 -0.9090 -0.8838
v  -0.7229 -0.8996 -0.8813
v  -0.6348 -0.9092 -0.9505
v  -0.6330 -0.8997 -0.9478
v  -0.5385 -0.9093 -1.0080
v  -0.5370 -0.8998 -1.0052
v  -0.4371 -0.9093 -1.0559
v  -0.4359 -0.8998 -1.0529
v  -0.3316 -0.9093 -1.0937
v  -0.3306 -0.8999 -1.0906
v  -0.2227 -0.9096 -1.1206
v  -0.2221 -0.9002 -1.1174
v  -0.1119 -0.9094 -1.1372
v  -0.1116 -0.9000 -1.1340
v  -0.0000 -0.4628 0.9908
v  -0.0000 -0.4628 0.9808
v  -0.0002 -0.4723 0.9941
v  0.0974 -0.4628 0.9857
v  0.0976 -0.4723 0.9889
v  0.0959 -0.4628 0.9758
v  0.1935 -0.4628 0.9712
v  0.1940 -0.4723 0.9744
v  0.1911 -0.4628 0.9615
v  0.2879 -0.4628 0.9478
v  0.2887 -0.4723 0.9509
v  0.2850 -0.4628 0.9382
v  0.3794 -0.4628 0.9150
v  0.3805 -0.4723 0.9180
v  0.3751 -0.4628 0.9060
v  0.4673 -0.4628 0.8734
v  0.4687 -0.4723 0.8763
v  0.4621 -0.4628 0.8648
v  0.5507 -0.4628 0.8234
v  0.5523 -0.4723 0.8261
v  0.5447 -0.4628 0.8153
v  0.6288 -0.4628 0.7655
v  0.6307 -0.4723 0.7681
v  0.6221 -0.4628 0.7581
v  0.7008 -0.4628 0.7002
v  0.7030 -0.4723 0.7026
v  0.6934 -0.4628 0.6935
v  0.7660 -0.4628 0.6281
v  0.7684 -0.4723 0.6302
v  0.7580 -0.4628 0.6221
v  0.8239 -0.4628 0.5499
v  0.8265 -0.4723 0.5518
v  0.8153 -0.4628 0.5448
v  0.8737 -0.4628 0.4665
v  0.8765 -0.4723 0.4681
v  0.8647 -0.4628 0.4622
v  0.9153 -0.4628 0.3786
v  0.9182 -0.4723 0.3800
v  0.9058 -0.4628 0.3752
v  0.9480 -0.4628 0.2871
v  0.9510 -0.4723 0.2881
v  0.9384 -0.4628 0.2842
v  0.9713 -0.4628 0.1927
v  0.9744 -0.4723 0.1935
v  0.9614 -0.4628 0.1912
v  0.9857 -0.4628 0.0966
v  0.9889 -0.4723 0.0971
v  0.9757 -0.4628 0.0961
v  0.9907 -0.4628 -0.0005
v  0.9939 -0.4723 -0.0003
v  0.9807 -0.4628 -0.0005
v  0.9856 -0.4628 -0.0975
v  0.9888 -0.4723 -0.0977
v  0.9757 -0.4628 -0.0960
v  0.9711 -0.4628 -0.1936
v  0.9743 -0.4723 -0.1941
v  0.9614 -0.4628 -0.1912
v  0.9477 -0.4628 -0.2879
v  0.9509 -0.4723 -0.2887
v  0.9383 -0.4628 -0.2846
v  0.9151 -0.4628 -0.3795
v  0.9181 -0.4723 -0.3806
v  0.9059 -0.4628 -0.3757
v  0.8735 -0.4628 -0.4673
v  0.8764 -0.4723 -0.4687
v  0.8649 -0.4628 -0.4622
v  0.8235 -0.4628 -0.5507
v  0.8262 -0.4723 -0.5523
v  0.8154 -0.4628 -0.5447
v  0.7656 -0.4628 -0.6288
v  0.7682 -0.4723 -0.6307
v  0.7579 -0.4628 -0.6224
v  0.7002 -0.4628 -0.7007
v  0.7026 -0.4723 -0.7029
v  0.6935 -0.4628 -0.6933
v  0.6283 -0.4628 -0.7660
v  0.6304 -0.4723 -0.7684
v  0.6223 -0.4628 -0.7580
v  0.5502 -0.4628 -0.8239
v  0.5521 -0.4723 -0.8265
v  0.5450 -0.4628 -0.8153
v  0.4668 -0.4628 -0.8739
v  0.4685 -0.4723 -0.8766
v  0.4625 -0.4628 -0.8648
v  0.3789 -0.4628 -0.9154
v  0.3803 -0.4723 -0.9183
v  0.3756 -0.4628 -0.9060
v  0.2874 -0.4628 -0.9481
v  0.2885 -0.4723 -0.9512
v  0.2845 -0.4628 -0.9386
v  0.1931 -0.4628 -0.9714
v  0.1938 -0.4723 -0.9746
v  0.1916 -0.4628 -0.9616
v  0.0970 -0.4628 -0.9857
v  0.0974 -0.4723 -0.9889
v  0.0964 -0.4628 -0.9757
v  -0.0000 -0.4628 -0.9908
v  0.0001 -0.4723 -0.9941
v  -0.0000 -0.4628 -0.9808
v  -0.0974 -0.4628 0.9856
v  -0.0969 -0.4628 0.9756
v  -0.0979 -0.4723 0.9888
v  -0.1935 -0.4628 0.9711
v  -0.1920 -0.4628 0.9612
v  -0.1943 -0.4723 0.9742
v  -0.2879 -0.4628 0.9479
v  -0.2851 -0.4628 0.9384
v  -0.2890 -0.4723 0.9510
v  -0.3795 -0.4628 0.9152
v  -0.3761 -0.4628 0.9057
v  -0.3809 -0.4723 0.9181
v  -0.4674 -0.4628 0.8736
v  -0.4631 -0.4628 0.8645
v  -0.4691 -0.4723 0.8764
v  -0.5508 -0.4628 0.8236
v  -0.5457 -0.4628 0.8150
v  -0.5527 -0.4723 0.8262
v  -0.6290 -0.4628 0.7657
v  -0.6230 -0.4628 0.7577
v  -0.6311 -0.4723 0.7681
v  -0.7011 -0.4628 0.7005
v  -0.6940 -0.4628 0.6934
v  -0.7035 -0.4723 0.7026
v  -0.7663 -0.4628 0.6283
v  -0.7589 -0.4628 0.6216
v  -0.7689 -0.4723 0.6302
v  -0.8242 -0.4628 0.5501
v  -0.8162 -0.4628 0.5442
v  -0.8270 -0.4723 0.5518
v  -0.8741 -0.4628 0.4667
v  -0.8656 -0.4628 0.4616
v  -0.8770 -0.4723 0.4681
v  -0.9157 -0.4628 0.3788
v  -0.9066 -0.4628 0.3745
v  -0.9187 -0.4723 0.3799
v  -0.9484 -0.4628 0.2872
v  -0.9388 -0.4628 0.2843
v  -0.9515 -0.4723 0.2880
v  -0.9715 -0.4628 0.1928
v  -0.9618 -0.4628 0.1904
v  -0.9747 -0.4723 0.1932
v  -0.9857 -0.4628 0.0966
v  -0.9759 -0.4628 0.0952
v  -0.9890 -0.4723 0.0968
v  -0.9905 -0.4628 -0.0005
v  -0.9805 -0.4628 -0.0009
v  -0.9937 -0.4723 -0.0006
v  -0.9857 -0.4628 -0.0975
v  -0.9757 -0.4628 -0.0970
v  -0.9889 -0.4723 -0.0980
v  -0.9714 -0.4628 -0.1937
v  -0.9615 -0.4628 -0.1922
v  -0.9745 -0.4723 -0.1944
v  -0.9482 -0.4628 -0.2881
v  -0.9386 -0.4628 -0.2852
v  -0.9512 -0.4723 -0.2891
v  -0.9154 -0.4628 -0.3796
v  -0.9060 -0.4628 -0.3762
v  -0.9183 -0.4723 -0.3810
v  -0.8738 -0.4628 -0.4675
v  -0.8647 -0.4628 -0.4632
v  -0.8766 -0.4723 -0.4691
v  -0.8238 -0.4628 -0.5509
v  -0.8152 -0.4628 -0.5457
v  -0.8264 -0.4723 -0.5528
v  -0.7659 -0.4628 -0.6290
v  -0.7579 -0.4628 -0.6230
v  -0.7683 -0.4723 -0.6311
v  -0.7006 -0.4628 -0.7011
v  -0.6932 -0.4628 -0.6944
v  -0.7028 -0.4723 -0.7034
v  -0.6285 -0.4628 -0.7663
v  -0.6218 -0.4628 -0.7589
v  -0.6304 -0.4723 -0.7689
v  -0.5503 -0.4628 -0.8241
v  -0.5444 -0.4628 -0.8161
v  -0.5520 -0.4723 -0.8269
v  -0.4669 -0.4628 -0.8740
v  -0.4618 -0.4628 -0.8654
v  -0.4683 -0.4723 -0.8769
v  -0.3790 -0.4628 -0.9155
v  -0.3747 -0.4628 -0.9065
v  -0.3801 -0.4723 -0.9186
v  -0.2875 -0.4628 -0.9482
v  -0.2846 -0.4628 -0.9387
v  -0.2883 -0.4723 -0.9514
v  -0.1931 -0.4628 -0.9716
v  -0.1907 -0.4628 -0.9619
v  -0.1936 -0.4723 -0.9748
v  -0.0970 -0.4628 -0.9858
v  -0.0955 -0.4628 -0.9759
v  -0.0972 -0.4723 -0.9890
v  0.0000 -0.9288 3.1712
v  -0.0005 -0.9288 3.1613
v  0.3118 -0.9287 3.1560
v  0.3103 -0.9288 3.1461
v  0.6196 -0.9287 3.1102
v  0.6172 -0.9288 3.1005
v  0.9215 -0.9287 3.0346
v  0.9181 -0.9288 3.0251
v  1.2145 -0.9287 2.9297
v  1.2102 -0.9288 2.9206
v  1.4958 -0.9287 2.7965
v  1.4907 -0.9288 2.7880
v  1.7627 -0.9287 2.6365
v  1.7568 -0.9288 2.6285
v  2.0127 -0.9287 2.4510
v  2.0059 -0.9288 2.4436
v  2.2432 -0.9287 2.2420
v  2.2358 -0.9288 2.2353
v  2.4522 -0.9287 2.0114
v  2.4441 -0.9288 2.0054
v  2.6375 -0.9287 1.7614
v  2.6289 -0.9288 1.7562
v  2.7974 -0.9287 1.4944
v  2.7884 -0.9288 1.4901
v  2.9305 -0.9287 1.2130
v  2.9210 -0.9288 1.2097
v  3.0352 -0.9287 0.9200
v  3.0255 -0.9288 0.9175
v  3.1108 -0.9287 0.6181
v  3.1009 -0.9288 0.6166
v  3.1564 -0.9287 0.3102
v  3.1464 -0.9288 0.3097
v  3.1716 -0.9287 -0.0006
v  3.1616 -0.9288 -0.0001
v  3.1563 -0.9287 -0.3115
v  3.1464 -0.9288 -0.3100
v  3.1106 -0.9287 -0.6193
v  3.1009 -0.9288 -0.6169
v  3.0349 -0.9287 -0.9212
v  3.0255 -0.9288 -0.9178
v  2.9300 -0.9287 -1.2142
v  2.9209 -0.9288 -1.2099
v  2.7969 -0.9287 -1.4955
v  2.7883 -0.9288 -1.4904
v  2.6368 -0.9287 -1.7624
v  2.6288 -0.9288 -1.7564
v  2.4514 -0.9287 -2.0123
v  2.4440 -0.9288 -2.0056
v  2.2423 -0.9287 -2.2429
v  2.2356 -0.9288 -2.2355
v  2.0117 -0.9287 -2.4518
v  2.0057 -0.9288 -2.4438
v  1.7617 -0.9287 -2.6372
v  1.7566 -0.9288 -2.6286
v  1.4947 -0.9287 -2.7971
v  1.4904 -0.9288 -2.7881
v  1.2134 -0.9287 -2.9301
v  1.2100 -0.9288 -2.9207
v  0.9203 -0.9287 -3.0349
v  0.9179 -0.9288 -3.0252
v  0.6184 -0.9287 -3.1105
v  0.6169 -0.9288 -3.1006
v  0.3106 -0.9287 -3.1561
v  0.3101 -0.9288 -3.1461
v  0.0000 -0.9288 -3.1713
v  0.0005 -0.9289 -3.1613
v  -0.3118 -0.9288 3.1560
v  -0.3113 -0.9288 3.1460
v  -0.6196 -0.9288 3.1102
v  -0.6181 -0.9288 3.1003
v  -0.9215 -0.9288 3.0346
v  -0.9191 -0.9288 3.0249
v  -1.2145 -0.9288 2.9297
v  -1.2111 -0.9288 2.9202
v  -1.4958 -0.9288 2.7965
v  -1.4915 -0.9288 2.7875
v  -1.7627 -0.9288 2.6365
v  -1.7576 -0.9288 2.6279
v  -2.0127 -0.9288 2.4510
v  -2.0067 -0.9288 2.4430
v  -2.2432 -0.9288 2.2420
v  -2.2365 -0.9288 2.2346
v  -2.4522 -0.9287 2.0114
v  -2.4448 -0.9288 2.0047
v  -2.6375 -0.9288 1.7614
v  -2.6295 -0.9288 1.7554
v  -2.7974 -0.9288 1.4944
v  -2.7889 -0.9288 1.4892
v  -2.9305 -0.9288 1.2130
v  -2.9214 -0.9288 1.2087
v  -3.0352 -0.9288 0.9200
v  -3.0258 -0.9288 0.9166
v  -3.1108 -0.9288 0.6181
v  -3.1011 -0.9288 0.6156
v  -3.1564 -0.9288 0.3102
v  -3.1465 -0.9288 0.3088
v  -3.1716 -0.9288 -0.0006
v  -3.1616 -0.9288 -0.0011
v  -3.1563 -0.9288 -0.3115
v  -3.1463 -0.9288 -0.3110
v  -3.1106 -0.9288 -0.6193
v  -3.1007 -0.9288 -0.6178
v  -3.0349 -0.9288 -0.9212
v  -3.0252 -0.9288 -0.9187
v  -2.9300 -0.9288 -1.2142
v  -2.9206 -0.9288 -1.2108
v  -2.7969 -0.9288 -1.4955
v  -2.7878 -0.9288 -1.4912
v  -2.6368 -0.9288 -1.7624
v  -2.6282 -0.9288 -1.7573
v  -2.4514 -0.9287 -2.0123
v  -2.4433 -0.9288 -2.0064
v  -2.2423 -0.9288 -2.2429
v  -2.2349 -0.9288 -2.2362
v  -2.0117 -0.9288 -2.4519
v  -2.0050 -0.9288 -2.4444
v  -1.7617 -0.9288 -2.6372
v  -1.7557 -0.9288 -2.6292
v  -1.4947 -0.9288 -2.7971
v  -1.4896 -0.9288 -2.7886
v  -1.2134 -0.9288 -2.9301
v  -1.2091 -0.9288 -2.9211
v  -0.9203 -0.9287 -3.0349
v  -0.9169 -0.9288 -3.0255
v  -0.6184 -0.9287 -3.1105
v  -0.6160 -0.9288 -3.1008
v  -0.3105 -0.9288 -3.1561
v  -0.3091 -0.9288 -3.1462
v  0.0003 -0.6812 1.0981
v  0.1078 -0.6812 1.0926
v  0.2143 -0.6812 1.0766
v  0.3188 -0.6812 1.0504
v  0.4201 -0.6812 1.0141
v  0.5174 -0.6812 0.9680
v  0.6098 -0.6812 0.9127
v  0.6963 -0.6812 0.8486
v  0.7762 -0.6812 0.7764
v  0.8484 -0.6812 0.6965
v  0.9125 -0.6813 0.6100
v  0.9678 -0.6813 0.5176
v  1.0138 -0.6813 0.4203
v  1.0501 -0.6813 0.3190
v  1.0764 -0.6812 0.2145
v  1.0923 -0.6812 0.1080
v  1.0977 -0.6812 0.0005
v  1.0924 -0.6812 -0.1071
v  1.0765 -0.6812 -0.2136
v  1.0504 -0.6812 -0.3181
v  1.0142 -0.6812 -0.4195
v  0.9682 -0.6811 -0.5169
v  0.9129 -0.6811 -0.6093
v  0.8489 -0.6811 -0.6959
v  0.7766 -0.6811 -0.7759
v  0.6968 -0.6811 -0.8482
v  0.6102 -0.6811 -0.9124
v  0.5178 -0.6810 -0.9678
v  0.4204 -0.6810 -1.0139
v  0.3190 -0.6810 -1.0503
v  0.2145 -0.6810 -1.0765
v  0.1079 -0.6810 -1.0925
v  0.0003 -0.6809 -1.0980
v  -0.1074 -0.6809 -1.0926
v  -0.2140 -0.6809 -1.0768
v  -0.3186 -0.6809 -1.0506
v  -0.4201 -0.6809 -1.0143
v  -0.5175 -0.6809 -0.9682
v  -0.6100 -0.6809 -0.9129
v  -0.6967 -0.6809 -0.8487
v  -0.7766 -0.6809 -0.7764
v  -0.8490 -0.6809 -0.6965
v  -0.9131 -0.6809 -0.6098
v  -0.9685 -0.6809 -0.5173
v  -1.0146 -0.6810 -0.4199
v  -1.0509 -0.6810 -0.3184
v  -1.0771 -0.6810 -0.2138
v  -1.0929 -0.6809 -0.1072
v  -1.0983 -0.6809 0.0005
v  -1.0928 -0.6809 0.1081
v  -1.0769 -0.6810 0.2147
v  -1.0506 -0.6810 0.3193
v  -1.0142 -0.6810 0.4207
v  -0.9681 -0.6810 0.5181
v  -0.9127 -0.6810 0.6105
v  -0.8485 -0.6810 0.6971
v  -0.7762 -0.6810 0.7769
v  -0.6962 -0.6811 0.8492
v  -0.6096 -0.6811 0.9132
v  -0.5171 -0.6811 0.9685
v  -0.4197 -0.6811 1.0145
v  -0.3183 -0.6811 1.0507
v  -0.2138 -0.6812 1.0769
v  -0.1073 -0.6812 1.0927
v  0.0003 -3.2977 1.1245
v  0.0003 -3.3033 1.1208
v  0.0003 -3.3074 1.1153
v  0.1104 -3.2976 1.1189
v  0.1101 -3.3032 1.1152
v  0.1096 -3.3073 1.1099
v  0.2195 -3.2975 1.1026
v  0.2188 -3.3032 1.0990
v  0.2178 -3.3073 1.0938
v  0.3265 -3.2975 1.0758
v  0.3254 -3.3031 1.0723
v  0.3239 -3.3073 1.0672
v  0.4303 -3.2974 1.0386
v  0.4289 -3.3031 1.0352
v  0.4268 -3.3072 1.0303
v  0.5299 -3.2974 0.9914
v  0.5282 -3.3031 0.9882
v  0.5257 -3.3072 0.9836
v  0.6245 -3.2975 0.9348
v  0.6225 -3.3031 0.9318
v  0.6196 -3.3072 0.9274
v  0.7131 -3.2975 0.8691
v  0.7108 -3.3031 0.8663
v  0.7074 -3.3073 0.8622
v  0.7949 -3.2976 0.7951
v  0.7923 -3.3032 0.7926
v  0.7885 -3.3073 0.7888
v  0.8688 -3.2975 0.7134
v  0.8660 -3.3032 0.7111
v  0.8619 -3.3073 0.7077
v  0.9345 -3.2975 0.6248
v  0.9315 -3.3031 0.6228
v  0.9271 -3.3072 0.6198
v  0.9911 -3.2974 0.5302
v  0.9880 -3.3031 0.5285
v  0.9833 -3.3072 0.5260
v  1.0383 -3.2974 0.4305
v  1.0350 -3.3031 0.4291
v  1.0301 -3.3072 0.4271
v  1.0755 -3.2975 0.3267
v  1.0720 -3.3031 0.3257
v  1.0669 -3.3073 0.3241
v  1.1023 -3.2975 0.2198
v  1.0988 -3.3031 0.2191
v  1.0935 -3.3073 0.2180
v  1.1186 -3.2976 0.1107
v  1.1150 -3.3032 0.1104
v  1.1096 -3.3073 0.1098
v  1.1242 -3.2977 0.0006
v  1.1205 -3.3033 0.0006
v  1.1150 -3.3074 0.0006
v  1.1187 -3.2976 -0.1096
v  1.1150 -3.3033 -0.1092
v  1.1096 -3.3074 -0.1087
v  1.1025 -3.2976 -0.2187
v  1.0989 -3.3033 -0.2179
v  1.0936 -3.3074 -0.2169
v  1.0757 -3.2976 -0.3257
v  1.0722 -3.3033 -0.3246
v  1.0670 -3.3074 -0.3230
v  1.0386 -3.2976 -0.4295
v  1.0352 -3.3033 -0.4281
v  1.0301 -3.3074 -0.4260
v  0.9915 -3.2976 -0.5293
v  0.9882 -3.3034 -0.5275
v  0.9834 -3.3075 -0.5249
v  0.9349 -3.2977 -0.6239
v  0.9318 -3.3034 -0.6218
v  0.9272 -3.3075 -0.6187
v  0.8693 -3.2978 -0.7126
v  0.8664 -3.3035 -0.7102
v  0.8620 -3.3076 -0.7066
v  0.7953 -3.2979 -0.7945
v  0.7926 -3.3036 -0.7917
v  0.7886 -3.3076 -0.7877
v  0.7136 -3.2979 -0.8685
v  0.7111 -3.3036 -0.8655
v  0.7075 -3.3076 -0.8612
v  0.6250 -3.2978 -0.9343
v  0.6228 -3.3036 -0.9310
v  0.6196 -3.3076 -0.9263
v  0.5303 -3.2978 -0.9910
v  0.5285 -3.3036 -0.9876
v  0.5258 -3.3076 -0.9826
v  0.4306 -3.2978 -1.0383
v  0.4291 -3.3036 -1.0346
v  0.4269 -3.3077 -1.0294
v  0.3267 -3.2979 -1.0755
v  0.3256 -3.3037 -1.0717
v  0.3239 -3.3077 -1.0662
v  0.2197 -3.2979 -1.1024
v  0.2189 -3.3037 -1.0985
v  0.2178 -3.3077 -1.0928
v  0.1105 -3.2980 -1.1187
v  0.1101 -3.3038 -1.1147
v  0.1096 -3.3078 -1.1089
v  0.0003 -3.2981 -1.1243
v  0.0003 -3.3039 -1.1202
v  0.0003 -3.3079 -1.1144
v  -0.1099 -3.2980 -1.1188
v  -0.1096 -3.3039 -1.1148
v  -0.1090 -3.3078 -1.1090
v  -0.2191 -3.2980 -1.1026
v  -0.2183 -3.3039 -1.0986
v  -0.2172 -3.3078 -1.0929
v  -0.3262 -3.2980 -1.0758
v  -0.3250 -3.3039 -1.0719
v  -0.3233 -3.3078 -1.0663
v  -0.4301 -3.2980 -1.0386
v  -0.4286 -3.3039 -1.0348
v  -0.4263 -3.3078 -1.0294
v  -0.5300 -3.2980 -0.9915
v  -0.5280 -3.3039 -0.9878
v  -0.5253 -3.3079 -0.9827
v  -0.6247 -3.2981 -0.9348
v  -0.6224 -3.3039 -0.9313
v  -0.6191 -3.3079 -0.9264
v  -0.7134 -3.2981 -0.8690
v  -0.7108 -3.3040 -0.8658
v  -0.7070 -3.3079 -0.8613
v  -0.7953 -3.2982 -0.7950
v  -0.7923 -3.3040 -0.7920
v  -0.7881 -3.3080 -0.7878
v  -0.8693 -3.2981 -0.7131
v  -0.8661 -3.3040 -0.7105
v  -0.8616 -3.3079 -0.7067
v  -0.9351 -3.2981 -0.6244
v  -0.9316 -3.3039 -0.6221
v  -0.9267 -3.3079 -0.6188
v  -0.9918 -3.2980 -0.5297
v  -0.9881 -3.3039 -0.5278
v  -0.9830 -3.3079 -0.5250
v  -1.0389 -3.2980 -0.4299
v  -1.0351 -3.3039 -0.4283
v  -1.0297 -3.3078 -0.4261
v  -1.0761 -3.2980 -0.3259
v  -1.0722 -3.3039 -0.3248
v  -1.0666 -3.3078 -0.3231
v  -1.1029 -3.2980 -0.2189
v  -1.0989 -3.3039 -0.2181
v  -1.0932 -3.3078 -0.2169
v  -1.1191 -3.2981 -0.1097
v  -1.1151 -3.3039 -0.1093
v  -1.1092 -3.3078 -0.1087
v  -1.1246 -3.2981 0.0006
v  -1.1205 -3.3039 0.0006
v  -1.1146 -3.3079 0.0006
v  -1.1190 -3.2980 0.1108
v  -1.1150 -3.3038 0.1104
v  -1.1092 -3.3078 0.1099
v  -1.1027 -3.2979 0.2200
v  -1.0988 -3.3038 0.2192
v  -1.0931 -3.3077 0.2181
v  -1.0758 -3.2979 0.3270
v  -1.0720 -3.3037 0.3259
v  -1.0665 -3.3077 0.3242
v  -1.0386 -3.2978 0.4309
v  -1.0349 -3.3037 0.4294
v  -1.0297 -3.3077 0.4272
v  -0.9913 -3.2978 0.5306
v  -0.9879 -3.3036 0.5288
v  -0.9829 -3.3076 0.5261
v  -0.9346 -3.2978 0.6252
v  -0.9313 -3.3036 0.6231
v  -0.9266 -3.3076 0.6199
v  -0.8688 -3.2979 0.7139
v  -0.8658 -3.3036 0.7114
v  -0.8615 -3.3076 0.7078
v  -0.7948 -3.2979 0.7956
v  -0.7920 -3.3036 0.7929
v  -0.7880 -3.3076 0.7889
v  -0.7129 -3.2978 0.8696
v  -0.7105 -3.3036 0.8667
v  -0.7069 -3.3076 0.8623
v  -0.6242 -3.2977 0.9352
v  -0.6221 -3.3035 0.9321
v  -0.6190 -3.3075 0.9275
v  -0.5296 -3.2977 0.9919
v  -0.5278 -3.3034 0.9885
v  -0.5252 -3.3075 0.9837
v  -0.4298 -3.2976 1.0390
v  -0.4284 -3.3033 1.0355
v  -0.4263 -3.3074 1.0304
v  -0.3259 -3.2976 1.0761
v  -0.3249 -3.3033 1.0725
v  -0.3233 -3.3074 1.0673
v  -0.2190 -3.2976 1.1028
v  -0.2182 -3.3033 1.0992
v  -0.2172 -3.3074 1.0938
v  -0.1099 -3.2976 1.1190
v  -0.1095 -3.3033 1.1153
v  -0.1090 -3.3074 1.1099
v  0.1126 -0.9417 1.1408
v  0.1116 -0.8535 1.1313
v  0.1101 -0.7677 1.1154
v  0.0003 -0.7676 1.1210
v  0.0003 -0.8535 1.1370
v  0.0003 -0.9417 1.1465
v  0.2238 -0.9417 1.1242
v  0.2219 -0.8536 1.1148
v  0.2188 -0.7677 1.0992
v  0.3328 -0.9417 1.0968
v  0.3301 -0.8536 1.0877
v  0.3254 -0.7677 1.0724
v  0.4387 -0.9417 1.0588
v  0.4350 -0.8536 1.0501
v  0.4289 -0.7677 1.0353
v  0.5403 -0.9417 1.0108
v  0.5358 -0.8536 1.0024
v  0.5283 -0.7677 0.9883
v  0.6367 -0.9417 0.9530
v  0.6314 -0.8536 0.9451
v  0.6226 -0.7677 0.9318
v  0.7271 -0.9417 0.8861
v  0.7210 -0.8536 0.8787
v  0.7109 -0.7677 0.8664
v  0.8105 -0.9417 0.8107
v  0.8037 -0.8536 0.8040
v  0.7924 -0.7677 0.7926
v  0.8859 -0.9417 0.7273
v  0.8785 -0.8536 0.7213
v  0.8662 -0.7677 0.7111
v  0.9528 -0.9417 0.6369
v  0.9449 -0.8536 0.6316
v  0.9316 -0.7677 0.6228
v  1.0105 -0.9417 0.5405
v  1.0021 -0.8536 0.5360
v  0.9880 -0.7677 0.5285
v  1.0586 -0.9417 0.4389
v  1.0498 -0.8536 0.4352
v  1.0350 -0.7677 0.4291
v  1.0965 -0.9417 0.3330
v  1.0874 -0.8536 0.3303
v  1.0721 -0.7677 0.3256
v  1.1239 -0.9417 0.2240
v  1.1146 -0.8536 0.2221
v  1.0989 -0.7677 0.2190
v  1.1405 -0.9417 0.1128
v  1.1310 -0.8536 0.1119
v  1.1151 -0.7677 0.1103
v  1.1462 -0.9417 0.0005
v  1.1367 -0.8535 0.0005
v  1.1207 -0.7677 0.0005
v  1.1406 -0.9417 -0.1118
v  1.1311 -0.8536 -0.1109
v  1.1152 -0.7677 -0.1093
v  1.1241 -0.9417 -0.2230
v  1.1148 -0.8536 -0.2212
v  1.0991 -0.7677 -0.2181
v  1.0968 -0.9417 -0.3321
v  1.0877 -0.8535 -0.3294
v  1.0724 -0.7677 -0.3247
v  1.0589 -0.9417 -0.4380
v  1.0502 -0.8535 -0.4344
v  1.0354 -0.7676 -0.4283
v  1.0109 -0.9417 -0.5397
v  1.0026 -0.8535 -0.5352
v  0.9884 -0.7676 -0.5277
v  0.9532 -0.9417 -0.6362
v  0.9453 -0.8535 -0.6310
v  0.9320 -0.7676 -0.6221
v  0.8863 -0.9417 -0.7267
v  0.8790 -0.8535 -0.7207
v  0.8666 -0.7676 -0.7105
v  0.8109 -0.9417 -0.8102
v  0.8042 -0.8535 -0.8035
v  0.7929 -0.7676 -0.7921
v  0.7275 -0.9417 -0.8857
v  0.7215 -0.8535 -0.8783
v  0.7114 -0.7676 -0.8660
v  0.6372 -0.9417 -0.9527
v  0.6319 -0.8535 -0.9448
v  0.6230 -0.7676 -0.9315
v  0.5407 -0.9417 -1.0105
v  0.5362 -0.8535 -1.0022
v  0.5287 -0.7675 -0.9880
v  0.4390 -0.9417 -1.0587
v  0.4354 -0.8535 -1.0499
v  0.4292 -0.7675 -1.0351
v  0.3331 -0.9417 -1.0967
v  0.3303 -0.8534 -1.0876
v  0.3257 -0.7675 -1.0723
v  0.2240 -0.9417 -1.1241
v  0.2221 -0.8534 -1.1148
v  0.2190 -0.7675 -1.0991
v  0.1127 -0.9416 -1.1408
v  0.1117 -0.8534 -1.1313
v  0.1102 -0.7675 -1.1154
v  0.0003 -0.9416 -1.1465
v  0.0003 -0.8534 -1.1370
v  0.0003 -0.7675 -1.1210
v  -0.1121 -0.9416 -1.1409
v  -0.1112 -0.8534 -1.1314
v  -0.1096 -0.7675 -1.1155
v  -0.2235 -0.9416 -1.1243
v  -0.2216 -0.8534 -1.1150
v  -0.2185 -0.7675 -1.0993
v  -0.3326 -0.9416 -1.0970
v  -0.3299 -0.8534 -1.0879
v  -0.3252 -0.7675 -1.0726
v  -0.4386 -0.9416 -1.0591
v  -0.4350 -0.8534 -1.0503
v  -0.4289 -0.7674 -1.0355
v  -0.5404 -0.9416 -1.0110
v  -0.5359 -0.8534 -1.0027
v  -0.5284 -0.7674 -0.9885
v  -0.6370 -0.9416 -0.9532
v  -0.6317 -0.8534 -0.9453
v  -0.6228 -0.7674 -0.9320
v  -0.7275 -0.9416 -0.8863
v  -0.7214 -0.8534 -0.8789
v  -0.7113 -0.7674 -0.8665
v  -0.8110 -0.9416 -0.8108
v  -0.8043 -0.8533 -0.8040
v  -0.7929 -0.7674 -0.7927
v  -0.8865 -0.9416 -0.7273
v  -0.8791 -0.8534 -0.7212
v  -0.8668 -0.7674 -0.7111
v  -0.9535 -0.9416 -0.6368
v  -0.9456 -0.8534 -0.6315
v  -0.9322 -0.7674 -0.6226
v  -1.0113 -0.9416 -0.5402
v  -1.0029 -0.8534 -0.5357
v  -0.9888 -0.7675 -0.5282
v  -1.0594 -0.9416 -0.4384
v  -1.0506 -0.8534 -0.4348
v  -1.0358 -0.7675 -0.4287
v  -1.0973 -0.9416 -0.3325
v  -1.0882 -0.8534 -0.3297
v  -1.0729 -0.7675 -0.3250
v  -1.1246 -0.9416 -0.2233
v  -1.1153 -0.8534 -0.2214
v  -1.0996 -0.7675 -0.2183
v  -1.1412 -0.9416 -0.1119
v  -1.1317 -0.8534 -0.1110
v  -1.1158 -0.7674 -0.1094
v  -1.1468 -0.9416 0.0005
v  -1.1373 -0.8534 0.0005
v  -1.1213 -0.7674 0.0005
v  -1.1411 -0.9416 0.1129
v  -1.1316 -0.8534 0.1120
v  -1.1157 -0.7675 0.1104
v  -1.1244 -0.9416 0.2242
v  -1.1151 -0.8534 0.2224
v  -1.0994 -0.7675 0.2192
v  -1.0970 -0.9417 0.3333
v  -1.0879 -0.8534 0.3306
v  -1.0726 -0.7675 0.3259
v  -1.0590 -0.9417 0.4393
v  -1.0502 -0.8534 0.4356
v  -1.0355 -0.7675 0.4295
v  -1.0109 -0.9417 0.5410
v  -1.0025 -0.8534 0.5365
v  -0.9884 -0.7675 0.5289
v  -0.9530 -0.9417 0.6375
v  -0.9451 -0.8535 0.6322
v  -0.9318 -0.7675 0.6233
v  -0.8860 -0.9417 0.7278
v  -0.8787 -0.8535 0.7218
v  -0.8663 -0.7675 0.7117
v  -0.8105 -0.9417 0.8113
v  -0.8038 -0.8534 0.8045
v  -0.7924 -0.7675 0.7932
v  -0.7270 -0.9417 0.8867
v  -0.7210 -0.8535 0.8793
v  -0.7108 -0.7676 0.8670
v  -0.6365 -0.9417 0.9535
v  -0.6313 -0.8535 0.9456
v  -0.6224 -0.7676 0.9323
v  -0.5400 -0.9417 1.0113
v  -0.5355 -0.8535 1.0029
v  -0.5280 -0.7676 0.9888
v  -0.4383 -0.9417 1.0593
v  -0.4347 -0.8535 1.0505
v  -0.4285 -0.7676 1.0357
v  -0.3324 -0.9417 1.0971
v  -0.3296 -0.8535 1.0880
v  -0.3250 -0.7676 1.0727
v  -0.2233 -0.9417 1.1244
v  -0.2214 -0.8535 1.1151
v  -0.2183 -0.7676 1.0994
v  -0.1120 -0.9417 1.1409
v  -0.1111 -0.8535 1.1315
v  -0.1095 -0.7676 1.1155
v  0.0003 -1.0334 1.1495
v  0.0003 -1.0633 1.1492
v  0.1129 -1.0334 1.1439
v  0.1129 -1.0633 1.1436
v  0.2244 -1.0334 1.1273
v  0.2243 -1.0634 1.1270
v  0.3338 -1.0334 1.0999
v  0.3337 -1.0634 1.0996
v  0.4399 -1.0334 1.0619
v  0.4398 -1.0634 1.0616
v  0.5417 -1.0335 1.0135
v  0.5416 -1.0634 1.0132
v  0.6385 -1.0334 0.9556
v  0.6383 -1.0634 0.9553
v  0.7290 -1.0334 0.8884
v  0.7288 -1.0633 0.8882
v  0.8125 -1.0334 0.8127
v  0.8123 -1.0633 0.8125
v  0.8882 -1.0334 0.7292
v  0.8880 -1.0633 0.7290
v  0.9553 -1.0335 0.6386
v  0.9550 -1.0634 0.6384
v  1.0130 -1.0335 0.5418
v  1.0128 -1.0634 0.5417
v  1.0613 -1.0335 0.4400
v  1.0610 -1.0634 0.4399
v  1.0995 -1.0335 0.3339
v  1.0993 -1.0634 0.3339
v  1.1269 -1.0334 0.2246
v  1.1266 -1.0633 0.2245
v  1.1435 -1.0334 0.1131
v  1.1432 -1.0633 0.1131
v  1.1492 -1.0334 0.0005
v  1.1489 -1.0633 0.0005
v  1.1436 -1.0334 -0.1121
v  1.1433 -1.0633 -0.1121
v  1.1271 -1.0334 -0.2236
v  1.1268 -1.0633 -0.2236
v  1.0999 -1.0334 -0.3331
v  1.0996 -1.0634 -0.3330
v  1.0618 -1.0334 -0.4392
v  1.0615 -1.0633 -0.4391
v  1.0137 -1.0334 -0.5412
v  1.0135 -1.0634 -0.5411
v  0.9559 -1.0334 -0.6380
v  0.9556 -1.0634 -0.6378
v  0.8888 -1.0334 -0.7287
v  0.8885 -1.0634 -0.7285
v  0.8129 -1.0334 -0.8121
v  0.8126 -1.0633 -0.8119
v  0.7294 -1.0334 -0.8879
v  0.7292 -1.0634 -0.8877
v  0.6390 -1.0334 -0.9553
v  0.6388 -1.0634 -0.9551
v  0.5422 -1.0334 -1.0133
v  0.5420 -1.0634 -1.0130
v  0.4401 -1.0334 -1.0614
v  0.4400 -1.0633 -1.0611
v  0.3340 -1.0334 -1.0997
v  0.3339 -1.0634 -1.0994
v  0.2246 -1.0334 -1.1273
v  0.2246 -1.0634 -1.1270
v  0.1130 -1.0334 -1.1439
v  0.1130 -1.0634 -1.1436
v  0.0003 -1.0334 -1.1495
v  0.0003 -1.0634 -1.1492
v  -0.1124 -1.0334 -1.1439
v  -0.1124 -1.0634 -1.1436
v  -0.2241 -1.0334 -1.1273
v  -0.2240 -1.0634 -1.1270
v  -0.3335 -1.0334 -1.0999
v  -0.3334 -1.0634 -1.0996
v  -0.4398 -1.0334 -1.0619
v  -0.4397 -1.0634 -1.0616
v  -0.5418 -1.0334 -1.0137
v  -0.5417 -1.0634 -1.0134
v  -0.6387 -1.0334 -0.9557
v  -0.6385 -1.0634 -0.9555
v  -0.7294 -1.0334 -0.8886
v  -0.7292 -1.0634 -0.8884
v  -0.8131 -1.0334 -0.8129
v  -0.8129 -1.0634 -0.8127
v  -0.8888 -1.0334 -0.7292
v  -0.8886 -1.0634 -0.7290
v  -0.9560 -1.0334 -0.6385
v  -0.9557 -1.0634 -0.6383
v  -1.0139 -1.0334 -0.5416
v  -1.0137 -1.0634 -0.5415
v  -1.0622 -1.0334 -0.4396
v  -1.0619 -1.0634 -0.4395
v  -1.1002 -1.0334 -0.3333
v  -1.0999 -1.0633 -0.3332
v  -1.1276 -1.0334 -0.2239
v  -1.1273 -1.0634 -0.2238
v  -1.1442 -1.0334 -0.1122
v  -1.1439 -1.0634 -0.1122
v  -1.1499 -1.0334 0.0005
v  -1.1495 -1.0634 0.0005
v  -1.1441 -1.0334 0.1132
v  -1.1438 -1.0634 0.1132
v  -1.1274 -1.0334 0.2248
v  -1.1271 -1.0634 0.2247
v  -1.0999 -1.0334 0.3342
v  -1.0996 -1.0634 0.3341
v  -1.0618 -1.0334 0.4404
v  -1.0615 -1.0634 0.4403
v  -1.0135 -1.0334 0.5424
v  -1.0133 -1.0634 0.5422
v  -0.9555 -1.0334 0.6391
v  -0.9553 -1.0634 0.6390
v  -0.8883 -1.0334 0.7298
v  -0.8881 -1.0634 0.7296
v  -0.8126 -1.0334 0.8134
v  -0.8124 -1.0633 0.8132
v  -0.7289 -1.0334 0.8890
v  -0.7287 -1.0634 0.8888
v  -0.6382 -1.0334 0.9560
v  -0.6380 -1.0634 0.9558
v  -0.5414 -1.0335 1.0139
v  -0.5413 -1.0634 1.0136
v  -0.4394 -1.0334 1.0620
v  -0.4393 -1.0634 1.0618
v  -0.3332 -1.0334 1.1000
v  -0.3332 -1.0634 1.0997
v  -0.2239 -1.0334 1.1273
v  -0.2238 -1.0634 1.1270
v  -0.1123 -1.0334 1.1439
v  -0.1123 -1.0634 1.1436
v  0.0003 -3.2900 1.1261
v  0.0003 -3.2801 1.1262
v  0.1106 -3.2899 1.1205
v  0.1106 -3.2800 1.1206
v  0.2198 -3.2899 1.1041
v  0.2198 -3.2800 1.1042
v  0.3269 -3.2899 1.0772
v  0.3269 -3.2800 1.0773
v  0.4308 -3.2899 1.0400
v  0.4309 -3.2800 1.0401
v  0.5306 -3.2899 0.9928
v  0.5307 -3.2800 0.9929
v  0.6254 -3.2899 0.9360
v  0.6254 -3.2800 0.9361
v  0.7141 -3.2899 0.8703
v  0.7142 -3.2800 0.8704
v  0.7960 -3.2900 0.7963
v  0.7961 -3.2801 0.7964
v  0.8701 -3.2899 0.7144
v  0.8701 -3.2800 0.7144
v  0.9358 -3.2899 0.6256
v  0.9358 -3.2800 0.6257
v  0.9925 -3.2899 0.5309
v  0.9926 -3.2800 0.5310
v  1.0397 -3.2899 0.4311
v  1.0398 -3.2800 0.4312
v  1.0769 -3.2899 0.3272
v  1.0770 -3.2800 0.3272
v  1.1038 -3.2899 0.2201
v  1.1039 -3.2800 0.2201
v  1.1202 -3.2899 0.1109
v  1.1203 -3.2800 0.1109
v  1.1258 -3.2900 0.0006
v  1.1259 -3.2801 0.0006
v  1.1203 -3.2900 -0.1097
v  1.1204 -3.2800 -0.1097
v  1.1041 -3.2899 -0.2190
v  1.1042 -3.2800 -0.2190
v  1.0773 -3.2899 -0.3261
v  1.0774 -3.2800 -0.3261
v  1.0401 -3.2899 -0.4301
v  1.0402 -3.2800 -0.4302
v  0.9930 -3.2899 -0.5300
v  0.9931 -3.2800 -0.5301
v  0.9363 -3.2900 -0.6248
v  0.9364 -3.2800 -0.6249
v  0.8706 -3.2900 -0.7137
v  0.8707 -3.2800 -0.7138
v  0.7966 -3.2901 -0.7957
v  0.7966 -3.2801 -0.7958
v  0.7147 -3.2900 -0.8699
v  0.7147 -3.2800 -0.8699
v  0.6259 -3.2900 -0.9357
v  0.6260 -3.2800 -0.9358
v  0.5311 -3.2900 -0.9925
v  0.5312 -3.2800 -0.9926
v  0.4313 -3.2900 -1.0398
v  0.4313 -3.2800 -1.0399
v  0.3272 -3.2900 -1.0771
v  0.3273 -3.2800 -1.0772
v  0.2200 -3.2900 -1.1041
v  0.2201 -3.2800 -1.1042
v  0.1107 -3.2901 -1.1205
v  0.1107 -3.2800 -1.1206
v  0.0003 -3.2902 -1.1261
v  0.0003 -3.2801 -1.1262
v  -0.1101 -3.2901 -1.1206
v  -0.1101 -3.2800 -1.1207
v  -0.2195 -3.2901 -1.1043
v  -0.2195 -3.2800 -1.1044
v  -0.3267 -3.2901 -1.0775
v  -0.3268 -3.2800 -1.0776
v  -0.4308 -3.2901 -1.0403
v  -0.4309 -3.2800 -1.0404
v  -0.5308 -3.2901 -0.9930
v  -0.5308 -3.2800 -0.9931
v  -0.6257 -3.2901 -0.9363
v  -0.6257 -3.2800 -0.9363
v  -0.7145 -3.2901 -0.8705
v  -0.7146 -3.2801 -0.8706
v  -0.7966 -3.2902 -0.7963
v  -0.7967 -3.2801 -0.7964
v  -0.8708 -3.2901 -0.7143
v  -0.8708 -3.2800 -0.7144
v  -0.9366 -3.2901 -0.6254
v  -0.9366 -3.2800 -0.6255
v  -0.9933 -3.2901 -0.5305
v  -0.9934 -3.2800 -0.5306
v  -1.0406 -3.2901 -0.4306
v  -1.0407 -3.2800 -0.4306
v  -1.0778 -3.2901 -0.3265
v  -1.0779 -3.2800 -0.3265
v  -1.1047 -3.2900 -0.2192
v  -1.1048 -3.2800 -0.2192
v  -1.1209 -3.2901 -0.1099
v  -1.1210 -3.2800 -0.1099
v  -1.1264 -3.2902 0.0006
v  -1.1265 -3.2801 0.0006
v  -1.1208 -3.2901 0.1110
v  -1.1209 -3.2800 0.1110
v  -1.1044 -3.2900 0.2203
v  -1.1045 -3.2800 0.2203
v  -1.0775 -3.2900 0.3275
v  -1.0776 -3.2800 0.3275
v  -1.0401 -3.2900 0.4315
v  -1.0402 -3.2800 0.4316
v  -0.9928 -3.2900 0.5314
v  -0.9929 -3.2800 0.5315
v  -0.9360 -3.2900 0.6262
v  -0.9361 -3.2800 0.6262
v  -0.8702 -3.2900 0.7150
v  -0.8703 -3.2800 0.7150
v  -0.7960 -3.2901 0.7969
v  -0.7961 -3.2801 0.7969
v  -0.7140 -3.2900 0.8710
v  -0.7141 -3.2800 0.8710
v  -0.6252 -3.2900 0.9366
v  -0.6252 -3.2800 0.9367
v  -0.5303 -3.2900 0.9933
v  -0.5304 -3.2800 0.9934
v  -0.4304 -3.2899 1.0405
v  -0.4305 -3.2800 1.0405
v  -0.3264 -3.2899 1.0776
v  -0.3264 -3.2800 1.0777
v  -0.2193 -3.2899 1.1044
v  -0.2193 -3.2800 1.1045
v  -0.1100 -3.2900 1.1206
v  -0.1100 -3.2800 1.1207
v  0.1088 -3.3095 1.1023
v  0.1073 -3.3095 1.0924
v  0.0003 -3.3095 1.1076
v  -0.0002 -3.3095 1.0976
v  0.0003 -3.3095 1.0440
v  -0.0000 -3.3025 1.0369
v  -0.0002 -3.3095 1.0540
v  0.1026 -3.3095 1.0390
v  0.1031 -3.3095 1.0490
v  0.1015 -3.3025 1.0320
v  0.2163 -3.3095 1.0863
v  0.2138 -3.3095 1.0766
v  0.2039 -3.3095 1.0240
v  0.2053 -3.3095 1.0339
v  0.2021 -3.3025 1.0171
v  0.3217 -3.3095 1.0599
v  0.3183 -3.3095 1.0505
v  0.3032 -3.3095 0.9991
v  0.3056 -3.3095 1.0088
v  0.3008 -3.3025 0.9924
v  0.4239 -3.3095 1.0233
v  0.4197 -3.3095 1.0143
v  0.3996 -3.3095 0.9646
v  0.4030 -3.3095 0.9740
v  0.3966 -3.3025 0.9582
v  0.5221 -3.3095 0.9769
v  0.5170 -3.3095 0.9683
v  0.4922 -3.3095 0.9208
v  0.4964 -3.3095 0.9298
v  0.4885 -3.3025 0.9147
v  0.6153 -3.3095 0.9210
v  0.6094 -3.3095 0.9130
v  0.5800 -3.3095 0.8682
v  0.5851 -3.3095 0.8767
v  0.5758 -3.3025 0.8625
v  0.7026 -3.3095 0.8563
v  0.6959 -3.3095 0.8489
v  0.6622 -3.3095 0.8072
v  0.6682 -3.3095 0.8152
v  0.6575 -3.3025 0.8019
v  0.7831 -3.3095 0.7834
v  0.7757 -3.3095 0.7766
v  0.7381 -3.3095 0.7384
v  0.7448 -3.3095 0.7458
v  0.7329 -3.3025 0.7336
v  0.8560 -3.3095 0.7029
v  0.8480 -3.3095 0.6969
v  0.8069 -3.3095 0.6625
v  0.8143 -3.3095 0.6692
v  0.8012 -3.3025 0.6583
v  0.9208 -3.3095 0.6156
v  0.9122 -3.3095 0.6105
v  0.8679 -3.3095 0.5803
v  0.8759 -3.3095 0.5862
v  0.8618 -3.3025 0.5766
v  0.9766 -3.3095 0.5224
v  0.9676 -3.3095 0.5181
v  0.9205 -3.3095 0.4924
v  0.9291 -3.3095 0.4976
v  0.9141 -3.3025 0.4894
v  1.0231 -3.3095 0.4242
v  1.0136 -3.3095 0.4208
v  0.9643 -3.3095 0.3999
v  0.9733 -3.3095 0.4042
v  0.9576 -3.3025 0.3975
v  1.0597 -3.3095 0.3219
v  1.0500 -3.3095 0.3195
v  0.9988 -3.3095 0.3035
v  1.0082 -3.3095 0.3068
v  0.9919 -3.3025 0.3017
v  1.0860 -3.3095 0.2165
v  1.0762 -3.3095 0.2151
v  1.0237 -3.3095 0.2041
v  1.0334 -3.3095 0.2066
v  1.0167 -3.3025 0.2031
v  1.1020 -3.3095 0.1091
v  1.0920 -3.3095 0.1086
v  1.0387 -3.3095 0.1029
v  1.0486 -3.3095 0.1043
v  1.0316 -3.3025 0.1025
v  1.1073 -3.3095 0.0006
v  1.0973 -3.3095 0.0011
v  1.0437 -3.3095 0.0006
v  1.0537 -3.3095 0.0011
v  1.0366 -3.3025 0.0009
v  1.1020 -3.3095 -0.1079
v  1.0921 -3.3095 -0.1065
v  1.0387 -3.3095 -0.1017
v  1.0487 -3.3095 -0.1022
v  1.0317 -3.3025 -0.1007
v  1.0860 -3.3095 -0.2154
v  1.0763 -3.3095 -0.2130
v  1.0237 -3.3095 -0.2030
v  1.0336 -3.3095 -0.2045
v  1.0168 -3.3025 -0.2013
v  1.0597 -3.3095 -0.3208
v  1.0502 -3.3095 -0.3174
v  0.9988 -3.3095 -0.3023
v  1.0085 -3.3095 -0.3047
v  0.9921 -3.3025 -0.2999
v  1.0231 -3.3095 -0.4231
v  1.0140 -3.3095 -0.4188
v  0.9643 -3.3095 -0.3987
v  0.9737 -3.3095 -0.4021
v  0.9579 -3.3025 -0.3957
v  0.9766 -3.3095 -0.5213
v  0.9680 -3.3095 -0.5161
v  0.9205 -3.3095 -0.4913
v  0.9296 -3.3095 -0.4956
v  0.9144 -3.3025 -0.4876
v  0.9208 -3.3095 -0.6145
v  0.9127 -3.3095 -0.6085
v  0.8679 -3.3095 -0.5791
v  0.8765 -3.3095 -0.5843
v  0.8622 -3.3025 -0.5749
v  0.8560 -3.3095 -0.7017
v  0.8486 -3.3095 -0.6950
v  0.8069 -3.3095 -0.6614
v  0.8149 -3.3095 -0.6673
v  0.8016 -3.3025 -0.6566
v  0.7831 -3.3095 -0.7822
v  0.7764 -3.3095 -0.7748
v  0.7381 -3.3095 -0.7372
v  0.7455 -3.3095 -0.7440
v  0.7334 -3.3025 -0.7320
v  0.7026 -3.3095 -0.8552
v  0.6966 -3.3095 -0.8471
v  0.6622 -3.3095 -0.8060
v  0.6690 -3.3095 -0.8134
v  0.6580 -3.3025 -0.8003
v  0.6153 -3.3095 -0.9199
v  0.6102 -3.3095 -0.9113
v  0.5800 -3.3095 -0.8670
v  0.5860 -3.3095 -0.8750
v  0.5764 -3.3025 -0.8609
v  0.5222 -3.3095 -0.9757
v  0.5179 -3.3095 -0.9667
v  0.4922 -3.3095 -0.9196
v  0.4973 -3.3095 -0.9282
v  0.4891 -3.3025 -0.9132
v  0.4239 -3.3095 -1.0222
v  0.4206 -3.3095 -1.0128
v  0.3996 -3.3095 -0.9634
v  0.4039 -3.3095 -0.9725
v  0.3972 -3.3025 -0.9567
v  0.3217 -3.3095 -1.0588
v  0.3192 -3.3095 -1.0491
v  0.3032 -3.3095 -0.9979
v  0.3066 -3.3095 -1.0073
v  0.3015 -3.3025 -0.9910
v  0.2163 -3.3095 -1.0852
v  0.2148 -3.3095 -1.0753
v  0.2039 -3.3095 -1.0228
v  0.2063 -3.3095 -1.0325
v  0.2028 -3.3025 -1.0158
v  0.1088 -3.3095 -1.1011
v  0.1083 -3.3095 -1.0911
v  0.1026 -3.3095 -1.0378
v  0.1040 -3.3095 -1.0477
v  0.1022 -3.3025 -1.0307
v  0.0003 -3.3095 -1.1065
v  0.0008 -3.3095 -1.0965
v  0.0003 -3.3095 -1.0429
v  0.0008 -3.3095 -1.0528
v  0.0006 -3.3025 -1.0358
v  -0.1082 -3.3095 -1.1011
v  -0.1067 -3.3095 -1.0912
v  -0.1020 -3.3095 -1.0378
v  -0.1025 -3.3095 -1.0478
v  -0.1009 -3.3025 -1.0308
v  -0.2157 -3.3095 -1.0852
v  -0.2132 -3.3095 -1.0755
v  -0.2033 -3.3095 -1.0228
v  -0.2047 -3.3095 -1.0327
v  -0.2015 -3.3025 -1.0159
v  -0.3211 -3.3095 -1.0588
v  -0.3177 -3.3095 -1.0494
v  -0.3026 -3.3095 -0.9979
v  -0.3050 -3.3095 -1.0076
v  -0.3002 -3.3025 -0.9912
v  -0.4233 -3.3095 -1.0222
v  -0.4191 -3.3095 -1.0131
v  -0.3990 -3.3095 -0.9634
v  -0.4024 -3.3095 -0.9728
v  -0.3960 -3.3025 -0.9570
v  -0.5216 -3.3095 -0.9757
v  -0.5164 -3.3095 -0.9672
v  -0.4916 -3.3095 -0.9197
v  -0.4958 -3.3095 -0.9287
v  -0.4879 -3.3025 -0.9136
v  -0.6147 -3.3095 -0.9199
v  -0.6088 -3.3095 -0.9119
v  -0.5794 -3.3095 -0.8670
v  -0.5845 -3.3095 -0.8756
v  -0.5752 -3.3025 -0.8613
v  -0.7020 -3.3095 -0.8552
v  -0.6953 -3.3095 -0.8478
v  -0.6616 -3.3095 -0.8060
v  -0.6676 -3.3095 -0.8140
v  -0.6569 -3.3025 -0.8007
v  -0.7825 -3.3095 -0.7822
v  -0.7751 -3.3095 -0.7755
v  -0.7375 -3.3095 -0.7372
v  -0.7442 -3.3095 -0.7447
v  -0.7323 -3.3025 -0.7325
v  -0.8555 -3.3095 -0.7017
v  -0.8474 -3.3095 -0.6958
v  -0.8063 -3.3095 -0.6614
v  -0.8137 -3.3095 -0.6681
v  -0.8006 -3.3025 -0.6571
v  -0.9202 -3.3095 -0.6145
v  -0.9116 -3.3095 -0.6093
v  -0.8673 -3.3095 -0.5791
v  -0.8753 -3.3095 -0.5851
v  -0.8612 -3.3025 -0.5755
v  -0.9760 -3.3095 -0.5213
v  -0.9670 -3.3095 -0.5170
v  -0.9199 -3.3095 -0.4913
v  -0.9285 -3.3095 -0.4964
v  -0.9135 -3.3025 -0.4883
v  -1.0225 -3.3095 -0.4231
v  -1.0131 -3.3095 -0.4197
v  -0.9637 -3.3095 -0.3987
v  -0.9727 -3.3095 -0.4030
v  -0.9570 -3.3025 -0.3963
v  -1.0591 -3.3095 -0.3208
v  -1.0494 -3.3095 -0.3183
v  -0.9982 -3.3095 -0.3023
v  -1.0076 -3.3095 -0.3057
v  -0.9913 -3.3025 -0.3006
v  -1.0855 -3.3095 -0.2154
v  -1.0756 -3.3095 -0.2139
v  -1.0231 -3.3095 -0.2030
v  -1.0328 -3.3095 -0.2054
v  -1.0161 -3.3025 -0.2019
v  -1.1014 -3.3095 -0.1079
v  -1.0914 -3.3095 -0.1074
v  -1.0381 -3.3095 -0.1017
v  -1.0480 -3.3095 -0.1032
v  -1.0310 -3.3025 -0.1013
v  -1.1067 -3.3095 0.0006
v  -1.0967 -3.3095 0.0001
v  -1.0431 -3.3095 0.0006
v  -1.0531 -3.3095 0.0001
v  -1.0360 -3.3025 0.0002
v  -1.1014 -3.3095 0.1091
v  -1.0915 -3.3095 0.1076
v  -1.0381 -3.3095 0.1029
v  -1.0481 -3.3095 0.1033
v  -1.0311 -3.3025 0.1018
v  -1.0855 -3.3095 0.2165
v  -1.0758 -3.3095 0.2141
v  -1.0231 -3.3095 0.2041
v  -1.0330 -3.3095 0.2056
v  -1.0162 -3.3025 0.2024
v  -1.0591 -3.3095 0.3219
v  -1.0496 -3.3095 0.3186
v  -0.9982 -3.3095 0.3035
v  -1.0079 -3.3095 0.3059
v  -0.9915 -3.3025 0.3011
v  -1.0225 -3.3095 0.4242
v  -1.0134 -3.3095 0.4199
v  -0.9637 -3.3095 0.3999
v  -0.9731 -3.3095 0.4033
v  -0.9573 -3.3025 0.3968
v  -0.9760 -3.3095 0.5224
v  -0.9674 -3.3095 0.5173
v  -0.9199 -3.3095 0.4924
v  -0.9290 -3.3095 0.4967
v  -0.9138 -3.3025 0.4888
v  -0.9202 -3.3095 0.6156
v  -0.9121 -3.3095 0.6097
v  -0.8673 -3.3095 0.5803
v  -0.8759 -3.3095 0.5854
v  -0.8616 -3.3025 0.5760
v  -0.8554 -3.3095 0.7029
v  -0.8480 -3.3095 0.6962
v  -0.8063 -3.3095 0.6625
v  -0.8143 -3.3095 0.6685
v  -0.8010 -3.3025 0.6578
v  -0.7825 -3.3095 0.7834
v  -0.7758 -3.3095 0.7760
v  -0.7375 -3.3095 0.7384
v  -0.7449 -3.3095 0.7451
v  -0.7327 -3.3025 0.7331
v  -0.7020 -3.3095 0.8563
v  -0.6960 -3.3095 0.8483
v  -0.6616 -3.3095 0.8072
v  -0.6684 -3.3095 0.8146
v  -0.6574 -3.3025 0.8015
v  -0.6147 -3.3095 0.9210
v  -0.6096 -3.3095 0.9125
v  -0.5794 -3.3095 0.8682
v  -0.5854 -3.3095 0.8762
v  -0.5758 -3.3025 0.8621
v  -0.5215 -3.3095 0.9769
v  -0.5173 -3.3095 0.9678
v  -0.4916 -3.3095 0.9208
v  -0.4967 -3.3095 0.9294
v  -0.4885 -3.3025 0.9144
v  -0.4233 -3.3095 1.0233
v  -0.4200 -3.3095 1.0139
v  -0.3990 -3.3095 0.9646
v  -0.4033 -3.3095 0.9736
v  -0.3966 -3.3025 0.9579
v  -0.3211 -3.3095 1.0599
v  -0.3186 -3.3095 1.0502
v  -0.3026 -3.3095 0.9991
v  -0.3060 -3.3095 1.0085
v  -0.3009 -3.3025 0.9922
v  -0.2157 -3.3095 1.0863
v  -0.2142 -3.3095 1.0764
v  -0.2033 -3.3095 1.0240
v  -0.2057 -3.3095 1.0337
v  -0.2022 -3.3025 1.0169
v  -0.1082 -3.3095 1.1023
v  -0.1077 -3.3095 1.0923
v  -0.1020 -3.3095 1.0390
v  -0.1034 -3.3095 1.0489
v  -0.1016 -3.3025 1.0319
v  0.0003 -3.2741 1.0083
v  0.0003 -3.2641 1.0083
v  -0.0000 -3.2812 1.0154
v  0.0991 -3.2741 1.0035
v  0.0994 -3.2812 1.0106
v  0.0991 -3.2641 1.0035
v  0.1969 -3.2741 0.9890
v  0.1979 -3.2812 0.9960
v  0.1969 -3.2641 0.9890
v  0.2928 -3.2741 0.9649
v  0.2946 -3.2812 0.9718
v  0.2928 -3.2641 0.9649
v  0.3859 -3.2741 0.9316
v  0.3883 -3.2812 0.9383
v  0.3859 -3.2641 0.9316
v  0.4753 -3.2741 0.8893
v  0.4784 -3.2812 0.8958
v  0.4753 -3.2641 0.8893
v  0.5602 -3.2741 0.8385
v  0.5638 -3.2812 0.8446
v  0.5602 -3.2641 0.8385
v  0.6396 -3.2741 0.7796
v  0.6438 -3.2812 0.7853
v  0.6396 -3.2641 0.7796
v  0.7129 -3.2741 0.7132
v  0.7177 -3.2812 0.7184
v  0.7129 -3.2641 0.7132
v  0.7793 -3.2741 0.6399
v  0.7846 -3.2812 0.6447
v  0.7793 -3.2641 0.6399
v  0.8382 -3.2741 0.5605
v  0.8439 -3.2812 0.5647
v  0.8382 -3.2641 0.5605
v  0.8891 -3.2741 0.4756
v  0.8951 -3.2812 0.4793
v  0.8891 -3.2641 0.4756
v  0.9313 -3.2741 0.3862
v  0.9378 -3.2812 0.3893
v  0.9313 -3.2641 0.3862
v  0.9647 -3.2741 0.2931
v  0.9713 -3.2812 0.2955
v  0.9647 -3.2641 0.2931
v  0.9887 -3.2741 0.1972
v  0.9956 -3.2812 0.1989
v  0.9887 -3.2641 0.1972
v  1.0032 -3.2741 0.0994
v  1.0102 -3.2812 0.1004
v  1.0032 -3.2641 0.0994
v  1.0080 -3.2741 0.0006
v  1.0151 -3.2812 0.0009
v  1.0080 -3.2641 0.0006
v  1.0032 -3.2741 -0.0982
v  1.0103 -3.2812 -0.0985
v  1.0032 -3.2641 -0.0982
v  0.9887 -3.2741 -0.1960
v  0.9957 -3.2812 -0.1971
v  0.9887 -3.2641 -0.1960
v  0.9647 -3.2741 -0.2920
v  0.9715 -3.2812 -0.2937
v  0.9647 -3.2641 -0.2920
v  0.9313 -3.2741 -0.3851
v  0.9380 -3.2812 -0.3875
v  0.9313 -3.2641 -0.3851
v  0.8891 -3.2741 -0.4745
v  0.8955 -3.2812 -0.4775
v  0.8891 -3.2641 -0.4745
v  0.8382 -3.2741 -0.5593
v  0.8443 -3.2812 -0.5629
v  0.8382 -3.2641 -0.5593
v  0.7793 -3.2741 -0.6387
v  0.7850 -3.2812 -0.6430
v  0.7793 -3.2641 -0.6387
v  0.7129 -3.2741 -0.7120
v  0.7181 -3.2812 -0.7168
v  0.7129 -3.2641 -0.7120
v  0.6396 -3.2741 -0.7784
v  0.6444 -3.2812 -0.7837
v  0.6396 -3.2641 -0.7784
v  0.5602 -3.2741 -0.8373
v  0.5644 -3.2812 -0.8430
v  0.5602 -3.2641 -0.8373
v  0.4753 -3.2741 -0.8882
v  0.4790 -3.2812 -0.8943
v  0.4754 -3.2641 -0.8882
v  0.3859 -3.2741 -0.9305
v  0.3890 -3.2812 -0.9369
v  0.3859 -3.2641 -0.9305
v  0.2928 -3.2741 -0.9638
v  0.2952 -3.2811 -0.9705
v  0.2928 -3.2641 -0.9638
v  0.1969 -3.2741 -0.9878
v  0.1986 -3.2811 -0.9947
v  0.1969 -3.2641 -0.9878
v  0.0991 -3.2741 -1.0023
v  0.1001 -3.2811 -1.0093
v  0.0991 -3.2641 -1.0023
v  0.0003 -3.2741 -1.0072
v  0.0006 -3.2811 -1.0143
v  0.0003 -3.2641 -1.0072
v  -0.0985 -3.2741 -1.0023
v  -0.0988 -3.2811 -1.0094
v  -0.0985 -3.2641 -1.0023
v  -0.1963 -3.2741 -0.9878
v  -0.1973 -3.2811 -0.9948
v  -0.1963 -3.2641 -0.9878
v  -0.2922 -3.2741 -0.9638
v  -0.2940 -3.2811 -0.9707
v  -0.2922 -3.2641 -0.9638
v  -0.3853 -3.2741 -0.9305
v  -0.3877 -3.2811 -0.9371
v  -0.3853 -3.2641 -0.9305
v  -0.4747 -3.2741 -0.8882
v  -0.4778 -3.2811 -0.8946
v  -0.4747 -3.2641 -0.8882
v  -0.5596 -3.2741 -0.8373
v  -0.5632 -3.2811 -0.8434
v  -0.5596 -3.2641 -0.8373
v  -0.6390 -3.2741 -0.7784
v  -0.6432 -3.2811 -0.7841
v  -0.6390 -3.2641 -0.7784
v  -0.7123 -3.2741 -0.7120
v  -0.7171 -3.2811 -0.7173
v  -0.7123 -3.2641 -0.7120
v  -0.7787 -3.2741 -0.6387
v  -0.7840 -3.2811 -0.6435
v  -0.7787 -3.2641 -0.6387
v  -0.8376 -3.2741 -0.5593
v  -0.8433 -3.2811 -0.5635
v  -0.8376 -3.2641 -0.5593
v  -0.8885 -3.2741 -0.4745
v  -0.8945 -3.2811 -0.4781
v  -0.8885 -3.2641 -0.4745
v  -0.9307 -3.2741 -0.3851
v  -0.9372 -3.2811 -0.3881
v  -0.9307 -3.2641 -0.3851
v  -0.9641 -3.2741 -0.2920
v  -0.9707 -3.2811 -0.2944
v  -0.9641 -3.2641 -0.2920
v  -0.9881 -3.2741 -0.1960
v  -0.9950 -3.2811 -0.1978
v  -0.9881 -3.2641 -0.1960
v  -1.0026 -3.2741 -0.0982
v  -1.0096 -3.2811 -0.0992
v  -1.0026 -3.2641 -0.0982
v  -1.0075 -3.2741 0.0006
v  -1.0145 -3.2811 0.0002
v  -1.0075 -3.2641 0.0006
v  -1.0026 -3.2741 0.0994
v  -1.0097 -3.2811 0.0997
v  -1.0026 -3.2641 0.0994
v  -0.9881 -3.2741 0.1972
v  -0.9951 -3.2811 0.1982
v  -0.9881 -3.2641 0.1972
v  -0.9641 -3.2741 0.2931
v  -0.9709 -3.2811 0.2948
v  -0.9641 -3.2641 0.2931
v  -0.9307 -3.2741 0.3862
v  -0.9374 -3.2812 0.3886
v  -0.9307 -3.2641 0.3862
v  -0.8885 -3.2741 0.4756
v  -0.8949 -3.2812 0.4787
v  -0.8885 -3.2641 0.4756
v  -0.8376 -3.2741 0.5605
v  -0.8437 -3.2812 0.5641
v  -0.8376 -3.2641 0.5605
v  -0.7787 -3.2741 0.6399
v  -0.7844 -3.2812 0.6441
v  -0.7787 -3.2641 0.6399
v  -0.7123 -3.2741 0.7132
v  -0.7175 -3.2812 0.7179
v  -0.7123 -3.2641 0.7132
v  -0.6390 -3.2741 0.7796
v  -0.6438 -3.2812 0.7848
v  -0.6390 -3.2641 0.7796
v  -0.5596 -3.2741 0.8385
v  -0.5638 -3.2812 0.8442
v  -0.5596 -3.2641 0.8385
v  -0.4747 -3.2741 0.8893
v  -0.4784 -3.2812 0.8954
v  -0.4747 -3.2641 0.8893
v  -0.3853 -3.2741 0.9316
v  -0.3884 -3.2812 0.9380
v  -0.3853 -3.2641 0.9316
v  -0.2922 -3.2741 0.9649
v  -0.2946 -3.2812 0.9716
v  -0.2922 -3.2641 0.9649
v  -0.1963 -3.2741 0.9890
v  -0.1980 -3.2812 0.9958
v  -0.1963 -3.2641 0.9890
v  -0.0985 -3.2741 1.0035
v  -0.0995 -3.2812 1.0105
v  -0.0985 -3.2641 1.0035
v  0.0003 -3.1324 0.0006
v  0.0003 -3.1324 1.0083
v  -0.0002 -3.1324 0.9983
v  0.0003 -3.1424 1.0083
v  0.0991 -3.1324 1.0035
v  0.0991 -3.1424 1.0035
v  0.0976 -3.1324 0.9936
v  0.1969 -3.1324 0.9890
v  0.1969 -3.1424 0.9890
v  0.1945 -3.1324 0.9793
v  0.2928 -3.1324 0.9649
v  0.2928 -3.1424 0.9649
v  0.2895 -3.1324 0.9555
v  0.3859 -3.1324 0.9316
v  0.3859 -3.1424 0.9316
v  0.3817 -3.1324 0.9226
v  0.4753 -3.1324 0.8893
v  0.4753 -3.1424 0.8893
v  0.4702 -3.1324 0.8808
v  0.5602 -3.1324 0.8385
v  0.5602 -3.1424 0.8385
v  0.5542 -3.1324 0.8305
v  0.6396 -3.1324 0.7796
v  0.6396 -3.1424 0.7796
v  0.6329 -3.1324 0.7722
v  0.7129 -3.1324 0.7132
v  0.7129 -3.1424 0.7132
v  0.7055 -3.1324 0.7064
v  0.7793 -3.1324 0.6399
v  0.7793 -3.1424 0.6399
v  0.7713 -3.1324 0.6339
v  0.8382 -3.1324 0.5605
v  0.8382 -3.1424 0.5605
v  0.8296 -3.1324 0.5553
v  0.8891 -3.1324 0.4756
v  0.8891 -3.1424 0.4756
v  0.8800 -3.1324 0.4713
v  0.9313 -3.1324 0.3862
v  0.9313 -3.1424 0.3862
v  0.9219 -3.1324 0.3829
v  0.9647 -3.1324 0.2931
v  0.9647 -3.1424 0.2931
v  0.9550 -3.1324 0.2907
v  0.9887 -3.1324 0.1972
v  0.9887 -3.1424 0.1972
v  0.9788 -3.1324 0.1957
v  1.0032 -3.1324 0.0994
v  1.0032 -3.1424 0.0994
v  0.9932 -3.1324 0.0989
v  1.0080 -3.1324 0.0006
v  1.0080 -3.1424 0.0006
v  0.9981 -3.1324 0.0011
v  1.0032 -3.1324 -0.0982
v  1.0032 -3.1424 -0.0982
v  0.9933 -3.1324 -0.0967
v  0.9887 -3.1324 -0.1960
v  0.9887 -3.1424 -0.1960
v  0.9790 -3.1324 -0.1936
v  0.9647 -3.1324 -0.2920
v  0.9647 -3.1424 -0.2920
v  0.9552 -3.1324 -0.2886
v  0.9313 -3.1324 -0.3851
v  0.9313 -3.1424 -0.3851
v  0.9223 -3.1324 -0.3808
v  0.8891 -3.1324 -0.4745
v  0.8891 -3.1424 -0.4745
v  0.8805 -3.1324 -0.4693
v  0.8382 -3.1324 -0.5593
v  0.8382 -3.1424 -0.5593
v  0.8302 -3.1324 -0.5533
v  0.7793 -3.1324 -0.6387
v  0.7793 -3.1424 -0.6387
v  0.7719 -3.1324 -0.6320
v  0.7129 -3.1324 -0.7120
v  0.7129 -3.1424 -0.7120
v  0.7062 -3.1324 -0.7046
v  0.6396 -3.1324 -0.7784
v  0.6396 -3.1424 -0.7784
v  0.6337 -3.1324 -0.7704
v  0.5602 -3.1324 -0.8373
v  0.5602 -3.1424 -0.8373
v  0.5550 -3.1324 -0.8288
v  0.4753 -3.1324 -0.8882
v  0.4753 -3.1424 -0.8882
v  0.4711 -3.1324 -0.8791
v  0.3859 -3.1324 -0.9305
v  0.3859 -3.1424 -0.9305
v  0.3826 -3.1324 -0.9210
v  0.2928 -3.1324 -0.9638
v  0.2928 -3.1424 -0.9638
v  0.2904 -3.1324 -0.9541
v  0.1969 -3.1324 -0.9878
v  0.1969 -3.1424 -0.9878
v  0.1954 -3.1324 -0.9779
v  0.0991 -3.1324 -1.0023
v  0.0991 -3.1424 -1.0023
v  0.0986 -3.1324 -0.9923
v  0.0003 -3.1324 -1.0072
v  0.0003 -3.1424 -1.0072
v  0.0008 -3.1324 -0.9972
v  -0.0985 -3.1324 -1.0023
v  -0.0985 -3.1424 -1.0023
v  -0.0970 -3.1324 -0.9924
v  -0.1963 -3.1324 -0.9878
v  -0.1963 -3.1424 -0.9878
v  -0.1939 -3.1324 -0.9781
v  -0.2922 -3.1324 -0.9638
v  -0.2922 -3.1424 -0.9638
v  -0.2889 -3.1324 -0.9544
v  -0.3853 -3.1324 -0.9305
v  -0.3853 -3.1424 -0.9305
v  -0.3811 -3.1324 -0.9214
v  -0.4747 -3.1324 -0.8882
v  -0.4747 -3.1424 -0.8882
v  -0.4696 -3.1324 -0.8796
v  -0.5596 -3.1324 -0.8373
v  -0.5596 -3.1424 -0.8373
v  -0.5536 -3.1324 -0.8293
v  -0.6390 -3.1324 -0.7784
v  -0.6390 -3.1424 -0.7784
v  -0.6323 -3.1324 -0.7710
v  -0.7123 -3.1324 -0.7120
v  -0.7123 -3.1424 -0.7120
v  -0.7049 -3.1324 -0.7053
v  -0.7787 -3.1324 -0.6387
v  -0.7787 -3.1424 -0.6387
v  -0.7707 -3.1324 -0.6328
v  -0.8376 -3.1324 -0.5593
v  -0.8376 -3.1424 -0.5593
v  -0.8290 -3.1324 -0.5542
v  -0.8885 -3.1324 -0.4745
v  -0.8885 -3.1424 -0.4745
v  -0.8794 -3.1324 -0.4702
v  -0.9307 -3.1324 -0.3851
v  -0.9307 -3.1424 -0.3851
v  -0.9213 -3.1324 -0.3817
v  -0.9641 -3.1324 -0.2920
v  -0.9641 -3.1424 -0.2920
v  -0.9544 -3.1324 -0.2895
v  -0.9881 -3.1324 -0.1960
v  -0.9881 -3.1424 -0.1960
v  -0.9782 -3.1324 -0.1946
v  -1.0026 -3.1324 -0.0982
v  -1.0026 -3.1424 -0.0982
v  -0.9926 -3.1324 -0.0977
v  -1.0075 -3.1324 0.0006
v  -1.0075 -3.1424 0.0006
v  -0.9975 -3.1324 0.0001
v  -1.0026 -3.1324 0.0994
v  -1.0026 -3.1424 0.0994
v  -0.9927 -3.1324 0.0979
v  -0.9881 -3.1324 0.1972
v  -0.9881 -3.1424 0.1972
v  -0.9784 -3.1324 0.1947
v  -0.9641 -3.1324 0.2931
v  -0.9641 -3.1424 0.2931
v  -0.9546 -3.1324 0.2897
v  -0.9307 -3.1324 0.3862
v  -0.9307 -3.1424 0.3862
v  -0.9217 -3.1324 0.3820
v  -0.8885 -3.1324 0.4756
v  -0.8885 -3.1424 0.4756
v  -0.8799 -3.1324 0.4705
v  -0.8376 -3.1324 0.5605
v  -0.8376 -3.1424 0.5605
v  -0.8296 -3.1324 0.5545
v  -0.7787 -3.1324 0.6399
v  -0.7787 -3.1424 0.6399
v  -0.7713 -3.1324 0.6332
v  -0.7123 -3.1324 0.7132
v  -0.7123 -3.1424 0.7132
v  -0.7056 -3.1324 0.7058
v  -0.6390 -3.1324 0.7796
v  -0.6390 -3.1424 0.7796
v  -0.6331 -3.1324 0.7715
v  -0.5596 -3.1324 0.8385
v  -0.5596 -3.1424 0.8385
v  -0.5544 -3.1324 0.8299
v  -0.4747 -3.1324 0.8893
v  -0.4747 -3.1424 0.8893
v  -0.4705 -3.1324 0.8803
v  -0.3853 -3.1324 0.9316
v  -0.3853 -3.1424 0.9316
v  -0.3820 -3.1324 0.9222
v  -0.2922 -3.1324 0.9649
v  -0.2922 -3.1424 0.9649
v  -0.2898 -3.1324 0.9552
v  -0.1963 -3.1324 0.9890
v  -0.1963 -3.1424 0.9890
v  -0.1948 -3.1324 0.9791
v  -0.0985 -3.1324 1.0035
v  -0.0985 -3.1424 1.0035
v  -0.0980 -3.1324 0.9935
v  -0.0898 -3.1835 0.9917
v  -0.1815 -3.1835 0.9792
v  -0.2743 -3.1835 0.9573
v  -0.3669 -3.1835 0.9259
v  -0.4577 -3.1835 0.8845
v  -0.5452 -3.1835 0.8335
v  -0.6279 -3.1835 0.7731
v  -0.7044 -3.1835 0.7041
v  -0.7734 -3.1835 0.6276
v  -0.8338 -3.1835 0.5449
v  -0.8848 -3.1835 0.4574
v  -0.9262 -3.1835 0.3665
v  -0.9576 -3.1835 0.2740
v  -0.9795 -3.1835 0.1812
v  -0.9921 -3.1835 0.0895
v  -0.9961 -3.1835 0.0000
v  -0.9921 -3.1835 -0.0895
v  -0.9795 -3.1835 -0.1812
v  -0.9576 -3.1835 -0.2740
v  -0.9262 -3.1835 -0.3665
v  -0.8848 -3.1835 -0.4573
v  -0.8338 -3.1835 -0.5449
v  -0.7734 -3.1835 -0.6276
v  -0.7044 -3.1835 -0.7041
v  -0.6279 -3.1835 -0.7731
v  -0.5452 -3.1835 -0.8335
v  -0.4577 -3.1835 -0.8845
v  -0.3669 -3.1835 -0.9259
v  -0.2743 -3.1835 -0.9573
v  -0.1815 -3.1835 -0.9791
v  -0.0898 -3.1835 -0.9917
v  -0.0004 -3.3310 1.0319
v  -0.0933 -3.3310 1.0277
v  -0.1883 -3.3310 1.0146
v  -0.2844 -3.3310 0.9920
v  -0.3803 -3.3310 0.9594
v  -0.4745 -3.3310 0.9166
v  -0.5652 -3.3310 0.8637
v  -0.6510 -3.3310 0.8011
v  -0.7301 -3.3310 0.7297
v  -0.8015 -3.3310 0.6504
v  -0.8641 -3.3310 0.5647
v  -0.9169 -3.3310 0.4740
v  -0.9597 -3.3310 0.3798
v  -0.9923 -3.3310 0.2840
v  -1.0149 -3.3310 0.1878
v  -1.0280 -3.3310 0.0928
v  -1.0322 -3.3310 0.0000
v  -1.0280 -3.3310 -0.0927
v  -1.0149 -3.3310 -0.1878
v  -0.9923 -3.3310 -0.2839
v  -0.9597 -3.3310 -0.3798
v  -0.9169 -3.3310 -0.4739
v  -0.8641 -3.3310 -0.5647
v  -0.8015 -3.3310 -0.6504
v  -0.7300 -3.3310 -0.7296
v  -0.6508 -3.3310 -0.8011
v  -0.5650 -3.3310 -0.8637
v  -0.4743 -3.3310 -0.9166
v  -0.3802 -3.3310 -0.9594
v  -0.2843 -3.3310 -0.9920
v  -0.1881 -3.3310 -1.0146
v  -0.0931 -3.3310 -1.0277
v  -0.0004 -3.3188 1.0069
v  -0.0910 -3.3188 1.0028
v  -0.1837 -3.3188 0.9900
v  -0.2775 -3.3189 0.9680
v  -0.3710 -3.3189 0.9361
v  -0.4628 -3.3189 0.8943
v  -0.5514 -3.3189 0.8427
v  -0.6350 -3.3189 0.7816
v  -0.7123 -3.3189 0.7119
v  -0.7820 -3.3189 0.6346
v  -0.8430 -3.3189 0.5509
v  -0.8947 -3.3189 0.4624
v  -0.9364 -3.3188 0.3706
v  -0.9683 -3.3188 0.2771
v  -0.9903 -3.3188 0.1832
v  -1.0031 -3.3188 0.0905
v  -1.0072 -3.3188 0.0000
v  -1.0031 -3.3188 -0.0905
v  -0.9903 -3.3188 -0.1832
v  -0.9683 -3.3188 -0.2770
v  -0.9365 -3.3188 -0.3706
v  -0.8947 -3.3189 -0.4624
v  -0.8430 -3.3189 -0.5509
v  -0.7820 -3.3189 -0.6346
v  -0.7123 -3.3189 -0.7119
v  -0.6349 -3.3189 -0.7816
v  -0.5514 -3.3189 -0.8427
v  -0.4628 -3.3189 -0.8943
v  -0.3709 -3.3189 -0.9361
v  -0.2774 -3.3189 -0.9680
v  -0.1835 -3.3188 -0.9900
v  -0.0908 -3.3188 -1.0028
v  0.0891 -3.1835 0.9917
v  -0.0003 -3.1835 0.9958
v  0.1809 -3.1835 0.9792
v  0.2737 -3.1835 0.9573
v  0.3662 -3.1835 0.9259
v  0.4570 -3.1835 0.8845
v  0.5446 -3.1835 0.8335
v  0.6273 -3.1835 0.7731
v  0.7038 -3.1835 0.7041
v  0.7727 -3.1835 0.6276
v  0.8331 -3.1835 0.5449
v  0.8842 -3.1835 0.4574
v  0.9255 -3.1835 0.3665
v  0.9570 -3.1835 0.2740
v  0.9788 -3.1835 0.1812
v  0.9914 -3.1835 0.0895
v  0.9954 -3.1835 0.0000
v  0.9914 -3.1835 -0.0895
v  0.9788 -3.1835 -0.1812
v  0.9570 -3.1835 -0.2740
v  0.9255 -3.1835 -0.3665
v  0.8842 -3.1835 -0.4573
v  0.8331 -3.1835 -0.5449
v  0.7727 -3.1835 -0.6276
v  0.7038 -3.1835 -0.7041
v  0.6273 -3.1835 -0.7731
v  0.5446 -3.1835 -0.8335
v  0.4570 -3.1835 -0.8845
v  0.3662 -3.1835 -0.9259
v  0.2737 -3.1835 -0.9573
v  0.1809 -3.1835 -0.9791
v  0.0891 -3.1835 -0.9917
v  -0.0003 -3.1835 -0.9958
v  0.0901 -3.3188 1.0028
v  0.1830 -3.3188 0.9900
v  0.2768 -3.3189 0.9680
v  0.3703 -3.3189 0.9361
v  0.4621 -3.3189 0.8943
v  0.5507 -3.3189 0.8427
v  0.6343 -3.3189 0.7816
v  0.7116 -3.3189 0.7119
v  0.7813 -3.3189 0.6346
v  0.8424 -3.3189 0.5510
v  0.8940 -3.3188 0.4624
v  0.9358 -3.3188 0.3706
v  0.9676 -3.3188 0.2771
v  0.9897 -3.3188 0.1832
v  1.0024 -3.3188 0.0905
v  1.0065 -3.3188 0.0000
v  1.0024 -3.3188 -0.0905
v  0.9897 -3.3188 -0.1832
v  0.9676 -3.3188 -0.2770
v  0.9358 -3.3188 -0.3706
v  0.8940 -3.3189 -0.4624
v  0.8424 -3.3189 -0.5509
v  0.7813 -3.3189 -0.6346
v  0.7116 -3.3189 -0.7119
v  0.6343 -3.3189 -0.7816
v  0.5506 -3.3189 -0.8427
v  0.4621 -3.3189 -0.8943
v  0.3703 -3.3189 -0.9361
v  0.2767 -3.3188 -0.9680
v  0.1829 -3.3188 -0.9900
v  0.0901 -3.3188 -1.0028
v  -0.0003 -3.3194 -1.0068
v  0.0924 -3.3310 1.0277
v  0.1876 -3.3310 1.0146
v  0.2837 -3.3310 0.9920
v  0.3796 -3.3310 0.9594
v  0.4738 -3.3310 0.9166
v  0.5645 -3.3310 0.8637
v  0.6502 -3.3310 0.8011
v  0.7294 -3.3310 0.7297
v  0.8008 -3.3310 0.6504
v  0.8634 -3.3310 0.5647
v  0.9162 -3.3310 0.4740
v  0.9591 -3.3310 0.3798
v  0.9917 -3.3310 0.2840
v  1.0143 -3.3310 0.1878
v  1.0273 -3.3310 0.0928
v  1.0315 -3.3310 0.0000
v  1.0273 -3.3310 -0.0927
v  1.0143 -3.3310 -0.1878
v  0.9917 -3.3310 -0.2839
v  0.9591 -3.3310 -0.3798
v  0.9162 -3.3310 -0.4739
v  0.8634 -3.3310 -0.5647
v  0.8008 -3.3310 -0.6504
v  0.7293 -3.3310 -0.7296
v  0.6501 -3.3310 -0.8011
v  0.5643 -3.3310 -0.8637
v  0.4737 -3.3310 -0.9166
v  0.3795 -3.3310 -0.9594
v  0.2837 -3.3310 -0.9920
v  0.1875 -3.3310 -1.0146
v  0.0924 -3.3310 -1.0277
v  -0.0002 -3.3310 -1.0318
v  -0.0004 -3.3078 0.9994
v  -0.0903 -3.3078 0.9954
v  -0.1823 -3.3078 0.9827
v  -0.2754 -3.3079 0.9608
v  -0.3683 -3.3078 0.9292
v  -0.4594 -3.3078 0.8877
v  -0.5473 -3.3079 0.8365
v  -0.6303 -3.3078 0.7759
v  -0.7070 -3.3078 0.7067
v  -0.7763 -3.3078 0.6300
v  -0.8368 -3.3078 0.5469
v  -0.8881 -3.3078 0.4590
v  -0.9295 -3.3078 0.3679
v  -0.9611 -3.3078 0.2750
v  -0.9830 -3.3078 0.1819
v  -0.9957 -3.3078 0.0898
v  -0.9997 -3.3078 0.0000
v  -0.9957 -3.3078 -0.0898
v  -0.9830 -3.3078 -0.1819
v  -0.9611 -3.3078 -0.2750
v  -0.9295 -3.3078 -0.3679
v  -0.8881 -3.3078 -0.4590
v  -0.8368 -3.3078 -0.5469
v  -0.7762 -3.3079 -0.6299
v  -0.7070 -3.3078 -0.7067
v  -0.6302 -3.3078 -0.7759
v  -0.5472 -3.3079 -0.8365
v  -0.4594 -3.3079 -0.8877
v  -0.3682 -3.3078 -0.9292
v  -0.2753 -3.3079 -0.9608
v  -0.1822 -3.3078 -0.9827
v  -0.0901 -3.3078 -0.9954
v  -0.0003 -3.3066 -0.9995
v  -0.0004 -3.3262 1.0177
v  -0.0920 -3.3262 1.0136
v  -0.1857 -3.3262 1.0007
v  -0.2805 -3.3262 0.9784
v  -0.3751 -3.3263 0.9463
v  -0.4679 -3.3263 0.9040
v  -0.5574 -3.3263 0.8518
v  -0.6419 -3.3263 0.7901
v  -0.7200 -3.3263 0.7196
v  -0.7904 -3.3262 0.6414
v  -0.8521 -3.3262 0.5569
v  -0.9043 -3.3262 0.4674
v  -0.9465 -3.3262 0.3746
v  -0.9787 -3.3262 0.2800
v  -1.0010 -3.3262 0.1852
v  -1.0139 -3.3262 0.0915
v  -1.0180 -3.3262 0.0000
v  -1.0139 -3.3262 -0.0914
v  -1.0010 -3.3262 -0.1852
v  -0.9787 -3.3262 -0.2800
v  -0.9465 -3.3262 -0.3746
v  -0.9043 -3.3262 -0.4674
v  -0.8521 -3.3262 -0.5569
v  -0.7904 -3.3262 -0.6414
v  -0.7200 -3.3262 -0.7196
v  -0.6418 -3.3262 -0.7901
v  -0.5573 -3.3262 -0.8518
v  -0.4678 -3.3262 -0.9040
v  -0.3750 -3.3262 -0.9462
v  -0.2804 -3.3262 -0.9784
v  -0.1855 -3.3262 -1.0007
v  -0.0918 -3.3262 -1.0136
v  -0.0002 -3.3269 -1.0179
v  0.0896 -3.3078 0.9954
v  0.1816 -3.3078 0.9827
v  0.2747 -3.3078 0.9608
v  0.3676 -3.3078 0.9292
v  0.4587 -3.3078 0.8877
v  0.5466 -3.3079 0.8365
v  0.6296 -3.3078 0.7759
v  0.7064 -3.3078 0.7067
v  0.7756 -3.3078 0.6299
v  0.8362 -3.3078 0.5469
v  0.8874 -3.3078 0.4590
v  0.9289 -3.3078 0.3679
v  0.9605 -3.3078 0.2750
v  0.9824 -3.3078 0.1819
v  0.9951 -3.3078 0.0898
v  0.9991 -3.3078 0.0000
v  0.9950 -3.3078 -0.0898
v  0.9824 -3.3078 -0.1819
v  0.9605 -3.3078 -0.2750
v  0.9289 -3.3078 -0.3679
v  0.8874 -3.3078 -0.4590
v  0.8362 -3.3078 -0.5469
v  0.7756 -3.3078 -0.6299
v  0.7063 -3.3078 -0.7067
v  0.6296 -3.3078 -0.7759
v  0.5466 -3.3078 -0.8365
v  0.4587 -3.3078 -0.8877
v  0.3675 -3.3078 -0.9292
v  0.2747 -3.3078 -0.9608
v  0.1815 -3.3079 -0.9824
v  0.0895 -3.3078 -0.9954
v  0.0911 -3.3262 1.0136
v  0.1850 -3.3262 1.0007
v  0.2798 -3.3262 0.9784
v  0.3744 -3.3263 0.9463
v  0.4672 -3.3262 0.9040
v  0.5567 -3.3263 0.8518
v  0.6412 -3.3262 0.7901
v  0.7193 -3.3262 0.7196
v  0.7898 -3.3262 0.6415
v  0.8515 -3.3262 0.5569
v  0.9036 -3.3262 0.4674
v  0.9459 -3.3262 0.3746
v  0.9781 -3.3262 0.2800
v  1.0004 -3.3262 0.1852
v  1.0132 -3.3262 0.0915
v  1.0174 -3.3262 0.0000
v  1.0132 -3.3262 -0.0915
v  1.0004 -3.3262 -0.1852
v  0.9781 -3.3262 -0.2800
v  0.9459 -3.3262 -0.3746
v  0.9036 -3.3262 -0.4674
v  0.8515 -3.3262 -0.5569
v  0.7898 -3.3262 -0.6414
v  0.7193 -3.3262 -0.7196
v  0.6411 -3.3262 -0.7901
v  0.5568 -3.3253 -0.8521
v  0.4671 -3.3262 -0.9040
v  0.3743 -3.3262 -0.9462
v  0.2797 -3.3262 -0.9784
v  0.1849 -3.3262 -1.0007
v  0.0911 -3.3262 -1.0136
v  -0.0004 -3.2937 0.9967
v  -0.0004 -3.2837 0.9967
v  -0.0900 -3.2938 0.9925
v  -0.0900 -3.2838 0.9924
v  -0.1817 -3.2938 0.9798
v  -0.1817 -3.2838 0.9798
v  -0.2746 -3.2938 0.9580
v  -0.2746 -3.2838 0.9579
v  -0.3671 -3.2940 0.9265
v  -0.3671 -3.2840 0.9265
v  -0.4580 -3.2938 0.8852
v  -0.4580 -3.2838 0.8851
v  -0.5456 -3.2938 0.8341
v  -0.5456 -3.2838 0.8340
v  -0.6284 -3.2938 0.7736
v  -0.6284 -3.2838 0.7736
v  -0.7050 -3.2938 0.7046
v  -0.7049 -3.2838 0.7046
v  -0.7740 -3.2938 0.6281
v  -0.7739 -3.2838 0.6281
v  -0.8344 -3.2938 0.5453
v  -0.8344 -3.2838 0.5453
v  -0.8855 -3.2938 0.4577
v  -0.8855 -3.2838 0.4577
v  -0.9269 -3.2938 0.3668
v  -0.9268 -3.2838 0.3668
v  -0.9584 -3.2938 0.2742
v  -0.9583 -3.2838 0.2742
v  -0.9802 -3.2938 0.1814
v  -0.9802 -3.2838 0.1813
v  -0.9929 -3.2938 0.0896
v  -0.9928 -3.2838 0.0895
v  -0.9969 -3.2940 0.0000
v  -0.9968 -3.2840 0.0000
v  -0.9929 -3.2938 -0.0895
v  -0.9928 -3.2838 -0.0895
v  -0.9803 -3.2938 -0.1813
v  -0.9802 -3.2838 -0.1813
v  -0.9585 -3.2937 -0.2742
v  -0.9584 -3.2837 -0.2742
v  -0.9270 -3.2937 -0.3669
v  -0.9269 -3.2838 -0.3668
v  -0.8856 -3.2938 -0.4577
v  -0.8855 -3.2838 -0.4577
v  -0.8345 -3.2937 -0.5454
v  -0.8344 -3.2837 -0.5453
v  -0.7741 -3.2937 -0.6282
v  -0.7740 -3.2837 -0.6281
v  -0.7051 -3.2937 -0.7047
v  -0.7050 -3.2837 -0.7047
v  -0.6285 -3.2937 -0.7738
v  -0.6285 -3.2837 -0.7737
v  -0.5457 -3.2937 -0.8342
v  -0.5457 -3.2837 -0.8341
v  -0.4581 -3.2937 -0.8853
v  -0.4581 -3.2837 -0.8853
v  -0.3672 -3.2937 -0.9267
v  -0.3672 -3.2837 -0.9266
v  -0.2746 -3.2937 -0.9582
v  -0.2745 -3.2837 -0.9582
v  -0.1817 -3.2940 -0.9801
v  -0.1817 -3.2840 -0.9800
v  -0.0899 -3.2937 -0.9927
v  -0.0899 -3.2837 -0.9926
v  -0.0003 -3.2937 -0.9967
v  -0.0003 -3.2837 -0.9966
v  0.0893 -3.2938 0.9927
v  0.0893 -3.2838 0.9926
v  0.1811 -3.2938 0.9801
v  0.1811 -3.2838 0.9800
v  0.2740 -3.2938 0.9582
v  0.2739 -3.2838 0.9582
v  0.3666 -3.2940 0.9268
v  0.3665 -3.2840 0.9267
v  0.4575 -3.2938 0.8854
v  0.4574 -3.2838 0.8853
v  0.5451 -3.2938 0.8343
v  0.5450 -3.2838 0.8342
v  0.6279 -3.2938 0.7738
v  0.6279 -3.2838 0.7737
v  0.7045 -3.2938 0.7048
v  0.7044 -3.2838 0.7047
v  0.7735 -3.2938 0.6282
v  0.7734 -3.2838 0.6282
v  0.8339 -3.2938 0.5454
v  0.8339 -3.2838 0.5454
v  0.8851 -3.2938 0.4578
v  0.8850 -3.2838 0.4577
v  0.9264 -3.2937 0.3669
v  0.9263 -3.2837 0.3669
v  0.9579 -3.2937 0.2743
v  0.9578 -3.2837 0.2742
v  0.9798 -3.2937 0.1814
v  0.9797 -3.2837 0.1814
v  0.9924 -3.2937 0.0896
v  0.9923 -3.2837 0.0896
v  0.9964 -3.2940 0.0000
v  0.9963 -3.2840 -0.0000
v  0.9924 -3.2937 -0.0896
v  0.9923 -3.2837 -0.0895
v  0.9798 -3.2937 -0.1814
v  0.9797 -3.2837 -0.1814
v  0.9579 -3.2937 -0.2743
v  0.9578 -3.2837 -0.2742
v  0.9264 -3.2937 -0.3669
v  0.9263 -3.2837 -0.3669
v  0.8850 -3.2937 -0.4578
v  0.8850 -3.2837 -0.4577
v  0.8339 -3.2937 -0.5454
v  0.8338 -3.2837 -0.5454
v  0.7735 -3.2937 -0.6282
v  0.7734 -3.2837 -0.6282
v  0.7045 -3.2937 -0.7048
v  0.7044 -3.2837 -0.7047
v  0.6279 -3.2937 -0.7738
v  0.6278 -3.2837 -0.7737
v  0.5451 -3.2937 -0.8342
v  0.5450 -3.2837 -0.8342
v  0.4575 -3.2937 -0.8854
v  0.4574 -3.2837 -0.8853
v  0.3666 -3.2937 -0.9267
v  0.3665 -3.2837 -0.9267
v  0.2739 -3.2937 -0.9582
v  0.2739 -3.2837 -0.9582
v  0.1809 -3.2941 -0.9791
v  0.1808 -3.2841 -0.9791
v  0.0892 -3.2937 -0.9927
v  0.0893 -3.2837 -0.9926
# 5536 vertices

o TS35320_4
g TS35320_4
s 1
f 4 5 2 3 
f 7 8 5 4 
f 10 11 8 7 
f 13 14 11 10 
f 1256 1258 1260 1262 
f 16 17 110 109 
f 1258 1264 1266 1260 
f 19 20 17 16 
f 1264 1268 1270 1266 
f 22 23 20 19 
f 1268 1272 1274 1270 
f 25 26 23 22 
f 28 29 14 13 
f 1272 1276 1278 1274 
f 31 32 29 28 
f 1276 1280 1282 1278 
f 34 35 32 31 
f 1280 1284 1286 1282 
f 37 38 35 34 
f 1284 1288 1290 1286 
f 40 41 38 37 
f 1288 1292 1294 1290 
f 43 44 41 40 
f 1292 1296 1298 1294 
f 46 47 44 43 
f 1296 1300 1302 1298 
f 49 50 47 46 
f 1300 1304 1306 1302 
f 52 53 50 49 
f 1304 1308 1310 1306 
f 55 56 53 52 
f 1308 1312 1314 1310 
f 58 59 56 55 
f 1312 1316 1318 1314 
f 61 62 59 58 
f 1316 1320 1322 1318 
f 64 65 62 61 
f 1320 1324 1326 1322 
f 67 68 26 25 
f 70 71 68 67 
f 73 74 71 70 
f 76 77 74 73 
f 79 80 77 76 
f 82 83 80 79 
f 85 86 83 82 
f 88 89 86 85 
f 91 92 89 88 
f 94 95 92 91 
f 97 98 95 94 
f 100 101 98 97 
f 103 104 101 100 
f 250 251 254 255 
f 1328 1330 1332 1334 
f 259 260 263 264 
f 106 107 110 111 
f 112 113 107 106 
f 115 116 113 112 
f 118 119 116 115 
f 121 122 119 118 
f 124 125 122 121 
f 127 128 125 124 
f 130 131 128 127 
f 133 134 131 130 
f 136 137 134 133 
f 139 140 137 136 
f 142 143 140 139 
f 145 146 143 142 
f 148 149 146 145 
f 151 152 149 148 
f 154 155 152 151 
f 157 158 155 154 
f 160 161 158 157 
f 163 164 161 160 
f 166 167 164 163 
f 169 170 167 166 
f 172 173 170 169 
f 175 176 173 172 
f 178 179 2 1 
f 1262 1336 1338 1256 
f 181 182 179 178 
f 1336 1340 1342 1338 
f 184 185 182 181 
f 1340 1344 1346 1342 
f 187 188 185 184 
f 1344 1348 1350 1346 
f 190 191 188 187 
f 1348 1352 1354 1350 
f 193 194 191 190 
f 1352 1356 1358 1354 
f 196 197 194 193 
f 1356 1360 1362 1358 
f 199 200 197 196 
f 1360 1364 1366 1362 
f 202 203 200 199 
f 1364 1368 1370 1366 
f 205 206 203 202 
f 1368 1372 1374 1370 
f 208 209 206 205 
f 1372 1376 1378 1374 
f 211 212 209 208 
f 1376 1380 1382 1378 
f 214 215 212 211 
f 1380 1384 1386 1382 
f 217 218 215 214 
f 1384 1388 1390 1386 
f 220 221 218 217 
f 1388 1392 1394 1390 
f 223 224 221 220 
f 1392 1396 1398 1394 
f 226 227 224 223 
f 1396 1400 1402 1398 
f 229 230 227 226 
f 1400 1404 1406 1402 
f 232 233 230 229 
f 1404 1408 1410 1406 
f 235 236 233 232 
f 1408 1412 1414 1410 
f 238 239 236 235 
f 1412 1416 1418 1414 
f 241 242 239 238 
f 1416 1420 1422 1418 
f 244 245 242 241 
f 1420 1424 1426 1422 
f 1424 1428 1430 1426 
f 1203 278 1431 1433 
f 1438 1434 1432 1436 
f 273 1009 1205 1207 
f 6 1257 1255 1 
f 5 6 1 2 
f 3 823 825 4 
f 9 1263 1257 6 
f 8 9 6 5 
f 4 825 827 7 
f 12 1267 1263 9 
f 11 12 9 8 
f 7 827 829 10 
f 15 1271 1267 12 
f 14 15 12 11 
f 10 829 831 13 
f 18 833 835 111 
f 17 18 111 110 
f 109 1261 1259 16 
f 21 837 833 18 
f 20 21 18 17 
f 16 1259 1265 19 
f 24 839 837 21 
f 23 24 21 20 
f 19 1265 1269 22 
f 27 841 839 24 
f 26 27 24 23 
f 22 1269 1273 25 
f 30 1275 1271 15 
f 29 30 15 14 
f 13 831 843 28 
f 33 1279 1275 30 
f 32 33 30 29 
f 28 843 845 31 
f 36 1283 1279 33 
f 35 36 33 32 
f 31 845 847 34 
f 39 1287 1283 36 
f 38 39 36 35 
f 34 847 849 37 
f 42 1291 1287 39 
f 41 42 39 38 
f 37 849 851 40 
f 45 1295 1291 42 
f 44 45 42 41 
f 40 851 853 43 
f 48 1299 1295 45 
f 47 48 45 44 
f 43 853 855 46 
f 51 1303 1299 48 
f 50 51 48 47 
f 46 855 857 49 
f 54 1307 1303 51 
f 53 54 51 50 
f 49 857 859 52 
f 57 1311 1307 54 
f 56 57 54 53 
f 52 859 861 55 
f 60 1315 1311 57 
f 59 60 57 56 
f 55 861 863 58 
f 63 1319 1315 60 
f 62 63 60 59 
f 58 863 865 61 
f 66 1323 1319 63 
f 65 66 63 62 
f 61 865 867 64 
f 69 869 841 27 
f 68 69 27 26 
f 25 1273 1277 67 
f 72 871 869 69 
f 71 72 69 68 
f 67 1277 1281 70 
f 75 873 871 72 
f 74 75 72 71 
f 70 1281 1285 73 
f 78 875 873 75 
f 77 78 75 74 
f 73 1285 1289 76 
f 81 877 875 78 
f 80 81 78 77 
f 76 1289 1293 79 
f 84 879 877 81 
f 83 84 81 80 
f 79 1293 1297 82 
f 87 881 879 84 
f 86 87 84 83 
f 82 1297 1301 85 
f 90 883 881 87 
f 89 90 87 86 
f 85 1301 1305 88 
f 93 885 883 90 
f 92 93 90 89 
f 88 1305 1309 91 
f 96 887 885 93 
f 95 96 93 92 
f 91 1309 1313 94 
f 99 889 887 96 
f 98 99 96 95 
f 94 1313 1317 97 
f 102 891 889 99 
f 101 102 99 98 
f 97 1317 1321 100 
f 105 893 891 102 
f 104 105 102 101 
f 100 1321 1325 103 
f 897 1001 248 247 
f 247 248 251 250 
f 1439 1329 254 253 
f 1333 1331 257 256 
f 256 257 260 259 
f 895 997 263 262 
f 108 1335 1261 109 
f 107 108 109 110 
f 111 835 899 106 
f 114 1339 1335 108 
f 113 114 108 107 
f 106 899 901 112 
f 117 1343 1339 114 
f 116 117 114 113 
f 112 901 903 115 
f 120 1347 1343 117 
f 119 120 117 116 
f 115 903 905 118 
f 123 1351 1347 120 
f 122 123 120 119 
f 118 905 907 121 
f 126 1355 1351 123 
f 125 126 123 122 
f 121 907 909 124 
f 129 1359 1355 126 
f 128 129 126 125 
f 124 909 911 127 
f 132 1363 1359 129 
f 131 132 129 128 
f 127 911 913 130 
f 135 1367 1363 132 
f 134 135 132 131 
f 130 913 915 133 
f 138 1371 1367 135 
f 137 138 135 134 
f 133 915 917 136 
f 141 1375 1371 138 
f 140 141 138 137 
f 136 917 919 139 
f 144 1379 1375 141 
f 143 144 141 140 
f 139 919 921 142 
f 147 1383 1379 144 
f 146 147 144 143 
f 142 921 923 145 
f 150 1387 1383 147 
f 149 150 147 146 
f 145 923 925 148 
f 153 1391 1387 150 
f 152 153 150 149 
f 148 925 927 151 
f 156 1395 1391 153 
f 155 156 153 152 
f 151 927 929 154 
f 159 1399 1395 156 
f 158 159 156 155 
f 154 929 931 157 
f 162 1403 1399 159 
f 161 162 159 158 
f 157 931 933 160 
f 165 1407 1403 162 
f 164 165 162 161 
f 160 933 935 163 
f 168 1411 1407 165 
f 167 168 165 164 
f 163 935 937 166 
f 171 1415 1411 168 
f 170 171 168 167 
f 166 937 939 169 
f 174 1419 1415 171 
f 173 174 171 170 
f 169 939 941 172 
f 177 1423 1419 174 
f 176 177 174 173 
f 172 941 943 175 
f 175 943 945 265 
f 180 947 823 3 
f 179 180 3 2 
f 1 1255 1337 178 
f 183 949 947 180 
f 182 183 180 179 
f 178 1337 1341 181 
f 186 951 949 183 
f 185 186 183 182 
f 181 1341 1345 184 
f 189 953 951 186 
f 188 189 186 185 
f 184 1345 1349 187 
f 192 955 953 189 
f 191 192 189 188 
f 187 1349 1353 190 
f 195 957 955 192 
f 194 195 192 191 
f 190 1353 1357 193 
f 198 959 957 195 
f 197 198 195 194 
f 193 1357 1361 196 
f 201 961 959 198 
f 200 201 198 197 
f 196 1361 1365 199 
f 204 963 961 201 
f 203 204 201 200 
f 199 1365 1369 202 
f 207 965 963 204 
f 206 207 204 203 
f 202 1369 1373 205 
f 210 967 965 207 
f 209 210 207 206 
f 205 1373 1377 208 
f 213 969 967 210 
f 212 213 210 209 
f 208 1377 1381 211 
f 216 971 969 213 
f 215 216 213 212 
f 211 1381 1385 214 
f 219 973 971 216 
f 218 219 216 215 
f 214 1385 1389 217 
f 222 975 973 219 
f 221 222 219 218 
f 217 1389 1393 220 
f 225 977 975 222 
f 224 225 222 221 
f 220 1393 1397 223 
f 228 979 977 225 
f 227 228 225 224 
f 223 1397 1401 226 
f 231 981 979 228 
f 230 231 228 227 
f 226 1401 1405 229 
f 234 983 981 231 
f 233 234 231 230 
f 229 1405 1409 232 
f 237 985 983 234 
f 236 237 234 233 
f 232 1409 1413 235 
f 240 987 985 237 
f 239 240 237 236 
f 235 1413 1417 238 
f 243 989 987 240 
f 242 243 240 239 
f 238 1417 1421 241 
f 246 991 989 243 
f 245 246 243 242 
f 241 1421 1425 244 
f 244 1425 1429 547 
f 1207 1209 274 273 
f 1209 1211 275 274 
f 1211 1437 1435 275 
f 1213 1215 995 276 
f 1217 1213 276 277 
f 1203 1217 277 278 
f 252 1218 1204 253 
f 251 252 253 254 
f 255 66 65 250 
f 1440 1442 1444 1446 
f 1330 1440 1446 1332 
f 1334 1326 1324 1328 
f 261 1210 1208 262 
f 260 261 262 263 
f 264 105 104 259 
f 1003 1216 1214 249 
f 1001 1003 249 248 
f 247 64 867 897 
f 249 1214 1218 252 
f 248 249 252 251 
f 250 65 64 247 
f 1327 1323 66 255 
f 1329 1327 255 254 
f 253 1204 1441 1439 
f 1445 1443 1212 258 
f 1331 1445 258 257 
f 256 103 1325 1333 
f 258 1212 1210 261 
f 257 258 261 260 
f 259 104 103 256 
f 999 893 105 264 
f 997 999 264 263 
f 262 1208 1206 895 
f 556 176 175 265 
f 266 245 244 547 
f 1427 1423 177 557 
f 557 177 176 556 
f 1005 991 246 558 
f 558 246 245 266 
f 272 284 1447 1449 
f 1450 1448 1452 1454 
f 267 279 993 1007 
f 268 280 279 267 
f 269 281 280 268 
f 1453 1451 281 269 
f 1011 1013 282 270 
f 270 282 283 271 
f 271 283 284 272 
f 278 272 1449 1431 
f 1432 1450 1454 1436 
f 273 267 1007 1009 
f 274 268 267 273 
f 275 269 268 274 
f 1435 1453 269 275 
f 995 1011 270 276 
f 276 270 271 277 
f 277 271 272 278 
f 284 1456 1447 
f 1448 1455 1458 1452 
f 279 1457 993 
f 280 1457 279 
f 281 1457 280 
f 1451 1457 281 
f 1013 1456 282 
f 282 1456 283 
f 283 1456 284 
f 1466 1460 1462 1464 
f 285 288 287 286 
f 289 285 286 290 
f 291 289 290 292 
f 293 291 292 294 
f 1474 1468 1470 1472 
f 295 298 297 296 
f 1472 1470 1476 1478 
f 299 295 296 300 
f 1478 1476 1480 1482 
f 301 299 300 302 
f 1482 1480 1484 1486 
f 303 301 302 304 
f 305 293 294 306 
f 1486 1484 1488 1490 
f 307 305 306 308 
f 1490 1488 1492 1494 
f 309 307 308 310 
f 1494 1492 1496 1498 
f 311 309 310 312 
f 1498 1496 1500 1502 
f 313 311 312 314 
f 1502 1500 1504 1506 
f 315 313 314 316 
f 1506 1504 1508 1510 
f 317 315 316 318 
f 1510 1508 1512 1514 
f 319 317 318 320 
f 1514 1512 1516 1518 
f 321 319 320 322 
f 1518 1516 1520 1522 
f 323 321 322 324 
f 1522 1520 1524 1526 
f 325 323 324 326 
f 1526 1524 1528 1530 
f 327 325 326 328 
f 1530 1528 1532 1534 
f 329 327 328 330 
f 1534 1532 1536 1538 
f 331 303 304 332 
f 333 331 332 334 
f 335 333 334 336 
f 337 335 336 338 
f 339 337 338 340 
f 341 339 340 342 
f 343 341 342 344 
f 345 343 344 346 
f 347 345 346 348 
f 349 347 348 350 
f 351 349 350 352 
f 353 351 352 354 
f 355 353 354 356 
f 357 360 359 358 
f 1546 1540 1542 1544 
f 361 364 363 362 
f 365 367 297 366 
f 368 365 366 369 
f 370 368 369 371 
f 372 370 371 373 
f 374 372 373 375 
f 376 374 375 377 
f 378 376 377 379 
f 380 378 379 381 
f 382 380 381 383 
f 384 382 383 385 
f 386 384 385 387 
f 388 386 387 389 
f 390 388 389 391 
f 392 390 391 393 
f 394 392 393 395 
f 396 394 395 397 
f 398 396 397 399 
f 400 398 399 401 
f 402 400 401 403 
f 404 402 403 405 
f 406 404 405 407 
f 408 406 407 409 
f 410 408 409 411 
f 412 414 287 413 
f 1468 1474 1548 1550 
f 415 412 413 416 
f 1550 1548 1552 1554 
f 417 415 416 418 
f 1554 1552 1556 1558 
f 419 417 418 420 
f 1558 1556 1560 1562 
f 421 419 420 422 
f 1562 1560 1564 1566 
f 423 421 422 424 
f 1566 1564 1568 1570 
f 425 423 424 426 
f 1570 1568 1572 1574 
f 427 425 426 428 
f 1574 1572 1576 1578 
f 429 427 428 430 
f 1578 1576 1580 1582 
f 431 429 430 432 
f 1582 1580 1584 1586 
f 433 431 432 434 
f 1586 1584 1588 1590 
f 435 433 434 436 
f 1590 1588 1592 1594 
f 437 435 436 438 
f 1594 1592 1596 1598 
f 439 437 438 440 
f 1598 1596 1600 1602 
f 441 439 440 442 
f 1602 1600 1604 1606 
f 443 441 442 444 
f 1606 1604 1608 1610 
f 445 443 444 446 
f 1610 1608 1612 1614 
f 447 445 446 448 
f 1614 1612 1616 1618 
f 449 447 448 450 
f 1618 1616 1620 1622 
f 451 449 450 452 
f 1622 1620 1624 1626 
f 453 451 452 454 
f 1626 1624 1628 1630 
f 455 453 454 456 
f 1630 1628 1632 1634 
f 457 455 456 458 
f 1634 1632 1636 1638 
f 1638 1636 1430 1428 
f 459 1219 1639 1641 
f 1646 1642 1640 1644 
f 1015 460 1221 1223 
f 461 414 1473 1471 
f 286 287 414 461 
f 288 285 1017 1019 
f 462 461 1471 1477 
f 290 286 461 462 
f 285 289 1021 1017 
f 463 462 1477 1481 
f 292 290 462 463 
f 289 291 1023 1021 
f 464 463 1481 1485 
f 294 292 463 464 
f 291 293 1025 1023 
f 465 367 1027 1029 
f 296 297 367 465 
f 298 295 1469 1467 
f 466 465 1029 1031 
f 300 296 465 466 
f 295 299 1475 1469 
f 467 466 1031 1033 
f 302 300 466 467 
f 299 301 1479 1475 
f 468 467 1033 1035 
f 304 302 467 468 
f 301 303 1483 1479 
f 469 464 1485 1489 
f 306 294 464 469 
f 293 305 1037 1025 
f 470 469 1489 1493 
f 308 306 469 470 
f 305 307 1039 1037 
f 471 470 1493 1497 
f 310 308 470 471 
f 307 309 1041 1039 
f 472 471 1497 1501 
f 312 310 471 472 
f 309 311 1043 1041 
f 473 472 1501 1505 
f 314 312 472 473 
f 311 313 1045 1043 
f 474 473 1505 1509 
f 316 314 473 474 
f 313 315 1047 1045 
f 475 474 1509 1513 
f 318 316 474 475 
f 315 317 1049 1047 
f 476 475 1513 1517 
f 320 318 475 476 
f 317 319 1051 1049 
f 477 476 1517 1521 
f 322 320 476 477 
f 319 321 1053 1051 
f 478 477 1521 1525 
f 324 322 477 478 
f 321 323 1055 1053 
f 479 478 1525 1529 
f 326 324 478 479 
f 323 325 1057 1055 
f 480 479 1529 1533 
f 328 326 479 480 
f 325 327 1059 1057 
f 481 480 1533 1537 
f 330 328 480 481 
f 327 329 1061 1059 
f 482 468 1035 1063 
f 332 304 468 482 
f 303 331 1487 1483 
f 483 482 1063 1065 
f 334 332 482 483 
f 331 333 1491 1487 
f 484 483 1065 1067 
f 336 334 483 484 
f 333 335 1495 1491 
f 485 484 1067 1069 
f 338 336 484 485 
f 335 337 1499 1495 
f 486 485 1069 1071 
f 340 338 485 486 
f 337 339 1503 1499 
f 487 486 1071 1073 
f 342 340 486 487 
f 339 341 1507 1503 
f 488 487 1073 1075 
f 344 342 487 488 
f 341 343 1511 1507 
f 489 488 1075 1077 
f 346 344 488 489 
f 343 345 1515 1511 
f 490 489 1077 1079 
f 348 346 489 490 
f 345 347 1519 1515 
f 491 490 1079 1081 
f 350 348 490 491 
f 347 349 1523 1519 
f 492 491 1081 1083 
f 352 350 491 492 
f 349 351 1527 1523 
f 493 492 1083 1085 
f 354 352 492 493 
f 351 353 1531 1527 
f 494 493 1085 1087 
f 356 354 493 494 
f 353 355 1535 1531 
f 496 495 1089 1091 
f 496 357 358 495 
f 497 359 1543 1647 
f 499 498 1541 1539 
f 499 361 362 498 
f 500 363 1093 1095 
f 501 298 1467 1549 
f 366 297 298 501 
f 367 365 1097 1027 
f 502 501 1549 1553 
f 369 366 501 502 
f 365 368 1099 1097 
f 503 502 1553 1557 
f 371 369 502 503 
f 368 370 1101 1099 
f 504 503 1557 1561 
f 373 371 503 504 
f 370 372 1103 1101 
f 505 504 1561 1565 
f 375 373 504 505 
f 372 374 1105 1103 
f 506 505 1565 1569 
f 377 375 505 506 
f 374 376 1107 1105 
f 507 506 1569 1573 
f 379 377 506 507 
f 376 378 1109 1107 
f 508 507 1573 1577 
f 381 379 507 508 
f 378 380 1111 1109 
f 509 508 1577 1581 
f 383 381 508 509 
f 380 382 1113 1111 
f 510 509 1581 1585 
f 385 383 509 510 
f 382 384 1115 1113 
f 511 510 1585 1589 
f 387 385 510 511 
f 384 386 1117 1115 
f 512 511 1589 1593 
f 389 387 511 512 
f 386 388 1119 1117 
f 513 512 1593 1597 
f 391 389 512 513 
f 388 390 1121 1119 
f 514 513 1597 1601 
f 393 391 513 514 
f 390 392 1123 1121 
f 515 514 1601 1605 
f 395 393 514 515 
f 392 394 1125 1123 
f 516 515 1605 1609 
f 397 395 515 516 
f 394 396 1127 1125 
f 517 516 1609 1613 
f 399 397 516 517 
f 396 398 1129 1127 
f 518 517 1613 1617 
f 401 399 517 518 
f 398 400 1131 1129 
f 519 518 1617 1621 
f 403 401 518 519 
f 400 402 1133 1131 
f 520 519 1621 1625 
f 405 403 519 520 
f 402 404 1135 1133 
f 521 520 1625 1629 
f 407 405 520 521 
f 404 406 1137 1135 
f 522 521 1629 1633 
f 409 407 521 522 
f 406 408 1139 1137 
f 523 522 1633 1637 
f 411 409 522 523 
f 408 410 1141 1139 
f 410 265 945 1141 
f 524 288 1019 1143 
f 413 287 288 524 
f 414 412 1547 1473 
f 525 524 1143 1145 
f 416 413 524 525 
f 412 415 1551 1547 
f 526 525 1145 1147 
f 418 416 525 526 
f 415 417 1555 1551 
f 527 526 1147 1149 
f 420 418 526 527 
f 417 419 1559 1555 
f 528 527 1149 1151 
f 422 420 527 528 
f 419 421 1563 1559 
f 529 528 1151 1153 
f 424 422 528 529 
f 421 423 1567 1563 
f 530 529 1153 1155 
f 426 424 529 530 
f 423 425 1571 1567 
f 531 530 1155 1157 
f 428 426 530 531 
f 425 427 1575 1571 
f 532 531 1157 1159 
f 430 428 531 532 
f 427 429 1579 1575 
f 533 532 1159 1161 
f 432 430 532 533 
f 429 431 1583 1579 
f 534 533 1161 1163 
f 434 432 533 534 
f 431 433 1587 1583 
f 535 534 1163 1165 
f 436 434 534 535 
f 433 435 1591 1587 
f 536 535 1165 1167 
f 438 436 535 536 
f 435 437 1595 1591 
f 537 536 1167 1169 
f 440 438 536 537 
f 437 439 1599 1595 
f 538 537 1169 1171 
f 442 440 537 538 
f 439 441 1603 1599 
f 539 538 1171 1173 
f 444 442 538 539 
f 441 443 1607 1603 
f 540 539 1173 1175 
f 446 444 539 540 
f 443 445 1611 1607 
f 541 540 1175 1177 
f 448 446 540 541 
f 445 447 1615 1611 
f 542 541 1177 1179 
f 450 448 541 542 
f 447 449 1619 1615 
f 543 542 1179 1181 
f 452 450 542 543 
f 449 451 1623 1619 
f 544 543 1181 1183 
f 454 452 543 544 
f 451 453 1627 1623 
f 545 544 1183 1185 
f 456 454 544 545 
f 453 455 1631 1627 
f 546 545 1185 1187 
f 458 456 545 546 
f 455 457 1635 1631 
f 457 547 1429 1635 
f 460 548 1225 1221 
f 548 549 1227 1225 
f 549 1645 1643 1227 
f 550 1189 1229 1231 
f 551 550 1231 1233 
f 459 551 1233 1219 
f 552 497 1220 1234 
f 358 359 497 552 
f 360 357 330 481 
f 1648 1650 1652 1654 
f 1544 1542 1650 1648 
f 1540 1546 1538 1536 
f 553 500 1222 1226 
f 362 363 500 553 
f 364 361 356 494 
f 554 1232 1230 1191 
f 495 554 1191 1089 
f 496 1091 1061 329 
f 554 552 1234 1232 
f 495 358 552 554 
f 357 496 329 330 
f 360 481 1537 1545 
f 359 360 1545 1543 
f 497 1647 1653 1220 
f 555 1228 1651 1649 
f 498 555 1649 1541 
f 499 1539 1535 355 
f 555 553 1226 1228 
f 498 362 553 555 
f 361 499 355 356 
f 364 494 1087 1193 
f 363 364 1193 1093 
f 500 1095 1224 1222 
f 556 265 410 411 
f 266 547 457 458 
f 557 523 1637 1427 
f 557 556 411 523 
f 558 546 1187 1005 
f 558 266 458 546 
f 559 1655 1657 560 
f 1656 1660 1662 1658 
f 561 1195 1197 562 
f 563 561 562 564 
f 565 563 564 566 
f 565 566 1661 1659 
f 568 567 1199 1201 
f 568 570 569 567 
f 570 559 560 569 
f 459 1641 1655 559 
f 1642 1646 1660 1656 
f 460 1015 1195 561 
f 548 460 561 563 
f 549 548 563 565 
f 549 565 1659 1645 
f 550 568 1201 1189 
f 550 551 570 568 
f 551 459 559 570 
f 560 1657 1663 
f 1658 1662 1665 1664 
f 562 1197 1666 
f 564 562 1666 
f 566 564 1666 
f 566 1666 1661 
f 567 1663 1199 
f 567 569 1663 
f 569 560 1663 
f 1016 1235 1237 657 
f 1196 1016 657 658 
f 1198 1196 658 659 
f 1198 659 1667 1669 
f 1030 1028 655 660 
f 1032 1030 660 661 
f 1034 1032 661 662 
f 1036 1034 662 663 
f 1064 1036 663 664 
f 1066 1064 664 665 
f 1068 1066 665 666 
f 1070 1068 666 667 
f 1072 1070 667 668 
f 1074 1072 668 669 
f 1076 1074 669 670 
f 1078 1076 670 671 
f 1080 1078 671 672 
f 1082 1080 672 673 
f 1084 1082 673 674 
f 1086 1084 674 675 
f 1088 1086 675 676 
f 1194 1088 676 677 
f 1094 1194 677 678 
f 1096 1094 678 679 
f 1236 1096 679 1238 
f 1138 1140 656 
f 1136 1138 656 
f 1134 1136 656 
f 1132 1134 656 
f 1130 1132 656 680 
f 1128 1130 680 681 
f 1126 1128 681 682 
f 1124 1126 682 683 
f 1122 1124 683 684 
f 1120 1122 684 685 
f 1118 1120 685 686 
f 1116 1118 686 687 
f 1114 1116 687 688 
f 1112 1114 688 689 
f 1110 1112 689 690 
f 1108 1110 690 691 
f 1106 1108 691 692 
f 1104 1106 692 693 
f 1102 1104 693 694 
f 1100 1102 694 695 
f 1098 1100 695 696 
f 1028 1098 696 655 
f 942 654 595 944 
f 1672 1674 1668 1676 
f 1239 1241 613 571 
f 571 613 614 572 
f 572 614 615 573 
f 573 615 1463 1675 
f 574 653 616 575 
f 575 616 617 576 
f 576 617 618 577 
f 577 618 619 578 
f 578 619 620 579 
f 579 620 621 580 
f 580 621 622 581 
f 581 622 623 582 
f 582 623 624 583 
f 583 624 625 584 
f 584 625 626 585 
f 585 626 627 586 
f 586 627 628 587 
f 587 628 629 588 
f 588 629 630 589 
f 589 630 631 590 
f 590 631 632 591 
f 591 632 633 592 
f 592 633 634 593 
f 593 634 635 594 
f 594 635 1242 1240 
f 595 654 636 596 
f 596 636 637 597 
f 597 637 638 598 
f 598 638 639 599 
f 599 639 640 600 
f 600 640 641 601 
f 601 641 642 602 
f 602 642 643 603 
f 603 643 644 604 
f 604 644 645 605 
f 605 645 646 606 
f 606 646 647 607 
f 607 647 648 608 
f 608 648 649 609 
f 609 649 650 610 
f 610 650 651 611 
f 611 651 652 612 
f 612 652 653 574 
f 1462 1672 1676 1464 
f 1241 1243 1010 613 
f 613 1010 1008 614 
f 614 1008 994 615 
f 615 994 1465 1463 
f 653 836 834 616 
f 616 834 838 617 
f 617 838 840 618 
f 618 840 842 619 
f 619 842 870 620 
f 620 870 872 621 
f 621 872 874 622 
f 622 874 876 623 
f 623 876 878 624 
f 624 878 880 625 
f 625 880 882 626 
f 626 882 884 627 
f 627 884 886 628 
f 628 886 888 629 
f 629 888 890 630 
f 630 890 892 631 
f 631 892 894 632 
f 632 894 1000 633 
f 633 1000 998 634 
f 634 998 896 635 
f 635 896 1244 1242 
f 654 942 940 
f 654 940 938 
f 654 938 936 
f 654 936 934 
f 654 934 932 636 
f 636 932 930 637 
f 637 930 928 638 
f 638 928 926 639 
f 639 926 924 640 
f 640 924 922 641 
f 641 922 920 642 
f 642 920 918 643 
f 643 918 916 644 
f 644 916 914 645 
f 645 914 912 646 
f 646 912 910 647 
f 647 910 908 648 
f 648 908 906 649 
f 649 906 904 650 
f 650 904 902 651 
f 651 902 900 652 
f 652 900 836 653 
f 1237 1239 571 657 
f 657 571 572 658 
f 658 572 573 659 
f 659 573 1675 1667 
f 655 574 575 660 
f 660 575 576 661 
f 661 576 577 662 
f 662 577 578 663 
f 663 578 579 664 
f 664 579 580 665 
f 665 580 581 666 
f 666 581 582 667 
f 667 582 583 668 
f 668 583 584 669 
f 669 584 585 670 
f 670 585 586 671 
f 671 586 587 672 
f 672 587 588 673 
f 673 588 589 674 
f 674 589 590 675 
f 675 590 591 676 
f 676 591 592 677 
f 677 592 593 678 
f 678 593 594 679 
f 679 594 1240 1238 
f 656 595 596 680 
f 680 596 597 681 
f 681 597 598 682 
f 682 598 599 683 
f 683 599 600 684 
f 684 600 601 685 
f 685 601 602 686 
f 686 602 603 687 
f 687 603 604 688 
f 688 604 605 689 
f 689 605 606 690 
f 690 606 607 691 
f 691 607 608 692 
f 692 608 609 693 
f 693 609 610 694 
f 694 610 611 695 
f 695 611 612 696 
f 696 612 574 655 
f 1674 1678 1670 1668 
f 595 1142 946 
f 595 946 944 
f 595 656 1140 1142 
f 1200 1677 1673 781 
f 1202 1200 781 782 
f 1190 1202 782 783 
f 1190 783 1245 1247 
f 1192 1248 1246 784 
f 1090 1192 784 785 
f 1092 1090 785 786 
f 1062 1092 786 787 
f 1060 1062 787 788 
f 1058 1060 788 789 
f 1056 1058 789 790 
f 1054 1056 790 791 
f 1052 1054 791 792 
f 1050 1052 792 793 
f 1048 1050 793 794 
f 1046 1048 794 795 
f 1044 1046 795 796 
f 1042 1044 796 797 
f 1040 1042 797 798 
f 1038 1040 798 799 
f 1026 1038 799 800 
f 1024 1026 800 801 
f 1022 1024 801 802 
f 1018 1022 802 803 
f 1020 1018 803 804 
f 1144 1020 804 805 
f 1146 1144 805 806 
f 1148 1146 806 807 
f 1150 1148 807 808 
f 1152 1150 808 809 
f 1154 1152 809 810 
f 1156 1154 810 811 
f 1158 1156 811 812 
f 1160 1158 812 813 
f 1162 1160 813 814 
f 1164 1162 814 815 
f 1166 1164 815 816 
f 1168 1166 816 817 
f 1170 1168 817 818 
f 1172 1170 818 819 
f 1174 1172 819 820 
f 1176 1174 820 821 
f 1178 1176 821 822 
f 984 780 982 
f 1671 1461 739 697 
f 697 739 740 698 
f 698 740 741 699 
f 699 741 1249 1251 
f 1252 1250 742 700 
f 700 742 743 701 
f 701 743 744 702 
f 702 744 745 703 
f 703 745 746 704 
f 704 746 747 705 
f 705 747 748 706 
f 706 748 749 707 
f 707 749 750 708 
f 708 750 751 709 
f 709 751 752 710 
f 710 752 753 711 
f 711 753 754 712 
f 712 754 755 713 
f 713 755 756 714 
f 714 756 757 715 
f 715 757 758 716 
f 716 758 759 717 
f 717 759 760 718 
f 718 760 761 719 
f 719 761 762 720 
f 720 762 763 721 
f 721 763 764 722 
f 722 764 765 723 
f 723 765 766 724 
f 724 766 767 725 
f 725 767 768 726 
f 726 768 769 727 
f 727 769 770 728 
f 728 770 771 729 
f 729 771 772 730 
f 730 772 773 731 
f 731 773 774 732 
f 732 774 775 733 
f 733 775 776 734 
f 734 776 777 735 
f 735 777 778 736 
f 736 778 779 737 
f 737 779 780 738 
f 1461 1459 1014 739 
f 739 1014 1012 740 
f 740 1012 996 741 
f 741 996 1253 1249 
f 1250 1254 1004 742 
f 742 1004 1002 743 
f 743 1002 898 744 
f 744 898 868 745 
f 745 868 866 746 
f 746 866 864 747 
f 747 864 862 748 
f 748 862 860 749 
f 749 860 858 750 
f 750 858 856 751 
f 751 856 854 752 
f 752 854 852 753 
f 753 852 850 754 
f 754 850 848 755 
f 755 848 846 756 
f 756 846 844 757 
f 757 844 832 758 
f 758 832 830 759 
f 759 830 828 760 
f 760 828 826 761 
f 761 826 824 762 
f 762 824 948 763 
f 763 948 950 764 
f 764 950 952 765 
f 765 952 954 766 
f 766 954 956 767 
f 767 956 958 768 
f 768 958 960 769 
f 769 960 962 770 
f 770 962 964 771 
f 771 964 966 772 
f 772 966 968 773 
f 773 968 970 774 
f 774 970 972 775 
f 775 972 974 776 
f 776 974 976 777 
f 777 976 978 778 
f 778 978 980 779 
f 779 980 982 780 
f 1673 1671 697 781 
f 781 697 698 782 
f 782 698 699 783 
f 783 699 1251 1245 
f 1246 1252 700 784 
f 784 700 701 785 
f 785 701 702 786 
f 786 702 703 787 
f 787 703 704 788 
f 788 704 705 789 
f 789 705 706 790 
f 790 706 707 791 
f 791 707 708 792 
f 792 708 709 793 
f 793 709 710 794 
f 794 710 711 795 
f 795 711 712 796 
f 796 712 713 797 
f 797 713 714 798 
f 798 714 715 799 
f 799 715 716 800 
f 800 716 717 801 
f 801 717 718 802 
f 802 718 719 803 
f 803 719 720 804 
f 804 720 721 805 
f 805 721 722 806 
f 806 722 723 807 
f 807 723 724 808 
f 808 724 725 809 
f 809 725 726 810 
f 810 726 727 811 
f 811 727 728 812 
f 812 728 729 813 
f 813 729 730 814 
f 814 730 731 815 
f 815 731 732 816 
f 816 732 733 817 
f 817 733 734 818 
f 818 734 735 819 
f 819 735 736 820 
f 820 736 737 821 
f 821 737 738 822 
f 1006 1188 738 
f 1188 1186 822 738 
f 992 1006 738 
f 990 992 738 780 
f 988 990 780 
f 986 988 780 
f 984 986 780 
f 1186 1184 822 
f 1184 1182 822 
f 1182 1180 822 
f 1180 1178 822 
f 1460 1466 1458 1455 
f 1016 1015 1223 1235 
f 1016 1196 1195 1015 
f 1196 1198 1197 1195 
f 1198 1669 1666 1197 
f 1028 1030 1029 1027 
f 1030 1032 1031 1029 
f 1032 1034 1033 1031 
f 1034 1036 1035 1033 
f 1036 1064 1063 1035 
f 1064 1066 1065 1063 
f 1066 1068 1067 1065 
f 1068 1070 1069 1067 
f 1070 1072 1071 1069 
f 1072 1074 1073 1071 
f 1074 1076 1075 1073 
f 1076 1078 1077 1075 
f 1078 1080 1079 1077 
f 1080 1082 1081 1079 
f 1082 1084 1083 1081 
f 1084 1086 1085 1083 
f 1086 1088 1087 1085 
f 1088 1194 1193 1087 
f 1194 1094 1093 1193 
f 1094 1096 1095 1093 
f 1096 1236 1224 1095 
f 1140 1138 1137 1139 
f 1138 1136 1135 1137 
f 1136 1134 1133 1135 
f 1134 1132 1131 1133 
f 1132 1130 1129 1131 
f 1130 1128 1127 1129 
f 1128 1126 1125 1127 
f 1126 1124 1123 1125 
f 1124 1122 1121 1123 
f 1122 1120 1119 1121 
f 1120 1118 1117 1119 
f 1118 1116 1115 1117 
f 1116 1114 1113 1115 
f 1114 1112 1111 1113 
f 1112 1110 1109 1111 
f 1110 1108 1107 1109 
f 1108 1106 1105 1107 
f 1106 1104 1103 1105 
f 1104 1102 1101 1103 
f 1102 1100 1099 1101 
f 1100 1098 1097 1099 
f 1098 1028 1027 1097 
f 942 944 943 941 
f 1010 1243 1205 1009 
f 1008 1010 1009 1007 
f 994 1008 1007 993 
f 994 993 1457 1465 
f 834 836 835 833 
f 838 834 833 837 
f 840 838 837 839 
f 842 840 839 841 
f 870 842 841 869 
f 872 870 869 871 
f 874 872 871 873 
f 876 874 873 875 
f 878 876 875 877 
f 880 878 877 879 
f 882 880 879 881 
f 884 882 881 883 
f 886 884 883 885 
f 888 886 885 887 
f 890 888 887 889 
f 892 890 889 891 
f 894 892 891 893 
f 1000 894 893 999 
f 998 1000 999 997 
f 896 998 997 895 
f 1244 896 895 1206 
f 940 942 941 939 
f 938 940 939 937 
f 936 938 937 935 
f 934 936 935 933 
f 932 934 933 931 
f 930 932 931 929 
f 928 930 929 927 
f 926 928 927 925 
f 924 926 925 923 
f 922 924 923 921 
f 920 922 921 919 
f 918 920 919 917 
f 916 918 917 915 
f 914 916 915 913 
f 912 914 913 911 
f 910 912 911 909 
f 908 910 909 907 
f 906 908 907 905 
f 904 906 905 903 
f 902 904 903 901 
f 900 902 901 899 
f 836 900 899 835 
f 1670 1678 1664 1665 
f 946 1142 1141 945 
f 944 946 945 943 
f 1142 1140 1139 1141 
f 1200 1199 1663 1677 
f 1200 1202 1201 1199 
f 1202 1190 1189 1201 
f 1190 1247 1229 1189 
f 1248 1192 1191 1230 
f 1192 1090 1089 1191 
f 1090 1092 1091 1089 
f 1092 1062 1061 1091 
f 1062 1060 1059 1061 
f 1060 1058 1057 1059 
f 1058 1056 1055 1057 
f 1056 1054 1053 1055 
f 1054 1052 1051 1053 
f 1052 1050 1049 1051 
f 1050 1048 1047 1049 
f 1048 1046 1045 1047 
f 1046 1044 1043 1045 
f 1044 1042 1041 1043 
f 1042 1040 1039 1041 
f 1040 1038 1037 1039 
f 1038 1026 1025 1037 
f 1026 1024 1023 1025 
f 1024 1022 1021 1023 
f 1022 1018 1017 1021 
f 1018 1020 1019 1017 
f 1020 1144 1143 1019 
f 1144 1146 1145 1143 
f 1146 1148 1147 1145 
f 1148 1150 1149 1147 
f 1150 1152 1151 1149 
f 1152 1154 1153 1151 
f 1154 1156 1155 1153 
f 1156 1158 1157 1155 
f 1158 1160 1159 1157 
f 1160 1162 1161 1159 
f 1162 1164 1163 1161 
f 1164 1166 1165 1163 
f 1166 1168 1167 1165 
f 1168 1170 1169 1167 
f 1170 1172 1171 1169 
f 1172 1174 1173 1171 
f 1174 1176 1175 1173 
f 1176 1178 1177 1175 
f 984 982 981 983 
f 1014 1459 1456 1013 
f 1012 1014 1013 1011 
f 996 1012 1011 995 
f 996 995 1215 1253 
f 1004 1254 1216 1003 
f 1002 1004 1003 1001 
f 898 1002 1001 897 
f 868 898 897 867 
f 866 868 867 865 
f 864 866 865 863 
f 862 864 863 861 
f 860 862 861 859 
f 858 860 859 857 
f 856 858 857 855 
f 854 856 855 853 
f 852 854 853 851 
f 850 852 851 849 
f 848 850 849 847 
f 846 848 847 845 
f 844 846 845 843 
f 832 844 843 831 
f 830 832 831 829 
f 828 830 829 827 
f 826 828 827 825 
f 824 826 825 823 
f 948 824 823 947 
f 950 948 947 949 
f 952 950 949 951 
f 954 952 951 953 
f 956 954 953 955 
f 958 956 955 957 
f 960 958 957 959 
f 962 960 959 961 
f 964 962 961 963 
f 966 964 963 965 
f 968 966 965 967 
f 970 968 967 969 
f 972 970 969 971 
f 974 972 971 973 
f 976 974 973 975 
f 978 976 975 977 
f 980 978 977 979 
f 982 980 979 981 
f 1188 1006 1005 1187 
f 1186 1188 1187 1185 
f 1006 992 991 1005 
f 992 990 989 991 
f 990 988 987 989 
f 988 986 985 987 
f 986 984 983 985 
f 1184 1186 1185 1183 
f 1182 1184 1183 1181 
f 1180 1182 1181 1179 
f 1178 1180 1179 1177 
f 1204 1218 1217 1203 
f 1444 1442 1434 1438 
f 1208 1210 1209 1207 
f 1214 1216 1215 1213 
f 1218 1214 1213 1217 
f 1204 1203 1433 1441 
f 1212 1443 1437 1211 
f 1210 1212 1211 1209 
f 1206 1208 1207 1205 
f 1234 1220 1219 1233 
f 1654 1652 1644 1640 
f 1226 1222 1221 1225 
f 1230 1232 1231 1229 
f 1232 1234 1233 1231 
f 1220 1653 1639 1219 
f 1228 1227 1643 1651 
f 1228 1226 1225 1227 
f 1222 1224 1223 1221 
f 1236 1238 1237 1235 
f 1240 1242 1241 1239 
f 1242 1244 1243 1241 
f 1238 1240 1239 1237 
f 1246 1248 1247 1245 
f 1250 1252 1251 1249 
f 1254 1250 1249 1253 
f 1252 1246 1245 1251 
f 1224 1236 1235 1223 
f 1244 1206 1205 1243 
f 1248 1230 1229 1247 
f 1216 1254 1253 1215 
f 1258 1256 1255 1257 
f 1262 1260 1259 1261 
f 1264 1258 1257 1263 
f 1260 1266 1265 1259 
f 1268 1264 1263 1267 
f 1266 1270 1269 1265 
f 1272 1268 1267 1271 
f 1270 1274 1273 1269 
f 1276 1272 1271 1275 
f 1274 1278 1277 1273 
f 1280 1276 1275 1279 
f 1278 1282 1281 1277 
f 1284 1280 1279 1283 
f 1282 1286 1285 1281 
f 1288 1284 1283 1287 
f 1286 1290 1289 1285 
f 1292 1288 1287 1291 
f 1290 1294 1293 1289 
f 1296 1292 1291 1295 
f 1294 1298 1297 1293 
f 1300 1296 1295 1299 
f 1298 1302 1301 1297 
f 1304 1300 1299 1303 
f 1302 1306 1305 1301 
f 1308 1304 1303 1307 
f 1306 1310 1309 1305 
f 1312 1308 1307 1311 
f 1310 1314 1313 1309 
f 1316 1312 1311 1315 
f 1314 1318 1317 1313 
f 1320 1316 1315 1319 
f 1318 1322 1321 1317 
f 1324 1320 1319 1323 
f 1322 1326 1325 1321 
f 1330 1328 1327 1329 
f 1334 1332 1331 1333 
f 1336 1262 1261 1335 
f 1256 1338 1337 1255 
f 1340 1336 1335 1339 
f 1338 1342 1341 1337 
f 1344 1340 1339 1343 
f 1342 1346 1345 1341 
f 1348 1344 1343 1347 
f 1346 1350 1349 1345 
f 1352 1348 1347 1351 
f 1350 1354 1353 1349 
f 1356 1352 1351 1355 
f 1354 1358 1357 1353 
f 1360 1356 1355 1359 
f 1358 1362 1361 1357 
f 1364 1360 1359 1363 
f 1362 1366 1365 1361 
f 1368 1364 1363 1367 
f 1366 1370 1369 1365 
f 1372 1368 1367 1371 
f 1370 1374 1373 1369 
f 1376 1372 1371 1375 
f 1374 1378 1377 1373 
f 1380 1376 1375 1379 
f 1378 1382 1381 1377 
f 1384 1380 1379 1383 
f 1382 1386 1385 1381 
f 1388 1384 1383 1387 
f 1386 1390 1389 1385 
f 1392 1388 1387 1391 
f 1390 1394 1393 1389 
f 1396 1392 1391 1395 
f 1394 1398 1397 1393 
f 1400 1396 1395 1399 
f 1398 1402 1401 1397 
f 1404 1400 1399 1403 
f 1402 1406 1405 1401 
f 1408 1404 1403 1407 
f 1406 1410 1409 1405 
f 1412 1408 1407 1411 
f 1410 1414 1413 1409 
f 1416 1412 1411 1415 
f 1414 1418 1417 1413 
f 1420 1416 1415 1419 
f 1418 1422 1421 1417 
f 1424 1420 1419 1423 
f 1422 1426 1425 1421 
f 1428 1424 1423 1427 
f 1426 1430 1429 1425 
f 1432 1434 1433 1431 
f 1438 1436 1435 1437 
f 1442 1440 1439 1441 
f 1446 1444 1443 1445 
f 1440 1330 1329 1439 
f 1332 1446 1445 1331 
f 1326 1334 1333 1325 
f 1328 1324 1323 1327 
f 1448 1450 1449 1447 
f 1454 1452 1451 1453 
f 1450 1432 1431 1449 
f 1436 1454 1453 1435 
f 1455 1448 1447 1456 
f 1452 1458 1457 1451 
f 1462 1460 1459 1461 
f 1466 1464 1463 1465 
f 1470 1468 1467 1469 
f 1474 1472 1471 1473 
f 1476 1470 1469 1475 
f 1472 1478 1477 1471 
f 1480 1476 1475 1479 
f 1478 1482 1481 1477 
f 1484 1480 1479 1483 
f 1482 1486 1485 1481 
f 1488 1484 1483 1487 
f 1486 1490 1489 1485 
f 1492 1488 1487 1491 
f 1490 1494 1493 1489 
f 1496 1492 1491 1495 
f 1494 1498 1497 1493 
f 1500 1496 1495 1499 
f 1498 1502 1501 1497 
f 1504 1500 1499 1503 
f 1502 1506 1505 1501 
f 1508 1504 1503 1507 
f 1506 1510 1509 1505 
f 1512 1508 1507 1511 
f 1510 1514 1513 1509 
f 1516 1512 1511 1515 
f 1514 1518 1517 1513 
f 1520 1516 1515 1519 
f 1518 1522 1521 1517 
f 1524 1520 1519 1523 
f 1522 1526 1525 1521 
f 1528 1524 1523 1527 
f 1526 1530 1529 1525 
f 1532 1528 1527 1531 
f 1530 1534 1533 1529 
f 1536 1532 1531 1535 
f 1534 1538 1537 1533 
f 1542 1540 1539 1541 
f 1546 1544 1543 1545 
f 1548 1474 1473 1547 
f 1468 1550 1549 1467 
f 1552 1548 1547 1551 
f 1550 1554 1553 1549 
f 1556 1552 1551 1555 
f 1554 1558 1557 1553 
f 1560 1556 1555 1559 
f 1558 1562 1561 1557 
f 1564 1560 1559 1563 
f 1562 1566 1565 1561 
f 1568 1564 1563 1567 
f 1566 1570 1569 1565 
f 1572 1568 1567 1571 
f 1570 1574 1573 1569 
f 1576 1572 1571 1575 
f 1574 1578 1577 1573 
f 1580 1576 1575 1579 
f 1578 1582 1581 1577 
f 1584 1580 1579 1583 
f 1582 1586 1585 1581 
f 1588 1584 1583 1587 
f 1586 1590 1589 1585 
f 1592 1588 1587 1591 
f 1590 1594 1593 1589 
f 1596 1592 1591 1595 
f 1594 1598 1597 1593 
f 1600 1596 1595 1599 
f 1598 1602 1601 1597 
f 1604 1600 1599 1603 
f 1602 1606 1605 1601 
f 1608 1604 1603 1607 
f 1606 1610 1609 1605 
f 1612 1608 1607 1611 
f 1610 1614 1613 1609 
f 1616 1612 1611 1615 
f 1614 1618 1617 1613 
f 1620 1616 1615 1619 
f 1618 1622 1621 1617 
f 1624 1620 1619 1623 
f 1622 1626 1625 1621 
f 1628 1624 1623 1627 
f 1626 1630 1629 1625 
f 1632 1628 1627 1631 
f 1630 1634 1633 1629 
f 1636 1632 1631 1635 
f 1634 1638 1637 1633 
f 1430 1636 1635 1429 
f 1638 1428 1427 1637 
f 1640 1642 1641 1639 
f 1646 1644 1643 1645 
f 1652 1650 1649 1651 
f 1648 1654 1653 1647 
f 1650 1542 1541 1649 
f 1544 1648 1647 1543 
f 1538 1546 1545 1537 
f 1540 1536 1535 1539 
f 1662 1660 1659 1661 
f 1656 1658 1657 1655 
f 1660 1646 1645 1659 
f 1642 1656 1655 1641 
f 1665 1662 1661 1666 
f 1658 1664 1663 1657 
f 1674 1672 1671 1673 
f 1676 1668 1667 1675 
f 1672 1462 1461 1671 
f 1464 1676 1675 1463 
f 1678 1674 1673 1677 
f 1668 1670 1669 1667 
f 1458 1466 1465 1457 
f 1460 1455 1456 1459 
f 1664 1678 1677 1663 
f 1670 1665 1666 1669 
f 1434 1442 1441 1433 
f 1444 1438 1437 1443 
f 1644 1652 1651 1643 
f 1654 1640 1639 1653 
f 2374 2525 2526 2372 
f 1945 1682 1839 1837 
f 1945 1680 1683 1682 
f 1680 1905 1684 1683 
f 1905 3552 3554 1684 
f 1686 1685 2207 2209 
f 1686 2371 2375 1685 
f 2372 2526 2527 2376 
f 1682 1687 1841 1839 
f 1682 1683 1688 1687 
f 1683 1684 1689 1688 
f 1684 3554 3556 1689 
f 1685 1690 2211 2207 
f 1685 2375 2377 1690 
f 2376 2527 2528 2378 
f 1687 1691 1843 1841 
f 1687 1688 1692 1691 
f 1688 1689 1693 1692 
f 1689 3556 3558 1693 
f 1690 1694 2213 2211 
f 1690 2377 2379 1694 
f 2378 2528 2529 2380 
f 1691 1695 1845 1843 
f 1691 1692 1696 1695 
f 1692 1693 1697 1696 
f 1693 3558 3560 1697 
f 1694 1698 2215 2213 
f 1694 2379 2381 1698 
f 2380 2529 2530 2382 
f 1695 1699 1847 1845 
f 1695 1696 1700 1699 
f 1696 1697 1701 1700 
f 1697 3560 3562 1701 
f 1698 1702 2217 2215 
f 1698 2381 2383 1702 
f 2382 2530 2531 2384 
f 1699 1703 1849 1847 
f 1699 1700 1704 1703 
f 1700 1701 1705 1704 
f 1701 3562 3564 1705 
f 1702 1706 2219 2217 
f 1702 2383 2385 1706 
f 2384 2531 2532 2386 
f 1703 1707 1851 1849 
f 1703 1704 1708 1707 
f 1704 1705 1709 1708 
f 1705 3564 3566 1709 
f 1706 1710 2221 2219 
f 1706 2385 2387 1710 
f 2386 2532 2533 2388 
f 1707 1711 1853 1851 
f 1707 1708 1712 1711 
f 1708 1709 1713 1712 
f 1709 3566 3568 1713 
f 1710 1714 2223 2221 
f 1710 2387 2389 1714 
f 2388 2533 2534 2390 
f 1711 1715 1855 1853 
f 1711 1712 1716 1715 
f 1712 1713 1717 1716 
f 1713 3568 3570 1717 
f 1714 1718 2225 2223 
f 1714 2389 2391 1718 
f 2390 2534 2535 2392 
f 1715 1719 1857 1855 
f 1715 1716 1720 1719 
f 1716 1717 1721 1720 
f 1717 3570 3572 1721 
f 1718 1722 2227 2225 
f 1718 2391 2393 1722 
f 2392 2535 2536 2394 
f 1719 1723 1859 1857 
f 1719 1720 1724 1723 
f 1720 1721 1725 1724 
f 1721 3572 3574 1725 
f 1722 1726 2229 2227 
f 1722 2393 2395 1726 
f 2394 2536 2537 2396 
f 1723 1727 1861 1859 
f 1723 1724 1728 1727 
f 1724 1725 1729 1728 
f 1725 3574 3576 1729 
f 1726 1730 2231 2229 
f 1726 2395 2397 1730 
f 2396 2537 2538 2398 
f 1727 1731 1863 1861 
f 1727 1728 1732 1731 
f 1728 1729 1733 1732 
f 1729 3576 3578 1733 
f 1730 1734 2233 2231 
f 1730 2397 2399 1734 
f 2398 2538 2539 2400 
f 1731 1735 1865 1863 
f 1731 1732 1736 1735 
f 1732 1733 1737 1736 
f 1733 3578 3580 1737 
f 1734 1738 2235 2233 
f 1734 2399 2401 1738 
f 2400 2539 2540 2402 
f 1735 1739 1867 1865 
f 1735 1736 1740 1739 
f 1736 1737 1741 1740 
f 1737 3580 3582 1741 
f 1738 1742 2237 2235 
f 1738 2401 2403 1742 
f 2402 2540 2541 2404 
f 1739 1743 1869 1867 
f 1739 1740 1744 1743 
f 1740 1741 1745 1744 
f 1741 3582 3584 1745 
f 1742 1746 2239 2237 
f 1742 2403 2405 1746 
f 2404 2541 2542 2406 
f 1743 1747 1871 1869 
f 1743 1744 1748 1747 
f 1744 1745 1749 1748 
f 1745 3584 3586 1749 
f 1746 1750 2241 2239 
f 1746 2405 2407 1750 
f 2406 2542 2543 2408 
f 1747 1751 1873 1871 
f 1747 1748 1752 1751 
f 1748 1749 1753 1752 
f 1749 3586 3588 1753 
f 1750 1754 2243 2241 
f 1750 2407 2409 1754 
f 2408 2543 2544 2410 
f 1751 1755 1875 1873 
f 1751 1752 1756 1755 
f 1752 1753 1757 1756 
f 1753 3588 3590 1757 
f 1754 1758 2245 2243 
f 1754 2409 2411 1758 
f 2410 2544 2545 2412 
f 1755 1759 1877 1875 
f 1755 1756 1760 1759 
f 1756 1757 1761 1760 
f 1757 3590 3592 1761 
f 1758 1762 2247 2245 
f 1758 2411 2413 1762 
f 2412 2545 2546 2414 
f 1759 1763 1879 1877 
f 1759 1760 1764 1763 
f 1760 1761 1765 1764 
f 1761 3592 3594 1765 
f 1762 1766 2249 2247 
f 1762 2413 2415 1766 
f 2414 2546 2547 2416 
f 1763 1767 1881 1879 
f 1763 1764 1768 1767 
f 1764 1765 1769 1768 
f 1765 3594 3596 1769 
f 1766 1770 2251 2249 
f 1766 2415 2417 1770 
f 2416 2547 2548 2418 
f 1767 1771 1883 1881 
f 1767 1768 1772 1771 
f 1768 1769 1773 1772 
f 1769 3596 3598 1773 
f 1770 1774 2253 2251 
f 1770 2417 2419 1774 
f 2418 2548 2549 2420 
f 1771 1775 1885 1883 
f 1771 1772 1776 1775 
f 1772 1773 1777 1776 
f 1773 3598 3600 1777 
f 1774 1778 2255 2253 
f 1774 2419 2421 1778 
f 2420 2549 2550 2422 
f 1775 1779 1887 1885 
f 1775 1776 1780 1779 
f 1776 1777 1781 1780 
f 1777 3600 3602 1781 
f 1778 1782 2257 2255 
f 1778 2421 2423 1782 
f 2422 2550 2551 2424 
f 1779 1783 1889 1887 
f 1779 1780 1784 1783 
f 1780 1781 1785 1784 
f 1781 3602 3604 1785 
f 1782 1786 2259 2257 
f 1782 2423 2425 1786 
f 2424 2551 2552 2426 
f 1783 1787 1891 1889 
f 1783 1784 1788 1787 
f 1784 1785 1789 1788 
f 1785 3604 3606 1789 
f 1786 1790 2261 2259 
f 1786 2425 2427 1790 
f 2426 2552 2553 2428 
f 1787 1791 1893 1891 
f 1787 1788 1792 1791 
f 1788 1789 1793 1792 
f 1789 3606 3608 1793 
f 1790 1794 2263 2261 
f 1790 2427 2429 1794 
f 2428 2553 2554 2430 
f 1791 1795 1895 1893 
f 1791 1792 1796 1795 
f 1792 1793 1797 1796 
f 1793 3608 3610 1797 
f 1794 1798 2265 2263 
f 1794 2429 2431 1798 
f 2430 2554 2555 2432 
f 1795 1799 1897 1895 
f 1795 1796 1800 1799 
f 1796 1797 1801 1800 
f 1797 3610 3612 1801 
f 1798 1802 2267 2265 
f 1798 2431 2433 1802 
f 2432 2555 2556 2434 
f 1799 1803 1899 1897 
f 1799 1800 1804 1803 
f 1800 1801 1805 1804 
f 1801 3612 3614 1805 
f 1802 1926 2273 2267 
f 1802 2433 2435 1926 
f 2434 2518 2519 
f 1803 2133 2134 1899 
f 1803 1804 2135 2133 
f 1804 1805 1679 2135 
f 1805 3614 3616 1679 
f 2210 1806 1681 2270 
f 2208 1807 1806 2210 
f 2212 1808 1807 2208 
f 2214 1809 1808 2212 
f 2216 1810 1809 2214 
f 2218 1811 1810 2216 
f 2220 1812 1811 2218 
f 2222 1813 1812 2220 
f 2224 1814 1813 2222 
f 2226 1815 1814 2224 
f 2228 1816 1815 2226 
f 2230 1817 1816 2228 
f 2232 1818 1817 2230 
f 2234 1819 1818 2232 
f 2236 1820 1819 2234 
f 2238 1821 1820 2236 
f 2240 1822 1821 2238 
f 2242 1823 1822 2240 
f 2244 1824 1823 2242 
f 2246 1825 1824 2244 
f 2248 1826 1825 2246 
f 2250 1827 1826 2248 
f 2252 1828 1827 2250 
f 2254 1829 1828 2252 
f 2256 1830 1829 2254 
f 2258 1831 1830 2256 
f 2260 1832 1831 2258 
f 2262 1833 1832 2260 
f 2264 1834 1833 2262 
f 2266 1835 1834 2264 
f 2268 1836 1835 2266 
f 2167 1686 2209 2269 
f 2167 2373 2371 1686 
f 1840 1838 1837 1839 
f 1842 1840 1839 1841 
f 1844 1842 1841 1843 
f 1846 1844 1843 1845 
f 1848 1846 1845 1847 
f 1850 1848 1847 1849 
f 1852 1850 1849 1851 
f 1854 1852 1851 1853 
f 1856 1854 1853 1855 
f 1858 1856 1855 1857 
f 1860 1858 1857 1859 
f 1862 1860 1859 1861 
f 1864 1862 1861 1863 
f 1866 1864 1863 1865 
f 1868 1866 1865 1867 
f 1870 1868 1867 1869 
f 1872 1870 1869 1871 
f 1874 1872 1871 1873 
f 1876 1874 1873 1875 
f 1878 1876 1875 1877 
f 1880 1878 1877 1879 
f 1882 1880 1879 1881 
f 1884 1882 1881 1883 
f 1886 1884 1883 1885 
f 1888 1886 1885 1887 
f 1890 1888 1887 1889 
f 1892 1890 1889 1891 
f 1894 1892 1891 1893 
f 1896 1894 1893 1895 
f 1898 1896 1895 1897 
f 1900 1898 1897 1899 
f 2132 1900 1899 2134 
f 2132 2558 2557 
f 1901 1927 1918 
f 1906 1904 1925 2173 
f 1902 1930 1919 1920 
f 1903 1902 1920 1921 
f 1904 1908 1924 1925 
f 1930 1901 1918 1919 
f 2277 2275 1913 2183 
f 2279 2271 1910 1914 
f 2283 2281 1911 1912 
f 2275 2289 1916 1913 
f 2281 2279 1914 1911 
f 1907 1909 1922 1923 
f 2287 2285 1917 1915 
f 1908 1907 1923 1924 
f 2289 2287 1915 1916 
f 1909 1903 1921 1922 
f 2285 2283 1912 1917 
s 2
f 1930 1902 1931 1940 
s 1
f 1913 2436 2443 2183 
f 1910 2442 1914 
f 1911 2442 2441 1912 
f 1916 2438 2436 1913 
f 1914 2442 1911 
f 1917 2440 2439 1915 
f 1915 2439 2438 1916 
f 1912 2441 2440 1917 
f 1901 1939 1927 
f 1925 2276 2278 2173 
f 1919 2280 2282 1920 
f 1920 2282 2284 1921 
f 1924 2290 2276 1925 
f 1918 2272 2280 1919 
f 1922 2286 2288 1923 
f 1923 2288 2290 1924 
f 1921 2284 2286 1922 
f 1926 1910 2271 2273 
f 2435 2442 1910 1926 
f 1927 1836 2268 2274 
f 2274 2272 1918 1927 
f 1928 1941 1942 1929 
s 2
f 1936 1938 1943 1937 
f 1902 1903 1932 1931 
f 1903 1909 1933 1932 
f 1909 1907 1934 1933 
f 1907 1908 1935 1934 
f 1908 1904 1936 1935 
f 1904 1906 1938 1936 
f 1939 1901 1930 1940 
f 1931 1932 1937 
f 1932 1933 1937 
f 1933 1934 1937 
f 1934 1935 1937 
f 1935 1936 1937 
s 1
f 1939 1928 1929 1927 
s 2
f 1931 1937 1940 
f 1940 1937 1928 1939 
f 1941 1928 1937 1943 
s 1
f 2374 2446 2559 2525 
f 1945 1837 1947 1946 
f 1945 1946 1948 1680 
f 1680 1948 1949 1905 
f 1905 1949 3618 3552 
f 2291 2293 1951 1950 
f 1950 1951 2447 2445 
f 2446 2448 2560 2559 
f 1946 1947 1954 1953 
f 1946 1953 1955 1948 
f 1948 1955 1956 1949 
f 1949 1956 3620 3618 
f 2293 2295 1957 1951 
f 1951 1957 2449 2447 
f 2448 2450 2561 2560 
f 1953 1954 1960 1959 
f 1953 1959 1961 1955 
f 1955 1961 1962 1956 
f 1956 1962 3622 3620 
f 2295 2297 1963 1957 
f 1957 1963 2451 2449 
f 2450 2452 2562 2561 
f 1959 1960 1966 1965 
f 1959 1965 1967 1961 
f 1961 1967 1968 1962 
f 1962 1968 3624 3622 
f 2297 2299 1969 1963 
f 1963 1969 2453 2451 
f 2452 2454 2563 2562 
f 1965 1966 1972 1971 
f 1965 1971 1973 1967 
f 1967 1973 1974 1968 
f 1968 1974 3626 3624 
f 2299 2301 1975 1969 
f 1969 1975 2455 2453 
f 2454 2456 2564 2563 
f 1971 1972 1978 1977 
f 1971 1977 1979 1973 
f 1973 1979 1980 1974 
f 1974 1980 3628 3626 
f 2301 2303 1981 1975 
f 1975 1981 2457 2455 
f 2456 2458 2565 2564 
f 1977 1978 1984 1983 
f 1977 1983 1985 1979 
f 1979 1985 1986 1980 
f 1980 1986 3630 3628 
f 2303 2305 1987 1981 
f 1981 1987 2459 2457 
f 2458 2460 2566 2565 
f 1983 1984 1990 1989 
f 1983 1989 1991 1985 
f 1985 1991 1992 1986 
f 1986 1992 3632 3630 
f 2305 2307 1993 1987 
f 1987 1993 2461 2459 
f 2460 2462 2567 2566 
f 1989 1990 1996 1995 
f 1989 1995 1997 1991 
f 1991 1997 1998 1992 
f 1992 1998 3634 3632 
f 2307 2309 1999 1993 
f 1993 1999 2463 2461 
f 2462 2464 2568 2567 
f 1995 1996 2002 2001 
f 1995 2001 2003 1997 
f 1997 2003 2004 1998 
f 1998 2004 3636 3634 
f 2309 2311 2005 1999 
f 1999 2005 2465 2463 
f 2464 2466 2569 2568 
f 2001 2002 2008 2007 
f 2001 2007 2009 2003 
f 2003 2009 2010 2004 
f 2004 2010 3638 3636 
f 2311 2313 2011 2005 
f 2005 2011 2467 2465 
f 2466 2468 2570 2569 
f 2007 2008 2014 2013 
f 2007 2013 2015 2009 
f 2009 2015 2016 2010 
f 2010 2016 3640 3638 
f 2313 2315 2017 2011 
f 2011 2017 2469 2467 
f 2468 2470 2571 2570 
f 2013 2014 2020 2019 
f 2013 2019 2021 2015 
f 2015 2021 2022 2016 
f 2016 2022 3642 3640 
f 2315 2317 2023 2017 
f 2017 2023 2471 2469 
f 2470 2472 2572 2571 
f 2019 2020 2026 2025 
f 2019 2025 2027 2021 
f 2021 2027 2028 2022 
f 2022 2028 3644 3642 
f 2317 2319 2029 2023 
f 2023 2029 2473 2471 
f 2472 2474 2573 2572 
f 2025 2026 2032 2031 
f 2025 2031 2033 2027 
f 2027 2033 2034 2028 
f 2028 2034 3646 3644 
f 2319 2321 2035 2029 
f 2029 2035 2475 2473 
f 2474 2476 2574 2573 
f 2031 2032 2038 2037 
f 2031 2037 2039 2033 
f 2033 2039 2040 2034 
f 2034 2040 3648 3646 
f 2321 2323 2041 2035 
f 2035 2041 2477 2475 
f 2476 2478 2575 2574 
f 2037 2038 2044 2043 
f 2037 2043 2045 2039 
f 2039 2045 2046 2040 
f 2040 2046 3650 3648 
f 2323 2325 2047 2041 
f 2041 2047 2479 2477 
f 2478 2480 2576 2575 
f 2043 2044 2050 2049 
f 2043 2049 2051 2045 
f 2045 2051 2052 2046 
f 2046 2052 3652 3650 
f 2325 2327 2053 2047 
f 2047 2053 2481 2479 
f 2480 2482 2577 2576 
f 2049 2050 2056 2055 
f 2049 2055 2057 2051 
f 2051 2057 2058 2052 
f 2052 2058 3654 3652 
f 2327 2329 2059 2053 
f 2053 2059 2483 2481 
f 2482 2484 2578 2577 
f 2055 2056 2062 2061 
f 2055 2061 2063 2057 
f 2057 2063 2064 2058 
f 2058 2064 3656 3654 
f 2329 2331 2065 2059 
f 2059 2065 2485 2483 
f 2484 2486 2579 2578 
f 2061 2062 2068 2067 
f 2061 2067 2069 2063 
f 2063 2069 2070 2064 
f 2064 2070 3658 3656 
f 2331 2333 2071 2065 
f 2065 2071 2487 2485 
f 2486 2488 2580 2579 
f 2067 2068 2074 2073 
f 2067 2073 2075 2069 
f 2069 2075 2076 2070 
f 2070 2076 3660 3658 
f 2333 2335 2077 2071 
f 2071 2077 2489 2487 
f 2488 2490 2581 2580 
f 2073 2074 2080 2079 
f 2073 2079 2081 2075 
f 2075 2081 2082 2076 
f 2076 2082 3662 3660 
f 2335 2337 2083 2077 
f 2077 2083 2491 2489 
f 2490 2492 2582 2581 
f 2079 2080 2086 2085 
f 2079 2085 2087 2081 
f 2081 2087 2088 2082 
f 2082 2088 3664 3662 
f 2337 2339 2089 2083 
f 2083 2089 2493 2491 
f 2492 2494 2583 2582 
f 2085 2086 2092 2091 
f 2085 2091 2093 2087 
f 2087 2093 2094 2088 
f 2088 2094 3666 3664 
f 2339 2341 2095 2089 
f 2089 2095 2495 2493 
f 2494 2496 2584 2583 
f 2091 2092 2098 2097 
f 2091 2097 2099 2093 
f 2093 2099 2100 2094 
f 2094 2100 3668 3666 
f 2341 2343 2101 2095 
f 2095 2101 2497 2495 
f 2496 2498 2585 2584 
f 2097 2098 2104 2103 
f 2097 2103 2105 2099 
f 2099 2105 2106 2100 
f 2100 2106 3670 3668 
f 2343 2345 2107 2101 
f 2101 2107 2499 2497 
f 2498 2500 2586 2585 
f 2103 2104 2110 2109 
f 2103 2109 2111 2105 
f 2105 2111 2112 2106 
f 2106 2112 3672 3670 
f 2345 2347 2113 2107 
f 2107 2113 2501 2499 
f 2500 2502 2587 2586 
f 2109 2110 2116 2115 
f 2109 2115 2117 2111 
f 2111 2117 2118 2112 
f 2112 2118 3674 3672 
f 2347 2349 2119 2113 
f 2113 2119 2503 2501 
f 2502 2504 2588 2587 
f 2115 2116 2122 2121 
f 2115 2121 2123 2117 
f 2117 2123 2124 2118 
f 2118 2124 3676 3674 
f 2349 2351 2125 2119 
f 2119 2125 2505 2503 
f 2504 2506 2589 2588 
f 2121 2122 2128 2127 
f 2121 2127 2129 2123 
f 2123 2129 2130 2124 
f 2124 2130 3678 3676 
f 2351 2353 2131 2125 
f 2125 2131 2507 2505 
f 2506 2521 2522 2589 
f 2127 2128 2134 2133 
f 2127 2133 2135 2129 
f 2129 2135 1679 2130 
f 2130 1679 3616 3678 
f 2292 2270 1681 2136 
f 2294 2292 2136 2137 
f 2296 2294 2137 2138 
f 2298 2296 2138 2139 
f 2300 2298 2139 2140 
f 2302 2300 2140 2141 
f 2304 2302 2141 2142 
f 2306 2304 2142 2143 
f 2308 2306 2143 2144 
f 2310 2308 2144 2145 
f 2312 2310 2145 2146 
f 2314 2312 2146 2147 
f 2316 2314 2147 2148 
f 2318 2316 2148 2149 
f 2320 2318 2149 2150 
f 2322 2320 2150 2151 
f 2324 2322 2151 2152 
f 2326 2324 2152 2153 
f 2328 2326 2153 2154 
f 2330 2328 2154 2155 
f 2332 2330 2155 2156 
f 2334 2332 2156 2157 
f 2336 2334 2157 2158 
f 2338 2336 2158 2159 
f 2340 2338 2159 2160 
f 2342 2340 2160 2161 
f 2344 2342 2161 2162 
f 2346 2344 2162 2163 
f 2348 2346 2163 2164 
f 2350 2348 2164 2165 
f 2352 2350 2165 2166 
f 2269 2291 1950 2167 
f 2167 1950 2445 2373 
f 1944 1947 1837 1838 
f 1952 1954 1947 1944 
f 1958 1960 1954 1952 
f 1964 1966 1960 1958 
f 1970 1972 1966 1964 
f 1976 1978 1972 1970 
f 1982 1984 1978 1976 
f 1988 1990 1984 1982 
f 1994 1996 1990 1988 
f 2000 2002 1996 1994 
f 2006 2008 2002 2000 
f 2012 2014 2008 2006 
f 2018 2020 2014 2012 
f 2024 2026 2020 2018 
f 2030 2032 2026 2024 
f 2036 2038 2032 2030 
f 2042 2044 2038 2036 
f 2048 2050 2044 2042 
f 2054 2056 2050 2048 
f 2060 2062 2056 2054 
f 2066 2068 2062 2060 
f 2072 2074 2068 2066 
f 2078 2080 2074 2072 
f 2084 2086 2080 2078 
f 2090 2092 2086 2084 
f 2096 2098 2092 2090 
f 2102 2104 2098 2096 
f 2108 2110 2104 2102 
f 2114 2116 2110 2108 
f 2120 2122 2116 2114 
f 2126 2128 2122 2120 
f 2134 2128 2126 2132 
f 2132 2590 2558 
f 2168 2170 2169 
f 1906 2173 2172 2171 
f 2174 2177 2176 2175 
f 2178 2179 2177 2174 
f 2171 2172 2181 2180 
f 2175 2176 2170 2168 
f 2183 2182 2355 2277 
f 2185 2184 2359 2357 
f 2187 2186 2363 2361 
f 2182 2188 2365 2355 
f 2186 2185 2357 2363 
f 2189 2192 2191 2190 
f 2194 2193 2369 2367 
f 2180 2181 2192 2189 
f 2188 2194 2367 2365 
f 2190 2191 2179 2178 
f 2193 2187 2361 2369 
s 2
f 2175 2196 2195 2174 
s 1
f 2182 2183 2443 2513 
f 2184 2185 2508 
f 2186 2187 2509 2508 
f 2188 2182 2513 2512 
f 2185 2186 2508 
f 2193 2194 2511 2510 
f 2194 2188 2512 2511 
f 2187 2193 2510 2509 
f 2168 2169 2197 
f 2172 2173 2278 2356 
f 2176 2177 2364 2358 
f 2177 2179 2362 2364 
f 2181 2172 2356 2366 
f 2170 2176 2358 2360 
f 2191 2192 2368 2370 
f 2192 2181 2366 2368 
f 2179 2191 2370 2362 
f 2131 2353 2359 2184 
f 2131 2184 2508 2507 
f 2169 2354 2352 2166 
f 2354 2169 2170 2360 
f 2198 2199 1942 1941 
s 2
f 2200 2201 1943 1938 
f 2174 2195 2202 2178 
f 2178 2202 2203 2190 
f 2190 2203 2204 2189 
f 2189 2204 2205 2180 
f 2180 2205 2200 2171 
f 2171 2200 1938 1906 
f 2197 2196 2175 2168 
f 2195 2201 2202 
f 2202 2201 2203 
f 2203 2201 2204 
f 2204 2201 2205 
f 2205 2201 2200 
s 1
f 2197 2169 2199 2198 
s 2
f 2195 2196 2201 
f 2196 2197 2198 2201 
f 1941 1943 2201 2198 
s 1
f 1681 1806 2206 
f 1806 1807 2206 
f 1807 1808 2206 
f 1808 1809 2206 
f 1809 1810 2206 
f 1810 1811 2206 
f 1811 1812 2206 
f 1812 1813 2206 
f 1813 1814 2206 
f 1814 1815 2206 
f 1815 1816 2206 
f 1816 1817 2206 
f 1817 1818 2206 
f 1818 1819 2206 
f 1819 1820 2206 
f 1820 1821 2206 
f 1821 1822 2206 
f 1822 1823 2206 
f 1823 1824 2206 
f 1824 1825 2206 
f 1825 1826 2206 
f 1826 1827 2206 
f 1827 1828 2206 
f 1828 1829 2206 
f 1829 1830 2206 
f 1830 1831 2206 
f 1831 1832 2206 
f 1832 1833 2206 
f 1833 1834 2206 
f 1834 1835 2206 
f 1835 1836 2206 
f 1836 1927 2206 
f 1927 1929 2206 
f 1929 1942 2206 
f 2136 1681 2206 
f 2137 2136 2206 
f 2138 2137 2206 
f 2139 2138 2206 
f 2140 2139 2206 
f 2141 2140 2206 
f 2142 2141 2206 
f 2143 2142 2206 
f 2144 2143 2206 
f 2145 2144 2206 
f 2146 2145 2206 
f 2147 2146 2206 
f 2148 2147 2206 
f 2149 2148 2206 
f 2150 2149 2206 
f 2151 2150 2206 
f 2152 2151 2206 
f 2153 2152 2206 
f 2154 2153 2206 
f 2155 2154 2206 
f 2156 2155 2206 
f 2157 2156 2206 
f 2158 2157 2206 
f 2159 2158 2206 
f 2160 2159 2206 
f 2161 2160 2206 
f 2162 2161 2206 
f 2163 2162 2206 
f 2164 2163 2206 
f 2165 2164 2206 
f 2166 2165 2206 
f 2169 2166 2206 
f 1942 2199 2206 
f 2199 2169 2206 
f 2210 2270 2269 2209 
f 2208 2210 2209 2207 
f 2212 2208 2207 2211 
f 2214 2212 2211 2213 
f 2216 2214 2213 2215 
f 2218 2216 2215 2217 
f 2220 2218 2217 2219 
f 2222 2220 2219 2221 
f 2224 2222 2221 2223 
f 2226 2224 2223 2225 
f 2228 2226 2225 2227 
f 2230 2228 2227 2229 
f 2232 2230 2229 2231 
f 2234 2232 2231 2233 
f 2236 2234 2233 2235 
f 2238 2236 2235 2237 
f 2240 2238 2237 2239 
f 2242 2240 2239 2241 
f 2244 2242 2241 2243 
f 2246 2244 2243 2245 
f 2248 2246 2245 2247 
f 2250 2248 2247 2249 
f 2252 2250 2249 2251 
f 2254 2252 2251 2253 
f 2256 2254 2253 2255 
f 2258 2256 2255 2257 
f 2260 2258 2257 2259 
f 2262 2260 2259 2261 
f 2264 2262 2261 2263 
f 2266 2264 2263 2265 
f 2268 2266 2265 2267 
f 2278 2276 2275 2277 
f 2282 2280 2279 2281 
f 2284 2282 2281 2283 
f 2276 2290 2289 2275 
f 2280 2272 2271 2279 
f 2288 2286 2285 2287 
f 2290 2288 2287 2289 
f 2286 2284 2283 2285 
f 2274 2268 2267 2273 
f 2272 2274 2273 2271 
f 2270 2292 2291 2269 
f 2292 2294 2293 2291 
f 2294 2296 2295 2293 
f 2296 2298 2297 2295 
f 2298 2300 2299 2297 
f 2300 2302 2301 2299 
f 2302 2304 2303 2301 
f 2304 2306 2305 2303 
f 2306 2308 2307 2305 
f 2308 2310 2309 2307 
f 2310 2312 2311 2309 
f 2312 2314 2313 2311 
f 2314 2316 2315 2313 
f 2316 2318 2317 2315 
f 2318 2320 2319 2317 
f 2320 2322 2321 2319 
f 2322 2324 2323 2321 
f 2324 2326 2325 2323 
f 2326 2328 2327 2325 
f 2328 2330 2329 2327 
f 2330 2332 2331 2329 
f 2332 2334 2333 2331 
f 2334 2336 2335 2333 
f 2336 2338 2337 2335 
f 2338 2340 2339 2337 
f 2340 2342 2341 2339 
f 2342 2344 2343 2341 
f 2344 2346 2345 2343 
f 2346 2348 2347 2345 
f 2348 2350 2349 2347 
f 2350 2352 2351 2349 
f 2356 2278 2277 2355 
f 2358 2364 2363 2357 
f 2364 2362 2361 2363 
f 2366 2356 2355 2365 
f 2360 2358 2357 2359 
f 2370 2368 2367 2369 
f 2368 2366 2365 2367 
f 2362 2370 2369 2361 
f 2352 2354 2353 2351 
f 2354 2360 2359 2353 
f 2374 2372 2371 2373 
f 2372 2376 2375 2371 
f 2376 2378 2377 2375 
f 2378 2380 2379 2377 
f 2380 2382 2381 2379 
f 2382 2384 2383 2381 
f 2384 2386 2385 2383 
f 2386 2388 2387 2385 
f 2388 2390 2389 2387 
f 2390 2392 2391 2389 
f 2392 2394 2393 2391 
f 2394 2396 2395 2393 
f 2396 2398 2397 2395 
f 2398 2400 2399 2397 
f 2400 2402 2401 2399 
f 2402 2404 2403 2401 
f 2404 2406 2405 2403 
f 2406 2408 2407 2405 
f 2408 2410 2409 2407 
f 2410 2412 2411 2409 
f 2412 2414 2413 2411 
f 2414 2416 2415 2413 
f 2416 2418 2417 2415 
f 2418 2420 2419 2417 
f 2420 2422 2421 2419 
f 2422 2424 2423 2421 
f 2424 2426 2425 2423 
f 2426 2428 2427 2425 
f 2428 2430 2429 2427 
f 2430 2432 2431 2429 
f 2432 2434 2433 2431 
f 2515 2437 2436 2438 
f 2516 2515 2438 2439 
f 2517 2516 2439 2440 
f 2518 2517 2440 2441 
f 2519 2518 2441 2442 
f 2519 2442 2435 
f 2434 2519 2435 2433 
f 2437 2444 2443 2436 
f 2446 2374 2373 2445 
f 2448 2446 2445 2447 
f 2450 2448 2447 2449 
f 2452 2450 2449 2451 
f 2454 2452 2451 2453 
f 2456 2454 2453 2455 
f 2458 2456 2455 2457 
f 2460 2458 2457 2459 
f 2462 2460 2459 2461 
f 2464 2462 2461 2463 
f 2466 2464 2463 2465 
f 2468 2466 2465 2467 
f 2470 2468 2467 2469 
f 2472 2470 2469 2471 
f 2474 2472 2471 2473 
f 2476 2474 2473 2475 
f 2478 2476 2475 2477 
f 2480 2478 2477 2479 
f 2482 2480 2479 2481 
f 2484 2482 2481 2483 
f 2486 2484 2483 2485 
f 2488 2486 2485 2487 
f 2490 2488 2487 2489 
f 2492 2490 2489 2491 
f 2494 2492 2491 2493 
f 2496 2494 2493 2495 
f 2498 2496 2495 2497 
f 2500 2498 2497 2499 
f 2502 2500 2499 2501 
f 2504 2502 2501 2503 
f 2506 2504 2503 2505 
f 2520 2506 2505 2507 
f 2520 2507 2508 
f 2521 2520 2508 2509 
f 2522 2521 2509 2510 
f 2523 2522 2510 2511 
f 2524 2523 2511 2512 
f 2514 2524 2512 2513 
f 2444 2514 2513 2443 
f 2506 2520 2521 
f 2525 1838 1840 2526 
f 2526 1840 1842 2527 
f 2527 1842 1844 2528 
f 2528 1844 1846 2529 
f 2529 1846 1848 2530 
f 2530 1848 1850 2531 
f 2531 1850 1852 2532 
f 2532 1852 1854 2533 
f 2533 1854 1856 2534 
f 2534 1856 1858 2535 
f 2535 1858 1860 2536 
f 2536 1860 1862 2537 
f 2537 1862 1864 2538 
f 2538 1864 1866 2539 
f 2539 1866 1868 2540 
f 2540 1868 1870 2541 
f 2541 1870 1872 2542 
f 2542 1872 1874 2543 
f 2543 1874 1876 2544 
f 2544 1876 1878 2545 
f 2545 1878 1880 2546 
f 2546 1880 1882 2547 
f 2547 1882 1884 2548 
f 2548 1884 1886 2549 
f 2549 1886 1888 2550 
f 2550 1888 1890 2551 
f 2551 1890 1892 2552 
f 2552 1892 1894 2553 
f 2553 1894 1896 2554 
f 2554 1896 1898 2555 
f 2555 1898 1900 2556 
f 2556 1900 2132 2557 
f 2558 2444 2437 2557 
f 2559 1944 1838 2525 
f 2560 1952 1944 2559 
f 2561 1958 1952 2560 
f 2562 1964 1958 2561 
f 2563 1970 1964 2562 
f 2564 1976 1970 2563 
f 2565 1982 1976 2564 
f 2566 1988 1982 2565 
f 2567 1994 1988 2566 
f 2568 2000 1994 2567 
f 2569 2006 2000 2568 
f 2570 2012 2006 2569 
f 2571 2018 2012 2570 
f 2572 2024 2018 2571 
f 2573 2030 2024 2572 
f 2574 2036 2030 2573 
f 2575 2042 2036 2574 
f 2576 2048 2042 2575 
f 2577 2054 2048 2576 
f 2578 2060 2054 2577 
f 2579 2066 2060 2578 
f 2580 2072 2066 2579 
f 2581 2078 2072 2580 
f 2582 2084 2078 2581 
f 2583 2090 2084 2582 
f 2584 2096 2090 2583 
f 2585 2102 2096 2584 
f 2586 2108 2102 2585 
f 2587 2114 2108 2586 
f 2588 2120 2114 2587 
f 2589 2126 2120 2588 
f 2590 2132 2126 2589 
f 2590 2514 2444 2558 
f 2523 2524 2590 2589 
f 2522 2523 2589 
f 2524 2514 2590 
f 2557 2437 2515 
f 2556 2557 2515 2516 
f 2556 2516 2517 
f 2434 2556 2517 2518 
f 2592 2593 2753 2752 
f 2752 2753 2758 2757 
f 2757 2758 2763 2762 
f 2762 2763 2768 2767 
f 2767 2768 2773 2772 
f 2772 2773 2778 2777 
f 2777 2778 2783 2782 
f 2782 2783 2788 2787 
f 2787 2788 2793 2792 
f 2792 2793 2798 2797 
f 2797 2798 2803 2802 
f 2802 2803 2808 2807 
f 2807 2808 2813 2812 
f 2812 2813 2818 2817 
f 2817 2818 2823 2822 
f 2822 2823 2828 2827 
f 2827 2828 2833 2832 
f 2832 2833 2838 2837 
f 2837 2838 2843 2842 
f 2842 2843 2848 2847 
f 2847 2848 2853 2852 
f 2852 2853 2858 2857 
f 2857 2858 2863 2862 
f 2862 2863 2868 2867 
f 2867 2868 2873 2872 
f 2872 2873 2878 2877 
f 2877 2878 2883 2882 
f 2882 2883 2888 2887 
f 2887 2888 2893 2892 
f 2892 2893 2898 2897 
f 2897 2898 2903 2902 
f 2902 2903 2748 2747 
f 2597 2598 2593 2592 
f 2602 2603 2598 2597 
f 2607 2608 2603 2602 
f 2612 2613 2608 2607 
f 2617 2618 2613 2612 
f 2622 2623 2618 2617 
f 2627 2628 2623 2622 
f 2632 2633 2628 2627 
f 2637 2638 2633 2632 
f 2642 2643 2638 2637 
f 2647 2648 2643 2642 
f 2652 2653 2648 2647 
f 2657 2658 2653 2652 
f 2662 2663 2658 2657 
f 2667 2668 2663 2662 
f 2672 2673 2668 2667 
f 2677 2678 2673 2672 
f 2682 2683 2678 2677 
f 2687 2688 2683 2682 
f 2692 2693 2688 2687 
f 2697 2698 2693 2692 
f 2702 2703 2698 2697 
f 2707 2708 2703 2702 
f 2712 2713 2708 2707 
f 2717 2718 2713 2712 
f 2722 2723 2718 2717 
f 2727 2728 2723 2722 
f 2732 2733 2728 2727 
f 2737 2738 2733 2732 
f 2742 2743 2738 2737 
f 2907 2908 2743 2742 
f 2747 2748 2908 2907 
f 2911 2912 3008 3007 
f 3007 3008 3011 3010 
f 3010 3011 3014 3013 
f 3013 3014 3017 3016 
f 3016 3017 3020 3019 
f 3019 3020 3023 3022 
f 3022 3023 3026 3025 
f 3025 3026 3029 3028 
f 3028 3029 3032 3031 
f 3031 3032 3035 3034 
f 3034 3035 3038 3037 
f 3037 3038 3041 3040 
f 3040 3041 3044 3043 
f 3043 3044 3047 3046 
f 3046 3047 3050 3049 
f 3049 3050 3053 3052 
f 3052 3053 3056 3055 
f 3055 3056 3059 3058 
f 3058 3059 3062 3061 
f 3061 3062 3065 3064 
f 3064 3065 3068 3067 
f 3067 3068 3071 3070 
f 3070 3071 3074 3073 
f 3073 3074 3077 3076 
f 3076 3077 3080 3079 
f 3079 3080 3083 3082 
f 3082 3083 3086 3085 
f 3085 3086 3089 3088 
f 3088 3089 3092 3091 
f 3091 3092 3095 3094 
f 3094 3095 3098 3097 
f 3097 3098 3005 3004 
f 2914 2915 2912 2911 
f 2917 2918 2915 2914 
f 2920 2921 2918 2917 
f 2923 2924 2921 2920 
f 2926 2927 2924 2923 
f 2929 2930 2927 2926 
f 2932 2933 2930 2929 
f 2935 2936 2933 2932 
f 2938 2939 2936 2935 
f 2941 2942 2939 2938 
f 2944 2945 2942 2941 
f 2947 2948 2945 2944 
f 2950 2951 2948 2947 
f 2953 2954 2951 2950 
f 2956 2957 2954 2953 
f 2959 2960 2957 2956 
f 2962 2963 2960 2959 
f 2965 2966 2963 2962 
f 2968 2969 2966 2965 
f 2971 2972 2969 2968 
f 2974 2975 2972 2971 
f 2977 2978 2975 2974 
f 2980 2981 2978 2977 
f 2983 2984 2981 2980 
f 2986 2987 2984 2983 
f 2989 2990 2987 2986 
f 2992 2993 2990 2989 
f 2995 2996 2993 2992 
f 2998 2999 2996 2995 
f 3001 3002 2999 2998 
f 3100 3101 3002 3001 
f 3004 3005 3101 3100 
f 2595 3105 3107 2755 
f 2594 2595 2755 2754 
f 2593 2594 2754 2753 
f 2751 3555 3553 2591 
f 2752 2751 2591 2592 
f 2755 3107 3109 2760 
f 2754 2755 2760 2759 
f 2753 2754 2759 2758 
f 2756 3557 3555 2751 
f 2757 2756 2751 2752 
f 2760 3109 3111 2765 
f 2759 2760 2765 2764 
f 2758 2759 2764 2763 
f 2761 3559 3557 2756 
f 2762 2761 2756 2757 
f 2765 3111 3113 2770 
f 2764 2765 2770 2769 
f 2763 2764 2769 2768 
f 2766 3561 3559 2761 
f 2767 2766 2761 2762 
f 2770 3113 3115 2775 
f 2769 2770 2775 2774 
f 2768 2769 2774 2773 
f 2771 3563 3561 2766 
f 2772 2771 2766 2767 
f 2775 3115 3117 2780 
f 2774 2775 2780 2779 
f 2773 2774 2779 2778 
f 2776 3565 3563 2771 
f 2777 2776 2771 2772 
f 2780 3117 3119 2785 
f 2779 2780 2785 2784 
f 2778 2779 2784 2783 
f 2781 3567 3565 2776 
f 2782 2781 2776 2777 
f 2785 3119 3121 2790 
f 2784 2785 2790 2789 
f 2783 2784 2789 2788 
f 2786 3569 3567 2781 
f 2787 2786 2781 2782 
f 2790 3121 3123 2795 
f 2789 2790 2795 2794 
f 2788 2789 2794 2793 
f 2791 3571 3569 2786 
f 2792 2791 2786 2787 
f 2795 3123 3125 2800 
f 2794 2795 2800 2799 
f 2793 2794 2799 2798 
f 2796 3573 3571 2791 
f 2797 2796 2791 2792 
f 2800 3125 3127 2805 
f 2799 2800 2805 2804 
f 2798 2799 2804 2803 
f 2801 3575 3573 2796 
f 2802 2801 2796 2797 
f 2805 3127 3129 2810 
f 2804 2805 2810 2809 
f 2803 2804 2809 2808 
f 2806 3577 3575 2801 
f 2807 2806 2801 2802 
f 2810 3129 3131 2815 
f 2809 2810 2815 2814 
f 2808 2809 2814 2813 
f 2811 3579 3577 2806 
f 2812 2811 2806 2807 
f 2815 3131 3133 2820 
f 2814 2815 2820 2819 
f 2813 2814 2819 2818 
f 2816 3581 3579 2811 
f 2817 2816 2811 2812 
f 2820 3133 3135 2825 
f 2819 2820 2825 2824 
f 2818 2819 2824 2823 
f 2821 3583 3581 2816 
f 2822 2821 2816 2817 
f 2825 3135 3137 2830 
f 2824 2825 2830 2829 
f 2823 2824 2829 2828 
f 2826 3585 3583 2821 
f 2827 2826 2821 2822 
f 2830 3137 3139 2835 
f 2829 2830 2835 2834 
f 2828 2829 2834 2833 
f 2831 3587 3585 2826 
f 2832 2831 2826 2827 
f 2835 3139 3141 2840 
f 2834 2835 2840 2839 
f 2833 2834 2839 2838 
f 2836 3589 3587 2831 
f 2837 2836 2831 2832 
f 2840 3141 3143 2845 
f 2839 2840 2845 2844 
f 2838 2839 2844 2843 
f 2841 3591 3589 2836 
f 2842 2841 2836 2837 
f 2845 3143 3145 2850 
f 2844 2845 2850 2849 
f 2843 2844 2849 2848 
f 2846 3593 3591 2841 
f 2847 2846 2841 2842 
f 2850 3145 3147 2855 
f 2849 2850 2855 2854 
f 2848 2849 2854 2853 
f 2851 3595 3593 2846 
f 2852 2851 2846 2847 
f 2855 3147 3149 2860 
f 2854 2855 2860 2859 
f 2853 2854 2859 2858 
f 2856 3597 3595 2851 
f 2857 2856 2851 2852 
f 2860 3149 3151 2865 
f 2859 2860 2865 2864 
f 2858 2859 2864 2863 
f 2861 3599 3597 2856 
f 2862 2861 2856 2857 
f 2865 3151 3153 2870 
f 2864 2865 2870 2869 
f 2863 2864 2869 2868 
f 2866 3601 3599 2861 
f 2867 2866 2861 2862 
f 2870 3153 3155 2875 
f 2869 2870 2875 2874 
f 2868 2869 2874 2873 
f 2871 3603 3601 2866 
f 2872 2871 2866 2867 
f 2875 3155 3157 2880 
f 2874 2875 2880 2879 
f 2873 2874 2879 2878 
f 2876 3605 3603 2871 
f 2877 2876 2871 2872 
f 2880 3157 3159 2885 
f 2879 2880 2885 2884 
f 2878 2879 2884 2883 
f 2881 3607 3605 2876 
f 2882 2881 2876 2877 
f 2885 3159 3161 2890 
f 2884 2885 2890 2889 
f 2883 2884 2889 2888 
f 2886 3609 3607 2881 
f 2887 2886 2881 2882 
f 2890 3161 3163 2895 
f 2889 2890 2895 2894 
f 2888 2889 2894 2893 
f 2891 3611 3609 2886 
f 2892 2891 2886 2887 
f 2895 3163 3165 2900 
f 2894 2895 2900 2899 
f 2893 2894 2899 2898 
f 2896 3613 3611 2891 
f 2897 2896 2891 2892 
f 2900 3165 3167 2905 
f 2899 2900 2905 2904 
f 2898 2899 2904 2903 
f 2901 3615 3613 2896 
f 2902 2901 2896 2897 
f 2905 3167 3169 2750 
f 2904 2905 2750 2749 
f 2903 2904 2749 2748 
f 2746 3617 3615 2901 
f 2747 2746 2901 2902 
f 2600 3171 3105 2595 
f 2599 2600 2595 2594 
f 2598 2599 2594 2593 
f 2591 3553 3619 2596 
f 2592 2591 2596 2597 
f 2605 3173 3171 2600 
f 2604 2605 2600 2599 
f 2603 2604 2599 2598 
f 2596 3619 3621 2601 
f 2597 2596 2601 2602 
f 2610 3175 3173 2605 
f 2609 2610 2605 2604 
f 2608 2609 2604 2603 
f 2601 3621 3623 2606 
f 2602 2601 2606 2607 
f 2615 3177 3175 2610 
f 2614 2615 2610 2609 
f 2613 2614 2609 2608 
f 2606 3623 3625 2611 
f 2607 2606 2611 2612 
f 2620 3179 3177 2615 
f 2619 2620 2615 2614 
f 2618 2619 2614 2613 
f 2611 3625 3627 2616 
f 2612 2611 2616 2617 
f 2625 3181 3179 2620 
f 2624 2625 2620 2619 
f 2623 2624 2619 2618 
f 2616 3627 3629 2621 
f 2617 2616 2621 2622 
f 2630 3183 3181 2625 
f 2629 2630 2625 2624 
f 2628 2629 2624 2623 
f 2621 3629 3631 2626 
f 2622 2621 2626 2627 
f 2635 3185 3183 2630 
f 2634 2635 2630 2629 
f 2633 2634 2629 2628 
f 2626 3631 3633 2631 
f 2627 2626 2631 2632 
f 2640 3187 3185 2635 
f 2639 2640 2635 2634 
f 2638 2639 2634 2633 
f 2631 3633 3635 2636 
f 2632 2631 2636 2637 
f 2645 3189 3187 2640 
f 2644 2645 2640 2639 
f 2643 2644 2639 2638 
f 2636 3635 3637 2641 
f 2637 2636 2641 2642 
f 2650 3191 3189 2645 
f 2649 2650 2645 2644 
f 2648 2649 2644 2643 
f 2641 3637 3639 2646 
f 2642 2641 2646 2647 
f 2655 3193 3191 2650 
f 2654 2655 2650 2649 
f 2653 2654 2649 2648 
f 2646 3639 3641 2651 
f 2647 2646 2651 2652 
f 2660 3195 3193 2655 
f 2659 2660 2655 2654 
f 2658 2659 2654 2653 
f 2651 3641 3643 2656 
f 2652 2651 2656 2657 
f 2665 3197 3195 2660 
f 2664 2665 2660 2659 
f 2663 2664 2659 2658 
f 2656 3643 3645 2661 
f 2657 2656 2661 2662 
f 2670 3199 3197 2665 
f 2669 2670 2665 2664 
f 2668 2669 2664 2663 
f 2661 3645 3647 2666 
f 2662 2661 2666 2667 
f 2675 3201 3199 2670 
f 2674 2675 2670 2669 
f 2673 2674 2669 2668 
f 2666 3647 3649 2671 
f 2667 2666 2671 2672 
f 2680 3203 3201 2675 
f 2679 2680 2675 2674 
f 2678 2679 2674 2673 
f 2671 3649 3651 2676 
f 2672 2671 2676 2677 
f 2685 3205 3203 2680 
f 2684 2685 2680 2679 
f 2683 2684 2679 2678 
f 2676 3651 3653 2681 
f 2677 2676 2681 2682 
f 2690 3207 3205 2685 
f 2689 2690 2685 2684 
f 2688 2689 2684 2683 
f 2681 3653 3655 2686 
f 2682 2681 2686 2687 
f 2695 3209 3207 2690 
f 2694 2695 2690 2689 
f 2693 2694 2689 2688 
f 2686 3655 3657 2691 
f 2687 2686 2691 2692 
f 2700 3211 3209 2695 
f 2699 2700 2695 2694 
f 2698 2699 2694 2693 
f 2691 3657 3659 2696 
f 2692 2691 2696 2697 
f 2705 3213 3211 2700 
f 2704 2705 2700 2699 
f 2703 2704 2699 2698 
f 2696 3659 3661 2701 
f 2697 2696 2701 2702 
f 2710 3215 3213 2705 
f 2709 2710 2705 2704 
f 2708 2709 2704 2703 
f 2701 3661 3663 2706 
f 2702 2701 2706 2707 
f 2715 3217 3215 2710 
f 2714 2715 2710 2709 
f 2713 2714 2709 2708 
f 2706 3663 3665 2711 
f 2707 2706 2711 2712 
f 2720 3219 3217 2715 
f 2719 2720 2715 2714 
f 2718 2719 2714 2713 
f 2711 3665 3667 2716 
f 2712 2711 2716 2717 
f 2725 3221 3219 2720 
f 2724 2725 2720 2719 
f 2723 2724 2719 2718 
f 2716 3667 3669 2721 
f 2717 2716 2721 2722 
f 2730 3223 3221 2725 
f 2729 2730 2725 2724 
f 2728 2729 2724 2723 
f 2721 3669 3671 2726 
f 2722 2721 2726 2727 
f 2735 3225 3223 2730 
f 2734 2735 2730 2729 
f 2733 2734 2729 2728 
f 2726 3671 3673 2731 
f 2727 2726 2731 2732 
f 2740 3227 3225 2735 
f 2739 2740 2735 2734 
f 2738 2739 2734 2733 
f 2731 3673 3675 2736 
f 2732 2731 2736 2737 
f 2745 3229 3227 2740 
f 2744 2745 2740 2739 
f 2743 2744 2739 2738 
f 2736 3675 3677 2741 
f 2737 2736 2741 2742 
f 2910 3231 3229 2745 
f 2909 2910 2745 2744 
f 2908 2909 2744 2743 
f 2741 3677 3679 2906 
f 2742 2741 2906 2907 
f 2750 3169 3231 2910 
f 2749 2750 2910 2909 
f 2748 2749 2909 2908 
f 2906 3679 3617 2746 
f 2907 2906 2746 2747 
f 2913 3232 3234 3009 
f 2912 2913 3009 3008 
f 3007 3106 3104 2911 
f 3009 3234 3236 3012 
f 3008 3009 3012 3011 
f 3010 3108 3106 3007 
f 3012 3236 3238 3015 
f 3011 3012 3015 3014 
f 3013 3110 3108 3010 
f 3015 3238 3240 3018 
f 3014 3015 3018 3017 
f 3016 3112 3110 3013 
f 3018 3240 3242 3021 
f 3017 3018 3021 3020 
f 3019 3114 3112 3016 
f 3021 3242 3244 3024 
f 3020 3021 3024 3023 
f 3022 3116 3114 3019 
f 3024 3244 3246 3027 
f 3023 3024 3027 3026 
f 3025 3118 3116 3022 
f 3027 3246 3248 3030 
f 3026 3027 3030 3029 
f 3028 3120 3118 3025 
f 3030 3248 3250 3033 
f 3029 3030 3033 3032 
f 3031 3122 3120 3028 
f 3033 3250 3252 3036 
f 3032 3033 3036 3035 
f 3034 3124 3122 3031 
f 3036 3252 3254 3039 
f 3035 3036 3039 3038 
f 3037 3126 3124 3034 
f 3039 3254 3256 3042 
f 3038 3039 3042 3041 
f 3040 3128 3126 3037 
f 3042 3256 3258 3045 
f 3041 3042 3045 3044 
f 3043 3130 3128 3040 
f 3045 3258 3260 3048 
f 3044 3045 3048 3047 
f 3046 3132 3130 3043 
f 3048 3260 3262 3051 
f 3047 3048 3051 3050 
f 3049 3134 3132 3046 
f 3051 3262 3264 3054 
f 3050 3051 3054 3053 
f 3052 3136 3134 3049 
f 3054 3264 3266 3057 
f 3053 3054 3057 3056 
f 3055 3138 3136 3052 
f 3057 3266 3268 3060 
f 3056 3057 3060 3059 
f 3058 3140 3138 3055 
f 3060 3268 3270 3063 
f 3059 3060 3063 3062 
f 3061 3142 3140 3058 
f 3063 3270 3272 3066 
f 3062 3063 3066 3065 
f 3064 3144 3142 3061 
f 3066 3272 3274 3069 
f 3065 3066 3069 3068 
f 3067 3146 3144 3064 
f 3069 3274 3276 3072 
f 3068 3069 3072 3071 
f 3070 3148 3146 3067 
f 3072 3276 3278 3075 
f 3071 3072 3075 3074 
f 3073 3150 3148 3070 
f 3075 3278 3280 3078 
f 3074 3075 3078 3077 
f 3076 3152 3150 3073 
f 3078 3280 3282 3081 
f 3077 3078 3081 3080 
f 3079 3154 3152 3076 
f 3081 3282 3284 3084 
f 3080 3081 3084 3083 
f 3082 3156 3154 3079 
f 3084 3284 3286 3087 
f 3083 3084 3087 3086 
f 3085 3158 3156 3082 
f 3087 3286 3288 3090 
f 3086 3087 3090 3089 
f 3088 3160 3158 3085 
f 3090 3288 3290 3093 
f 3089 3090 3093 3092 
f 3091 3162 3160 3088 
f 3093 3290 3292 3096 
f 3092 3093 3096 3095 
f 3094 3164 3162 3091 
f 3096 3292 3294 3099 
f 3095 3096 3099 3098 
f 3097 3166 3164 3094 
f 3099 3294 3296 3006 
f 3098 3099 3006 3005 
f 3004 3168 3166 3097 
f 2916 3298 3232 2913 
f 2915 2916 2913 2912 
f 2911 3104 3170 2914 
f 2919 3300 3298 2916 
f 2918 2919 2916 2915 
f 2914 3170 3172 2917 
f 2922 3302 3300 2919 
f 2921 2922 2919 2918 
f 2917 3172 3174 2920 
f 2925 3304 3302 2922 
f 2924 2925 2922 2921 
f 2920 3174 3176 2923 
f 2928 3306 3304 2925 
f 2927 2928 2925 2924 
f 2923 3176 3178 2926 
f 2931 3308 3306 2928 
f 2930 2931 2928 2927 
f 2926 3178 3180 2929 
f 2934 3310 3308 2931 
f 2933 2934 2931 2930 
f 2929 3180 3182 2932 
f 2937 3312 3310 2934 
f 2936 2937 2934 2933 
f 2932 3182 3184 2935 
f 2940 3314 3312 2937 
f 2939 2940 2937 2936 
f 2935 3184 3186 2938 
f 2943 3316 3314 2940 
f 2942 2943 2940 2939 
f 2938 3186 3188 2941 
f 2946 3318 3316 2943 
f 2945 2946 2943 2942 
f 2941 3188 3190 2944 
f 2949 3320 3318 2946 
f 2948 2949 2946 2945 
f 2944 3190 3192 2947 
f 2952 3322 3320 2949 
f 2951 2952 2949 2948 
f 2947 3192 3194 2950 
f 2955 3324 3322 2952 
f 2954 2955 2952 2951 
f 2950 3194 3196 2953 
f 2958 3326 3324 2955 
f 2957 2958 2955 2954 
f 2953 3196 3198 2956 
f 2961 3328 3326 2958 
f 2960 2961 2958 2957 
f 2956 3198 3200 2959 
f 2964 3330 3328 2961 
f 2963 2964 2961 2960 
f 2959 3200 3202 2962 
f 2967 3332 3330 2964 
f 2966 2967 2964 2963 
f 2962 3202 3204 2965 
f 2970 3334 3332 2967 
f 2969 2970 2967 2966 
f 2965 3204 3206 2968 
f 2973 3336 3334 2970 
f 2972 2973 2970 2969 
f 2968 3206 3208 2971 
f 2976 3338 3336 2973 
f 2975 2976 2973 2972 
f 2971 3208 3210 2974 
f 2979 3340 3338 2976 
f 2978 2979 2976 2975 
f 2974 3210 3212 2977 
f 2982 3342 3340 2979 
f 2981 2982 2979 2978 
f 2977 3212 3214 2980 
f 2985 3344 3342 2982 
f 2984 2985 2982 2981 
f 2980 3214 3216 2983 
f 2988 3346 3344 2985 
f 2987 2988 2985 2984 
f 2983 3216 3218 2986 
f 2991 3348 3346 2988 
f 2990 2991 2988 2987 
f 2986 3218 3220 2989 
f 2994 3350 3348 2991 
f 2993 2994 2991 2990 
f 2989 3220 3222 2992 
f 2997 3352 3350 2994 
f 2996 2997 2994 2993 
f 2992 3222 3224 2995 
f 3000 3354 3352 2997 
f 2999 3000 2997 2996 
f 2995 3224 3226 2998 
f 3003 3356 3354 3000 
f 3002 3003 3000 2999 
f 2998 3226 3228 3001 
f 3102 3358 3356 3003 
f 3101 3102 3003 3002 
f 3001 3228 3230 3100 
f 3006 3296 3358 3102 
f 3005 3006 3102 3101 
f 3100 3230 3168 3004 
f 3235 3233 3362 3364 
f 3237 3235 3364 3367 
f 3239 3237 3367 3370 
f 3241 3239 3370 3373 
f 3243 3241 3373 3376 
f 3245 3243 3376 3379 
f 3247 3245 3379 3382 
f 3249 3247 3382 3385 
f 3251 3249 3385 3388 
f 3253 3251 3388 3391 
f 3255 3253 3391 3394 
f 3257 3255 3394 3397 
f 3259 3257 3397 3400 
f 3261 3259 3400 3403 
f 3263 3261 3403 3406 
f 3265 3263 3406 3409 
f 3267 3265 3409 3412 
f 3269 3267 3412 3415 
f 3271 3269 3415 3418 
f 3273 3271 3418 3421 
f 3275 3273 3421 3424 
f 3277 3275 3424 3427 
f 3279 3277 3427 3430 
f 3281 3279 3430 3433 
f 3283 3281 3433 3436 
f 3285 3283 3436 3439 
f 3287 3285 3439 3442 
f 3289 3287 3442 3445 
f 3291 3289 3445 3448 
f 3293 3291 3448 3451 
f 3295 3293 3451 3454 
f 3297 3295 3454 3457 
f 3233 3299 3461 3362 
f 3299 3301 3464 3461 
f 3301 3303 3467 3464 
f 3303 3305 3470 3467 
f 3305 3307 3473 3470 
f 3307 3309 3476 3473 
f 3309 3311 3479 3476 
f 3311 3313 3482 3479 
f 3313 3315 3485 3482 
f 3315 3317 3488 3485 
f 3317 3319 3491 3488 
f 3319 3321 3494 3491 
f 3321 3323 3497 3494 
f 3323 3325 3500 3497 
f 3325 3327 3503 3500 
f 3327 3329 3506 3503 
f 3329 3331 3509 3506 
f 3331 3333 3512 3509 
f 3333 3335 3515 3512 
f 3335 3337 3518 3515 
f 3337 3339 3521 3518 
f 3339 3341 3524 3521 
f 3341 3343 3527 3524 
f 3343 3345 3530 3527 
f 3345 3347 3533 3530 
f 3347 3349 3536 3533 
f 3349 3351 3539 3536 
f 3351 3353 3542 3539 
f 3353 3355 3545 3542 
f 3355 3357 3548 3545 
f 3357 3359 3551 3548 
f 3359 3297 3457 3551 
s 2
f 3365 3361 3103 
f 3368 3365 3103 
f 3371 3368 3103 
f 3374 3371 3103 
f 3377 3374 3103 
f 3380 3377 3103 
f 3383 3380 3103 
f 3386 3383 3103 
f 3389 3386 3103 
f 3392 3389 3103 
f 3395 3392 3103 
f 3398 3395 3103 
f 3401 3398 3103 
f 3404 3401 3103 
f 3407 3404 3103 
f 3410 3407 3103 
f 3413 3410 3103 
f 3416 3413 3103 
f 3419 3416 3103 
f 3422 3419 3103 
f 3425 3422 3103 
f 3428 3425 3103 
f 3431 3428 3103 
f 3434 3431 3103 
f 3437 3434 3103 
f 3440 3437 3103 
f 3443 3440 3103 
f 3446 3443 3103 
f 3449 3446 3103 
f 3452 3449 3103 
f 3455 3452 3103 
f 3458 3455 3103 
f 3361 3460 3103 
f 3460 3463 3103 
f 3463 3466 3103 
f 3466 3469 3103 
f 3469 3472 3103 
f 3472 3475 3103 
f 3475 3478 3103 
f 3478 3481 3103 
f 3481 3484 3103 
f 3484 3487 3103 
f 3487 3490 3103 
f 3490 3493 3103 
f 3493 3496 3103 
f 3496 3499 3103 
f 3499 3502 3103 
f 3502 3505 3103 
f 3505 3508 3103 
f 3508 3511 3103 
f 3511 3514 3103 
f 3514 3517 3103 
f 3517 3520 3103 
f 3520 3523 3103 
f 3523 3526 3103 
f 3526 3529 3103 
f 3529 3532 3103 
f 3532 3535 3103 
f 3535 3538 3103 
f 3538 3541 3103 
f 3541 3544 3103 
f 3544 3547 3103 
f 3547 3550 3103 
f 3550 3458 3103 
s 1
f 3107 3105 3104 3106 
f 3109 3107 3106 3108 
f 3111 3109 3108 3110 
f 3113 3111 3110 3112 
f 3115 3113 3112 3114 
f 3117 3115 3114 3116 
f 3119 3117 3116 3118 
f 3121 3119 3118 3120 
f 3123 3121 3120 3122 
f 3125 3123 3122 3124 
f 3127 3125 3124 3126 
f 3129 3127 3126 3128 
f 3131 3129 3128 3130 
f 3133 3131 3130 3132 
f 3135 3133 3132 3134 
f 3137 3135 3134 3136 
f 3139 3137 3136 3138 
f 3141 3139 3138 3140 
f 3143 3141 3140 3142 
f 3145 3143 3142 3144 
f 3147 3145 3144 3146 
f 3149 3147 3146 3148 
f 3151 3149 3148 3150 
f 3153 3151 3150 3152 
f 3155 3153 3152 3154 
f 3157 3155 3154 3156 
f 3159 3157 3156 3158 
f 3161 3159 3158 3160 
f 3163 3161 3160 3162 
f 3165 3163 3162 3164 
f 3167 3165 3164 3166 
f 3169 3167 3166 3168 
f 3105 3171 3170 3104 
f 3171 3173 3172 3170 
f 3173 3175 3174 3172 
f 3175 3177 3176 3174 
f 3177 3179 3178 3176 
f 3179 3181 3180 3178 
f 3181 3183 3182 3180 
f 3183 3185 3184 3182 
f 3185 3187 3186 3184 
f 3187 3189 3188 3186 
f 3189 3191 3190 3188 
f 3191 3193 3192 3190 
f 3193 3195 3194 3192 
f 3195 3197 3196 3194 
f 3197 3199 3198 3196 
f 3199 3201 3200 3198 
f 3201 3203 3202 3200 
f 3203 3205 3204 3202 
f 3205 3207 3206 3204 
f 3207 3209 3208 3206 
f 3209 3211 3210 3208 
f 3211 3213 3212 3210 
f 3213 3215 3214 3212 
f 3215 3217 3216 3214 
f 3217 3219 3218 3216 
f 3219 3221 3220 3218 
f 3221 3223 3222 3220 
f 3223 3225 3224 3222 
f 3225 3227 3226 3224 
f 3227 3229 3228 3226 
f 3229 3231 3230 3228 
f 3231 3169 3168 3230 
f 3233 3235 3234 3232 
f 3364 3362 3360 3363 
f 3235 3237 3236 3234 
f 3367 3364 3363 3366 
f 3237 3239 3238 3236 
f 3370 3367 3366 3369 
f 3239 3241 3240 3238 
f 3373 3370 3369 3372 
f 3241 3243 3242 3240 
f 3376 3373 3372 3375 
f 3243 3245 3244 3242 
f 3379 3376 3375 3378 
f 3245 3247 3246 3244 
f 3382 3379 3378 3381 
f 3247 3249 3248 3246 
f 3385 3382 3381 3384 
f 3249 3251 3250 3248 
f 3388 3385 3384 3387 
f 3251 3253 3252 3250 
f 3391 3388 3387 3390 
f 3253 3255 3254 3252 
f 3394 3391 3390 3393 
f 3255 3257 3256 3254 
f 3397 3394 3393 3396 
f 3257 3259 3258 3256 
f 3400 3397 3396 3399 
f 3259 3261 3260 3258 
f 3403 3400 3399 3402 
f 3261 3263 3262 3260 
f 3406 3403 3402 3405 
f 3263 3265 3264 3262 
f 3409 3406 3405 3408 
f 3265 3267 3266 3264 
f 3412 3409 3408 3411 
f 3267 3269 3268 3266 
f 3415 3412 3411 3414 
f 3269 3271 3270 3268 
f 3418 3415 3414 3417 
f 3271 3273 3272 3270 
f 3421 3418 3417 3420 
f 3273 3275 3274 3272 
f 3424 3421 3420 3423 
f 3275 3277 3276 3274 
f 3427 3424 3423 3426 
f 3277 3279 3278 3276 
f 3430 3427 3426 3429 
f 3279 3281 3280 3278 
f 3433 3430 3429 3432 
f 3281 3283 3282 3280 
f 3436 3433 3432 3435 
f 3283 3285 3284 3282 
f 3439 3436 3435 3438 
f 3285 3287 3286 3284 
f 3442 3439 3438 3441 
f 3287 3289 3288 3286 
f 3445 3442 3441 3444 
f 3289 3291 3290 3288 
f 3448 3445 3444 3447 
f 3291 3293 3292 3290 
f 3451 3448 3447 3450 
f 3293 3295 3294 3292 
f 3454 3451 3450 3453 
f 3295 3297 3296 3294 
f 3457 3454 3453 3456 
f 3299 3233 3232 3298 
f 3362 3461 3459 3360 
f 3301 3299 3298 3300 
f 3461 3464 3462 3459 
f 3303 3301 3300 3302 
f 3464 3467 3465 3462 
f 3305 3303 3302 3304 
f 3467 3470 3468 3465 
f 3307 3305 3304 3306 
f 3470 3473 3471 3468 
f 3309 3307 3306 3308 
f 3473 3476 3474 3471 
f 3311 3309 3308 3310 
f 3476 3479 3477 3474 
f 3313 3311 3310 3312 
f 3479 3482 3480 3477 
f 3315 3313 3312 3314 
f 3482 3485 3483 3480 
f 3317 3315 3314 3316 
f 3485 3488 3486 3483 
f 3319 3317 3316 3318 
f 3488 3491 3489 3486 
f 3321 3319 3318 3320 
f 3491 3494 3492 3489 
f 3323 3321 3320 3322 
f 3494 3497 3495 3492 
f 3325 3323 3322 3324 
f 3497 3500 3498 3495 
f 3327 3325 3324 3326 
f 3500 3503 3501 3498 
f 3329 3327 3326 3328 
f 3503 3506 3504 3501 
f 3331 3329 3328 3330 
f 3506 3509 3507 3504 
f 3333 3331 3330 3332 
f 3509 3512 3510 3507 
f 3335 3333 3332 3334 
f 3512 3515 3513 3510 
f 3337 3335 3334 3336 
f 3515 3518 3516 3513 
f 3339 3337 3336 3338 
f 3518 3521 3519 3516 
f 3341 3339 3338 3340 
f 3521 3524 3522 3519 
f 3343 3341 3340 3342 
f 3524 3527 3525 3522 
f 3345 3343 3342 3344 
f 3527 3530 3528 3525 
f 3347 3345 3344 3346 
f 3530 3533 3531 3528 
f 3349 3347 3346 3348 
f 3533 3536 3534 3531 
f 3351 3349 3348 3350 
f 3536 3539 3537 3534 
f 3353 3351 3350 3352 
f 3539 3542 3540 3537 
f 3355 3353 3352 3354 
f 3542 3545 3543 3540 
f 3357 3355 3354 3356 
f 3545 3548 3546 3543 
f 3359 3357 3356 3358 
f 3548 3551 3549 3546 
f 3297 3359 3358 3296 
f 3551 3457 3456 3549 
s 2
f 3361 3365 3363 3360 
f 3365 3368 3366 3363 
f 3368 3371 3369 3366 
f 3371 3374 3372 3369 
f 3374 3377 3375 3372 
f 3377 3380 3378 3375 
f 3380 3383 3381 3378 
f 3383 3386 3384 3381 
f 3386 3389 3387 3384 
f 3389 3392 3390 3387 
f 3392 3395 3393 3390 
f 3395 3398 3396 3393 
f 3398 3401 3399 3396 
f 3401 3404 3402 3399 
f 3404 3407 3405 3402 
f 3407 3410 3408 3405 
f 3410 3413 3411 3408 
f 3413 3416 3414 3411 
f 3416 3419 3417 3414 
f 3419 3422 3420 3417 
f 3422 3425 3423 3420 
f 3425 3428 3426 3423 
f 3428 3431 3429 3426 
f 3431 3434 3432 3429 
f 3434 3437 3435 3432 
f 3437 3440 3438 3435 
f 3440 3443 3441 3438 
f 3443 3446 3444 3441 
f 3446 3449 3447 3444 
f 3449 3452 3450 3447 
f 3452 3455 3453 3450 
f 3455 3458 3456 3453 
f 3460 3361 3360 3459 
f 3463 3460 3459 3462 
f 3466 3463 3462 3465 
f 3469 3466 3465 3468 
f 3472 3469 3468 3471 
f 3475 3472 3471 3474 
f 3478 3475 3474 3477 
f 3481 3478 3477 3480 
f 3484 3481 3480 3483 
f 3487 3484 3483 3486 
f 3490 3487 3486 3489 
f 3493 3490 3489 3492 
f 3496 3493 3492 3495 
f 3499 3496 3495 3498 
f 3502 3499 3498 3501 
f 3505 3502 3501 3504 
f 3508 3505 3504 3507 
f 3511 3508 3507 3510 
f 3514 3511 3510 3513 
f 3517 3514 3513 3516 
f 3520 3517 3516 3519 
f 3523 3520 3519 3522 
f 3526 3523 3522 3525 
f 3529 3526 3525 3528 
f 3532 3529 3528 3531 
f 3535 3532 3531 3534 
f 3538 3535 3534 3537 
f 3541 3538 3537 3540 
f 3544 3541 3540 3543 
f 3547 3544 3543 3546 
f 3550 3547 3546 3549 
f 3458 3550 3549 3456 
s 1
f 3553 3555 3554 3552 
f 3555 3557 3556 3554 
f 3557 3559 3558 3556 
f 3559 3561 3560 3558 
f 3561 3563 3562 3560 
f 3563 3565 3564 3562 
f 3565 3567 3566 3564 
f 3567 3569 3568 3566 
f 3569 3571 3570 3568 
f 3571 3573 3572 3570 
f 3573 3575 3574 3572 
f 3575 3577 3576 3574 
f 3577 3579 3578 3576 
f 3579 3581 3580 3578 
f 3581 3583 3582 3580 
f 3583 3585 3584 3582 
f 3585 3587 3586 3584 
f 3587 3589 3588 3586 
f 3589 3591 3590 3588 
f 3591 3593 3592 3590 
f 3593 3595 3594 3592 
f 3595 3597 3596 3594 
f 3597 3599 3598 3596 
f 3599 3601 3600 3598 
f 3601 3603 3602 3600 
f 3603 3605 3604 3602 
f 3605 3607 3606 3604 
f 3607 3609 3608 3606 
f 3609 3611 3610 3608 
f 3611 3613 3612 3610 
f 3613 3615 3614 3612 
f 3615 3617 3616 3614 
f 3619 3553 3552 3618 
f 3621 3619 3618 3620 
f 3623 3621 3620 3622 
f 3625 3623 3622 3624 
f 3627 3625 3624 3626 
f 3629 3627 3626 3628 
f 3631 3629 3628 3630 
f 3633 3631 3630 3632 
f 3635 3633 3632 3634 
f 3637 3635 3634 3636 
f 3639 3637 3636 3638 
f 3641 3639 3638 3640 
f 3643 3641 3640 3642 
f 3645 3643 3642 3644 
f 3647 3645 3644 3646 
f 3649 3647 3646 3648 
f 3651 3649 3648 3650 
f 3653 3651 3650 3652 
f 3655 3653 3652 3654 
f 3657 3655 3654 3656 
f 3659 3657 3656 3658 
f 3661 3659 3658 3660 
f 3663 3661 3660 3662 
f 3665 3663 3662 3664 
f 3667 3665 3664 3666 
f 3669 3667 3666 3668 
f 3671 3669 3668 3670 
f 3673 3671 3670 3672 
f 3675 3673 3672 3674 
f 3677 3675 3674 3676 
f 3679 3677 3676 3678 
f 3617 3679 3678 3616 
f 4257 4259 4131 4129 
f 3936 3937 3940 3941 
f 4259 4261 4133 4131 
f 3942 3943 3937 3936 
f 4261 4263 4135 4133 
f 3945 3946 3943 3942 
f 4263 4265 4137 4135 
f 3948 3949 3946 3945 
f 4265 4267 4139 4137 
f 3951 3952 3949 3948 
f 4267 4269 4141 4139 
f 3954 3955 3952 3951 
f 4269 4271 4143 4141 
f 3957 3958 3955 3954 
f 4271 4273 4145 4143 
f 3960 3961 3958 3957 
f 4273 4275 4147 4145 
f 3963 3964 3961 3960 
f 4275 4277 4149 4147 
f 3966 3967 3964 3963 
f 4277 4279 4151 4149 
f 3969 3970 3967 3966 
f 4279 4281 4153 4151 
f 3972 3973 3970 3969 
f 4281 4283 4155 4153 
f 3975 3976 3973 3972 
f 4283 4285 4157 4155 
f 3978 3979 3976 3975 
f 4285 4287 4159 4157 
f 3981 3982 3979 3978 
f 4287 4289 4161 4159 
f 3984 3985 3982 3981 
f 4289 4291 4163 4161 
f 3987 3988 3985 3984 
f 4291 4293 4165 4163 
f 3990 3991 3988 3987 
f 4293 4295 4167 4165 
f 3993 3994 3991 3990 
f 4295 4297 4169 4167 
f 3996 3997 3994 3993 
f 4297 4299 4171 4169 
f 3999 4000 3997 3996 
f 4299 4301 4173 4171 
f 4002 4003 4000 3999 
f 4301 4303 4175 4173 
f 4005 4006 4003 4002 
f 4303 4305 4177 4175 
f 4008 4009 4006 4005 
f 4305 4307 4179 4177 
f 4011 4012 4009 4008 
f 4307 4309 4181 4179 
f 4014 4015 4012 4011 
f 4309 4311 4183 4181 
f 4017 4018 4015 4014 
f 4311 4313 4185 4183 
f 4020 4021 4018 4017 
f 4313 4315 4187 4185 
f 4023 4024 4021 4020 
f 4315 4317 4189 4187 
f 4026 4027 4024 4023 
f 4317 4319 4191 4189 
f 4029 4030 4027 4026 
f 4319 4321 4193 4191 
f 4032 4033 4030 4029 
f 4321 4323 4195 4193 
f 4035 4036 4033 4032 
f 4323 4325 4197 4195 
f 4038 4039 4036 4035 
f 4325 4327 4199 4197 
f 4041 4042 4039 4038 
f 4327 4329 4201 4199 
f 4044 4045 4042 4041 
f 4329 4331 4203 4201 
f 4047 4048 4045 4044 
f 4331 4333 4205 4203 
f 4050 4051 4048 4047 
f 4333 4335 4207 4205 
f 4053 4054 4051 4050 
f 4335 4337 4209 4207 
f 4056 4057 4054 4053 
f 4337 4339 4211 4209 
f 4059 4060 4057 4056 
f 4339 4341 4213 4211 
f 4062 4063 4060 4059 
f 4341 4343 4215 4213 
f 4065 4066 4063 4062 
f 4343 4345 4217 4215 
f 4068 4069 4066 4065 
f 4345 4347 4219 4217 
f 4071 4072 4069 4068 
f 4347 4349 4221 4219 
f 4074 4075 4072 4071 
f 4349 4351 4223 4221 
f 4077 4078 4075 4074 
f 4351 4353 4225 4223 
f 4080 4081 4078 4077 
f 4353 4355 4227 4225 
f 4083 4084 4081 4080 
f 4355 4357 4229 4227 
f 4086 4087 4084 4083 
f 4357 4359 4231 4229 
f 4089 4090 4087 4086 
f 4359 4361 4233 4231 
f 4092 4093 4090 4089 
f 4361 4363 4235 4233 
f 4095 4096 4093 4092 
f 4363 4365 4237 4235 
f 4098 4099 4096 4095 
f 4365 4367 4239 4237 
f 4101 4102 4099 4098 
f 4367 4369 4241 4239 
f 4104 4105 4102 4101 
f 4369 4371 4243 4241 
f 4107 4108 4105 4104 
f 4371 4373 4245 4243 
f 4110 4111 4108 4107 
f 4373 4375 4247 4245 
f 4113 4114 4111 4110 
f 4375 4377 4249 4247 
f 4116 4117 4114 4113 
f 4377 4379 4251 4249 
f 4119 4120 4117 4116 
f 4379 4381 4253 4251 
f 4122 4123 4120 4119 
f 4381 4383 4255 4253 
f 4125 4126 4123 4122 
f 4383 4257 4129 4255 
f 3941 3940 4126 4125 
f 3744 3745 3748 3747 
f 3747 3748 3751 3750 
f 3750 3751 3754 3753 
f 3753 3754 3757 3756 
f 3756 3757 3760 3759 
f 3759 3760 3763 3762 
f 3762 3763 3766 3765 
f 3765 3766 3769 3768 
f 3768 3769 3772 3771 
f 3771 3772 3775 3774 
f 3774 3775 3778 3777 
f 3777 3778 3781 3780 
f 3780 3781 3784 3783 
f 3783 3784 3787 3786 
f 3786 3787 3790 3789 
f 3789 3790 3793 3792 
f 3792 3793 3796 3795 
f 3795 3796 3799 3798 
f 3798 3799 3802 3801 
f 3801 3802 3805 3804 
f 3804 3805 3808 3807 
f 3807 3808 3811 3810 
f 3810 3811 3814 3813 
f 3813 3814 3817 3816 
f 3816 3817 3820 3819 
f 3819 3820 3823 3822 
f 3822 3823 3826 3825 
f 3825 3826 3829 3828 
f 3828 3829 3832 3831 
f 3831 3832 3835 3834 
f 3834 3835 3838 3837 
f 3837 3838 3841 3840 
f 3840 3841 3844 3843 
f 3843 3844 3847 3846 
f 3846 3847 3850 3849 
f 3849 3850 3853 3852 
f 3852 3853 3856 3855 
f 3855 3856 3859 3858 
f 3858 3859 3862 3861 
f 3861 3862 3865 3864 
f 3864 3865 3868 3867 
f 3867 3868 3871 3870 
f 3870 3871 3874 3873 
f 3873 3874 3877 3876 
f 3876 3877 3880 3879 
f 3879 3880 3883 3882 
f 3882 3883 3886 3885 
f 3885 3886 3889 3888 
f 3888 3889 3892 3891 
f 3891 3892 3895 3894 
f 3894 3895 3898 3897 
f 3897 3898 3901 3900 
f 3900 3901 3904 3903 
f 3903 3904 3907 3906 
f 3906 3907 3910 3909 
f 3909 3910 3913 3912 
f 3912 3913 3916 3915 
f 3915 3916 3919 3918 
f 3918 3919 3922 3921 
f 3921 3922 3925 3924 
f 3924 3925 3928 3927 
f 3927 3928 3931 3930 
f 3930 3931 3934 3933 
f 3933 3934 3745 3744 
f 4385 4387 4390 4392 
f 4395 4385 4392 4397 
f 4400 4395 4397 4402 
f 4405 4400 4402 4407 
f 4410 4405 4407 4412 
f 4415 4410 4412 4417 
f 4420 4415 4417 4422 
f 4425 4420 4422 4427 
f 4430 4425 4427 4432 
f 4435 4430 4432 4437 
f 4440 4435 4437 4442 
f 4445 4440 4442 4447 
f 4450 4445 4447 4452 
f 4455 4450 4452 4457 
f 4460 4455 4457 4462 
f 4465 4460 4462 4467 
f 4470 4465 4467 4472 
f 4475 4470 4472 4477 
f 4480 4475 4477 4482 
f 4485 4480 4482 4487 
f 4490 4485 4487 4492 
f 4495 4490 4492 4497 
f 4500 4495 4497 4502 
f 4505 4500 4502 4507 
f 4510 4505 4507 4512 
f 4515 4510 4512 4517 
f 4520 4515 4517 4522 
f 4525 4520 4522 4527 
f 4530 4525 4527 4532 
f 4535 4530 4532 4537 
f 4540 4535 4537 4542 
f 4545 4540 4542 4547 
f 4550 4545 4547 4552 
f 4555 4550 4552 4557 
f 4560 4555 4557 4562 
f 4565 4560 4562 4567 
f 4570 4565 4567 4572 
f 4575 4570 4572 4577 
f 4580 4575 4577 4582 
f 4585 4580 4582 4587 
f 4590 4585 4587 4592 
f 4595 4590 4592 4597 
f 4600 4595 4597 4602 
f 4605 4600 4602 4607 
f 4610 4605 4607 4612 
f 4615 4610 4612 4617 
f 4620 4615 4617 4622 
f 4625 4620 4622 4627 
f 4630 4625 4627 4632 
f 4635 4630 4632 4637 
f 4640 4635 4637 4642 
f 4645 4640 4642 4647 
f 4650 4645 4647 4652 
f 4655 4650 4652 4657 
f 4660 4655 4657 4662 
f 4665 4660 4662 4667 
f 4670 4665 4667 4672 
f 4675 4670 4672 4677 
f 4680 4675 4677 4682 
f 4685 4680 4682 4687 
f 4690 4685 4687 4692 
f 4695 4690 4692 4697 
f 4700 4695 4697 4702 
f 4387 4700 4702 4390 
f 3746 4386 4384 3749 
f 3745 3746 3749 3748 
f 3747 4258 4256 3744 
f 3749 4384 4394 3752 
f 3748 3749 3752 3751 
f 3750 4260 4258 3747 
f 3752 4394 4399 3755 
f 3751 3752 3755 3754 
f 3753 4262 4260 3750 
f 3755 4399 4404 3758 
f 3754 3755 3758 3757 
f 3756 4264 4262 3753 
f 3758 4404 4409 3761 
f 3757 3758 3761 3760 
f 3759 4266 4264 3756 
f 3761 4409 4414 3764 
f 3760 3761 3764 3763 
f 3762 4268 4266 3759 
f 3764 4414 4419 3767 
f 3763 3764 3767 3766 
f 3765 4270 4268 3762 
f 3767 4419 4424 3770 
f 3766 3767 3770 3769 
f 3768 4272 4270 3765 
f 3770 4424 4429 3773 
f 3769 3770 3773 3772 
f 3771 4274 4272 3768 
f 3773 4429 4434 3776 
f 3772 3773 3776 3775 
f 3774 4276 4274 3771 
f 3776 4434 4439 3779 
f 3775 3776 3779 3778 
f 3777 4278 4276 3774 
f 3779 4439 4444 3782 
f 3778 3779 3782 3781 
f 3780 4280 4278 3777 
f 3782 4444 4449 3785 
f 3781 3782 3785 3784 
f 3783 4282 4280 3780 
f 3785 4449 4454 3788 
f 3784 3785 3788 3787 
f 3786 4284 4282 3783 
f 3788 4454 4459 3791 
f 3787 3788 3791 3790 
f 3789 4286 4284 3786 
f 3791 4459 4464 3794 
f 3790 3791 3794 3793 
f 3792 4288 4286 3789 
f 3794 4464 4469 3797 
f 3793 3794 3797 3796 
f 3795 4290 4288 3792 
f 3797 4469 4474 3800 
f 3796 3797 3800 3799 
f 3798 4292 4290 3795 
f 3800 4474 4479 3803 
f 3799 3800 3803 3802 
f 3801 4294 4292 3798 
f 3803 4479 4484 3806 
f 3802 3803 3806 3805 
f 3804 4296 4294 3801 
f 3806 4484 4489 3809 
f 3805 3806 3809 3808 
f 3807 4298 4296 3804 
f 3809 4489 4494 3812 
f 3808 3809 3812 3811 
f 3810 4300 4298 3807 
f 3812 4494 4499 3815 
f 3811 3812 3815 3814 
f 3813 4302 4300 3810 
f 3815 4499 4504 3818 
f 3814 3815 3818 3817 
f 3816 4304 4302 3813 
f 3818 4504 4509 3821 
f 3817 3818 3821 3820 
f 3819 4306 4304 3816 
f 3821 4509 4514 3824 
f 3820 3821 3824 3823 
f 3822 4308 4306 3819 
f 3824 4514 4519 3827 
f 3823 3824 3827 3826 
f 3825 4310 4308 3822 
f 3827 4519 4524 3830 
f 3826 3827 3830 3829 
f 3828 4312 4310 3825 
f 3830 4524 4529 3833 
f 3829 3830 3833 3832 
f 3831 4314 4312 3828 
f 3833 4529 4534 3836 
f 3832 3833 3836 3835 
f 3834 4316 4314 3831 
f 3836 4534 4539 3839 
f 3835 3836 3839 3838 
f 3837 4318 4316 3834 
f 3839 4539 4544 3842 
f 3838 3839 3842 3841 
f 3840 4320 4318 3837 
f 3842 4544 4549 3845 
f 3841 3842 3845 3844 
f 3843 4322 4320 3840 
f 3845 4549 4554 3848 
f 3844 3845 3848 3847 
f 3846 4324 4322 3843 
f 3848 4554 4559 3851 
f 3847 3848 3851 3850 
f 3849 4326 4324 3846 
f 3851 4559 4564 3854 
f 3850 3851 3854 3853 
f 3852 4328 4326 3849 
f 3854 4564 4569 3857 
f 3853 3854 3857 3856 
f 3855 4330 4328 3852 
f 3857 4569 4574 3860 
f 3856 3857 3860 3859 
f 3858 4332 4330 3855 
f 3860 4574 4579 3863 
f 3859 3860 3863 3862 
f 3861 4334 4332 3858 
f 3863 4579 4584 3866 
f 3862 3863 3866 3865 
f 3864 4336 4334 3861 
f 3866 4584 4589 3869 
f 3865 3866 3869 3868 
f 3867 4338 4336 3864 
f 3869 4589 4594 3872 
f 3868 3869 3872 3871 
f 3870 4340 4338 3867 
f 3872 4594 4599 3875 
f 3871 3872 3875 3874 
f 3873 4342 4340 3870 
f 3875 4599 4604 3878 
f 3874 3875 3878 3877 
f 3876 4344 4342 3873 
f 3878 4604 4609 3881 
f 3877 3878 3881 3880 
f 3879 4346 4344 3876 
f 3881 4609 4614 3884 
f 3880 3881 3884 3883 
f 3882 4348 4346 3879 
f 3884 4614 4619 3887 
f 3883 3884 3887 3886 
f 3885 4350 4348 3882 
f 3887 4619 4624 3890 
f 3886 3887 3890 3889 
f 3888 4352 4350 3885 
f 3890 4624 4629 3893 
f 3889 3890 3893 3892 
f 3891 4354 4352 3888 
f 3893 4629 4634 3896 
f 3892 3893 3896 3895 
f 3894 4356 4354 3891 
f 3896 4634 4639 3899 
f 3895 3896 3899 3898 
f 3897 4358 4356 3894 
f 3899 4639 4644 3902 
f 3898 3899 3902 3901 
f 3900 4360 4358 3897 
f 3902 4644 4649 3905 
f 3901 3902 3905 3904 
f 3903 4362 4360 3900 
f 3905 4649 4654 3908 
f 3904 3905 3908 3907 
f 3906 4364 4362 3903 
f 3908 4654 4659 3911 
f 3907 3908 3911 3910 
f 3909 4366 4364 3906 
f 3911 4659 4664 3914 
f 3910 3911 3914 3913 
f 3912 4368 4366 3909 
f 3914 4664 4669 3917 
f 3913 3914 3917 3916 
f 3915 4370 4368 3912 
f 3917 4669 4674 3920 
f 3916 3917 3920 3919 
f 3918 4372 4370 3915 
f 3920 4674 4679 3923 
f 3919 3920 3923 3922 
f 3921 4374 4372 3918 
f 3923 4679 4684 3926 
f 3922 3923 3926 3925 
f 3924 4376 4374 3921 
f 3926 4684 4689 3929 
f 3925 3926 3929 3928 
f 3927 4378 4376 3924 
f 3929 4689 4694 3932 
f 3928 3929 3932 3931 
f 3930 4380 4378 3927 
f 3932 4694 4699 3935 
f 3931 3932 3935 3934 
f 3933 4382 4380 3930 
f 3935 4699 4386 3746 
f 3934 3935 3746 3745 
f 3744 4256 4382 3933 
f 3938 3681 3680 3939 
f 3937 3938 3939 3940 
f 3941 4128 4130 3936 
f 3944 3682 3681 3938 
f 3943 3944 3938 3937 
f 3936 4130 4132 3942 
f 3947 3683 3682 3944 
f 3946 3947 3944 3943 
f 3942 4132 4134 3945 
f 3950 3684 3683 3947 
f 3949 3950 3947 3946 
f 3945 4134 4136 3948 
f 3953 3685 3684 3950 
f 3952 3953 3950 3949 
f 3948 4136 4138 3951 
f 3956 3686 3685 3953 
f 3955 3956 3953 3952 
f 3951 4138 4140 3954 
f 3959 3687 3686 3956 
f 3958 3959 3956 3955 
f 3954 4140 4142 3957 
f 3962 3688 3687 3959 
f 3961 3962 3959 3958 
f 3957 4142 4144 3960 
f 3965 3689 3688 3962 
f 3964 3965 3962 3961 
f 3960 4144 4146 3963 
f 3968 3690 3689 3965 
f 3967 3968 3965 3964 
f 3963 4146 4148 3966 
f 3971 3691 3690 3968 
f 3970 3971 3968 3967 
f 3966 4148 4150 3969 
f 3974 3692 3691 3971 
f 3973 3974 3971 3970 
f 3969 4150 4152 3972 
f 3977 3693 3692 3974 
f 3976 3977 3974 3973 
f 3972 4152 4154 3975 
f 3980 3694 3693 3977 
f 3979 3980 3977 3976 
f 3975 4154 4156 3978 
f 3983 3695 3694 3980 
f 3982 3983 3980 3979 
f 3978 4156 4158 3981 
f 3986 3696 3695 3983 
f 3985 3986 3983 3982 
f 3981 4158 4160 3984 
f 3989 3697 3696 3986 
f 3988 3989 3986 3985 
f 3984 4160 4162 3987 
f 3992 3698 3697 3989 
f 3991 3992 3989 3988 
f 3987 4162 4164 3990 
f 3995 3699 3698 3992 
f 3994 3995 3992 3991 
f 3990 4164 4166 3993 
f 3998 3700 3699 3995 
f 3997 3998 3995 3994 
f 3993 4166 4168 3996 
f 4001 3701 3700 3998 
f 4000 4001 3998 3997 
f 3996 4168 4170 3999 
f 4004 3702 3701 4001 
f 4003 4004 4001 4000 
f 3999 4170 4172 4002 
f 4007 3703 3702 4004 
f 4006 4007 4004 4003 
f 4002 4172 4174 4005 
f 4010 3704 3703 4007 
f 4009 4010 4007 4006 
f 4005 4174 4176 4008 
f 4013 3705 3704 4010 
f 4012 4013 4010 4009 
f 4008 4176 4178 4011 
f 4016 3706 3705 4013 
f 4015 4016 4013 4012 
f 4011 4178 4180 4014 
f 4019 3707 3706 4016 
f 4018 4019 4016 4015 
f 4014 4180 4182 4017 
f 4022 3708 3707 4019 
f 4021 4022 4019 4018 
f 4017 4182 4184 4020 
f 4025 3709 3708 4022 
f 4024 4025 4022 4021 
f 4020 4184 4186 4023 
f 4028 3710 3709 4025 
f 4027 4028 4025 4024 
f 4023 4186 4188 4026 
f 4031 3711 3710 4028 
f 4030 4031 4028 4027 
f 4026 4188 4190 4029 
f 4034 3712 3711 4031 
f 4033 4034 4031 4030 
f 4029 4190 4192 4032 
f 4037 3713 3712 4034 
f 4036 4037 4034 4033 
f 4032 4192 4194 4035 
f 4040 3714 3713 4037 
f 4039 4040 4037 4036 
f 4035 4194 4196 4038 
f 4043 3715 3714 4040 
f 4042 4043 4040 4039 
f 4038 4196 4198 4041 
f 4046 3716 3715 4043 
f 4045 4046 4043 4042 
f 4041 4198 4200 4044 
f 4049 3717 3716 4046 
f 4048 4049 4046 4045 
f 4044 4200 4202 4047 
f 4052 3718 3717 4049 
f 4051 4052 4049 4048 
f 4047 4202 4204 4050 
f 4055 3719 3718 4052 
f 4054 4055 4052 4051 
f 4050 4204 4206 4053 
f 4058 3720 3719 4055 
f 4057 4058 4055 4054 
f 4053 4206 4208 4056 
f 4061 3721 3720 4058 
f 4060 4061 4058 4057 
f 4056 4208 4210 4059 
f 4064 3722 3721 4061 
f 4063 4064 4061 4060 
f 4059 4210 4212 4062 
f 4067 3723 3722 4064 
f 4066 4067 4064 4063 
f 4062 4212 4214 4065 
f 4070 3724 3723 4067 
f 4069 4070 4067 4066 
f 4065 4214 4216 4068 
f 4073 3725 3724 4070 
f 4072 4073 4070 4069 
f 4068 4216 4218 4071 
f 4076 3726 3725 4073 
f 4075 4076 4073 4072 
f 4071 4218 4220 4074 
f 4079 3727 3726 4076 
f 4078 4079 4076 4075 
f 4074 4220 4222 4077 
f 4082 3728 3727 4079 
f 4081 4082 4079 4078 
f 4077 4222 4224 4080 
f 4085 3729 3728 4082 
f 4084 4085 4082 4081 
f 4080 4224 4226 4083 
f 4088 3730 3729 4085 
f 4087 4088 4085 4084 
f 4083 4226 4228 4086 
f 4091 3731 3730 4088 
f 4090 4091 4088 4087 
f 4086 4228 4230 4089 
f 4094 3732 3731 4091 
f 4093 4094 4091 4090 
f 4089 4230 4232 4092 
f 4097 3733 3732 4094 
f 4096 4097 4094 4093 
f 4092 4232 4234 4095 
f 4100 3734 3733 4097 
f 4099 4100 4097 4096 
f 4095 4234 4236 4098 
f 4103 3735 3734 4100 
f 4102 4103 4100 4099 
f 4098 4236 4238 4101 
f 4106 3736 3735 4103 
f 4105 4106 4103 4102 
f 4101 4238 4240 4104 
f 4109 3737 3736 4106 
f 4108 4109 4106 4105 
f 4104 4240 4242 4107 
f 4112 3738 3737 4109 
f 4111 4112 4109 4108 
f 4107 4242 4244 4110 
f 4115 3739 3738 4112 
f 4114 4115 4112 4111 
f 4110 4244 4246 4113 
f 4118 3740 3739 4115 
f 4117 4118 4115 4114 
f 4113 4246 4248 4116 
f 4121 3741 3740 4118 
f 4120 4121 4118 4117 
f 4116 4248 4250 4119 
f 4124 3742 3741 4121 
f 4123 4124 4121 4120 
f 4119 4250 4252 4122 
f 4127 3743 3742 4124 
f 4126 4127 4124 4123 
f 4122 4252 4254 4125 
f 3939 3680 3743 4127 
f 3940 3939 4127 4126 
f 4125 4254 4128 3941 
f 4129 4131 4130 4128 
f 4131 4133 4132 4130 
f 4133 4135 4134 4132 
f 4135 4137 4136 4134 
f 4137 4139 4138 4136 
f 4139 4141 4140 4138 
f 4141 4143 4142 4140 
f 4143 4145 4144 4142 
f 4145 4147 4146 4144 
f 4147 4149 4148 4146 
f 4149 4151 4150 4148 
f 4151 4153 4152 4150 
f 4153 4155 4154 4152 
f 4155 4157 4156 4154 
f 4157 4159 4158 4156 
f 4159 4161 4160 4158 
f 4161 4163 4162 4160 
f 4163 4165 4164 4162 
f 4165 4167 4166 4164 
f 4167 4169 4168 4166 
f 4169 4171 4170 4168 
f 4171 4173 4172 4170 
f 4173 4175 4174 4172 
f 4175 4177 4176 4174 
f 4177 4179 4178 4176 
f 4179 4181 4180 4178 
f 4181 4183 4182 4180 
f 4183 4185 4184 4182 
f 4185 4187 4186 4184 
f 4187 4189 4188 4186 
f 4189 4191 4190 4188 
f 4191 4193 4192 4190 
f 4193 4195 4194 4192 
f 4195 4197 4196 4194 
f 4197 4199 4198 4196 
f 4199 4201 4200 4198 
f 4201 4203 4202 4200 
f 4203 4205 4204 4202 
f 4205 4207 4206 4204 
f 4207 4209 4208 4206 
f 4209 4211 4210 4208 
f 4211 4213 4212 4210 
f 4213 4215 4214 4212 
f 4215 4217 4216 4214 
f 4217 4219 4218 4216 
f 4219 4221 4220 4218 
f 4221 4223 4222 4220 
f 4223 4225 4224 4222 
f 4225 4227 4226 4224 
f 4227 4229 4228 4226 
f 4229 4231 4230 4228 
f 4231 4233 4232 4230 
f 4233 4235 4234 4232 
f 4235 4237 4236 4234 
f 4237 4239 4238 4236 
f 4239 4241 4240 4238 
f 4241 4243 4242 4240 
f 4243 4245 4244 4242 
f 4245 4247 4246 4244 
f 4247 4249 4248 4246 
f 4249 4251 4250 4248 
f 4251 4253 4252 4250 
f 4253 4255 4254 4252 
f 4255 4129 4128 4254 
f 4259 4257 4256 4258 
f 4261 4259 4258 4260 
f 4263 4261 4260 4262 
f 4265 4263 4262 4264 
f 4267 4265 4264 4266 
f 4269 4267 4266 4268 
f 4271 4269 4268 4270 
f 4273 4271 4270 4272 
f 4275 4273 4272 4274 
f 4277 4275 4274 4276 
f 4279 4277 4276 4278 
f 4281 4279 4278 4280 
f 4283 4281 4280 4282 
f 4285 4283 4282 4284 
f 4287 4285 4284 4286 
f 4289 4287 4286 4288 
f 4291 4289 4288 4290 
f 4293 4291 4290 4292 
f 4295 4293 4292 4294 
f 4297 4295 4294 4296 
f 4299 4297 4296 4298 
f 4301 4299 4298 4300 
f 4303 4301 4300 4302 
f 4305 4303 4302 4304 
f 4307 4305 4304 4306 
f 4309 4307 4306 4308 
f 4311 4309 4308 4310 
f 4313 4311 4310 4312 
f 4315 4313 4312 4314 
f 4317 4315 4314 4316 
f 4319 4317 4316 4318 
f 4321 4319 4318 4320 
f 4323 4321 4320 4322 
f 4325 4323 4322 4324 
f 4327 4325 4324 4326 
f 4329 4327 4326 4328 
f 4331 4329 4328 4330 
f 4333 4331 4330 4332 
f 4335 4333 4332 4334 
f 4337 4335 4334 4336 
f 4339 4337 4336 4338 
f 4341 4339 4338 4340 
f 4343 4341 4340 4342 
f 4345 4343 4342 4344 
f 4347 4345 4344 4346 
f 4349 4347 4346 4348 
f 4351 4349 4348 4350 
f 4353 4351 4350 4352 
f 4355 4353 4352 4354 
f 4357 4355 4354 4356 
f 4359 4357 4356 4358 
f 4361 4359 4358 4360 
f 4363 4361 4360 4362 
f 4365 4363 4362 4364 
f 4367 4365 4364 4366 
f 4369 4367 4366 4368 
f 4371 4369 4368 4370 
f 4373 4371 4370 4372 
f 4375 4373 4372 4374 
f 4377 4375 4374 4376 
f 4379 4377 4376 4378 
f 4381 4379 4378 4380 
f 4383 4381 4380 4382 
f 4257 4383 4382 4256 
s 4
f 4393 4389 4706 4708 
f 4398 4393 4708 4711 
f 4403 4398 4711 4714 
f 4408 4403 4714 4717 
f 4413 4408 4717 4720 
f 4418 4413 4720 4723 
f 4423 4418 4723 4726 
f 4428 4423 4726 4729 
f 4433 4428 4729 4732 
f 4438 4433 4732 4735 
f 4443 4438 4735 4738 
f 4448 4443 4738 4741 
f 4453 4448 4741 4744 
f 4458 4453 4744 4747 
f 4463 4458 4747 4750 
f 4468 4463 4750 4753 
f 4473 4468 4753 4756 
f 4478 4473 4756 4759 
f 4483 4478 4759 4762 
f 4488 4483 4762 4765 
f 4493 4488 4765 4768 
f 4498 4493 4768 4771 
f 4503 4498 4771 4774 
f 4508 4503 4774 4777 
f 4513 4508 4777 4780 
f 4518 4513 4780 4783 
f 4523 4518 4783 4786 
f 4528 4523 4786 4789 
f 4533 4528 4789 4792 
f 4538 4533 4792 4795 
f 4543 4538 4795 4798 
f 4548 4543 4798 4801 
f 4553 4548 4801 4804 
f 4558 4553 4804 4807 
f 4563 4558 4807 4810 
f 4568 4563 4810 4813 
f 4573 4568 4813 4816 
f 4578 4573 4816 4819 
f 4583 4578 4819 4822 
f 4588 4583 4822 4825 
f 4593 4588 4825 4828 
f 4598 4593 4828 4831 
f 4603 4598 4831 4834 
f 4608 4603 4834 4837 
f 4613 4608 4837 4840 
f 4618 4613 4840 4843 
f 4623 4618 4843 4846 
f 4628 4623 4846 4849 
f 4633 4628 4849 4852 
f 4638 4633 4852 4855 
f 4643 4638 4855 4858 
f 4648 4643 4858 4861 
f 4653 4648 4861 4864 
f 4658 4653 4864 4867 
f 4663 4658 4867 4870 
f 4668 4663 4870 4873 
f 4673 4668 4873 4876 
f 4678 4673 4876 4879 
f 4683 4678 4879 4882 
f 4688 4683 4882 4885 
f 4693 4688 4885 4888 
f 4698 4693 4888 4891 
f 4703 4698 4891 4894 
f 4389 4703 4894 4706 
s 2
f 4709 4705 4899 4901 
f 4712 4709 4901 4904 
f 4715 4712 4904 4907 
f 4718 4715 4907 4910 
f 4721 4718 4910 4913 
f 4724 4721 4913 4916 
f 4727 4724 4916 4919 
f 4730 4727 4919 4922 
f 4733 4730 4922 4925 
f 4736 4733 4925 4928 
f 4739 4736 4928 4931 
f 4742 4739 4931 4934 
f 4745 4742 4934 4937 
f 4748 4745 4937 4940 
f 4751 4748 4940 4943 
f 4754 4751 4943 4946 
f 4757 4754 4946 4949 
f 4760 4757 4949 4952 
f 4763 4760 4952 4955 
f 4766 4763 4955 4958 
f 4769 4766 4958 4961 
f 4772 4769 4961 4964 
f 4775 4772 4964 4967 
f 4778 4775 4967 4970 
f 4781 4778 4970 4973 
f 4784 4781 4973 4976 
f 4787 4784 4976 4979 
f 4790 4787 4979 4982 
f 4793 4790 4982 4985 
f 4796 4793 4985 4988 
f 4799 4796 4988 4991 
f 4802 4799 4991 4994 
f 4805 4802 4994 4997 
f 4808 4805 4997 5000 
f 4811 4808 5000 5003 
f 4814 4811 5003 5006 
f 4817 4814 5006 5009 
f 4820 4817 5009 5012 
f 4823 4820 5012 5015 
f 4826 4823 5015 5018 
f 4829 4826 5018 5021 
f 4832 4829 5021 5024 
f 4835 4832 5024 5027 
f 4838 4835 5027 5030 
f 4841 4838 5030 5033 
f 4844 4841 5033 5036 
f 4847 4844 5036 5039 
f 4850 4847 5039 5042 
f 4853 4850 5042 5045 
f 4856 4853 5045 5048 
f 4859 4856 5048 5051 
f 4862 4859 5051 5054 
f 4865 4862 5054 5057 
f 4868 4865 5057 5060 
f 4871 4868 5060 5063 
f 4874 4871 5063 5066 
f 4877 4874 5066 5069 
f 4880 4877 5069 5072 
f 4883 4880 5072 5075 
f 4886 4883 5075 5078 
f 4889 4886 5078 5081 
f 4892 4889 5081 5084 
f 4895 4892 5084 5087 
f 4705 4895 5087 4899 
s 1
f 4387 4385 4384 4386 
f 4392 4390 4388 4391 
f 4385 4395 4394 4384 
f 4397 4392 4391 4396 
f 4395 4400 4399 4394 
f 4402 4397 4396 4401 
f 4400 4405 4404 4399 
f 4407 4402 4401 4406 
f 4405 4410 4409 4404 
f 4412 4407 4406 4411 
f 4410 4415 4414 4409 
f 4417 4412 4411 4416 
f 4415 4420 4419 4414 
f 4422 4417 4416 4421 
f 4420 4425 4424 4419 
f 4427 4422 4421 4426 
f 4425 4430 4429 4424 
f 4432 4427 4426 4431 
f 4430 4435 4434 4429 
f 4437 4432 4431 4436 
f 4435 4440 4439 4434 
f 4442 4437 4436 4441 
f 4440 4445 4444 4439 
f 4447 4442 4441 4446 
f 4445 4450 4449 4444 
f 4452 4447 4446 4451 
f 4450 4455 4454 4449 
f 4457 4452 4451 4456 
f 4455 4460 4459 4454 
f 4462 4457 4456 4461 
f 4460 4465 4464 4459 
f 4467 4462 4461 4466 
f 4465 4470 4469 4464 
f 4472 4467 4466 4471 
f 4470 4475 4474 4469 
f 4477 4472 4471 4476 
f 4475 4480 4479 4474 
f 4482 4477 4476 4481 
f 4480 4485 4484 4479 
f 4487 4482 4481 4486 
f 4485 4490 4489 4484 
f 4492 4487 4486 4491 
f 4490 4495 4494 4489 
f 4497 4492 4491 4496 
f 4495 4500 4499 4494 
f 4502 4497 4496 4501 
f 4500 4505 4504 4499 
f 4507 4502 4501 4506 
f 4505 4510 4509 4504 
f 4512 4507 4506 4511 
f 4510 4515 4514 4509 
f 4517 4512 4511 4516 
f 4515 4520 4519 4514 
f 4522 4517 4516 4521 
f 4520 4525 4524 4519 
f 4527 4522 4521 4526 
f 4525 4530 4529 4524 
f 4532 4527 4526 4531 
f 4530 4535 4534 4529 
f 4537 4532 4531 4536 
f 4535 4540 4539 4534 
f 4542 4537 4536 4541 
f 4540 4545 4544 4539 
f 4547 4542 4541 4546 
f 4545 4550 4549 4544 
f 4552 4547 4546 4551 
f 4550 4555 4554 4549 
f 4557 4552 4551 4556 
f 4555 4560 4559 4554 
f 4562 4557 4556 4561 
f 4560 4565 4564 4559 
f 4567 4562 4561 4566 
f 4565 4570 4569 4564 
f 4572 4567 4566 4571 
f 4570 4575 4574 4569 
f 4577 4572 4571 4576 
f 4575 4580 4579 4574 
f 4582 4577 4576 4581 
f 4580 4585 4584 4579 
f 4587 4582 4581 4586 
f 4585 4590 4589 4584 
f 4592 4587 4586 4591 
f 4590 4595 4594 4589 
f 4597 4592 4591 4596 
f 4595 4600 4599 4594 
f 4602 4597 4596 4601 
f 4600 4605 4604 4599 
f 4607 4602 4601 4606 
f 4605 4610 4609 4604 
f 4612 4607 4606 4611 
f 4610 4615 4614 4609 
f 4617 4612 4611 4616 
f 4615 4620 4619 4614 
f 4622 4617 4616 4621 
f 4620 4625 4624 4619 
f 4627 4622 4621 4626 
f 4625 4630 4629 4624 
f 4632 4627 4626 4631 
f 4630 4635 4634 4629 
f 4637 4632 4631 4636 
f 4635 4640 4639 4634 
f 4642 4637 4636 4641 
f 4640 4645 4644 4639 
f 4647 4642 4641 4646 
f 4645 4650 4649 4644 
f 4652 4647 4646 4651 
f 4650 4655 4654 4649 
f 4657 4652 4651 4656 
f 4655 4660 4659 4654 
f 4662 4657 4656 4661 
f 4660 4665 4664 4659 
f 4667 4662 4661 4666 
f 4665 4670 4669 4664 
f 4672 4667 4666 4671 
f 4670 4675 4674 4669 
f 4677 4672 4671 4676 
f 4675 4680 4679 4674 
f 4682 4677 4676 4681 
f 4680 4685 4684 4679 
f 4687 4682 4681 4686 
f 4685 4690 4689 4684 
f 4692 4687 4686 4691 
f 4690 4695 4694 4689 
f 4697 4692 4691 4696 
f 4695 4700 4699 4694 
f 4702 4697 4696 4701 
f 4700 4387 4386 4699 
f 4390 4702 4701 4388 
s 4
f 4389 4393 4391 4388 
f 4708 4706 4704 4707 
f 4393 4398 4396 4391 
f 4711 4708 4707 4710 
f 4398 4403 4401 4396 
f 4714 4711 4710 4713 
f 4403 4408 4406 4401 
f 4717 4714 4713 4716 
f 4408 4413 4411 4406 
f 4720 4717 4716 4719 
f 4413 4418 4416 4411 
f 4723 4720 4719 4722 
f 4418 4423 4421 4416 
f 4726 4723 4722 4725 
f 4423 4428 4426 4421 
f 4729 4726 4725 4728 
f 4428 4433 4431 4426 
f 4732 4729 4728 4731 
f 4433 4438 4436 4431 
f 4735 4732 4731 4734 
f 4438 4443 4441 4436 
f 4738 4735 4734 4737 
f 4443 4448 4446 4441 
f 4741 4738 4737 4740 
f 4448 4453 4451 4446 
f 4744 4741 4740 4743 
f 4453 4458 4456 4451 
f 4747 4744 4743 4746 
f 4458 4463 4461 4456 
f 4750 4747 4746 4749 
f 4463 4468 4466 4461 
f 4753 4750 4749 4752 
f 4468 4473 4471 4466 
f 4756 4753 4752 4755 
f 4473 4478 4476 4471 
f 4759 4756 4755 4758 
f 4478 4483 4481 4476 
f 4762 4759 4758 4761 
f 4483 4488 4486 4481 
f 4765 4762 4761 4764 
f 4488 4493 4491 4486 
f 4768 4765 4764 4767 
f 4493 4498 4496 4491 
f 4771 4768 4767 4770 
f 4498 4503 4501 4496 
f 4774 4771 4770 4773 
f 4503 4508 4506 4501 
f 4777 4774 4773 4776 
f 4508 4513 4511 4506 
f 4780 4777 4776 4779 
f 4513 4518 4516 4511 
f 4783 4780 4779 4782 
f 4518 4523 4521 4516 
f 4786 4783 4782 4785 
f 4523 4528 4526 4521 
f 4789 4786 4785 4788 
f 4528 4533 4531 4526 
f 4792 4789 4788 4791 
f 4533 4538 4536 4531 
f 4795 4792 4791 4794 
f 4538 4543 4541 4536 
f 4798 4795 4794 4797 
f 4543 4548 4546 4541 
f 4801 4798 4797 4800 
f 4548 4553 4551 4546 
f 4804 4801 4800 4803 
f 4553 4558 4556 4551 
f 4807 4804 4803 4806 
f 4558 4563 4561 4556 
f 4810 4807 4806 4809 
f 4563 4568 4566 4561 
f 4813 4810 4809 4812 
f 4568 4573 4571 4566 
f 4816 4813 4812 4815 
f 4573 4578 4576 4571 
f 4819 4816 4815 4818 
f 4578 4583 4581 4576 
f 4822 4819 4818 4821 
f 4583 4588 4586 4581 
f 4825 4822 4821 4824 
f 4588 4593 4591 4586 
f 4828 4825 4824 4827 
f 4593 4598 4596 4591 
f 4831 4828 4827 4830 
f 4598 4603 4601 4596 
f 4834 4831 4830 4833 
f 4603 4608 4606 4601 
f 4837 4834 4833 4836 
f 4608 4613 4611 4606 
f 4840 4837 4836 4839 
f 4613 4618 4616 4611 
f 4843 4840 4839 4842 
f 4618 4623 4621 4616 
f 4846 4843 4842 4845 
f 4623 4628 4626 4621 
f 4849 4846 4845 4848 
f 4628 4633 4631 4626 
f 4852 4849 4848 4851 
f 4633 4638 4636 4631 
f 4855 4852 4851 4854 
f 4638 4643 4641 4636 
f 4858 4855 4854 4857 
f 4643 4648 4646 4641 
f 4861 4858 4857 4860 
f 4648 4653 4651 4646 
f 4864 4861 4860 4863 
f 4653 4658 4656 4651 
f 4867 4864 4863 4866 
f 4658 4663 4661 4656 
f 4870 4867 4866 4869 
f 4663 4668 4666 4661 
f 4873 4870 4869 4872 
f 4668 4673 4671 4666 
f 4876 4873 4872 4875 
f 4673 4678 4676 4671 
f 4879 4876 4875 4878 
f 4678 4683 4681 4676 
f 4882 4879 4878 4881 
f 4683 4688 4686 4681 
f 4885 4882 4881 4884 
f 4688 4693 4691 4686 
f 4888 4885 4884 4887 
f 4693 4698 4696 4691 
f 4891 4888 4887 4890 
f 4698 4703 4701 4696 
f 4894 4891 4890 4893 
f 4703 4389 4388 4701 
f 4706 4894 4893 4704 
s 2
f 4705 4709 4707 4704 
f 4709 4712 4710 4707 
f 4712 4715 4713 4710 
f 4715 4718 4716 4713 
f 4718 4721 4719 4716 
f 4721 4724 4722 4719 
f 4724 4727 4725 4722 
f 4727 4730 4728 4725 
f 4730 4733 4731 4728 
f 4733 4736 4734 4731 
f 4736 4739 4737 4734 
f 4739 4742 4740 4737 
f 4742 4745 4743 4740 
f 4745 4748 4746 4743 
f 4748 4751 4749 4746 
f 4751 4754 4752 4749 
f 4754 4757 4755 4752 
f 4757 4760 4758 4755 
f 4760 4763 4761 4758 
f 4763 4766 4764 4761 
f 4766 4769 4767 4764 
f 4769 4772 4770 4767 
f 4772 4775 4773 4770 
f 4775 4778 4776 4773 
f 4778 4781 4779 4776 
f 4781 4784 4782 4779 
f 4784 4787 4785 4782 
f 4787 4790 4788 4785 
f 4790 4793 4791 4788 
f 4793 4796 4794 4791 
f 4796 4799 4797 4794 
f 4799 4802 4800 4797 
f 4802 4805 4803 4800 
f 4805 4808 4806 4803 
f 4808 4811 4809 4806 
f 4811 4814 4812 4809 
f 4814 4817 4815 4812 
f 4817 4820 4818 4815 
f 4820 4823 4821 4818 
f 4823 4826 4824 4821 
f 4826 4829 4827 4824 
f 4829 4832 4830 4827 
f 4832 4835 4833 4830 
f 4835 4838 4836 4833 
f 4838 4841 4839 4836 
f 4841 4844 4842 4839 
f 4844 4847 4845 4842 
f 4847 4850 4848 4845 
f 4850 4853 4851 4848 
f 4853 4856 4854 4851 
f 4856 4859 4857 4854 
f 4859 4862 4860 4857 
f 4862 4865 4863 4860 
f 4865 4868 4866 4863 
f 4868 4871 4869 4866 
f 4871 4874 4872 4869 
f 4874 4877 4875 4872 
f 4877 4880 4878 4875 
f 4880 4883 4881 4878 
f 4883 4886 4884 4881 
f 4886 4889 4887 4884 
f 4889 4892 4890 4887 
f 4892 4895 4893 4890 
f 4895 4705 4704 4893 
s 1
f 4902 4898 4896 
f 4905 4902 4896 
f 4908 4905 4896 
f 4911 4908 4896 
f 4914 4911 4896 
f 4917 4914 4896 
f 4920 4917 4896 
f 4923 4920 4896 
f 4926 4923 4896 
f 4929 4926 4896 
f 4932 4929 4896 
f 4935 4932 4896 
f 4938 4935 4896 
f 4941 4938 4896 
f 4944 4941 4896 
f 4947 4944 4896 
f 4950 4947 4896 
f 4953 4950 4896 
f 4956 4953 4896 
f 4959 4956 4896 
f 4962 4959 4896 
f 4965 4962 4896 
f 4968 4965 4896 
f 4971 4968 4896 
f 4974 4971 4896 
f 4977 4974 4896 
f 4980 4977 4896 
f 4983 4980 4896 
f 4986 4983 4896 
f 4989 4986 4896 
f 4992 4989 4896 
f 4995 4992 4896 
f 4998 4995 4896 
f 5001 4998 4896 
f 5004 5001 4896 
f 5007 5004 4896 
f 5010 5007 4896 
f 5013 5010 4896 
f 5016 5013 4896 
f 5019 5016 4896 
f 5022 5019 4896 
f 5025 5022 4896 
f 5028 5025 4896 
f 5031 5028 4896 
f 5034 5031 4896 
f 5037 5034 4896 
f 5040 5037 4896 
f 5043 5040 4896 
f 5046 5043 4896 
f 5049 5046 4896 
f 5052 5049 4896 
f 5055 5052 4896 
f 5058 5055 4896 
f 5061 5058 4896 
f 5064 5061 4896 
f 5067 5064 4896 
f 5070 5067 4896 
f 5073 5070 4896 
f 5076 5073 4896 
f 5079 5076 4896 
f 5082 5079 4896 
f 5085 5082 4896 
f 5088 5085 4896 
f 4898 5088 4896 
s 2
f 4901 4899 4897 4900 
f 4904 4901 4900 4903 
f 4907 4904 4903 4906 
f 4910 4907 4906 4909 
f 4913 4910 4909 4912 
f 4916 4913 4912 4915 
f 4919 4916 4915 4918 
f 4922 4919 4918 4921 
f 4925 4922 4921 4924 
f 4928 4925 4924 4927 
f 4931 4928 4927 4930 
f 4934 4931 4930 4933 
f 4937 4934 4933 4936 
f 4940 4937 4936 4939 
f 4943 4940 4939 4942 
f 4946 4943 4942 4945 
f 4949 4946 4945 4948 
f 4952 4949 4948 4951 
f 4955 4952 4951 4954 
f 4958 4955 4954 4957 
f 4961 4958 4957 4960 
f 4964 4961 4960 4963 
f 4967 4964 4963 4966 
f 4970 4967 4966 4969 
f 4973 4970 4969 4972 
f 4976 4973 4972 4975 
f 4979 4976 4975 4978 
f 4982 4979 4978 4981 
f 4985 4982 4981 4984 
f 4988 4985 4984 4987 
f 4991 4988 4987 4990 
f 4994 4991 4990 4993 
f 4997 4994 4993 4996 
f 5000 4997 4996 4999 
f 5003 5000 4999 5002 
f 5006 5003 5002 5005 
f 5009 5006 5005 5008 
f 5012 5009 5008 5011 
f 5015 5012 5011 5014 
f 5018 5015 5014 5017 
f 5021 5018 5017 5020 
f 5024 5021 5020 5023 
f 5027 5024 5023 5026 
f 5030 5027 5026 5029 
f 5033 5030 5029 5032 
f 5036 5033 5032 5035 
f 5039 5036 5035 5038 
f 5042 5039 5038 5041 
f 5045 5042 5041 5044 
f 5048 5045 5044 5047 
f 5051 5048 5047 5050 
f 5054 5051 5050 5053 
f 5057 5054 5053 5056 
f 5060 5057 5056 5059 
f 5063 5060 5059 5062 
f 5066 5063 5062 5065 
f 5069 5066 5065 5068 
f 5072 5069 5068 5071 
f 5075 5072 5071 5074 
f 5078 5075 5074 5077 
f 5081 5078 5077 5080 
f 5084 5081 5080 5083 
f 5087 5084 5083 5086 
f 4899 5087 5086 4897 
s 1
f 4898 4902 4900 4897 
f 4902 4905 4903 4900 
f 4905 4908 4906 4903 
f 4908 4911 4909 4906 
f 4911 4914 4912 4909 
f 4914 4917 4915 4912 
f 4917 4920 4918 4915 
f 4920 4923 4921 4918 
f 4923 4926 4924 4921 
f 4926 4929 4927 4924 
f 4929 4932 4930 4927 
f 4932 4935 4933 4930 
f 4935 4938 4936 4933 
f 4938 4941 4939 4936 
f 4941 4944 4942 4939 
f 4944 4947 4945 4942 
f 4947 4950 4948 4945 
f 4950 4953 4951 4948 
f 4953 4956 4954 4951 
f 4956 4959 4957 4954 
f 4959 4962 4960 4957 
f 4962 4965 4963 4960 
f 4965 4968 4966 4963 
f 4968 4971 4969 4966 
f 4971 4974 4972 4969 
f 4974 4977 4975 4972 
f 4977 4980 4978 4975 
f 4980 4983 4981 4978 
f 4983 4986 4984 4981 
f 4986 4989 4987 4984 
f 4989 4992 4990 4987 
f 4992 4995 4993 4990 
f 4995 4998 4996 4993 
f 4998 5001 4999 4996 
f 5001 5004 5002 4999 
f 5004 5007 5005 5002 
f 5007 5010 5008 5005 
f 5010 5013 5011 5008 
f 5013 5016 5014 5011 
f 5016 5019 5017 5014 
f 5019 5022 5020 5017 
f 5022 5025 5023 5020 
f 5025 5028 5026 5023 
f 5028 5031 5029 5026 
f 5031 5034 5032 5029 
f 5034 5037 5035 5032 
f 5037 5040 5038 5035 
f 5040 5043 5041 5038 
f 5043 5046 5044 5041 
f 5046 5049 5047 5044 
f 5049 5052 5050 5047 
f 5052 5055 5053 5050 
f 5055 5058 5056 5053 
f 5058 5061 5059 5056 
f 5061 5064 5062 5059 
f 5064 5067 5065 5062 
f 5067 5070 5068 5065 
f 5070 5073 5071 5068 
f 5073 5076 5074 5071 
f 5076 5079 5077 5074 
f 5079 5082 5080 5077 
f 5082 5085 5083 5080 
f 5085 5088 5086 5083 
f 5088 4898 4897 5086 
f 5089 5412 5410 5185 
f 5090 5414 5412 5089 
f 5091 5416 5414 5090 
f 5092 5418 5416 5091 
f 5093 5420 5418 5092 
f 5094 5422 5420 5093 
f 5095 5424 5422 5094 
f 5096 5426 5424 5095 
f 5097 5428 5426 5096 
f 5098 5430 5428 5097 
f 5099 5432 5430 5098 
f 5100 5434 5432 5099 
f 5101 5436 5434 5100 
f 5102 5438 5436 5101 
f 5103 5440 5438 5102 
f 5104 5442 5440 5103 
f 5105 5444 5442 5104 
f 5106 5446 5444 5105 
f 5107 5448 5446 5106 
f 5108 5450 5448 5107 
f 5109 5452 5450 5108 
f 5110 5454 5452 5109 
f 5111 5456 5454 5110 
f 5112 5458 5456 5111 
f 5113 5460 5458 5112 
f 5114 5462 5460 5113 
f 5115 5464 5462 5114 
f 5116 5466 5464 5115 
f 5117 5468 5466 5116 
f 5118 5470 5468 5117 
f 5119 5472 5470 5118 
f 5216 5474 5472 5119 
f 5153 5152 5281 5282 
f 5154 5153 5282 5283 
f 5155 5154 5283 5284 
f 5156 5155 5284 5285 
f 5157 5156 5285 5286 
f 5158 5157 5286 5287 
f 5159 5158 5287 5288 
f 5160 5159 5288 5289 
f 5161 5160 5289 5290 
f 5162 5161 5290 5291 
f 5163 5162 5291 5292 
f 5164 5163 5292 5293 
f 5165 5164 5293 5294 
f 5166 5165 5294 5295 
f 5167 5166 5295 5296 
f 5168 5167 5296 5297 
f 5169 5168 5297 5298 
f 5170 5169 5298 5299 
f 5171 5170 5299 5300 
f 5172 5171 5300 5301 
f 5173 5172 5301 5302 
f 5174 5173 5302 5303 
f 5175 5174 5303 5304 
f 5176 5175 5304 5305 
f 5177 5176 5305 5306 
f 5178 5177 5306 5307 
f 5179 5178 5307 5308 
f 5180 5179 5308 5309 
f 5181 5180 5309 5310 
f 5182 5181 5310 5311 
f 5183 5182 5311 5312 
f 5248 5183 5312 5313 
f 5153 5315 5314 5152 
f 5154 5316 5315 5153 
f 5155 5317 5316 5154 
f 5156 5318 5317 5155 
f 5157 5319 5318 5156 
f 5158 5320 5319 5157 
f 5159 5321 5320 5158 
f 5160 5322 5321 5159 
f 5161 5323 5322 5160 
f 5162 5324 5323 5161 
f 5163 5325 5324 5162 
f 5164 5326 5325 5163 
f 5165 5327 5326 5164 
f 5166 5328 5327 5165 
f 5167 5329 5328 5166 
f 5168 5330 5329 5167 
f 5169 5331 5330 5168 
f 5170 5332 5331 5169 
f 5171 5333 5332 5170 
f 5172 5334 5333 5171 
f 5173 5335 5334 5172 
f 5174 5336 5335 5173 
f 5175 5337 5336 5174 
f 5176 5338 5337 5175 
f 5177 5339 5338 5176 
f 5178 5340 5339 5177 
f 5179 5341 5340 5178 
f 5180 5342 5341 5179 
f 5181 5343 5342 5180 
f 5182 5344 5343 5181 
f 5183 5345 5344 5182 
f 5248 5346 5345 5183 
f 5184 5185 5410 5476 
f 5186 5184 5476 5478 
f 5187 5186 5478 5480 
f 5188 5187 5480 5482 
f 5189 5188 5482 5484 
f 5190 5189 5484 5486 
f 5191 5190 5486 5488 
f 5192 5191 5488 5490 
f 5193 5192 5490 5492 
f 5194 5193 5492 5494 
f 5195 5194 5494 5496 
f 5196 5195 5496 5498 
f 5197 5196 5498 5500 
f 5198 5197 5500 5502 
f 5199 5198 5502 5504 
f 5200 5199 5504 5506 
f 5201 5200 5506 5508 
f 5202 5201 5508 5510 
f 5203 5202 5510 5512 
f 5204 5203 5512 5514 
f 5205 5204 5514 5516 
f 5206 5205 5516 5518 
f 5207 5206 5518 5520 
f 5208 5207 5520 5522 
f 5209 5208 5522 5524 
f 5210 5209 5524 5526 
f 5211 5210 5526 5528 
f 5212 5211 5528 5530 
f 5213 5212 5530 5532 
f 5214 5213 5532 5534 
f 5215 5214 5534 5536 
f 5216 5215 5536 5474 
f 5217 5347 5281 5152 
f 5218 5348 5347 5217 
f 5219 5349 5348 5218 
f 5220 5350 5349 5219 
f 5221 5351 5350 5220 
f 5222 5352 5351 5221 
f 5223 5353 5352 5222 
f 5224 5354 5353 5223 
f 5225 5355 5354 5224 
f 5226 5356 5355 5225 
f 5227 5357 5356 5226 
f 5228 5358 5357 5227 
f 5229 5359 5358 5228 
f 5230 5360 5359 5229 
f 5231 5361 5360 5230 
f 5232 5362 5361 5231 
f 5233 5363 5362 5232 
f 5234 5364 5363 5233 
f 5235 5365 5364 5234 
f 5236 5366 5365 5235 
f 5237 5367 5366 5236 
f 5238 5368 5367 5237 
f 5239 5369 5368 5238 
f 5240 5370 5369 5239 
f 5241 5371 5370 5240 
f 5242 5372 5371 5241 
f 5243 5373 5372 5242 
f 5244 5374 5373 5243 
f 5245 5375 5374 5244 
f 5246 5376 5375 5245 
f 5247 5377 5376 5246 
f 5248 5313 5377 5247 
f 5217 5152 5314 5378 
f 5218 5217 5378 5379 
f 5219 5218 5379 5380 
f 5220 5219 5380 5381 
f 5221 5220 5381 5382 
f 5222 5221 5382 5383 
f 5223 5222 5383 5384 
f 5224 5223 5384 5385 
f 5225 5224 5385 5386 
f 5226 5225 5386 5387 
f 5227 5226 5387 5388 
f 5228 5227 5388 5389 
f 5229 5228 5389 5390 
f 5230 5229 5390 5391 
f 5231 5230 5391 5392 
f 5232 5231 5392 5393 
f 5233 5232 5393 5394 
f 5234 5233 5394 5395 
f 5235 5234 5395 5396 
f 5236 5235 5396 5397 
f 5237 5236 5397 5398 
f 5238 5237 5398 5399 
f 5239 5238 5399 5400 
f 5240 5239 5400 5401 
f 5241 5240 5401 5402 
f 5242 5241 5402 5403 
f 5243 5242 5403 5404 
f 5244 5243 5404 5405 
f 5245 5244 5405 5406 
f 5246 5245 5406 5407 
f 5247 5246 5407 5408 
f 5248 5247 5408 5346 
f 5281 5409 5411 5282 
f 5282 5411 5413 5283 
f 5283 5413 5415 5284 
f 5284 5415 5417 5285 
f 5285 5417 5419 5286 
f 5286 5419 5421 5287 
f 5287 5421 5423 5288 
f 5288 5423 5425 5289 
f 5289 5425 5427 5290 
f 5290 5427 5429 5291 
f 5291 5429 5431 5292 
f 5292 5431 5433 5293 
f 5293 5433 5435 5294 
f 5294 5435 5437 5295 
f 5295 5437 5439 5296 
f 5296 5439 5441 5297 
f 5297 5441 5443 5298 
f 5298 5443 5445 5299 
f 5299 5445 5447 5300 
f 5300 5447 5449 5301 
f 5301 5449 5451 5302 
f 5302 5451 5453 5303 
f 5303 5453 5455 5304 
f 5304 5455 5457 5305 
f 5305 5457 5459 5306 
f 5306 5459 5461 5307 
f 5307 5461 5463 5308 
f 5308 5463 5465 5309 
f 5309 5465 5467 5310 
f 5310 5467 5469 5311 
f 5311 5469 5471 5312 
f 5312 5471 5473 5313 
f 5315 5121 5120 5314 
f 5316 5122 5121 5315 
f 5317 5123 5122 5316 
f 5318 5124 5123 5317 
f 5319 5125 5124 5318 
f 5320 5126 5125 5319 
f 5321 5127 5126 5320 
f 5322 5128 5127 5321 
f 5323 5129 5128 5322 
f 5324 5130 5129 5323 
f 5325 5131 5130 5324 
f 5326 5132 5131 5325 
f 5327 5133 5132 5326 
f 5328 5134 5133 5327 
f 5329 5135 5134 5328 
f 5330 5136 5135 5329 
f 5331 5137 5136 5330 
f 5332 5138 5137 5331 
f 5333 5139 5138 5332 
f 5334 5140 5139 5333 
f 5335 5141 5140 5334 
f 5336 5142 5141 5335 
f 5337 5143 5142 5336 
f 5338 5144 5143 5337 
f 5339 5145 5144 5338 
f 5340 5146 5145 5339 
f 5341 5147 5146 5340 
f 5342 5148 5147 5341 
f 5343 5149 5148 5342 
f 5344 5150 5149 5343 
f 5345 5151 5150 5344 
f 5346 5280 5151 5345 
f 5347 5475 5409 5281 
f 5348 5477 5475 5347 
f 5349 5479 5477 5348 
f 5350 5481 5479 5349 
f 5351 5483 5481 5350 
f 5352 5485 5483 5351 
f 5353 5487 5485 5352 
f 5354 5489 5487 5353 
f 5355 5491 5489 5354 
f 5356 5493 5491 5355 
f 5357 5495 5493 5356 
f 5358 5497 5495 5357 
f 5359 5499 5497 5358 
f 5360 5501 5499 5359 
f 5361 5503 5501 5360 
f 5362 5505 5503 5361 
f 5363 5507 5505 5362 
f 5364 5509 5507 5363 
f 5365 5511 5509 5364 
f 5366 5513 5511 5365 
f 5367 5515 5513 5366 
f 5368 5517 5515 5367 
f 5369 5519 5517 5368 
f 5370 5521 5519 5369 
f 5371 5523 5521 5370 
f 5372 5525 5523 5371 
f 5373 5527 5525 5372 
f 5374 5529 5527 5373 
f 5375 5531 5529 5374 
f 5376 5533 5531 5375 
f 5377 5535 5533 5376 
f 5313 5473 5535 5377 
f 5314 5120 5249 5378 
f 5378 5249 5250 5379 
f 5379 5250 5251 5380 
f 5380 5251 5252 5381 
f 5381 5252 5253 5382 
f 5382 5253 5254 5383 
f 5383 5254 5255 5384 
f 5384 5255 5256 5385 
f 5385 5256 5257 5386 
f 5386 5257 5258 5387 
f 5387 5258 5259 5388 
f 5388 5259 5260 5389 
f 5389 5260 5261 5390 
f 5390 5261 5262 5391 
f 5391 5262 5263 5392 
f 5392 5263 5264 5393 
f 5393 5264 5265 5394 
f 5394 5265 5266 5395 
f 5395 5266 5267 5396 
f 5396 5267 5268 5397 
f 5397 5268 5269 5398 
f 5398 5269 5270 5399 
f 5399 5270 5271 5400 
f 5400 5271 5272 5401 
f 5401 5272 5273 5402 
f 5402 5273 5274 5403 
f 5403 5274 5275 5404 
f 5404 5275 5276 5405 
f 5405 5276 5277 5406 
f 5406 5277 5278 5407 
f 5407 5278 5279 5408 
f 5408 5279 5280 5346 
f 5410 5412 5411 5409 
f 5412 5414 5413 5411 
f 5414 5416 5415 5413 
f 5416 5418 5417 5415 
f 5418 5420 5419 5417 
f 5420 5422 5421 5419 
f 5422 5424 5423 5421 
f 5424 5426 5425 5423 
f 5426 5428 5427 5425 
f 5428 5430 5429 5427 
f 5430 5432 5431 5429 
f 5432 5434 5433 5431 
f 5434 5436 5435 5433 
f 5436 5438 5437 5435 
f 5438 5440 5439 5437 
f 5440 5442 5441 5439 
f 5442 5444 5443 5441 
f 5444 5446 5445 5443 
f 5446 5448 5447 5445 
f 5448 5450 5449 5447 
f 5450 5452 5451 5449 
f 5452 5454 5453 5451 
f 5454 5456 5455 5453 
f 5456 5458 5457 5455 
f 5458 5460 5459 5457 
f 5460 5462 5461 5459 
f 5462 5464 5463 5461 
f 5464 5466 5465 5463 
f 5466 5468 5467 5465 
f 5468 5470 5469 5467 
f 5470 5472 5471 5469 
f 5472 5474 5473 5471 
f 5476 5410 5409 5475 
f 5478 5476 5475 5477 
f 5480 5478 5477 5479 
f 5482 5480 5479 5481 
f 5484 5482 5481 5483 
f 5486 5484 5483 5485 
f 5488 5486 5485 5487 
f 5490 5488 5487 5489 
f 5492 5490 5489 5491 
f 5494 5492 5491 5493 
f 5496 5494 5493 5495 
f 5498 5496 5495 5497 
f 5500 5498 5497 5499 
f 5502 5500 5499 5501 
f 5504 5502 5501 5503 
f 5506 5504 5503 5505 
f 5508 5506 5505 5507 
f 5510 5508 5507 5509 
f 5512 5510 5509 5511 
f 5514 5512 5511 5513 
f 5516 5514 5513 5515 
f 5518 5516 5515 5517 
f 5520 5518 5517 5519 
f 5522 5520 5519 5521 
f 5524 5522 5521 5523 
f 5526 5524 5523 5525 
f 5528 5526 5525 5527 
f 5530 5528 5527 5529 
f 5532 5530 5529 5531 
f 5534 5532 5531 5533 
f 5536 5534 5533 5535 
f 5474 5536 5535 5473 
# 5304 polygons - 262 triangles

