# 3ds Max Wavefront OBJ Exporter v0.99 - (c)2007 guruware
# File Created: 11.11.2022 13:54:52

#
# object T14413_4
#

v  -4.0000 -0.1700 0.9900
v  -4.0000 -0.0100 0.9900
v  -3.9110 -0.0100 0.9860
v  -3.9110 -0.1700 0.9860
v  -4.0000 -0.0100 -0.9900
v  -4.0000 -0.1700 -0.9900
v  -3.9110 -0.1700 -0.9860
v  -3.9110 -0.0100 -0.9860
v  -3.8199 -0.0100 -0.9735
v  -3.8199 -0.1700 -0.9735
v  -3.7276 -0.0100 -0.9518
v  -3.7276 -0.1700 -0.9518
v  -3.6356 -0.0100 -0.9205
v  -3.6356 -0.1700 -0.9205
v  -3.5453 -0.0100 -0.8794
v  -3.5453 -0.1700 -0.8794
v  -3.4583 -0.1700 -0.8286
v  -3.4583 -0.0100 -0.8286
v  -3.3760 -0.0100 -0.7686
v  -3.3760 -0.1700 -0.7686
v  -3.3000 -0.0100 -0.7000
v  -3.3000 -0.1700 -0.7000
v  -3.2314 -0.1700 -0.6240
v  -3.2314 -0.0100 -0.6240
v  -3.1714 -0.0100 -0.5417
v  -3.1714 -0.1700 -0.5417
v  -3.1206 -0.1700 -0.4547
v  -3.1206 -0.0100 -0.4547
v  -3.0795 -0.1700 -0.3644
v  -3.0795 -0.0100 -0.3644
v  -3.0482 -0.0100 -0.2724
v  -3.0482 -0.1700 -0.2724
v  -3.0265 -0.0100 -0.1801
v  -3.0265 -0.1700 -0.1801
v  -3.0140 -0.0100 -0.0890
v  -3.0140 -0.1700 -0.0890
v  -3.0100 -0.0100 0.0000
v  -3.0100 -0.1700 0.0000
v  -3.0140 -0.0100 0.0890
v  -3.0140 -0.1700 0.0890
v  -3.0265 -0.1700 0.1801
v  -3.0265 -0.0100 0.1801
v  -3.0482 -0.0100 0.2724
v  -3.0482 -0.1700 0.2724
v  -3.0795 -0.1700 0.3644
v  -3.0795 -0.0100 0.3644
v  -3.1206 -0.0100 0.4547
v  -3.1206 -0.1700 0.4547
v  -3.1714 -0.0100 0.5417
v  -3.1714 -0.1700 0.5417
v  -3.2314 -0.1700 0.6240
v  -3.2314 -0.0100 0.6240
v  -3.3000 -0.0100 0.7000
v  -3.3000 -0.1700 0.7000
v  -3.3760 -0.0100 0.7686
v  -3.3760 -0.1700 0.7686
v  -3.4583 -0.1700 0.8286
v  -3.4583 -0.0100 0.8286
v  -3.5453 -0.0100 0.8794
v  -3.5453 -0.1700 0.8794
v  -3.6356 -0.1700 0.9205
v  -3.6356 -0.0100 0.9205
v  -3.7276 -0.0100 0.9518
v  -3.7276 -0.1700 0.9518
v  -3.8199 -0.1700 0.9735
v  -3.8199 -0.0100 0.9735
v  -4.9637 -0.1800 0.1779
v  -4.8112 -0.1800 0.1501
v  -4.8217 -0.1800 0.0741
v  -4.9761 -0.1800 0.0876
v  -4.9423 -0.1800 0.2692
v  -4.7932 -0.1800 0.2270
v  -4.9114 -0.1800 0.3603
v  -4.7671 -0.1800 0.3037
v  -4.8705 -0.1800 0.4501
v  -4.7328 -0.1800 0.3789
v  -4.8202 -0.1800 0.5363
v  -4.6905 -0.1800 0.4514
v  -4.7608 -0.1800 0.6177
v  -4.6405 -0.1800 0.5200
v  -4.6930 -0.1800 0.6930
v  -4.5834 -0.1800 0.5834
v  -4.6177 -0.1800 0.7608
v  -4.5200 -0.1800 0.6405
v  -4.5363 -0.1800 0.8202
v  -4.4514 -0.1800 0.6905
v  -4.4501 -0.1800 0.8705
v  -4.3789 -0.1800 0.7328
v  -4.3612 -0.1800 0.9110
v  -4.3037 -0.1800 0.7671
v  -4.2701 -0.1800 0.9421
v  -4.2270 -0.1800 0.7932
v  -4.1788 -0.1800 0.9636
v  -4.1501 -0.1800 0.8112
v  -4.0885 -0.1800 0.9760
v  -4.0741 -0.1800 0.8217
v  -4.0004 -0.1800 0.9800
v  -4.0000 -0.1800 0.8250
v  -3.9124 -0.1800 0.9761
v  -3.9259 -0.1800 0.8217
v  -3.8221 -0.1800 0.9637
v  -3.8499 -0.1800 0.8112
v  -3.7308 -0.1800 0.9423
v  -3.7730 -0.1800 0.7932
v  -3.6397 -0.1800 0.9114
v  -3.6963 -0.1800 0.7671
v  -3.5499 -0.1800 0.8705
v  -3.6211 -0.1800 0.7328
v  -3.4637 -0.1800 0.8202
v  -3.5486 -0.1800 0.6905
v  -3.3823 -0.1800 0.7608
v  -3.4800 -0.1800 0.6405
v  -3.3070 -0.1800 0.6930
v  -3.4166 -0.1800 0.5834
v  -3.2392 -0.1800 0.6177
v  -3.3595 -0.1800 0.5200
v  -3.1798 -0.1800 0.5363
v  -3.3095 -0.1800 0.4514
v  -3.1295 -0.1800 0.4501
v  -3.2672 -0.1800 0.3789
v  -3.0890 -0.1800 0.3612
v  -3.2329 -0.1800 0.3037
v  -3.0580 -0.1800 0.2701
v  -3.2068 -0.1800 0.2270
v  -3.0364 -0.1800 0.1788
v  -3.1888 -0.1800 0.1501
v  -3.0240 -0.1800 0.0885
v  -3.1783 -0.1800 0.0741
v  -3.0200 -0.1800 0.0005
v  -3.1750 -0.1800 0.0000
v  -3.0239 -0.1800 -0.0876
v  -3.1783 -0.1800 -0.0741
v  -3.0363 -0.1800 -0.1779
v  -3.1888 -0.1800 -0.1501
v  -3.0577 -0.1800 -0.2692
v  -3.2068 -0.1800 -0.2270
v  -3.0886 -0.1800 -0.3603
v  -3.2329 -0.1800 -0.3037
v  -3.1295 -0.1800 -0.4501
v  -3.2672 -0.1800 -0.3789
v  -3.1798 -0.1800 -0.5363
v  -3.3095 -0.1800 -0.4514
v  -3.2392 -0.1800 -0.6177
v  -3.3595 -0.1800 -0.5200
v  -3.3070 -0.1800 -0.6930
v  -3.4166 -0.1800 -0.5834
v  -3.3823 -0.1800 -0.7608
v  -3.4800 -0.1800 -0.6405
v  -3.4637 -0.1800 -0.8202
v  -3.5486 -0.1800 -0.6905
v  -3.5499 -0.1800 -0.8705
v  -3.6211 -0.1800 -0.7328
v  -3.6388 -0.1800 -0.9110
v  -3.6963 -0.1800 -0.7671
v  -3.7299 -0.1800 -0.9420
v  -3.7730 -0.1800 -0.7932
v  -3.8212 -0.1800 -0.9636
v  -3.8499 -0.1800 -0.8112
v  -3.9115 -0.1800 -0.9760
v  -3.9259 -0.1800 -0.8217
v  -3.9996 -0.1800 -0.9800
v  -4.0000 -0.1800 -0.8250
v  -4.0876 -0.1800 -0.9761
v  -4.0741 -0.1800 -0.8217
v  -4.1779 -0.1800 -0.9637
v  -4.1501 -0.1800 -0.8112
v  -4.2692 -0.1800 -0.9423
v  -4.2270 -0.1800 -0.7932
v  -4.3603 -0.1800 -0.9114
v  -4.3037 -0.1800 -0.7671
v  -4.4501 -0.1800 -0.8705
v  -4.3789 -0.1800 -0.7328
v  -4.5363 -0.1800 -0.8202
v  -4.4514 -0.1800 -0.6905
v  -4.6177 -0.1800 -0.7608
v  -4.5200 -0.1800 -0.6405
v  -4.6930 -0.1800 -0.6930
v  -4.5834 -0.1800 -0.5834
v  -4.7608 -0.1800 -0.6177
v  -4.6405 -0.1800 -0.5200
v  -4.8202 -0.1800 -0.5363
v  -4.6905 -0.1800 -0.4514
v  -4.8705 -0.1800 -0.4501
v  -4.7328 -0.1800 -0.3789
v  -4.9110 -0.1800 -0.3612
v  -4.7671 -0.1800 -0.3037
v  -4.9420 -0.1800 -0.2701
v  -4.7932 -0.1800 -0.2270
v  -4.9636 -0.1800 -0.1788
v  -4.8112 -0.1800 -0.1501
v  -4.9760 -0.1800 -0.0885
v  -4.8217 -0.1800 -0.0741
v  -4.9800 -0.1800 -0.0004
v  -4.8250 -0.1800 0.0000
v  -4.0490 -0.4600 -0.5428
v  -4.0000 -0.4600 -0.5450
v  -4.0000 -0.4091 -0.5497
v  -4.0494 -0.4091 -0.5475
v  -4.0507 -0.3569 -0.5624
v  -4.0000 -0.3569 -0.5647
v  -4.0531 -0.3068 -0.5883
v  -4.0000 -0.3068 -0.5906
v  -4.0563 -0.2620 -0.6245
v  -4.0000 -0.2620 -0.6270
v  -4.0604 -0.2256 -0.6691
v  -4.0000 -0.2256 -0.6718
v  -4.0649 -0.1997 -0.7190
v  -4.0000 -0.1997 -0.7219
v  -4.0696 -0.1847 -0.7709
v  -4.0000 -0.1847 -0.7740
v  -4.1408 -0.1847 -0.7611
v  -4.2130 -0.1847 -0.7442
v  -4.2849 -0.1847 -0.7197
v  -4.3555 -0.1847 -0.6876
v  -4.4236 -0.1847 -0.6479
v  -4.4879 -0.1847 -0.6009
v  -4.5473 -0.1847 -0.5473
v  -4.6009 -0.1847 -0.4879
v  -4.6479 -0.1847 -0.4236
v  -4.6876 -0.1847 -0.3555
v  -4.7197 -0.1847 -0.2849
v  -4.7442 -0.1847 -0.2130
v  -4.7611 -0.1847 -0.1408
v  -4.7709 -0.1847 -0.0696
v  -4.7741 -0.1847 0.0000
v  -4.7709 -0.1847 0.0696
v  -4.7611 -0.1847 0.1408
v  -4.7442 -0.1847 0.2130
v  -4.7197 -0.1847 0.2849
v  -4.6876 -0.1847 0.3555
v  -4.6479 -0.1847 0.4236
v  -4.6009 -0.1847 0.4879
v  -4.5473 -0.1847 0.5473
v  -4.4879 -0.1847 0.6009
v  -4.4236 -0.1847 0.6479
v  -4.3555 -0.1847 0.6876
v  -4.2849 -0.1847 0.7197
v  -4.2130 -0.1847 0.7442
v  -4.1408 -0.1847 0.7611
v  -4.0696 -0.1847 0.7709
v  -4.0000 -0.1847 0.7741
v  -4.0649 -0.1997 0.7190
v  -4.0000 -0.1997 0.7219
v  -4.0604 -0.2256 0.6691
v  -4.0000 -0.2256 0.6718
v  -4.0563 -0.2620 0.6245
v  -4.0000 -0.2620 0.6270
v  -4.0531 -0.3068 0.5883
v  -4.0000 -0.3068 0.5906
v  -4.0507 -0.3569 0.5624
v  -4.0000 -0.3569 0.5647
v  -4.0494 -0.4091 0.5475
v  -4.0000 -0.4091 0.5497
v  -4.0000 -0.4600 0.5450
v  -4.0490 -0.4600 0.5428
v  -4.0992 -0.4600 0.5359
v  -4.1000 -0.4091 0.5405
v  -4.1512 -0.4091 0.5285
v  -4.1500 -0.4600 0.5240
v  -4.2023 -0.4091 0.5111
v  -4.2006 -0.4600 0.5067
v  -4.2525 -0.4091 0.4883
v  -4.2503 -0.4600 0.4841
v  -4.3008 -0.4091 0.4601
v  -4.2982 -0.4600 0.4562
v  -4.3435 -0.4600 0.4231
v  -4.3465 -0.4091 0.4267
v  -4.3854 -0.4600 0.3854
v  -4.3887 -0.4091 0.3887
v  -4.4267 -0.4091 0.3465
v  -4.4231 -0.4600 0.3435
v  -4.4601 -0.4091 0.3008
v  -4.4562 -0.4600 0.2982
v  -4.4883 -0.4090 0.2525
v  -4.4841 -0.4600 0.2503
v  -4.5111 -0.4091 0.2023
v  -4.5067 -0.4600 0.2006
v  -4.5240 -0.4600 0.1500
v  -4.5285 -0.4091 0.1512
v  -4.5405 -0.4091 0.1000
v  -4.5359 -0.4600 0.0992
v  -4.5475 -0.4091 0.0494
v  -4.5428 -0.4600 0.0490
v  -4.5497 -0.4091 0.0000
v  -4.5450 -0.4600 0.0000
v  -4.5475 -0.4091 -0.0494
v  -4.5428 -0.4600 -0.0490
v  -4.5359 -0.4600 -0.0992
v  -4.5405 -0.4091 -0.1000
v  -4.5285 -0.4091 -0.1512
v  -4.5240 -0.4600 -0.1500
v  -4.5111 -0.4091 -0.2023
v  -4.5067 -0.4600 -0.2006
v  -4.4883 -0.4091 -0.2525
v  -4.4841 -0.4600 -0.2503
v  -4.4601 -0.4091 -0.3008
v  -4.4562 -0.4600 -0.2982
v  -4.4267 -0.4091 -0.3465
v  -4.4231 -0.4600 -0.3435
v  -4.3887 -0.4091 -0.3887
v  -4.3854 -0.4600 -0.3854
v  -4.3465 -0.4091 -0.4267
v  -4.3435 -0.4600 -0.4231
v  -4.3008 -0.4091 -0.4601
v  -4.2982 -0.4600 -0.4562
v  -4.2525 -0.4091 -0.4883
v  -4.2503 -0.4600 -0.4841
v  -4.2023 -0.4091 -0.5111
v  -4.2006 -0.4600 -0.5067
v  -4.1512 -0.4091 -0.5285
v  -4.1500 -0.4600 -0.5240
v  -4.1000 -0.4091 -0.5405
v  -4.0992 -0.4600 -0.5359
v  -4.1027 -0.3569 0.5552
v  -4.1554 -0.3569 0.5429
v  -4.2078 -0.3569 0.5250
v  -4.1075 -0.3068 0.5808
v  -4.1141 -0.2620 0.6165
v  -4.1625 -0.3068 0.5678
v  -4.2174 -0.3068 0.5492
v  -4.1725 -0.2620 0.6028
v  -4.2308 -0.2620 0.5830
v  -4.2593 -0.3569 0.5016
v  -4.3090 -0.3569 0.4726
v  -4.3559 -0.3569 0.4384
v  -4.3993 -0.3569 0.3993
v  -4.2713 -0.3068 0.5247
v  -4.3232 -0.3068 0.4944
v  -4.2880 -0.2620 0.5570
v  -4.3431 -0.2620 0.5248
v  -4.3723 -0.3068 0.4585
v  -4.4176 -0.3068 0.4176
v  -4.3952 -0.2620 0.4868
v  -4.4434 -0.2620 0.4434
v  -4.1222 -0.2256 0.6606
v  -4.1314 -0.1997 0.7099
v  -4.1848 -0.2256 0.6459
v  -4.2473 -0.2256 0.6246
v  -4.1986 -0.1997 0.6941
v  -4.2657 -0.1997 0.6712
v  -4.3085 -0.2256 0.5967
v  -4.3676 -0.2256 0.5623
v  -4.3316 -0.1997 0.6413
v  -4.3950 -0.1997 0.6043
v  -4.4234 -0.2256 0.5215
v  -4.4750 -0.2256 0.4750
v  -4.4550 -0.1997 0.5605
v  -4.5105 -0.1997 0.5105
v  -4.4384 -0.3569 0.3559
v  -4.4726 -0.3569 0.3090
v  -4.5016 -0.3569 0.2593
v  -4.5250 -0.3569 0.2078
v  -4.4585 -0.3068 0.3723
v  -4.4944 -0.3068 0.3232
v  -4.4868 -0.2620 0.3952
v  -4.5248 -0.2620 0.3431
v  -4.5247 -0.3068 0.2713
v  -4.5492 -0.3068 0.2174
v  -4.5570 -0.2620 0.2880
v  -4.5830 -0.2620 0.2308
v  -4.5429 -0.3569 0.1554
v  -4.5552 -0.3569 0.1027
v  -4.5624 -0.3569 0.0507
v  -4.5647 -0.3569 0.0000
v  -4.5678 -0.3068 0.1625
v  -4.5808 -0.3068 0.1075
v  -4.6028 -0.2620 0.1725
v  -4.6165 -0.2620 0.1141
v  -4.5883 -0.3068 0.0531
v  -4.5906 -0.3068 0.0000
v  -4.6245 -0.2620 0.0563
v  -4.6270 -0.2620 0.0000
v  -4.5215 -0.2256 0.4234
v  -4.5623 -0.2256 0.3676
v  -4.5605 -0.1997 0.4550
v  -4.6043 -0.1997 0.3950
v  -4.5967 -0.2256 0.3085
v  -4.6246 -0.2256 0.2473
v  -4.6413 -0.1997 0.3316
v  -4.6712 -0.1997 0.2657
v  -4.6458 -0.2256 0.1848
v  -4.6606 -0.2256 0.1222
v  -4.6941 -0.1997 0.1986
v  -4.7099 -0.1997 0.1314
v  -4.6691 -0.2256 0.0604
v  -4.6718 -0.2256 0.0000
v  -4.7190 -0.1997 0.0649
v  -4.7219 -0.1997 0.0000
v  -4.5624 -0.3569 -0.0507
v  -4.5552 -0.3569 -0.1027
v  -4.5429 -0.3569 -0.1554
v  -4.5250 -0.3569 -0.2078
v  -4.5883 -0.3068 -0.0531
v  -4.5808 -0.3068 -0.1075
v  -4.6245 -0.2620 -0.0563
v  -4.6165 -0.2620 -0.1141
v  -4.5678 -0.3068 -0.1625
v  -4.5492 -0.3068 -0.2174
v  -4.6028 -0.2620 -0.1725
v  -4.5830 -0.2620 -0.2308
v  -4.5016 -0.3569 -0.2593
v  -4.4726 -0.3569 -0.3090
v  -4.4384 -0.3569 -0.3559
v  -4.3993 -0.3569 -0.3993
v  -4.5247 -0.3068 -0.2713
v  -4.4944 -0.3068 -0.3232
v  -4.5570 -0.2620 -0.2880
v  -4.5248 -0.2620 -0.3431
v  -4.4585 -0.3068 -0.3723
v  -4.4176 -0.3068 -0.4176
v  -4.4868 -0.2620 -0.3952
v  -4.4434 -0.2620 -0.4434
v  -4.6691 -0.2256 -0.0604
v  -4.6606 -0.2256 -0.1222
v  -4.7190 -0.1997 -0.0649
v  -4.7099 -0.1997 -0.1314
v  -4.6458 -0.2256 -0.1848
v  -4.6246 -0.2256 -0.2473
v  -4.6941 -0.1997 -0.1986
v  -4.6712 -0.1997 -0.2657
v  -4.5967 -0.2256 -0.3085
v  -4.5623 -0.2256 -0.3676
v  -4.6413 -0.1997 -0.3316
v  -4.6043 -0.1997 -0.3950
v  -4.5215 -0.2256 -0.4234
v  -4.4750 -0.2256 -0.4750
v  -4.5605 -0.1997 -0.4550
v  -4.5105 -0.1997 -0.5105
v  -4.3559 -0.3569 -0.4384
v  -4.3090 -0.3569 -0.4726
v  -4.2593 -0.3569 -0.5016
v  -4.2078 -0.3569 -0.5250
v  -4.3723 -0.3068 -0.4585
v  -4.3232 -0.3068 -0.4944
v  -4.3952 -0.2620 -0.4868
v  -4.3431 -0.2620 -0.5248
v  -4.2713 -0.3068 -0.5247
v  -4.2174 -0.3068 -0.5492
v  -4.2880 -0.2620 -0.5570
v  -4.2308 -0.2620 -0.5830
v  -4.1554 -0.3569 -0.5429
v  -4.1027 -0.3569 -0.5552
v  -4.1625 -0.3068 -0.5678
v  -4.1075 -0.3068 -0.5808
v  -4.1725 -0.2620 -0.6028
v  -4.1141 -0.2620 -0.6165
v  -4.4234 -0.2256 -0.5215
v  -4.3676 -0.2256 -0.5623
v  -4.4550 -0.1997 -0.5605
v  -4.3950 -0.1997 -0.6043
v  -4.3085 -0.2256 -0.5967
v  -4.2473 -0.2256 -0.6246
v  -4.3316 -0.1997 -0.6413
v  -4.2657 -0.1997 -0.6712
v  -4.1848 -0.2256 -0.6458
v  -4.1222 -0.2256 -0.6606
v  -4.1986 -0.1997 -0.6941
v  -4.1314 -0.1997 -0.7099
v  -4.4501 0.0000 0.8705
v  -4.0000 -0.0000 0.0000
v  -4.3603 0.0000 0.9114
v  -4.5363 0.0000 0.8202
v  -4.6177 0.0000 0.7608
v  -4.6930 0.0000 0.6930
v  -4.7608 0.0000 0.6177
v  -4.8202 0.0000 0.5363
v  -4.8705 0.0000 0.4501
v  -4.9110 0.0000 0.3612
v  -4.9421 0.0000 0.2701
v  -4.9636 0.0000 0.1788
v  -4.9760 0.0000 0.0885
v  -4.9800 0.0000 0.0005
v  -4.9761 0.0000 -0.0876
v  -4.9637 0.0000 -0.1779
v  -4.9423 0.0000 -0.2692
v  -4.9114 -0.0000 -0.3603
v  -4.8705 -0.0000 -0.4501
v  -4.8202 0.0000 -0.5363
v  -4.7608 0.0000 -0.6177
v  -4.6930 -0.0000 -0.6930
v  -4.6177 0.0000 -0.7608
v  -4.5363 -0.0000 -0.8202
v  -4.4501 0.0000 -0.8705
v  -4.3612 0.0000 -0.9110
v  -4.2701 0.0000 -0.9420
v  -4.1788 -0.0000 -0.9636
v  -4.0885 -0.0000 -0.9760
v  -4.0004 -0.0000 -0.9800
v  -3.9124 -0.0000 -0.9761
v  -3.8221 -0.0000 -0.9637
v  -3.7308 -0.0000 -0.9423
v  -3.6397 -0.0000 -0.9114
v  -3.5499 0.0000 -0.8705
v  -3.4637 -0.0000 -0.8202
v  -3.3823 -0.0000 -0.7608
v  -3.3070 -0.0000 -0.6930
v  -3.2392 -0.0000 -0.6177
v  -3.1798 -0.0000 -0.5363
v  -3.1295 -0.0000 -0.4501
v  -3.0890 -0.0000 -0.3612
v  -3.0580 -0.0000 -0.2701
v  -3.0364 -0.0000 -0.1788
v  -3.0240 -0.0000 -0.0885
v  -3.0200 -0.0000 -0.0004
v  -3.0239 -0.0000 0.0876
v  -3.0363 -0.0000 0.1779
v  -3.0577 0.0000 0.2692
v  -3.0886 0.0000 0.3603
v  -3.1295 0.0000 0.4501
v  -3.1798 0.0000 0.5363
v  -3.2392 -0.0000 0.6177
v  -3.3070 0.0000 0.6930
v  -3.3823 0.0000 0.7608
v  -3.4637 0.0000 0.8202
v  -3.5499 0.0000 0.8705
v  -3.6388 0.0000 0.9110
v  -3.7299 0.0000 0.9421
v  -3.8212 0.0000 0.9636
v  -3.9115 -0.0000 0.9760
v  -3.9996 0.0000 0.9800
v  -4.0876 0.0000 0.9761
v  -4.1779 0.0000 0.9637
v  -4.2692 0.0000 0.9423
v  -4.0890 -0.1700 -0.9860
v  -4.0890 -0.0100 -0.9860
v  -4.0890 -0.0100 0.9860
v  -4.0890 -0.1700 0.9860
v  -4.1801 -0.0100 0.9735
v  -4.1801 -0.1700 0.9735
v  -4.2724 -0.0100 0.9518
v  -4.2724 -0.1700 0.9518
v  -4.3644 -0.0100 0.9205
v  -4.3644 -0.1700 0.9205
v  -4.4547 -0.0100 0.8794
v  -4.4547 -0.1700 0.8794
v  -4.5417 -0.0100 0.8286
v  -4.5417 -0.1700 0.8286
v  -4.6240 -0.0100 0.7686
v  -4.6240 -0.1700 0.7686
v  -4.7000 -0.0100 0.7000
v  -4.7000 -0.1700 0.7000
v  -4.7686 -0.0100 0.6240
v  -4.7686 -0.1700 0.6240
v  -4.8286 -0.0100 0.5417
v  -4.8286 -0.1700 0.5417
v  -4.8794 -0.0100 0.4547
v  -4.8794 -0.1700 0.4547
v  -4.9205 -0.0100 0.3644
v  -4.9205 -0.1700 0.3644
v  -4.9518 -0.0100 0.2724
v  -4.9518 -0.1700 0.2724
v  -4.9735 -0.0100 0.1801
v  -4.9735 -0.1700 0.1801
v  -4.9860 -0.0100 0.0890
v  -4.9860 -0.1700 0.0890
v  -4.9900 -0.0100 0.0000
v  -4.9900 -0.1700 0.0000
v  -4.9860 -0.0100 -0.0890
v  -4.9860 -0.1700 -0.0890
v  -4.9735 -0.0100 -0.1801
v  -4.9735 -0.1700 -0.1801
v  -4.9518 -0.0100 -0.2724
v  -4.9518 -0.1700 -0.2724
v  -4.9205 -0.0100 -0.3644
v  -4.9205 -0.1700 -0.3644
v  -4.8794 -0.0100 -0.4547
v  -4.8794 -0.1700 -0.4547
v  -4.8286 -0.0100 -0.5417
v  -4.8286 -0.1700 -0.5417
v  -4.7686 -0.0100 -0.6240
v  -4.7686 -0.1700 -0.6240
v  -4.7000 -0.0100 -0.7000
v  -4.7000 -0.1700 -0.7000
v  -4.6240 -0.0100 -0.7686
v  -4.6240 -0.1700 -0.7686
v  -4.5417 -0.0100 -0.8286
v  -4.5417 -0.1700 -0.8286
v  -4.4547 -0.0100 -0.8794
v  -4.4547 -0.1700 -0.8794
v  -4.3644 -0.0100 -0.9205
v  -4.3644 -0.1700 -0.9205
v  -4.2724 -0.0100 -0.9518
v  -4.2724 -0.1700 -0.9518
v  -4.1801 -0.0100 -0.9735
v  -4.1801 -0.1700 -0.9735
v  -3.9304 -0.1847 -0.7709
v  -3.9351 -0.1997 -0.7190
v  -3.9396 -0.2256 -0.6691
v  -3.9437 -0.2620 -0.6245
v  -3.9469 -0.3068 -0.5883
v  -3.9493 -0.3569 -0.5624
v  -3.9506 -0.4091 -0.5475
v  -3.9510 -0.4600 -0.5428
v  -3.9000 -0.4091 -0.5405
v  -3.9008 -0.4600 -0.5359
v  -3.8488 -0.4091 -0.5285
v  -3.8500 -0.4600 -0.5240
v  -3.7994 -0.4600 -0.5067
v  -3.7977 -0.4091 -0.5111
v  -3.7475 -0.4091 -0.4883
v  -3.7497 -0.4600 -0.4841
v  -3.6992 -0.4091 -0.4601
v  -3.7018 -0.4600 -0.4562
v  -3.6565 -0.4600 -0.4231
v  -3.6535 -0.4091 -0.4267
v  -3.6113 -0.4091 -0.3887
v  -3.6146 -0.4600 -0.3854
v  -3.5733 -0.4091 -0.3465
v  -3.5769 -0.4600 -0.3435
v  -3.5399 -0.4091 -0.3008
v  -3.5438 -0.4600 -0.2982
v  -3.5117 -0.4091 -0.2525
v  -3.5159 -0.4600 -0.2503
v  -3.4889 -0.4091 -0.2023
v  -3.4933 -0.4600 -0.2006
v  -3.4760 -0.4600 -0.1500
v  -3.4715 -0.4091 -0.1512
v  -3.4595 -0.4091 -0.1000
v  -3.4641 -0.4600 -0.0992
v  -3.4572 -0.4600 -0.0490
v  -3.4525 -0.4091 -0.0494
v  -3.4550 -0.4600 0.0000
v  -3.4503 -0.4091 0.0000
v  -3.4572 -0.4600 0.0490
v  -3.4525 -0.4091 0.0494
v  -3.4595 -0.4091 0.1000
v  -3.4641 -0.4600 0.0992
v  -3.4715 -0.4091 0.1512
v  -3.4760 -0.4600 0.1500
v  -3.4933 -0.4600 0.2006
v  -3.4889 -0.4091 0.2023
v  -3.5117 -0.4091 0.2525
v  -3.5159 -0.4600 0.2503
v  -3.5399 -0.4091 0.3008
v  -3.5438 -0.4600 0.2982
v  -3.5733 -0.4091 0.3465
v  -3.5769 -0.4600 0.3435
v  -3.6113 -0.4091 0.3887
v  -3.6146 -0.4600 0.3854
v  -3.6535 -0.4091 0.4267
v  -3.6565 -0.4600 0.4231
v  -3.6992 -0.4091 0.4601
v  -3.7018 -0.4600 0.4562
v  -3.7475 -0.4091 0.4883
v  -3.7497 -0.4600 0.4841
v  -3.7977 -0.4091 0.5111
v  -3.7994 -0.4600 0.5067
v  -3.8488 -0.4091 0.5285
v  -3.8500 -0.4600 0.5240
v  -3.9000 -0.4091 0.5405
v  -3.9008 -0.4600 0.5359
v  -3.9506 -0.4091 0.5475
v  -3.9510 -0.4600 0.5428
v  -3.9493 -0.3569 0.5624
v  -3.9469 -0.3068 0.5883
v  -3.9437 -0.2620 0.6245
v  -3.9396 -0.2256 0.6691
v  -3.9351 -0.1997 0.7190
v  -3.9304 -0.1847 0.7709
v  -3.8592 -0.1847 0.7611
v  -3.7870 -0.1847 0.7442
v  -3.7151 -0.1847 0.7197
v  -3.6445 -0.1847 0.6876
v  -3.5764 -0.1847 0.6479
v  -3.5121 -0.1847 0.6009
v  -3.4527 -0.1847 0.5473
v  -3.3991 -0.1847 0.4879
v  -3.3521 -0.1847 0.4236
v  -3.3124 -0.1847 0.3555
v  -3.2803 -0.1847 0.2849
v  -3.2558 -0.1847 0.2130
v  -3.2389 -0.1847 0.1408
v  -3.2291 -0.1847 0.0696
v  -3.2260 -0.1847 0.0000
v  -3.2291 -0.1847 -0.0696
v  -3.2389 -0.1847 -0.1408
v  -3.2558 -0.1847 -0.2130
v  -3.2803 -0.1847 -0.2849
v  -3.3124 -0.1847 -0.3555
v  -3.3521 -0.1847 -0.4236
v  -3.3991 -0.1847 -0.4879
v  -3.4527 -0.1847 -0.5473
v  -3.5121 -0.1847 -0.6009
v  -3.5764 -0.1847 -0.6479
v  -3.6445 -0.1847 -0.6876
v  -3.7151 -0.1847 -0.7197
v  -3.7870 -0.1847 -0.7442
v  -3.8592 -0.1847 -0.7611
v  -3.8973 -0.3569 -0.5552
v  -3.8446 -0.3569 -0.5429
v  -3.7922 -0.3569 -0.5250
v  -3.8925 -0.3068 -0.5808
v  -3.8859 -0.2620 -0.6165
v  -3.8375 -0.3068 -0.5678
v  -3.7826 -0.3068 -0.5492
v  -3.8275 -0.2620 -0.6028
v  -3.7692 -0.2620 -0.5830
v  -3.7407 -0.3569 -0.5016
v  -3.6910 -0.3569 -0.4726
v  -3.6441 -0.3569 -0.4384
v  -3.6007 -0.3569 -0.3993
v  -3.7287 -0.3068 -0.5247
v  -3.6768 -0.3068 -0.4944
v  -3.7120 -0.2620 -0.5570
v  -3.6569 -0.2620 -0.5248
v  -3.6277 -0.3068 -0.4585
v  -3.5824 -0.3068 -0.4176
v  -3.6048 -0.2620 -0.4868
v  -3.5566 -0.2620 -0.4434
v  -3.8778 -0.2256 -0.6606
v  -3.8686 -0.1997 -0.7099
v  -3.8152 -0.2256 -0.6458
v  -3.7527 -0.2256 -0.6246
v  -3.8014 -0.1997 -0.6941
v  -3.7343 -0.1997 -0.6712
v  -3.6915 -0.2256 -0.5967
v  -3.6324 -0.2256 -0.5623
v  -3.6684 -0.1997 -0.6413
v  -3.6050 -0.1997 -0.6043
v  -3.5766 -0.2256 -0.5215
v  -3.5250 -0.2256 -0.4750
v  -3.5450 -0.1997 -0.5605
v  -3.4895 -0.1997 -0.5105
v  -3.5616 -0.3569 -0.3559
v  -3.5274 -0.3569 -0.3090
v  -3.4984 -0.3569 -0.2593
v  -3.4750 -0.3569 -0.2078
v  -3.5415 -0.3068 -0.3723
v  -3.5056 -0.3068 -0.3232
v  -3.5132 -0.2620 -0.3952
v  -3.4752 -0.2620 -0.3431
v  -3.4753 -0.3068 -0.2713
v  -3.4508 -0.3068 -0.2174
v  -3.4430 -0.2620 -0.2880
v  -3.4170 -0.2620 -0.2308
v  -3.4571 -0.3569 -0.1554
v  -3.4448 -0.3569 -0.1027
v  -3.4376 -0.3569 -0.0507
v  -3.4353 -0.3569 0.0000
v  -3.4322 -0.3068 -0.1625
v  -3.4192 -0.3068 -0.1075
v  -3.3972 -0.2620 -0.1725
v  -3.3835 -0.2620 -0.1141
v  -3.4117 -0.3068 -0.0531
v  -3.4094 -0.3068 0.0000
v  -3.3755 -0.2620 -0.0563
v  -3.3730 -0.2620 0.0000
v  -3.4785 -0.2256 -0.4234
v  -3.4377 -0.2256 -0.3676
v  -3.4395 -0.1997 -0.4550
v  -3.3957 -0.1997 -0.3950
v  -3.4033 -0.2256 -0.3085
v  -3.3754 -0.2256 -0.2473
v  -3.3587 -0.1997 -0.3316
v  -3.3288 -0.1997 -0.2657
v  -3.3542 -0.2256 -0.1848
v  -3.3394 -0.2256 -0.1222
v  -3.3059 -0.1997 -0.1986
v  -3.2901 -0.1997 -0.1314
v  -3.3309 -0.2256 -0.0604
v  -3.3282 -0.2256 0.0000
v  -3.2810 -0.1997 -0.0649
v  -3.2781 -0.1997 0.0000
v  -3.4376 -0.3569 0.0507
v  -3.4448 -0.3569 0.1027
v  -3.4571 -0.3569 0.1554
v  -3.4750 -0.3569 0.2078
v  -3.4117 -0.3068 0.0531
v  -3.4192 -0.3068 0.1075
v  -3.3755 -0.2620 0.0563
v  -3.3835 -0.2620 0.1141
v  -3.4322 -0.3068 0.1625
v  -3.4508 -0.3068 0.2174
v  -3.3972 -0.2620 0.1725
v  -3.4170 -0.2620 0.2308
v  -3.4984 -0.3569 0.2593
v  -3.5274 -0.3569 0.3090
v  -3.5616 -0.3569 0.3559
v  -3.6007 -0.3569 0.3993
v  -3.4753 -0.3068 0.2713
v  -3.5056 -0.3068 0.3232
v  -3.4430 -0.2620 0.2880
v  -3.4752 -0.2620 0.3431
v  -3.5415 -0.3068 0.3723
v  -3.5824 -0.3068 0.4176
v  -3.5132 -0.2620 0.3952
v  -3.5566 -0.2620 0.4434
v  -3.3309 -0.2256 0.0604
v  -3.3394 -0.2256 0.1222
v  -3.2810 -0.1997 0.0649
v  -3.2901 -0.1997 0.1314
v  -3.3542 -0.2256 0.1848
v  -3.3754 -0.2256 0.2473
v  -3.3059 -0.1997 0.1986
v  -3.3288 -0.1997 0.2657
v  -3.4033 -0.2256 0.3085
v  -3.4377 -0.2256 0.3676
v  -3.3587 -0.1997 0.3316
v  -3.3957 -0.1997 0.3950
v  -3.4785 -0.2256 0.4234
v  -3.5250 -0.2256 0.4750
v  -3.4395 -0.1997 0.4550
v  -3.4895 -0.1997 0.5105
v  -3.6441 -0.3569 0.4384
v  -3.6910 -0.3569 0.4726
v  -3.7407 -0.3569 0.5016
v  -3.7922 -0.3569 0.5250
v  -3.6277 -0.3068 0.4585
v  -3.6768 -0.3068 0.4944
v  -3.6048 -0.2620 0.4868
v  -3.6569 -0.2620 0.5248
v  -3.7287 -0.3068 0.5247
v  -3.7826 -0.3068 0.5492
v  -3.7120 -0.2620 0.5570
v  -3.7692 -0.2620 0.5830
v  -3.8446 -0.3569 0.5429
v  -3.8973 -0.3569 0.5552
v  -3.8375 -0.3068 0.5678
v  -3.8925 -0.3068 0.5808
v  -3.8275 -0.2620 0.6028
v  -3.8859 -0.2620 0.6165
v  -3.5766 -0.2256 0.5215
v  -3.6324 -0.2256 0.5623
v  -3.5450 -0.1997 0.5605
v  -3.6050 -0.1997 0.6043
v  -3.6915 -0.2256 0.5967
v  -3.7527 -0.2256 0.6246
v  -3.6684 -0.1997 0.6413
v  -3.7343 -0.1997 0.6712
v  -3.8152 -0.2256 0.6459
v  -3.8778 -0.2256 0.6606
v  -3.8014 -0.1997 0.6941
v  -3.8686 -0.1997 0.7099
v  -4.0490 -1.9720 -0.5428
v  -4.0000 -1.9720 -0.5450
v  -4.0000 -1.9720 0.5450
v  -4.0490 -1.9720 0.5428
v  -4.0992 -1.9720 0.5359
v  -4.1500 -1.9720 0.5240
v  -4.2006 -1.9720 0.5067
v  -4.2503 -1.9720 0.4841
v  -4.2982 -1.9720 0.4562
v  -4.3435 -1.9720 0.4231
v  -4.3854 -1.9720 0.3854
v  -4.4231 -1.9720 0.3435
v  -4.4562 -1.9720 0.2982
v  -4.4841 -1.9720 0.2503
v  -4.5067 -1.9720 0.2006
v  -4.5240 -1.9720 0.1500
v  -4.5359 -1.9720 0.0992
v  -4.5428 -1.9720 0.0490
v  -4.5450 -1.9720 0.0000
v  -4.5428 -1.9720 -0.0490
v  -4.5359 -1.9720 -0.0992
v  -4.5240 -1.9720 -0.1500
v  -4.5067 -1.9720 -0.2006
v  -4.4841 -1.9720 -0.2503
v  -4.4562 -1.9720 -0.2982
v  -4.4231 -1.9720 -0.3435
v  -4.3854 -1.9720 -0.3854
v  -4.3435 -1.9720 -0.4231
v  -4.2982 -1.9720 -0.4562
v  -4.2503 -1.9720 -0.4841
v  -4.2006 -1.9720 -0.5067
v  -4.1500 -1.9720 -0.5240
v  -4.0992 -1.9720 -0.5359
v  -3.9510 -1.9720 -0.5428
v  -3.9008 -1.9720 -0.5359
v  -3.8500 -1.9720 -0.5240
v  -3.7994 -1.9720 -0.5067
v  -3.7497 -1.9720 -0.4841
v  -3.7018 -1.9720 -0.4562
v  -3.6565 -1.9720 -0.4231
v  -3.6146 -1.9720 -0.3854
v  -3.5769 -1.9720 -0.3435
v  -3.5438 -1.9720 -0.2982
v  -3.5159 -1.9720 -0.2503
v  -3.4933 -1.9720 -0.2006
v  -3.4760 -1.9720 -0.1500
v  -3.4641 -1.9720 -0.0992
v  -3.4572 -1.9720 -0.0490
v  -3.4550 -1.9720 0.0000
v  -3.4572 -1.9720 0.0490
v  -3.4641 -1.9720 0.0992
v  -3.4760 -1.9720 0.1500
v  -3.4933 -1.9720 0.2006
v  -3.5159 -1.9720 0.2503
v  -3.5438 -1.9720 0.2982
v  -3.5769 -1.9720 0.3435
v  -3.6146 -1.9720 0.3854
v  -3.6565 -1.9720 0.4231
v  -3.7018 -1.9720 0.4562
v  -3.7497 -1.9720 0.4841
v  -3.7994 -1.9720 0.5067
v  -3.8500 -1.9720 0.5240
v  -3.9008 -1.9720 0.5359
v  -3.9510 -1.9720 0.5428
v  -4.0476 -1.9820 -0.5329
v  -4.0000 -1.9820 0.0000
v  -3.9996 -1.9820 -0.5350
v  -4.0005 -1.9820 0.5350
v  -4.0485 -1.9820 0.5328
v  -4.0978 -1.9820 0.5260
v  -4.1477 -1.9820 0.5142
v  -4.1974 -1.9820 0.4973
v  -4.2457 -1.9820 0.4752
v  -4.2927 -1.9820 0.4478
v  -4.3372 -1.9820 0.4153
v  -4.3783 -1.9820 0.3783
v  -4.4153 -1.9820 0.3372
v  -4.4478 -1.9820 0.2927
v  -4.4752 -1.9820 0.2457
v  -4.4976 -1.9820 0.1965
v  -4.5145 -1.9820 0.1467
v  -4.5262 -1.9820 0.0969
v  -4.5329 -1.9820 0.0476
v  -4.5350 -1.9820 -0.0004
v  -4.5328 -1.9820 -0.0485
v  -4.5260 -1.9820 -0.0978
v  -4.5142 -1.9820 -0.1477
v  -4.4973 -1.9820 -0.1974
v  -4.4752 -1.9820 -0.2457
v  -4.4478 -1.9820 -0.2927
v  -4.4153 -1.9820 -0.3372
v  -4.3783 -1.9820 -0.3783
v  -4.3372 -1.9820 -0.4153
v  -4.2927 -1.9820 -0.4478
v  -4.2457 -1.9820 -0.4752
v  -4.1965 -1.9820 -0.4976
v  -4.1467 -1.9820 -0.5145
v  -4.0969 -1.9820 -0.5262
v  -3.9515 -1.9820 -0.5328
v  -3.9022 -1.9820 -0.5260
v  -3.8523 -1.9820 -0.5142
v  -3.8026 -1.9820 -0.4973
v  -3.7543 -1.9820 -0.4752
v  -3.7073 -1.9820 -0.4478
v  -3.6628 -1.9820 -0.4153
v  -3.6217 -1.9820 -0.3783
v  -3.5847 -1.9820 -0.3372
v  -3.5522 -1.9820 -0.2927
v  -3.5248 -1.9820 -0.2457
v  -3.5024 -1.9820 -0.1965
v  -3.4855 -1.9820 -0.1467
v  -3.4738 -1.9820 -0.0969
v  -3.4671 -1.9820 -0.0476
v  -3.4650 -1.9820 0.0005
v  -3.4672 -1.9820 0.0485
v  -3.4740 -1.9820 0.0978
v  -3.4858 -1.9820 0.1477
v  -3.5027 -1.9820 0.1974
v  -3.5248 -1.9820 0.2457
v  -3.5522 -1.9820 0.2927
v  -3.5847 -1.9820 0.3372
v  -3.6217 -1.9820 0.3783
v  -3.6628 -1.9820 0.4153
v  -3.7073 -1.9820 0.4478
v  -3.7543 -1.9820 0.4752
v  -3.8035 -1.9820 0.4976
v  -3.8533 -1.9820 0.5145
v  -3.9031 -1.9820 0.5262
v  -3.9524 -1.9820 0.5329
v  -3.9110 -0.1800 0.9860
v  -4.0000 -0.1800 0.9900
v  -4.0000 0.0000 0.9900
v  -3.9110 0.0000 0.9860
v  -3.9110 0.0000 -0.9860
v  -4.0000 -0.0000 -0.9900
v  -4.0000 -0.1800 -0.9900
v  -3.9110 -0.1800 -0.9860
v  -3.8199 -0.1800 -0.9735
v  -3.8199 -0.0000 -0.9735
v  -3.7276 -0.1800 -0.9518
v  -3.7276 -0.0000 -0.9518
v  -3.6356 -0.1800 -0.9205
v  -3.6356 -0.0000 -0.9205
v  -3.5453 -0.1800 -0.8794
v  -3.5453 0.0000 -0.8794
v  -3.4583 -0.0000 -0.8286
v  -3.4583 -0.1800 -0.8286
v  -3.3760 -0.1800 -0.7686
v  -3.3760 -0.0000 -0.7686
v  -3.3000 -0.1800 -0.7000
v  -3.3000 -0.0000 -0.7000
v  -3.2314 -0.0000 -0.6240
v  -3.2314 -0.1800 -0.6240
v  -3.1714 -0.1800 -0.5417
v  -3.1714 -0.0000 -0.5417
v  -3.1206 -0.0000 -0.4547
v  -3.1206 -0.1800 -0.4547
v  -3.0795 -0.0000 -0.3644
v  -3.0795 -0.1800 -0.3644
v  -3.0482 -0.1800 -0.2724
v  -3.0482 -0.0000 -0.2724
v  -3.0265 -0.1800 -0.1801
v  -3.0265 -0.0000 -0.1801
v  -3.0140 -0.1800 -0.0890
v  -3.0140 -0.0000 -0.0890
v  -3.0100 -0.1800 0.0000
v  -3.0100 -0.0000 0.0000
v  -3.0140 -0.1800 0.0890
v  -3.0140 -0.0000 0.0890
v  -3.0265 0.0000 0.1801
v  -3.0265 -0.1800 0.1801
v  -3.0482 -0.1800 0.2724
v  -3.0482 0.0000 0.2724
v  -3.0795 -0.0000 0.3644
v  -3.0795 -0.1800 0.3644
v  -3.1206 -0.1800 0.4547
v  -3.1206 0.0000 0.4547
v  -3.1714 -0.1800 0.5417
v  -3.1714 0.0000 0.5417
v  -3.2314 0.0000 0.6240
v  -3.2314 -0.1800 0.6240
v  -3.3000 -0.1800 0.7000
v  -3.3000 -0.0000 0.7000
v  -3.3760 -0.1800 0.7686
v  -3.3760 -0.0000 0.7686
v  -3.4583 0.0000 0.8286
v  -3.4583 -0.1800 0.8286
v  -3.5453 -0.1800 0.8794
v  -3.5453 -0.0000 0.8794
v  -3.6356 0.0000 0.9205
v  -3.6356 -0.1800 0.9205
v  -3.7276 -0.1800 0.9518
v  -3.7276 0.0000 0.9518
v  -3.8199 -0.0000 0.9735
v  -3.8199 -0.1800 0.9735
v  -4.9860 -0.1800 0.0890
v  -4.9735 -0.1800 0.1801
v  -4.9518 -0.1800 0.2724
v  -4.9205 -0.1800 0.3644
v  -4.8794 -0.1800 0.4547
v  -4.8286 -0.1800 0.5417
v  -4.7686 -0.1800 0.6240
v  -4.7000 -0.1800 0.7000
v  -4.6240 -0.1800 0.7686
v  -4.5417 -0.1800 0.8286
v  -4.4547 -0.1800 0.8794
v  -4.3644 -0.1800 0.9205
v  -4.2724 -0.1800 0.9518
v  -4.1801 -0.1800 0.9735
v  -4.0890 -0.1800 0.9860
v  -4.0890 -0.1800 -0.9860
v  -4.1801 -0.1800 -0.9735
v  -4.2724 -0.1800 -0.9518
v  -4.3644 -0.1800 -0.9205
v  -4.4547 -0.1800 -0.8794
v  -4.5417 -0.1800 -0.8286
v  -4.6240 -0.1800 -0.7686
v  -4.7000 -0.1800 -0.7000
v  -4.7686 -0.1800 -0.6240
v  -4.8286 -0.1800 -0.5417
v  -4.8794 -0.1800 -0.4547
v  -4.9205 -0.1800 -0.3644
v  -4.9518 -0.1800 -0.2724
v  -4.9735 -0.1800 -0.1801
v  -4.9860 -0.1800 -0.0890
v  -4.9900 -0.1800 0.0000
v  -4.3644 0.0000 0.9205
v  -4.4547 0.0000 0.8794
v  -4.5417 0.0000 0.8286
v  -4.6240 0.0000 0.7686
v  -4.7000 0.0000 0.7000
v  -4.7686 0.0000 0.6240
v  -4.8286 0.0000 0.5417
v  -4.8794 0.0000 0.4547
v  -4.9205 0.0000 0.3644
v  -4.9518 0.0000 0.2724
v  -4.9735 0.0000 0.1801
v  -4.9860 0.0000 0.0890
v  -4.9900 0.0000 0.0000
v  -4.9860 0.0000 -0.0890
v  -4.9735 -0.0000 -0.1801
v  -4.9518 0.0000 -0.2724
v  -4.9205 0.0000 -0.3644
v  -4.8794 0.0000 -0.4547
v  -4.8286 0.0000 -0.5417
v  -4.7686 -0.0000 -0.6240
v  -4.7000 0.0000 -0.7000
v  -4.6240 0.0000 -0.7686
v  -4.5417 0.0000 -0.8286
v  -4.4547 0.0000 -0.8794
v  -4.3644 -0.0000 -0.9205
v  -4.2724 0.0000 -0.9518
v  -4.1801 -0.0000 -0.9735
v  -4.0890 -0.0000 -0.9860
v  -4.0890 -0.0000 0.9860
v  -4.1801 -0.0000 0.9735
v  -4.2724 0.0000 0.9518
v  -4.0490 -1.9820 -0.5428
v  -4.0000 -1.9820 -0.5450
v  -4.0000 -1.9820 0.5450
v  -4.0490 -1.9820 0.5428
v  -4.0992 -1.9820 0.5359
v  -4.1500 -1.9820 0.5240
v  -4.2006 -1.9820 0.5067
v  -4.2503 -1.9820 0.4841
v  -4.2982 -1.9820 0.4562
v  -4.3435 -1.9820 0.4231
v  -4.3854 -1.9820 0.3854
v  -4.4231 -1.9820 0.3435
v  -4.4562 -1.9820 0.2982
v  -4.4841 -1.9820 0.2503
v  -4.5067 -1.9820 0.2006
v  -4.5240 -1.9820 0.1500
v  -4.5359 -1.9820 0.0992
v  -4.5428 -1.9820 0.0490
v  -4.5450 -1.9820 0.0000
v  -4.5428 -1.9820 -0.0490
v  -4.5359 -1.9820 -0.0992
v  -4.5240 -1.9820 -0.1500
v  -4.5067 -1.9820 -0.2006
v  -4.4841 -1.9820 -0.2503
v  -4.4562 -1.9820 -0.2982
v  -4.4231 -1.9820 -0.3435
v  -4.3854 -1.9820 -0.3854
v  -4.3435 -1.9820 -0.4231
v  -4.2982 -1.9820 -0.4562
v  -4.2503 -1.9820 -0.4841
v  -4.2006 -1.9820 -0.5067
v  -4.1500 -1.9820 -0.5240
v  -4.0992 -1.9820 -0.5359
v  -3.9510 -1.9820 -0.5428
v  -3.9008 -1.9820 -0.5359
v  -3.8500 -1.9820 -0.5240
v  -3.7994 -1.9820 -0.5067
v  -3.7497 -1.9820 -0.4841
v  -3.7018 -1.9820 -0.4562
v  -3.6565 -1.9820 -0.4231
v  -3.6146 -1.9820 -0.3854
v  -3.5769 -1.9820 -0.3435
v  -3.5438 -1.9820 -0.2982
v  -3.5159 -1.9820 -0.2503
v  -3.4933 -1.9820 -0.2006
v  -3.4760 -1.9820 -0.1500
v  -3.4641 -1.9820 -0.0992
v  -3.4572 -1.9820 -0.0490
v  -3.4550 -1.9820 0.0000
v  -3.4572 -1.9820 0.0490
v  -3.4641 -1.9820 0.0992
v  -3.4760 -1.9820 0.1500
v  -3.4933 -1.9820 0.2006
v  -3.5159 -1.9820 0.2503
v  -3.5438 -1.9820 0.2982
v  -3.5769 -1.9820 0.3435
v  -3.6146 -1.9820 0.3854
v  -3.6565 -1.9820 0.4231
v  -3.7018 -1.9820 0.4562
v  -3.7497 -1.9820 0.4841
v  -3.7994 -1.9820 0.5067
v  -3.8500 -1.9820 0.5240
v  -3.9008 -1.9820 0.5359
v  -3.9510 -1.9820 0.5428
v  -4.1309 -1.9700 0.4556
v  -3.9999 -1.9700 -0.0000
v  -4.0868 -1.9700 0.4659
v  -4.0432 -1.9700 0.4719
v  -3.9999 -1.9700 0.4739
v  -3.9565 -1.9700 0.4719
v  -3.9129 -1.9700 0.4659
v  -3.8688 -1.9700 0.4556
v  -3.8249 -1.9700 0.4406
v  -3.7817 -1.9700 0.4210
v  -3.7402 -1.9700 0.3967
v  -3.7009 -1.9700 0.3681
v  -3.6646 -1.9700 0.3353
v  -3.6318 -1.9700 0.2990
v  -3.6031 -1.9700 0.2597
v  -3.5789 -1.9700 0.2181
v  -3.5593 -1.9700 0.1750
v  -3.5443 -1.9700 0.1310
v  -3.5339 -1.9700 0.0869
v  -3.5279 -1.9700 0.0433
v  -3.5260 -1.9704 -0.0000
v  -3.5279 -1.9751 -0.0433
v  -3.5339 -1.9700 -0.0869
v  -3.5443 -1.9700 -0.1310
v  -3.5593 -1.9700 -0.1750
v  -3.5789 -1.9700 -0.2181
v  -3.6031 -1.9700 -0.2597
v  -3.6318 -1.9700 -0.2990
v  -3.6646 -1.9700 -0.3353
v  -3.7009 -1.9700 -0.3681
v  -3.7402 -1.9700 -0.3967
v  -3.7817 -1.9700 -0.4210
v  -3.8249 -1.9700 -0.4406
v  -3.8688 -1.9700 -0.4556
v  -3.9129 -1.9700 -0.4659
v  -3.9565 -1.9700 -0.4719
v  -3.9999 -1.9700 -0.4739
v  -4.0432 -1.9700 -0.4719
v  -4.0868 -1.9700 -0.4659
v  -4.1309 -1.9700 -0.4556
v  -4.1749 -1.9700 -0.4406
v  -4.2180 -1.9700 -0.4210
v  -4.2596 -1.9700 -0.3967
v  -4.2989 -1.9700 -0.3681
v  -4.3352 -1.9700 -0.3353
v  -4.3679 -1.9700 -0.2990
v  -4.3966 -1.9700 -0.2597
v  -4.4209 -1.9700 -0.2181
v  -4.4405 -1.9700 -0.1750
v  -4.4554 -1.9700 -0.1310
v  -4.4658 -1.9700 -0.0869
v  -4.4718 -1.9700 -0.0433
v  -4.4737 -1.9700 -0.0000
v  -4.4718 -1.9700 0.0433
v  -4.4658 -1.9700 0.0869
v  -4.4554 -1.9700 0.1310
v  -4.4405 -1.9700 0.1750
v  -4.4209 -1.9700 0.2181
v  -4.3966 -1.9700 0.2597
v  -4.3679 -1.9700 0.2990
v  -4.3352 -1.9700 0.3353
v  -4.2989 -1.9700 0.3681
v  -4.2596 -1.9700 0.3967
v  -4.2180 -1.9700 0.4210
v  -4.1749 -1.9700 0.4406
v  -4.1326 -1.9840 0.4613
v  -4.1326 -1.9760 0.4613
v  -4.0879 -1.9760 0.4718
v  -4.0879 -1.9840 0.4718
v  -4.0438 -1.9760 0.4779
v  -4.0438 -1.9840 0.4779
v  -3.9999 -1.9760 0.4799
v  -3.9999 -1.9840 0.4799
v  -3.9560 -1.9760 0.4779
v  -3.9560 -1.9840 0.4779
v  -3.9118 -1.9760 0.4718
v  -3.9118 -1.9840 0.4718
v  -3.8672 -1.9760 0.4613
v  -3.8672 -1.9840 0.4613
v  -3.8227 -1.9760 0.4462
v  -3.8227 -1.9840 0.4462
v  -3.7790 -1.9760 0.4263
v  -3.7790 -1.9840 0.4263
v  -3.7369 -1.9760 0.4018
v  -3.7369 -1.9840 0.4018
v  -3.6971 -1.9760 0.3727
v  -3.6971 -1.9840 0.3727
v  -3.6603 -1.9760 0.3396
v  -3.6603 -1.9840 0.3396
v  -3.6272 -1.9760 0.3028
v  -3.6272 -1.9840 0.3028
v  -3.5981 -1.9760 0.2630
v  -3.5981 -1.9840 0.2630
v  -3.5735 -1.9760 0.2209
v  -3.5735 -1.9840 0.2209
v  -3.5537 -1.9760 0.1772
v  -3.5537 -1.9840 0.1772
v  -3.5385 -1.9760 0.1327
v  -3.5385 -1.9840 0.1327
v  -3.5280 -1.9760 0.0880
v  -3.5280 -1.9840 0.0880
v  -3.5220 -1.9760 0.0439
v  -3.5220 -1.9840 0.0439
v  -3.5200 -1.9760 -0.0000
v  -3.5200 -1.9840 -0.0000
v  -3.5227 -1.9760 -0.0438
v  -3.5228 -1.9840 -0.0438
v  -3.5280 -1.9760 -0.0880
v  -3.5280 -1.9840 -0.0880
v  -3.5385 -1.9760 -0.1327
v  -3.5385 -1.9840 -0.1327
v  -3.5537 -1.9760 -0.1772
v  -3.5537 -1.9840 -0.1772
v  -3.5735 -1.9760 -0.2209
v  -3.5735 -1.9840 -0.2209
v  -3.5981 -1.9760 -0.2630
v  -3.5981 -1.9840 -0.2630
v  -3.6272 -1.9760 -0.3028
v  -3.6272 -1.9840 -0.3028
v  -3.6603 -1.9760 -0.3396
v  -3.6603 -1.9840 -0.3396
v  -3.6971 -1.9760 -0.3727
v  -3.6971 -1.9840 -0.3727
v  -3.7369 -1.9760 -0.4018
v  -3.7369 -1.9840 -0.4018
v  -3.7790 -1.9760 -0.4263
v  -3.7790 -1.9840 -0.4263
v  -3.8227 -1.9760 -0.4462
v  -3.8227 -1.9840 -0.4462
v  -3.8672 -1.9760 -0.4613
v  -3.8672 -1.9840 -0.4613
v  -3.9118 -1.9760 -0.4718
v  -3.9118 -1.9840 -0.4718
v  -3.9560 -1.9760 -0.4779
v  -3.9560 -1.9840 -0.4779
v  -3.9999 -1.9760 -0.4799
v  -3.9999 -1.9840 -0.4799
v  -4.0438 -1.9760 -0.4779
v  -4.0438 -1.9840 -0.4779
v  -4.0879 -1.9760 -0.4718
v  -4.0879 -1.9840 -0.4718
v  -4.1326 -1.9760 -0.4613
v  -4.1326 -1.9840 -0.4613
v  -4.1771 -1.9760 -0.4462
v  -4.1771 -1.9840 -0.4462
v  -4.2208 -1.9760 -0.4263
v  -4.2208 -1.9840 -0.4263
v  -4.2629 -1.9760 -0.4018
v  -4.2629 -1.9840 -0.4018
v  -4.3027 -1.9760 -0.3727
v  -4.3027 -1.9840 -0.3727
v  -4.3394 -1.9760 -0.3396
v  -4.3394 -1.9840 -0.3396
v  -4.3726 -1.9760 -0.3028
v  -4.3726 -1.9840 -0.3028
v  -4.4016 -1.9760 -0.2630
v  -4.4016 -1.9840 -0.2630
v  -4.4262 -1.9760 -0.2209
v  -4.4262 -1.9840 -0.2209
v  -4.4461 -1.9760 -0.1772
v  -4.4461 -1.9840 -0.1772
v  -4.4612 -1.9760 -0.1327
v  -4.4612 -1.9840 -0.1327
v  -4.4717 -1.9760 -0.0880
v  -4.4717 -1.9840 -0.0880
v  -4.4778 -1.9760 -0.0439
v  -4.4778 -1.9840 -0.0439
v  -4.4798 -1.9760 -0.0000
v  -4.4798 -1.9840 -0.0000
v  -4.4778 -1.9760 0.0439
v  -4.4778 -1.9840 0.0439
v  -4.4717 -1.9760 0.0880
v  -4.4717 -1.9840 0.0880
v  -4.4612 -1.9760 0.1327
v  -4.4612 -1.9840 0.1327
v  -4.4461 -1.9760 0.1772
v  -4.4461 -1.9840 0.1772
v  -4.4262 -1.9760 0.2209
v  -4.4262 -1.9840 0.2209
v  -4.4016 -1.9760 0.2630
v  -4.4016 -1.9840 0.2630
v  -4.3726 -1.9760 0.3028
v  -4.3726 -1.9840 0.3028
v  -4.3394 -1.9760 0.3396
v  -4.3394 -1.9840 0.3396
v  -4.3027 -1.9760 0.3727
v  -4.3027 -1.9840 0.3727
v  -4.2629 -1.9760 0.4018
v  -4.2629 -1.9840 0.4018
v  -4.2208 -1.9760 0.4263
v  -4.2208 -1.9840 0.4263
v  -4.1771 -1.9760 0.4462
v  -4.1771 -1.9840 0.4462
v  -4.0879 -1.9700 0.4718
v  -4.1326 -1.9700 0.4613
v  -4.0438 -1.9700 0.4779
v  -3.9999 -1.9700 0.4799
v  -3.9560 -1.9700 0.4779
v  -3.9118 -1.9700 0.4718
v  -3.8672 -1.9700 0.4613
v  -3.8227 -1.9700 0.4462
v  -3.7790 -1.9700 0.4263
v  -3.7369 -1.9700 0.4018
v  -3.6971 -1.9700 0.3727
v  -3.6603 -1.9700 0.3396
v  -3.6272 -1.9700 0.3028
v  -3.5981 -1.9700 0.2630
v  -3.5735 -1.9700 0.2209
v  -3.5537 -1.9700 0.1772
v  -3.5385 -1.9700 0.1327
v  -3.5280 -1.9700 0.0880
v  -3.5220 -1.9700 0.0439
v  -3.5200 -1.9700 -0.0000
v  -3.5222 -1.9703 -0.0439
v  -3.5280 -1.9700 -0.0880
v  -3.5385 -1.9700 -0.1327
v  -3.5537 -1.9700 -0.1772
v  -3.5735 -1.9700 -0.2209
v  -3.5981 -1.9700 -0.2630
v  -3.6272 -1.9700 -0.3028
v  -3.6603 -1.9700 -0.3396
v  -3.6971 -1.9700 -0.3727
v  -3.7369 -1.9700 -0.4018
v  -3.7790 -1.9700 -0.4263
v  -3.8227 -1.9700 -0.4462
v  -3.8672 -1.9700 -0.4613
v  -3.9118 -1.9700 -0.4718
v  -3.9560 -1.9700 -0.4779
v  -3.9999 -1.9700 -0.4799
v  -4.0438 -1.9700 -0.4779
v  -4.0879 -1.9700 -0.4718
v  -4.1326 -1.9700 -0.4613
v  -4.1771 -1.9700 -0.4462
v  -4.2208 -1.9700 -0.4263
v  -4.2629 -1.9700 -0.4018
v  -4.3027 -1.9700 -0.3727
v  -4.3394 -1.9700 -0.3396
v  -4.3726 -1.9700 -0.3028
v  -4.4016 -1.9700 -0.2630
v  -4.4262 -1.9700 -0.2209
v  -4.4461 -1.9700 -0.1772
v  -4.4612 -1.9700 -0.1327
v  -4.4717 -1.9700 -0.0880
v  -4.4778 -1.9700 -0.0439
v  -4.4798 -1.9700 -0.0000
v  -4.4778 -1.9700 0.0439
v  -4.4717 -1.9700 0.0880
v  -4.4612 -1.9700 0.1327
v  -4.4461 -1.9700 0.1772
v  -4.4262 -1.9700 0.2209
v  -4.4016 -1.9700 0.2630
v  -4.3726 -1.9700 0.3028
v  -4.3394 -1.9700 0.3396
v  -4.3027 -1.9700 0.3727
v  -4.2629 -1.9700 0.4018
v  -4.2208 -1.9700 0.4263
v  -4.1771 -1.9700 0.4462
v  -4.0879 -1.9921 0.4718
v  -4.1326 -1.9921 0.4613
v  -4.0438 -1.9921 0.4779
v  -3.9999 -1.9921 0.4799
v  -3.9560 -1.9921 0.4779
v  -3.9118 -1.9921 0.4718
v  -3.8672 -1.9921 0.4613
v  -3.8227 -1.9921 0.4462
v  -3.7790 -1.9921 0.4263
v  -3.7369 -1.9921 0.4018
v  -3.6971 -1.9921 0.3727
v  -3.6603 -1.9921 0.3396
v  -3.6272 -1.9921 0.3028
v  -3.5981 -1.9921 0.2630
v  -3.5735 -1.9921 0.2209
v  -3.5537 -1.9921 0.1772
v  -3.5385 -1.9921 0.1327
v  -3.5280 -1.9921 0.0880
v  -3.5220 -1.9921 0.0439
v  -3.5200 -1.9921 -0.0000
v  -3.5215 -1.9921 -0.0439
v  -3.5280 -1.9921 -0.0880
v  -3.5385 -1.9921 -0.1327
v  -3.5537 -1.9921 -0.1772
v  -3.5735 -1.9921 -0.2209
v  -3.5981 -1.9921 -0.2630
v  -3.6272 -1.9921 -0.3028
v  -3.6603 -1.9921 -0.3396
v  -3.6971 -1.9921 -0.3727
v  -3.7369 -1.9921 -0.4018
v  -3.7790 -1.9921 -0.4263
v  -3.8227 -1.9921 -0.4462
v  -3.8672 -1.9921 -0.4613
v  -3.9118 -1.9921 -0.4718
v  -3.9560 -1.9921 -0.4779
v  -3.9999 -1.9921 -0.4799
v  -4.0438 -1.9921 -0.4779
v  -4.0879 -1.9921 -0.4718
v  -4.1326 -1.9921 -0.4613
v  -4.1771 -1.9921 -0.4462
v  -4.2208 -1.9921 -0.4263
v  -4.2629 -1.9921 -0.4018
v  -4.3027 -1.9921 -0.3727
v  -4.3394 -1.9921 -0.3396
v  -4.3726 -1.9921 -0.3028
v  -4.4016 -1.9921 -0.2630
v  -4.4262 -1.9921 -0.2209
v  -4.4461 -1.9921 -0.1772
v  -4.4612 -1.9921 -0.1327
v  -4.4717 -1.9921 -0.0880
v  -4.4778 -1.9921 -0.0439
v  -4.4798 -1.9921 -0.0000
v  -4.4778 -1.9921 0.0439
v  -4.4717 -1.9921 0.0880
v  -4.4612 -1.9921 0.1327
v  -4.4461 -1.9921 0.1772
v  -4.4262 -1.9921 0.2209
v  -4.4016 -1.9921 0.2630
v  -4.3726 -1.9921 0.3028
v  -4.3394 -1.9921 0.3396
v  -4.3027 -1.9921 0.3727
v  -4.2629 -1.9921 0.4018
v  -4.2208 -1.9921 0.4263
v  -4.1771 -1.9921 0.4462
v  -4.2873 -1.9899 0.0000
v  -4.5341 -1.9900 0.0000
v  -4.5316 -1.9900 -0.0524
v  -4.2859 -1.9899 -0.0282
v  -4.5412 -1.9929 0.0000
v  -4.5387 -1.9929 -0.0531
v  -4.5444 -1.9998 0.0000
v  -4.5416 -1.9998 -0.0534
v  -4.5445 -2.0078 0.0000
v  -4.5445 -2.0621 0.0000
v  -4.5396 -2.0621 -0.0531
v  -4.5417 -2.0078 -0.0534
v  -4.5444 -2.0702 0.0000
v  -4.5411 -2.0770 0.0000
v  -4.5376 -2.0760 -0.0529
v  -4.5395 -2.0697 -0.0531
v  -4.5341 -2.0800 0.0000
v  -4.5316 -2.0798 -0.0524
v  -4.5260 -2.0800 0.0000
v  -4.4639 -2.0809 0.0000
v  -4.4617 -2.0807 -0.0455
v  -4.5236 -2.0800 -0.0516
v  -4.4278 -2.0842 0.0000
v  -4.4258 -2.0840 -0.0419
v  -4.3812 -2.0977 0.0000
v  -4.3793 -2.0972 -0.0374
v  -4.3364 -2.1209 0.0000
v  -4.3345 -2.1203 -0.0330
v  -4.2965 -2.1534 0.0000
v  -4.2945 -2.1528 -0.0290
v  -4.2641 -2.1934 0.0000
v  -4.2621 -2.1929 -0.0258
v  -4.2409 -2.2382 0.0000
v  -4.2389 -2.2378 -0.0236
v  -4.2276 -2.2846 0.0000
v  -4.2256 -2.2845 -0.0223
v  -4.2235 -2.3290 0.0000
v  -4.2214 -2.3289 -0.0219
v  -4.2199 -3.1012 0.0000
v  -4.2181 -3.1011 -0.0215
v  -4.2165 -3.1109 0.0000
v  -4.2150 -3.1108 -0.0212
v  -4.1895 -3.1200 0.0000
v  -4.1822 -3.1185 0.0000
v  -4.1813 -3.1187 -0.0179
v  -4.1886 -3.1200 -0.0186
v  -4.1754 -3.1141 0.0000
v  -4.1745 -3.1143 -0.0172
v  -4.1710 -3.1073 0.0000
v  -4.1699 -3.1074 -0.0167
v  -4.1700 -3.0999 0.0000
v  -4.1685 -3.1000 -0.0166
v  -4.2817 -1.9899 -0.0561
v  -4.5239 -1.9900 -0.1042
v  -4.5112 -1.9900 -0.1551
v  -4.2749 -1.9899 -0.0834
v  -4.5308 -1.9929 -0.1056
v  -4.5180 -1.9929 -0.1572
v  -4.5337 -1.9998 -0.1062
v  -4.5208 -1.9998 -0.1580
v  -4.5338 -2.0078 -0.1062
v  -4.5337 -2.0621 -0.1062
v  -4.5207 -2.0621 -0.1580
v  -4.5209 -2.0078 -0.1581
v  -4.5335 -2.0701 -0.1061
v  -4.5306 -2.0770 -0.1056
v  -4.5177 -2.0770 -0.1571
v  -4.5205 -2.0701 -0.1579
v  -4.5238 -2.0799 -0.1042
v  -4.5111 -2.0799 -0.1551
v  -4.5159 -2.0799 -0.1026
v  -4.4550 -2.0809 -0.0905
v  -4.4440 -2.0808 -0.1347
v  -4.5034 -2.0800 -0.1528
v  -4.4196 -2.0841 -0.0835
v  -4.4094 -2.0840 -0.1242
v  -4.3738 -2.0975 -0.0744
v  -4.3647 -2.0971 -0.1107
v  -4.3298 -2.1207 -0.0656
v  -4.3216 -2.1202 -0.0976
v  -4.2906 -2.1532 -0.0578
v  -4.2831 -2.1528 -0.0859
v  -4.2588 -2.1933 -0.0515
v  -4.2519 -2.1929 -0.0765
v  -4.2360 -2.2381 -0.0470
v  -4.2296 -2.2378 -0.0697
v  -4.2230 -2.2846 -0.0444
v  -4.2168 -2.2844 -0.0658
v  -4.2189 -2.3289 -0.0436
v  -4.2128 -2.3289 -0.0646
v  -4.2154 -3.1012 -0.0429
v  -4.2096 -3.1011 -0.0636
v  -4.2121 -3.1109 -0.0422
v  -4.2067 -3.1108 -0.0627
v  -4.1859 -3.1200 -0.0370
v  -4.1787 -3.1185 -0.0356
v  -4.1743 -3.1187 -0.0529
v  -4.1814 -3.1200 -0.0551
v  -4.1722 -3.1140 -0.0343
v  -4.1677 -3.1143 -0.0509
v  -4.1679 -3.1073 -0.0334
v  -4.1633 -3.1075 -0.0496
v  -4.1665 -3.0999 -0.0332
v  -4.1619 -3.1001 -0.0492
v  -4.2654 -1.9899 -0.1100
v  -4.4935 -1.9900 -0.2045
v  -4.4711 -1.9900 -0.2519
v  -4.2534 -1.9899 -0.1355
v  -4.5000 -1.9929 -0.2072
v  -4.4774 -1.9929 -0.2552
v  -4.5027 -1.9998 -0.2083
v  -4.4799 -1.9998 -0.2566
v  -4.5028 -2.0078 -0.2083
v  -4.5027 -2.0621 -0.2083
v  -4.4799 -2.0621 -0.2566
v  -4.4801 -2.0078 -0.2567
v  -4.5025 -2.0701 -0.2082
v  -4.4998 -2.0770 -0.2071
v  -4.4771 -2.0770 -0.2551
v  -4.4798 -2.0701 -0.2565
v  -4.4934 -2.0799 -0.2044
v  -4.4711 -2.0799 -0.2519
v  -4.4860 -2.0799 -0.2013
v  -4.4286 -2.0808 -0.1776
v  -4.4092 -2.0808 -0.2188
v  -4.4640 -2.0799 -0.2481
v  -4.3952 -2.0841 -0.1638
v  -4.3773 -2.0840 -0.2017
v  -4.3521 -2.0975 -0.1459
v  -4.3361 -2.0971 -0.1797
v  -4.3107 -2.1207 -0.1287
v  -4.2963 -2.1202 -0.1585
v  -4.2737 -2.1532 -0.1134
v  -4.2609 -2.1527 -0.1395
v  -4.2437 -2.1932 -0.1010
v  -4.2321 -2.1928 -0.1241
v  -4.2223 -2.2381 -0.0921
v  -4.2116 -2.2377 -0.1131
v  -4.2100 -2.2846 -0.0870
v  -4.1997 -2.2844 -0.1068
v  -4.2061 -2.3289 -0.0854
v  -4.1961 -2.3289 -0.1048
v  -4.2029 -3.1011 -0.0841
v  -4.1931 -3.1011 -0.1033
v  -4.1997 -3.1109 -0.0828
v  -4.1904 -3.1108 -0.1018
v  -4.1751 -3.1200 -0.0726
v  -4.1683 -3.1185 -0.0698
v  -4.1606 -3.1187 -0.0859
v  -4.1671 -3.1200 -0.0894
v  -4.1622 -3.1140 -0.0672
v  -4.1545 -3.1143 -0.0826
v  -4.1582 -3.1072 -0.0656
v  -4.1504 -3.1075 -0.0805
v  -4.1569 -3.0999 -0.0650
v  -4.1492 -3.1001 -0.0798
v  -4.2388 -1.9899 -0.1597
v  -4.4441 -1.9900 -0.2968
v  -4.4129 -1.9900 -0.3390
v  -4.2221 -1.9899 -0.1823
v  -4.4500 -1.9929 -0.3007
v  -4.4184 -1.9929 -0.3435
v  -4.4524 -1.9998 -0.3024
v  -4.4207 -1.9998 -0.3453
v  -4.4525 -2.0078 -0.3025
v  -4.4525 -2.0621 -0.3024
v  -4.4208 -2.0621 -0.3455
v  -4.4208 -2.0078 -0.3454
v  -4.4523 -2.0701 -0.3023
v  -4.4498 -2.0770 -0.3007
v  -4.4183 -2.0770 -0.3434
v  -4.4207 -2.0701 -0.3454
v  -4.4440 -2.0799 -0.2968
v  -4.4129 -2.0799 -0.3389
v  -4.4373 -2.0799 -0.2923
v  -4.3857 -2.0809 -0.2578
v  -4.3586 -2.0808 -0.2944
v  -4.4067 -2.0799 -0.3338
v  -4.3557 -2.0841 -0.2377
v  -4.3307 -2.0840 -0.2715
v  -4.3169 -2.0975 -0.2118
v  -4.2945 -2.0971 -0.2418
v  -4.2796 -2.1207 -0.1869
v  -4.2597 -2.1201 -0.2132
v  -4.2464 -2.1533 -0.1647
v  -4.2286 -2.1526 -0.1877
v  -4.2194 -2.1933 -0.1466
v  -4.2034 -2.1928 -0.1670
v  -4.2001 -2.2381 -0.1338
v  -4.1854 -2.2377 -0.1522
v  -4.1891 -2.2846 -0.1264
v  -4.1750 -2.2844 -0.1437
v  -4.1856 -2.3289 -0.1240
v  -4.1718 -2.3289 -0.1410
v  -4.1826 -3.1012 -0.1221
v  -4.1692 -3.1011 -0.1389
v  -4.1798 -3.1109 -0.1202
v  -4.1668 -3.1107 -0.1370
v  -4.1575 -3.1200 -0.1053
v  -4.1515 -3.1185 -0.1013
v  -4.1408 -3.1187 -0.1156
v  -4.1465 -3.1200 -0.1203
v  -4.1459 -3.1140 -0.0976
v  -4.1354 -3.1144 -0.1112
v  -4.1423 -3.1073 -0.0951
v  -4.1318 -3.1075 -0.1083
v  -4.1411 -3.1000 -0.0944
v  -4.1307 -3.1001 -0.1074
v  -4.2031 -1.9899 -0.2032
v  -4.3777 -1.9900 -0.3778
v  -4.3389 -1.9900 -0.4131
v  -4.1822 -1.9899 -0.2222
v  -4.3827 -1.9929 -0.3828
v  -4.3433 -1.9929 -0.4185
v  -4.3847 -1.9998 -0.3849
v  -4.3452 -1.9998 -0.4208
v  -4.3848 -2.0078 -0.3850
v  -4.3849 -2.0621 -0.3851
v  -4.3453 -2.0621 -0.4209
v  -4.3453 -2.0078 -0.4209
v  -4.3848 -2.0701 -0.3849
v  -4.3826 -2.0770 -0.3827
v  -4.3433 -2.0770 -0.4184
v  -4.3452 -2.0701 -0.4208
v  -4.3776 -2.0799 -0.3777
v  -4.3388 -2.0799 -0.4130
v  -4.3719 -2.0799 -0.3720
v  -4.3280 -2.0809 -0.3281
v  -4.2943 -2.0799 -0.3587
v  -4.3337 -2.0799 -0.4068
v  -4.3025 -2.0842 -0.3026
v  -4.2714 -2.0840 -0.3308
v  -4.2695 -2.0976 -0.2697
v  -4.2417 -2.0971 -0.2947
v  -4.2378 -2.1209 -0.2380
v  -4.2131 -2.1201 -0.2598
v  -4.2096 -2.1534 -0.2097
v  -4.1876 -2.1526 -0.2287
v  -4.1867 -2.1934 -0.1868
v  -4.1669 -2.1927 -0.2035
v  -4.1703 -2.2382 -0.1704
v  -4.1521 -2.2377 -0.1855
v  -4.1609 -2.2846 -0.1610
v  -4.1436 -2.2844 -0.1751
v  -4.1579 -2.3289 -0.1581
v  -4.1409 -2.3289 -0.1719
v  -4.1554 -3.1012 -0.1555
v  -4.1388 -3.1010 -0.1693
v  -4.1530 -3.1109 -0.1531
v  -4.1369 -3.1106 -0.1669
v  -4.1340 -3.1200 -0.1341
v  -4.1288 -3.1186 -0.1289
v  -4.1155 -3.1187 -0.1409
v  -4.1202 -3.1200 -0.1466
v  -4.1240 -3.1141 -0.1241
v  -4.1111 -3.1143 -0.1355
v  -4.1209 -3.1073 -0.1210
v  -4.1082 -3.1075 -0.1320
v  -4.1199 -3.1000 -0.1200
v  -4.1073 -3.1001 -0.1308
v  -4.1595 -1.9899 -0.2390
v  -4.2967 -1.9900 -0.4442
v  -4.2518 -1.9900 -0.4713
v  -4.1354 -1.9900 -0.2535
v  -4.3006 -1.9929 -0.4501
v  -4.2551 -1.9929 -0.4775
v  -4.3022 -1.9998 -0.4525
v  -4.2565 -1.9998 -0.4801
v  -4.3023 -2.0078 -0.4527
v  -4.3023 -2.0621 -0.4526
v  -4.2565 -2.0621 -0.4801
v  -4.2566 -2.0078 -0.4802
v  -4.3022 -2.0701 -0.4524
v  -4.3006 -2.0770 -0.4500
v  -4.2551 -2.0770 -0.4773
v  -4.2564 -2.0701 -0.4799
v  -4.2967 -2.0799 -0.4442
v  -4.2517 -2.0799 -0.4712
v  -4.2922 -2.0799 -0.4375
v  -4.2576 -2.0799 -0.3858
v  -4.2186 -2.0799 -0.4093
v  -4.2479 -2.0799 -0.4641
v  -4.2376 -2.0841 -0.3558
v  -4.2016 -2.0832 -0.3773
v  -4.2117 -2.0975 -0.3170
v  -4.1796 -2.0971 -0.3362
v  -4.1868 -2.1207 -0.2797
v  -4.1583 -2.1202 -0.2965
v  -4.1646 -2.1533 -0.2465
v  -4.1394 -2.1527 -0.2610
v  -4.1465 -2.1933 -0.2195
v  -4.1240 -2.1928 -0.2322
v  -4.1336 -2.2381 -0.2003
v  -4.1130 -2.2377 -0.2117
v  -4.1262 -2.2846 -0.1892
v  -4.1067 -2.2844 -0.1998
v  -4.1239 -2.3289 -0.1857
v  -4.1047 -2.3289 -0.1961
v  -4.1221 -3.1011 -0.1829
v  -4.1032 -3.1010 -0.1932
v  -4.1203 -3.1109 -0.1802
v  -4.1017 -3.1105 -0.1905
v  -4.1052 -3.1200 -0.1577
v  -4.1011 -3.1186 -0.1515
v  -4.0858 -3.1187 -0.1607
v  -4.0893 -3.1200 -0.1673
v  -4.0974 -3.1142 -0.1459
v  -4.0826 -3.1143 -0.1546
v  -4.0949 -3.1074 -0.1421
v  -4.0804 -3.1075 -0.1506
v  -4.0941 -3.1000 -0.1410
v  -4.0797 -3.1001 -0.1493
v  -4.1098 -1.9899 -0.2655
v  -4.2043 -1.9900 -0.4936
v  -4.1550 -1.9900 -0.5113
v  -4.0833 -1.9900 -0.2751
v  -4.2070 -1.9929 -0.5001
v  -4.1570 -1.9929 -0.5181
v  -4.2081 -1.9998 -0.5028
v  -4.1579 -1.9998 -0.5209
v  -4.2082 -2.0078 -0.5030
v  -4.2081 -2.0621 -0.5029
v  -4.1579 -2.0621 -0.5210
v  -4.1579 -2.0078 -0.5211
v  -4.2081 -2.0701 -0.5027
v  -4.2070 -2.0770 -0.5000
v  -4.1570 -2.0770 -0.5179
v  -4.1578 -2.0701 -0.5208
v  -4.2043 -2.0799 -0.4935
v  -4.1550 -2.0799 -0.5113
v  -4.2012 -2.0799 -0.4861
v  -4.1774 -2.0799 -0.4287
v  -4.1346 -2.0799 -0.4441
v  -4.1526 -2.0799 -0.5036
v  -4.1636 -2.0832 -0.3952
v  -4.1241 -2.0840 -0.4095
v  -4.1458 -2.0975 -0.3522
v  -4.1105 -2.0971 -0.3648
v  -4.1286 -2.1207 -0.3108
v  -4.0975 -2.1202 -0.3217
v  -4.1133 -2.1532 -0.2738
v  -4.0858 -2.1527 -0.2832
v  -4.1008 -2.1932 -0.2438
v  -4.0763 -2.1928 -0.2520
v  -4.0920 -2.2380 -0.2224
v  -4.0696 -2.2377 -0.2297
v  -4.0869 -2.2846 -0.2100
v  -4.0657 -2.2844 -0.2169
v  -4.0853 -2.3289 -0.2062
v  -4.0645 -2.3289 -0.2129
v  -4.0840 -3.1011 -0.2031
v  -4.0635 -3.1010 -0.2097
v  -4.0829 -3.1109 -0.2003
v  -4.0626 -3.1105 -0.2068
v  -4.0725 -3.1200 -0.1752
v  -4.0696 -3.1186 -0.1684
v  -4.0528 -3.1187 -0.1744
v  -4.0549 -3.1200 -0.1815
v  -4.0670 -3.1142 -0.1621
v  -4.0508 -3.1143 -0.1678
v  -4.0653 -3.1074 -0.1579
v  -4.0495 -3.1075 -0.1635
v  -4.0648 -3.1000 -0.1566
v  -4.0490 -3.1001 -0.1621
v  -4.0559 -1.9899 -0.2819
v  -4.1041 -1.9900 -0.5240
v  -4.0522 -1.9900 -0.5318
v  -4.0280 -1.9899 -0.2860
v  -4.1055 -1.9929 -0.5309
v  -4.0529 -1.9929 -0.5388
v  -4.1061 -1.9998 -0.5338
v  -4.0532 -1.9998 -0.5417
v  -4.1061 -2.0078 -0.5340
v  -4.1061 -2.0621 -0.5339
v  -4.0532 -2.0621 -0.5419
v  -4.0532 -2.0078 -0.5419
v  -4.1060 -2.0701 -0.5338
v  -4.1055 -2.0770 -0.5308
v  -4.0529 -2.0770 -0.5387
v  -4.0532 -2.0701 -0.5418
v  -4.1041 -2.0799 -0.5239
v  -4.0522 -2.0799 -0.5317
v  -4.1025 -2.0799 -0.5160
v  -4.0904 -2.0808 -0.4551
v  -4.0454 -2.0807 -0.4618
v  -4.0515 -2.0799 -0.5237
v  -4.0834 -2.0841 -0.4197
v  -4.0418 -2.0840 -0.4259
v  -4.0743 -2.0975 -0.3740
v  -4.0372 -2.0972 -0.3794
v  -4.0655 -2.1207 -0.3299
v  -4.0328 -2.1203 -0.3346
v  -4.0577 -2.1532 -0.2907
v  -4.0289 -2.1528 -0.2946
v  -4.0514 -2.1932 -0.2588
v  -4.0257 -2.1929 -0.2621
v  -4.0469 -2.2380 -0.2361
v  -4.0234 -2.2378 -0.2390
v  -4.0443 -2.2846 -0.2230
v  -4.0221 -2.2844 -0.2256
v  -4.0435 -2.3289 -0.2189
v  -4.0217 -2.3289 -0.2215
v  -4.0428 -3.1011 -0.2156
v  -4.0214 -3.1010 -0.2181
v  -4.0422 -3.1109 -0.2126
v  -4.0211 -3.1106 -0.2151
v  -4.0369 -3.1200 -0.1860
v  -4.0354 -3.1186 -0.1787
v  -4.0177 -3.1187 -0.1814
v  -4.0185 -3.1200 -0.1887
v  -4.0341 -3.1142 -0.1721
v  -4.0171 -3.1143 -0.1745
v  -4.0332 -3.1074 -0.1677
v  -4.0166 -3.1075 -0.1700
v  -4.0329 -3.1000 -0.1663
v  -4.0165 -3.1001 -0.1686
v  -3.9999 -1.9899 -0.2874
v  -3.9999 -1.9900 -0.5343
v  -3.9475 -1.9900 -0.5318
v  -3.9717 -1.9899 -0.2860
v  -3.9999 -1.9929 -0.5414
v  -3.9468 -1.9929 -0.5388
v  -3.9999 -1.9998 -0.5443
v  -3.9465 -1.9998 -0.5417
v  -3.9999 -2.0078 -0.5445
v  -3.9999 -2.0621 -0.5445
v  -3.9465 -2.0621 -0.5419
v  -3.9465 -2.0078 -0.5419
v  -3.9999 -2.0701 -0.5444
v  -3.9999 -2.0770 -0.5416
v  -3.9468 -2.0770 -0.5387
v  -3.9465 -2.0701 -0.5418
v  -3.9999 -2.0799 -0.5342
v  -3.9475 -2.0799 -0.5317
v  -3.9999 -2.0799 -0.5262
v  -3.9999 -2.0799 -0.4640
v  -3.9544 -2.0799 -0.4618
v  -3.9483 -2.0799 -0.5237
v  -3.9999 -2.0842 -0.4279
v  -3.9579 -2.0840 -0.4259
v  -3.9999 -2.0976 -0.3813
v  -3.9625 -2.0971 -0.3794
v  -3.9999 -2.1208 -0.3365
v  -3.9669 -2.1202 -0.3346
v  -3.9999 -2.1534 -0.2965
v  -3.9709 -2.1528 -0.2946
v  -3.9999 -2.1934 -0.2641
v  -3.9740 -2.1928 -0.2621
v  -3.9999 -2.2381 -0.2409
v  -3.9763 -2.2378 -0.2389
v  -3.9999 -2.2846 -0.2276
v  -3.9776 -2.2844 -0.2256
v  -3.9999 -2.3289 -0.2234
v  -3.9780 -2.3289 -0.2214
v  -3.9999 -3.1011 -0.2199
v  -3.9784 -3.1011 -0.2181
v  -3.9999 -3.1109 -0.2165
v  -3.9787 -3.1107 -0.2151
v  -3.9999 -3.1200 -0.1896
v  -3.9999 -3.1186 -0.1823
v  -3.9820 -3.1187 -0.1814
v  -3.9813 -3.1200 -0.1887
v  -3.9999 -3.1141 -0.1755
v  -3.9827 -3.1143 -0.1745
v  -3.9999 -3.1074 -0.1711
v  -3.9831 -3.1075 -0.1699
v  -3.9999 -3.1000 -0.1697
v  -3.9833 -3.1001 -0.1685
v  -3.9438 -1.9899 -0.2819
v  -3.8956 -1.9900 -0.5240
v  -3.8448 -1.9900 -0.5113
v  -3.9164 -1.9899 -0.2751
v  -3.8943 -1.9929 -0.5309
v  -3.8427 -1.9929 -0.5181
v  -3.8937 -1.9998 -0.5338
v  -3.8419 -1.9998 -0.5209
v  -3.8937 -2.0078 -0.5340
v  -3.8936 -2.0621 -0.5339
v  -3.8418 -2.0621 -0.5210
v  -3.8418 -2.0078 -0.5211
v  -3.8937 -2.0701 -0.5338
v  -3.8943 -2.0770 -0.5308
v  -3.8428 -2.0770 -0.5179
v  -3.8419 -2.0701 -0.5208
v  -3.8957 -2.0799 -0.5239
v  -3.8448 -2.0799 -0.5113
v  -3.8972 -2.0799 -0.5160
v  -3.9094 -2.0799 -0.4551
v  -3.8652 -2.0799 -0.4441
v  -3.8471 -2.0799 -0.5036
v  -3.9164 -2.0841 -0.4197
v  -3.8756 -2.0840 -0.4095
v  -3.9255 -2.0975 -0.3739
v  -3.8892 -2.0971 -0.3648
v  -3.9342 -2.1207 -0.3299
v  -3.9023 -2.1202 -0.3217
v  -3.9420 -2.1532 -0.2907
v  -3.9140 -2.1527 -0.2832
v  -3.9484 -2.1932 -0.2588
v  -3.9234 -2.1928 -0.2519
v  -3.9529 -2.2380 -0.2360
v  -3.9302 -2.2377 -0.2297
v  -3.9555 -2.2846 -0.2229
v  -3.9341 -2.2844 -0.2168
v  -3.9563 -2.3289 -0.2188
v  -3.9353 -2.3289 -0.2128
v  -3.9570 -3.1011 -0.2154
v  -3.9363 -3.1011 -0.2096
v  -3.9577 -3.1108 -0.2121
v  -3.9372 -3.1107 -0.2067
v  -3.9629 -3.1200 -0.1860
v  -3.9643 -3.1185 -0.1788
v  -3.9470 -3.1187 -0.1744
v  -3.9448 -3.1200 -0.1815
v  -3.9656 -3.1141 -0.1722
v  -3.9490 -3.1144 -0.1677
v  -3.9665 -3.1073 -0.1679
v  -3.9503 -3.1075 -0.1633
v  -3.9667 -3.1000 -0.1665
v  -3.9508 -3.1001 -0.1619
v  -3.8899 -1.9899 -0.2655
v  -3.7954 -1.9900 -0.4936
v  -3.7480 -1.9900 -0.4713
v  -3.8644 -1.9899 -0.2535
v  -3.7927 -1.9929 -0.5001
v  -3.7447 -1.9929 -0.4775
v  -3.7916 -1.9998 -0.5028
v  -3.7433 -1.9998 -0.4801
v  -3.7915 -2.0078 -0.5030
v  -3.7916 -2.0621 -0.5029
v  -3.7433 -2.0621 -0.4801
v  -3.7432 -2.0078 -0.4802
v  -3.7916 -2.0701 -0.5027
v  -3.7928 -2.0770 -0.5000
v  -3.7448 -2.0770 -0.4773
v  -3.7433 -2.0701 -0.4799
v  -3.7954 -2.0799 -0.4935
v  -3.7480 -2.0799 -0.4712
v  -3.7985 -2.0799 -0.4861
v  -3.8223 -2.0799 -0.4287
v  -3.7811 -2.0799 -0.4093
v  -3.7518 -2.0799 -0.4641
v  -3.8361 -2.0841 -0.3954
v  -3.7981 -2.0840 -0.3774
v  -3.8540 -2.0974 -0.3522
v  -3.8202 -2.0971 -0.3362
v  -3.8712 -2.1206 -0.3108
v  -3.8414 -2.1201 -0.2964
v  -3.8865 -2.1531 -0.2737
v  -3.8604 -2.1526 -0.2609
v  -3.8989 -2.1932 -0.2437
v  -3.8758 -2.1927 -0.2321
v  -3.9078 -2.2380 -0.2223
v  -3.8868 -2.2377 -0.2116
v  -3.9129 -2.2845 -0.2099
v  -3.8931 -2.2844 -0.1997
v  -3.9145 -2.3289 -0.2061
v  -3.8951 -2.3289 -0.1960
v  -3.9158 -3.1011 -0.2028
v  -3.8967 -3.1010 -0.1931
v  -3.9171 -3.1108 -0.1997
v  -3.8981 -3.1107 -0.1904
v  -3.9273 -3.1200 -0.1752
v  -3.9301 -3.1185 -0.1684
v  -3.9140 -3.1188 -0.1607
v  -3.9105 -3.1200 -0.1673
v  -3.9327 -3.1141 -0.1622
v  -3.9173 -3.1144 -0.1546
v  -3.9344 -3.1073 -0.1582
v  -3.9195 -3.1076 -0.1504
v  -3.9349 -3.1000 -0.1569
v  -3.9202 -3.1001 -0.1491
v  -3.8402 -1.9899 -0.2390
v  -3.7031 -1.9900 -0.4442
v  -3.6609 -1.9900 -0.4131
v  -3.8175 -1.9899 -0.2222
v  -3.6991 -1.9929 -0.4501
v  -3.6564 -1.9929 -0.4185
v  -3.6975 -1.9998 -0.4525
v  -3.6545 -1.9998 -0.4208
v  -3.6974 -2.0078 -0.4527
v  -3.6975 -2.0621 -0.4526
v  -3.6544 -2.0621 -0.4209
v  -3.6544 -2.0078 -0.4209
v  -3.6976 -2.0701 -0.4524
v  -3.6992 -2.0770 -0.4500
v  -3.6565 -2.0770 -0.4184
v  -3.6545 -2.0701 -0.4208
v  -3.7031 -2.0799 -0.4442
v  -3.6609 -2.0799 -0.4130
v  -3.7076 -2.0799 -0.4375
v  -3.7421 -2.0799 -0.3858
v  -3.7055 -2.0799 -0.3587
v  -3.6660 -2.0799 -0.4068
v  -3.7621 -2.0841 -0.3558
v  -3.7284 -2.0840 -0.3308
v  -3.7880 -2.0975 -0.3170
v  -3.7581 -2.0970 -0.2947
v  -3.8130 -2.1207 -0.2797
v  -3.7867 -2.1201 -0.2598
v  -3.8352 -2.1532 -0.2464
v  -3.8122 -2.1526 -0.2287
v  -3.8533 -2.1932 -0.2194
v  -3.8329 -2.1927 -0.2034
v  -3.8662 -2.2380 -0.2001
v  -3.8478 -2.2376 -0.1854
v  -3.8736 -2.2846 -0.1890
v  -3.8563 -2.2844 -0.1750
v  -3.8759 -2.3289 -0.1856
v  -3.8589 -2.3289 -0.1718
v  -3.8779 -3.1011 -0.1826
v  -3.8611 -3.1010 -0.1692
v  -3.8798 -3.1108 -0.1798
v  -3.8630 -3.1106 -0.1669
v  -3.8945 -3.1200 -0.1577
v  -3.8986 -3.1186 -0.1516
v  -3.8843 -3.1188 -0.1409
v  -3.8796 -3.1200 -0.1466
v  -3.9024 -3.1141 -0.1459
v  -3.8887 -3.1144 -0.1355
v  -3.9048 -3.1074 -0.1422
v  -3.8917 -3.1076 -0.1318
v  -3.9056 -3.1000 -0.1411
v  -3.8926 -3.1001 -0.1307
v  -3.7967 -1.9899 -0.2032
v  -3.6221 -1.9900 -0.3778
v  -3.5868 -1.9900 -0.3390
v  -3.7777 -1.9899 -0.1823
v  -3.6171 -1.9929 -0.3828
v  -3.5814 -1.9929 -0.3435
v  -3.6150 -1.9998 -0.3848
v  -3.5791 -1.9998 -0.3453
v  -3.6149 -2.0078 -0.3850
v  -3.6148 -2.0621 -0.3851
v  -3.5789 -2.0621 -0.3455
v  -3.5790 -2.0078 -0.3454
v  -3.6149 -2.0701 -0.3849
v  -3.6171 -2.0770 -0.3827
v  -3.5814 -2.0770 -0.3434
v  -3.5791 -2.0701 -0.3454
v  -3.6221 -2.0799 -0.3777
v  -3.5869 -2.0799 -0.3389
v  -3.6278 -2.0799 -0.3720
v  -3.6718 -2.0799 -0.3281
v  -3.6412 -2.0799 -0.2944
v  -3.5931 -2.0799 -0.3338
v  -3.6973 -2.0842 -0.3026
v  -3.6690 -2.0840 -0.2715
v  -3.7302 -2.0976 -0.2696
v  -3.7052 -2.0970 -0.2418
v  -3.7619 -2.1208 -0.2379
v  -3.7401 -2.1201 -0.2132
v  -3.7902 -2.1533 -0.2097
v  -3.7712 -2.1526 -0.1877
v  -3.8132 -2.1933 -0.1867
v  -3.7965 -2.1927 -0.1669
v  -3.8296 -2.2381 -0.1703
v  -3.8145 -2.2376 -0.1521
v  -3.8390 -2.2846 -0.1609
v  -3.8249 -2.2844 -0.1436
v  -3.8419 -2.3289 -0.1579
v  -3.8281 -2.3289 -0.1409
v  -3.8445 -3.1011 -0.1554
v  -3.8307 -3.1010 -0.1388
v  -3.8469 -3.1108 -0.1530
v  -3.8330 -3.1105 -0.1369
v  -3.8658 -3.1200 -0.1341
v  -3.8710 -3.1186 -0.1289
v  -3.8590 -3.1188 -0.1156
v  -3.8533 -3.1200 -0.1203
v  -3.8758 -3.1142 -0.1241
v  -3.8644 -3.1144 -0.1112
v  -3.8790 -3.1074 -0.1209
v  -3.8680 -3.1076 -0.1082
v  -3.8800 -3.1000 -0.1199
v  -3.8692 -3.1001 -0.1073
v  -3.7609 -1.9899 -0.1597
v  -3.5556 -1.9900 -0.2968
v  -3.5286 -1.9900 -0.2519
v  -3.7464 -1.9899 -0.1355
v  -3.5498 -1.9929 -0.3007
v  -3.5224 -1.9929 -0.2552
v  -3.5473 -1.9998 -0.3024
v  -3.5198 -1.9998 -0.2566
v  -3.5472 -2.0078 -0.3025
v  -3.5473 -2.0621 -0.3024
v  -3.5198 -2.0621 -0.2566
v  -3.5197 -2.0078 -0.2567
v  -3.5475 -2.0701 -0.3023
v  -3.5498 -2.0770 -0.3007
v  -3.5225 -2.0770 -0.2551
v  -3.5200 -2.0701 -0.2565
v  -3.5557 -2.0799 -0.2968
v  -3.5287 -2.0799 -0.2519
v  -3.5624 -2.0799 -0.2923
v  -3.6141 -2.0799 -0.2578
v  -3.5906 -2.0799 -0.2188
v  -3.5358 -2.0799 -0.2481
v  -3.6441 -2.0841 -0.2377
v  -3.6224 -2.0840 -0.2017
v  -3.6829 -2.0975 -0.2118
v  -3.6637 -2.0970 -0.1797
v  -3.7202 -2.1207 -0.1869
v  -3.7035 -2.1201 -0.1584
v  -3.7535 -2.1532 -0.1646
v  -3.7390 -2.1526 -0.1395
v  -3.7805 -2.1932 -0.1466
v  -3.7678 -2.1927 -0.1240
v  -3.7998 -2.2380 -0.1337
v  -3.7883 -2.2377 -0.1130
v  -3.8109 -2.2846 -0.1262
v  -3.8002 -2.2844 -0.1067
v  -3.8143 -2.3289 -0.1239
v  -3.8039 -2.3289 -0.1047
v  -3.8171 -3.1011 -0.1221
v  -3.8068 -3.1010 -0.1032
v  -3.8198 -3.1108 -0.1203
v  -3.8095 -3.1105 -0.1018
v  -3.8422 -3.1200 -0.1053
v  -3.8484 -3.1187 -0.1012
v  -3.8392 -3.1187 -0.0859
v  -3.8326 -3.1200 -0.0894
v  -3.8541 -3.1143 -0.0974
v  -3.8453 -3.1144 -0.0826
v  -3.8578 -3.1075 -0.0949
v  -3.8494 -3.1075 -0.0804
v  -3.8590 -3.1000 -0.0941
v  -3.8507 -3.1001 -0.0797
v  -3.7344 -1.9899 -0.1100
v  -3.5063 -1.9900 -0.2045
v  -3.4885 -1.9900 -0.1551
v  -3.7248 -1.9899 -0.0834
v  -3.4997 -1.9929 -0.2072
v  -3.4818 -1.9929 -0.1572
v  -3.4970 -1.9998 -0.2083
v  -3.4790 -1.9998 -0.1580
v  -3.4969 -2.0078 -0.2083
v  -3.4971 -2.0621 -0.2083
v  -3.4790 -2.0621 -0.1580
v  -3.4788 -2.0078 -0.1581
v  -3.4973 -2.0701 -0.2082
v  -3.4998 -2.0770 -0.2071
v  -3.4819 -2.0770 -0.1571
v  -3.4792 -2.0701 -0.1579
v  -3.5063 -2.0799 -0.2044
v  -3.4886 -2.0799 -0.1551
v  -3.5138 -2.0799 -0.2014
v  -3.5712 -2.0799 -0.1776
v  -3.5558 -2.0799 -0.1347
v  -3.4963 -2.0799 -0.1528
v  -3.6045 -2.0841 -0.1638
v  -3.5903 -2.0840 -0.1242
v  -3.6476 -2.0974 -0.1459
v  -3.6351 -2.0971 -0.1107
v  -3.6891 -2.1206 -0.1287
v  -3.6782 -2.1201 -0.0976
v  -3.7261 -2.1531 -0.1134
v  -3.7167 -2.1526 -0.0859
v  -3.7562 -2.1931 -0.1009
v  -3.7480 -2.1928 -0.0764
v  -3.7776 -2.2380 -0.0920
v  -3.7703 -2.2377 -0.0697
v  -3.7900 -2.2845 -0.0869
v  -3.7831 -2.2844 -0.0658
v  -3.7938 -2.3289 -0.0853
v  -3.7871 -2.3289 -0.0645
v  -3.7969 -3.1010 -0.0841
v  -3.7904 -3.1006 -0.0636
v  -3.7997 -3.1107 -0.0830
v  -3.7930 -3.1100 -0.0627
v  -3.8247 -3.1200 -0.0726
v  -3.8315 -3.1187 -0.0697
v  -3.8255 -3.1187 -0.0529
v  -3.8184 -3.1200 -0.0551
v  -3.8379 -3.1143 -0.0671
v  -3.8321 -3.1144 -0.0509
v  -3.8421 -3.1075 -0.0654
v  -3.8365 -3.1075 -0.0496
v  -3.8434 -3.1001 -0.0648
v  -3.8379 -3.1001 -0.0491
v  -3.7180 -1.9899 -0.0561
v  -3.4759 -1.9900 -0.1042
v  -3.4681 -1.9900 -0.0524
v  -3.7138 -1.9898 -0.0282
v  -3.4689 -1.9929 -0.1056
v  -3.4611 -1.9929 -0.0531
v  -3.4661 -1.9998 -0.1062
v  -3.4582 -1.9998 -0.0534
v  -3.4659 -2.0078 -0.1062
v  -3.4661 -2.0621 -0.1062
v  -3.4580 -2.0621 -0.0534
v  -3.4580 -2.0078 -0.0534
v  -3.4662 -2.0701 -0.1061
v  -3.4690 -2.0770 -0.1056
v  -3.4612 -2.0770 -0.0531
v  -3.4582 -2.0701 -0.0533
v  -3.4759 -2.0799 -0.1042
v  -3.4682 -2.0799 -0.0524
v  -3.4838 -2.0799 -0.1026
v  -3.5448 -2.0799 -0.0905
v  -3.5381 -2.0800 -0.0455
v  -3.4762 -2.0799 -0.0516
v  -3.5802 -2.0841 -0.0835
v  -3.5740 -2.0840 -0.0419
v  -3.6259 -2.0974 -0.0744
v  -3.6205 -2.0971 -0.0374
v  -3.6700 -2.1206 -0.0656
v  -3.6653 -2.1202 -0.0330
v  -3.7093 -2.1531 -0.0578
v  -3.7053 -2.1527 -0.0290
v  -3.7412 -2.1932 -0.0515
v  -3.7378 -2.1928 -0.0258
v  -3.7639 -2.2380 -0.0470
v  -3.7610 -2.2377 -0.0236
v  -3.7770 -2.2845 -0.0444
v  -3.7744 -2.2844 -0.0222
v  -3.7811 -2.3289 -0.0436
v  -3.7785 -2.3289 -0.0218
v  -3.7844 -3.1005 -0.0429
v  -3.7817 -3.1006 -0.0215
v  -3.7870 -3.1100 -0.0422
v  -3.7846 -3.1100 -0.0211
v  -3.8139 -3.1200 -0.0370
v  -3.8211 -3.1187 -0.0356
v  -3.8185 -3.1187 -0.0179
v  -3.8112 -3.1200 -0.0186
v  -3.8279 -3.1143 -0.0342
v  -3.8254 -3.1143 -0.0172
v  -3.8323 -3.1075 -0.0333
v  -3.8300 -3.1075 -0.0167
v  -3.8338 -3.1001 -0.0330
v  -3.8313 -3.1001 -0.0166
v  -4.2039 -3.1181 -0.0406
v  -4.2069 -3.1180 -0.0204
v  -4.1972 -3.1200 -0.0194
v  -4.1942 -3.1200 -0.0387
v  -4.1920 -3.1181 -0.0796
v  -4.1988 -3.1180 -0.0604
v  -4.1895 -3.1200 -0.0575
v  -4.1829 -3.1200 -0.0758
v  -4.1728 -3.1181 -0.1156
v  -4.1832 -3.1179 -0.0980
v  -4.1747 -3.1200 -0.0934
v  -4.1646 -3.1200 -0.1101
v  -4.1471 -3.1181 -0.1472
v  -4.1606 -3.1179 -0.1319
v  -4.1531 -3.1200 -0.1258
v  -4.1401 -3.1200 -0.1402
v  -4.1156 -3.1181 -0.1732
v  -4.1318 -3.1178 -0.1607
v  -4.1257 -3.1200 -0.1533
v  -4.1100 -3.1200 -0.1649
v  -4.0796 -3.1181 -0.1925
v  -4.0979 -3.1178 -0.1834
v  -4.0934 -3.1200 -0.1749
v  -4.0758 -3.1200 -0.1832
v  -4.0405 -3.1181 -0.2043
v  -4.0620 -3.1178 -0.1985
v  -4.0574 -3.1200 -0.1898
v  -4.0386 -3.1200 -0.1945
v  -4.0011 -3.1181 -0.2081
v  -4.0203 -3.1179 -0.2070
v  -4.0193 -3.1200 -0.1973
v  -3.9999 -3.1200 -0.1982
v  -3.9593 -3.1180 -0.2040
v  -3.9795 -3.1179 -0.2069
v  -3.9804 -3.1200 -0.1973
v  -3.9612 -3.1200 -0.1943
v  -3.9203 -3.1180 -0.1921
v  -3.9432 -3.1179 -0.1999
v  -3.9423 -3.1200 -0.1896
v  -3.9240 -3.1200 -0.1831
v  -3.8843 -3.1180 -0.1729
v  -3.9019 -3.1179 -0.1833
v  -3.9064 -3.1200 -0.1748
v  -3.8898 -3.1200 -0.1648
v  -3.8527 -3.1180 -0.1471
v  -3.8680 -3.1178 -0.1607
v  -3.8741 -3.1200 -0.1532
v  -3.8597 -3.1200 -0.1402
v  -3.8267 -3.1180 -0.1157
v  -3.8392 -3.1177 -0.1319
v  -3.8466 -3.1200 -0.1258
v  -3.8350 -3.1200 -0.1102
v  -3.8075 -3.1181 -0.0798
v  -3.8165 -3.1178 -0.0980
v  -3.8250 -3.1200 -0.0935
v  -3.8167 -3.1200 -0.0759
v  -3.7950 -3.1178 -0.0405
v  -3.8005 -3.1176 -0.0604
v  -3.8101 -3.1200 -0.0576
v  -3.8054 -3.1200 -0.0387
v  -3.7916 -3.1179 0.0000
v  -3.7925 -3.1176 -0.0203
v  -3.8029 -3.1200 -0.0194
v  -3.8021 -3.1200 0.0000
v  -3.7832 -3.1103 0.0000
v  -3.8103 -3.1200 0.0000
v  -4.2859 -1.9899 0.0282
v  -4.5316 -1.9902 0.0524
v  -4.5375 -1.9941 0.0530
v  -4.5395 -2.0003 0.0532
v  -4.5397 -2.0078 0.0532
v  -4.5397 -2.0621 0.0532
v  -4.5397 -2.0697 0.0531
v  -4.5375 -2.0759 0.0529
v  -4.5315 -2.0798 0.0524
v  -4.5236 -2.0800 0.0516
v  -4.4617 -2.0807 0.0455
v  -4.4258 -2.0840 0.0420
v  -4.3793 -2.0972 0.0374
v  -4.3345 -2.1203 0.0330
v  -4.2945 -2.1528 0.0290
v  -4.2621 -2.1929 0.0258
v  -4.2389 -2.2378 0.0236
v  -4.2256 -2.2845 0.0223
v  -4.2214 -2.3289 0.0219
v  -4.2181 -3.1011 0.0215
v  -4.2150 -3.1108 0.0212
v  -4.1886 -3.1200 0.0186
v  -4.1813 -3.1186 0.0179
v  -4.1745 -3.1142 0.0172
v  -4.1700 -3.1074 0.0168
v  -4.1687 -3.1000 0.0166
v  -4.2817 -1.9899 0.0561
v  -4.2749 -1.9899 0.0834
v  -4.5112 -1.9900 0.1551
v  -4.5239 -1.9900 0.1042
v  -4.5180 -1.9929 0.1572
v  -4.5307 -1.9930 0.1056
v  -4.5208 -1.9998 0.1580
v  -4.5335 -1.9999 0.1062
v  -4.5336 -2.0078 0.1062
v  -4.5209 -2.0078 0.1581
v  -4.5187 -2.0621 0.1574
v  -4.5334 -2.0621 0.1061
v  -4.5333 -2.0701 0.1061
v  -4.5185 -2.0697 0.1573
v  -4.5166 -2.0759 0.1568
v  -4.5307 -2.0771 0.1056
v  -4.5111 -2.0797 0.1551
v  -4.5238 -2.0800 0.1042
v  -4.5159 -2.0800 0.1026
v  -4.5034 -2.0800 0.1528
v  -4.4440 -2.0808 0.1347
v  -4.4550 -2.0808 0.0905
v  -4.4094 -2.0840 0.1242
v  -4.4196 -2.0841 0.0835
v  -4.3647 -2.0971 0.1107
v  -4.3738 -2.0975 0.0744
v  -4.3216 -2.1202 0.0976
v  -4.3298 -2.1207 0.0656
v  -4.2831 -2.1528 0.0859
v  -4.2906 -2.1532 0.0578
v  -4.2519 -2.1929 0.0765
v  -4.2588 -2.1933 0.0515
v  -4.2296 -2.2378 0.0697
v  -4.2360 -2.2381 0.0470
v  -4.2168 -2.2844 0.0658
v  -4.2230 -2.2846 0.0444
v  -4.2128 -2.3289 0.0646
v  -4.2189 -2.3289 0.0436
v  -4.2096 -3.1011 0.0636
v  -4.2156 -3.1012 0.0429
v  -4.2066 -3.1108 0.0627
v  -4.2124 -3.1111 0.0423
v  -4.1859 -3.1200 0.0370
v  -4.1814 -3.1200 0.0551
v  -4.1743 -3.1187 0.0529
v  -4.1786 -3.1186 0.0356
v  -4.1677 -3.1142 0.0509
v  -4.1720 -3.1142 0.0342
v  -4.1634 -3.1074 0.0496
v  -4.1676 -3.1074 0.0334
v  -4.1621 -3.1000 0.0492
v  -4.1662 -3.1000 0.0331
v  -4.2654 -1.9899 0.1100
v  -4.2534 -1.9899 0.1355
v  -4.4711 -1.9900 0.2519
v  -4.4935 -1.9900 0.2045
v  -4.4774 -1.9929 0.2552
v  -4.5000 -1.9929 0.2072
v  -4.4799 -1.9998 0.2566
v  -4.5027 -1.9998 0.2083
v  -4.5028 -2.0078 0.2083
v  -4.4801 -2.0078 0.2567
v  -4.4799 -2.0621 0.2566
v  -4.5027 -2.0621 0.2083
v  -4.5025 -2.0701 0.2082
v  -4.4798 -2.0701 0.2565
v  -4.4771 -2.0770 0.2551
v  -4.4998 -2.0770 0.2071
v  -4.4711 -2.0799 0.2519
v  -4.4934 -2.0799 0.2044
v  -4.4860 -2.0799 0.2014
v  -4.4640 -2.0799 0.2481
v  -4.4091 -2.0800 0.2188
v  -4.4286 -2.0808 0.1776
v  -4.3773 -2.0840 0.2017
v  -4.3952 -2.0841 0.1638
v  -4.3361 -2.0971 0.1797
v  -4.3521 -2.0975 0.1459
v  -4.2963 -2.1202 0.1585
v  -4.3107 -2.1207 0.1287
v  -4.2609 -2.1527 0.1395
v  -4.2737 -2.1532 0.1134
v  -4.2321 -2.1928 0.1241
v  -4.2437 -2.1932 0.1010
v  -4.2116 -2.2377 0.1131
v  -4.2223 -2.2381 0.0921
v  -4.1997 -2.2844 0.1068
v  -4.2100 -2.2846 0.0870
v  -4.1961 -2.3289 0.1048
v  -4.2061 -2.3289 0.0854
v  -4.1931 -3.1011 0.1033
v  -4.2030 -3.1012 0.0842
v  -4.1903 -3.1107 0.1018
v  -4.2001 -3.1111 0.0829
v  -4.1751 -3.1200 0.0726
v  -4.1671 -3.1200 0.0894
v  -4.1606 -3.1187 0.0859
v  -4.1683 -3.1186 0.0697
v  -4.1546 -3.1143 0.0827
v  -4.1620 -3.1142 0.0671
v  -4.1505 -3.1075 0.0805
v  -4.1578 -3.1074 0.0654
v  -4.1493 -3.1001 0.0799
v  -4.1565 -3.1000 0.0649
v  -4.2388 -1.9899 0.1597
v  -4.2221 -1.9899 0.1823
v  -4.4129 -1.9900 0.3390
v  -4.4441 -1.9900 0.2968
v  -4.4184 -1.9929 0.3435
v  -4.4500 -1.9929 0.3008
v  -4.4207 -1.9998 0.3453
v  -4.4524 -1.9998 0.3024
v  -4.4525 -2.0078 0.3025
v  -4.4208 -2.0078 0.3454
v  -4.4208 -2.0621 0.3455
v  -4.4525 -2.0621 0.3024
v  -4.4523 -2.0701 0.3023
v  -4.4207 -2.0701 0.3454
v  -4.4183 -2.0770 0.3434
v  -4.4498 -2.0770 0.3007
v  -4.4129 -2.0799 0.3389
v  -4.4440 -2.0799 0.2968
v  -4.4373 -2.0799 0.2923
v  -4.4067 -2.0799 0.3338
v  -4.3586 -2.0800 0.2944
v  -4.3857 -2.0800 0.2578
v  -4.3306 -2.0832 0.2714
v  -4.3556 -2.0832 0.2377
v  -4.2946 -2.0970 0.2419
v  -4.3170 -2.0975 0.2119
v  -4.2597 -2.1201 0.2132
v  -4.2796 -2.1207 0.1869
v  -4.2286 -2.1526 0.1877
v  -4.2464 -2.1533 0.1647
v  -4.2034 -2.1928 0.1670
v  -4.2194 -2.1933 0.1466
v  -4.1854 -2.2377 0.1522
v  -4.2001 -2.2381 0.1338
v  -4.1750 -2.2844 0.1437
v  -4.1891 -2.2846 0.1264
v  -4.1718 -2.3289 0.1410
v  -4.1856 -2.3289 0.1240
v  -4.1692 -3.1011 0.1389
v  -4.1828 -3.1012 0.1222
v  -4.1668 -3.1107 0.1370
v  -4.1800 -3.1110 0.1203
v  -4.1575 -3.1200 0.1053
v  -4.1465 -3.1200 0.1203
v  -4.1408 -3.1187 0.1156
v  -4.1514 -3.1186 0.1013
v  -4.1354 -3.1143 0.1112
v  -4.1458 -3.1142 0.0975
v  -4.1319 -3.1075 0.1083
v  -4.1420 -3.1074 0.0950
v  -4.1307 -3.1001 0.1074
v  -4.1409 -3.1000 0.0942
v  -4.2031 -1.9899 0.2032
v  -4.1822 -1.9899 0.2222
v  -4.3389 -1.9900 0.4131
v  -4.3777 -1.9900 0.3778
v  -4.3433 -1.9929 0.4185
v  -4.3827 -1.9929 0.3828
v  -4.3452 -1.9998 0.4208
v  -4.3847 -1.9998 0.3849
v  -4.3848 -2.0078 0.3850
v  -4.3453 -2.0078 0.4209
v  -4.3453 -2.0621 0.4209
v  -4.3849 -2.0621 0.3851
v  -4.3848 -2.0701 0.3849
v  -4.3452 -2.0701 0.4208
v  -4.3433 -2.0770 0.4184
v  -4.3826 -2.0770 0.3827
v  -4.3388 -2.0799 0.4130
v  -4.3776 -2.0799 0.3777
v  -4.3719 -2.0799 0.3720
v  -4.3337 -2.0799 0.4068
v  -4.2943 -2.0799 0.3587
v  -4.3280 -2.0799 0.3281
v  -4.2713 -2.0832 0.3307
v  -4.3024 -2.0832 0.3025
v  -4.2417 -2.0971 0.2947
v  -4.2695 -2.0976 0.2697
v  -4.2131 -2.1201 0.2598
v  -4.2378 -2.1209 0.2380
v  -4.1876 -2.1526 0.2287
v  -4.2096 -2.1534 0.2097
v  -4.1669 -2.1927 0.2035
v  -4.1867 -2.1934 0.1868
v  -4.1521 -2.2377 0.1855
v  -4.1703 -2.2382 0.1704
v  -4.1436 -2.2844 0.1751
v  -4.1609 -2.2846 0.1610
v  -4.1409 -2.3289 0.1719
v  -4.1579 -2.3290 0.1581
v  -4.1388 -3.1010 0.1693
v  -4.1554 -3.1012 0.1555
v  -4.1369 -3.1106 0.1670
v  -4.1530 -3.1109 0.1531
v  -4.1340 -3.1200 0.1341
v  -4.1202 -3.1200 0.1466
v  -4.1155 -3.1187 0.1409
v  -4.1288 -3.1186 0.1289
v  -4.1111 -3.1144 0.1355
v  -4.1240 -3.1141 0.1241
v  -4.1082 -3.1075 0.1319
v  -4.1208 -3.1074 0.1210
v  -4.1072 -3.1001 0.1308
v  -4.1198 -3.1000 0.1200
v  -4.1595 -1.9899 0.2390
v  -4.1354 -1.9899 0.2535
v  -4.2518 -1.9900 0.4713
v  -4.2967 -1.9900 0.4442
v  -4.2551 -1.9929 0.4775
v  -4.3006 -1.9929 0.4501
v  -4.2565 -1.9998 0.4801
v  -4.3022 -1.9998 0.4525
v  -4.3023 -2.0078 0.4527
v  -4.2566 -2.0078 0.4802
v  -4.2565 -2.0621 0.4801
v  -4.3023 -2.0621 0.4526
v  -4.3022 -2.0701 0.4524
v  -4.2564 -2.0701 0.4799
v  -4.2551 -2.0770 0.4773
v  -4.3006 -2.0770 0.4500
v  -4.2517 -2.0799 0.4712
v  -4.2967 -2.0799 0.4442
v  -4.2922 -2.0799 0.4375
v  -4.2479 -2.0799 0.4641
v  -4.2186 -2.0799 0.4093
v  -4.2576 -2.0799 0.3858
v  -4.2016 -2.0832 0.3773
v  -4.2375 -2.0832 0.3557
v  -4.1795 -2.0971 0.3363
v  -4.2117 -2.0975 0.3170
v  -4.1583 -2.1202 0.2965
v  -4.1868 -2.1207 0.2797
v  -4.1394 -2.1527 0.2610
v  -4.1645 -2.1533 0.2465
v  -4.1240 -2.1928 0.2322
v  -4.1465 -2.1933 0.2195
v  -4.1130 -2.2377 0.2117
v  -4.1336 -2.2381 0.2003
v  -4.1067 -2.2844 0.1998
v  -4.1262 -2.2846 0.1892
v  -4.1047 -2.3289 0.1961
v  -4.1239 -2.3289 0.1857
v  -4.1031 -3.1010 0.1932
v  -4.1220 -3.1011 0.1827
v  -4.1018 -3.1106 0.1906
v  -4.1201 -3.1108 0.1799
v  -4.1052 -3.1200 0.1577
v  -4.0893 -3.1200 0.1673
v  -4.0858 -3.1187 0.1607
v  -4.1012 -3.1185 0.1516
v  -4.0825 -3.1144 0.1546
v  -4.0974 -3.1141 0.1460
v  -4.0803 -3.1075 0.1505
v  -4.0950 -3.1073 0.1423
v  -4.0796 -3.1001 0.1492
v  -4.0942 -3.1000 0.1412
v  -4.1098 -1.9899 0.2655
v  -4.0833 -1.9899 0.2751
v  -4.1550 -1.9900 0.5113
v  -4.2043 -1.9900 0.4936
v  -4.1570 -1.9929 0.5181
v  -4.2070 -1.9929 0.5001
v  -4.1579 -1.9998 0.5209
v  -4.2081 -1.9998 0.5028
v  -4.2082 -2.0078 0.5030
v  -4.1579 -2.0078 0.5211
v  -4.1579 -2.0621 0.5210
v  -4.2081 -2.0621 0.5029
v  -4.2081 -2.0701 0.5027
v  -4.1578 -2.0701 0.5208
v  -4.1570 -2.0770 0.5179
v  -4.2070 -2.0770 0.5000
v  -4.1550 -2.0799 0.5113
v  -4.2043 -2.0799 0.4935
v  -4.2012 -2.0799 0.4861
v  -4.1526 -2.0799 0.5036
v  -4.1346 -2.0799 0.4441
v  -4.1774 -2.0799 0.4287
v  -4.1241 -2.0832 0.4094
v  -4.1636 -2.0832 0.3952
v  -4.1105 -2.0971 0.3648
v  -4.1458 -2.0974 0.3523
v  -4.0975 -2.1201 0.3219
v  -4.1286 -2.1205 0.3111
v  -4.0858 -2.1527 0.2832
v  -4.1133 -2.1532 0.2738
v  -4.0763 -2.1928 0.2520
v  -4.1008 -2.1932 0.2438
v  -4.0696 -2.2377 0.2297
v  -4.0920 -2.2380 0.2224
v  -4.0657 -2.2844 0.2169
v  -4.0869 -2.2846 0.2100
v  -4.0645 -2.3289 0.2129
v  -4.0853 -2.3289 0.2062
v  -4.0635 -3.1010 0.2097
v  -4.0840 -3.1010 0.2030
v  -4.0626 -3.1106 0.2069
v  -4.0827 -3.1107 0.1999
v  -4.0724 -3.1200 0.1752
v  -4.0549 -3.1200 0.1815
v  -4.0528 -3.1187 0.1744
v  -4.0696 -3.1185 0.1684
v  -4.0508 -3.1143 0.1678
v  -4.0671 -3.1140 0.1623
v  -4.0494 -3.1075 0.1634
v  -4.0654 -3.1073 0.1582
v  -4.0490 -3.1001 0.1620
v  -4.0649 -3.1000 0.1569
v  -4.0559 -1.9899 0.2819
v  -4.0280 -1.9899 0.2860
v  -4.0522 -1.9900 0.5318
v  -4.1041 -1.9900 0.5240
v  -4.0529 -1.9929 0.5388
v  -4.1055 -1.9929 0.5309
v  -4.0532 -1.9998 0.5417
v  -4.1061 -1.9998 0.5338
v  -4.1061 -2.0078 0.5340
v  -4.0532 -2.0078 0.5419
v  -4.0532 -2.0621 0.5419
v  -4.1061 -2.0621 0.5339
v  -4.1060 -2.0701 0.5338
v  -4.0532 -2.0701 0.5418
v  -4.0529 -2.0770 0.5387
v  -4.1055 -2.0770 0.5308
v  -4.0522 -2.0799 0.5317
v  -4.1041 -2.0799 0.5239
v  -4.1025 -2.0799 0.5160
v  -4.0515 -2.0799 0.5237
v  -4.0454 -2.0799 0.4618
v  -4.0904 -2.0799 0.4551
v  -4.0418 -2.0832 0.4258
v  -4.0833 -2.0832 0.4196
v  -4.0372 -2.0972 0.3794
v  -4.0743 -2.0975 0.3740
v  -4.0329 -2.1201 0.3348
v  -4.0656 -2.1206 0.3302
v  -4.0289 -2.1528 0.2946
v  -4.0577 -2.1532 0.2907
v  -4.0257 -2.1929 0.2621
v  -4.0514 -2.1932 0.2588
v  -4.0234 -2.2378 0.2390
v  -4.0469 -2.2380 0.2361
v  -4.0221 -2.2844 0.2256
v  -4.0443 -2.2846 0.2230
v  -4.0217 -2.3289 0.2215
v  -4.0435 -2.3289 0.2189
v  -4.0214 -3.1010 0.2181
v  -4.0428 -3.1011 0.2155
v  -4.0211 -3.1107 0.2151
v  -4.0421 -3.1107 0.2122
v  -4.0369 -3.1200 0.1860
v  -4.0185 -3.1200 0.1887
v  -4.0177 -3.1187 0.1814
v  -4.0354 -3.1185 0.1788
v  -4.0171 -3.1143 0.1745
v  -4.0341 -3.1140 0.1722
v  -4.0166 -3.1075 0.1700
v  -4.0333 -3.1073 0.1679
v  -4.0165 -3.1001 0.1685
v  -4.0330 -3.1000 0.1666
v  -3.9999 -1.9899 0.2874
v  -3.9717 -1.9899 0.2860
v  -3.9475 -1.9900 0.5318
v  -3.9999 -1.9900 0.5343
v  -3.9468 -1.9929 0.5388
v  -3.9999 -1.9929 0.5413
v  -3.9465 -1.9998 0.5417
v  -3.9999 -1.9998 0.5443
v  -3.9999 -2.0078 0.5444
v  -3.9465 -2.0078 0.5419
v  -3.9465 -2.0621 0.5419
v  -3.9999 -2.0621 0.5445
v  -3.9999 -2.0701 0.5444
v  -3.9465 -2.0701 0.5418
v  -3.9468 -2.0770 0.5387
v  -3.9999 -2.0770 0.5412
v  -3.9475 -2.0799 0.5317
v  -3.9999 -2.0799 0.5342
v  -3.9999 -2.0799 0.5262
v  -3.9483 -2.0799 0.5237
v  -3.9544 -2.0799 0.4618
v  -3.9999 -2.0799 0.4640
v  -3.9579 -2.0832 0.4258
v  -3.9999 -2.0832 0.4278
v  -3.9625 -2.0971 0.3795
v  -3.9999 -2.0976 0.3814
v  -3.9669 -2.1202 0.3346
v  -4.0000 -2.1207 0.3368
v  -3.9709 -2.1528 0.2946
v  -3.9999 -2.1534 0.2965
v  -3.9740 -2.1928 0.2621
v  -3.9999 -2.1934 0.2641
v  -3.9763 -2.2378 0.2389
v  -3.9999 -2.2381 0.2409
v  -3.9776 -2.2844 0.2256
v  -3.9999 -2.2846 0.2276
v  -3.9780 -2.3289 0.2214
v  -3.9999 -2.3289 0.2234
v  -3.9784 -3.1011 0.2181
v  -3.9999 -3.1011 0.2199
v  -3.9787 -3.1107 0.2150
v  -3.9999 -3.1109 0.2165
v  -3.9999 -3.1200 0.1896
v  -3.9813 -3.1199 0.1887
v  -3.9820 -3.1185 0.1815
v  -3.9999 -3.1186 0.1823
v  -3.9827 -3.1141 0.1748
v  -3.9999 -3.1141 0.1755
v  -3.9831 -3.1074 0.1703
v  -3.9999 -3.1074 0.1710
v  -3.9832 -3.1000 0.1689
v  -3.9999 -3.1000 0.1696
v  -3.9438 -1.9899 0.2819
v  -3.9164 -1.9899 0.2751
v  -3.8448 -1.9900 0.5113
v  -3.8956 -1.9900 0.5240
v  -3.8427 -1.9929 0.5181
v  -3.8943 -1.9929 0.5309
v  -3.8419 -1.9998 0.5209
v  -3.8937 -1.9998 0.5338
v  -3.8937 -2.0078 0.5340
v  -3.8418 -2.0078 0.5211
v  -3.8418 -2.0621 0.5210
v  -3.8936 -2.0621 0.5339
v  -3.8937 -2.0701 0.5338
v  -3.8419 -2.0701 0.5208
v  -3.8428 -2.0770 0.5179
v  -3.8943 -2.0770 0.5308
v  -3.8448 -2.0799 0.5113
v  -3.8957 -2.0799 0.5239
v  -3.8972 -2.0799 0.5160
v  -3.8471 -2.0799 0.5036
v  -3.8652 -2.0799 0.4441
v  -3.9094 -2.0799 0.4551
v  -3.8757 -2.0832 0.4094
v  -3.9164 -2.0832 0.4196
v  -3.8892 -2.0970 0.3649
v  -3.9255 -2.0965 0.3737
v  -3.9023 -2.1202 0.3217
v  -3.9342 -2.1207 0.3299
v  -3.9140 -2.1527 0.2832
v  -3.9420 -2.1532 0.2907
v  -3.9234 -2.1928 0.2519
v  -3.9484 -2.1932 0.2588
v  -3.9302 -2.2377 0.2297
v  -3.9529 -2.2380 0.2360
v  -3.9341 -2.2844 0.2168
v  -3.9555 -2.2846 0.2229
v  -3.9353 -2.3289 0.2128
v  -3.9563 -2.3289 0.2188
v  -3.9363 -3.1011 0.2096
v  -3.9570 -3.1012 0.2156
v  -3.9372 -3.1107 0.2066
v  -3.9576 -3.1110 0.2125
v  -3.9629 -3.1199 0.1860
v  -3.9448 -3.1199 0.1815
v  -3.9469 -3.1184 0.1745
v  -3.9643 -3.1185 0.1788
v  -3.9489 -3.1140 0.1681
v  -3.9656 -3.1140 0.1723
v  -3.9502 -3.1074 0.1637
v  -3.9665 -3.1074 0.1678
v  -3.9506 -3.1000 0.1624
v  -3.9668 -3.1000 0.1664
v  -3.8899 -1.9899 0.2655
v  -3.8644 -1.9899 0.2535
v  -3.7480 -1.9900 0.4713
v  -3.7954 -1.9900 0.4936
v  -3.7447 -1.9929 0.4775
v  -3.7927 -1.9929 0.5001
v  -3.7433 -1.9998 0.4801
v  -3.7916 -1.9998 0.5028
v  -3.7915 -2.0078 0.5030
v  -3.7432 -2.0078 0.4802
v  -3.7433 -2.0621 0.4801
v  -3.7916 -2.0621 0.5029
v  -3.7916 -2.0701 0.5027
v  -3.7433 -2.0701 0.4799
v  -3.7448 -2.0770 0.4773
v  -3.7928 -2.0770 0.5000
v  -3.7480 -2.0799 0.4712
v  -3.7954 -2.0799 0.4935
v  -3.7985 -2.0799 0.4861
v  -3.7518 -2.0799 0.4641
v  -3.7811 -2.0799 0.4093
v  -3.8223 -2.0799 0.4287
v  -3.7982 -2.0832 0.3773
v  -3.8362 -2.0832 0.3952
v  -3.8201 -2.0970 0.3363
v  -3.8539 -2.0974 0.3523
v  -3.8414 -2.1201 0.2964
v  -3.8712 -2.1206 0.3108
v  -3.8604 -2.1526 0.2609
v  -3.8865 -2.1531 0.2738
v  -3.8758 -2.1927 0.2321
v  -3.8989 -2.1932 0.2437
v  -3.8868 -2.2377 0.2116
v  -3.9078 -2.2380 0.2223
v  -3.8931 -2.2844 0.1997
v  -3.9129 -2.2845 0.2099
v  -3.8951 -2.3289 0.1960
v  -3.9145 -2.3289 0.2061
v  -3.8967 -3.1010 0.1931
v  -3.9158 -3.1011 0.2030
v  -3.8981 -3.1106 0.1903
v  -3.9170 -3.1110 0.2002
v  -3.9273 -3.1199 0.1752
v  -3.9105 -3.1200 0.1673
v  -3.9140 -3.1187 0.1607
v  -3.9301 -3.1184 0.1684
v  -3.9172 -3.1144 0.1546
v  -3.9327 -3.1140 0.1623
v  -3.9194 -3.1075 0.1505
v  -3.9344 -3.1074 0.1580
v  -3.9201 -3.1001 0.1492
v  -3.9351 -3.1001 0.1565
v  -3.8402 -1.9899 0.2390
v  -3.8175 -1.9899 0.2222
v  -3.6609 -1.9900 0.4131
v  -3.7031 -1.9900 0.4442
v  -3.6564 -1.9929 0.4185
v  -3.6991 -1.9929 0.4501
v  -3.6545 -1.9998 0.4208
v  -3.6975 -1.9998 0.4525
v  -3.6974 -2.0078 0.4527
v  -3.6544 -2.0078 0.4209
v  -3.6544 -2.0621 0.4209
v  -3.6975 -2.0621 0.4526
v  -3.6976 -2.0701 0.4524
v  -3.6545 -2.0701 0.4208
v  -3.6565 -2.0770 0.4184
v  -3.6992 -2.0770 0.4500
v  -3.6609 -2.0799 0.4130
v  -3.7031 -2.0799 0.4442
v  -3.7076 -2.0799 0.4375
v  -3.6660 -2.0799 0.4068
v  -3.7055 -2.0799 0.3587
v  -3.7421 -2.0799 0.3858
v  -3.7285 -2.0832 0.3307
v  -3.7622 -2.0832 0.3557
v  -3.7581 -2.0970 0.2947
v  -3.7880 -2.0974 0.3171
v  -3.7867 -2.1201 0.2598
v  -3.8130 -2.1207 0.2797
v  -3.8122 -2.1526 0.2287
v  -3.8352 -2.1532 0.2464
v  -3.8329 -2.1927 0.2034
v  -3.8533 -2.1932 0.2194
v  -3.8478 -2.2376 0.1854
v  -3.8662 -2.2380 0.2001
v  -3.8563 -2.2844 0.1750
v  -3.8736 -2.2846 0.1890
v  -3.8589 -2.3289 0.1718
v  -3.8759 -2.3289 0.1856
v  -3.8611 -3.1010 0.1692
v  -3.8778 -3.1012 0.1828
v  -3.8630 -3.1106 0.1668
v  -3.8796 -3.1110 0.1801
v  -3.8945 -3.1200 0.1577
v  -3.8796 -3.1200 0.1466
v  -3.8843 -3.1188 0.1409
v  -3.8986 -3.1187 0.1515
v  -3.8887 -3.1144 0.1355
v  -3.9024 -3.1143 0.1458
v  -3.8917 -3.1076 0.1319
v  -3.9050 -3.1074 0.1421
v  -3.8926 -3.1001 0.1307
v  -3.9058 -3.1001 0.1408
v  -3.7967 -1.9899 0.2032
v  -3.7777 -1.9899 0.1823
v  -3.5868 -1.9900 0.3390
v  -3.6221 -1.9900 0.3778
v  -3.5814 -1.9929 0.3435
v  -3.6171 -1.9929 0.3828
v  -3.5791 -1.9998 0.3453
v  -3.6150 -1.9998 0.3849
v  -3.6149 -2.0078 0.3850
v  -3.5790 -2.0078 0.3454
v  -3.5789 -2.0621 0.3455
v  -3.6148 -2.0621 0.3851
v  -3.6149 -2.0701 0.3849
v  -3.5791 -2.0701 0.3454
v  -3.5814 -2.0770 0.3434
v  -3.6171 -2.0770 0.3827
v  -3.5869 -2.0799 0.3389
v  -3.6221 -2.0799 0.3777
v  -3.6278 -2.0799 0.3720
v  -3.5931 -2.0799 0.3338
v  -3.6412 -2.0799 0.2944
v  -3.6718 -2.0799 0.3281
v  -3.6691 -2.0832 0.2714
v  -3.6974 -2.0832 0.3025
v  -3.7052 -2.0970 0.2418
v  -3.7302 -2.0976 0.2696
v  -3.7401 -2.1201 0.2132
v  -3.7619 -2.1208 0.2379
v  -3.7712 -2.1526 0.1877
v  -3.7902 -2.1533 0.2097
v  -3.7965 -2.1927 0.1669
v  -3.8132 -2.1933 0.1867
v  -3.8145 -2.2376 0.1521
v  -3.8296 -2.2381 0.1703
v  -3.8249 -2.2844 0.1436
v  -3.8390 -2.2846 0.1609
v  -3.8281 -2.3289 0.1409
v  -3.8419 -2.3289 0.1579
v  -3.8307 -3.1010 0.1388
v  -3.8445 -3.1011 0.1554
v  -3.8330 -3.1105 0.1369
v  -3.8469 -3.1108 0.1530
v  -3.8658 -3.1200 0.1341
v  -3.8533 -3.1200 0.1203
v  -3.8590 -3.1188 0.1156
v  -3.8710 -3.1186 0.1289
v  -3.8644 -3.1144 0.1112
v  -3.8758 -3.1142 0.1240
v  -3.8680 -3.1076 0.1082
v  -3.8790 -3.1074 0.1209
v  -3.8692 -3.1001 0.1072
v  -3.8800 -3.1000 0.1199
v  -3.7609 -1.9899 0.1597
v  -3.7464 -1.9899 0.1355
v  -3.5286 -1.9900 0.2519
v  -3.5556 -1.9900 0.2968
v  -3.5224 -1.9929 0.2552
v  -3.5498 -1.9929 0.3008
v  -3.5198 -1.9998 0.2566
v  -3.5473 -1.9998 0.3024
v  -3.5472 -2.0078 0.3025
v  -3.5197 -2.0078 0.2567
v  -3.5198 -2.0621 0.2566
v  -3.5473 -2.0621 0.3024
v  -3.5475 -2.0701 0.3023
v  -3.5200 -2.0701 0.2565
v  -3.5225 -2.0770 0.2551
v  -3.5498 -2.0770 0.3007
v  -3.5287 -2.0799 0.2519
v  -3.5557 -2.0799 0.2968
v  -3.5624 -2.0799 0.2923
v  -3.5358 -2.0799 0.2481
v  -3.5906 -2.0799 0.2188
v  -3.6141 -2.0799 0.2578
v  -3.6226 -2.0832 0.2017
v  -3.6442 -2.0832 0.2377
v  -3.6637 -2.0970 0.1797
v  -3.6829 -2.0975 0.2118
v  -3.7035 -2.1201 0.1584
v  -3.7202 -2.1207 0.1869
v  -3.7390 -2.1526 0.1395
v  -3.7535 -2.1532 0.1646
v  -3.7678 -2.1927 0.1240
v  -3.7805 -2.1932 0.1466
v  -3.7883 -2.2377 0.1131
v  -3.7998 -2.2380 0.1337
v  -3.8002 -2.2844 0.1067
v  -3.8109 -2.2846 0.1262
v  -3.8039 -2.3289 0.1047
v  -3.8143 -2.3289 0.1239
v  -3.8068 -3.1010 0.1032
v  -3.8173 -3.1011 0.1220
v  -3.8094 -3.1106 0.1018
v  -3.8200 -3.1107 0.1201
v  -3.8422 -3.1200 0.1053
v  -3.8326 -3.1200 0.0894
v  -3.8392 -3.1188 0.0859
v  -3.8483 -3.1186 0.1013
v  -3.8453 -3.1144 0.0826
v  -3.8540 -3.1142 0.0975
v  -3.8495 -3.1076 0.0804
v  -3.8577 -3.1074 0.0950
v  -3.8508 -3.1001 0.0797
v  -3.8588 -3.1000 0.0942
v  -3.7344 -1.9899 0.1100
v  -3.7248 -1.9899 0.0834
v  -3.4885 -1.9900 0.1551
v  -3.5063 -1.9900 0.2045
v  -3.4818 -1.9929 0.1572
v  -3.4997 -1.9929 0.2072
v  -3.4790 -1.9998 0.1580
v  -3.4970 -1.9998 0.2083
v  -3.4969 -2.0078 0.2083
v  -3.4788 -2.0078 0.1581
v  -3.4790 -2.0621 0.1580
v  -3.4971 -2.0621 0.2083
v  -3.4973 -2.0701 0.2082
v  -3.4792 -2.0701 0.1579
v  -3.4819 -2.0770 0.1571
v  -3.4998 -2.0770 0.2071
v  -3.4886 -2.0799 0.1551
v  -3.5063 -2.0799 0.2044
v  -3.5138 -2.0799 0.2014
v  -3.4963 -2.0799 0.1528
v  -3.5558 -2.0799 0.1347
v  -3.5712 -2.0799 0.1776
v  -3.5903 -2.0840 0.1242
v  -3.6047 -2.0832 0.1637
v  -3.6351 -2.0971 0.1107
v  -3.6476 -2.0974 0.1459
v  -3.6782 -2.1201 0.0976
v  -3.6891 -2.1206 0.1287
v  -3.7167 -2.1526 0.0859
v  -3.7262 -2.1531 0.1134
v  -3.7480 -2.1928 0.0764
v  -3.7562 -2.1931 0.1009
v  -3.7703 -2.2377 0.0697
v  -3.7776 -2.2380 0.0920
v  -3.7831 -2.2844 0.0658
v  -3.7900 -2.2845 0.0869
v  -3.7871 -2.3289 0.0645
v  -3.7938 -2.3289 0.0853
v  -3.7904 -3.1006 0.0636
v  -3.7971 -3.1009 0.0841
v  -3.7929 -3.1101 0.0628
v  -3.8001 -3.1105 0.0828
v  -3.8247 -3.1200 0.0726
v  -3.8184 -3.1200 0.0551
v  -3.8255 -3.1188 0.0529
v  -3.8315 -3.1186 0.0698
v  -3.8322 -3.1144 0.0509
v  -3.8377 -3.1141 0.0672
v  -3.8366 -3.1076 0.0495
v  -3.8418 -3.1073 0.0655
v  -3.8381 -3.1001 0.0491
v  -3.8431 -3.1000 0.0649
v  -3.7180 -1.9899 0.0561
v  -3.7138 -1.9898 0.0282
v  -3.4681 -1.9900 0.0524
v  -3.4759 -1.9900 0.1042
v  -3.4611 -1.9929 0.0531
v  -3.4689 -1.9929 0.1056
v  -3.4582 -1.9998 0.0534
v  -3.4661 -1.9998 0.1062
v  -3.4659 -2.0078 0.1062
v  -3.4580 -2.0078 0.0534
v  -3.4580 -2.0621 0.0534
v  -3.4661 -2.0621 0.1062
v  -3.4662 -2.0701 0.1061
v  -3.4582 -2.0701 0.0533
v  -3.4612 -2.0770 0.0531
v  -3.4690 -2.0770 0.1056
v  -3.4682 -2.0799 0.0524
v  -3.4759 -2.0799 0.1042
v  -3.4838 -2.0799 0.1026
v  -3.4762 -2.0799 0.0516
v  -3.5380 -2.0807 0.0455
v  -3.5448 -2.0808 0.0905
v  -3.5740 -2.0840 0.0420
v  -3.5802 -2.0841 0.0835
v  -3.6205 -2.0971 0.0374
v  -3.6259 -2.0974 0.0744
v  -3.6653 -2.1202 0.0330
v  -3.6700 -2.1206 0.0656
v  -3.7053 -2.1527 0.0290
v  -3.7093 -2.1531 0.0578
v  -3.7378 -2.1928 0.0258
v  -3.7412 -2.1932 0.0515
v  -3.7610 -2.2377 0.0236
v  -3.7639 -2.2380 0.0470
v  -3.7744 -2.2844 0.0222
v  -3.7770 -2.2845 0.0444
v  -3.7786 -2.3289 0.0218
v  -3.7811 -2.3289 0.0436
v  -3.7819 -3.1006 0.0215
v  -3.7844 -3.1005 0.0429
v  -3.7845 -3.1100 0.0211
v  -3.7873 -3.1099 0.0421
v  -3.8139 -3.1200 0.0370
v  -3.8112 -3.1200 0.0186
v  -3.8185 -3.1187 0.0179
v  -3.8211 -3.1186 0.0356
v  -3.8254 -3.1144 0.0172
v  -3.8277 -3.1141 0.0342
v  -3.8300 -3.1075 0.0167
v  -3.8321 -3.1073 0.0334
v  -3.8315 -3.1001 0.0166
v  -3.8334 -3.1000 0.0331
v  -4.2040 -3.1182 0.0406
v  -4.1942 -3.1200 0.0387
v  -4.1972 -3.1200 0.0194
v  -4.2069 -3.1179 0.0204
v  -4.1922 -3.1182 0.0797
v  -4.1829 -3.1200 0.0758
v  -4.1895 -3.1200 0.0575
v  -4.1988 -3.1179 0.0603
v  -4.1729 -3.1182 0.1156
v  -4.1646 -3.1200 0.1101
v  -4.1747 -3.1200 0.0934
v  -4.1832 -3.1179 0.0980
v  -4.1471 -3.1181 0.1472
v  -4.1401 -3.1200 0.1402
v  -4.1531 -3.1200 0.1258
v  -4.1606 -3.1179 0.1319
v  -4.1155 -3.1180 0.1731
v  -4.1100 -3.1200 0.1649
v  -4.1257 -3.1200 0.1533
v  -4.1318 -3.1178 0.1607
v  -4.0795 -3.1179 0.1923
v  -4.0758 -3.1200 0.1832
v  -4.0934 -3.1200 0.1749
v  -4.0980 -3.1178 0.1835
v  -4.0405 -3.1180 0.2042
v  -4.0386 -3.1200 0.1945
v  -4.0574 -3.1200 0.1898
v  -4.0637 -3.1179 0.1979
v  -3.9999 -3.1181 0.2081
v  -3.9999 -3.1200 0.1982
v  -4.0193 -3.1200 0.1973
v  -4.0203 -3.1179 0.2070
v  -3.9593 -3.1182 0.2041
v  -3.9613 -3.1184 0.1937
v  -3.9805 -3.1195 0.1970
v  -3.9795 -3.1179 0.2069
v  -3.9202 -3.1182 0.1923
v  -3.9242 -3.1188 0.1826
v  -3.9425 -3.1184 0.1890
v  -3.9395 -3.1179 0.1989
v  -3.8843 -3.1181 0.1730
v  -3.8898 -3.1200 0.1648
v  -3.9064 -3.1200 0.1748
v  -3.9019 -3.1178 0.1833
v  -3.8527 -3.1180 0.1471
v  -3.8597 -3.1200 0.1402
v  -3.8741 -3.1200 0.1532
v  -3.8680 -3.1178 0.1607
v  -3.8268 -3.1179 0.1156
v  -3.8350 -3.1200 0.1102
v  -3.8466 -3.1200 0.1258
v  -3.8391 -3.1178 0.1319
v  -3.8077 -3.1179 0.0797
v  -3.8167 -3.1200 0.0759
v  -3.8250 -3.1200 0.0935
v  -3.8165 -3.1178 0.0980
v  -3.7952 -3.1176 0.0405
v  -3.8054 -3.1200 0.0387
v  -3.8101 -3.1200 0.0576
v  -3.8005 -3.1176 0.0604
v  -3.8029 -3.1200 0.0194
v  -3.7925 -3.1176 0.0203
v  -3.4556 -1.9998 0.0000
v  -3.4554 -2.0078 0.0000
v  -3.4555 -2.0701 0.0000
v  -3.4553 -2.0621 0.0000
v  -3.4657 -2.0799 0.0000
v  -3.4737 -2.0799 0.0000
v  -3.4656 -1.9900 0.0000
v  -3.7125 -1.9898 0.0000
v  -3.4585 -1.9929 0.0000
v  -3.4586 -2.0770 0.0000
v  -3.5359 -2.0809 0.0000
v  -3.5719 -2.0842 0.0000
v  -3.6186 -2.0976 0.0000
v  -3.6634 -2.1208 0.0000
v  -3.7034 -2.1533 0.0000
v  -3.7359 -2.1933 0.0000
v  -3.7590 -2.2381 0.0000
v  -3.7724 -2.2846 0.0000
v  -3.7765 -2.3289 0.0000
v  -3.7800 -3.1007 0.0000
v  -3.8176 -3.1186 0.0000
v  -3.8244 -3.1142 0.0000
v  -3.8289 -3.1074 0.0000
v  -3.8300 -3.1000 0.0000
v  -4.2081 -3.1181 0.0000
v  -4.1981 -3.1200 0.0000
v  4.0000 -0.1700 0.9900
v  3.9110 -0.1700 0.9860
v  3.9110 -0.0100 0.9860
v  4.0000 -0.0100 0.9900
v  4.0000 -0.0100 -0.9900
v  3.9110 -0.0100 -0.9860
v  3.9110 -0.1700 -0.9860
v  4.0000 -0.1700 -0.9900
v  3.8199 -0.0100 -0.9735
v  3.8199 -0.1700 -0.9735
v  3.7276 -0.0100 -0.9518
v  3.7276 -0.1700 -0.9518
v  3.6356 -0.0100 -0.9205
v  3.6356 -0.1700 -0.9205
v  3.5453 -0.0100 -0.8794
v  3.5453 -0.1700 -0.8794
v  3.4583 -0.0100 -0.8286
v  3.4583 -0.1700 -0.8286
v  3.3760 -0.0100 -0.7686
v  3.3760 -0.1700 -0.7686
v  3.3000 -0.0100 -0.7000
v  3.3000 -0.1700 -0.7000
v  3.2314 -0.0100 -0.6240
v  3.2314 -0.1700 -0.6240
v  3.1714 -0.0100 -0.5417
v  3.1714 -0.1700 -0.5417
v  3.1206 -0.0100 -0.4547
v  3.1206 -0.1700 -0.4547
v  3.0795 -0.0100 -0.3644
v  3.0795 -0.1700 -0.3644
v  3.0482 -0.0100 -0.2724
v  3.0482 -0.1700 -0.2724
v  3.0265 -0.0100 -0.1801
v  3.0265 -0.1700 -0.1801
v  3.0140 -0.0100 -0.0890
v  3.0140 -0.1700 -0.0890
v  3.0100 -0.0100 0.0000
v  3.0100 -0.1700 0.0000
v  3.0140 -0.0100 0.0890
v  3.0140 -0.1700 0.0890
v  3.0265 -0.0100 0.1801
v  3.0265 -0.1700 0.1801
v  3.0482 -0.0100 0.2724
v  3.0482 -0.1700 0.2724
v  3.0795 -0.0100 0.3644
v  3.0795 -0.1700 0.3644
v  3.1206 -0.0100 0.4547
v  3.1206 -0.1700 0.4547
v  3.1714 -0.0100 0.5417
v  3.1714 -0.1700 0.5417
v  3.2314 -0.0100 0.6240
v  3.2314 -0.1700 0.6240
v  3.3000 -0.0100 0.7000
v  3.3000 -0.1700 0.7000
v  3.3760 -0.0100 0.7686
v  3.3760 -0.1700 0.7686
v  3.4583 -0.0100 0.8286
v  3.4583 -0.1700 0.8286
v  3.5453 -0.0100 0.8794
v  3.5453 -0.1700 0.8794
v  3.6356 -0.0100 0.9205
v  3.6356 -0.1700 0.9205
v  3.7276 -0.0100 0.9518
v  3.7276 -0.1700 0.9518
v  3.8199 -0.0100 0.9735
v  3.8199 -0.1700 0.9735
v  4.9637 -0.1800 0.1779
v  4.9761 -0.1800 0.0876
v  4.8217 -0.1800 0.0741
v  4.8112 -0.1800 0.1501
v  4.7932 -0.1800 0.2270
v  4.9423 -0.1800 0.2692
v  4.7671 -0.1800 0.3037
v  4.9114 -0.1800 0.3603
v  4.7328 -0.1800 0.3789
v  4.8705 -0.1800 0.4501
v  4.6905 -0.1800 0.4514
v  4.8202 -0.1800 0.5363
v  4.6405 -0.1800 0.5200
v  4.7608 -0.1800 0.6177
v  4.5834 -0.1800 0.5834
v  4.6930 -0.1800 0.6930
v  4.5200 -0.1800 0.6405
v  4.6177 -0.1800 0.7608
v  4.4514 -0.1800 0.6905
v  4.5363 -0.1800 0.8202
v  4.3789 -0.1800 0.7328
v  4.4501 -0.1800 0.8705
v  4.3037 -0.1800 0.7671
v  4.3612 -0.1800 0.9110
v  4.2270 -0.1800 0.7932
v  4.2701 -0.1800 0.9421
v  4.1501 -0.1800 0.8112
v  4.1788 -0.1800 0.9636
v  4.0741 -0.1800 0.8217
v  4.0885 -0.1800 0.9760
v  4.0000 -0.1800 0.8250
v  4.0004 -0.1800 0.9800
v  3.9259 -0.1800 0.8217
v  3.9124 -0.1800 0.9761
v  3.8499 -0.1800 0.8112
v  3.8221 -0.1800 0.9637
v  3.7730 -0.1800 0.7932
v  3.7308 -0.1800 0.9423
v  3.6963 -0.1800 0.7671
v  3.6397 -0.1800 0.9114
v  3.6211 -0.1800 0.7328
v  3.5499 -0.1800 0.8705
v  3.5486 -0.1800 0.6905
v  3.4637 -0.1800 0.8202
v  3.4800 -0.1800 0.6405
v  3.3823 -0.1800 0.7608
v  3.4166 -0.1800 0.5834
v  3.3070 -0.1800 0.6930
v  3.3595 -0.1800 0.5200
v  3.2392 -0.1800 0.6177
v  3.3095 -0.1800 0.4514
v  3.1798 -0.1800 0.5363
v  3.2672 -0.1800 0.3789
v  3.1295 -0.1800 0.4501
v  3.2329 -0.1800 0.3037
v  3.0890 -0.1800 0.3612
v  3.2068 -0.1800 0.2270
v  3.0580 -0.1800 0.2701
v  3.1888 -0.1800 0.1501
v  3.0364 -0.1800 0.1788
v  3.1783 -0.1800 0.0741
v  3.0240 -0.1800 0.0885
v  3.1750 -0.1800 0.0000
v  3.0200 -0.1800 0.0005
v  3.1783 -0.1800 -0.0741
v  3.0239 -0.1800 -0.0876
v  3.1888 -0.1800 -0.1501
v  3.0363 -0.1800 -0.1779
v  3.2068 -0.1800 -0.2270
v  3.0577 -0.1800 -0.2692
v  3.2329 -0.1800 -0.3037
v  3.0886 -0.1800 -0.3603
v  3.2672 -0.1800 -0.3789
v  3.1295 -0.1800 -0.4501
v  3.3095 -0.1800 -0.4514
v  3.1798 -0.1800 -0.5363
v  3.3595 -0.1800 -0.5200
v  3.2392 -0.1800 -0.6177
v  3.4166 -0.1800 -0.5834
v  3.3070 -0.1800 -0.6930
v  3.4800 -0.1800 -0.6405
v  3.3823 -0.1800 -0.7608
v  3.5486 -0.1800 -0.6905
v  3.4637 -0.1800 -0.8202
v  3.6211 -0.1800 -0.7328
v  3.5499 -0.1800 -0.8705
v  3.6963 -0.1800 -0.7671
v  3.6388 -0.1800 -0.9110
v  3.7730 -0.1800 -0.7932
v  3.7299 -0.1800 -0.9420
v  3.8499 -0.1800 -0.8112
v  3.8212 -0.1800 -0.9636
v  3.9259 -0.1800 -0.8217
v  3.9115 -0.1800 -0.9760
v  4.0000 -0.1800 -0.8250
v  3.9996 -0.1800 -0.9800
v  4.0741 -0.1800 -0.8217
v  4.0876 -0.1800 -0.9761
v  4.1501 -0.1800 -0.8112
v  4.1779 -0.1800 -0.9637
v  4.2270 -0.1800 -0.7932
v  4.2692 -0.1800 -0.9423
v  4.3037 -0.1800 -0.7671
v  4.3603 -0.1800 -0.9114
v  4.3789 -0.1800 -0.7328
v  4.4501 -0.1800 -0.8705
v  4.4514 -0.1800 -0.6905
v  4.5363 -0.1800 -0.8202
v  4.5200 -0.1800 -0.6405
v  4.6177 -0.1800 -0.7608
v  4.5834 -0.1800 -0.5834
v  4.6930 -0.1800 -0.6930
v  4.6405 -0.1800 -0.5200
v  4.7608 -0.1800 -0.6177
v  4.6905 -0.1800 -0.4514
v  4.8202 -0.1800 -0.5363
v  4.7328 -0.1800 -0.3789
v  4.8705 -0.1800 -0.4501
v  4.7671 -0.1800 -0.3037
v  4.9110 -0.1800 -0.3612
v  4.7932 -0.1800 -0.2270
v  4.9420 -0.1800 -0.2701
v  4.8112 -0.1800 -0.1501
v  4.9636 -0.1800 -0.1788
v  4.8217 -0.1800 -0.0741
v  4.9760 -0.1800 -0.0885
v  4.8250 -0.1800 0.0000
v  4.9800 -0.1800 -0.0004
v  4.0490 -0.4600 -0.5428
v  4.0494 -0.4091 -0.5475
v  4.0000 -0.4091 -0.5497
v  4.0000 -0.4600 -0.5450
v  4.0507 -0.3569 -0.5624
v  4.0000 -0.3569 -0.5647
v  4.0531 -0.3068 -0.5883
v  4.0000 -0.3068 -0.5906
v  4.0563 -0.2620 -0.6245
v  4.0000 -0.2620 -0.6270
v  4.0604 -0.2256 -0.6691
v  4.0000 -0.2256 -0.6718
v  4.0649 -0.1997 -0.7190
v  4.0000 -0.1997 -0.7219
v  4.0696 -0.1847 -0.7709
v  4.0000 -0.1847 -0.7740
v  4.1408 -0.1847 -0.7611
v  4.2130 -0.1847 -0.7442
v  4.2849 -0.1847 -0.7197
v  4.3555 -0.1847 -0.6876
v  4.4236 -0.1847 -0.6479
v  4.4879 -0.1847 -0.6009
v  4.5473 -0.1847 -0.5473
v  4.6009 -0.1847 -0.4879
v  4.6479 -0.1847 -0.4236
v  4.6876 -0.1847 -0.3555
v  4.7197 -0.1847 -0.2849
v  4.7442 -0.1847 -0.2130
v  4.7611 -0.1847 -0.1408
v  4.7709 -0.1847 -0.0696
v  4.7741 -0.1847 0.0000
v  4.7709 -0.1847 0.0696
v  4.7611 -0.1847 0.1408
v  4.7442 -0.1847 0.2130
v  4.7197 -0.1847 0.2849
v  4.6876 -0.1847 0.3555
v  4.6479 -0.1847 0.4236
v  4.6009 -0.1847 0.4879
v  4.5473 -0.1847 0.5473
v  4.4879 -0.1847 0.6009
v  4.4236 -0.1847 0.6479
v  4.3555 -0.1847 0.6876
v  4.2849 -0.1847 0.7197
v  4.2130 -0.1847 0.7442
v  4.1408 -0.1847 0.7611
v  4.0696 -0.1847 0.7709
v  4.0000 -0.1847 0.7741
v  4.0649 -0.1997 0.7190
v  4.0000 -0.1997 0.7219
v  4.0604 -0.2256 0.6691
v  4.0000 -0.2256 0.6718
v  4.0563 -0.2620 0.6245
v  4.0000 -0.2620 0.6270
v  4.0531 -0.3068 0.5883
v  4.0000 -0.3068 0.5906
v  4.0507 -0.3569 0.5624
v  4.0000 -0.3569 0.5647
v  4.0494 -0.4091 0.5475
v  4.0000 -0.4090 0.5497
v  4.0490 -0.4600 0.5428
v  4.0000 -0.4600 0.5450
v  4.1000 -0.4091 0.5405
v  4.0992 -0.4600 0.5359
v  4.1512 -0.4091 0.5285
v  4.1500 -0.4600 0.5240
v  4.2023 -0.4091 0.5111
v  4.2006 -0.4600 0.5067
v  4.2525 -0.4090 0.4883
v  4.2503 -0.4600 0.4841
v  4.3008 -0.4090 0.4601
v  4.2982 -0.4600 0.4562
v  4.3465 -0.4090 0.4267
v  4.3435 -0.4600 0.4231
v  4.3887 -0.4090 0.3887
v  4.3854 -0.4600 0.3854
v  4.4267 -0.4090 0.3465
v  4.4231 -0.4600 0.3435
v  4.4601 -0.4090 0.3008
v  4.4562 -0.4600 0.2982
v  4.4883 -0.4090 0.2525
v  4.4841 -0.4600 0.2503
v  4.5111 -0.4091 0.2023
v  4.5067 -0.4600 0.2006
v  4.5285 -0.4091 0.1512
v  4.5240 -0.4600 0.1500
v  4.5405 -0.4091 0.1000
v  4.5359 -0.4600 0.0992
v  4.5475 -0.4091 0.0494
v  4.5428 -0.4600 0.0490
v  4.5497 -0.4091 0.0000
v  4.5450 -0.4600 0.0000
v  4.5475 -0.4091 -0.0494
v  4.5428 -0.4600 -0.0490
v  4.5405 -0.4091 -0.1000
v  4.5359 -0.4600 -0.0992
v  4.5285 -0.4091 -0.1512
v  4.5240 -0.4600 -0.1500
v  4.5111 -0.4091 -0.2023
v  4.5067 -0.4600 -0.2006
v  4.4883 -0.4090 -0.2525
v  4.4841 -0.4600 -0.2503
v  4.4601 -0.4090 -0.3008
v  4.4562 -0.4600 -0.2982
v  4.4267 -0.4090 -0.3465
v  4.4231 -0.4600 -0.3435
v  4.3887 -0.4090 -0.3887
v  4.3854 -0.4600 -0.3854
v  4.3465 -0.4090 -0.4267
v  4.3435 -0.4600 -0.4231
v  4.3008 -0.4090 -0.4601
v  4.2982 -0.4600 -0.4562
v  4.2525 -0.4090 -0.4883
v  4.2503 -0.4600 -0.4841
v  4.2023 -0.4090 -0.5111
v  4.2006 -0.4600 -0.5067
v  4.1512 -0.4090 -0.5285
v  4.1500 -0.4600 -0.5240
v  4.1000 -0.4090 -0.5405
v  4.0992 -0.4600 -0.5359
v  4.1027 -0.3569 0.5552
v  4.1554 -0.3569 0.5429
v  4.2078 -0.3569 0.5250
v  4.1075 -0.3068 0.5808
v  4.1141 -0.2620 0.6165
v  4.1625 -0.3068 0.5678
v  4.2174 -0.3068 0.5492
v  4.1725 -0.2620 0.6028
v  4.2308 -0.2620 0.5830
v  4.2593 -0.3569 0.5016
v  4.3090 -0.3569 0.4726
v  4.3559 -0.3569 0.4384
v  4.3993 -0.3569 0.3993
v  4.2713 -0.3068 0.5247
v  4.3232 -0.3068 0.4944
v  4.2880 -0.2620 0.5570
v  4.3431 -0.2620 0.5248
v  4.3723 -0.3068 0.4585
v  4.4176 -0.3068 0.4176
v  4.3952 -0.2620 0.4868
v  4.4434 -0.2620 0.4434
v  4.1222 -0.2256 0.6606
v  4.1314 -0.1997 0.7099
v  4.1848 -0.2256 0.6459
v  4.2473 -0.2256 0.6246
v  4.1986 -0.1997 0.6941
v  4.2657 -0.1997 0.6712
v  4.3085 -0.2256 0.5967
v  4.3676 -0.2256 0.5623
v  4.3316 -0.1997 0.6413
v  4.3950 -0.1997 0.6043
v  4.4234 -0.2256 0.5215
v  4.4750 -0.2256 0.4750
v  4.4550 -0.1997 0.5605
v  4.5105 -0.1997 0.5105
v  4.4384 -0.3569 0.3559
v  4.4726 -0.3569 0.3090
v  4.5016 -0.3569 0.2593
v  4.5250 -0.3569 0.2078
v  4.4585 -0.3068 0.3723
v  4.4944 -0.3068 0.3232
v  4.4868 -0.2620 0.3952
v  4.5248 -0.2620 0.3431
v  4.5247 -0.3068 0.2713
v  4.5492 -0.3068 0.2174
v  4.5570 -0.2620 0.2880
v  4.5830 -0.2620 0.2308
v  4.5429 -0.3569 0.1554
v  4.5552 -0.3569 0.1027
v  4.5624 -0.3569 0.0507
v  4.5647 -0.3569 0.0000
v  4.5678 -0.3068 0.1625
v  4.5808 -0.3068 0.1075
v  4.6028 -0.2620 0.1725
v  4.6165 -0.2620 0.1141
v  4.5883 -0.3068 0.0531
v  4.5906 -0.3068 0.0000
v  4.6245 -0.2620 0.0563
v  4.6270 -0.2620 0.0000
v  4.5215 -0.2256 0.4234
v  4.5623 -0.2256 0.3676
v  4.5605 -0.1997 0.4550
v  4.6043 -0.1997 0.3950
v  4.5967 -0.2256 0.3085
v  4.6246 -0.2256 0.2473
v  4.6413 -0.1997 0.3316
v  4.6712 -0.1997 0.2657
v  4.6458 -0.2256 0.1848
v  4.6606 -0.2256 0.1222
v  4.6941 -0.1997 0.1986
v  4.7099 -0.1997 0.1314
v  4.6691 -0.2256 0.0604
v  4.6718 -0.2256 0.0000
v  4.7190 -0.1997 0.0649
v  4.7219 -0.1997 0.0000
v  4.5624 -0.3569 -0.0507
v  4.5552 -0.3569 -0.1027
v  4.5429 -0.3569 -0.1554
v  4.5250 -0.3569 -0.2078
v  4.5883 -0.3068 -0.0531
v  4.5808 -0.3068 -0.1075
v  4.6245 -0.2620 -0.0563
v  4.6165 -0.2620 -0.1141
v  4.5678 -0.3068 -0.1625
v  4.5492 -0.3068 -0.2174
v  4.6028 -0.2620 -0.1725
v  4.5830 -0.2620 -0.2308
v  4.5016 -0.3569 -0.2593
v  4.4726 -0.3569 -0.3090
v  4.4384 -0.3569 -0.3559
v  4.3993 -0.3569 -0.3993
v  4.5247 -0.3068 -0.2713
v  4.4944 -0.3068 -0.3232
v  4.5570 -0.2620 -0.2880
v  4.5248 -0.2620 -0.3431
v  4.4585 -0.3068 -0.3723
v  4.4176 -0.3068 -0.4176
v  4.4868 -0.2620 -0.3952
v  4.4434 -0.2620 -0.4434
v  4.6691 -0.2256 -0.0604
v  4.6606 -0.2256 -0.1222
v  4.7190 -0.1997 -0.0649
v  4.7099 -0.1997 -0.1314
v  4.6458 -0.2256 -0.1848
v  4.6246 -0.2256 -0.2473
v  4.6941 -0.1997 -0.1986
v  4.6712 -0.1997 -0.2657
v  4.5967 -0.2256 -0.3085
v  4.5623 -0.2256 -0.3676
v  4.6413 -0.1997 -0.3316
v  4.6043 -0.1997 -0.3950
v  4.5215 -0.2256 -0.4234
v  4.4750 -0.2256 -0.4750
v  4.5605 -0.1997 -0.4550
v  4.5105 -0.1997 -0.5105
v  4.3559 -0.3569 -0.4384
v  4.3090 -0.3569 -0.4726
v  4.2593 -0.3569 -0.5016
v  4.2078 -0.3569 -0.5250
v  4.3723 -0.3068 -0.4585
v  4.3232 -0.3068 -0.4944
v  4.3952 -0.2620 -0.4868
v  4.3431 -0.2620 -0.5248
v  4.2713 -0.3068 -0.5247
v  4.2174 -0.3068 -0.5492
v  4.2880 -0.2620 -0.5570
v  4.2308 -0.2620 -0.5830
v  4.1554 -0.3569 -0.5429
v  4.1027 -0.3569 -0.5552
v  4.1625 -0.3068 -0.5678
v  4.1075 -0.3068 -0.5808
v  4.1725 -0.2620 -0.6028
v  4.1141 -0.2620 -0.6165
v  4.4234 -0.2256 -0.5215
v  4.3676 -0.2256 -0.5623
v  4.4550 -0.1997 -0.5605
v  4.3950 -0.1997 -0.6043
v  4.3085 -0.2256 -0.5967
v  4.2473 -0.2256 -0.6246
v  4.3316 -0.1997 -0.6413
v  4.2657 -0.1997 -0.6712
v  4.1848 -0.2256 -0.6458
v  4.1222 -0.2256 -0.6606
v  4.1986 -0.1997 -0.6941
v  4.1314 -0.1997 -0.7099
v  4.4501 0.0000 0.8705
v  4.3603 0.0000 0.9114
v  4.0000 -0.0000 0.0000
v  4.5363 0.0000 0.8202
v  4.6177 0.0000 0.7608
v  4.6930 0.0000 0.6930
v  4.7608 0.0000 0.6177
v  4.8202 0.0000 0.5363
v  4.8705 0.0000 0.4501
v  4.9110 0.0000 0.3612
v  4.9421 0.0000 0.2701
v  4.9636 0.0000 0.1788
v  4.9760 0.0000 0.0885
v  4.9800 0.0000 0.0005
v  4.9761 0.0000 -0.0876
v  4.9637 0.0000 -0.1779
v  4.9423 0.0000 -0.2692
v  4.9114 0.0000 -0.3603
v  4.8705 0.0000 -0.4501
v  4.8202 0.0000 -0.5363
v  4.7608 0.0000 -0.6177
v  4.6930 0.0000 -0.6930
v  4.6177 0.0000 -0.7608
v  4.5363 -0.0000 -0.8202
v  4.4501 0.0000 -0.8705
v  4.3612 0.0000 -0.9110
v  4.2701 0.0000 -0.9420
v  4.1788 -0.0000 -0.9636
v  4.0885 0.0000 -0.9760
v  4.0004 -0.0000 -0.9800
v  3.9124 0.0000 -0.9761
v  3.8221 -0.0000 -0.9637
v  3.7308 0.0000 -0.9423
v  3.6397 -0.0000 -0.9114
v  3.5499 0.0000 -0.8705
v  3.4637 0.0000 -0.8202
v  3.3823 0.0000 -0.7608
v  3.3070 -0.0000 -0.6930
v  3.2392 -0.0000 -0.6177
v  3.1798 -0.0000 -0.5363
v  3.1295 -0.0000 -0.4501
v  3.0890 -0.0000 -0.3612
v  3.0580 -0.0000 -0.2701
v  3.0364 -0.0000 -0.1788
v  3.0240 -0.0000 -0.0885
v  3.0200 -0.0000 -0.0004
v  3.0239 -0.0000 0.0876
v  3.0363 -0.0000 0.1779
v  3.0577 0.0000 0.2692
v  3.0886 0.0000 0.3603
v  3.1295 0.0000 0.4501
v  3.1798 0.0000 0.5363
v  3.2392 -0.0000 0.6177
v  3.3070 0.0000 0.6930
v  3.3823 0.0000 0.7608
v  3.4637 0.0000 0.8202
v  3.5499 0.0000 0.8705
v  3.6388 0.0000 0.9110
v  3.7299 0.0000 0.9421
v  3.8212 0.0000 0.9636
v  3.9115 -0.0000 0.9760
v  3.9996 0.0000 0.9800
v  4.0876 0.0000 0.9761
v  4.1779 0.0000 0.9637
v  4.2692 0.0000 0.9423
v  4.0890 -0.1700 -0.9860
v  4.0890 -0.0100 -0.9860
v  4.0890 -0.0100 0.9860
v  4.0890 -0.1700 0.9860
v  4.1801 -0.0100 0.9735
v  4.1801 -0.1700 0.9735
v  4.2724 -0.0100 0.9518
v  4.2724 -0.1700 0.9518
v  4.3644 -0.0100 0.9205
v  4.3644 -0.1700 0.9205
v  4.4547 -0.0100 0.8794
v  4.4547 -0.1700 0.8794
v  4.5417 -0.0100 0.8286
v  4.5417 -0.1700 0.8286
v  4.6240 -0.0100 0.7686
v  4.6240 -0.1700 0.7686
v  4.7000 -0.0100 0.7000
v  4.7000 -0.1700 0.7000
v  4.7686 -0.0100 0.6240
v  4.7686 -0.1700 0.6240
v  4.8286 -0.0100 0.5417
v  4.8286 -0.1700 0.5417
v  4.8794 -0.0100 0.4547
v  4.8794 -0.1700 0.4547
v  4.9205 -0.0100 0.3644
v  4.9205 -0.1700 0.3644
v  4.9518 -0.0100 0.2724
v  4.9518 -0.1700 0.2724
v  4.9735 -0.0100 0.1801
v  4.9735 -0.1700 0.1801
v  4.9860 -0.0100 0.0890
v  4.9860 -0.1700 0.0890
v  4.9900 -0.0100 0.0000
v  4.9900 -0.1700 0.0000
v  4.9860 -0.0100 -0.0890
v  4.9860 -0.1700 -0.0890
v  4.9735 -0.0100 -0.1801
v  4.9735 -0.1700 -0.1801
v  4.9518 -0.0100 -0.2724
v  4.9518 -0.1700 -0.2724
v  4.9205 -0.0100 -0.3644
v  4.9205 -0.1700 -0.3644
v  4.8794 -0.0100 -0.4547
v  4.8794 -0.1700 -0.4547
v  4.8286 -0.0100 -0.5417
v  4.8286 -0.1700 -0.5417
v  4.7686 -0.0100 -0.6240
v  4.7686 -0.1700 -0.6240
v  4.7000 -0.0100 -0.7000
v  4.7000 -0.1700 -0.7000
v  4.6240 -0.0100 -0.7686
v  4.6240 -0.1700 -0.7686
v  4.5417 -0.0100 -0.8286
v  4.5417 -0.1700 -0.8286
v  4.4547 -0.0100 -0.8794
v  4.4547 -0.1700 -0.8794
v  4.3644 -0.0100 -0.9205
v  4.3644 -0.1700 -0.9205
v  4.2724 -0.0100 -0.9518
v  4.2724 -0.1700 -0.9518
v  4.1801 -0.0100 -0.9735
v  4.1801 -0.1700 -0.9735
v  3.9304 -0.1847 -0.7709
v  3.9351 -0.1997 -0.7190
v  3.9396 -0.2256 -0.6691
v  3.9437 -0.2620 -0.6245
v  3.9469 -0.3068 -0.5883
v  3.9493 -0.3569 -0.5624
v  3.9506 -0.4091 -0.5475
v  3.9510 -0.4600 -0.5428
v  3.9000 -0.4091 -0.5405
v  3.9008 -0.4600 -0.5359
v  3.8488 -0.4091 -0.5285
v  3.8500 -0.4600 -0.5240
v  3.7977 -0.4091 -0.5111
v  3.7994 -0.4600 -0.5067
v  3.7475 -0.4091 -0.4883
v  3.7497 -0.4600 -0.4841
v  3.6992 -0.4091 -0.4601
v  3.7018 -0.4600 -0.4562
v  3.6535 -0.4091 -0.4267
v  3.6565 -0.4600 -0.4231
v  3.6113 -0.4091 -0.3887
v  3.6146 -0.4600 -0.3854
v  3.5733 -0.4091 -0.3465
v  3.5769 -0.4600 -0.3435
v  3.5399 -0.4091 -0.3008
v  3.5438 -0.4600 -0.2982
v  3.5117 -0.4091 -0.2525
v  3.5159 -0.4600 -0.2503
v  3.4889 -0.4090 -0.2023
v  3.4933 -0.4600 -0.2006
v  3.4715 -0.4091 -0.1512
v  3.4760 -0.4600 -0.1500
v  3.4595 -0.4091 -0.1000
v  3.4641 -0.4600 -0.0992
v  3.4525 -0.4091 -0.0494
v  3.4572 -0.4600 -0.0490
v  3.4503 -0.4091 0.0000
v  3.4550 -0.4600 0.0000
v  3.4525 -0.4091 0.0494
v  3.4572 -0.4600 0.0490
v  3.4595 -0.4091 0.1000
v  3.4641 -0.4600 0.0992
v  3.4715 -0.4091 0.1512
v  3.4760 -0.4600 0.1500
v  3.4889 -0.4091 0.2023
v  3.4933 -0.4600 0.2006
v  3.5117 -0.4091 0.2525
v  3.5159 -0.4600 0.2503
v  3.5399 -0.4090 0.3008
v  3.5438 -0.4600 0.2982
v  3.5733 -0.4090 0.3465
v  3.5769 -0.4600 0.3435
v  3.6113 -0.4091 0.3887
v  3.6146 -0.4600 0.3854
v  3.6535 -0.4091 0.4267
v  3.6565 -0.4600 0.4231
v  3.6992 -0.4091 0.4601
v  3.7018 -0.4600 0.4562
v  3.7475 -0.4090 0.4883
v  3.7497 -0.4600 0.4841
v  3.7977 -0.4091 0.5111
v  3.7994 -0.4600 0.5067
v  3.8488 -0.4091 0.5285
v  3.8500 -0.4600 0.5240
v  3.9000 -0.4091 0.5405
v  3.9008 -0.4600 0.5359
v  3.9506 -0.4091 0.5475
v  3.9510 -0.4600 0.5428
v  3.9493 -0.3569 0.5624
v  3.9469 -0.3068 0.5883
v  3.9437 -0.2620 0.6245
v  3.9396 -0.2256 0.6691
v  3.9351 -0.1997 0.7190
v  3.9304 -0.1847 0.7709
v  3.8592 -0.1847 0.7611
v  3.7870 -0.1847 0.7442
v  3.7151 -0.1847 0.7197
v  3.6445 -0.1847 0.6876
v  3.5764 -0.1847 0.6479
v  3.5121 -0.1847 0.6009
v  3.4527 -0.1847 0.5473
v  3.3991 -0.1847 0.4879
v  3.3521 -0.1847 0.4236
v  3.3124 -0.1847 0.3555
v  3.2803 -0.1847 0.2849
v  3.2558 -0.1847 0.2130
v  3.2389 -0.1847 0.1408
v  3.2291 -0.1847 0.0696
v  3.2260 -0.1847 0.0000
v  3.2291 -0.1847 -0.0696
v  3.2389 -0.1847 -0.1408
v  3.2558 -0.1847 -0.2130
v  3.2803 -0.1847 -0.2849
v  3.3124 -0.1847 -0.3555
v  3.3521 -0.1847 -0.4236
v  3.3991 -0.1847 -0.4879
v  3.4527 -0.1847 -0.5473
v  3.5121 -0.1847 -0.6009
v  3.5764 -0.1847 -0.6479
v  3.6445 -0.1847 -0.6876
v  3.7151 -0.1847 -0.7197
v  3.7870 -0.1847 -0.7442
v  3.8592 -0.1847 -0.7611
v  3.8973 -0.3569 -0.5552
v  3.8446 -0.3569 -0.5429
v  3.7922 -0.3569 -0.5250
v  3.8925 -0.3068 -0.5808
v  3.8859 -0.2620 -0.6165
v  3.8375 -0.3068 -0.5678
v  3.7826 -0.3068 -0.5492
v  3.8275 -0.2620 -0.6028
v  3.7692 -0.2620 -0.5830
v  3.7407 -0.3569 -0.5016
v  3.6910 -0.3569 -0.4726
v  3.6441 -0.3569 -0.4384
v  3.6007 -0.3569 -0.3993
v  3.7287 -0.3068 -0.5247
v  3.6768 -0.3068 -0.4944
v  3.7120 -0.2620 -0.5570
v  3.6569 -0.2620 -0.5248
v  3.6277 -0.3068 -0.4585
v  3.5824 -0.3068 -0.4176
v  3.6048 -0.2620 -0.4868
v  3.5566 -0.2620 -0.4434
v  3.8778 -0.2256 -0.6606
v  3.8686 -0.1997 -0.7099
v  3.8152 -0.2256 -0.6458
v  3.7527 -0.2256 -0.6246
v  3.8014 -0.1997 -0.6941
v  3.7343 -0.1997 -0.6712
v  3.6915 -0.2256 -0.5967
v  3.6324 -0.2256 -0.5623
v  3.6684 -0.1997 -0.6413
v  3.6050 -0.1997 -0.6043
v  3.5766 -0.2256 -0.5215
v  3.5250 -0.2256 -0.4750
v  3.5450 -0.1997 -0.5605
v  3.4895 -0.1997 -0.5105
v  3.5616 -0.3569 -0.3559
v  3.5274 -0.3569 -0.3090
v  3.4984 -0.3569 -0.2593
v  3.4750 -0.3569 -0.2078
v  3.5415 -0.3068 -0.3723
v  3.5056 -0.3068 -0.3232
v  3.5132 -0.2620 -0.3952
v  3.4752 -0.2620 -0.3431
v  3.4753 -0.3068 -0.2713
v  3.4508 -0.3068 -0.2174
v  3.4430 -0.2620 -0.2880
v  3.4170 -0.2620 -0.2308
v  3.4571 -0.3569 -0.1554
v  3.4448 -0.3569 -0.1027
v  3.4376 -0.3569 -0.0507
v  3.4353 -0.3569 0.0000
v  3.4322 -0.3068 -0.1625
v  3.4192 -0.3068 -0.1075
v  3.3972 -0.2620 -0.1725
v  3.3835 -0.2620 -0.1141
v  3.4117 -0.3068 -0.0531
v  3.4094 -0.3068 0.0000
v  3.3755 -0.2620 -0.0563
v  3.3730 -0.2620 0.0000
v  3.4785 -0.2256 -0.4234
v  3.4377 -0.2256 -0.3676
v  3.4395 -0.1997 -0.4550
v  3.3957 -0.1997 -0.3950
v  3.4033 -0.2256 -0.3085
v  3.3754 -0.2256 -0.2473
v  3.3587 -0.1997 -0.3316
v  3.3288 -0.1997 -0.2657
v  3.3542 -0.2256 -0.1848
v  3.3394 -0.2256 -0.1222
v  3.3059 -0.1997 -0.1986
v  3.2901 -0.1997 -0.1314
v  3.3309 -0.2256 -0.0604
v  3.3282 -0.2256 0.0000
v  3.2810 -0.1997 -0.0649
v  3.2781 -0.1997 0.0000
v  3.4376 -0.3569 0.0507
v  3.4448 -0.3569 0.1027
v  3.4571 -0.3569 0.1554
v  3.4750 -0.3569 0.2078
v  3.4117 -0.3068 0.0531
v  3.4192 -0.3068 0.1075
v  3.3755 -0.2620 0.0563
v  3.3835 -0.2620 0.1141
v  3.4322 -0.3068 0.1625
v  3.4508 -0.3068 0.2174
v  3.3972 -0.2620 0.1725
v  3.4170 -0.2620 0.2308
v  3.4984 -0.3569 0.2593
v  3.5274 -0.3569 0.3090
v  3.5616 -0.3569 0.3559
v  3.6007 -0.3569 0.3993
v  3.4753 -0.3068 0.2713
v  3.5056 -0.3068 0.3232
v  3.4430 -0.2620 0.2880
v  3.4752 -0.2620 0.3431
v  3.5415 -0.3068 0.3723
v  3.5824 -0.3068 0.4176
v  3.5132 -0.2620 0.3952
v  3.5566 -0.2620 0.4434
v  3.3309 -0.2256 0.0604
v  3.3394 -0.2256 0.1222
v  3.2810 -0.1997 0.0649
v  3.2901 -0.1997 0.1314
v  3.3542 -0.2256 0.1848
v  3.3754 -0.2256 0.2473
v  3.3059 -0.1997 0.1986
v  3.3288 -0.1997 0.2657
v  3.4033 -0.2256 0.3085
v  3.4377 -0.2256 0.3676
v  3.3587 -0.1997 0.3316
v  3.3957 -0.1997 0.3950
v  3.4785 -0.2256 0.4234
v  3.5250 -0.2256 0.4750
v  3.4395 -0.1997 0.4550
v  3.4895 -0.1997 0.5105
v  3.6441 -0.3569 0.4384
v  3.6910 -0.3569 0.4726
v  3.7407 -0.3569 0.5016
v  3.7922 -0.3569 0.5250
v  3.6277 -0.3068 0.4585
v  3.6768 -0.3068 0.4944
v  3.6048 -0.2620 0.4868
v  3.6569 -0.2620 0.5248
v  3.7287 -0.3068 0.5247
v  3.7826 -0.3068 0.5492
v  3.7120 -0.2620 0.5570
v  3.7692 -0.2620 0.5830
v  3.8446 -0.3569 0.5429
v  3.8973 -0.3569 0.5552
v  3.8375 -0.3068 0.5678
v  3.8925 -0.3068 0.5808
v  3.8275 -0.2620 0.6028
v  3.8859 -0.2620 0.6165
v  3.5766 -0.2256 0.5215
v  3.6324 -0.2256 0.5623
v  3.5450 -0.1997 0.5605
v  3.6050 -0.1997 0.6043
v  3.6915 -0.2256 0.5967
v  3.7527 -0.2256 0.6246
v  3.6684 -0.1997 0.6413
v  3.7343 -0.1997 0.6712
v  3.8152 -0.2256 0.6459
v  3.8778 -0.2256 0.6606
v  3.8014 -0.1997 0.6941
v  3.8686 -0.1997 0.7099
v  4.0000 -1.9720 -0.5450
v  4.0490 -1.9720 -0.5428
v  4.0490 -1.9720 0.5428
v  4.0000 -1.9720 0.5450
v  4.0992 -1.9720 0.5359
v  4.1500 -1.9720 0.5240
v  4.2006 -1.9720 0.5067
v  4.2503 -1.9720 0.4841
v  4.2982 -1.9720 0.4562
v  4.3435 -1.9720 0.4231
v  4.3854 -1.9720 0.3854
v  4.4231 -1.9720 0.3435
v  4.4562 -1.9720 0.2982
v  4.4841 -1.9720 0.2503
v  4.5067 -1.9720 0.2006
v  4.5240 -1.9720 0.1500
v  4.5359 -1.9720 0.0992
v  4.5428 -1.9720 0.0490
v  4.5450 -1.9720 0.0000
v  4.5428 -1.9720 -0.0490
v  4.5359 -1.9720 -0.0992
v  4.5240 -1.9720 -0.1500
v  4.5067 -1.9720 -0.2006
v  4.4841 -1.9720 -0.2503
v  4.4562 -1.9720 -0.2982
v  4.4231 -1.9720 -0.3435
v  4.3854 -1.9720 -0.3854
v  4.3435 -1.9720 -0.4231
v  4.2982 -1.9720 -0.4562
v  4.2503 -1.9720 -0.4841
v  4.2006 -1.9720 -0.5067
v  4.1500 -1.9720 -0.5240
v  4.0992 -1.9720 -0.5359
v  3.9510 -1.9720 -0.5428
v  3.9008 -1.9720 -0.5359
v  3.8500 -1.9720 -0.5240
v  3.7994 -1.9720 -0.5067
v  3.7497 -1.9720 -0.4841
v  3.7018 -1.9720 -0.4562
v  3.6565 -1.9720 -0.4231
v  3.6146 -1.9720 -0.3854
v  3.5769 -1.9720 -0.3435
v  3.5438 -1.9720 -0.2982
v  3.5159 -1.9720 -0.2503
v  3.4933 -1.9720 -0.2006
v  3.4760 -1.9720 -0.1500
v  3.4641 -1.9720 -0.0992
v  3.4572 -1.9720 -0.0490
v  3.4550 -1.9720 0.0000
v  3.4572 -1.9720 0.0490
v  3.4641 -1.9720 0.0992
v  3.4760 -1.9720 0.1500
v  3.4933 -1.9720 0.2006
v  3.5159 -1.9720 0.2503
v  3.5438 -1.9720 0.2982
v  3.5769 -1.9720 0.3435
v  3.6146 -1.9720 0.3854
v  3.6565 -1.9720 0.4231
v  3.7018 -1.9720 0.4562
v  3.7497 -1.9720 0.4841
v  3.7994 -1.9720 0.5067
v  3.8500 -1.9720 0.5240
v  3.9008 -1.9720 0.5359
v  3.9510 -1.9720 0.5428
v  4.0476 -1.9820 -0.5329
v  3.9996 -1.9820 -0.5350
v  4.0000 -1.9820 0.0000
v  4.0005 -1.9820 0.5350
v  4.0485 -1.9820 0.5328
v  4.0978 -1.9820 0.5260
v  4.1477 -1.9820 0.5142
v  4.1974 -1.9820 0.4973
v  4.2457 -1.9820 0.4752
v  4.2927 -1.9820 0.4478
v  4.3372 -1.9820 0.4153
v  4.3783 -1.9820 0.3783
v  4.4153 -1.9820 0.3372
v  4.4478 -1.9820 0.2927
v  4.4752 -1.9820 0.2457
v  4.4976 -1.9820 0.1965
v  4.5145 -1.9820 0.1467
v  4.5262 -1.9820 0.0969
v  4.5329 -1.9820 0.0476
v  4.5350 -1.9820 -0.0004
v  4.5328 -1.9820 -0.0485
v  4.5260 -1.9820 -0.0978
v  4.5142 -1.9820 -0.1477
v  4.4973 -1.9820 -0.1974
v  4.4752 -1.9820 -0.2457
v  4.4478 -1.9820 -0.2927
v  4.4153 -1.9820 -0.3372
v  4.3783 -1.9820 -0.3783
v  4.3372 -1.9820 -0.4153
v  4.2927 -1.9820 -0.4478
v  4.2457 -1.9820 -0.4752
v  4.1965 -1.9820 -0.4976
v  4.1467 -1.9820 -0.5145
v  4.0969 -1.9820 -0.5262
v  3.9515 -1.9820 -0.5328
v  3.9022 -1.9820 -0.5260
v  3.8523 -1.9820 -0.5142
v  3.8026 -1.9820 -0.4973
v  3.7543 -1.9820 -0.4752
v  3.7073 -1.9820 -0.4478
v  3.6628 -1.9820 -0.4153
v  3.6217 -1.9820 -0.3783
v  3.5847 -1.9820 -0.3372
v  3.5522 -1.9820 -0.2927
v  3.5248 -1.9820 -0.2457
v  3.5024 -1.9820 -0.1965
v  3.4855 -1.9820 -0.1467
v  3.4738 -1.9820 -0.0969
v  3.4671 -1.9820 -0.0476
v  3.4650 -1.9820 0.0005
v  3.4672 -1.9820 0.0485
v  3.4740 -1.9820 0.0978
v  3.4858 -1.9820 0.1477
v  3.5027 -1.9820 0.1974
v  3.5248 -1.9820 0.2457
v  3.5522 -1.9820 0.2927
v  3.5847 -1.9820 0.3372
v  3.6217 -1.9820 0.3783
v  3.6628 -1.9820 0.4153
v  3.7073 -1.9820 0.4478
v  3.7543 -1.9820 0.4752
v  3.8035 -1.9820 0.4976
v  3.8533 -1.9820 0.5145
v  3.9031 -1.9820 0.5262
v  3.9524 -1.9820 0.5329
v  4.0000 -0.1800 0.9900
v  3.9110 -0.1800 0.9860
v  3.9110 0.0000 0.9860
v  4.0000 0.0000 0.9900
v  4.0000 0.0000 -0.9900
v  3.9110 0.0000 -0.9860
v  3.9110 -0.1800 -0.9860
v  4.0000 -0.1800 -0.9900
v  3.8199 -0.1800 -0.9735
v  3.8199 0.0000 -0.9735
v  3.7276 -0.1800 -0.9518
v  3.7276 0.0000 -0.9518
v  3.6356 -0.1800 -0.9205
v  3.6356 -0.0000 -0.9205
v  3.5453 -0.1800 -0.8794
v  3.5453 0.0000 -0.8794
v  3.4583 0.0000 -0.8286
v  3.4583 -0.1800 -0.8286
v  3.3760 -0.1800 -0.7686
v  3.3760 0.0000 -0.7686
v  3.3000 -0.1800 -0.7000
v  3.3000 -0.0000 -0.7000
v  3.2314 -0.0000 -0.6240
v  3.2314 -0.1800 -0.6240
v  3.1714 -0.1800 -0.5417
v  3.1714 -0.0000 -0.5417
v  3.1206 -0.0000 -0.4547
v  3.1206 -0.1800 -0.4547
v  3.0795 -0.0000 -0.3644
v  3.0795 -0.1800 -0.3644
v  3.0482 -0.1800 -0.2724
v  3.0482 -0.0000 -0.2724
v  3.0265 -0.1800 -0.1801
v  3.0265 -0.0000 -0.1801
v  3.0140 -0.1800 -0.0890
v  3.0140 -0.0000 -0.0890
v  3.0100 -0.1800 0.0000
v  3.0100 -0.0000 0.0000
v  3.0140 -0.1800 0.0890
v  3.0140 -0.0000 0.0890
v  3.0265 0.0000 0.1801
v  3.0265 -0.1800 0.1801
v  3.0482 -0.1800 0.2724
v  3.0482 0.0000 0.2724
v  3.0795 -0.0000 0.3644
v  3.0795 -0.1800 0.3644
v  3.1206 -0.1800 0.4547
v  3.1206 0.0000 0.4547
v  3.1714 -0.1800 0.5417
v  3.1714 0.0000 0.5417
v  3.2314 0.0000 0.6240
v  3.2314 -0.1800 0.6240
v  3.3000 -0.1800 0.7000
v  3.3000 -0.0000 0.7000
v  3.3760 -0.1800 0.7686
v  3.3760 0.0000 0.7686
v  3.4583 0.0000 0.8286
v  3.4583 -0.1800 0.8286
v  3.5453 -0.1800 0.8794
v  3.5453 -0.0000 0.8794
v  3.6356 0.0000 0.9205
v  3.6356 -0.1800 0.9205
v  3.7276 -0.1800 0.9518
v  3.7276 0.0000 0.9518
v  3.8199 -0.0000 0.9735
v  3.8199 -0.1800 0.9735
v  4.9735 -0.1800 0.1801
v  4.9860 -0.1800 0.0890
v  4.9518 -0.1800 0.2724
v  4.9205 -0.1800 0.3644
v  4.8794 -0.1800 0.4547
v  4.8286 -0.1800 0.5417
v  4.7686 -0.1800 0.6240
v  4.7000 -0.1800 0.7000
v  4.6240 -0.1800 0.7686
v  4.5417 -0.1800 0.8286
v  4.4547 -0.1800 0.8794
v  4.3644 -0.1800 0.9205
v  4.2724 -0.1800 0.9518
v  4.1801 -0.1800 0.9735
v  4.0890 -0.1800 0.9860
v  4.0890 -0.1800 -0.9860
v  4.1801 -0.1800 -0.9735
v  4.2724 -0.1800 -0.9518
v  4.3644 -0.1800 -0.9205
v  4.4547 -0.1800 -0.8794
v  4.5417 -0.1800 -0.8286
v  4.6240 -0.1800 -0.7686
v  4.7000 -0.1800 -0.7000
v  4.7686 -0.1800 -0.6240
v  4.8286 -0.1800 -0.5417
v  4.8794 -0.1800 -0.4547
v  4.9205 -0.1800 -0.3644
v  4.9518 -0.1800 -0.2724
v  4.9735 -0.1800 -0.1801
v  4.9860 -0.1800 -0.0890
v  4.9900 -0.1800 0.0000
v  4.4547 0.0000 0.8794
v  4.3644 0.0000 0.9205
v  4.5417 0.0000 0.8286
v  4.6240 0.0000 0.7686
v  4.7000 0.0000 0.7000
v  4.7686 0.0000 0.6240
v  4.8286 0.0000 0.5417
v  4.8794 0.0000 0.4547
v  4.9205 0.0000 0.3644
v  4.9518 0.0000 0.2724
v  4.9735 0.0000 0.1801
v  4.9860 0.0000 0.0890
v  4.9900 0.0000 0.0000
v  4.9860 0.0000 -0.0890
v  4.9735 0.0000 -0.1801
v  4.9518 0.0000 -0.2724
v  4.9205 0.0000 -0.3644
v  4.8794 0.0000 -0.4547
v  4.8286 0.0000 -0.5417
v  4.7686 0.0000 -0.6240
v  4.7000 0.0000 -0.7000
v  4.6240 0.0000 -0.7686
v  4.5417 0.0000 -0.8286
v  4.4547 0.0000 -0.8794
v  4.3644 -0.0000 -0.9205
v  4.2724 0.0000 -0.9518
v  4.1801 -0.0000 -0.9735
v  4.0890 0.0000 -0.9860
v  4.0890 0.0000 0.9860
v  4.1801 0.0000 0.9735
v  4.2724 0.0000 0.9518
v  4.0000 -1.9820 -0.5450
v  4.0490 -1.9820 -0.5428
v  4.0490 -1.9820 0.5428
v  4.0000 -1.9820 0.5450
v  4.0992 -1.9820 0.5359
v  4.1500 -1.9820 0.5240
v  4.2006 -1.9820 0.5067
v  4.2503 -1.9820 0.4841
v  4.2982 -1.9820 0.4562
v  4.3435 -1.9820 0.4231
v  4.3854 -1.9820 0.3854
v  4.4231 -1.9820 0.3435
v  4.4562 -1.9820 0.2982
v  4.4841 -1.9820 0.2503
v  4.5067 -1.9820 0.2006
v  4.5240 -1.9820 0.1500
v  4.5359 -1.9820 0.0992
v  4.5428 -1.9820 0.0490
v  4.5450 -1.9820 0.0000
v  4.5428 -1.9820 -0.0490
v  4.5359 -1.9820 -0.0992
v  4.5240 -1.9820 -0.1500
v  4.5067 -1.9820 -0.2006
v  4.4841 -1.9820 -0.2503
v  4.4562 -1.9820 -0.2982
v  4.4231 -1.9820 -0.3435
v  4.3854 -1.9820 -0.3854
v  4.3435 -1.9820 -0.4231
v  4.2982 -1.9820 -0.4562
v  4.2503 -1.9820 -0.4841
v  4.2006 -1.9820 -0.5067
v  4.1500 -1.9820 -0.5240
v  4.0992 -1.9820 -0.5359
v  3.9510 -1.9820 -0.5428
v  3.9008 -1.9820 -0.5359
v  3.8500 -1.9820 -0.5240
v  3.7994 -1.9820 -0.5067
v  3.7497 -1.9820 -0.4841
v  3.7018 -1.9820 -0.4562
v  3.6565 -1.9820 -0.4231
v  3.6146 -1.9820 -0.3854
v  3.5769 -1.9820 -0.3435
v  3.5438 -1.9820 -0.2982
v  3.5159 -1.9820 -0.2503
v  3.4933 -1.9820 -0.2006
v  3.4760 -1.9820 -0.1500
v  3.4641 -1.9820 -0.0992
v  3.4572 -1.9820 -0.0490
v  3.4550 -1.9820 0.0000
v  3.4572 -1.9820 0.0490
v  3.4641 -1.9820 0.0992
v  3.4760 -1.9820 0.1500
v  3.4933 -1.9820 0.2006
v  3.5159 -1.9820 0.2503
v  3.5438 -1.9820 0.2982
v  3.5769 -1.9820 0.3435
v  3.6146 -1.9820 0.3854
v  3.6565 -1.9820 0.4231
v  3.7018 -1.9820 0.4562
v  3.7497 -1.9820 0.4841
v  3.7994 -1.9820 0.5067
v  3.8500 -1.9820 0.5240
v  3.9008 -1.9820 0.5359
v  3.9510 -1.9820 0.5428
v  4.1309 -1.9700 0.4556
v  4.0868 -1.9700 0.4659
v  3.9999 -1.9700 -0.0000
v  4.0432 -1.9700 0.4719
v  3.9999 -1.9700 0.4739
v  3.9565 -1.9700 0.4719
v  3.9129 -1.9700 0.4659
v  3.8688 -1.9700 0.4556
v  3.8249 -1.9700 0.4406
v  3.7817 -1.9700 0.4210
v  3.7402 -1.9700 0.3967
v  3.7009 -1.9700 0.3681
v  3.6646 -1.9700 0.3353
v  3.6318 -1.9700 0.2990
v  3.6031 -1.9700 0.2597
v  3.5789 -1.9700 0.2181
v  3.5593 -1.9700 0.1750
v  3.5443 -1.9700 0.1310
v  3.5339 -1.9700 0.0869
v  3.5279 -1.9700 0.0433
v  3.5260 -1.9704 -0.0000
v  3.5279 -1.9751 -0.0433
v  3.5339 -1.9700 -0.0869
v  3.5443 -1.9700 -0.1310
v  3.5593 -1.9700 -0.1750
v  3.5789 -1.9700 -0.2181
v  3.6031 -1.9700 -0.2597
v  3.6318 -1.9700 -0.2990
v  3.6646 -1.9700 -0.3353
v  3.7009 -1.9700 -0.3681
v  3.7402 -1.9700 -0.3967
v  3.7817 -1.9700 -0.4210
v  3.8249 -1.9700 -0.4406
v  3.8688 -1.9700 -0.4556
v  3.9129 -1.9700 -0.4659
v  3.9565 -1.9700 -0.4719
v  3.9999 -1.9700 -0.4739
v  4.0432 -1.9700 -0.4719
v  4.0868 -1.9700 -0.4659
v  4.1309 -1.9700 -0.4556
v  4.1749 -1.9700 -0.4406
v  4.2180 -1.9700 -0.4210
v  4.2596 -1.9700 -0.3967
v  4.2989 -1.9700 -0.3681
v  4.3352 -1.9700 -0.3353
v  4.3679 -1.9700 -0.2990
v  4.3966 -1.9700 -0.2597
v  4.4209 -1.9700 -0.2181
v  4.4405 -1.9700 -0.1750
v  4.4554 -1.9700 -0.1310
v  4.4658 -1.9700 -0.0869
v  4.4718 -1.9700 -0.0433
v  4.4737 -1.9700 -0.0000
v  4.4718 -1.9700 0.0433
v  4.4658 -1.9700 0.0869
v  4.4554 -1.9700 0.1310
v  4.4405 -1.9700 0.1750
v  4.4209 -1.9700 0.2181
v  4.3966 -1.9700 0.2597
v  4.3679 -1.9700 0.2990
v  4.3352 -1.9700 0.3353
v  4.2989 -1.9700 0.3681
v  4.2596 -1.9700 0.3967
v  4.2180 -1.9700 0.4210
v  4.1749 -1.9700 0.4406
v  4.1326 -1.9840 0.4613
v  4.0879 -1.9840 0.4718
v  4.0879 -1.9760 0.4718
v  4.1326 -1.9760 0.4613
v  4.0438 -1.9840 0.4779
v  4.0438 -1.9760 0.4779
v  3.9999 -1.9840 0.4799
v  3.9999 -1.9760 0.4799
v  3.9560 -1.9840 0.4779
v  3.9560 -1.9760 0.4779
v  3.9118 -1.9840 0.4718
v  3.9118 -1.9760 0.4718
v  3.8672 -1.9840 0.4613
v  3.8672 -1.9760 0.4613
v  3.8227 -1.9840 0.4462
v  3.8227 -1.9760 0.4462
v  3.7790 -1.9840 0.4263
v  3.7790 -1.9760 0.4263
v  3.7369 -1.9840 0.4018
v  3.7369 -1.9760 0.4018
v  3.6971 -1.9840 0.3727
v  3.6971 -1.9760 0.3727
v  3.6603 -1.9840 0.3396
v  3.6603 -1.9760 0.3396
v  3.6272 -1.9840 0.3028
v  3.6272 -1.9760 0.3028
v  3.5981 -1.9840 0.2630
v  3.5981 -1.9760 0.2630
v  3.5735 -1.9840 0.2209
v  3.5735 -1.9760 0.2209
v  3.5537 -1.9840 0.1772
v  3.5537 -1.9760 0.1772
v  3.5385 -1.9840 0.1327
v  3.5385 -1.9760 0.1327
v  3.5280 -1.9840 0.0880
v  3.5280 -1.9760 0.0880
v  3.5220 -1.9840 0.0439
v  3.5220 -1.9760 0.0439
v  3.5200 -1.9840 -0.0000
v  3.5200 -1.9760 -0.0000
v  3.5228 -1.9840 -0.0438
v  3.5227 -1.9760 -0.0438
v  3.5280 -1.9840 -0.0880
v  3.5280 -1.9760 -0.0880
v  3.5385 -1.9840 -0.1327
v  3.5385 -1.9760 -0.1327
v  3.5537 -1.9840 -0.1772
v  3.5537 -1.9760 -0.1772
v  3.5735 -1.9840 -0.2209
v  3.5735 -1.9760 -0.2209
v  3.5981 -1.9840 -0.2630
v  3.5981 -1.9760 -0.2630
v  3.6272 -1.9840 -0.3028
v  3.6272 -1.9760 -0.3028
v  3.6603 -1.9840 -0.3396
v  3.6603 -1.9760 -0.3396
v  3.6971 -1.9840 -0.3727
v  3.6971 -1.9760 -0.3727
v  3.7369 -1.9840 -0.4018
v  3.7369 -1.9760 -0.4018
v  3.7790 -1.9840 -0.4263
v  3.7790 -1.9760 -0.4263
v  3.8227 -1.9840 -0.4462
v  3.8227 -1.9760 -0.4462
v  3.8672 -1.9840 -0.4613
v  3.8672 -1.9760 -0.4613
v  3.9118 -1.9840 -0.4718
v  3.9118 -1.9760 -0.4718
v  3.9560 -1.9840 -0.4779
v  3.9560 -1.9760 -0.4779
v  3.9999 -1.9840 -0.4799
v  3.9999 -1.9760 -0.4799
v  4.0438 -1.9840 -0.4779
v  4.0438 -1.9760 -0.4779
v  4.0879 -1.9840 -0.4718
v  4.0879 -1.9760 -0.4718
v  4.1326 -1.9840 -0.4613
v  4.1326 -1.9760 -0.4613
v  4.1771 -1.9840 -0.4462
v  4.1771 -1.9760 -0.4462
v  4.2208 -1.9840 -0.4263
v  4.2208 -1.9760 -0.4263
v  4.2629 -1.9840 -0.4018
v  4.2629 -1.9760 -0.4018
v  4.3027 -1.9840 -0.3727
v  4.3027 -1.9760 -0.3727
v  4.3394 -1.9840 -0.3396
v  4.3394 -1.9760 -0.3396
v  4.3726 -1.9840 -0.3028
v  4.3726 -1.9760 -0.3028
v  4.4016 -1.9840 -0.2630
v  4.4016 -1.9760 -0.2630
v  4.4262 -1.9840 -0.2209
v  4.4262 -1.9760 -0.2209
v  4.4461 -1.9840 -0.1772
v  4.4461 -1.9760 -0.1772
v  4.4612 -1.9840 -0.1327
v  4.4612 -1.9760 -0.1327
v  4.4717 -1.9840 -0.0880
v  4.4717 -1.9760 -0.0880
v  4.4778 -1.9840 -0.0439
v  4.4778 -1.9760 -0.0439
v  4.4798 -1.9840 -0.0000
v  4.4798 -1.9760 -0.0000
v  4.4778 -1.9840 0.0439
v  4.4778 -1.9760 0.0439
v  4.4717 -1.9840 0.0880
v  4.4717 -1.9760 0.0880
v  4.4612 -1.9840 0.1327
v  4.4612 -1.9760 0.1327
v  4.4461 -1.9840 0.1772
v  4.4461 -1.9760 0.1772
v  4.4262 -1.9840 0.2209
v  4.4262 -1.9760 0.2209
v  4.4016 -1.9840 0.2630
v  4.4016 -1.9760 0.2630
v  4.3726 -1.9840 0.3028
v  4.3726 -1.9760 0.3028
v  4.3394 -1.9840 0.3396
v  4.3394 -1.9760 0.3396
v  4.3027 -1.9840 0.3727
v  4.3027 -1.9760 0.3727
v  4.2629 -1.9840 0.4018
v  4.2629 -1.9760 0.4018
v  4.2208 -1.9840 0.4263
v  4.2208 -1.9760 0.4263
v  4.1771 -1.9840 0.4462
v  4.1771 -1.9760 0.4462
v  4.1326 -1.9700 0.4613
v  4.0879 -1.9700 0.4718
v  4.0438 -1.9700 0.4779
v  3.9999 -1.9700 0.4799
v  3.9560 -1.9700 0.4779
v  3.9118 -1.9700 0.4718
v  3.8672 -1.9700 0.4613
v  3.8227 -1.9700 0.4462
v  3.7790 -1.9700 0.4263
v  3.7369 -1.9700 0.4018
v  3.6971 -1.9700 0.3727
v  3.6603 -1.9700 0.3396
v  3.6272 -1.9700 0.3028
v  3.5981 -1.9700 0.2630
v  3.5735 -1.9700 0.2209
v  3.5537 -1.9700 0.1772
v  3.5385 -1.9700 0.1327
v  3.5280 -1.9700 0.0880
v  3.5220 -1.9700 0.0439
v  3.5200 -1.9700 -0.0000
v  3.5222 -1.9703 -0.0439
v  3.5280 -1.9700 -0.0880
v  3.5385 -1.9700 -0.1327
v  3.5537 -1.9700 -0.1772
v  3.5735 -1.9700 -0.2209
v  3.5981 -1.9700 -0.2630
v  3.6272 -1.9700 -0.3028
v  3.6603 -1.9700 -0.3396
v  3.6971 -1.9700 -0.3727
v  3.7369 -1.9700 -0.4018
v  3.7790 -1.9700 -0.4263
v  3.8227 -1.9700 -0.4462
v  3.8672 -1.9700 -0.4613
v  3.9118 -1.9700 -0.4718
v  3.9560 -1.9700 -0.4779
v  3.9999 -1.9700 -0.4799
v  4.0438 -1.9700 -0.4779
v  4.0879 -1.9700 -0.4718
v  4.1326 -1.9700 -0.4613
v  4.1771 -1.9700 -0.4462
v  4.2208 -1.9700 -0.4263
v  4.2629 -1.9700 -0.4018
v  4.3027 -1.9700 -0.3727
v  4.3394 -1.9700 -0.3396
v  4.3726 -1.9700 -0.3028
v  4.4016 -1.9700 -0.2630
v  4.4262 -1.9700 -0.2209
v  4.4461 -1.9700 -0.1772
v  4.4612 -1.9700 -0.1327
v  4.4717 -1.9700 -0.0880
v  4.4778 -1.9700 -0.0439
v  4.4798 -1.9700 -0.0000
v  4.4778 -1.9700 0.0439
v  4.4717 -1.9700 0.0880
v  4.4612 -1.9700 0.1327
v  4.4461 -1.9700 0.1772
v  4.4262 -1.9700 0.2209
v  4.4016 -1.9700 0.2630
v  4.3726 -1.9700 0.3028
v  4.3394 -1.9700 0.3396
v  4.3027 -1.9700 0.3727
v  4.2629 -1.9700 0.4018
v  4.2208 -1.9700 0.4263
v  4.1771 -1.9700 0.4462
v  4.1326 -1.9921 0.4613
v  4.0879 -1.9921 0.4718
v  4.0438 -1.9921 0.4779
v  3.9999 -1.9921 0.4799
v  3.9560 -1.9921 0.4779
v  3.9118 -1.9921 0.4718
v  3.8672 -1.9921 0.4613
v  3.8227 -1.9921 0.4462
v  3.7790 -1.9921 0.4263
v  3.7369 -1.9921 0.4018
v  3.6971 -1.9921 0.3727
v  3.6603 -1.9921 0.3396
v  3.6272 -1.9921 0.3028
v  3.5981 -1.9921 0.2630
v  3.5735 -1.9921 0.2209
v  3.5537 -1.9921 0.1772
v  3.5385 -1.9921 0.1327
v  3.5280 -1.9921 0.0880
v  3.5220 -1.9921 0.0439
v  3.5200 -1.9921 -0.0000
v  3.5215 -1.9921 -0.0439
v  3.5280 -1.9921 -0.0880
v  3.5385 -1.9921 -0.1327
v  3.5537 -1.9921 -0.1772
v  3.5735 -1.9921 -0.2209
v  3.5981 -1.9921 -0.2630
v  3.6272 -1.9921 -0.3028
v  3.6603 -1.9921 -0.3396
v  3.6971 -1.9921 -0.3727
v  3.7369 -1.9921 -0.4018
v  3.7790 -1.9921 -0.4263
v  3.8227 -1.9921 -0.4462
v  3.8672 -1.9921 -0.4613
v  3.9118 -1.9921 -0.4718
v  3.9560 -1.9921 -0.4779
v  3.9999 -1.9921 -0.4799
v  4.0438 -1.9921 -0.4779
v  4.0879 -1.9921 -0.4718
v  4.1326 -1.9921 -0.4613
v  4.1771 -1.9921 -0.4462
v  4.2208 -1.9921 -0.4263
v  4.2629 -1.9921 -0.4018
v  4.3027 -1.9921 -0.3727
v  4.3394 -1.9921 -0.3396
v  4.3726 -1.9921 -0.3028
v  4.4016 -1.9921 -0.2630
v  4.4262 -1.9921 -0.2209
v  4.4461 -1.9921 -0.1772
v  4.4612 -1.9921 -0.1327
v  4.4717 -1.9921 -0.0880
v  4.4778 -1.9921 -0.0439
v  4.4798 -1.9921 -0.0000
v  4.4778 -1.9921 0.0439
v  4.4717 -1.9921 0.0880
v  4.4612 -1.9921 0.1327
v  4.4461 -1.9921 0.1772
v  4.4262 -1.9921 0.2209
v  4.4016 -1.9921 0.2630
v  4.3726 -1.9921 0.3028
v  4.3394 -1.9921 0.3396
v  4.3027 -1.9921 0.3727
v  4.2629 -1.9921 0.4018
v  4.2208 -1.9921 0.4263
v  4.1771 -1.9921 0.4462
v  4.2873 -1.9899 0.0000
v  4.2859 -1.9899 -0.0282
v  4.5316 -1.9900 -0.0524
v  4.5341 -1.9900 0.0000
v  4.5387 -1.9929 -0.0531
v  4.5412 -1.9929 0.0000
v  4.5416 -1.9998 -0.0534
v  4.5444 -1.9998 0.0000
v  4.5445 -2.0078 0.0000
v  4.5417 -2.0078 -0.0534
v  4.5396 -2.0621 -0.0531
v  4.5445 -2.0621 0.0000
v  4.5444 -2.0702 0.0000
v  4.5395 -2.0697 -0.0531
v  4.5376 -2.0760 -0.0529
v  4.5411 -2.0770 0.0000
v  4.5316 -2.0798 -0.0524
v  4.5341 -2.0800 0.0000
v  4.5260 -2.0800 0.0000
v  4.5236 -2.0800 -0.0516
v  4.4617 -2.0807 -0.0455
v  4.4639 -2.0809 0.0000
v  4.4258 -2.0840 -0.0419
v  4.4278 -2.0842 0.0000
v  4.3793 -2.0972 -0.0374
v  4.3812 -2.0977 0.0000
v  4.3345 -2.1203 -0.0330
v  4.3364 -2.1209 0.0000
v  4.2945 -2.1528 -0.0290
v  4.2965 -2.1534 0.0000
v  4.2621 -2.1929 -0.0258
v  4.2641 -2.1934 0.0000
v  4.2389 -2.2378 -0.0236
v  4.2409 -2.2382 0.0000
v  4.2256 -2.2845 -0.0223
v  4.2276 -2.2846 0.0000
v  4.2214 -2.3289 -0.0219
v  4.2235 -2.3290 0.0000
v  4.2181 -3.1011 -0.0215
v  4.2199 -3.1012 0.0000
v  4.2150 -3.1108 -0.0212
v  4.2165 -3.1109 0.0000
v  4.1895 -3.1200 0.0000
v  4.1886 -3.1200 -0.0186
v  4.1813 -3.1187 -0.0179
v  4.1822 -3.1185 0.0000
v  4.1745 -3.1143 -0.0172
v  4.1754 -3.1141 0.0000
v  4.1699 -3.1074 -0.0167
v  4.1710 -3.1073 0.0000
v  4.1685 -3.1000 -0.0166
v  4.1700 -3.0999 0.0000
v  4.2817 -1.9899 -0.0561
v  4.2749 -1.9899 -0.0834
v  4.5112 -1.9900 -0.1551
v  4.5239 -1.9900 -0.1042
v  4.5180 -1.9929 -0.1572
v  4.5308 -1.9929 -0.1056
v  4.5208 -1.9998 -0.1580
v  4.5337 -1.9998 -0.1062
v  4.5338 -2.0078 -0.1062
v  4.5209 -2.0078 -0.1581
v  4.5207 -2.0621 -0.1580
v  4.5337 -2.0621 -0.1062
v  4.5335 -2.0701 -0.1061
v  4.5205 -2.0701 -0.1579
v  4.5177 -2.0770 -0.1571
v  4.5306 -2.0770 -0.1056
v  4.5111 -2.0799 -0.1551
v  4.5238 -2.0799 -0.1042
v  4.5159 -2.0799 -0.1026
v  4.5034 -2.0800 -0.1528
v  4.4440 -2.0808 -0.1347
v  4.4550 -2.0809 -0.0905
v  4.4094 -2.0840 -0.1242
v  4.4196 -2.0841 -0.0835
v  4.3647 -2.0971 -0.1107
v  4.3738 -2.0975 -0.0744
v  4.3216 -2.1202 -0.0976
v  4.3298 -2.1207 -0.0656
v  4.2831 -2.1528 -0.0859
v  4.2906 -2.1532 -0.0578
v  4.2519 -2.1929 -0.0765
v  4.2588 -2.1933 -0.0515
v  4.2296 -2.2378 -0.0697
v  4.2360 -2.2381 -0.0470
v  4.2168 -2.2844 -0.0658
v  4.2230 -2.2846 -0.0444
v  4.2128 -2.3289 -0.0646
v  4.2189 -2.3289 -0.0436
v  4.2096 -3.1011 -0.0636
v  4.2154 -3.1012 -0.0429
v  4.2067 -3.1108 -0.0627
v  4.2121 -3.1109 -0.0422
v  4.1859 -3.1200 -0.0370
v  4.1814 -3.1200 -0.0551
v  4.1743 -3.1187 -0.0529
v  4.1787 -3.1185 -0.0356
v  4.1677 -3.1143 -0.0509
v  4.1722 -3.1140 -0.0343
v  4.1633 -3.1075 -0.0496
v  4.1679 -3.1073 -0.0334
v  4.1619 -3.1001 -0.0492
v  4.1665 -3.0999 -0.0332
v  4.2654 -1.9899 -0.1100
v  4.2534 -1.9899 -0.1355
v  4.4711 -1.9900 -0.2519
v  4.4935 -1.9900 -0.2045
v  4.4774 -1.9929 -0.2552
v  4.5000 -1.9929 -0.2072
v  4.4799 -1.9998 -0.2566
v  4.5027 -1.9998 -0.2083
v  4.5028 -2.0078 -0.2083
v  4.4801 -2.0078 -0.2567
v  4.4799 -2.0621 -0.2566
v  4.5027 -2.0621 -0.2083
v  4.5025 -2.0701 -0.2082
v  4.4798 -2.0701 -0.2565
v  4.4771 -2.0770 -0.2551
v  4.4998 -2.0770 -0.2071
v  4.4711 -2.0799 -0.2519
v  4.4934 -2.0799 -0.2044
v  4.4860 -2.0799 -0.2013
v  4.4640 -2.0799 -0.2481
v  4.4092 -2.0808 -0.2188
v  4.4286 -2.0808 -0.1776
v  4.3773 -2.0840 -0.2017
v  4.3952 -2.0841 -0.1638
v  4.3361 -2.0971 -0.1797
v  4.3521 -2.0975 -0.1459
v  4.2963 -2.1202 -0.1585
v  4.3107 -2.1207 -0.1287
v  4.2609 -2.1527 -0.1395
v  4.2737 -2.1532 -0.1134
v  4.2321 -2.1928 -0.1241
v  4.2437 -2.1932 -0.1010
v  4.2116 -2.2377 -0.1131
v  4.2223 -2.2381 -0.0921
v  4.1997 -2.2844 -0.1068
v  4.2100 -2.2846 -0.0870
v  4.1961 -2.3289 -0.1048
v  4.2061 -2.3289 -0.0854
v  4.1931 -3.1011 -0.1033
v  4.2029 -3.1011 -0.0841
v  4.1904 -3.1108 -0.1018
v  4.1997 -3.1109 -0.0828
v  4.1751 -3.1200 -0.0726
v  4.1671 -3.1200 -0.0894
v  4.1606 -3.1187 -0.0859
v  4.1683 -3.1185 -0.0698
v  4.1545 -3.1143 -0.0826
v  4.1622 -3.1140 -0.0672
v  4.1504 -3.1075 -0.0805
v  4.1582 -3.1072 -0.0656
v  4.1492 -3.1001 -0.0798
v  4.1569 -3.0999 -0.0650
v  4.2388 -1.9899 -0.1597
v  4.2221 -1.9899 -0.1823
v  4.4129 -1.9900 -0.3390
v  4.4441 -1.9900 -0.2968
v  4.4184 -1.9929 -0.3435
v  4.4500 -1.9929 -0.3007
v  4.4207 -1.9998 -0.3453
v  4.4524 -1.9998 -0.3024
v  4.4525 -2.0078 -0.3025
v  4.4208 -2.0078 -0.3454
v  4.4208 -2.0621 -0.3455
v  4.4525 -2.0621 -0.3024
v  4.4523 -2.0701 -0.3023
v  4.4207 -2.0701 -0.3454
v  4.4183 -2.0770 -0.3434
v  4.4498 -2.0770 -0.3007
v  4.4129 -2.0799 -0.3389
v  4.4440 -2.0799 -0.2968
v  4.4373 -2.0799 -0.2923
v  4.4067 -2.0799 -0.3338
v  4.3586 -2.0808 -0.2944
v  4.3857 -2.0809 -0.2578
v  4.3307 -2.0840 -0.2715
v  4.3557 -2.0841 -0.2377
v  4.2945 -2.0971 -0.2418
v  4.3169 -2.0975 -0.2118
v  4.2597 -2.1201 -0.2132
v  4.2796 -2.1207 -0.1869
v  4.2286 -2.1526 -0.1877
v  4.2464 -2.1533 -0.1647
v  4.2034 -2.1928 -0.1670
v  4.2194 -2.1933 -0.1466
v  4.1854 -2.2377 -0.1522
v  4.2001 -2.2381 -0.1338
v  4.1750 -2.2844 -0.1437
v  4.1891 -2.2846 -0.1264
v  4.1718 -2.3289 -0.1410
v  4.1856 -2.3289 -0.1240
v  4.1692 -3.1011 -0.1389
v  4.1826 -3.1012 -0.1221
v  4.1668 -3.1107 -0.1370
v  4.1798 -3.1109 -0.1202
v  4.1575 -3.1200 -0.1053
v  4.1465 -3.1200 -0.1203
v  4.1408 -3.1187 -0.1156
v  4.1515 -3.1185 -0.1013
v  4.1354 -3.1144 -0.1112
v  4.1459 -3.1140 -0.0976
v  4.1318 -3.1075 -0.1083
v  4.1423 -3.1073 -0.0951
v  4.1307 -3.1001 -0.1074
v  4.1411 -3.1000 -0.0944
v  4.2031 -1.9899 -0.2032
v  4.1822 -1.9899 -0.2222
v  4.3389 -1.9900 -0.4131
v  4.3777 -1.9900 -0.3778
v  4.3433 -1.9929 -0.4185
v  4.3827 -1.9929 -0.3828
v  4.3452 -1.9998 -0.4208
v  4.3847 -1.9998 -0.3849
v  4.3848 -2.0078 -0.3850
v  4.3453 -2.0078 -0.4209
v  4.3453 -2.0621 -0.4209
v  4.3849 -2.0621 -0.3851
v  4.3848 -2.0701 -0.3849
v  4.3452 -2.0701 -0.4208
v  4.3433 -2.0770 -0.4184
v  4.3826 -2.0770 -0.3827
v  4.3388 -2.0799 -0.4130
v  4.3776 -2.0799 -0.3777
v  4.3719 -2.0799 -0.3720
v  4.3337 -2.0799 -0.4068
v  4.2943 -2.0799 -0.3587
v  4.3280 -2.0809 -0.3281
v  4.2714 -2.0840 -0.3308
v  4.3025 -2.0842 -0.3026
v  4.2417 -2.0971 -0.2947
v  4.2695 -2.0976 -0.2697
v  4.2131 -2.1201 -0.2598
v  4.2378 -2.1209 -0.2380
v  4.1876 -2.1526 -0.2287
v  4.2096 -2.1534 -0.2097
v  4.1669 -2.1927 -0.2035
v  4.1867 -2.1934 -0.1868
v  4.1521 -2.2377 -0.1855
v  4.1703 -2.2382 -0.1704
v  4.1436 -2.2844 -0.1751
v  4.1609 -2.2846 -0.1610
v  4.1409 -2.3289 -0.1719
v  4.1579 -2.3289 -0.1581
v  4.1388 -3.1010 -0.1693
v  4.1554 -3.1012 -0.1555
v  4.1369 -3.1106 -0.1669
v  4.1530 -3.1109 -0.1531
v  4.1340 -3.1200 -0.1341
v  4.1202 -3.1200 -0.1466
v  4.1155 -3.1187 -0.1409
v  4.1288 -3.1186 -0.1289
v  4.1111 -3.1143 -0.1355
v  4.1240 -3.1141 -0.1241
v  4.1082 -3.1075 -0.1320
v  4.1209 -3.1073 -0.1210
v  4.1073 -3.1001 -0.1308
v  4.1199 -3.1000 -0.1200
v  4.1595 -1.9899 -0.2390
v  4.1354 -1.9900 -0.2535
v  4.2518 -1.9900 -0.4713
v  4.2967 -1.9900 -0.4442
v  4.2551 -1.9929 -0.4775
v  4.3006 -1.9929 -0.4501
v  4.2565 -1.9998 -0.4801
v  4.3022 -1.9998 -0.4525
v  4.3023 -2.0078 -0.4527
v  4.2566 -2.0078 -0.4802
v  4.2565 -2.0621 -0.4801
v  4.3023 -2.0621 -0.4526
v  4.3022 -2.0701 -0.4524
v  4.2564 -2.0701 -0.4799
v  4.2551 -2.0770 -0.4773
v  4.3006 -2.0770 -0.4500
v  4.2517 -2.0799 -0.4712
v  4.2967 -2.0799 -0.4442
v  4.2922 -2.0799 -0.4375
v  4.2479 -2.0799 -0.4641
v  4.2186 -2.0799 -0.4093
v  4.2576 -2.0799 -0.3858
v  4.2016 -2.0832 -0.3773
v  4.2376 -2.0841 -0.3558
v  4.1796 -2.0971 -0.3362
v  4.2117 -2.0975 -0.3170
v  4.1583 -2.1202 -0.2965
v  4.1868 -2.1207 -0.2797
v  4.1394 -2.1527 -0.2610
v  4.1646 -2.1533 -0.2465
v  4.1240 -2.1928 -0.2322
v  4.1465 -2.1933 -0.2195
v  4.1130 -2.2377 -0.2117
v  4.1336 -2.2381 -0.2003
v  4.1067 -2.2844 -0.1998
v  4.1262 -2.2846 -0.1892
v  4.1047 -2.3289 -0.1961
v  4.1239 -2.3289 -0.1857
v  4.1032 -3.1010 -0.1932
v  4.1221 -3.1011 -0.1829
v  4.1017 -3.1105 -0.1905
v  4.1203 -3.1109 -0.1802
v  4.1052 -3.1200 -0.1577
v  4.0893 -3.1200 -0.1673
v  4.0858 -3.1187 -0.1607
v  4.1011 -3.1186 -0.1515
v  4.0826 -3.1143 -0.1546
v  4.0974 -3.1142 -0.1459
v  4.0804 -3.1075 -0.1506
v  4.0949 -3.1074 -0.1421
v  4.0797 -3.1001 -0.1493
v  4.0941 -3.1000 -0.1410
v  4.1098 -1.9899 -0.2655
v  4.0833 -1.9900 -0.2751
v  4.1550 -1.9900 -0.5113
v  4.2043 -1.9900 -0.4936
v  4.1570 -1.9929 -0.5181
v  4.2070 -1.9929 -0.5001
v  4.1579 -1.9998 -0.5209
v  4.2081 -1.9998 -0.5028
v  4.2082 -2.0078 -0.5030
v  4.1579 -2.0078 -0.5211
v  4.1579 -2.0621 -0.5210
v  4.2081 -2.0621 -0.5029
v  4.2081 -2.0701 -0.5027
v  4.1578 -2.0701 -0.5208
v  4.1570 -2.0770 -0.5179
v  4.2070 -2.0770 -0.5000
v  4.1550 -2.0799 -0.5113
v  4.2043 -2.0799 -0.4935
v  4.2012 -2.0799 -0.4861
v  4.1526 -2.0799 -0.5036
v  4.1346 -2.0799 -0.4441
v  4.1774 -2.0799 -0.4287
v  4.1241 -2.0840 -0.4095
v  4.1636 -2.0832 -0.3952
v  4.1105 -2.0971 -0.3648
v  4.1458 -2.0975 -0.3522
v  4.0975 -2.1202 -0.3217
v  4.1286 -2.1207 -0.3108
v  4.0858 -2.1527 -0.2832
v  4.1133 -2.1532 -0.2738
v  4.0763 -2.1928 -0.2520
v  4.1008 -2.1932 -0.2438
v  4.0696 -2.2377 -0.2297
v  4.0920 -2.2380 -0.2224
v  4.0657 -2.2844 -0.2169
v  4.0869 -2.2846 -0.2100
v  4.0645 -2.3289 -0.2129
v  4.0853 -2.3289 -0.2062
v  4.0635 -3.1010 -0.2097
v  4.0840 -3.1011 -0.2031
v  4.0626 -3.1105 -0.2068
v  4.0829 -3.1109 -0.2003
v  4.0725 -3.1200 -0.1752
v  4.0549 -3.1200 -0.1815
v  4.0528 -3.1187 -0.1744
v  4.0696 -3.1186 -0.1684
v  4.0508 -3.1143 -0.1678
v  4.0670 -3.1142 -0.1621
v  4.0495 -3.1075 -0.1635
v  4.0653 -3.1074 -0.1579
v  4.0490 -3.1001 -0.1621
v  4.0648 -3.1000 -0.1566
v  4.0559 -1.9899 -0.2819
v  4.0280 -1.9899 -0.2860
v  4.0522 -1.9900 -0.5318
v  4.1041 -1.9900 -0.5240
v  4.0529 -1.9929 -0.5388
v  4.1055 -1.9929 -0.5309
v  4.0532 -1.9998 -0.5417
v  4.1061 -1.9998 -0.5338
v  4.1061 -2.0078 -0.5340
v  4.0532 -2.0078 -0.5419
v  4.0532 -2.0621 -0.5419
v  4.1061 -2.0621 -0.5339
v  4.1060 -2.0701 -0.5338
v  4.0532 -2.0701 -0.5418
v  4.0529 -2.0770 -0.5387
v  4.1055 -2.0770 -0.5308
v  4.0522 -2.0799 -0.5317
v  4.1041 -2.0799 -0.5239
v  4.1025 -2.0799 -0.5160
v  4.0515 -2.0799 -0.5237
v  4.0454 -2.0807 -0.4618
v  4.0904 -2.0808 -0.4551
v  4.0418 -2.0840 -0.4259
v  4.0834 -2.0841 -0.4197
v  4.0372 -2.0972 -0.3794
v  4.0743 -2.0975 -0.3740
v  4.0328 -2.1203 -0.3346
v  4.0655 -2.1207 -0.3299
v  4.0289 -2.1528 -0.2946
v  4.0577 -2.1532 -0.2907
v  4.0257 -2.1929 -0.2621
v  4.0514 -2.1932 -0.2588
v  4.0234 -2.2378 -0.2390
v  4.0469 -2.2380 -0.2361
v  4.0221 -2.2844 -0.2256
v  4.0443 -2.2846 -0.2230
v  4.0217 -2.3289 -0.2215
v  4.0435 -2.3289 -0.2189
v  4.0214 -3.1010 -0.2181
v  4.0428 -3.1011 -0.2156
v  4.0211 -3.1106 -0.2151
v  4.0422 -3.1109 -0.2126
v  4.0369 -3.1200 -0.1860
v  4.0185 -3.1200 -0.1887
v  4.0177 -3.1187 -0.1814
v  4.0354 -3.1186 -0.1787
v  4.0171 -3.1143 -0.1745
v  4.0341 -3.1142 -0.1721
v  4.0166 -3.1075 -0.1700
v  4.0332 -3.1074 -0.1677
v  4.0165 -3.1001 -0.1686
v  4.0329 -3.1000 -0.1663
v  3.9999 -1.9899 -0.2874
v  3.9717 -1.9899 -0.2860
v  3.9475 -1.9900 -0.5318
v  3.9999 -1.9900 -0.5343
v  3.9468 -1.9929 -0.5388
v  3.9999 -1.9929 -0.5414
v  3.9465 -1.9998 -0.5417
v  3.9999 -1.9998 -0.5443
v  3.9999 -2.0078 -0.5445
v  3.9465 -2.0078 -0.5419
v  3.9465 -2.0621 -0.5419
v  3.9999 -2.0621 -0.5445
v  3.9999 -2.0701 -0.5444
v  3.9465 -2.0701 -0.5418
v  3.9468 -2.0770 -0.5387
v  3.9999 -2.0770 -0.5416
v  3.9475 -2.0799 -0.5317
v  3.9999 -2.0799 -0.5342
v  3.9999 -2.0799 -0.5262
v  3.9483 -2.0799 -0.5237
v  3.9544 -2.0799 -0.4618
v  3.9999 -2.0799 -0.4640
v  3.9579 -2.0840 -0.4259
v  3.9999 -2.0842 -0.4279
v  3.9625 -2.0971 -0.3794
v  3.9999 -2.0976 -0.3813
v  3.9669 -2.1202 -0.3346
v  3.9999 -2.1208 -0.3365
v  3.9709 -2.1528 -0.2946
v  3.9999 -2.1534 -0.2965
v  3.9740 -2.1928 -0.2621
v  3.9999 -2.1934 -0.2641
v  3.9763 -2.2378 -0.2389
v  3.9999 -2.2381 -0.2409
v  3.9776 -2.2844 -0.2256
v  3.9999 -2.2846 -0.2276
v  3.9780 -2.3289 -0.2214
v  3.9999 -2.3289 -0.2234
v  3.9784 -3.1011 -0.2181
v  3.9999 -3.1011 -0.2199
v  3.9787 -3.1107 -0.2151
v  3.9999 -3.1109 -0.2165
v  3.9999 -3.1200 -0.1896
v  3.9813 -3.1200 -0.1887
v  3.9820 -3.1187 -0.1814
v  3.9999 -3.1186 -0.1823
v  3.9827 -3.1143 -0.1745
v  3.9999 -3.1141 -0.1755
v  3.9831 -3.1075 -0.1699
v  3.9999 -3.1074 -0.1711
v  3.9833 -3.1001 -0.1685
v  3.9999 -3.1000 -0.1697
v  3.9438 -1.9899 -0.2819
v  3.9164 -1.9899 -0.2751
v  3.8448 -1.9900 -0.5113
v  3.8956 -1.9900 -0.5240
v  3.8427 -1.9929 -0.5181
v  3.8943 -1.9929 -0.5309
v  3.8419 -1.9998 -0.5209
v  3.8937 -1.9998 -0.5338
v  3.8937 -2.0078 -0.5340
v  3.8418 -2.0078 -0.5211
v  3.8418 -2.0621 -0.5210
v  3.8936 -2.0621 -0.5339
v  3.8937 -2.0701 -0.5338
v  3.8419 -2.0701 -0.5208
v  3.8428 -2.0770 -0.5179
v  3.8943 -2.0770 -0.5308
v  3.8448 -2.0799 -0.5113
v  3.8957 -2.0799 -0.5239
v  3.8972 -2.0799 -0.5160
v  3.8471 -2.0799 -0.5036
v  3.8652 -2.0799 -0.4441
v  3.9094 -2.0799 -0.4551
v  3.8756 -2.0840 -0.4095
v  3.9164 -2.0841 -0.4197
v  3.8892 -2.0971 -0.3648
v  3.9255 -2.0975 -0.3739
v  3.9023 -2.1202 -0.3217
v  3.9342 -2.1207 -0.3299
v  3.9140 -2.1527 -0.2832
v  3.9420 -2.1532 -0.2907
v  3.9234 -2.1928 -0.2519
v  3.9484 -2.1932 -0.2588
v  3.9302 -2.2377 -0.2297
v  3.9529 -2.2380 -0.2360
v  3.9341 -2.2844 -0.2168
v  3.9555 -2.2846 -0.2229
v  3.9353 -2.3289 -0.2128
v  3.9563 -2.3289 -0.2188
v  3.9363 -3.1011 -0.2096
v  3.9570 -3.1011 -0.2154
v  3.9372 -3.1107 -0.2067
v  3.9577 -3.1108 -0.2121
v  3.9629 -3.1200 -0.1860
v  3.9448 -3.1200 -0.1815
v  3.9470 -3.1187 -0.1744
v  3.9643 -3.1185 -0.1788
v  3.9490 -3.1144 -0.1677
v  3.9656 -3.1141 -0.1722
v  3.9503 -3.1075 -0.1633
v  3.9665 -3.1073 -0.1679
v  3.9508 -3.1001 -0.1619
v  3.9667 -3.1000 -0.1665
v  3.8899 -1.9899 -0.2655
v  3.8644 -1.9899 -0.2535
v  3.7480 -1.9900 -0.4713
v  3.7954 -1.9900 -0.4936
v  3.7447 -1.9929 -0.4775
v  3.7927 -1.9929 -0.5001
v  3.7433 -1.9998 -0.4801
v  3.7916 -1.9998 -0.5028
v  3.7915 -2.0078 -0.5030
v  3.7432 -2.0078 -0.4802
v  3.7433 -2.0621 -0.4801
v  3.7916 -2.0621 -0.5029
v  3.7916 -2.0701 -0.5027
v  3.7433 -2.0701 -0.4799
v  3.7448 -2.0770 -0.4773
v  3.7928 -2.0770 -0.5000
v  3.7480 -2.0799 -0.4712
v  3.7954 -2.0799 -0.4935
v  3.7985 -2.0799 -0.4861
v  3.7518 -2.0799 -0.4641
v  3.7811 -2.0799 -0.4093
v  3.8223 -2.0799 -0.4287
v  3.7981 -2.0840 -0.3774
v  3.8361 -2.0841 -0.3954
v  3.8202 -2.0971 -0.3362
v  3.8540 -2.0974 -0.3522
v  3.8414 -2.1201 -0.2964
v  3.8712 -2.1206 -0.3108
v  3.8604 -2.1526 -0.2609
v  3.8865 -2.1531 -0.2737
v  3.8758 -2.1927 -0.2321
v  3.8989 -2.1932 -0.2437
v  3.8868 -2.2377 -0.2116
v  3.9078 -2.2380 -0.2223
v  3.8931 -2.2844 -0.1997
v  3.9129 -2.2845 -0.2099
v  3.8951 -2.3289 -0.1960
v  3.9145 -2.3289 -0.2061
v  3.8967 -3.1010 -0.1931
v  3.9158 -3.1011 -0.2028
v  3.8981 -3.1107 -0.1904
v  3.9171 -3.1108 -0.1997
v  3.9273 -3.1200 -0.1752
v  3.9105 -3.1200 -0.1673
v  3.9140 -3.1188 -0.1607
v  3.9301 -3.1185 -0.1684
v  3.9173 -3.1144 -0.1546
v  3.9327 -3.1141 -0.1622
v  3.9195 -3.1076 -0.1504
v  3.9344 -3.1073 -0.1582
v  3.9202 -3.1001 -0.1491
v  3.9349 -3.1000 -0.1569
v  3.8402 -1.9899 -0.2390
v  3.8175 -1.9899 -0.2222
v  3.6609 -1.9900 -0.4131
v  3.7031 -1.9900 -0.4442
v  3.6564 -1.9929 -0.4185
v  3.6991 -1.9929 -0.4501
v  3.6545 -1.9998 -0.4208
v  3.6975 -1.9998 -0.4525
v  3.6974 -2.0078 -0.4527
v  3.6544 -2.0078 -0.4209
v  3.6544 -2.0621 -0.4209
v  3.6975 -2.0621 -0.4526
v  3.6976 -2.0701 -0.4524
v  3.6545 -2.0701 -0.4208
v  3.6565 -2.0770 -0.4184
v  3.6992 -2.0770 -0.4500
v  3.6609 -2.0799 -0.4130
v  3.7031 -2.0799 -0.4442
v  3.7076 -2.0799 -0.4375
v  3.6660 -2.0799 -0.4068
v  3.7055 -2.0799 -0.3587
v  3.7421 -2.0799 -0.3858
v  3.7284 -2.0840 -0.3308
v  3.7621 -2.0841 -0.3558
v  3.7581 -2.0970 -0.2947
v  3.7880 -2.0975 -0.3170
v  3.7867 -2.1201 -0.2598
v  3.8130 -2.1207 -0.2797
v  3.8122 -2.1526 -0.2287
v  3.8352 -2.1532 -0.2464
v  3.8329 -2.1927 -0.2034
v  3.8533 -2.1932 -0.2194
v  3.8478 -2.2376 -0.1854
v  3.8662 -2.2380 -0.2001
v  3.8563 -2.2844 -0.1750
v  3.8736 -2.2846 -0.1890
v  3.8589 -2.3289 -0.1718
v  3.8759 -2.3289 -0.1856
v  3.8611 -3.1010 -0.1692
v  3.8779 -3.1011 -0.1826
v  3.8630 -3.1106 -0.1669
v  3.8798 -3.1108 -0.1798
v  3.8945 -3.1200 -0.1577
v  3.8796 -3.1200 -0.1466
v  3.8843 -3.1188 -0.1409
v  3.8986 -3.1186 -0.1516
v  3.8887 -3.1144 -0.1355
v  3.9024 -3.1141 -0.1459
v  3.8917 -3.1076 -0.1318
v  3.9048 -3.1074 -0.1422
v  3.8926 -3.1001 -0.1307
v  3.9056 -3.1000 -0.1411
v  3.7967 -1.9899 -0.2032
v  3.7777 -1.9899 -0.1823
v  3.5868 -1.9900 -0.3390
v  3.6221 -1.9900 -0.3778
v  3.5814 -1.9929 -0.3435
v  3.6171 -1.9929 -0.3828
v  3.5791 -1.9998 -0.3453
v  3.6150 -1.9998 -0.3848
v  3.6149 -2.0078 -0.3850
v  3.5790 -2.0078 -0.3454
v  3.5789 -2.0621 -0.3455
v  3.6148 -2.0621 -0.3851
v  3.6149 -2.0701 -0.3849
v  3.5791 -2.0701 -0.3454
v  3.5814 -2.0770 -0.3434
v  3.6171 -2.0770 -0.3827
v  3.5869 -2.0799 -0.3389
v  3.6221 -2.0799 -0.3777
v  3.6278 -2.0799 -0.3720
v  3.5931 -2.0799 -0.3338
v  3.6412 -2.0799 -0.2944
v  3.6718 -2.0799 -0.3281
v  3.6690 -2.0840 -0.2715
v  3.6973 -2.0842 -0.3026
v  3.7052 -2.0970 -0.2418
v  3.7302 -2.0976 -0.2696
v  3.7401 -2.1201 -0.2132
v  3.7619 -2.1208 -0.2379
v  3.7712 -2.1526 -0.1877
v  3.7902 -2.1533 -0.2097
v  3.7965 -2.1927 -0.1669
v  3.8132 -2.1933 -0.1867
v  3.8145 -2.2376 -0.1521
v  3.8296 -2.2381 -0.1703
v  3.8249 -2.2844 -0.1436
v  3.8390 -2.2846 -0.1609
v  3.8281 -2.3289 -0.1409
v  3.8419 -2.3289 -0.1579
v  3.8307 -3.1010 -0.1388
v  3.8445 -3.1011 -0.1554
v  3.8330 -3.1105 -0.1369
v  3.8469 -3.1108 -0.1530
v  3.8658 -3.1200 -0.1341
v  3.8533 -3.1200 -0.1203
v  3.8590 -3.1188 -0.1156
v  3.8710 -3.1186 -0.1289
v  3.8644 -3.1144 -0.1112
v  3.8758 -3.1142 -0.1241
v  3.8680 -3.1076 -0.1082
v  3.8790 -3.1074 -0.1209
v  3.8692 -3.1001 -0.1073
v  3.8800 -3.1000 -0.1199
v  3.7609 -1.9899 -0.1597
v  3.7464 -1.9899 -0.1355
v  3.5286 -1.9900 -0.2519
v  3.5556 -1.9900 -0.2968
v  3.5224 -1.9929 -0.2552
v  3.5498 -1.9929 -0.3007
v  3.5198 -1.9998 -0.2566
v  3.5473 -1.9998 -0.3024
v  3.5472 -2.0078 -0.3025
v  3.5197 -2.0078 -0.2567
v  3.5198 -2.0621 -0.2566
v  3.5473 -2.0621 -0.3024
v  3.5475 -2.0701 -0.3023
v  3.5200 -2.0701 -0.2565
v  3.5225 -2.0770 -0.2551
v  3.5498 -2.0770 -0.3007
v  3.5287 -2.0799 -0.2519
v  3.5557 -2.0799 -0.2968
v  3.5624 -2.0799 -0.2923
v  3.5358 -2.0799 -0.2481
v  3.5906 -2.0799 -0.2188
v  3.6141 -2.0799 -0.2578
v  3.6224 -2.0840 -0.2017
v  3.6441 -2.0841 -0.2377
v  3.6637 -2.0970 -0.1797
v  3.6829 -2.0975 -0.2118
v  3.7035 -2.1201 -0.1584
v  3.7202 -2.1207 -0.1869
v  3.7390 -2.1526 -0.1395
v  3.7535 -2.1532 -0.1646
v  3.7678 -2.1927 -0.1240
v  3.7805 -2.1932 -0.1466
v  3.7883 -2.2377 -0.1130
v  3.7998 -2.2380 -0.1337
v  3.8002 -2.2844 -0.1067
v  3.8109 -2.2846 -0.1262
v  3.8039 -2.3289 -0.1047
v  3.8143 -2.3289 -0.1239
v  3.8068 -3.1010 -0.1032
v  3.8171 -3.1011 -0.1221
v  3.8095 -3.1105 -0.1018
v  3.8198 -3.1108 -0.1203
v  3.8422 -3.1200 -0.1053
v  3.8326 -3.1200 -0.0894
v  3.8392 -3.1187 -0.0859
v  3.8484 -3.1187 -0.1012
v  3.8453 -3.1144 -0.0826
v  3.8541 -3.1143 -0.0974
v  3.8494 -3.1075 -0.0804
v  3.8578 -3.1075 -0.0949
v  3.8507 -3.1001 -0.0797
v  3.8590 -3.1000 -0.0941
v  3.7344 -1.9899 -0.1100
v  3.7248 -1.9899 -0.0834
v  3.4885 -1.9900 -0.1551
v  3.5063 -1.9900 -0.2045
v  3.4818 -1.9929 -0.1572
v  3.4997 -1.9929 -0.2072
v  3.4790 -1.9998 -0.1580
v  3.4970 -1.9998 -0.2083
v  3.4969 -2.0078 -0.2083
v  3.4788 -2.0078 -0.1581
v  3.4790 -2.0621 -0.1580
v  3.4971 -2.0621 -0.2083
v  3.4973 -2.0701 -0.2082
v  3.4792 -2.0701 -0.1579
v  3.4819 -2.0770 -0.1571
v  3.4998 -2.0770 -0.2071
v  3.4886 -2.0799 -0.1551
v  3.5063 -2.0799 -0.2044
v  3.5138 -2.0799 -0.2014
v  3.4963 -2.0799 -0.1528
v  3.5558 -2.0799 -0.1347
v  3.5712 -2.0799 -0.1776
v  3.5903 -2.0840 -0.1242
v  3.6045 -2.0841 -0.1638
v  3.6351 -2.0971 -0.1107
v  3.6476 -2.0974 -0.1459
v  3.6782 -2.1201 -0.0976
v  3.6891 -2.1206 -0.1287
v  3.7167 -2.1526 -0.0859
v  3.7261 -2.1531 -0.1134
v  3.7480 -2.1928 -0.0764
v  3.7562 -2.1931 -0.1009
v  3.7703 -2.2377 -0.0697
v  3.7776 -2.2380 -0.0920
v  3.7831 -2.2844 -0.0658
v  3.7900 -2.2845 -0.0869
v  3.7871 -2.3289 -0.0645
v  3.7938 -2.3289 -0.0853
v  3.7904 -3.1006 -0.0636
v  3.7969 -3.1010 -0.0841
v  3.7930 -3.1100 -0.0627
v  3.7997 -3.1107 -0.0830
v  3.8247 -3.1200 -0.0726
v  3.8184 -3.1200 -0.0551
v  3.8255 -3.1187 -0.0529
v  3.8315 -3.1187 -0.0697
v  3.8321 -3.1144 -0.0509
v  3.8379 -3.1143 -0.0671
v  3.8365 -3.1075 -0.0496
v  3.8421 -3.1075 -0.0654
v  3.8379 -3.1001 -0.0491
v  3.8434 -3.1001 -0.0648
v  3.7180 -1.9899 -0.0561
v  3.7138 -1.9898 -0.0282
v  3.4681 -1.9900 -0.0524
v  3.4759 -1.9900 -0.1042
v  3.4611 -1.9929 -0.0531
v  3.4689 -1.9929 -0.1056
v  3.4582 -1.9998 -0.0534
v  3.4661 -1.9998 -0.1062
v  3.4659 -2.0078 -0.1062
v  3.4580 -2.0078 -0.0534
v  3.4580 -2.0621 -0.0534
v  3.4661 -2.0621 -0.1062
v  3.4662 -2.0701 -0.1061
v  3.4582 -2.0701 -0.0533
v  3.4612 -2.0770 -0.0531
v  3.4690 -2.0770 -0.1056
v  3.4682 -2.0799 -0.0524
v  3.4759 -2.0799 -0.1042
v  3.4838 -2.0799 -0.1026
v  3.4762 -2.0799 -0.0516
v  3.5381 -2.0800 -0.0455
v  3.5448 -2.0799 -0.0905
v  3.5740 -2.0840 -0.0419
v  3.5802 -2.0841 -0.0835
v  3.6205 -2.0971 -0.0374
v  3.6259 -2.0974 -0.0744
v  3.6653 -2.1202 -0.0330
v  3.6700 -2.1206 -0.0656
v  3.7053 -2.1527 -0.0290
v  3.7093 -2.1531 -0.0578
v  3.7378 -2.1928 -0.0258
v  3.7412 -2.1932 -0.0515
v  3.7610 -2.2377 -0.0236
v  3.7639 -2.2380 -0.0470
v  3.7744 -2.2844 -0.0222
v  3.7770 -2.2845 -0.0444
v  3.7785 -2.3289 -0.0218
v  3.7811 -2.3289 -0.0436
v  3.7817 -3.1006 -0.0215
v  3.7844 -3.1005 -0.0429
v  3.7846 -3.1100 -0.0211
v  3.7870 -3.1100 -0.0422
v  3.8139 -3.1200 -0.0370
v  3.8112 -3.1200 -0.0186
v  3.8185 -3.1187 -0.0179
v  3.8211 -3.1187 -0.0356
v  3.8254 -3.1143 -0.0172
v  3.8279 -3.1143 -0.0342
v  3.8300 -3.1075 -0.0167
v  3.8323 -3.1075 -0.0333
v  3.8313 -3.1001 -0.0166
v  3.8338 -3.1001 -0.0330
v  4.2039 -3.1181 -0.0406
v  4.1942 -3.1200 -0.0387
v  4.1972 -3.1200 -0.0194
v  4.2069 -3.1180 -0.0204
v  4.1920 -3.1181 -0.0796
v  4.1829 -3.1200 -0.0758
v  4.1895 -3.1200 -0.0575
v  4.1988 -3.1180 -0.0604
v  4.1728 -3.1181 -0.1156
v  4.1646 -3.1200 -0.1101
v  4.1747 -3.1200 -0.0934
v  4.1832 -3.1179 -0.0980
v  4.1471 -3.1181 -0.1472
v  4.1401 -3.1200 -0.1402
v  4.1531 -3.1200 -0.1258
v  4.1606 -3.1179 -0.1319
v  4.1156 -3.1181 -0.1732
v  4.1100 -3.1200 -0.1649
v  4.1257 -3.1200 -0.1533
v  4.1318 -3.1178 -0.1607
v  4.0796 -3.1181 -0.1925
v  4.0758 -3.1200 -0.1832
v  4.0934 -3.1200 -0.1749
v  4.0979 -3.1178 -0.1834
v  4.0405 -3.1181 -0.2043
v  4.0386 -3.1200 -0.1945
v  4.0574 -3.1200 -0.1898
v  4.0620 -3.1178 -0.1985
v  4.0011 -3.1181 -0.2081
v  3.9999 -3.1200 -0.1982
v  4.0193 -3.1200 -0.1973
v  4.0203 -3.1179 -0.2070
v  3.9593 -3.1180 -0.2040
v  3.9612 -3.1200 -0.1943
v  3.9804 -3.1200 -0.1973
v  3.9795 -3.1179 -0.2069
v  3.9203 -3.1180 -0.1921
v  3.9240 -3.1200 -0.1831
v  3.9423 -3.1200 -0.1896
v  3.9432 -3.1179 -0.1999
v  3.8843 -3.1180 -0.1729
v  3.8898 -3.1200 -0.1648
v  3.9064 -3.1200 -0.1748
v  3.9019 -3.1179 -0.1833
v  3.8527 -3.1180 -0.1471
v  3.8597 -3.1200 -0.1402
v  3.8741 -3.1200 -0.1532
v  3.8680 -3.1178 -0.1607
v  3.8267 -3.1180 -0.1157
v  3.8350 -3.1200 -0.1102
v  3.8466 -3.1200 -0.1258
v  3.8392 -3.1177 -0.1319
v  3.8075 -3.1181 -0.0798
v  3.8167 -3.1200 -0.0759
v  3.8250 -3.1200 -0.0935
v  3.8165 -3.1178 -0.0980
v  3.7950 -3.1178 -0.0405
v  3.8054 -3.1200 -0.0387
v  3.8101 -3.1200 -0.0576
v  3.8005 -3.1176 -0.0604
v  3.7916 -3.1179 0.0000
v  3.8021 -3.1200 0.0000
v  3.8029 -3.1200 -0.0194
v  3.7925 -3.1176 -0.0203
v  3.7832 -3.1103 0.0000
v  3.8103 -3.1200 0.0000
v  4.5316 -1.9902 0.0524
v  4.2859 -1.9899 0.0282
v  4.5375 -1.9941 0.0530
v  4.5395 -2.0003 0.0532
v  4.5397 -2.0621 0.0532
v  4.5397 -2.0078 0.0532
v  4.5375 -2.0759 0.0529
v  4.5397 -2.0697 0.0531
v  4.5315 -2.0798 0.0524
v  4.4617 -2.0807 0.0455
v  4.5236 -2.0800 0.0516
v  4.4258 -2.0840 0.0420
v  4.3793 -2.0972 0.0374
v  4.3345 -2.1203 0.0330
v  4.2945 -2.1528 0.0290
v  4.2621 -2.1929 0.0258
v  4.2389 -2.2378 0.0236
v  4.2256 -2.2844 0.0223
v  4.2214 -2.3289 0.0219
v  4.2181 -3.1011 0.0215
v  4.2150 -3.1107 0.0212
v  4.1813 -3.1186 0.0179
v  4.1886 -3.1200 0.0186
v  4.1745 -3.1142 0.0172
v  4.1700 -3.1074 0.0168
v  4.1687 -3.1000 0.0166
v  4.2817 -1.9899 0.0561
v  4.5239 -1.9900 0.1042
v  4.5112 -1.9900 0.1551
v  4.2749 -1.9899 0.0834
v  4.5307 -1.9930 0.1056
v  4.5180 -1.9929 0.1572
v  4.5335 -1.9999 0.1062
v  4.5208 -1.9998 0.1580
v  4.5336 -2.0078 0.1062
v  4.5334 -2.0621 0.1061
v  4.5187 -2.0621 0.1574
v  4.5209 -2.0078 0.1581
v  4.5333 -2.0701 0.1061
v  4.5307 -2.0771 0.1056
v  4.5166 -2.0759 0.1568
v  4.5185 -2.0697 0.1573
v  4.5238 -2.0800 0.1042
v  4.5111 -2.0797 0.1551
v  4.5159 -2.0800 0.1026
v  4.4550 -2.0808 0.0905
v  4.4440 -2.0808 0.1347
v  4.5034 -2.0800 0.1528
v  4.4196 -2.0841 0.0835
v  4.4094 -2.0840 0.1242
v  4.3738 -2.0975 0.0744
v  4.3647 -2.0971 0.1107
v  4.3298 -2.1207 0.0656
v  4.3216 -2.1202 0.0976
v  4.2906 -2.1532 0.0578
v  4.2831 -2.1528 0.0859
v  4.2588 -2.1933 0.0515
v  4.2519 -2.1929 0.0765
v  4.2360 -2.2381 0.0470
v  4.2296 -2.2378 0.0697
v  4.2230 -2.2846 0.0444
v  4.2168 -2.2844 0.0658
v  4.2189 -2.3289 0.0436
v  4.2128 -2.3289 0.0646
v  4.2156 -3.1012 0.0429
v  4.2096 -3.1011 0.0636
v  4.2124 -3.1111 0.0423
v  4.2066 -3.1108 0.0627
v  4.1859 -3.1200 0.0370
v  4.1786 -3.1186 0.0356
v  4.1743 -3.1187 0.0529
v  4.1814 -3.1200 0.0551
v  4.1720 -3.1142 0.0342
v  4.1677 -3.1142 0.0509
v  4.1676 -3.1074 0.0334
v  4.1634 -3.1074 0.0496
v  4.1662 -3.1000 0.0331
v  4.1621 -3.1000 0.0492
v  4.2654 -1.9899 0.1100
v  4.4935 -1.9900 0.2045
v  4.4711 -1.9900 0.2519
v  4.2534 -1.9899 0.1355
v  4.5000 -1.9929 0.2072
v  4.4774 -1.9929 0.2552
v  4.5027 -1.9998 0.2083
v  4.4799 -1.9998 0.2566
v  4.5028 -2.0078 0.2083
v  4.5027 -2.0621 0.2083
v  4.4799 -2.0621 0.2566
v  4.4801 -2.0078 0.2567
v  4.5025 -2.0701 0.2082
v  4.4998 -2.0770 0.2071
v  4.4771 -2.0770 0.2551
v  4.4798 -2.0701 0.2565
v  4.4934 -2.0799 0.2044
v  4.4711 -2.0799 0.2519
v  4.4860 -2.0799 0.2014
v  4.4286 -2.0808 0.1776
v  4.4091 -2.0800 0.2188
v  4.4640 -2.0799 0.2481
v  4.3952 -2.0841 0.1638
v  4.3773 -2.0840 0.2017
v  4.3521 -2.0975 0.1459
v  4.3361 -2.0971 0.1797
v  4.3107 -2.1207 0.1287
v  4.2963 -2.1202 0.1585
v  4.2737 -2.1532 0.1134
v  4.2609 -2.1527 0.1395
v  4.2437 -2.1932 0.1010
v  4.2321 -2.1928 0.1241
v  4.2223 -2.2381 0.0921
v  4.2116 -2.2377 0.1131
v  4.2100 -2.2846 0.0870
v  4.1997 -2.2844 0.1068
v  4.2061 -2.3289 0.0854
v  4.1961 -2.3289 0.1048
v  4.2030 -3.1012 0.0842
v  4.1931 -3.1011 0.1033
v  4.2001 -3.1111 0.0829
v  4.1903 -3.1107 0.1018
v  4.1751 -3.1200 0.0726
v  4.1683 -3.1186 0.0697
v  4.1606 -3.1187 0.0859
v  4.1671 -3.1200 0.0894
v  4.1620 -3.1142 0.0671
v  4.1546 -3.1143 0.0827
v  4.1578 -3.1074 0.0654
v  4.1505 -3.1075 0.0805
v  4.1565 -3.1000 0.0649
v  4.1493 -3.1001 0.0799
v  4.2388 -1.9899 0.1597
v  4.4441 -1.9900 0.2968
v  4.4129 -1.9900 0.3390
v  4.2221 -1.9899 0.1823
v  4.4500 -1.9929 0.3008
v  4.4184 -1.9929 0.3435
v  4.4524 -1.9998 0.3024
v  4.4207 -1.9998 0.3453
v  4.4525 -2.0078 0.3025
v  4.4525 -2.0621 0.3024
v  4.4208 -2.0621 0.3455
v  4.4208 -2.0078 0.3454
v  4.4523 -2.0701 0.3023
v  4.4498 -2.0770 0.3007
v  4.4183 -2.0770 0.3434
v  4.4207 -2.0701 0.3454
v  4.4440 -2.0799 0.2968
v  4.4129 -2.0799 0.3389
v  4.4373 -2.0799 0.2923
v  4.3857 -2.0800 0.2578
v  4.3586 -2.0800 0.2944
v  4.4067 -2.0799 0.3338
v  4.3556 -2.0832 0.2377
v  4.3306 -2.0832 0.2714
v  4.3170 -2.0975 0.2119
v  4.2946 -2.0970 0.2419
v  4.2796 -2.1207 0.1869
v  4.2597 -2.1201 0.2132
v  4.2464 -2.1533 0.1647
v  4.2286 -2.1526 0.1877
v  4.2194 -2.1933 0.1466
v  4.2034 -2.1928 0.1670
v  4.2001 -2.2381 0.1338
v  4.1854 -2.2377 0.1522
v  4.1891 -2.2846 0.1264
v  4.1750 -2.2844 0.1437
v  4.1856 -2.3289 0.1240
v  4.1718 -2.3289 0.1410
v  4.1828 -3.1012 0.1222
v  4.1692 -3.1010 0.1389
v  4.1800 -3.1110 0.1203
v  4.1668 -3.1107 0.1370
v  4.1575 -3.1200 0.1053
v  4.1514 -3.1186 0.1013
v  4.1408 -3.1187 0.1156
v  4.1465 -3.1200 0.1203
v  4.1458 -3.1142 0.0975
v  4.1354 -3.1143 0.1112
v  4.1420 -3.1074 0.0950
v  4.1319 -3.1075 0.1083
v  4.1409 -3.1000 0.0942
v  4.1307 -3.1001 0.1074
v  4.2031 -1.9899 0.2032
v  4.3777 -1.9900 0.3778
v  4.3389 -1.9900 0.4131
v  4.1822 -1.9899 0.2222
v  4.3827 -1.9929 0.3828
v  4.3433 -1.9929 0.4185
v  4.3847 -1.9998 0.3849
v  4.3452 -1.9998 0.4208
v  4.3848 -2.0078 0.3850
v  4.3849 -2.0621 0.3851
v  4.3453 -2.0621 0.4209
v  4.3453 -2.0078 0.4209
v  4.3848 -2.0701 0.3849
v  4.3826 -2.0770 0.3827
v  4.3433 -2.0770 0.4184
v  4.3452 -2.0701 0.4208
v  4.3776 -2.0799 0.3777
v  4.3388 -2.0799 0.4130
v  4.3719 -2.0799 0.3720
v  4.3280 -2.0799 0.3281
v  4.2943 -2.0799 0.3587
v  4.3337 -2.0799 0.4068
v  4.3024 -2.0832 0.3025
v  4.2713 -2.0832 0.3307
v  4.2695 -2.0976 0.2697
v  4.2417 -2.0971 0.2947
v  4.2378 -2.1209 0.2380
v  4.2131 -2.1201 0.2598
v  4.2096 -2.1534 0.2097
v  4.1876 -2.1526 0.2287
v  4.1867 -2.1934 0.1868
v  4.1669 -2.1927 0.2035
v  4.1703 -2.2382 0.1704
v  4.1521 -2.2377 0.1855
v  4.1609 -2.2846 0.1610
v  4.1436 -2.2844 0.1751
v  4.1579 -2.3289 0.1581
v  4.1409 -2.3289 0.1719
v  4.1554 -3.1012 0.1555
v  4.1388 -3.1010 0.1693
v  4.1530 -3.1109 0.1531
v  4.1369 -3.1106 0.1670
v  4.1340 -3.1200 0.1341
v  4.1288 -3.1186 0.1289
v  4.1155 -3.1187 0.1409
v  4.1202 -3.1200 0.1466
v  4.1240 -3.1141 0.1241
v  4.1111 -3.1144 0.1355
v  4.1208 -3.1074 0.1210
v  4.1082 -3.1075 0.1319
v  4.1198 -3.1000 0.1200
v  4.1072 -3.1001 0.1308
v  4.1595 -1.9899 0.2390
v  4.2967 -1.9900 0.4442
v  4.2518 -1.9900 0.4713
v  4.1354 -1.9899 0.2535
v  4.3006 -1.9929 0.4501
v  4.2551 -1.9929 0.4775
v  4.3022 -1.9998 0.4525
v  4.2565 -1.9998 0.4801
v  4.3023 -2.0078 0.4527
v  4.3023 -2.0621 0.4526
v  4.2565 -2.0621 0.4801
v  4.2566 -2.0078 0.4802
v  4.3022 -2.0701 0.4524
v  4.3006 -2.0770 0.4500
v  4.2551 -2.0770 0.4773
v  4.2564 -2.0701 0.4799
v  4.2967 -2.0799 0.4442
v  4.2517 -2.0799 0.4712
v  4.2922 -2.0799 0.4375
v  4.2576 -2.0799 0.3858
v  4.2186 -2.0799 0.4093
v  4.2479 -2.0799 0.4641
v  4.2375 -2.0832 0.3557
v  4.2016 -2.0832 0.3773
v  4.2117 -2.0975 0.3170
v  4.1795 -2.0971 0.3363
v  4.1868 -2.1207 0.2797
v  4.1583 -2.1202 0.2965
v  4.1645 -2.1533 0.2465
v  4.1394 -2.1527 0.2610
v  4.1465 -2.1933 0.2195
v  4.1240 -2.1928 0.2322
v  4.1336 -2.2381 0.2003
v  4.1130 -2.2377 0.2117
v  4.1262 -2.2846 0.1892
v  4.1067 -2.2844 0.1998
v  4.1239 -2.3289 0.1857
v  4.1047 -2.3289 0.1961
v  4.1220 -3.1011 0.1827
v  4.1031 -3.1010 0.1932
v  4.1201 -3.1108 0.1799
v  4.1018 -3.1106 0.1906
v  4.1052 -3.1200 0.1577
v  4.1012 -3.1185 0.1516
v  4.0858 -3.1187 0.1607
v  4.0893 -3.1200 0.1673
v  4.0974 -3.1141 0.1460
v  4.0825 -3.1144 0.1546
v  4.0950 -3.1073 0.1423
v  4.0803 -3.1075 0.1505
v  4.0942 -3.1000 0.1412
v  4.0796 -3.1001 0.1492
v  4.1098 -1.9899 0.2655
v  4.2043 -1.9900 0.4936
v  4.1550 -1.9900 0.5113
v  4.0833 -1.9899 0.2751
v  4.2070 -1.9929 0.5001
v  4.1570 -1.9929 0.5181
v  4.2081 -1.9998 0.5028
v  4.1579 -1.9998 0.5209
v  4.2082 -2.0078 0.5030
v  4.2081 -2.0621 0.5029
v  4.1579 -2.0621 0.5210
v  4.1579 -2.0078 0.5211
v  4.2081 -2.0701 0.5027
v  4.2070 -2.0770 0.5000
v  4.1570 -2.0770 0.5179
v  4.1578 -2.0701 0.5208
v  4.2043 -2.0799 0.4935
v  4.1550 -2.0799 0.5113
v  4.2012 -2.0799 0.4861
v  4.1774 -2.0799 0.4287
v  4.1346 -2.0799 0.4441
v  4.1526 -2.0799 0.5036
v  4.1636 -2.0832 0.3952
v  4.1241 -2.0832 0.4094
v  4.1458 -2.0974 0.3523
v  4.1105 -2.0971 0.3648
v  4.1286 -2.1205 0.3111
v  4.0975 -2.1201 0.3219
v  4.1133 -2.1532 0.2738
v  4.0858 -2.1527 0.2832
v  4.1008 -2.1932 0.2438
v  4.0763 -2.1928 0.2520
v  4.0920 -2.2380 0.2224
v  4.0696 -2.2377 0.2297
v  4.0869 -2.2846 0.2100
v  4.0657 -2.2844 0.2169
v  4.0853 -2.3289 0.2062
v  4.0645 -2.3289 0.2129
v  4.0840 -3.1010 0.2030
v  4.0635 -3.1010 0.2097
v  4.0827 -3.1107 0.1999
v  4.0626 -3.1106 0.2069
v  4.0724 -3.1200 0.1752
v  4.0696 -3.1185 0.1684
v  4.0528 -3.1187 0.1744
v  4.0549 -3.1200 0.1815
v  4.0671 -3.1140 0.1623
v  4.0508 -3.1143 0.1678
v  4.0654 -3.1073 0.1582
v  4.0494 -3.1075 0.1634
v  4.0649 -3.1000 0.1569
v  4.0490 -3.1001 0.1620
v  4.0559 -1.9899 0.2819
v  4.1041 -1.9900 0.5240
v  4.0522 -1.9900 0.5318
v  4.0280 -1.9899 0.2860
v  4.1055 -1.9929 0.5309
v  4.0529 -1.9929 0.5388
v  4.1061 -1.9998 0.5338
v  4.0532 -1.9998 0.5417
v  4.1061 -2.0078 0.5340
v  4.1061 -2.0621 0.5339
v  4.0532 -2.0621 0.5419
v  4.0532 -2.0078 0.5419
v  4.1060 -2.0701 0.5338
v  4.1055 -2.0770 0.5308
v  4.0529 -2.0770 0.5387
v  4.0532 -2.0701 0.5418
v  4.1041 -2.0799 0.5239
v  4.0522 -2.0799 0.5317
v  4.1025 -2.0799 0.5160
v  4.0904 -2.0799 0.4551
v  4.0454 -2.0799 0.4618
v  4.0515 -2.0799 0.5237
v  4.0833 -2.0832 0.4196
v  4.0418 -2.0832 0.4258
v  4.0743 -2.0975 0.3740
v  4.0372 -2.0972 0.3794
v  4.0656 -2.1206 0.3302
v  4.0329 -2.1201 0.3348
v  4.0577 -2.1532 0.2907
v  4.0289 -2.1528 0.2946
v  4.0514 -2.1932 0.2588
v  4.0257 -2.1929 0.2621
v  4.0469 -2.2380 0.2361
v  4.0234 -2.2378 0.2390
v  4.0443 -2.2846 0.2230
v  4.0221 -2.2844 0.2256
v  4.0435 -2.3289 0.2189
v  4.0217 -2.3289 0.2215
v  4.0428 -3.1011 0.2155
v  4.0214 -3.1010 0.2181
v  4.0421 -3.1107 0.2122
v  4.0211 -3.1107 0.2151
v  4.0369 -3.1200 0.1860
v  4.0354 -3.1185 0.1788
v  4.0177 -3.1187 0.1814
v  4.0185 -3.1200 0.1887
v  4.0341 -3.1140 0.1722
v  4.0171 -3.1143 0.1745
v  4.0333 -3.1073 0.1679
v  4.0166 -3.1075 0.1700
v  4.0330 -3.1000 0.1666
v  4.0165 -3.1001 0.1685
v  3.9999 -1.9899 0.2874
v  3.9999 -1.9900 0.5343
v  3.9475 -1.9900 0.5318
v  3.9717 -1.9899 0.2860
v  3.9999 -1.9929 0.5413
v  3.9468 -1.9929 0.5388
v  3.9999 -1.9998 0.5443
v  3.9465 -1.9998 0.5417
v  3.9999 -2.0078 0.5444
v  3.9999 -2.0621 0.5445
v  3.9465 -2.0621 0.5419
v  3.9465 -2.0078 0.5419
v  3.9999 -2.0701 0.5444
v  3.9999 -2.0770 0.5412
v  3.9468 -2.0770 0.5387
v  3.9465 -2.0701 0.5418
v  3.9999 -2.0799 0.5342
v  3.9475 -2.0799 0.5317
v  3.9999 -2.0799 0.5262
v  3.9999 -2.0799 0.4640
v  3.9544 -2.0799 0.4618
v  3.9483 -2.0799 0.5237
v  3.9999 -2.0832 0.4278
v  3.9579 -2.0832 0.4258
v  3.9999 -2.0976 0.3814
v  3.9625 -2.0971 0.3795
v  4.0000 -2.1207 0.3368
v  3.9669 -2.1202 0.3346
v  3.9999 -2.1534 0.2965
v  3.9709 -2.1528 0.2946
v  3.9999 -2.1934 0.2641
v  3.9740 -2.1928 0.2621
v  3.9999 -2.2381 0.2409
v  3.9763 -2.2378 0.2389
v  3.9999 -2.2846 0.2276
v  3.9776 -2.2844 0.2256
v  3.9999 -2.3289 0.2234
v  3.9780 -2.3289 0.2214
v  3.9999 -3.1011 0.2199
v  3.9784 -3.1011 0.2181
v  3.9999 -3.1109 0.2165
v  3.9787 -3.1107 0.2150
v  3.9999 -3.1200 0.1896
v  3.9999 -3.1186 0.1823
v  3.9820 -3.1185 0.1815
v  3.9813 -3.1199 0.1887
v  3.9999 -3.1141 0.1755
v  3.9827 -3.1141 0.1748
v  3.9999 -3.1074 0.1710
v  3.9831 -3.1074 0.1703
v  3.9999 -3.1000 0.1696
v  3.9832 -3.1000 0.1689
v  3.9438 -1.9899 0.2819
v  3.8956 -1.9900 0.5240
v  3.8448 -1.9900 0.5113
v  3.9164 -1.9899 0.2751
v  3.8943 -1.9929 0.5309
v  3.8427 -1.9929 0.5181
v  3.8937 -1.9998 0.5338
v  3.8419 -1.9998 0.5209
v  3.8937 -2.0078 0.5340
v  3.8936 -2.0621 0.5339
v  3.8418 -2.0621 0.5210
v  3.8418 -2.0078 0.5211
v  3.8937 -2.0701 0.5338
v  3.8943 -2.0770 0.5308
v  3.8428 -2.0770 0.5179
v  3.8419 -2.0701 0.5208
v  3.8957 -2.0799 0.5239
v  3.8448 -2.0799 0.5113
v  3.8972 -2.0799 0.5160
v  3.9094 -2.0799 0.4551
v  3.8652 -2.0799 0.4441
v  3.8471 -2.0799 0.5036
v  3.9164 -2.0832 0.4196
v  3.8757 -2.0832 0.4094
v  3.9255 -2.0965 0.3737
v  3.8892 -2.0970 0.3649
v  3.9342 -2.1207 0.3299
v  3.9023 -2.1202 0.3217
v  3.9420 -2.1532 0.2907
v  3.9140 -2.1527 0.2832
v  3.9484 -2.1932 0.2588
v  3.9234 -2.1928 0.2519
v  3.9529 -2.2380 0.2360
v  3.9302 -2.2377 0.2297
v  3.9555 -2.2846 0.2229
v  3.9341 -2.2844 0.2168
v  3.9563 -2.3289 0.2188
v  3.9353 -2.3289 0.2128
v  3.9570 -3.1012 0.2156
v  3.9363 -3.1011 0.2096
v  3.9576 -3.1110 0.2125
v  3.9372 -3.1107 0.2066
v  3.9629 -3.1199 0.1860
v  3.9643 -3.1185 0.1788
v  3.9469 -3.1184 0.1745
v  3.9448 -3.1199 0.1815
v  3.9656 -3.1140 0.1723
v  3.9489 -3.1140 0.1681
v  3.9665 -3.1074 0.1678
v  3.9502 -3.1074 0.1637
v  3.9668 -3.1000 0.1664
v  3.9506 -3.1000 0.1624
v  3.8899 -1.9899 0.2655
v  3.7954 -1.9900 0.4936
v  3.7480 -1.9900 0.4713
v  3.8644 -1.9899 0.2535
v  3.7927 -1.9929 0.5001
v  3.7447 -1.9929 0.4775
v  3.7916 -1.9998 0.5028
v  3.7433 -1.9998 0.4801
v  3.7915 -2.0078 0.5030
v  3.7916 -2.0621 0.5029
v  3.7433 -2.0621 0.4801
v  3.7432 -2.0078 0.4802
v  3.7916 -2.0701 0.5027
v  3.7928 -2.0770 0.5000
v  3.7448 -2.0770 0.4773
v  3.7433 -2.0701 0.4799
v  3.7954 -2.0799 0.4935
v  3.7480 -2.0799 0.4712
v  3.7985 -2.0799 0.4861
v  3.8223 -2.0799 0.4287
v  3.7811 -2.0799 0.4093
v  3.7518 -2.0799 0.4641
v  3.8362 -2.0832 0.3952
v  3.7982 -2.0832 0.3773
v  3.8539 -2.0974 0.3523
v  3.8201 -2.0970 0.3363
v  3.8712 -2.1206 0.3108
v  3.8414 -2.1201 0.2964
v  3.8865 -2.1531 0.2738
v  3.8604 -2.1526 0.2609
v  3.8989 -2.1932 0.2437
v  3.8758 -2.1927 0.2321
v  3.9078 -2.2380 0.2223
v  3.8868 -2.2377 0.2116
v  3.9129 -2.2845 0.2099
v  3.8931 -2.2844 0.1997
v  3.9145 -2.3289 0.2061
v  3.8951 -2.3289 0.1960
v  3.9158 -3.1011 0.2030
v  3.8967 -3.1010 0.1931
v  3.9170 -3.1110 0.2002
v  3.8981 -3.1106 0.1903
v  3.9273 -3.1199 0.1752
v  3.9301 -3.1184 0.1684
v  3.9140 -3.1187 0.1607
v  3.9105 -3.1200 0.1673
v  3.9327 -3.1140 0.1623
v  3.9172 -3.1144 0.1546
v  3.9344 -3.1074 0.1580
v  3.9194 -3.1075 0.1505
v  3.9351 -3.1001 0.1565
v  3.9201 -3.1001 0.1492
v  3.8402 -1.9899 0.2390
v  3.7031 -1.9900 0.4442
v  3.6609 -1.9900 0.4131
v  3.8175 -1.9899 0.2222
v  3.6991 -1.9929 0.4501
v  3.6564 -1.9929 0.4185
v  3.6975 -1.9998 0.4525
v  3.6545 -1.9998 0.4208
v  3.6974 -2.0078 0.4527
v  3.6975 -2.0621 0.4526
v  3.6544 -2.0621 0.4209
v  3.6544 -2.0078 0.4209
v  3.6976 -2.0701 0.4524
v  3.6992 -2.0770 0.4500
v  3.6565 -2.0770 0.4184
v  3.6545 -2.0701 0.4208
v  3.7031 -2.0799 0.4442
v  3.6609 -2.0799 0.4130
v  3.7076 -2.0799 0.4375
v  3.7421 -2.0799 0.3858
v  3.7055 -2.0799 0.3587
v  3.6660 -2.0799 0.4068
v  3.7622 -2.0832 0.3557
v  3.7285 -2.0832 0.3307
v  3.7880 -2.0974 0.3171
v  3.7581 -2.0970 0.2947
v  3.8130 -2.1207 0.2797
v  3.7867 -2.1201 0.2598
v  3.8352 -2.1532 0.2464
v  3.8122 -2.1526 0.2287
v  3.8533 -2.1932 0.2194
v  3.8329 -2.1927 0.2034
v  3.8662 -2.2380 0.2001
v  3.8478 -2.2376 0.1854
v  3.8736 -2.2846 0.1890
v  3.8563 -2.2844 0.1750
v  3.8759 -2.3289 0.1856
v  3.8589 -2.3289 0.1718
v  3.8778 -3.1012 0.1828
v  3.8611 -3.1010 0.1692
v  3.8796 -3.1110 0.1801
v  3.8630 -3.1106 0.1668
v  3.8945 -3.1200 0.1577
v  3.8986 -3.1187 0.1515
v  3.8843 -3.1188 0.1409
v  3.8796 -3.1200 0.1466
v  3.9024 -3.1143 0.1458
v  3.8887 -3.1144 0.1355
v  3.9050 -3.1074 0.1421
v  3.8917 -3.1076 0.1319
v  3.9058 -3.1001 0.1408
v  3.8926 -3.1001 0.1307
v  3.7967 -1.9899 0.2032
v  3.6221 -1.9900 0.3778
v  3.5868 -1.9900 0.3390
v  3.7777 -1.9899 0.1823
v  3.6171 -1.9929 0.3828
v  3.5814 -1.9929 0.3435
v  3.6150 -1.9998 0.3849
v  3.5791 -1.9998 0.3453
v  3.6149 -2.0078 0.3850
v  3.6148 -2.0621 0.3851
v  3.5789 -2.0621 0.3455
v  3.5790 -2.0078 0.3454
v  3.6149 -2.0701 0.3849
v  3.6171 -2.0770 0.3827
v  3.5814 -2.0770 0.3434
v  3.5791 -2.0701 0.3454
v  3.6221 -2.0799 0.3777
v  3.5869 -2.0799 0.3389
v  3.6278 -2.0799 0.3720
v  3.6718 -2.0799 0.3281
v  3.6412 -2.0799 0.2944
v  3.5931 -2.0799 0.3338
v  3.6974 -2.0832 0.3025
v  3.6691 -2.0832 0.2714
v  3.7302 -2.0976 0.2696
v  3.7052 -2.0970 0.2418
v  3.7619 -2.1208 0.2379
v  3.7401 -2.1201 0.2132
v  3.7902 -2.1533 0.2097
v  3.7712 -2.1526 0.1877
v  3.8132 -2.1933 0.1867
v  3.7965 -2.1927 0.1669
v  3.8296 -2.2381 0.1703
v  3.8145 -2.2376 0.1521
v  3.8390 -2.2846 0.1609
v  3.8249 -2.2844 0.1436
v  3.8419 -2.3289 0.1579
v  3.8281 -2.3289 0.1409
v  3.8445 -3.1011 0.1554
v  3.8307 -3.1010 0.1388
v  3.8469 -3.1108 0.1530
v  3.8330 -3.1105 0.1369
v  3.8658 -3.1200 0.1341
v  3.8710 -3.1186 0.1289
v  3.8590 -3.1188 0.1156
v  3.8533 -3.1200 0.1203
v  3.8758 -3.1142 0.1240
v  3.8644 -3.1144 0.1112
v  3.8790 -3.1074 0.1209
v  3.8680 -3.1076 0.1082
v  3.8800 -3.1000 0.1199
v  3.8692 -3.1001 0.1072
v  3.7609 -1.9899 0.1597
v  3.5556 -1.9900 0.2968
v  3.5286 -1.9900 0.2519
v  3.7464 -1.9899 0.1355
v  3.5498 -1.9929 0.3008
v  3.5224 -1.9929 0.2552
v  3.5473 -1.9998 0.3024
v  3.5198 -1.9998 0.2566
v  3.5472 -2.0078 0.3025
v  3.5473 -2.0621 0.3024
v  3.5198 -2.0621 0.2566
v  3.5197 -2.0078 0.2567
v  3.5475 -2.0701 0.3023
v  3.5498 -2.0770 0.3007
v  3.5225 -2.0770 0.2551
v  3.5200 -2.0701 0.2565
v  3.5557 -2.0799 0.2968
v  3.5287 -2.0799 0.2519
v  3.5624 -2.0799 0.2923
v  3.6141 -2.0799 0.2578
v  3.5906 -2.0799 0.2188
v  3.5358 -2.0799 0.2481
v  3.6442 -2.0832 0.2377
v  3.6226 -2.0832 0.2017
v  3.6829 -2.0975 0.2118
v  3.6637 -2.0970 0.1797
v  3.7202 -2.1207 0.1869
v  3.7035 -2.1201 0.1584
v  3.7535 -2.1532 0.1646
v  3.7390 -2.1526 0.1395
v  3.7805 -2.1932 0.1466
v  3.7678 -2.1927 0.1240
v  3.7998 -2.2380 0.1337
v  3.7883 -2.2377 0.1131
v  3.8109 -2.2846 0.1262
v  3.8002 -2.2844 0.1067
v  3.8143 -2.3289 0.1239
v  3.8039 -2.3289 0.1047
v  3.8173 -3.1011 0.1220
v  3.8068 -3.1010 0.1032
v  3.8200 -3.1107 0.1201
v  3.8095 -3.1106 0.1018
v  3.8422 -3.1200 0.1053
v  3.8483 -3.1186 0.1013
v  3.8392 -3.1188 0.0859
v  3.8326 -3.1200 0.0894
v  3.8540 -3.1142 0.0975
v  3.8453 -3.1144 0.0826
v  3.8577 -3.1074 0.0950
v  3.8495 -3.1076 0.0804
v  3.8588 -3.1000 0.0942
v  3.8508 -3.1001 0.0797
v  3.7344 -1.9899 0.1100
v  3.5063 -1.9900 0.2045
v  3.4885 -1.9900 0.1551
v  3.7248 -1.9899 0.0834
v  3.4997 -1.9929 0.2072
v  3.4818 -1.9929 0.1572
v  3.4970 -1.9998 0.2083
v  3.4790 -1.9998 0.1580
v  3.4969 -2.0078 0.2083
v  3.4971 -2.0621 0.2083
v  3.4790 -2.0621 0.1580
v  3.4788 -2.0078 0.1581
v  3.4973 -2.0701 0.2082
v  3.4998 -2.0770 0.2071
v  3.4819 -2.0770 0.1571
v  3.4792 -2.0701 0.1579
v  3.5063 -2.0799 0.2044
v  3.4886 -2.0799 0.1551
v  3.5138 -2.0799 0.2014
v  3.5712 -2.0799 0.1776
v  3.5558 -2.0799 0.1347
v  3.4963 -2.0799 0.1528
v  3.6047 -2.0832 0.1637
v  3.5903 -2.0840 0.1242
v  3.6476 -2.0974 0.1459
v  3.6351 -2.0971 0.1107
v  3.6891 -2.1206 0.1287
v  3.6782 -2.1201 0.0976
v  3.7262 -2.1531 0.1134
v  3.7167 -2.1526 0.0859
v  3.7562 -2.1931 0.1009
v  3.7480 -2.1928 0.0764
v  3.7776 -2.2380 0.0920
v  3.7703 -2.2377 0.0697
v  3.7900 -2.2845 0.0869
v  3.7831 -2.2844 0.0658
v  3.7938 -2.3289 0.0853
v  3.7871 -2.3289 0.0645
v  3.7971 -3.1009 0.0841
v  3.7904 -3.1006 0.0636
v  3.8001 -3.1105 0.0828
v  3.7929 -3.1101 0.0628
v  3.8247 -3.1200 0.0726
v  3.8315 -3.1186 0.0698
v  3.8255 -3.1188 0.0529
v  3.8184 -3.1200 0.0551
v  3.8377 -3.1141 0.0672
v  3.8322 -3.1144 0.0509
v  3.8418 -3.1073 0.0655
v  3.8366 -3.1076 0.0495
v  3.8431 -3.1000 0.0649
v  3.8381 -3.1001 0.0491
v  3.7180 -1.9899 0.0561
v  3.4759 -1.9900 0.1042
v  3.4681 -1.9900 0.0524
v  3.7138 -1.9898 0.0282
v  3.4689 -1.9929 0.1056
v  3.4611 -1.9929 0.0531
v  3.4661 -1.9998 0.1062
v  3.4582 -1.9998 0.0534
v  3.4659 -2.0078 0.1062
v  3.4661 -2.0621 0.1062
v  3.4580 -2.0621 0.0534
v  3.4580 -2.0078 0.0534
v  3.4662 -2.0701 0.1061
v  3.4690 -2.0770 0.1056
v  3.4612 -2.0770 0.0531
v  3.4582 -2.0701 0.0533
v  3.4759 -2.0799 0.1042
v  3.4682 -2.0799 0.0524
v  3.4838 -2.0799 0.1026
v  3.5448 -2.0808 0.0905
v  3.5380 -2.0807 0.0455
v  3.4762 -2.0799 0.0516
v  3.5802 -2.0841 0.0835
v  3.5740 -2.0840 0.0420
v  3.6259 -2.0974 0.0744
v  3.6205 -2.0971 0.0374
v  3.6700 -2.1206 0.0656
v  3.6653 -2.1202 0.0330
v  3.7093 -2.1531 0.0578
v  3.7053 -2.1527 0.0290
v  3.7412 -2.1932 0.0515
v  3.7378 -2.1928 0.0258
v  3.7639 -2.2380 0.0470
v  3.7610 -2.2377 0.0236
v  3.7770 -2.2845 0.0444
v  3.7744 -2.2844 0.0222
v  3.7811 -2.3289 0.0436
v  3.7786 -2.3289 0.0218
v  3.7844 -3.1005 0.0429
v  3.7819 -3.1006 0.0215
v  3.7873 -3.1099 0.0421
v  3.7845 -3.1100 0.0211
v  3.8139 -3.1200 0.0370
v  3.8211 -3.1186 0.0356
v  3.8185 -3.1187 0.0179
v  3.8112 -3.1200 0.0186
v  3.8277 -3.1141 0.0342
v  3.8254 -3.1144 0.0172
v  3.8321 -3.1073 0.0334
v  3.8300 -3.1075 0.0167
v  3.8335 -3.1000 0.0331
v  3.8315 -3.1001 0.0166
v  4.2040 -3.1182 0.0406
v  4.2069 -3.1179 0.0204
v  4.1972 -3.1200 0.0194
v  4.1942 -3.1200 0.0387
v  4.1922 -3.1182 0.0797
v  4.1988 -3.1179 0.0603
v  4.1895 -3.1200 0.0575
v  4.1829 -3.1200 0.0758
v  4.1729 -3.1182 0.1156
v  4.1832 -3.1179 0.0980
v  4.1747 -3.1200 0.0934
v  4.1646 -3.1200 0.1101
v  4.1471 -3.1181 0.1472
v  4.1606 -3.1179 0.1319
v  4.1531 -3.1200 0.1258
v  4.1401 -3.1200 0.1402
v  4.1155 -3.1180 0.1731
v  4.1318 -3.1178 0.1607
v  4.1257 -3.1200 0.1533
v  4.1100 -3.1200 0.1649
v  4.0795 -3.1179 0.1923
v  4.0980 -3.1178 0.1835
v  4.0934 -3.1200 0.1749
v  4.0758 -3.1200 0.1832
v  4.0405 -3.1180 0.2042
v  4.0637 -3.1179 0.1979
v  4.0574 -3.1200 0.1898
v  4.0386 -3.1200 0.1945
v  3.9999 -3.1181 0.2081
v  4.0203 -3.1179 0.2070
v  4.0193 -3.1200 0.1973
v  3.9999 -3.1200 0.1982
v  3.9593 -3.1182 0.2041
v  3.9795 -3.1179 0.2069
v  3.9805 -3.1195 0.1970
v  3.9613 -3.1184 0.1937
v  3.9202 -3.1182 0.1923
v  3.9395 -3.1179 0.1989
v  3.9425 -3.1184 0.1890
v  3.9242 -3.1188 0.1826
v  3.8843 -3.1181 0.1730
v  3.9019 -3.1178 0.1833
v  3.9064 -3.1200 0.1748
v  3.8898 -3.1200 0.1648
v  3.8527 -3.1180 0.1471
v  3.8680 -3.1178 0.1607
v  3.8741 -3.1200 0.1532
v  3.8597 -3.1200 0.1402
v  3.8268 -3.1179 0.1156
v  3.8391 -3.1178 0.1319
v  3.8466 -3.1200 0.1258
v  3.8350 -3.1200 0.1102
v  3.8077 -3.1179 0.0797
v  3.8165 -3.1178 0.0980
v  3.8250 -3.1200 0.0935
v  3.8167 -3.1200 0.0759
v  3.7952 -3.1176 0.0405
v  3.8005 -3.1176 0.0604
v  3.8101 -3.1200 0.0576
v  3.8054 -3.1200 0.0387
v  3.7925 -3.1176 0.0203
v  3.8029 -3.1200 0.0194
v  3.4556 -1.9998 0.0000
v  3.4554 -2.0078 0.0000
v  3.4555 -2.0701 0.0000
v  3.4553 -2.0621 0.0000
v  3.4657 -2.0799 0.0000
v  3.4737 -2.0799 0.0000
v  3.7125 -1.9898 0.0000
v  3.4656 -1.9900 0.0000
v  3.4585 -1.9929 0.0000
v  3.4586 -2.0770 0.0000
v  3.5359 -2.0809 0.0000
v  3.5719 -2.0842 0.0000
v  3.6186 -2.0975 0.0000
v  3.6634 -2.1208 0.0000
v  3.7034 -2.1533 0.0000
v  3.7359 -2.1933 0.0000
v  3.7590 -2.2381 0.0000
v  3.7724 -2.2846 0.0000
v  3.7765 -2.3289 0.0000
v  3.7800 -3.1007 0.0000
v  3.8176 -3.1186 0.0000
v  3.8244 -3.1142 0.0000
v  3.8289 -3.1074 0.0000
v  3.8300 -3.1000 0.0000
v  4.1981 -3.1200 0.0000
v  4.2081 -3.1181 0.0000
v  0.0732 -0.0805 0.3678
v  0.1435 -0.0805 0.3465
v  0.2083 -0.0805 0.3118
v  0.2652 -0.0805 0.2652
v  0.3118 -0.0805 0.2083
v  0.3465 -0.0805 0.1435
v  0.3678 -0.0805 0.0732
v  0.3750 -0.0805 -0.0000
v  0.3678 -0.0805 -0.0732
v  0.3465 -0.0805 -0.1435
v  0.3118 -0.0805 -0.2083
v  0.2652 -0.0805 -0.2652
v  0.2083 -0.0805 -0.3118
v  0.1435 -0.0805 -0.3465
v  0.0732 -0.0805 -0.3678
v  0.0731 -5.4230 0.3676
v  0.1434 -5.4230 0.3462
v  0.2082 -5.4230 0.3117
v  0.2652 -5.4230 0.2652
v  0.3117 -5.4230 0.2082
v  0.3462 -5.4230 0.1434
v  0.3676 -5.4230 0.0731
v  0.3750 -5.4230 0.0000
v  0.3676 -5.4230 -0.0732
v  0.3462 -5.4230 -0.1435
v  0.3116 -5.4230 -0.2084
v  0.2650 -5.4230 -0.2653
v  0.2081 -5.4230 -0.3118
v  0.1433 -5.4230 -0.3463
v  0.0731 -5.4230 -0.3676
v  0.0730 -5.5543 0.3618
v  0.1432 -5.5523 0.3405
v  0.2080 -5.5492 0.3062
v  0.2649 -5.5449 0.2599
v  0.3115 -5.5397 0.2033
v  0.3461 -5.5338 0.1387
v  0.3675 -5.5274 0.0687
v  0.3750 -5.5207 -0.0042
v  0.3676 -5.5140 -0.0771
v  0.3462 -5.5076 -0.1472
v  0.3116 -5.5016 -0.2118
v  0.2651 -5.4964 -0.2685
v  0.2084 -5.4921 -0.3152
v  0.1435 -5.4890 -0.3497
v  0.0732 -5.4870 -0.3710
v  0.0730 -5.6871 0.3434
v  0.1431 -5.6832 0.3225
v  0.2079 -5.6768 0.2886
v  0.2648 -5.6683 0.2430
v  0.3113 -5.6579 0.1871
v  0.3460 -5.6460 0.1234
v  0.3675 -5.6331 0.0543
v  0.3750 -5.6196 -0.0177
v  0.3676 -5.6062 -0.0897
v  0.3463 -5.5933 -0.1589
v  0.3117 -5.5814 -0.2227
v  0.2651 -5.5709 -0.2787
v  0.2085 -5.5623 -0.3248
v  0.1436 -5.5560 -0.3589
v  0.0732 -5.5521 -0.3799
v  0.0729 -5.8212 0.3117
v  0.1431 -5.8154 0.2913
v  0.2078 -5.8058 0.2582
v  0.2647 -5.7930 0.2136
v  0.3113 -5.7773 0.1590
v  0.3460 -5.7594 0.0967
v  0.3675 -5.7400 0.0291
v  0.3750 -5.7197 -0.0413
v  0.3676 -5.6995 -0.1117
v  0.3463 -5.6800 -0.1793
v  0.3117 -5.6620 -0.2417
v  0.2651 -5.6463 -0.2965
v  0.2085 -5.6333 -0.3416
v  0.1436 -5.6237 -0.3749
v  0.0732 -5.6178 -0.3955
v  0.0729 -5.9552 0.2661
v  0.1431 -5.9473 0.2463
v  0.2078 -5.9346 0.2143
v  0.2647 -5.9174 0.1712
v  0.3113 -5.8964 0.1184
v  0.3460 -5.8725 0.0582
v  0.3675 -5.8465 -0.0072
v  0.3750 -5.8195 -0.0752
v  0.3676 -5.7925 -0.1433
v  0.3463 -5.7665 -0.2088
v  0.3117 -5.7425 -0.2691
v  0.2651 -5.7215 -0.3221
v  0.2085 -5.7042 -0.3658
v  0.1436 -5.6914 -0.3980
v  0.0732 -5.6835 -0.4179
v  0.0729 -6.0863 0.2063
v  0.1430 -6.0766 0.1874
v  0.2078 -6.0607 0.1569
v  0.2647 -6.0394 0.1157
v  0.3113 -6.0133 0.0652
v  0.3460 -5.9835 0.0077
v  0.3675 -5.9511 -0.0548
v  0.3750 -5.9174 -0.1198
v  0.3676 -5.8837 -0.1849
v  0.3463 -5.8513 -0.2474
v  0.3117 -5.8214 -0.3051
v  0.2651 -5.7952 -0.3557
v  0.2084 -5.7736 -0.3973
v  0.1435 -5.7577 -0.4280
v  0.0732 -5.7479 -0.4470
v  0.0729 -6.2129 0.1324
v  0.1431 -6.2012 0.1146
v  0.2078 -6.1824 0.0858
v  0.2647 -6.1569 0.0470
v  0.3113 -6.1258 -0.0005
v  0.3460 -6.0903 -0.0548
v  0.3675 -6.0518 -0.1136
v  0.3750 -6.0117 -0.1749
v  0.3677 -5.9716 -0.2362
v  0.3463 -5.9330 -0.2951
v  0.3117 -5.8975 -0.3495
v  0.2651 -5.8663 -0.3972
v  0.2082 -5.8408 -0.4361
v  0.1434 -5.8219 -0.4650
v  0.0731 -5.8102 -0.4829
v  0.0729 -6.3319 0.0455
v  0.1430 -6.3185 0.0290
v  0.2078 -6.2969 0.0023
v  0.2647 -6.2676 -0.0337
v  0.3112 -6.2319 -0.0779
v  0.3460 -6.1909 -0.1284
v  0.3675 -6.1467 -0.1828
v  0.3750 -6.1006 -0.2397
v  0.3677 -6.0544 -0.2966
v  0.3463 -6.0101 -0.3513
v  0.3117 -5.9692 -0.4018
v  0.2651 -5.9333 -0.4460
v  0.2082 -5.9040 -0.4822
v  0.1433 -5.8822 -0.5090
v  0.0731 -5.8687 -0.5256
v  0.0729 -6.4409 -0.0525
v  0.1431 -6.4259 -0.0676
v  0.2078 -6.4016 -0.0920
v  0.2647 -6.3689 -0.1249
v  0.3113 -6.3288 -0.1652
v  0.3460 -6.2832 -0.2111
v  0.3675 -6.2336 -0.2610
v  0.3750 -6.1819 -0.3129
v  0.3677 -6.1303 -0.3649
v  0.3463 -6.0807 -0.4149
v  0.3117 -6.0349 -0.4609
v  0.2651 -5.9947 -0.5014
v  0.2082 -5.9619 -0.5344
v  0.1434 -5.9376 -0.5589
v  0.0731 -5.9225 -0.5740
v  0.0730 -6.5345 -0.1554
v  0.1432 -6.5182 -0.1691
v  0.2079 -6.4917 -0.1911
v  0.2648 -6.4560 -0.2208
v  0.3114 -6.4123 -0.2572
v  0.3460 -6.3625 -0.2987
v  0.3675 -6.3085 -0.3437
v  0.3750 -6.2522 -0.3905
v  0.3676 -6.1960 -0.4373
v  0.3463 -6.1419 -0.4824
v  0.3117 -6.0920 -0.5239
v  0.2651 -6.0482 -0.5603
v  0.2082 -6.0125 -0.5901
v  0.1434 -5.9859 -0.6122
v  0.0731 -5.9695 -0.6259
v  0.0731 -6.6046 -0.2475
v  0.1434 -6.5871 -0.2597
v  0.2082 -6.5588 -0.2796
v  0.2652 -6.5207 -0.3062
v  0.3117 -6.4741 -0.3389
v  0.3459 -6.4209 -0.3762
v  0.3673 -6.3634 -0.4165
v  0.3750 -6.3036 -0.4584
v  0.3673 -6.2437 -0.5004
v  0.3462 -6.1861 -0.5407
v  0.3116 -6.1330 -0.5780
v  0.2651 -6.0864 -0.6106
v  0.2082 -6.0483 -0.6373
v  0.1433 -6.0200 -0.6571
v  0.0731 -6.0025 -0.6694
v  0.0731 -6.7072 -0.3944
v  0.1433 -6.6897 -0.4067
v  0.2081 -6.6615 -0.4265
v  0.2652 -6.6235 -0.4531
v  0.3115 -6.5768 -0.4858
v  0.3459 -6.5237 -0.5230
v  0.3673 -6.4662 -0.5633
v  0.3750 -6.4064 -0.6052
v  0.3673 -6.3465 -0.6471
v  0.3459 -6.2890 -0.6874
v  0.3114 -6.2359 -0.7246
v  0.2651 -6.1892 -0.7574
v  0.2081 -6.1512 -0.7839
v  0.1432 -6.1230 -0.8037
v  0.0730 -6.1055 -0.8160
v  0.0595 -6.3910 -1.1052
v  0.1168 -6.4053 -1.0952
v  0.1695 -6.4284 -1.0791
v  0.2158 -6.4594 -1.0573
v  0.2537 -6.4973 -1.0308
v  0.2819 -6.5405 -1.0005
v  0.2992 -6.5874 -0.9677
v  0.3052 -6.6362 -0.9336
v  0.2992 -6.6849 -0.8995
v  0.2819 -6.7318 -0.8666
v  0.2537 -6.7751 -0.8364
v  0.2159 -6.8130 -0.8098
v  0.1696 -6.8440 -0.7881
v  0.1168 -6.8671 -0.7719
v  0.0595 -6.8814 -0.7620
v  0.0595 -6.3479 -1.0436
v  0.1168 -6.3621 -1.0337
v  0.1695 -6.3852 -1.0175
v  0.2158 -6.4163 -0.9957
v  0.2537 -6.4542 -0.9692
v  0.2819 -6.4974 -0.9390
v  0.2992 -6.5443 -0.9061
v  0.3052 -6.5930 -0.8719
v  0.2992 -6.6418 -0.8379
v  0.2819 -6.6887 -0.8050
v  0.2537 -6.7319 -0.7747
v  0.2159 -6.7698 -0.7480
v  0.1696 -6.8008 -0.7264
v  0.1168 -6.8239 -0.7103
v  0.0595 -6.8382 -0.7003
v  0.0507 -6.3841 -1.0183
v  0.0995 -6.3962 -1.0098
v  0.1445 -6.4159 -0.9960
v  0.1839 -6.4424 -0.9775
v  0.2162 -6.4747 -0.9549
v  0.2403 -6.5115 -0.9291
v  0.2551 -6.5515 -0.9011
v  0.2602 -6.5930 -0.8719
v  0.2551 -6.6345 -0.8429
v  0.2403 -6.6746 -0.8149
v  0.2162 -6.7115 -0.7890
v  0.1840 -6.7437 -0.7663
v  0.1446 -6.7701 -0.7479
v  0.0995 -6.7899 -0.7342
v  0.0506 -6.8020 -0.7257
v  0.0508 -6.4160 -1.0643
v  0.0996 -6.4282 -1.0558
v  0.1447 -6.4479 -1.0421
v  0.1841 -6.4744 -1.0235
v  0.2165 -6.5067 -1.0009
v  0.2405 -6.5436 -0.9751
v  0.2553 -6.5836 -0.9470
v  0.2604 -6.6251 -0.9178
v  0.2553 -6.6667 -0.8888
v  0.2405 -6.7068 -0.8608
v  0.2164 -6.7437 -0.8349
v  0.1842 -6.7760 -0.8121
v  0.1447 -6.8025 -0.7937
v  0.0996 -6.8222 -0.7799
v  0.0507 -6.8344 -0.7714
v  0.0486 -6.4252 -1.0580
v  0.0953 -6.4368 -1.0498
v  0.1384 -6.4556 -1.0366
v  0.1761 -6.4809 -1.0189
v  0.2070 -6.5119 -0.9973
v  0.2300 -6.5471 -0.9726
v  0.2442 -6.5855 -0.9457
v  0.2491 -6.6251 -0.9178
v  0.2442 -6.6649 -0.8901
v  0.2300 -6.7033 -0.8632
v  0.2070 -6.7386 -0.8385
v  0.1762 -6.7694 -0.8167
v  0.1385 -6.7947 -0.7991
v  0.0953 -6.8136 -0.7859
v  0.0485 -6.8253 -0.7778
v  0.0508 -6.3898 -1.0265
v  0.0996 -6.4019 -1.0180
v  0.1445 -6.4216 -1.0042
v  0.1839 -6.4481 -0.9857
v  0.2163 -6.4804 -0.9631
v  0.2403 -6.5172 -0.9373
v  0.2551 -6.5573 -0.9093
v  0.2602 -6.5987 -0.8801
v  0.2551 -6.6403 -0.8511
v  0.2403 -6.6803 -0.8231
v  0.2162 -6.7172 -0.7972
v  0.1841 -6.7494 -0.7745
v  0.1446 -6.7759 -0.7561
v  0.0996 -6.7956 -0.7423
v  0.0506 -6.8078 -0.7338
v  0.0507 -6.8286 -0.7633
v  0.0996 -6.8165 -0.7718
v  0.1447 -6.7967 -0.7855
v  0.1842 -6.7702 -0.8039
v  0.2164 -6.7380 -0.8267
v  0.2405 -6.7011 -0.8526
v  0.2553 -6.6610 -0.8806
v  0.2604 -6.6194 -0.9096
v  0.2553 -6.5779 -0.9388
v  0.2405 -6.5379 -0.9668
v  0.2164 -6.5010 -0.9927
v  0.1841 -6.4687 -1.0153
v  0.1446 -6.4422 -1.0338
v  0.0996 -6.4225 -1.0476
v  0.0508 -6.4103 -1.0561
v  0.0576 -6.3560 -1.0380
v  0.1129 -6.3697 -1.0283
v  0.1639 -6.3921 -1.0127
v  0.2087 -6.4221 -0.9916
v  0.2453 -6.4588 -0.9660
v  0.2726 -6.5005 -0.9368
v  0.2894 -6.5459 -0.9050
v  0.2952 -6.5930 -0.8719
v  0.2894 -6.6401 -0.8390
v  0.2726 -6.6855 -0.8072
v  0.2453 -6.7273 -0.7779
v  0.2088 -6.7639 -0.7521
v  0.1640 -6.7940 -0.7312
v  0.1129 -6.8163 -0.7156
v  0.0575 -6.8301 -0.7060
v  0.0526 -6.8101 -0.7200
v  0.1034 -6.7975 -0.7288
v  0.1502 -6.7770 -0.7431
v  0.1911 -6.7495 -0.7622
v  0.2246 -6.7160 -0.7858
v  0.2496 -6.6777 -0.8127
v  0.2649 -6.6361 -0.8418
v  0.2702 -6.5930 -0.8719
v  0.2649 -6.5499 -0.9022
v  0.2496 -6.5084 -0.9313
v  0.2246 -6.4701 -0.9581
v  0.1910 -6.4365 -0.9815
v  0.1501 -6.4091 -1.0008
v  0.1034 -6.3886 -1.0151
v  0.0527 -6.3760 -1.0239
v  0.0595 -6.3853 -1.0970
v  0.1168 -6.3995 -1.0870
v  0.1695 -6.4226 -1.0709
v  0.2158 -6.4537 -1.0491
v  0.2537 -6.4916 -1.0226
v  0.2819 -6.5348 -0.9924
v  0.2992 -6.5817 -0.9595
v  0.3052 -6.6304 -0.9253
v  0.2992 -6.6792 -0.8913
v  0.2819 -6.7261 -0.8584
v  0.2537 -6.7693 -0.8281
v  0.2159 -6.8071 -0.8014
v  0.1696 -6.8382 -0.7798
v  0.1168 -6.8613 -0.7637
v  0.0595 -6.8756 -0.7537
v  0.0595 -6.8439 -0.7085
v  0.1168 -6.8297 -0.7185
v  0.1696 -6.8065 -0.7346
v  0.2159 -6.7755 -0.7562
v  0.2537 -6.7376 -0.7829
v  0.2819 -6.6944 -0.8132
v  0.2992 -6.6475 -0.8461
v  0.3052 -6.5987 -0.8801
v  0.2992 -6.5500 -0.9143
v  0.2819 -6.5031 -0.9472
v  0.2537 -6.4599 -0.9774
v  0.2158 -6.4220 -1.0039
v  0.1695 -6.3910 -1.0257
v  0.1168 -6.3679 -1.0419
v  0.0595 -6.3537 -1.0518
v  0.0615 -6.8895 -0.7563
v  0.1206 -6.8747 -0.7666
v  0.1751 -6.8509 -0.7833
v  0.2230 -6.8188 -0.8057
v  0.2621 -6.7796 -0.8332
v  0.2912 -6.7350 -0.8644
v  0.3091 -6.6865 -0.8983
v  0.3153 -6.6362 -0.9336
v  0.3091 -6.5858 -0.9688
v  0.2912 -6.5374 -1.0027
v  0.2620 -6.4927 -1.0340
v  0.2229 -6.4536 -1.0614
v  0.1751 -6.4215 -1.0838
v  0.1206 -6.3977 -1.1006
v  0.0615 -6.3830 -1.1108
v  0.0730 -6.3356 -1.1440
v  0.0710 -6.3436 -1.1384
v  0.0731 -6.3294 -1.1361
v  0.1432 -6.3530 -1.1318
v  0.1393 -6.3606 -1.1265
v  0.1434 -6.3469 -1.1239
v  0.2079 -6.3813 -1.1120
v  0.2023 -6.3882 -1.1072
v  0.2082 -6.3752 -1.1041
v  0.2646 -6.4195 -1.0853
v  0.2575 -6.4253 -1.0812
v  0.2652 -6.4133 -1.0774
v  0.3111 -6.4659 -1.0528
v  0.3028 -6.4705 -1.0496
v  0.3117 -6.4599 -1.0447
v  0.3457 -6.5189 -1.0157
v  0.3364 -6.5220 -1.0135
v  0.3462 -6.5130 -1.0076
v  0.3670 -6.5764 -0.9754
v  0.3572 -6.5780 -0.9743
v  0.3676 -6.5706 -0.9673
v  0.3742 -6.6362 -0.9335
v  0.3642 -6.6362 -0.9335
v  0.3750 -6.6305 -0.9253
v  0.3670 -6.6960 -0.8917
v  0.3572 -6.6944 -0.8928
v  0.3676 -6.6904 -0.8834
v  0.3457 -6.7535 -0.8514
v  0.3364 -6.7504 -0.8536
v  0.3462 -6.7480 -0.8431
v  0.3111 -6.8065 -0.8143
v  0.3028 -6.8019 -0.8176
v  0.3117 -6.8011 -0.8059
v  0.2646 -6.8530 -0.7818
v  0.2575 -6.8471 -0.7859
v  0.2652 -6.8478 -0.7733
v  0.2075 -6.8907 -0.7555
v  0.2020 -6.8838 -0.7603
v  0.2083 -6.8860 -0.7466
v  0.1432 -6.9195 -0.7353
v  0.1394 -6.9119 -0.7406
v  0.1434 -6.9142 -0.7268
v  0.0730 -6.9369 -0.7231
v  0.0711 -6.9289 -0.7287
v  0.0731 -6.9317 -0.7146
v  0.0731 -5.4887 0.3660
v  0.1433 -5.4877 0.3447
v  0.2081 -5.4862 0.3102
v  0.2651 -5.4840 0.2638
v  0.3116 -5.4814 0.2069
v  0.3462 -5.4785 0.1422
v  0.3676 -5.4752 0.0719
v  0.3750 -5.4719 -0.0011
v  0.3676 -5.4685 -0.0743
v  0.3462 -5.4653 -0.1445
v  0.3116 -5.4624 -0.2093
v  0.2650 -5.4598 -0.2662
v  0.2083 -5.4576 -0.3128
v  0.1434 -5.4560 -0.3474
v  0.0731 -5.4550 -0.3687
v  0.0730 -5.6202 0.3542
v  0.1431 -5.6173 0.3331
v  0.2079 -5.6126 0.2990
v  0.2648 -5.6062 0.2530
v  0.3114 -5.5984 0.1967
v  0.3461 -5.5895 0.1325
v  0.3675 -5.5798 0.0628
v  0.3750 -5.5698 -0.0098
v  0.3676 -5.5597 -0.0823
v  0.3462 -5.5501 -0.1520
v  0.3116 -5.5412 -0.2163
v  0.2651 -5.5334 -0.2727
v  0.2083 -5.5270 -0.3189
v  0.1434 -5.5222 -0.3532
v  0.0731 -5.5193 -0.3743
v  0.0730 -5.7539 0.3293
v  0.1432 -5.7490 0.3086
v  0.2080 -5.7411 0.2750
v  0.2649 -5.7304 0.2298
v  0.3114 -5.7173 0.1744
v  0.3461 -5.7025 0.1113
v  0.3675 -5.6863 0.0429
v  0.3750 -5.6695 -0.0284
v  0.3676 -5.6526 -0.0996
v  0.3462 -5.6364 -0.1681
v  0.3116 -5.6215 -0.2313
v  0.2651 -5.6084 -0.2867
v  0.2082 -5.5977 -0.3321
v  0.1434 -5.5897 -0.3657
v  0.0731 -5.5848 -0.3865
v  0.0730 -5.8883 0.2907
v  0.1432 -5.8814 0.2706
v  0.2080 -5.8702 0.2379
v  0.2649 -5.8552 0.1940
v  0.3114 -5.8369 0.1401
v  0.3461 -5.8159 0.0788
v  0.3675 -5.7932 0.0122
v  0.3750 -5.7696 -0.0571
v  0.3676 -5.7459 -0.1264
v  0.3462 -5.7232 -0.1931
v  0.3116 -5.7023 -0.2545
v  0.2651 -5.6839 -0.3083
v  0.2082 -5.6688 -0.3525
v  0.1434 -5.6577 -0.3852
v  0.0731 -5.6508 -0.4054
v  0.0730 -6.0211 0.2380
v  0.1432 -6.0122 0.2186
v  0.2080 -5.9979 0.1872
v  0.2649 -5.9787 0.1450
v  0.3114 -5.9551 0.0932
v  0.3461 -5.9282 0.0342
v  0.3675 -5.8990 -0.0298
v  0.3750 -5.8686 -0.0964
v  0.3676 -5.8382 -0.1630
v  0.3462 -5.8090 -0.2271
v  0.3116 -5.7821 -0.2861
v  0.2651 -5.7585 -0.3379
v  0.2082 -5.7391 -0.3804
v  0.1434 -5.7248 -0.4118
v  0.0731 -5.7159 -0.4312
v  0.0730 -6.1503 0.1711
v  0.1431 -6.1395 0.1527
v  0.2079 -6.1222 0.1229
v  0.2649 -6.0987 0.0828
v  0.3114 -6.0701 0.0337
v  0.3461 -6.0373 -0.0223
v  0.3675 -6.0019 -0.0830
v  0.3750 -5.9649 -0.1463
v  0.3676 -5.9280 -0.2095
v  0.3462 -5.8925 -0.2703
v  0.3116 -5.8598 -0.3263
v  0.2650 -5.8311 -0.3755
v  0.2080 -5.8077 -0.4155
v  0.1432 -5.7903 -0.4454
v  0.0730 -5.7795 -0.4638
v  0.0730 -6.2734 0.0906
v  0.1432 -6.2608 0.0734
v  0.2079 -6.2405 0.0455
v  0.2649 -6.2131 0.0080
v  0.3114 -6.1796 -0.0380
v  0.3461 -6.1413 -0.0905
v  0.3675 -6.0999 -0.1472
v  0.3750 -6.0568 -0.2063
v  0.3676 -6.0136 -0.2655
v  0.3462 -5.9721 -0.3224
v  0.3116 -5.9338 -0.3748
v  0.2650 -5.9003 -0.4208
v  0.2081 -5.8729 -0.4583
v  0.1433 -5.8525 -0.4862
v  0.0730 -5.8399 -0.5034
v  0.0730 -6.3879 -0.0023
v  0.1431 -6.3737 -0.0181
v  0.2079 -6.3506 -0.0438
v  0.2648 -6.3196 -0.0783
v  0.3114 -6.2816 -0.1206
v  0.3461 -6.2383 -0.1688
v  0.3675 -6.1912 -0.2212
v  0.3750 -6.1422 -0.2756
v  0.3676 -6.0932 -0.3301
v  0.3462 -6.0462 -0.3825
v  0.3116 -6.0028 -0.4307
v  0.2650 -5.9647 -0.4731
v  0.2081 -5.9337 -0.5076
v  0.1433 -5.9106 -0.5333
v  0.0730 -5.8963 -0.5492
v  0.0730 -6.4901 -0.1040
v  0.1432 -6.4743 -0.1184
v  0.2080 -6.4489 -0.1417
v  0.2649 -6.4146 -0.1730
v  0.3115 -6.3725 -0.2113
v  0.3461 -6.3247 -0.2551
v  0.3675 -6.2727 -0.3025
v  0.3750 -6.2186 -0.3518
v  0.3676 -6.1645 -0.4012
v  0.3462 -6.1126 -0.4486
v  0.3116 -6.0646 -0.4924
v  0.2650 -6.0226 -0.5307
v  0.2081 -5.9883 -0.5621
v  0.1433 -5.9628 -0.5854
v  0.0731 -5.9470 -0.5997
v  0.0731 -6.5735 -0.2049
v  0.1434 -6.5566 -0.2178
v  0.2082 -6.5291 -0.2387
v  0.2651 -6.4921 -0.2669
v  0.3116 -6.4468 -0.3014
v  0.3461 -6.3952 -0.3407
v  0.3675 -6.3392 -0.3833
v  0.3750 -6.2811 -0.4276
v  0.3674 -6.2229 -0.4719
v  0.3462 -6.1669 -0.5145
v  0.3116 -6.1153 -0.5537
v  0.2651 -6.0700 -0.5882
v  0.2081 -6.0330 -0.6163
v  0.1433 -6.0055 -0.6373
v  0.0731 -5.9886 -0.6502
v  0.0732 -0.0905 -0.3678
v  0.1435 -0.0905 -0.3465
v  0.2083 -0.0905 -0.3118
v  0.2652 -0.0905 -0.2652
v  0.3118 -0.0905 -0.2083
v  0.3465 -0.0905 -0.1435
v  0.3678 -0.0905 -0.0732
v  0.3750 -0.0905 -0.0000
v  0.3678 -0.0905 0.0732
v  0.3465 -0.0905 0.1435
v  0.3118 -0.0905 0.2083
v  0.2652 -0.0905 0.2652
v  0.2083 -0.0905 0.3118
v  0.1435 -0.0905 0.3465
v  0.0732 -0.0905 0.3678
v  0.0000 -5.4230 0.3750
v  -0.0731 -5.4230 0.3676
v  -0.0732 -0.0905 0.3678
v  0.0000 -0.0905 0.3750
v  -0.1434 -5.4230 0.3462
v  -0.1435 -0.0905 0.3465
v  -0.2082 -5.4230 0.3117
v  -0.2083 -0.0905 0.3118
v  -0.2652 -5.4230 0.2652
v  -0.2652 -0.0905 0.2652
v  -0.3117 -5.4230 0.2082
v  -0.3118 -0.0905 0.2083
v  -0.3462 -5.4230 0.1434
v  -0.3465 -0.0905 0.1435
v  -0.3676 -5.4230 0.0731
v  -0.3678 -0.0905 0.0732
v  -0.3750 -5.4230 0.0000
v  -0.3750 -0.0905 -0.0000
v  -0.3676 -5.4230 -0.0732
v  -0.3678 -0.0905 -0.0732
v  -0.3462 -5.4230 -0.1435
v  -0.3465 -0.0905 -0.1435
v  -0.3116 -5.4230 -0.2084
v  -0.3118 -0.0905 -0.2083
v  -0.2650 -5.4230 -0.2653
v  -0.2652 -0.0905 -0.2652
v  -0.2081 -5.4230 -0.3118
v  -0.2083 -0.0905 -0.3118
v  -0.1433 -5.4230 -0.3463
v  -0.1435 -0.0905 -0.3465
v  -0.0731 -5.4230 -0.3676
v  -0.0732 -0.0905 -0.3678
v  0.0000 -5.4230 -0.3750
v  0.0000 -0.0905 -0.3750
v  0.0000 -5.4891 0.3734
v  -0.0731 -5.4887 0.3660
v  -0.1433 -5.4877 0.3447
v  -0.2081 -5.4862 0.3102
v  -0.2651 -5.4840 0.2638
v  -0.3116 -5.4814 0.2069
v  -0.3462 -5.4785 0.1422
v  -0.3676 -5.4752 0.0719
v  -0.3750 -5.4719 -0.0011
v  -0.3676 -5.4685 -0.0743
v  -0.3462 -5.4653 -0.1445
v  -0.3116 -5.4624 -0.2093
v  -0.2650 -5.4598 -0.2662
v  -0.2083 -5.4576 -0.3128
v  -0.1434 -5.4560 -0.3474
v  -0.0731 -5.4550 -0.3687
v  0.0000 -5.4547 -0.3761
v  0.0000 -5.5550 0.3691
v  0.0000 -5.6212 0.3615
v  -0.0730 -5.6202 0.3542
v  -0.0730 -5.5543 0.3618
v  -0.1431 -5.6173 0.3331
v  -0.1432 -5.5523 0.3405
v  -0.2079 -5.6126 0.2990
v  -0.2080 -5.5492 0.3062
v  -0.2648 -5.6062 0.2530
v  -0.2649 -5.5449 0.2599
v  -0.3114 -5.5984 0.1967
v  -0.3115 -5.5397 0.2033
v  -0.3461 -5.5895 0.1325
v  -0.3461 -5.5338 0.1387
v  -0.3675 -5.5798 0.0628
v  -0.3675 -5.5274 0.0687
v  -0.3750 -5.5698 -0.0098
v  -0.3750 -5.5207 -0.0042
v  -0.3676 -5.5597 -0.0823
v  -0.3676 -5.5140 -0.0771
v  -0.3462 -5.5501 -0.1520
v  -0.3462 -5.5076 -0.1472
v  -0.3116 -5.5412 -0.2163
v  -0.3116 -5.5016 -0.2118
v  -0.2651 -5.5334 -0.2727
v  -0.2651 -5.4964 -0.2685
v  -0.2083 -5.5270 -0.3189
v  -0.2084 -5.4921 -0.3152
v  -0.1434 -5.5222 -0.3532
v  -0.1435 -5.4890 -0.3497
v  -0.0731 -5.5193 -0.3743
v  -0.0732 -5.4870 -0.3710
v  0.0000 -5.5183 -0.3817
v  0.0000 -5.4864 -0.3783
v  0.0000 -5.6884 0.3506
v  0.0000 -5.7556 0.3365
v  -0.0730 -5.7539 0.3293
v  -0.0730 -5.6871 0.3434
v  -0.1432 -5.7490 0.3086
v  -0.1431 -5.6832 0.3225
v  -0.2080 -5.7411 0.2750
v  -0.2079 -5.6768 0.2886
v  -0.2649 -5.7304 0.2298
v  -0.2648 -5.6683 0.2430
v  -0.3114 -5.7173 0.1744
v  -0.3113 -5.6579 0.1871
v  -0.3461 -5.7025 0.1113
v  -0.3460 -5.6460 0.1234
v  -0.3675 -5.6863 0.0429
v  -0.3675 -5.6331 0.0543
v  -0.3750 -5.6695 -0.0284
v  -0.3750 -5.6196 -0.0177
v  -0.3676 -5.6526 -0.0996
v  -0.3676 -5.6062 -0.0897
v  -0.3462 -5.6364 -0.1681
v  -0.3463 -5.5933 -0.1589
v  -0.3116 -5.6215 -0.2313
v  -0.3117 -5.5814 -0.2227
v  -0.2651 -5.6084 -0.2867
v  -0.2651 -5.5709 -0.2787
v  -0.2082 -5.5977 -0.3321
v  -0.2085 -5.5623 -0.3248
v  -0.1434 -5.5897 -0.3657
v  -0.1436 -5.5560 -0.3589
v  -0.0731 -5.5848 -0.3865
v  -0.0732 -5.5521 -0.3799
v  0.0000 -5.5831 -0.3937
v  0.0000 -5.5507 -0.3872
v  0.0000 -5.8233 0.3188
v  -0.0000 -5.8906 0.2977
v  -0.0730 -5.8883 0.2907
v  -0.0729 -5.8212 0.3117
v  -0.1432 -5.8814 0.2706
v  -0.1431 -5.8154 0.2913
v  -0.2080 -5.8702 0.2379
v  -0.2078 -5.8058 0.2582
v  -0.2649 -5.8552 0.1940
v  -0.2647 -5.7930 0.2136
v  -0.3114 -5.8369 0.1401
v  -0.3113 -5.7773 0.1590
v  -0.3461 -5.8159 0.0788
v  -0.3460 -5.7594 0.0967
v  -0.3675 -5.7932 0.0122
v  -0.3675 -5.7400 0.0291
v  -0.3750 -5.7696 -0.0571
v  -0.3750 -5.7197 -0.0413
v  -0.3676 -5.7459 -0.1264
v  -0.3676 -5.6995 -0.1117
v  -0.3462 -5.7232 -0.1931
v  -0.3463 -5.6800 -0.1793
v  -0.3116 -5.7023 -0.2545
v  -0.3117 -5.6620 -0.2417
v  -0.2651 -5.6839 -0.3083
v  -0.2651 -5.6463 -0.2965
v  -0.2082 -5.6688 -0.3525
v  -0.2085 -5.6333 -0.3416
v  -0.1434 -5.6577 -0.3852
v  -0.1436 -5.6237 -0.3749
v  -0.0731 -5.6508 -0.4054
v  -0.0732 -5.6178 -0.3955
v  0.0000 -5.6484 -0.4124
v  0.0000 -5.6157 -0.4026
v  -0.0000 -5.9579 0.2729
v  -0.0000 -6.0241 0.2447
v  -0.0730 -6.0211 0.2380
v  -0.0729 -5.9552 0.2661
v  -0.1432 -6.0122 0.2186
v  -0.1431 -5.9473 0.2463
v  -0.2080 -5.9979 0.1872
v  -0.2078 -5.9346 0.2143
v  -0.2649 -5.9787 0.1450
v  -0.2647 -5.9174 0.1712
v  -0.3114 -5.9551 0.0932
v  -0.3113 -5.8964 0.1184
v  -0.3461 -5.9282 0.0342
v  -0.3460 -5.8725 0.0582
v  -0.3675 -5.8990 -0.0298
v  -0.3675 -5.8465 -0.0072
v  -0.3750 -5.8686 -0.0964
v  -0.3750 -5.8195 -0.0752
v  -0.3676 -5.8382 -0.1630
v  -0.3676 -5.7925 -0.1433
v  -0.3462 -5.8090 -0.2271
v  -0.3463 -5.7665 -0.2088
v  -0.3116 -5.7821 -0.2861
v  -0.3117 -5.7425 -0.2691
v  -0.2651 -5.7585 -0.3379
v  -0.2651 -5.7215 -0.3221
v  -0.2082 -5.7391 -0.3804
v  -0.2085 -5.7042 -0.3658
v  -0.1434 -5.7248 -0.4118
v  -0.1436 -5.6914 -0.3980
v  -0.0731 -5.7159 -0.4312
v  -0.0732 -5.6835 -0.4179
v  0.0000 -5.7128 -0.4380
v  0.0000 -5.6808 -0.4248
v  -0.0000 -6.0897 0.2128
v  -0.0000 -6.1540 0.1775
v  -0.0730 -6.1503 0.1711
v  -0.0729 -6.0863 0.2063
v  -0.1431 -6.1395 0.1527
v  -0.1430 -6.0766 0.1874
v  -0.2079 -6.1222 0.1229
v  -0.2078 -6.0607 0.1569
v  -0.2649 -6.0987 0.0828
v  -0.2647 -6.0394 0.1157
v  -0.3114 -6.0701 0.0337
v  -0.3113 -6.0133 0.0652
v  -0.3461 -6.0373 -0.0223
v  -0.3460 -5.9835 0.0077
v  -0.3675 -6.0019 -0.0830
v  -0.3675 -5.9511 -0.0548
v  -0.3750 -5.9649 -0.1463
v  -0.3750 -5.9174 -0.1198
v  -0.3676 -5.9280 -0.2095
v  -0.3676 -5.8837 -0.1849
v  -0.3462 -5.8925 -0.2703
v  -0.3463 -5.8513 -0.2474
v  -0.3116 -5.8598 -0.3263
v  -0.3117 -5.8214 -0.3051
v  -0.2650 -5.8311 -0.3755
v  -0.2651 -5.7952 -0.3557
v  -0.2080 -5.8077 -0.4155
v  -0.2084 -5.7736 -0.3973
v  -0.1432 -5.7903 -0.4454
v  -0.1435 -5.7577 -0.4280
v  -0.0730 -5.7795 -0.4638
v  -0.0732 -5.7479 -0.4470
v  0.0000 -5.7758 -0.4701
v  0.0000 -5.7445 -0.4536
v  -0.0000 -6.2169 0.1386
v  0.0000 -6.2777 0.0965
v  -0.0730 -6.2734 0.0906
v  -0.0729 -6.2129 0.1324
v  -0.1432 -6.2608 0.0734
v  -0.1431 -6.2012 0.1146
v  -0.2079 -6.2405 0.0455
v  -0.2078 -6.1824 0.0858
v  -0.2649 -6.2131 0.0080
v  -0.2647 -6.1569 0.0470
v  -0.3114 -6.1796 -0.0380
v  -0.3113 -6.1258 -0.0005
v  -0.3461 -6.1413 -0.0905
v  -0.3460 -6.0903 -0.0548
v  -0.3675 -6.0999 -0.1472
v  -0.3675 -6.0518 -0.1136
v  -0.3750 -6.0568 -0.2063
v  -0.3750 -6.0117 -0.1749
v  -0.3676 -6.0136 -0.2655
v  -0.3677 -5.9716 -0.2362
v  -0.3462 -5.9721 -0.3224
v  -0.3463 -5.9330 -0.2951
v  -0.3116 -5.9338 -0.3748
v  -0.3117 -5.8975 -0.3495
v  -0.2650 -5.9003 -0.4208
v  -0.2651 -5.8663 -0.3972
v  -0.2081 -5.8729 -0.4583
v  -0.2082 -5.8408 -0.4361
v  -0.1433 -5.8525 -0.4862
v  -0.1434 -5.8219 -0.4650
v  -0.0730 -5.8399 -0.5034
v  -0.0731 -5.8102 -0.4829
v  0.0000 -5.8356 -0.5094
v  0.0000 -5.8062 -0.4891
v  0.0000 -6.3365 0.0513
v  0.0000 -6.3928 0.0032
v  -0.0730 -6.3879 -0.0023
v  -0.0729 -6.3319 0.0455
v  -0.1431 -6.3737 -0.0181
v  -0.1430 -6.3185 0.0290
v  -0.2079 -6.3506 -0.0438
v  -0.2078 -6.2969 0.0023
v  -0.2648 -6.3196 -0.0783
v  -0.2647 -6.2676 -0.0337
v  -0.3114 -6.2816 -0.1206
v  -0.3112 -6.2319 -0.0779
v  -0.3461 -6.2383 -0.1688
v  -0.3460 -6.1909 -0.1284
v  -0.3675 -6.1912 -0.2212
v  -0.3675 -6.1467 -0.1828
v  -0.3750 -6.1422 -0.2756
v  -0.3750 -6.1006 -0.2397
v  -0.3676 -6.0932 -0.3301
v  -0.3677 -6.0544 -0.2966
v  -0.3462 -6.0462 -0.3825
v  -0.3463 -6.0101 -0.3513
v  -0.3116 -6.0028 -0.4307
v  -0.3117 -5.9692 -0.4018
v  -0.2650 -5.9647 -0.4731
v  -0.2651 -5.9333 -0.4460
v  -0.2081 -5.9337 -0.5076
v  -0.2082 -5.9040 -0.4822
v  -0.1433 -5.9106 -0.5333
v  -0.1433 -5.8822 -0.5090
v  -0.0730 -5.8963 -0.5492
v  -0.0731 -5.8687 -0.5256
v  -0.0000 -5.8914 -0.5547
v  0.0000 -5.8641 -0.5313
v  0.0000 -6.4461 -0.0473
v  0.0000 -6.4955 -0.0990
v  -0.0730 -6.4901 -0.1040
v  -0.0729 -6.4409 -0.0525
v  -0.1432 -6.4743 -0.1184
v  -0.1431 -6.4259 -0.0676
v  -0.2080 -6.4489 -0.1417
v  -0.2078 -6.4016 -0.0920
v  -0.2649 -6.4146 -0.1730
v  -0.2647 -6.3689 -0.1249
v  -0.3115 -6.3725 -0.2113
v  -0.3113 -6.3288 -0.1652
v  -0.3461 -6.3247 -0.2551
v  -0.3460 -6.2832 -0.2111
v  -0.3675 -6.2727 -0.3025
v  -0.3675 -6.2336 -0.2610
v  -0.3750 -6.2186 -0.3518
v  -0.3750 -6.1819 -0.3129
v  -0.3676 -6.1645 -0.4012
v  -0.3677 -6.1303 -0.3649
v  -0.3462 -6.1126 -0.4486
v  -0.3463 -6.0807 -0.4149
v  -0.3116 -6.0646 -0.4924
v  -0.3117 -6.0349 -0.4609
v  -0.2650 -6.0226 -0.5307
v  -0.2651 -5.9947 -0.5014
v  -0.2081 -5.9883 -0.5621
v  -0.2082 -5.9619 -0.5344
v  -0.1433 -5.9628 -0.5854
v  -0.1434 -5.9376 -0.5589
v  -0.0731 -5.9470 -0.5997
v  -0.0731 -5.9225 -0.5740
v  -0.0000 -5.9415 -0.6047
v  -0.0000 -5.9173 -0.5792
v  0.0000 -6.5402 -0.1507
v  0.0000 -6.5794 -0.2004
v  -0.0731 -6.5735 -0.2049
v  -0.0730 -6.5345 -0.1554
v  -0.1434 -6.5566 -0.2178
v  -0.1432 -6.5182 -0.1691
v  -0.2082 -6.5291 -0.2387
v  -0.2079 -6.4917 -0.1911
v  -0.2651 -6.4921 -0.2669
v  -0.2648 -6.4560 -0.2208
v  -0.3116 -6.4468 -0.3014
v  -0.3114 -6.4123 -0.2572
v  -0.3461 -6.3952 -0.3407
v  -0.3460 -6.3625 -0.2987
v  -0.3675 -6.3392 -0.3833
v  -0.3675 -6.3085 -0.3437
v  -0.3750 -6.2811 -0.4276
v  -0.3750 -6.2522 -0.3905
v  -0.3674 -6.2229 -0.4719
v  -0.3676 -6.1960 -0.4373
v  -0.3462 -6.1669 -0.5145
v  -0.3463 -6.1419 -0.4824
v  -0.3116 -6.1153 -0.5537
v  -0.3117 -6.0920 -0.5239
v  -0.2651 -6.0700 -0.5882
v  -0.2651 -6.0482 -0.5603
v  -0.2081 -6.0330 -0.6163
v  -0.2082 -6.0125 -0.5901
v  -0.1433 -6.0055 -0.6373
v  -0.1434 -5.9859 -0.6122
v  -0.0731 -5.9886 -0.6502
v  -0.0731 -5.9695 -0.6259
v  -0.0000 -5.9827 -0.6547
v  -0.0000 -5.9638 -0.6306
v  0.0000 -6.6107 -0.2432
v  0.0000 -6.7135 -0.3900
v  -0.0731 -6.7072 -0.3944
v  -0.0731 -6.6046 -0.2475
v  -0.1433 -6.6897 -0.4067
v  -0.1434 -6.5871 -0.2597
v  -0.2081 -6.6615 -0.4265
v  -0.2082 -6.5588 -0.2796
v  -0.2652 -6.6235 -0.4531
v  -0.2652 -6.5207 -0.3062
v  -0.3115 -6.5768 -0.4858
v  -0.3117 -6.4741 -0.3389
v  -0.3459 -6.5237 -0.5230
v  -0.3459 -6.4209 -0.3762
v  -0.3673 -6.4662 -0.5633
v  -0.3673 -6.3634 -0.4165
v  -0.3750 -6.4064 -0.6052
v  -0.3750 -6.3036 -0.4584
v  -0.3673 -6.3465 -0.6471
v  -0.3673 -6.2437 -0.5004
v  -0.3459 -6.2890 -0.6874
v  -0.3462 -6.1861 -0.5407
v  -0.3114 -6.2359 -0.7246
v  -0.3116 -6.1330 -0.5780
v  -0.2651 -6.1892 -0.7574
v  -0.2651 -6.0864 -0.6106
v  -0.2081 -6.1512 -0.7839
v  -0.2082 -6.0483 -0.6373
v  -0.1432 -6.1230 -0.8037
v  -0.1433 -6.0200 -0.6571
v  -0.0730 -6.1055 -0.8160
v  -0.0731 -6.0025 -0.6694
v  -0.0000 -6.0992 -0.8204
v  -0.0000 -5.9965 -0.6736
v  -0.0731 -6.3294 -1.1361
v  0.0000 -6.3233 -1.1404
v  -0.1434 -6.3469 -1.1239
v  -0.2082 -6.3752 -1.1041
v  -0.2652 -6.4133 -1.0774
v  -0.3117 -6.4599 -1.0447
v  -0.3462 -6.5130 -1.0076
v  -0.3676 -6.5706 -0.9673
v  -0.3750 -6.6305 -0.9253
v  -0.3676 -6.6904 -0.8834
v  -0.3462 -6.7480 -0.8431
v  -0.3117 -6.8011 -0.8059
v  -0.2652 -6.8478 -0.7733
v  -0.2083 -6.8860 -0.7466
v  -0.1434 -6.9142 -0.7268
v  -0.0731 -6.9317 -0.7146
v  0.0000 -6.9378 -0.7104
v  0.0000 -6.3379 -1.1424
v  -0.0710 -6.3436 -1.1384
v  -0.0615 -6.3830 -1.1108
v  0.0000 -6.3780 -1.1143
v  -0.1393 -6.3606 -1.1265
v  -0.1206 -6.3977 -1.1006
v  -0.2023 -6.3882 -1.1072
v  -0.1751 -6.4215 -1.0838
v  -0.2575 -6.4253 -1.0812
v  -0.2229 -6.4536 -1.0614
v  -0.3028 -6.4705 -1.0496
v  -0.2620 -6.4927 -1.0340
v  -0.3364 -6.5220 -1.0135
v  -0.2912 -6.5374 -1.0027
v  -0.3572 -6.5780 -0.9743
v  -0.3091 -6.5858 -0.9688
v  -0.3642 -6.6362 -0.9335
v  -0.3153 -6.6362 -0.9336
v  -0.3572 -6.6944 -0.8928
v  -0.3091 -6.6865 -0.8983
v  -0.3364 -6.7504 -0.8536
v  -0.2912 -6.7350 -0.8644
v  -0.3028 -6.8019 -0.8176
v  -0.2621 -6.7796 -0.8332
v  -0.2575 -6.8471 -0.7859
v  -0.2230 -6.8188 -0.8057
v  -0.2020 -6.8838 -0.7603
v  -0.1751 -6.8509 -0.7833
v  -0.1394 -6.9119 -0.7406
v  -0.1206 -6.8747 -0.7666
v  -0.0711 -6.9289 -0.7287
v  -0.0615 -6.8895 -0.7563
v  0.0000 -6.9346 -0.7247
v  0.0000 -6.8946 -0.7528
v  0.0000 -6.3805 -1.1004
v  -0.0595 -6.3853 -1.0970
v  -0.0595 -6.3537 -1.0518
v  0.0000 -6.3488 -1.0552
v  -0.1168 -6.3995 -1.0870
v  -0.1168 -6.3679 -1.0419
v  -0.1695 -6.4226 -1.0709
v  -0.1695 -6.3910 -1.0257
v  -0.2158 -6.4537 -1.0491
v  -0.2158 -6.4220 -1.0039
v  -0.2537 -6.4916 -1.0226
v  -0.2537 -6.4599 -0.9774
v  -0.2819 -6.5348 -0.9924
v  -0.2819 -6.5031 -0.9472
v  -0.2992 -6.5817 -0.9595
v  -0.2992 -6.5500 -0.9143
v  -0.3052 -6.6304 -0.9253
v  -0.3052 -6.5987 -0.8801
v  -0.2992 -6.6792 -0.8913
v  -0.2992 -6.6475 -0.8461
v  -0.2819 -6.7261 -0.8584
v  -0.2819 -6.6944 -0.8132
v  -0.2537 -6.7693 -0.8281
v  -0.2537 -6.7376 -0.7829
v  -0.2159 -6.8071 -0.8014
v  -0.2159 -6.7755 -0.7562
v  -0.1696 -6.8382 -0.7798
v  -0.1696 -6.8065 -0.7346
v  -0.1168 -6.8613 -0.7637
v  -0.1168 -6.8297 -0.7185
v  -0.0595 -6.8756 -0.7537
v  -0.0595 -6.8439 -0.7085
v  0.0000 -6.8804 -0.7501
v  0.0000 -6.8488 -0.7049
v  0.0000 -6.3513 -1.0412
v  -0.0576 -6.3560 -1.0380
v  -0.0527 -6.3760 -1.0239
v  0.0000 -6.3718 -1.0269
v  -0.1129 -6.3697 -1.0283
v  -0.1034 -6.3886 -1.0151
v  -0.1639 -6.3921 -1.0127
v  -0.1501 -6.4091 -1.0008
v  -0.2087 -6.4221 -0.9916
v  -0.1910 -6.4365 -0.9815
v  -0.2453 -6.4588 -0.9660
v  -0.2246 -6.4701 -0.9581
v  -0.2726 -6.5005 -0.9368
v  -0.2496 -6.5084 -0.9313
v  -0.2894 -6.5459 -0.9050
v  -0.2649 -6.5499 -0.9022
v  -0.2952 -6.5930 -0.8719
v  -0.2702 -6.5930 -0.8719
v  -0.2894 -6.6401 -0.8390
v  -0.2649 -6.6361 -0.8418
v  -0.2726 -6.6855 -0.8072
v  -0.2496 -6.6777 -0.8127
v  -0.2453 -6.7273 -0.7779
v  -0.2246 -6.7160 -0.7858
v  -0.2088 -6.7639 -0.7521
v  -0.1911 -6.7495 -0.7622
v  -0.1640 -6.7940 -0.7312
v  -0.1502 -6.7770 -0.7431
v  -0.1129 -6.8163 -0.7156
v  -0.1034 -6.7975 -0.7288
v  -0.0575 -6.8301 -0.7060
v  -0.0526 -6.8101 -0.7200
v  0.0000 -6.8348 -0.7025
v  0.0000 -6.8144 -0.7168
v  0.0000 -6.3857 -1.0294
v  -0.0508 -6.3898 -1.0265
v  -0.0508 -6.4103 -1.0561
v  0.0000 -6.4062 -1.0590
v  -0.0996 -6.4019 -1.0180
v  -0.0996 -6.4225 -1.0476
v  -0.1445 -6.4216 -1.0042
v  -0.1446 -6.4422 -1.0338
v  -0.1839 -6.4481 -0.9857
v  -0.1841 -6.4687 -1.0153
v  -0.2163 -6.4804 -0.9631
v  -0.2164 -6.5010 -0.9927
v  -0.2403 -6.5172 -0.9373
v  -0.2405 -6.5379 -0.9668
v  -0.2551 -6.5573 -0.9093
v  -0.2553 -6.5779 -0.9388
v  -0.2602 -6.5987 -0.8801
v  -0.2604 -6.6194 -0.9096
v  -0.2551 -6.6403 -0.8511
v  -0.2553 -6.6610 -0.8806
v  -0.2403 -6.6803 -0.8231
v  -0.2405 -6.7011 -0.8526
v  -0.2162 -6.7172 -0.7972
v  -0.2164 -6.7380 -0.8267
v  -0.1841 -6.7494 -0.7745
v  -0.1842 -6.7702 -0.8039
v  -0.1446 -6.7759 -0.7561
v  -0.1447 -6.7967 -0.7855
v  -0.0996 -6.7956 -0.7423
v  -0.0996 -6.8165 -0.7718
v  -0.0506 -6.8078 -0.7338
v  -0.0507 -6.8286 -0.7633
v  0.0000 -6.8119 -0.7307
v  0.0000 -6.8327 -0.7602
v  0.0000 -6.4119 -1.0672
v  -0.0508 -6.4160 -1.0643
v  -0.0486 -6.4252 -1.0580
v  0.0000 -6.4212 -1.0607
v  -0.0996 -6.4282 -1.0558
v  -0.0953 -6.4368 -1.0498
v  -0.1447 -6.4479 -1.0421
v  -0.1384 -6.4556 -1.0366
v  -0.1841 -6.4744 -1.0235
v  -0.1761 -6.4809 -1.0189
v  -0.2165 -6.5067 -1.0009
v  -0.2070 -6.5119 -0.9973
v  -0.2405 -6.5436 -0.9751
v  -0.2300 -6.5471 -0.9726
v  -0.2553 -6.5836 -0.9470
v  -0.2442 -6.5855 -0.9457
v  -0.2604 -6.6251 -0.9178
v  -0.2491 -6.6251 -0.9178
v  -0.2553 -6.6667 -0.8888
v  -0.2442 -6.6649 -0.8901
v  -0.2405 -6.7068 -0.8608
v  -0.2300 -6.7033 -0.8632
v  -0.2164 -6.7437 -0.8349
v  -0.2070 -6.7386 -0.8385
v  -0.1842 -6.7760 -0.8121
v  -0.1762 -6.7694 -0.8167
v  -0.1447 -6.8025 -0.7937
v  -0.1385 -6.7947 -0.7991
v  -0.0996 -6.8222 -0.7799
v  -0.0953 -6.8136 -0.7859
v  -0.0507 -6.8344 -0.7714
v  -0.0485 -6.8253 -0.7778
v  0.0000 -6.8385 -0.7683
v  0.0000 -6.8292 -0.7748
v  0.0000 -6.3800 -1.0211
v  -0.0507 -6.3841 -1.0183
v  -0.0995 -6.3962 -1.0098
v  -0.1445 -6.4159 -0.9960
v  -0.1839 -6.4424 -0.9775
v  -0.2162 -6.4747 -0.9549
v  -0.2403 -6.5115 -0.9291
v  -0.2551 -6.5515 -0.9011
v  -0.2602 -6.5930 -0.8719
v  -0.2551 -6.6345 -0.8429
v  -0.2403 -6.6746 -0.8149
v  -0.2162 -6.7115 -0.7890
v  -0.1840 -6.7437 -0.7663
v  -0.1446 -6.7701 -0.7479
v  -0.0995 -6.7899 -0.7342
v  -0.0506 -6.8020 -0.7257
v  0.0000 -6.8061 -0.7226
v  0.0000 -6.3431 -1.0470
v  -0.0595 -6.3479 -1.0436
v  -0.1168 -6.3621 -1.0337
v  -0.1695 -6.3852 -1.0175
v  -0.2158 -6.4163 -0.9957
v  -0.2537 -6.4542 -0.9692
v  -0.2819 -6.4974 -0.9390
v  -0.2992 -6.5443 -0.9061
v  -0.3052 -6.5930 -0.8719
v  -0.2992 -6.6418 -0.8379
v  -0.2819 -6.6887 -0.8050
v  -0.2537 -6.7319 -0.7747
v  -0.2159 -6.7698 -0.7480
v  -0.1696 -6.8008 -0.7264
v  -0.1168 -6.8239 -0.7103
v  -0.0595 -6.8382 -0.7003
v  0.0000 -6.8430 -0.6967
v  0.0000 -6.3862 -1.1086
v  -0.0595 -6.3910 -1.1052
v  -0.1168 -6.4053 -1.0952
v  -0.1695 -6.4284 -1.0791
v  -0.2158 -6.4594 -1.0573
v  -0.2537 -6.4973 -1.0308
v  -0.2819 -6.5405 -1.0005
v  -0.2992 -6.5874 -0.9677
v  -0.3052 -6.6362 -0.9336
v  -0.2992 -6.6849 -0.8995
v  -0.2819 -6.7318 -0.8666
v  -0.2537 -6.7751 -0.8364
v  -0.2159 -6.8130 -0.8098
v  -0.1696 -6.8440 -0.7881
v  -0.1168 -6.8671 -0.7719
v  -0.0595 -6.8814 -0.7620
v  0.0000 -6.8863 -0.7585
v  -0.0730 -6.3356 -1.1440
v  0.0000 -6.3291 -1.1486
v  -0.1432 -6.3530 -1.1318
v  -0.2079 -6.3813 -1.1120
v  -0.2646 -6.4195 -1.0853
v  -0.3111 -6.4659 -1.0528
v  -0.3457 -6.5189 -1.0157
v  -0.3670 -6.5764 -0.9754
v  -0.3742 -6.6362 -0.9335
v  -0.3670 -6.6960 -0.8917
v  -0.3457 -6.7535 -0.8514
v  -0.3111 -6.8065 -0.8143
v  -0.2646 -6.8530 -0.7818
v  -0.2075 -6.8907 -0.7555
v  -0.1432 -6.9195 -0.7353
v  -0.0730 -6.9369 -0.7231
v  0.0000 -6.9434 -0.7184
v  0.0000 -6.6252 -0.9179
v  0.0000 -0.0805 -0.3750
v  -0.0732 -0.0805 -0.3678
v  -0.1435 -0.0805 -0.3465
v  -0.2083 -0.0805 -0.3118
v  -0.2652 -0.0805 -0.2652
v  -0.3118 -0.0805 -0.2083
v  -0.3465 -0.0805 -0.1435
v  -0.3678 -0.0805 -0.0732
v  -0.3750 -0.0805 -0.0000
v  -0.3678 -0.0805 0.0732
v  -0.3465 -0.0805 0.1435
v  -0.3118 -0.0805 0.2083
v  -0.2652 -0.0805 0.2652
v  -0.2083 -0.0805 0.3118
v  -0.1435 -0.0805 0.3465
v  -0.0732 -0.0805 0.3678
v  0.0000 -0.0805 0.3750
v  0.0000 -0.1616 0.8316
v  0.0000 -0.1731 0.7060
v  0.0000 -0.1926 0.6270
v  0.0000 -0.2256 0.5568
v  0.0000 -0.2620 0.5120
v  0.0000 -0.3068 0.4756
v  0.0000 -0.3569 0.4497
v  0.0000 -0.4090 0.4347
v  -0.0815 -0.1616 0.8276
v  -0.0692 -0.1731 0.7026
v  -0.0615 -0.1926 0.6240
v  -0.0546 -0.2256 0.5541
v  -0.0502 -0.2620 0.5095
v  -0.0466 -0.3068 0.4734
v  -0.0441 -0.3569 0.4475
v  -0.0426 -0.4090 0.4326
v  -0.1622 -0.1616 0.8156
v  -0.1377 -0.1731 0.6924
v  -0.1223 -0.1926 0.6149
v  -0.1086 -0.2256 0.5461
v  -0.0999 -0.2620 0.5022
v  -0.0928 -0.3068 0.4665
v  -0.0877 -0.3569 0.4410
v  -0.0848 -0.4090 0.4263
v  -0.2414 -0.1616 0.7958
v  -0.2049 -0.1731 0.6756
v  -0.1820 -0.1926 0.6000
v  -0.1616 -0.2256 0.5328
v  -0.1486 -0.2620 0.4900
v  -0.1381 -0.3068 0.4552
v  -0.1305 -0.3569 0.4303
v  -0.1262 -0.4090 0.4160
v  -0.3182 -0.1616 0.7683
v  -0.2702 -0.1731 0.6523
v  -0.2399 -0.1926 0.5793
v  -0.2131 -0.2256 0.5144
v  -0.1959 -0.2620 0.4730
v  -0.1820 -0.3068 0.4394
v  -0.1721 -0.3569 0.4154
v  -0.1663 -0.4090 0.4016
v  -0.3920 -0.1616 0.7334
v  -0.3328 -0.1731 0.6226
v  -0.2956 -0.1926 0.5529
v  -0.2625 -0.2256 0.4910
v  -0.2414 -0.2620 0.4516
v  -0.2242 -0.3068 0.4195
v  -0.2120 -0.3569 0.3966
v  -0.2049 -0.4090 0.3833
v  -0.4620 -0.1616 0.6914
v  -0.3922 -0.1731 0.5870
v  -0.3483 -0.1926 0.5213
v  -0.3093 -0.2256 0.4629
v  -0.2845 -0.2620 0.4257
v  -0.2643 -0.3068 0.3955
v  -0.2498 -0.3569 0.3739
v  -0.2415 -0.4090 0.3614
v  -0.5275 -0.1616 0.6428
v  -0.4479 -0.1731 0.5458
v  -0.3978 -0.1926 0.4847
v  -0.3532 -0.2256 0.4304
v  -0.3248 -0.2620 0.3958
v  -0.3017 -0.3068 0.3677
v  -0.2853 -0.3569 0.3476
v  -0.2758 -0.4090 0.3360
v  -0.5880 -0.1616 0.5880
v  -0.4992 -0.1731 0.4992
v  -0.4433 -0.1926 0.4433
v  -0.3937 -0.2256 0.3937
v  -0.3620 -0.2620 0.3620
v  -0.3363 -0.3068 0.3363
v  -0.3180 -0.3569 0.3180
v  -0.3074 -0.4090 0.3074
v  -0.6428 -0.1616 0.5275
v  -0.5458 -0.1731 0.4479
v  -0.4847 -0.1926 0.3978
v  -0.4304 -0.2256 0.3532
v  -0.3958 -0.2620 0.3248
v  -0.3677 -0.3068 0.3017
v  -0.3476 -0.3569 0.2853
v  -0.3360 -0.4090 0.2758
v  -0.6914 -0.1616 0.4620
v  -0.5870 -0.1731 0.3922
v  -0.5213 -0.1926 0.3483
v  -0.4629 -0.2256 0.3093
v  -0.4257 -0.2620 0.2845
v  -0.3955 -0.3068 0.2643
v  -0.3739 -0.3569 0.2498
v  -0.3614 -0.4090 0.2415
v  -0.7334 -0.1616 0.3920
v  -0.6226 -0.1731 0.3328
v  -0.5529 -0.1926 0.2956
v  -0.4910 -0.2256 0.2625
v  -0.4516 -0.2620 0.2414
v  -0.4195 -0.3068 0.2242
v  -0.3966 -0.3569 0.2120
v  -0.3833 -0.4090 0.2049
v  -0.7683 -0.1616 0.3182
v  -0.6523 -0.1731 0.2702
v  -0.5793 -0.1926 0.2399
v  -0.5144 -0.2256 0.2131
v  -0.4730 -0.2620 0.1959
v  -0.4394 -0.3068 0.1820
v  -0.4154 -0.3569 0.1721
v  -0.4016 -0.4090 0.1663
v  -0.7958 -0.1616 0.2414
v  -0.6756 -0.1731 0.2049
v  -0.6000 -0.1926 0.1820
v  -0.5328 -0.2256 0.1616
v  -0.4900 -0.2620 0.1486
v  -0.4552 -0.3068 0.1381
v  -0.4303 -0.3569 0.1305
v  -0.4160 -0.4090 0.1262
v  -0.8156 -0.1616 0.1622
v  -0.6924 -0.1731 0.1377
v  -0.6149 -0.1926 0.1223
v  -0.5461 -0.2256 0.1086
v  -0.5022 -0.2620 0.0999
v  -0.4665 -0.3068 0.0928
v  -0.4410 -0.3569 0.0877
v  -0.4263 -0.4090 0.0848
v  -0.8276 -0.1616 0.0815
v  -0.7026 -0.1731 0.0692
v  -0.6240 -0.1926 0.0615
v  -0.5541 -0.2256 0.0546
v  -0.5095 -0.2620 0.0502
v  -0.4734 -0.3068 0.0466
v  -0.4475 -0.3569 0.0441
v  -0.4326 -0.4090 0.0426
v  -0.8316 -0.1616 0.0000
v  -0.7060 -0.1731 0.0000
v  -0.6270 -0.1926 -0.0000
v  -0.5568 -0.2256 -0.0000
v  -0.5120 -0.2620 -0.0000
v  -0.4756 -0.3068 -0.0000
v  -0.4497 -0.3569 -0.0000
v  -0.4347 -0.4090 -0.0000
v  -0.8276 -0.1616 -0.0815
v  -0.7026 -0.1731 -0.0692
v  -0.6240 -0.1926 -0.0615
v  -0.5541 -0.2256 -0.0546
v  -0.5095 -0.2620 -0.0502
v  -0.4734 -0.3068 -0.0466
v  -0.4475 -0.3569 -0.0441
v  -0.4326 -0.4090 -0.0426
v  -0.8156 -0.1616 -0.1622
v  -0.6924 -0.1731 -0.1377
v  -0.6149 -0.1926 -0.1223
v  -0.5461 -0.2256 -0.1086
v  -0.5022 -0.2620 -0.0999
v  -0.4665 -0.3068 -0.0928
v  -0.4410 -0.3569 -0.0877
v  -0.4263 -0.4090 -0.0848
v  -0.7958 -0.1616 -0.2414
v  -0.6756 -0.1731 -0.2049
v  -0.6000 -0.1926 -0.1820
v  -0.5328 -0.2256 -0.1616
v  -0.4900 -0.2620 -0.1486
v  -0.4552 -0.3068 -0.1381
v  -0.4303 -0.3569 -0.1305
v  -0.4160 -0.4090 -0.1262
v  -0.7683 -0.1616 -0.3182
v  -0.6523 -0.1731 -0.2702
v  -0.5793 -0.1926 -0.2399
v  -0.5144 -0.2256 -0.2131
v  -0.4730 -0.2620 -0.1959
v  -0.4394 -0.3068 -0.1820
v  -0.4154 -0.3569 -0.1721
v  -0.4016 -0.4090 -0.1663
v  -0.7334 -0.1616 -0.3920
v  -0.6226 -0.1731 -0.3328
v  -0.5529 -0.1926 -0.2956
v  -0.4910 -0.2256 -0.2625
v  -0.4516 -0.2620 -0.2414
v  -0.4195 -0.3068 -0.2242
v  -0.3966 -0.3569 -0.2120
v  -0.3833 -0.4090 -0.2049
v  -0.6914 -0.1616 -0.4620
v  -0.5870 -0.1731 -0.3922
v  -0.5213 -0.1926 -0.3483
v  -0.4629 -0.2256 -0.3093
v  -0.4257 -0.2620 -0.2845
v  -0.3955 -0.3068 -0.2643
v  -0.3739 -0.3569 -0.2498
v  -0.3614 -0.4090 -0.2415
v  -0.6428 -0.1616 -0.5275
v  -0.5458 -0.1731 -0.4479
v  -0.4847 -0.1926 -0.3978
v  -0.4304 -0.2256 -0.3532
v  -0.3958 -0.2620 -0.3248
v  -0.3677 -0.3068 -0.3017
v  -0.3476 -0.3569 -0.2853
v  -0.3360 -0.4090 -0.2758
v  -0.5880 -0.1616 -0.5880
v  -0.4992 -0.1731 -0.4992
v  -0.4433 -0.1926 -0.4433
v  -0.3937 -0.2256 -0.3937
v  -0.3620 -0.2620 -0.3620
v  -0.3363 -0.3068 -0.3363
v  -0.3180 -0.3569 -0.3180
v  -0.3074 -0.4090 -0.3074
v  -0.5275 -0.1616 -0.6428
v  -0.4479 -0.1731 -0.5458
v  -0.3978 -0.1926 -0.4847
v  -0.3532 -0.2256 -0.4304
v  -0.3248 -0.2620 -0.3958
v  -0.3017 -0.3068 -0.3677
v  -0.2853 -0.3569 -0.3476
v  -0.2758 -0.4090 -0.3360
v  -0.4620 -0.1616 -0.6914
v  -0.3922 -0.1731 -0.5870
v  -0.3483 -0.1926 -0.5213
v  -0.3093 -0.2256 -0.4629
v  -0.2845 -0.2620 -0.4257
v  -0.2643 -0.3068 -0.3955
v  -0.2498 -0.3569 -0.3739
v  -0.2415 -0.4090 -0.3614
v  -0.3920 -0.1616 -0.7334
v  -0.3328 -0.1731 -0.6226
v  -0.2956 -0.1926 -0.5529
v  -0.2625 -0.2256 -0.4910
v  -0.2414 -0.2620 -0.4516
v  -0.2242 -0.3068 -0.4195
v  -0.2120 -0.3569 -0.3966
v  -0.2049 -0.4090 -0.3833
v  -0.3182 -0.1616 -0.7683
v  -0.2702 -0.1731 -0.6523
v  -0.2399 -0.1926 -0.5793
v  -0.2131 -0.2256 -0.5144
v  -0.1959 -0.2620 -0.4730
v  -0.1820 -0.3068 -0.4394
v  -0.1721 -0.3569 -0.4154
v  -0.1663 -0.4090 -0.4016
v  -0.2414 -0.1616 -0.7958
v  -0.2049 -0.1731 -0.6756
v  -0.1820 -0.1926 -0.6000
v  -0.1616 -0.2256 -0.5328
v  -0.1486 -0.2620 -0.4900
v  -0.1381 -0.3068 -0.4552
v  -0.1305 -0.3569 -0.4303
v  -0.1262 -0.4090 -0.4160
v  -0.1622 -0.1616 -0.8156
v  -0.1377 -0.1731 -0.6924
v  -0.1223 -0.1926 -0.6149
v  -0.1086 -0.2256 -0.5461
v  -0.0999 -0.2620 -0.5022
v  -0.0928 -0.3068 -0.4665
v  -0.0877 -0.3569 -0.4410
v  -0.0848 -0.4090 -0.4263
v  -0.0815 -0.1616 -0.8276
v  -0.0692 -0.1731 -0.7026
v  -0.0615 -0.1926 -0.6240
v  -0.0546 -0.2256 -0.5541
v  -0.0502 -0.2620 -0.5095
v  -0.0466 -0.3068 -0.4734
v  -0.0441 -0.3569 -0.4475
v  -0.0426 -0.4090 -0.4326
v  -0.0000 -0.1616 -0.8316
v  -0.0000 -0.1731 -0.7060
v  -0.0000 -0.1926 -0.6270
v  -0.0000 -0.2256 -0.5568
v  -0.0000 -0.2620 -0.5120
v  -0.0000 -0.3068 -0.4756
v  -0.0000 -0.3569 -0.4497
v  0.0000 -0.4090 -0.4347
v  0.0815 -0.1616 -0.8276
v  0.0692 -0.1731 -0.7026
v  0.0615 -0.1926 -0.6240
v  0.0546 -0.2256 -0.5541
v  0.0502 -0.2620 -0.5095
v  0.0466 -0.3068 -0.4734
v  0.0441 -0.3569 -0.4475
v  0.0426 -0.4090 -0.4326
v  0.1622 -0.1616 -0.8156
v  0.1377 -0.1731 -0.6924
v  0.1223 -0.1926 -0.6149
v  0.1086 -0.2256 -0.5461
v  0.0999 -0.2620 -0.5022
v  0.0928 -0.3068 -0.4665
v  0.0877 -0.3569 -0.4410
v  0.0848 -0.4090 -0.4263
v  0.2414 -0.1616 -0.7958
v  0.2049 -0.1731 -0.6756
v  0.1820 -0.1926 -0.6000
v  0.1616 -0.2256 -0.5328
v  0.1486 -0.2620 -0.4900
v  0.1381 -0.3068 -0.4552
v  0.1305 -0.3569 -0.4303
v  0.1262 -0.4090 -0.4160
v  0.3182 -0.1616 -0.7683
v  0.2702 -0.1731 -0.6523
v  0.2399 -0.1926 -0.5793
v  0.2131 -0.2256 -0.5144
v  0.1959 -0.2620 -0.4730
v  0.1820 -0.3068 -0.4394
v  0.1721 -0.3569 -0.4154
v  0.1663 -0.4090 -0.4016
v  0.3920 -0.1616 -0.7334
v  0.3328 -0.1731 -0.6226
v  0.2956 -0.1926 -0.5529
v  0.2625 -0.2256 -0.4910
v  0.2414 -0.2620 -0.4516
v  0.2242 -0.3068 -0.4195
v  0.2120 -0.3569 -0.3966
v  0.2049 -0.4090 -0.3833
v  0.4620 -0.1616 -0.6914
v  0.3922 -0.1731 -0.5870
v  0.3483 -0.1926 -0.5213
v  0.3093 -0.2256 -0.4629
v  0.2845 -0.2620 -0.4257
v  0.2643 -0.3068 -0.3955
v  0.2498 -0.3569 -0.3739
v  0.2415 -0.4090 -0.3614
v  0.5275 -0.1616 -0.6428
v  0.4479 -0.1731 -0.5458
v  0.3978 -0.1926 -0.4847
v  0.3532 -0.2256 -0.4304
v  0.3248 -0.2620 -0.3958
v  0.3017 -0.3068 -0.3677
v  0.2853 -0.3569 -0.3476
v  0.2758 -0.4090 -0.3360
v  0.5880 -0.1616 -0.5880
v  0.4992 -0.1731 -0.4992
v  0.4433 -0.1926 -0.4433
v  0.3937 -0.2256 -0.3937
v  0.3620 -0.2620 -0.3620
v  0.3363 -0.3068 -0.3363
v  0.3180 -0.3569 -0.3180
v  0.3074 -0.4090 -0.3074
v  0.6428 -0.1616 -0.5275
v  0.5458 -0.1731 -0.4479
v  0.4847 -0.1926 -0.3978
v  0.4304 -0.2256 -0.3532
v  0.3958 -0.2620 -0.3248
v  0.3677 -0.3068 -0.3017
v  0.3476 -0.3569 -0.2853
v  0.3360 -0.4090 -0.2758
v  0.6914 -0.1616 -0.4620
v  0.5870 -0.1731 -0.3922
v  0.5213 -0.1926 -0.3483
v  0.4629 -0.2256 -0.3093
v  0.4257 -0.2620 -0.2845
v  0.3955 -0.3068 -0.2643
v  0.3739 -0.3569 -0.2498
v  0.3614 -0.4090 -0.2415
v  0.7334 -0.1616 -0.3920
v  0.6226 -0.1731 -0.3328
v  0.5529 -0.1926 -0.2956
v  0.4910 -0.2256 -0.2625
v  0.4516 -0.2620 -0.2414
v  0.4195 -0.3068 -0.2242
v  0.3966 -0.3569 -0.2120
v  0.3833 -0.4090 -0.2049
v  0.7683 -0.1616 -0.3182
v  0.6523 -0.1731 -0.2702
v  0.5793 -0.1926 -0.2399
v  0.5144 -0.2256 -0.2131
v  0.4730 -0.2620 -0.1959
v  0.4394 -0.3068 -0.1820
v  0.4154 -0.3569 -0.1721
v  0.4016 -0.4090 -0.1663
v  0.7958 -0.1616 -0.2414
v  0.6756 -0.1731 -0.2049
v  0.6000 -0.1926 -0.1820
v  0.5328 -0.2256 -0.1616
v  0.4900 -0.2620 -0.1486
v  0.4552 -0.3068 -0.1381
v  0.4303 -0.3569 -0.1305
v  0.4160 -0.4090 -0.1262
v  0.8156 -0.1616 -0.1622
v  0.6924 -0.1731 -0.1377
v  0.6149 -0.1926 -0.1223
v  0.5461 -0.2256 -0.1086
v  0.5022 -0.2620 -0.0999
v  0.4665 -0.3068 -0.0928
v  0.4410 -0.3569 -0.0877
v  0.4263 -0.4090 -0.0848
v  0.8276 -0.1616 -0.0815
v  0.7026 -0.1731 -0.0692
v  0.6240 -0.1926 -0.0615
v  0.5541 -0.2256 -0.0546
v  0.5095 -0.2620 -0.0502
v  0.4734 -0.3068 -0.0466
v  0.4475 -0.3569 -0.0441
v  0.4326 -0.4090 -0.0426
v  0.8316 -0.1616 -0.0000
v  0.7060 -0.1731 -0.0000
v  0.6270 -0.1926 -0.0000
v  0.5568 -0.2256 -0.0000
v  0.5120 -0.2620 -0.0000
v  0.4756 -0.3068 -0.0000
v  0.4497 -0.3569 -0.0000
v  0.4347 -0.4090 -0.0000
v  0.8276 -0.1616 0.0815
v  0.7026 -0.1731 0.0692
v  0.6240 -0.1926 0.0615
v  0.5541 -0.2256 0.0546
v  0.5095 -0.2620 0.0502
v  0.4734 -0.3068 0.0466
v  0.4475 -0.3569 0.0441
v  0.4326 -0.4090 0.0426
v  0.8156 -0.1616 0.1622
v  0.6924 -0.1731 0.1377
v  0.6149 -0.1926 0.1223
v  0.5461 -0.2256 0.1086
v  0.5022 -0.2620 0.0999
v  0.4665 -0.3068 0.0928
v  0.4410 -0.3569 0.0877
v  0.4263 -0.4090 0.0848
v  0.7958 -0.1616 0.2414
v  0.6756 -0.1731 0.2049
v  0.6000 -0.1926 0.1820
v  0.5328 -0.2256 0.1616
v  0.4900 -0.2620 0.1486
v  0.4552 -0.3068 0.1381
v  0.4303 -0.3569 0.1305
v  0.4160 -0.4090 0.1262
v  0.7683 -0.1616 0.3182
v  0.6523 -0.1731 0.2702
v  0.5793 -0.1926 0.2399
v  0.5144 -0.2256 0.2131
v  0.4730 -0.2620 0.1959
v  0.4394 -0.3068 0.1820
v  0.4154 -0.3569 0.1721
v  0.4016 -0.4090 0.1663
v  0.7334 -0.1616 0.3920
v  0.6226 -0.1731 0.3328
v  0.5529 -0.1926 0.2956
v  0.4910 -0.2256 0.2625
v  0.4516 -0.2620 0.2414
v  0.4195 -0.3068 0.2242
v  0.3966 -0.3569 0.2120
v  0.3833 -0.4090 0.2049
v  0.6914 -0.1616 0.4620
v  0.5870 -0.1731 0.3922
v  0.5213 -0.1926 0.3483
v  0.4629 -0.2256 0.3093
v  0.4257 -0.2620 0.2845
v  0.3955 -0.3068 0.2643
v  0.3739 -0.3569 0.2498
v  0.3614 -0.4090 0.2415
v  0.6428 -0.1616 0.5275
v  0.5458 -0.1731 0.4479
v  0.4847 -0.1926 0.3978
v  0.4304 -0.2256 0.3532
v  0.3958 -0.2620 0.3248
v  0.3677 -0.3068 0.3017
v  0.3476 -0.3569 0.2853
v  0.3360 -0.4090 0.2758
v  0.5880 -0.1616 0.5880
v  0.4992 -0.1731 0.4992
v  0.4433 -0.1926 0.4433
v  0.3937 -0.2256 0.3937
v  0.3620 -0.2620 0.3620
v  0.3363 -0.3068 0.3363
v  0.3180 -0.3569 0.3180
v  0.3074 -0.4090 0.3074
v  0.5275 -0.1616 0.6428
v  0.4479 -0.1731 0.5458
v  0.3978 -0.1926 0.4847
v  0.3532 -0.2256 0.4304
v  0.3248 -0.2620 0.3958
v  0.3017 -0.3068 0.3677
v  0.2853 -0.3569 0.3476
v  0.2758 -0.4090 0.3360
v  0.4620 -0.1616 0.6914
v  0.3922 -0.1731 0.5870
v  0.3483 -0.1926 0.5213
v  0.3093 -0.2256 0.4629
v  0.2845 -0.2620 0.4257
v  0.2643 -0.3068 0.3955
v  0.2498 -0.3569 0.3739
v  0.2415 -0.4090 0.3614
v  0.3920 -0.1616 0.7334
v  0.3328 -0.1731 0.6226
v  0.2956 -0.1926 0.5529
v  0.2625 -0.2256 0.4910
v  0.2414 -0.2620 0.4516
v  0.2242 -0.3068 0.4195
v  0.2120 -0.3569 0.3966
v  0.2049 -0.4090 0.3833
v  0.3182 -0.1616 0.7683
v  0.2702 -0.1731 0.6523
v  0.2399 -0.1926 0.5793
v  0.2131 -0.2256 0.5144
v  0.1959 -0.2620 0.4730
v  0.1820 -0.3068 0.4394
v  0.1721 -0.3569 0.4154
v  0.1663 -0.4090 0.4016
v  0.2414 -0.1616 0.7958
v  0.2049 -0.1731 0.6756
v  0.1820 -0.1926 0.6000
v  0.1616 -0.2256 0.5328
v  0.1486 -0.2620 0.4900
v  0.1381 -0.3068 0.4552
v  0.1305 -0.3569 0.4303
v  0.1262 -0.4090 0.4160
v  0.1622 -0.1616 0.8156
v  0.1377 -0.1731 0.6924
v  0.1223 -0.1926 0.6149
v  0.1086 -0.2256 0.5461
v  0.0999 -0.2620 0.5022
v  0.0928 -0.3068 0.4665
v  0.0877 -0.3569 0.4410
v  0.0848 -0.4090 0.4263
v  0.0815 -0.1616 0.8276
v  0.0692 -0.1731 0.7026
v  0.0615 -0.1926 0.6240
v  0.0546 -0.2256 0.5541
v  0.0502 -0.2620 0.5095
v  0.0466 -0.3068 0.4734
v  0.0441 -0.3569 0.4475
v  0.0426 -0.4090 0.4326
v  -0.0421 -0.4600 0.4279
v  -0.0415 -0.4600 0.4210
v  -0.0422 -0.4530 0.4286
v  -0.0000 -0.4600 0.4300
v  -0.0000 -0.4530 0.4306
v  -0.0000 -0.4600 0.4230
v  -0.0372 -0.4600 0.3782
v  -0.0372 -0.4530 0.3782
v  -0.0379 -0.4600 0.3851
v  -0.0000 -0.4600 0.3800
v  -0.0000 -0.4600 0.3870
v  -0.0000 -0.4530 0.3800
v  -0.0372 -0.1650 0.3782
v  -0.0372 -0.1720 0.3782
v  0.0000 -0.1650 0.3800
v  0.0000 -0.1720 0.3800
v  -0.0839 -0.4600 0.4217
v  -0.0825 -0.4600 0.4149
v  -0.0840 -0.4530 0.4224
v  -0.0741 -0.4600 0.3727
v  -0.0741 -0.4530 0.3727
v  -0.0755 -0.4600 0.3796
v  -0.0741 -0.1650 0.3727
v  -0.0741 -0.1720 0.3727
v  -0.1248 -0.4600 0.4115
v  -0.1228 -0.4600 0.4048
v  -0.1250 -0.4530 0.4121
v  -0.1103 -0.4600 0.3636
v  -0.1103 -0.4530 0.3636
v  -0.1123 -0.4600 0.3703
v  -0.1103 -0.1650 0.3636
v  -0.1103 -0.1720 0.3636
v  -0.1646 -0.4600 0.3973
v  -0.1619 -0.4600 0.3908
v  -0.1648 -0.4530 0.3979
v  -0.1454 -0.4600 0.3511
v  -0.1454 -0.4530 0.3511
v  -0.1481 -0.4600 0.3575
v  -0.1454 -0.1650 0.3511
v  -0.1454 -0.1720 0.3511
v  -0.2027 -0.4600 0.3792
v  -0.1994 -0.4600 0.3730
v  -0.2030 -0.4530 0.3798
v  -0.1791 -0.4600 0.3351
v  -0.1791 -0.4530 0.3351
v  -0.1824 -0.4600 0.3413
v  -0.1791 -0.1650 0.3351
v  -0.1791 -0.1720 0.3351
v  -0.2389 -0.4600 0.3575
v  -0.2350 -0.4600 0.3517
v  -0.2393 -0.4530 0.3581
v  -0.2111 -0.4600 0.3160
v  -0.2111 -0.4530 0.3160
v  -0.2150 -0.4600 0.3218
v  -0.2111 -0.1650 0.3160
v  -0.2111 -0.1720 0.3160
v  -0.2728 -0.4600 0.3324
v  -0.2683 -0.4600 0.3270
v  -0.2732 -0.4530 0.3329
v  -0.2411 -0.4600 0.2937
v  -0.2411 -0.4530 0.2937
v  -0.2455 -0.4600 0.2992
v  -0.2411 -0.1650 0.2937
v  -0.2411 -0.1720 0.2937
v  -0.3041 -0.4600 0.3041
v  -0.2991 -0.4600 0.2991
v  -0.3045 -0.4530 0.3045
v  -0.2687 -0.4600 0.2687
v  -0.2687 -0.4530 0.2687
v  -0.2737 -0.4600 0.2737
v  -0.2687 -0.1650 0.2687
v  -0.2687 -0.1720 0.2687
v  -0.3324 -0.4600 0.2728
v  -0.3270 -0.4600 0.2683
v  -0.3329 -0.4530 0.2732
v  -0.2937 -0.4600 0.2411
v  -0.2937 -0.4530 0.2411
v  -0.2992 -0.4600 0.2455
v  -0.2937 -0.1650 0.2411
v  -0.2937 -0.1720 0.2411
v  -0.3575 -0.4600 0.2389
v  -0.3517 -0.4600 0.2350
v  -0.3581 -0.4530 0.2393
v  -0.3160 -0.4600 0.2111
v  -0.3160 -0.4530 0.2111
v  -0.3218 -0.4600 0.2150
v  -0.3160 -0.1650 0.2111
v  -0.3160 -0.1720 0.2111
v  -0.3792 -0.4600 0.2027
v  -0.3730 -0.4600 0.1994
v  -0.3798 -0.4530 0.2030
v  -0.3351 -0.4600 0.1791
v  -0.3351 -0.4530 0.1791
v  -0.3413 -0.4600 0.1824
v  -0.3351 -0.1650 0.1791
v  -0.3351 -0.1720 0.1791
v  -0.3973 -0.4600 0.1646
v  -0.3908 -0.4600 0.1619
v  -0.3979 -0.4530 0.1648
v  -0.3511 -0.4600 0.1454
v  -0.3511 -0.4530 0.1454
v  -0.3575 -0.4600 0.1481
v  -0.3511 -0.1650 0.1454
v  -0.3511 -0.1720 0.1454
v  -0.4115 -0.4600 0.1248
v  -0.4048 -0.4600 0.1228
v  -0.4121 -0.4530 0.1250
v  -0.3636 -0.4600 0.1103
v  -0.3636 -0.4530 0.1103
v  -0.3703 -0.4600 0.1123
v  -0.3636 -0.1650 0.1103
v  -0.3636 -0.1720 0.1103
v  -0.4217 -0.4600 0.0839
v  -0.4149 -0.4600 0.0825
v  -0.4224 -0.4530 0.0840
v  -0.3727 -0.4600 0.0741
v  -0.3727 -0.4530 0.0741
v  -0.3796 -0.4600 0.0755
v  -0.3727 -0.1650 0.0741
v  -0.3727 -0.1720 0.0741
v  -0.4279 -0.4600 0.0421
v  -0.4210 -0.4600 0.0415
v  -0.4286 -0.4530 0.0422
v  -0.3782 -0.4600 0.0372
v  -0.3782 -0.4530 0.0372
v  -0.3851 -0.4600 0.0379
v  -0.3782 -0.1650 0.0372
v  -0.3782 -0.1720 0.0372
v  -0.4300 -0.4600 -0.0000
v  -0.4230 -0.4600 -0.0000
v  -0.4306 -0.4530 -0.0000
v  -0.3800 -0.4600 -0.0000
v  -0.3800 -0.4530 -0.0000
v  -0.3870 -0.4600 -0.0000
v  -0.3800 -0.1650 0.0000
v  -0.3800 -0.1720 0.0000
v  -0.4279 -0.4600 -0.0421
v  -0.4210 -0.4600 -0.0415
v  -0.4286 -0.4530 -0.0422
v  -0.3782 -0.4600 -0.0372
v  -0.3782 -0.4530 -0.0372
v  -0.3851 -0.4600 -0.0379
v  -0.3782 -0.1650 -0.0372
v  -0.3782 -0.1720 -0.0372
v  -0.4217 -0.4600 -0.0839
v  -0.4149 -0.4600 -0.0825
v  -0.4224 -0.4530 -0.0840
v  -0.3727 -0.4600 -0.0741
v  -0.3727 -0.4530 -0.0741
v  -0.3796 -0.4600 -0.0755
v  -0.3727 -0.1650 -0.0741
v  -0.3727 -0.1720 -0.0741
v  -0.4115 -0.4600 -0.1248
v  -0.4048 -0.4600 -0.1228
v  -0.4121 -0.4530 -0.1250
v  -0.3636 -0.4600 -0.1103
v  -0.3636 -0.4530 -0.1103
v  -0.3703 -0.4600 -0.1123
v  -0.3636 -0.1650 -0.1103
v  -0.3636 -0.1720 -0.1103
v  -0.3973 -0.4600 -0.1646
v  -0.3908 -0.4600 -0.1619
v  -0.3979 -0.4530 -0.1648
v  -0.3511 -0.4600 -0.1454
v  -0.3511 -0.4530 -0.1454
v  -0.3575 -0.4600 -0.1481
v  -0.3511 -0.1650 -0.1454
v  -0.3511 -0.1720 -0.1454
v  -0.3792 -0.4600 -0.2027
v  -0.3730 -0.4600 -0.1994
v  -0.3798 -0.4530 -0.2030
v  -0.3351 -0.4600 -0.1791
v  -0.3351 -0.4530 -0.1791
v  -0.3413 -0.4600 -0.1824
v  -0.3351 -0.1650 -0.1791
v  -0.3351 -0.1720 -0.1791
v  -0.3575 -0.4600 -0.2389
v  -0.3517 -0.4600 -0.2350
v  -0.3581 -0.4530 -0.2393
v  -0.3160 -0.4600 -0.2111
v  -0.3160 -0.4530 -0.2111
v  -0.3218 -0.4600 -0.2150
v  -0.3160 -0.1650 -0.2111
v  -0.3160 -0.1720 -0.2111
v  -0.3324 -0.4600 -0.2728
v  -0.3270 -0.4600 -0.2683
v  -0.3329 -0.4530 -0.2732
v  -0.2937 -0.4600 -0.2411
v  -0.2937 -0.4530 -0.2411
v  -0.2992 -0.4600 -0.2455
v  -0.2937 -0.1650 -0.2411
v  -0.2937 -0.1720 -0.2411
v  -0.3041 -0.4600 -0.3041
v  -0.2991 -0.4600 -0.2991
v  -0.3045 -0.4530 -0.3045
v  -0.2687 -0.4600 -0.2687
v  -0.2687 -0.4530 -0.2687
v  -0.2737 -0.4600 -0.2737
v  -0.2687 -0.1650 -0.2687
v  -0.2687 -0.1720 -0.2687
v  -0.2728 -0.4600 -0.3324
v  -0.2683 -0.4600 -0.3270
v  -0.2732 -0.4530 -0.3329
v  -0.2411 -0.4600 -0.2937
v  -0.2411 -0.4530 -0.2937
v  -0.2455 -0.4600 -0.2992
v  -0.2411 -0.1650 -0.2937
v  -0.2411 -0.1720 -0.2937
v  -0.2389 -0.4600 -0.3575
v  -0.2350 -0.4600 -0.3517
v  -0.2393 -0.4530 -0.3581
v  -0.2111 -0.4600 -0.3160
v  -0.2111 -0.4530 -0.3160
v  -0.2150 -0.4600 -0.3218
v  -0.2111 -0.1650 -0.3160
v  -0.2111 -0.1720 -0.3160
v  -0.2027 -0.4600 -0.3792
v  -0.1994 -0.4600 -0.3730
v  -0.2030 -0.4530 -0.3798
v  -0.1791 -0.4600 -0.3351
v  -0.1791 -0.4530 -0.3351
v  -0.1824 -0.4600 -0.3413
v  -0.1791 -0.1650 -0.3351
v  -0.1791 -0.1720 -0.3351
v  -0.1646 -0.4600 -0.3973
v  -0.1619 -0.4600 -0.3908
v  -0.1648 -0.4530 -0.3979
v  -0.1454 -0.4600 -0.3511
v  -0.1454 -0.4530 -0.3511
v  -0.1481 -0.4600 -0.3575
v  -0.1454 -0.1650 -0.3511
v  -0.1454 -0.1720 -0.3511
v  -0.1248 -0.4600 -0.4115
v  -0.1228 -0.4600 -0.4048
v  -0.1250 -0.4530 -0.4121
v  -0.1103 -0.4600 -0.3636
v  -0.1103 -0.4530 -0.3636
v  -0.1123 -0.4600 -0.3703
v  -0.1103 -0.1650 -0.3636
v  -0.1103 -0.1720 -0.3636
v  -0.0839 -0.4600 -0.4217
v  -0.0825 -0.4600 -0.4149
v  -0.0840 -0.4530 -0.4224
v  -0.0741 -0.4600 -0.3727
v  -0.0741 -0.4530 -0.3727
v  -0.0755 -0.4600 -0.3796
v  -0.0741 -0.1650 -0.3727
v  -0.0741 -0.1720 -0.3727
v  -0.0421 -0.4600 -0.4279
v  -0.0415 -0.4600 -0.4210
v  -0.0422 -0.4530 -0.4286
v  -0.0372 -0.4600 -0.3782
v  -0.0372 -0.4530 -0.3782
v  -0.0379 -0.4600 -0.3851
v  -0.0372 -0.1650 -0.3782
v  -0.0372 -0.1720 -0.3782
v  -0.0000 -0.4600 -0.4300
v  -0.0000 -0.4600 -0.4230
v  -0.0000 -0.4530 -0.4306
v  -0.0000 -0.4600 -0.3800
v  -0.0000 -0.4530 -0.3800
v  -0.0000 -0.4600 -0.3870
v  -0.0000 -0.1650 -0.3800
v  -0.0000 -0.1720 -0.3800
v  0.0421 -0.4600 -0.4279
v  0.0415 -0.4600 -0.4210
v  0.0422 -0.4530 -0.4286
v  0.0372 -0.4600 -0.3782
v  0.0372 -0.4530 -0.3782
v  0.0379 -0.4600 -0.3851
v  0.0372 -0.1650 -0.3782
v  0.0372 -0.1720 -0.3782
v  0.0839 -0.4600 -0.4217
v  0.0825 -0.4600 -0.4149
v  0.0840 -0.4530 -0.4224
v  0.0741 -0.4600 -0.3727
v  0.0741 -0.4530 -0.3727
v  0.0755 -0.4600 -0.3796
v  0.0741 -0.1650 -0.3727
v  0.0741 -0.1720 -0.3727
v  0.1248 -0.4600 -0.4115
v  0.1228 -0.4600 -0.4048
v  0.1250 -0.4530 -0.4121
v  0.1103 -0.4600 -0.3636
v  0.1103 -0.4530 -0.3636
v  0.1123 -0.4600 -0.3703
v  0.1103 -0.1650 -0.3636
v  0.1103 -0.1720 -0.3636
v  0.1646 -0.4600 -0.3973
v  0.1619 -0.4600 -0.3908
v  0.1648 -0.4530 -0.3979
v  0.1454 -0.4600 -0.3511
v  0.1454 -0.4530 -0.3511
v  0.1481 -0.4600 -0.3575
v  0.1454 -0.1650 -0.3511
v  0.1454 -0.1720 -0.3511
v  0.2027 -0.4600 -0.3792
v  0.1994 -0.4600 -0.3730
v  0.2030 -0.4530 -0.3798
v  0.1791 -0.4600 -0.3351
v  0.1791 -0.4530 -0.3351
v  0.1824 -0.4600 -0.3413
v  0.1791 -0.1650 -0.3351
v  0.1791 -0.1720 -0.3351
v  0.2389 -0.4600 -0.3575
v  0.2350 -0.4600 -0.3517
v  0.2393 -0.4530 -0.3581
v  0.2111 -0.4600 -0.3160
v  0.2111 -0.4530 -0.3160
v  0.2150 -0.4600 -0.3218
v  0.2111 -0.1650 -0.3160
v  0.2111 -0.1720 -0.3160
v  0.2728 -0.4600 -0.3324
v  0.2683 -0.4600 -0.3270
v  0.2732 -0.4530 -0.3329
v  0.2411 -0.4600 -0.2937
v  0.2411 -0.4530 -0.2937
v  0.2455 -0.4600 -0.2992
v  0.2411 -0.1650 -0.2937
v  0.2411 -0.1720 -0.2937
v  0.3041 -0.4600 -0.3041
v  0.2991 -0.4600 -0.2991
v  0.3045 -0.4530 -0.3045
v  0.2687 -0.4600 -0.2687
v  0.2687 -0.4530 -0.2687
v  0.2737 -0.4600 -0.2737
v  0.2687 -0.1650 -0.2687
v  0.2687 -0.1720 -0.2687
v  0.3324 -0.4600 -0.2728
v  0.3270 -0.4600 -0.2683
v  0.3329 -0.4530 -0.2732
v  0.2937 -0.4600 -0.2411
v  0.2937 -0.4530 -0.2411
v  0.2992 -0.4600 -0.2455
v  0.2937 -0.1650 -0.2411
v  0.2937 -0.1720 -0.2411
v  0.3575 -0.4600 -0.2389
v  0.3517 -0.4600 -0.2350
v  0.3581 -0.4530 -0.2393
v  0.3160 -0.4600 -0.2111
v  0.3160 -0.4530 -0.2111
v  0.3218 -0.4600 -0.2150
v  0.3160 -0.1650 -0.2111
v  0.3160 -0.1720 -0.2111
v  0.3792 -0.4600 -0.2027
v  0.3730 -0.4600 -0.1994
v  0.3798 -0.4530 -0.2030
v  0.3351 -0.4600 -0.1791
v  0.3351 -0.4530 -0.1791
v  0.3413 -0.4600 -0.1824
v  0.3351 -0.1650 -0.1791
v  0.3351 -0.1720 -0.1791
v  0.3973 -0.4600 -0.1646
v  0.3908 -0.4600 -0.1619
v  0.3979 -0.4530 -0.1648
v  0.3511 -0.4600 -0.1454
v  0.3511 -0.4530 -0.1454
v  0.3575 -0.4600 -0.1481
v  0.3511 -0.1650 -0.1454
v  0.3511 -0.1720 -0.1454
v  0.4115 -0.4600 -0.1248
v  0.4048 -0.4600 -0.1228
v  0.4121 -0.4530 -0.1250
v  0.3636 -0.4600 -0.1103
v  0.3636 -0.4530 -0.1103
v  0.3703 -0.4600 -0.1123
v  0.3636 -0.1650 -0.1103
v  0.3636 -0.1720 -0.1103
v  0.4217 -0.4600 -0.0839
v  0.4149 -0.4600 -0.0825
v  0.4224 -0.4530 -0.0840
v  0.3727 -0.4600 -0.0741
v  0.3727 -0.4530 -0.0741
v  0.3796 -0.4600 -0.0755
v  0.3727 -0.1650 -0.0741
v  0.3727 -0.1720 -0.0741
v  0.4279 -0.4600 -0.0421
v  0.4210 -0.4600 -0.0415
v  0.4286 -0.4530 -0.0422
v  0.3782 -0.4600 -0.0372
v  0.3782 -0.4530 -0.0372
v  0.3851 -0.4600 -0.0379
v  0.3782 -0.1650 -0.0372
v  0.3782 -0.1720 -0.0372
v  0.4300 -0.4600 -0.0000
v  0.4230 -0.4600 -0.0000
v  0.4306 -0.4530 -0.0000
v  0.3800 -0.4600 -0.0000
v  0.3800 -0.4530 -0.0000
v  0.3870 -0.4600 -0.0000
v  0.3800 -0.1650 -0.0000
v  0.3800 -0.1720 -0.0000
v  0.4279 -0.4600 0.0421
v  0.4210 -0.4600 0.0415
v  0.4286 -0.4530 0.0422
v  0.3782 -0.4600 0.0372
v  0.3782 -0.4530 0.0372
v  0.3851 -0.4600 0.0379
v  0.3782 -0.1650 0.0372
v  0.3782 -0.1720 0.0372
v  0.4217 -0.4600 0.0839
v  0.4149 -0.4600 0.0825
v  0.4224 -0.4530 0.0840
v  0.3727 -0.4600 0.0741
v  0.3727 -0.4530 0.0741
v  0.3796 -0.4600 0.0755
v  0.3727 -0.1650 0.0741
v  0.3727 -0.1720 0.0741
v  0.4115 -0.4600 0.1248
v  0.4048 -0.4600 0.1228
v  0.4121 -0.4530 0.1250
v  0.3636 -0.4600 0.1103
v  0.3636 -0.4530 0.1103
v  0.3703 -0.4600 0.1123
v  0.3636 -0.1650 0.1103
v  0.3636 -0.1720 0.1103
v  0.3973 -0.4600 0.1646
v  0.3908 -0.4600 0.1619
v  0.3979 -0.4530 0.1648
v  0.3511 -0.4600 0.1454
v  0.3511 -0.4530 0.1454
v  0.3575 -0.4600 0.1481
v  0.3511 -0.1650 0.1454
v  0.3511 -0.1720 0.1454
v  0.3792 -0.4600 0.2027
v  0.3730 -0.4600 0.1994
v  0.3798 -0.4530 0.2030
v  0.3351 -0.4600 0.1791
v  0.3351 -0.4530 0.1791
v  0.3413 -0.4600 0.1824
v  0.3351 -0.1650 0.1791
v  0.3351 -0.1720 0.1791
v  0.3575 -0.4600 0.2389
v  0.3517 -0.4600 0.2350
v  0.3581 -0.4530 0.2393
v  0.3160 -0.4600 0.2111
v  0.3160 -0.4530 0.2111
v  0.3218 -0.4600 0.2150
v  0.3160 -0.1650 0.2111
v  0.3160 -0.1720 0.2111
v  0.3324 -0.4600 0.2728
v  0.3270 -0.4600 0.2683
v  0.3329 -0.4530 0.2732
v  0.2937 -0.4600 0.2411
v  0.2937 -0.4530 0.2411
v  0.2992 -0.4600 0.2455
v  0.2937 -0.1650 0.2411
v  0.2937 -0.1720 0.2411
v  0.3041 -0.4600 0.3041
v  0.2991 -0.4600 0.2991
v  0.3045 -0.4530 0.3045
v  0.2687 -0.4600 0.2687
v  0.2687 -0.4530 0.2687
v  0.2737 -0.4600 0.2737
v  0.2687 -0.1650 0.2687
v  0.2687 -0.1720 0.2687
v  0.2728 -0.4600 0.3324
v  0.2683 -0.4600 0.3270
v  0.2732 -0.4530 0.3329
v  0.2411 -0.4600 0.2937
v  0.2411 -0.4530 0.2937
v  0.2455 -0.4600 0.2992
v  0.2411 -0.1650 0.2937
v  0.2411 -0.1720 0.2937
v  0.2389 -0.4600 0.3575
v  0.2350 -0.4600 0.3517
v  0.2393 -0.4530 0.3581
v  0.2111 -0.4600 0.3160
v  0.2111 -0.4530 0.3160
v  0.2150 -0.4600 0.3218
v  0.2111 -0.1650 0.3160
v  0.2111 -0.1720 0.3160
v  0.2027 -0.4600 0.3792
v  0.1994 -0.4600 0.3730
v  0.2030 -0.4530 0.3798
v  0.1791 -0.4600 0.3351
v  0.1791 -0.4530 0.3351
v  0.1824 -0.4600 0.3413
v  0.1791 -0.1650 0.3351
v  0.1791 -0.1720 0.3351
v  0.1646 -0.4600 0.3973
v  0.1619 -0.4600 0.3908
v  0.1648 -0.4530 0.3979
v  0.1454 -0.4600 0.3511
v  0.1454 -0.4530 0.3511
v  0.1481 -0.4600 0.3575
v  0.1454 -0.1650 0.3511
v  0.1454 -0.1720 0.3511
v  0.1248 -0.4600 0.4115
v  0.1228 -0.4600 0.4048
v  0.1250 -0.4530 0.4121
v  0.1103 -0.4600 0.3636
v  0.1103 -0.4530 0.3636
v  0.1123 -0.4600 0.3703
v  0.1103 -0.1650 0.3636
v  0.1103 -0.1720 0.3636
v  0.0839 -0.4600 0.4217
v  0.0825 -0.4600 0.4149
v  0.0840 -0.4530 0.4224
v  0.0741 -0.4600 0.3727
v  0.0741 -0.4530 0.3727
v  0.0755 -0.4600 0.3796
v  0.0741 -0.1650 0.3727
v  0.0741 -0.1720 0.3727
v  0.0421 -0.4600 0.4279
v  0.0415 -0.4600 0.4210
v  0.0422 -0.4530 0.4286
v  0.0372 -0.4600 0.3782
v  0.0372 -0.4530 0.3782
v  0.0379 -0.4600 0.3851
v  0.0372 -0.1650 0.3782
v  0.0372 -0.1720 0.3782
v  -0.0369 -0.1650 0.3712
v  -0.0731 -0.1650 0.3658
v  -0.1086 -0.1650 0.3568
v  -0.1431 -0.1650 0.3445
v  -0.1761 -0.1650 0.3288
v  -0.2075 -0.1650 0.3100
v  -0.2369 -0.1650 0.2881
v  -0.2640 -0.1650 0.2635
v  -0.2886 -0.1650 0.2364
v  -0.3103 -0.1650 0.2069
v  -0.3291 -0.1650 0.1755
v  -0.3447 -0.1650 0.1424
v  -0.3570 -0.1650 0.1079
v  -0.3659 -0.1650 0.0724
v  -0.3712 -0.1650 0.0362
v  -0.3730 -0.1650 -0.0003
v  -0.3712 -0.1650 -0.0369
v  -0.3658 -0.1650 -0.0731
v  -0.3568 -0.1650 -0.1086
v  -0.3445 -0.1650 -0.1431
v  -0.3288 -0.1650 -0.1761
v  -0.3100 -0.1650 -0.2075
v  -0.2881 -0.1650 -0.2369
v  -0.2635 -0.1650 -0.2640
v  -0.2364 -0.1650 -0.2886
v  -0.2069 -0.1650 -0.3103
v  -0.1755 -0.1650 -0.3291
v  -0.1424 -0.1650 -0.3447
v  -0.1080 -0.1650 -0.3570
v  -0.0724 -0.1650 -0.3659
v  -0.0362 -0.1650 -0.3712
v  0.0003 -0.1650 -0.3730
v  0.0369 -0.1650 -0.3712
v  0.0731 -0.1650 -0.3658
v  0.1086 -0.1650 -0.3568
v  0.1431 -0.1650 -0.3445
v  0.1761 -0.1650 -0.3288
v  0.2075 -0.1650 -0.3100
v  0.2369 -0.1650 -0.2881
v  0.2640 -0.1650 -0.2635
v  0.2886 -0.1650 -0.2364
v  0.3103 -0.1650 -0.2069
v  0.3291 -0.1650 -0.1755
v  0.3447 -0.1650 -0.1424
v  0.3570 -0.1650 -0.1080
v  0.3659 -0.1650 -0.0724
v  0.3712 -0.1650 -0.0362
v  0.3730 -0.1650 0.0003
v  0.3712 -0.1650 0.0369
v  0.3658 -0.1650 0.0731
v  0.3568 -0.1650 0.1086
v  0.3445 -0.1650 0.1431
v  0.3288 -0.1650 0.1761
v  0.3100 -0.1650 0.2075
v  0.2881 -0.1650 0.2369
v  0.2635 -0.1650 0.2640
v  0.2364 -0.1650 0.2886
v  0.2069 -0.1650 0.3103
v  0.1755 -0.1650 0.3291
v  0.1424 -0.1650 0.3447
v  0.1079 -0.1650 0.3570
v  0.0724 -0.1650 0.3659
v  0.0362 -0.1650 0.3712
v  -0.0003 -0.1650 0.3730
v  0.0000 -0.1650 0.0000
v  0.0000 0.0000 0.9900
v  0.0000 -0.0070 0.9900
v  -0.0970 0.0000 0.9852
v  -0.0970 -0.0070 0.9852
v  -0.0970 -0.1800 0.9852
v  -0.0964 -0.1792 0.9783
v  -0.0970 -0.1730 0.9852
v  0.0000 -0.1800 0.9900
v  0.0000 -0.1730 0.9900
v  0.0000 -0.1792 0.9830
v  -0.1931 0.0000 0.9710
v  -0.1931 -0.0070 0.9710
v  -0.1931 -0.1800 0.9710
v  -0.1918 -0.1792 0.9641
v  -0.1931 -0.1730 0.9710
v  -0.2874 0.0000 0.9474
v  -0.2874 -0.0070 0.9474
v  -0.2874 -0.1800 0.9474
v  -0.2854 -0.1792 0.9407
v  -0.2874 -0.1730 0.9474
v  -0.3789 0.0000 0.9146
v  -0.3789 -0.0070 0.9146
v  -0.3789 -0.1800 0.9146
v  -0.3762 -0.1792 0.9082
v  -0.3789 -0.1730 0.9146
v  -0.4667 0.0000 0.8731
v  -0.4667 -0.0070 0.8731
v  -0.4667 -0.1800 0.8731
v  -0.4634 -0.1792 0.8670
v  -0.4667 -0.1730 0.8731
v  -0.5500 0.0000 0.8232
v  -0.5500 -0.0070 0.8232
v  -0.5500 -0.1800 0.8232
v  -0.5461 -0.1792 0.8174
v  -0.5500 -0.1730 0.8232
v  -0.6280 0.0000 0.7653
v  -0.6280 -0.0070 0.7653
v  -0.6280 -0.1800 0.7653
v  -0.6236 -0.1792 0.7599
v  -0.6280 -0.1730 0.7653
v  -0.7000 0.0000 0.7000
v  -0.7000 -0.0070 0.7000
v  -0.7000 -0.1800 0.7000
v  -0.6951 -0.1792 0.6951
v  -0.7000 -0.1730 0.7000
v  -0.7653 0.0000 0.6280
v  -0.7653 -0.0070 0.6280
v  -0.7653 -0.1800 0.6280
v  -0.7599 -0.1792 0.6236
v  -0.7653 -0.1730 0.6280
v  -0.8232 0.0000 0.5500
v  -0.8232 -0.0070 0.5500
v  -0.8232 -0.1800 0.5500
v  -0.8174 -0.1792 0.5461
v  -0.8232 -0.1730 0.5500
v  -0.8731 0.0000 0.4667
v  -0.8731 -0.0070 0.4667
v  -0.8731 -0.1800 0.4667
v  -0.8670 -0.1792 0.4634
v  -0.8731 -0.1730 0.4667
v  -0.9146 0.0000 0.3789
v  -0.9146 -0.0070 0.3789
v  -0.9146 -0.1800 0.3789
v  -0.9082 -0.1792 0.3762
v  -0.9146 -0.1730 0.3789
v  -0.9474 0.0000 0.2874
v  -0.9474 -0.0070 0.2874
v  -0.9474 -0.1800 0.2874
v  -0.9407 -0.1792 0.2854
v  -0.9474 -0.1730 0.2874
v  -0.9710 0.0000 0.1931
v  -0.9710 -0.0070 0.1931
v  -0.9710 -0.1800 0.1931
v  -0.9641 -0.1792 0.1918
v  -0.9710 -0.1730 0.1931
v  -0.9852 0.0000 0.0970
v  -0.9852 -0.0070 0.0970
v  -0.9852 -0.1800 0.0970
v  -0.9783 -0.1792 0.0964
v  -0.9852 -0.1730 0.0970
v  -0.9900 0.0000 0.0000
v  -0.9900 -0.0070 0.0000
v  -0.9900 -0.1800 0.0000
v  -0.9830 -0.1792 0.0000
v  -0.9900 -0.1730 0.0000
v  -0.9852 0.0000 -0.0970
v  -0.9852 -0.0070 -0.0970
v  -0.9852 -0.1800 -0.0970
v  -0.9783 -0.1792 -0.0964
v  -0.9852 -0.1730 -0.0970
v  -0.9710 0.0000 -0.1931
v  -0.9710 -0.0070 -0.1931
v  -0.9710 -0.1800 -0.1931
v  -0.9641 -0.1792 -0.1918
v  -0.9710 -0.1730 -0.1931
v  -0.9474 0.0000 -0.2874
v  -0.9474 -0.0070 -0.2874
v  -0.9474 -0.1800 -0.2874
v  -0.9407 -0.1792 -0.2854
v  -0.9474 -0.1730 -0.2874
v  -0.9146 0.0000 -0.3789
v  -0.9146 -0.0070 -0.3789
v  -0.9146 -0.1800 -0.3789
v  -0.9082 -0.1792 -0.3762
v  -0.9146 -0.1730 -0.3789
v  -0.8731 0.0000 -0.4667
v  -0.8731 -0.0070 -0.4667
v  -0.8731 -0.1800 -0.4667
v  -0.8670 -0.1792 -0.4634
v  -0.8731 -0.1730 -0.4667
v  -0.8232 0.0000 -0.5500
v  -0.8232 -0.0070 -0.5500
v  -0.8232 -0.1800 -0.5500
v  -0.8174 -0.1792 -0.5461
v  -0.8232 -0.1730 -0.5500
v  -0.7653 0.0000 -0.6280
v  -0.7653 -0.0070 -0.6280
v  -0.7653 -0.1800 -0.6280
v  -0.7599 -0.1792 -0.6236
v  -0.7653 -0.1730 -0.6280
v  -0.7000 0.0000 -0.7000
v  -0.7000 -0.0070 -0.7000
v  -0.7000 -0.1800 -0.7000
v  -0.6951 -0.1792 -0.6951
v  -0.7000 -0.1730 -0.7000
v  -0.6280 0.0000 -0.7653
v  -0.6280 -0.0070 -0.7653
v  -0.6280 -0.1800 -0.7653
v  -0.6236 -0.1792 -0.7599
v  -0.6280 -0.1730 -0.7653
v  -0.5500 0.0000 -0.8232
v  -0.5500 -0.0070 -0.8232
v  -0.5500 -0.1800 -0.8232
v  -0.5461 -0.1792 -0.8174
v  -0.5500 -0.1730 -0.8232
v  -0.4667 0.0000 -0.8731
v  -0.4667 -0.0070 -0.8731
v  -0.4667 -0.1800 -0.8731
v  -0.4634 -0.1792 -0.8670
v  -0.4667 -0.1730 -0.8731
v  -0.3789 0.0000 -0.9146
v  -0.3789 -0.0070 -0.9146
v  -0.3789 -0.1800 -0.9146
v  -0.3762 -0.1792 -0.9082
v  -0.3789 -0.1730 -0.9146
v  -0.2874 0.0000 -0.9474
v  -0.2874 -0.0070 -0.9474
v  -0.2874 -0.1800 -0.9474
v  -0.2854 -0.1792 -0.9407
v  -0.2874 -0.1730 -0.9474
v  -0.1931 0.0000 -0.9710
v  -0.1931 -0.0070 -0.9710
v  -0.1931 -0.1800 -0.9710
v  -0.1918 -0.1792 -0.9641
v  -0.1931 -0.1730 -0.9710
v  -0.0970 0.0000 -0.9852
v  -0.0970 -0.0070 -0.9852
v  -0.0970 -0.1800 -0.9852
v  -0.0964 -0.1792 -0.9783
v  -0.0970 -0.1730 -0.9852
v  -0.0000 0.0000 -0.9900
v  -0.0000 -0.0070 -0.9900
v  -0.0000 -0.1800 -0.9900
v  -0.0000 -0.1792 -0.9830
v  -0.0000 -0.1730 -0.9900
v  0.0970 0.0000 -0.9852
v  0.0970 -0.0070 -0.9852
v  0.0970 -0.1800 -0.9852
v  0.0964 -0.1792 -0.9783
v  0.0970 -0.1730 -0.9852
v  0.1931 0.0000 -0.9710
v  0.1931 -0.0070 -0.9710
v  0.1931 -0.1800 -0.9710
v  0.1918 -0.1792 -0.9641
v  0.1931 -0.1730 -0.9710
v  0.2874 0.0000 -0.9474
v  0.2874 -0.0070 -0.9474
v  0.2874 -0.1800 -0.9474
v  0.2854 -0.1792 -0.9407
v  0.2874 -0.1730 -0.9474
v  0.3789 0.0000 -0.9146
v  0.3789 -0.0070 -0.9146
v  0.3789 -0.1800 -0.9146
v  0.3762 -0.1792 -0.9082
v  0.3789 -0.1730 -0.9146
v  0.4667 0.0000 -0.8731
v  0.4667 -0.0070 -0.8731
v  0.4667 -0.1800 -0.8731
v  0.4634 -0.1792 -0.8670
v  0.4667 -0.1730 -0.8731
v  0.5500 0.0000 -0.8232
v  0.5500 -0.0070 -0.8232
v  0.5500 -0.1800 -0.8232
v  0.5461 -0.1792 -0.8174
v  0.5500 -0.1730 -0.8232
v  0.6280 0.0000 -0.7653
v  0.6280 -0.0070 -0.7653
v  0.6280 -0.1800 -0.7653
v  0.6236 -0.1792 -0.7599
v  0.6280 -0.1730 -0.7653
v  0.7000 0.0000 -0.7000
v  0.7000 -0.0070 -0.7000
v  0.7000 -0.1800 -0.7000
v  0.6951 -0.1792 -0.6951
v  0.7000 -0.1730 -0.7000
v  0.7653 0.0000 -0.6280
v  0.7653 -0.0070 -0.6280
v  0.7653 -0.1800 -0.6280
v  0.7599 -0.1792 -0.6236
v  0.7653 -0.1730 -0.6280
v  0.8232 0.0000 -0.5500
v  0.8232 -0.0070 -0.5500
v  0.8232 -0.1800 -0.5500
v  0.8174 -0.1792 -0.5461
v  0.8232 -0.1730 -0.5500
v  0.8731 0.0000 -0.4667
v  0.8731 -0.0070 -0.4667
v  0.8731 -0.1800 -0.4667
v  0.8670 -0.1792 -0.4634
v  0.8731 -0.1730 -0.4667
v  0.9146 0.0000 -0.3789
v  0.9146 -0.0070 -0.3789
v  0.9146 -0.1800 -0.3789
v  0.9082 -0.1792 -0.3762
v  0.9146 -0.1730 -0.3789
v  0.9474 0.0000 -0.2874
v  0.9474 -0.0070 -0.2874
v  0.9474 -0.1800 -0.2874
v  0.9407 -0.1792 -0.2854
v  0.9474 -0.1730 -0.2874
v  0.9710 0.0000 -0.1931
v  0.9710 -0.0070 -0.1931
v  0.9710 -0.1800 -0.1931
v  0.9641 -0.1792 -0.1918
v  0.9710 -0.1730 -0.1931
v  0.9852 0.0000 -0.0970
v  0.9852 -0.0070 -0.0970
v  0.9852 -0.1800 -0.0970
v  0.9783 -0.1792 -0.0964
v  0.9852 -0.1730 -0.0970
v  0.9900 0.0000 -0.0000
v  0.9900 -0.0070 -0.0000
v  0.9900 -0.1800 -0.0000
v  0.9830 -0.1792 -0.0000
v  0.9900 -0.1730 -0.0000
v  0.9852 0.0000 0.0970
v  0.9852 -0.0070 0.0970
v  0.9852 -0.1800 0.0970
v  0.9783 -0.1792 0.0964
v  0.9852 -0.1730 0.0970
v  0.9710 0.0000 0.1931
v  0.9710 -0.0070 0.1931
v  0.9710 -0.1800 0.1931
v  0.9641 -0.1792 0.1918
v  0.9710 -0.1730 0.1931
v  0.9474 0.0000 0.2874
v  0.9474 -0.0070 0.2874
v  0.9474 -0.1800 0.2874
v  0.9407 -0.1792 0.2854
v  0.9474 -0.1730 0.2874
v  0.9146 0.0000 0.3789
v  0.9146 -0.0070 0.3789
v  0.9146 -0.1800 0.3789
v  0.9082 -0.1792 0.3762
v  0.9146 -0.1730 0.3789
v  0.8731 0.0000 0.4667
v  0.8731 -0.0070 0.4667
v  0.8731 -0.1800 0.4667
v  0.8670 -0.1792 0.4634
v  0.8731 -0.1730 0.4667
v  0.8232 0.0000 0.5500
v  0.8232 -0.0070 0.5500
v  0.8232 -0.1800 0.5500
v  0.8174 -0.1792 0.5461
v  0.8232 -0.1730 0.5500
v  0.7653 0.0000 0.6280
v  0.7653 -0.0070 0.6280
v  0.7653 -0.1800 0.6280
v  0.7599 -0.1792 0.6236
v  0.7653 -0.1730 0.6280
v  0.7000 0.0000 0.7000
v  0.7000 -0.0070 0.7000
v  0.7000 -0.1800 0.7000
v  0.6951 -0.1792 0.6951
v  0.7000 -0.1730 0.7000
v  0.6280 0.0000 0.7653
v  0.6280 -0.0070 0.7653
v  0.6280 -0.1800 0.7653
v  0.6236 -0.1792 0.7599
v  0.6280 -0.1730 0.7653
v  0.5500 0.0000 0.8232
v  0.5500 -0.0070 0.8232
v  0.5500 -0.1800 0.8232
v  0.5461 -0.1792 0.8174
v  0.5500 -0.1730 0.8232
v  0.4667 0.0000 0.8731
v  0.4667 -0.0070 0.8731
v  0.4667 -0.1800 0.8731
v  0.4634 -0.1792 0.8670
v  0.4667 -0.1730 0.8731
v  0.3789 0.0000 0.9146
v  0.3789 -0.0070 0.9146
v  0.3789 -0.1800 0.9146
v  0.3762 -0.1792 0.9082
v  0.3789 -0.1730 0.9146
v  0.2874 0.0000 0.9474
v  0.2874 -0.0070 0.9474
v  0.2874 -0.1800 0.9474
v  0.2854 -0.1792 0.9407
v  0.2874 -0.1730 0.9474
v  0.1931 0.0000 0.9710
v  0.1931 -0.0070 0.9710
v  0.1931 -0.1800 0.9710
v  0.1918 -0.1792 0.9641
v  0.1931 -0.1730 0.9710
v  0.0970 0.0000 0.9852
v  0.0970 -0.0070 0.9852
v  0.0970 -0.1800 0.9852
v  0.0964 -0.1792 0.9783
v  0.0970 -0.1730 0.9852
v  0.0003 0.0000 0.9830
v  0.0967 0.0000 0.9782
v  0.1921 0.0000 0.9641
v  0.2857 0.0000 0.9406
v  0.3765 0.0000 0.9080
v  0.4637 0.0000 0.8668
v  0.5464 0.0000 0.8172
v  0.6239 0.0000 0.7597
v  0.6953 0.0000 0.6948
v  0.7601 0.0000 0.6233
v  0.8175 0.0000 0.5458
v  0.8671 0.0000 0.4631
v  0.9083 0.0000 0.3759
v  0.9408 0.0000 0.2850
v  0.9642 0.0000 0.1914
v  0.9783 0.0000 0.0960
v  0.9830 0.0000 -0.0003
v  0.9782 0.0000 -0.0967
v  0.9641 0.0000 -0.1921
v  0.9406 0.0000 -0.2857
v  0.9080 0.0000 -0.3765
v  0.8668 0.0000 -0.4637
v  0.8172 0.0000 -0.5464
v  0.7597 0.0000 -0.6239
v  0.6948 0.0000 -0.6953
v  0.6233 0.0000 -0.7601
v  0.5458 0.0000 -0.8175
v  0.4631 0.0000 -0.8671
v  0.3759 0.0000 -0.9083
v  0.2850 0.0000 -0.9408
v  0.1914 0.0000 -0.9642
v  0.0960 0.0000 -0.9783
v  -0.0003 0.0000 -0.9830
v  -0.0967 0.0000 -0.9782
v  -0.1921 0.0000 -0.9641
v  -0.2857 0.0000 -0.9406
v  -0.3765 0.0000 -0.9080
v  -0.4637 0.0000 -0.8668
v  -0.5464 0.0000 -0.8172
v  -0.6239 0.0000 -0.7597
v  -0.6953 0.0000 -0.6948
v  -0.7601 0.0000 -0.6233
v  -0.8175 0.0000 -0.5458
v  -0.8671 0.0000 -0.4631
v  -0.9083 0.0000 -0.3759
v  -0.9408 0.0000 -0.2850
v  -0.9642 0.0000 -0.1914
v  -0.9783 0.0000 -0.0960
v  -0.9830 0.0000 0.0003
v  -0.9782 0.0000 0.0967
v  -0.9641 0.0000 0.1921
v  -0.9406 0.0000 0.2857
v  -0.9080 0.0000 0.3765
v  -0.8668 0.0000 0.4637
v  -0.8172 0.0000 0.5464
v  -0.7597 0.0000 0.6239
v  -0.6948 0.0000 0.6953
v  -0.6233 0.0000 0.7601
v  -0.5458 0.0000 0.8175
v  -0.4631 0.0000 0.8671
v  -0.3759 0.0000 0.9083
v  -0.2850 0.0000 0.9408
v  -0.1914 0.0000 0.9642
v  -0.0960 0.0000 0.9783
v  -0.0000 0.0000 -0.0000
v  -3.0777 -3.2859 -0.0101
v  -3.0777 -3.2869 0.0000
v  -3.0704 -3.3380 -0.0205
v  -3.0704 -3.3400 0.0000
v  -3.0577 -3.3907 -0.0310
v  -3.0577 -3.3938 0.0000
v  -3.0394 -3.4433 -0.0414
v  -3.0395 -3.4474 0.0000
v  -3.0300 -3.4654 -0.0458
v  -3.0300 -3.4699 0.0000
v  -3.0301 -3.4850 -0.0497
v  -3.0300 -3.4899 0.0000
v  -3.0333 -3.4916 -0.0510
v  -3.0332 -3.4967 0.0000
v  -3.0401 -3.4941 -0.0515
v  -3.0401 -3.4994 0.0000
v  -6.1700 -3.5000 0.0000
v  -6.1699 -3.4946 -0.0516
v  -6.1769 -3.4920 -0.0511
v  -6.1769 -3.4968 0.0000
v  -6.1800 -3.4851 -0.0497
v  -6.1800 -3.4900 0.0000
v  -6.1523 -3.3907 -0.0310
v  -6.1523 -3.3938 0.0000
v  -6.1396 -3.3380 -0.0205
v  -6.1396 -3.3400 0.0000
v  -3.0777 -3.2829 -0.0198
v  -3.0704 -3.3320 -0.0402
v  -3.0577 -3.3817 -0.0608
v  -3.0395 -3.4312 -0.0813
v  -3.0300 -3.4521 -0.0899
v  -3.0301 -3.4705 -0.0975
v  -3.0334 -3.4766 -0.1001
v  -3.0402 -3.4790 -0.1011
v  -6.1699 -3.4795 -0.1013
v  -6.1769 -3.4771 -0.1003
v  -6.1800 -3.4706 -0.0976
v  -6.1523 -3.3817 -0.0608
v  -6.1396 -3.3320 -0.0402
v  -3.0777 -3.2781 -0.0288
v  -3.0704 -3.3223 -0.0583
v  -3.0577 -3.3670 -0.0882
v  -3.0395 -3.4116 -0.1180
v  -3.0300 -3.4304 -0.1305
v  -3.0301 -3.4469 -0.1416
v  -3.0333 -3.4525 -0.1453
v  -3.0401 -3.4546 -0.1468
v  -6.1700 -3.4553 -0.1472
v  -6.1769 -3.4529 -0.1456
v  -6.1800 -3.4470 -0.1417
v  -6.1523 -3.3670 -0.0882
v  -6.1396 -3.3223 -0.0583
v  -3.0777 -3.2717 -0.0367
v  -3.0704 -3.3092 -0.0742
v  -3.0577 -3.3473 -0.1123
v  -3.0395 -3.3852 -0.1502
v  -3.0300 -3.4011 -0.1661
v  -3.0300 -3.4152 -0.1802
v  -3.0332 -3.4200 -0.1850
v  -3.0401 -3.4219 -0.1869
v  -6.1700 -3.4224 -0.1874
v  -6.1769 -3.4201 -0.1851
v  -6.1800 -3.4153 -0.1803
v  -6.1523 -3.3473 -0.1123
v  -6.1396 -3.3092 -0.0742
v  -3.0777 -3.2638 -0.0431
v  -3.0704 -3.2933 -0.0873
v  -3.0577 -3.3232 -0.1320
v  -3.0395 -3.3530 -0.1766
v  -3.0300 -3.3655 -0.1953
v  -3.0300 -3.3766 -0.2119
v  -3.0331 -3.3804 -0.2177
v  -3.0401 -3.3820 -0.2200
v  -6.1699 -3.3821 -0.2201
v  -6.1769 -3.3802 -0.2173
v  -6.1800 -3.3766 -0.2120
v  -6.1523 -3.3232 -0.1320
v  -6.1396 -3.2933 -0.0873
v  -3.0777 -3.2548 -0.0479
v  -3.0704 -3.2752 -0.0970
v  -3.0577 -3.2958 -0.1467
v  -3.0395 -3.3163 -0.1962
v  -3.0300 -3.3249 -0.2171
v  -3.0300 -3.3325 -0.2355
v  -3.0329 -3.3353 -0.2420
v  -3.0400 -3.3364 -0.2447
v  -6.1699 -3.3363 -0.2445
v  -6.1769 -3.3350 -0.2413
v  -6.1800 -3.3326 -0.2355
v  -6.1523 -3.2958 -0.1467
v  -6.1396 -3.2752 -0.0970
v  -3.0777 -3.2451 -0.0509
v  -3.0704 -3.2555 -0.1030
v  -3.0577 -3.2660 -0.1557
v  -3.0394 -3.2764 -0.2083
v  -3.0300 -3.2808 -0.2304
v  -3.0300 -3.2847 -0.2500
v  -3.0329 -3.2861 -0.2569
v  -3.0400 -3.2867 -0.2598
v  -6.1699 -3.2866 -0.2596
v  -6.1769 -3.2860 -0.2563
v  -6.1800 -3.2847 -0.2501
v  -6.1523 -3.2660 -0.1557
v  -6.1396 -3.2555 -0.1030
v  -3.0777 -3.2350 -0.0518
v  -3.0704 -3.2350 -0.1050
v  -3.0577 -3.2350 -0.1588
v  -3.0395 -3.2350 -0.2124
v  -3.0300 -3.2350 -0.2349
v  -3.0300 -3.2350 -0.2549
v  -3.0329 -3.2350 -0.2620
v  -3.0400 -3.2350 -0.2649
v  -6.1700 -3.2350 -0.2650
v  -6.1769 -3.2350 -0.2618
v  -6.1800 -3.2350 -0.2550
v  -6.1523 -3.2350 -0.1588
v  -6.1396 -3.2350 -0.1050
v  -3.0777 -3.2249 -0.0509
v  -3.0704 -3.2145 -0.1030
v  -3.0577 -3.2040 -0.1557
v  -3.0394 -3.1936 -0.2083
v  -3.0300 -3.1892 -0.2304
v  -3.0301 -3.1853 -0.2500
v  -3.0329 -3.1839 -0.2569
v  -3.0400 -3.1833 -0.2598
v  -6.1700 -3.1833 -0.2599
v  -6.1769 -3.1839 -0.2571
v  -6.1800 -3.1853 -0.2501
v  -6.1523 -3.2040 -0.1557
v  -6.1396 -3.2145 -0.1030
v  -3.0777 -3.2152 -0.0479
v  -3.0704 -3.1948 -0.0970
v  -3.0577 -3.1742 -0.1467
v  -3.0395 -3.1537 -0.1962
v  -3.0300 -3.1451 -0.2171
v  -3.0301 -3.1375 -0.2355
v  -3.0334 -3.1349 -0.2416
v  -3.0400 -3.1336 -0.2447
v  -6.1700 -3.1336 -0.2448
v  -6.1769 -3.1347 -0.2421
v  -6.1800 -3.1374 -0.2356
v  -6.1523 -3.1742 -0.1467
v  -6.1396 -3.1948 -0.0970
v  -3.0777 -3.2062 -0.0431
v  -3.0704 -3.1767 -0.0873
v  -3.0577 -3.1468 -0.1320
v  -3.0395 -3.1170 -0.1766
v  -3.0300 -3.1045 -0.1954
v  -3.0301 -3.0934 -0.2119
v  -3.0333 -3.0897 -0.2175
v  -3.0401 -3.0882 -0.2196
v  -6.1700 -3.0878 -0.2203
v  -6.1769 -3.0894 -0.2179
v  -6.1800 -3.0933 -0.2120
v  -6.1523 -3.1468 -0.1320
v  -6.1396 -3.1767 -0.0873
v  -3.0777 -3.1983 -0.0367
v  -3.0704 -3.1608 -0.0742
v  -3.0577 -3.1227 -0.1123
v  -3.0395 -3.0848 -0.1502
v  -3.0300 -3.0689 -0.1661
v  -3.0300 -3.0548 -0.1802
v  -3.0332 -3.0500 -0.1850
v  -3.0401 -3.0481 -0.1869
v  -6.1700 -3.0476 -0.1874
v  -6.1769 -3.0499 -0.1851
v  -6.1800 -3.0547 -0.1803
v  -6.1523 -3.1227 -0.1123
v  -6.1396 -3.1608 -0.0742
v  -3.0777 -3.1919 -0.0288
v  -3.0704 -3.1477 -0.0583
v  -3.0577 -3.1030 -0.0882
v  -3.0395 -3.0584 -0.1180
v  -3.0300 -3.0397 -0.1305
v  -3.0300 -3.0231 -0.1416
v  -3.0331 -3.0173 -0.1454
v  -3.0401 -3.0150 -0.1470
v  -6.1699 -3.0149 -0.1471
v  -6.1769 -3.0177 -0.1452
v  -6.1800 -3.0230 -0.1416
v  -6.1523 -3.1030 -0.0882
v  -6.1396 -3.1477 -0.0583
v  -3.0777 -3.1871 -0.0198
v  -3.0704 -3.1380 -0.0402
v  -3.0577 -3.0883 -0.0608
v  -3.0395 -3.0388 -0.0813
v  -3.0300 -3.0179 -0.0899
v  -3.0300 -2.9995 -0.0975
v  -3.0330 -2.9931 -0.1002
v  -3.0400 -2.9904 -0.1013
v  -6.1699 -2.9905 -0.1013
v  -6.1769 -2.9937 -0.1000
v  -6.1800 -2.9995 -0.0976
v  -6.1523 -3.0883 -0.0608
v  -6.1396 -3.1380 -0.0402
v  -3.0777 -3.1842 -0.0101
v  -3.0704 -3.1320 -0.0205
v  -3.0577 -3.0793 -0.0310
v  -3.0394 -3.0267 -0.0414
v  -3.0300 -3.0046 -0.0458
v  -3.0300 -2.9850 -0.0497
v  -3.0330 -2.9782 -0.0511
v  -3.0400 -2.9754 -0.0516
v  -6.1699 -2.9754 -0.0516
v  -6.1769 -2.9787 -0.0510
v  -6.1800 -2.9849 -0.0497
v  -6.1523 -3.0793 -0.0310
v  -6.1396 -3.1320 -0.0205
v  -3.0777 -3.1832 0.0000
v  -3.0704 -3.1300 0.0000
v  -3.0577 -3.0762 0.0000
v  -3.0395 -3.0226 0.0000
v  -3.0300 -3.0001 0.0000
v  -3.0300 -2.9801 0.0000
v  -3.0332 -2.9733 0.0000
v  -3.0401 -2.9706 0.0000
v  -6.1700 -2.9700 0.0000
v  -6.1769 -2.9729 0.0000
v  -6.1800 -2.9800 0.0000
v  -6.1524 -3.0763 0.0000
v  -6.1398 -3.1301 0.0000
v  -4.9767 -3.4949 -0.0517
v  -5.2154 -3.4949 -0.0517
v  -5.2154 -3.5000 0.0000
v  -4.9767 -3.5000 0.0000
v  -3.5076 -3.4999 0.0000
v  -3.2738 -3.4999 0.0000
v  -3.2738 -3.4948 -0.0517
v  -3.5076 -3.4948 -0.0517
v  -4.9767 -3.4798 -0.1014
v  -5.2154 -3.4798 -0.1014
v  -3.2738 -3.4797 -0.1014
v  -3.5076 -3.4797 -0.1014
v  -4.9767 -3.4553 -0.1472
v  -5.2154 -3.4553 -0.1472
v  -3.2738 -3.4553 -0.1472
v  -3.5076 -3.4551 -0.1471
v  -4.9767 -3.4224 -0.1874
v  -5.2154 -3.4224 -0.1874
v  -3.2738 -3.4223 -0.1873
v  -3.5076 -3.4222 -0.1872
v  -4.9767 -3.3822 -0.2203
v  -5.2154 -3.3822 -0.2203
v  -3.2738 -3.3822 -0.2203
v  -3.5076 -3.3822 -0.2203
v  -4.9767 -3.3364 -0.2448
v  -5.2154 -3.3364 -0.2448
v  -3.2738 -3.3364 -0.2447
v  -3.5076 -3.3364 -0.2447
v  -4.9767 -3.2867 -0.2599
v  -5.2154 -3.2867 -0.2599
v  -3.2738 -3.2867 -0.2598
v  -3.5076 -3.2867 -0.2598
v  -4.9767 -3.2350 -0.2650
v  -5.2154 -3.2350 -0.2650
v  -3.2738 -3.2350 -0.2649
v  -3.5076 -3.2350 -0.2649
v  -4.9767 -3.1833 -0.2599
v  -5.2154 -3.1833 -0.2599
v  -3.2738 -3.1833 -0.2598
v  -3.5076 -3.1833 -0.2598
v  -4.9767 -3.1336 -0.2448
v  -5.2154 -3.1336 -0.2448
v  -3.2738 -3.1336 -0.2447
v  -3.5076 -3.1336 -0.2447
v  -4.9767 -3.0878 -0.2203
v  -5.2154 -3.0878 -0.2203
v  -3.2738 -3.0878 -0.2203
v  -3.5076 -3.0878 -0.2203
v  -4.9767 -3.0476 -0.1874
v  -5.2154 -3.0476 -0.1874
v  -3.2738 -3.0477 -0.1873
v  -3.5076 -3.0477 -0.1873
v  -4.9767 -3.0147 -0.1472
v  -5.2154 -3.0147 -0.1472
v  -3.2738 -3.0147 -0.1472
v  -3.5076 -3.0147 -0.1472
v  -4.9767 -2.9902 -0.1014
v  -5.2154 -2.9902 -0.1014
v  -3.2738 -2.9903 -0.1014
v  -3.5076 -2.9903 -0.1014
v  -4.9767 -2.9751 -0.0517
v  -5.2154 -2.9751 -0.0517
v  -3.2738 -2.9752 -0.0517
v  -3.5076 -2.9752 -0.0517
v  -4.9767 -2.9700 0.0000
v  -5.2154 -2.9700 0.0000
v  -3.2738 -2.9701 0.0000
v  -3.5076 -2.9701 0.0000
v  -4.1902 -3.1833 -0.2599
v  -4.1268 -3.1833 -0.2599
v  -4.1268 -3.1336 -0.2448
v  -4.1902 -3.1336 -0.2448
v  -4.1902 -3.2350 -0.2650
v  -4.1268 -3.2350 -0.2650
v  -4.1902 -3.2867 -0.2599
v  -4.1268 -3.2867 -0.2599
v  -4.1902 -3.3364 -0.2448
v  -4.1268 -3.3364 -0.2448
v  -4.1902 -3.3822 -0.2203
v  -4.1268 -3.3822 -0.2203
v  -4.1902 -3.4224 -0.1874
v  -4.1268 -3.4224 -0.1874
v  -4.1902 -3.4553 -0.1472
v  -4.1268 -3.4553 -0.1472
v  -4.1902 -3.4798 -0.1014
v  -4.1268 -3.4798 -0.1014
v  -4.1902 -3.4949 -0.0517
v  -4.1268 -3.4949 -0.0517
v  -4.1902 -3.5000 0.0000
v  -4.1268 -3.5000 0.0000
v  -4.0308 -3.1168 -0.2266
v  -4.0309 -3.1174 -0.2321
v  -4.0000 -3.1183 -0.2329
v  -4.0000 -3.1174 -0.2277
v  -4.0667 -3.1128 -0.2218
v  -4.0675 -3.1125 -0.2279
v  -4.2081 -2.9991 -0.0958
v  -4.2110 -2.9947 -0.0981
v  -4.1902 -3.0147 -0.1355
v  -4.1882 -3.0186 -0.1313
v  -4.1331 -3.0714 -0.1877
v  -4.1343 -3.0674 -0.1930
v  -4.0992 -3.0986 -0.2163
v  -4.0986 -3.1014 -0.2096
v  -4.0687 -3.1145 -0.2336
v  -4.1020 -3.0984 -0.2229
v  -4.1667 -3.0392 -0.1583
v  -4.1688 -3.0350 -0.1629
v  -4.2234 -2.9841 -0.0497
v  -4.2265 -2.9797 -0.0509
v  -4.2222 -2.9904 -0.0485
v  -4.2219 -3.1099 -0.0490
v  -4.2273 -3.1098 0.0000
v  -4.2275 -2.9850 0.0000
v  -4.1886 -3.0248 -0.1272
v  -4.1863 -3.1100 -0.1301
v  -4.2063 -3.1098 -0.0957
v  -4.2073 -3.0057 -0.0934
v  -4.1025 -3.1100 -0.2031
v  -4.1364 -3.1105 -0.1817
v  -4.1354 -3.0786 -0.1827
v  -4.1647 -3.1100 -0.1568
v  -4.1676 -3.0462 -0.1538
v  -4.2032 -3.1200 -0.0454
v  -4.0000 -3.1200 0.0000
v  -4.2070 -3.1200 0.0046
v  -4.1700 -3.1200 -0.1191
v  -4.1882 -3.1200 -0.0880
v  -4.1231 -3.1200 -0.1676
v  -4.0922 -3.1200 -0.1859
v  -4.0284 -3.1200 -0.2055
v  -4.0573 -3.1200 -0.1993
v  -4.1500 -3.1200 -0.1436
v  -4.2288 -2.9789 0.0000
v  -4.2319 -2.9744 0.0000
v  -3.9971 -3.1200 -0.2072
v  -4.2192 -3.1165 -0.0486
v  -4.2130 -3.1200 -0.0475
v  -4.2174 -3.1200 0.0000
v  -4.2243 -3.1167 0.0000
v  -4.1337 -3.1168 -0.1800
v  -4.1291 -3.1200 -0.1757
v  -4.1572 -3.1200 -0.1505
v  -4.1623 -3.1168 -0.1549
v  -4.1782 -3.1200 -0.1249
v  -4.1838 -3.1167 -0.1285
v  -4.1973 -3.1200 -0.0922
v  -4.2035 -3.1166 -0.0948
v  -4.1004 -3.1168 -0.2005
v  -4.0966 -3.1200 -0.1949
v  -4.0298 -3.1200 -0.2154
v  -4.0307 -3.1185 -0.2202
v  -4.0000 -3.1188 -0.2217
v  -4.0000 -3.1200 -0.2174
v  -4.0648 -3.1189 -0.2121
v  -4.0632 -3.1200 -0.2083
v  -4.0661 -3.1164 -0.2152
v  -4.0311 -3.1201 -0.2371
v  -4.0315 -3.1254 -0.2413
v  -4.0000 -3.1259 -0.2415
v  -4.0000 -3.1209 -0.2376
v  -4.0709 -3.1198 -0.2387
v  -4.2154 -2.9918 -0.1005
v  -4.2222 -2.9909 -0.1031
v  -4.2006 -3.0126 -0.1443
v  -4.1939 -3.0125 -0.1397
v  -4.1376 -3.0655 -0.1986
v  -4.1453 -3.0667 -0.2057
v  -4.1092 -3.1025 -0.2295
v  -4.1729 -3.0329 -0.1676
v  -4.1800 -3.0338 -0.1723
v  -4.2310 -2.9767 -0.0522
v  -4.2372 -2.9755 -0.0534
v  -4.2363 -2.9714 0.0000
v  -4.2425 -2.9700 0.0000
v  -3.9691 -3.1174 -0.2321
v  -3.9692 -3.1168 -0.2266
v  -3.9325 -3.1125 -0.2279
v  -3.9333 -3.1128 -0.2218
v  -3.8118 -3.0186 -0.1313
v  -3.8098 -3.0147 -0.1355
v  -3.7890 -2.9947 -0.0981
v  -3.7919 -2.9991 -0.0958
v  -3.9014 -3.1014 -0.2096
v  -3.9008 -3.0986 -0.2163
v  -3.8657 -3.0674 -0.1930
v  -3.8669 -3.0714 -0.1877
v  -3.8980 -3.0984 -0.2229
v  -3.9313 -3.1145 -0.2336
v  -3.8312 -3.0350 -0.1629
v  -3.8333 -3.0392 -0.1583
v  -3.7735 -2.9797 -0.0509
v  -3.7766 -2.9841 -0.0497
v  -3.7778 -2.9904 -0.0485
v  -3.7725 -2.9850 0.0000
v  -3.7727 -3.1098 0.0000
v  -3.7781 -3.1099 -0.0490
v  -3.8114 -3.0248 -0.1272
v  -3.7927 -3.0057 -0.0934
v  -3.7937 -3.1098 -0.0957
v  -3.8137 -3.1100 -0.1301
v  -3.8975 -3.1100 -0.2031
v  -3.8646 -3.0786 -0.1827
v  -3.8636 -3.1105 -0.1817
v  -3.8324 -3.0462 -0.1538
v  -3.8353 -3.1100 -0.1568
v  -3.7968 -3.1200 -0.0454
v  -3.7950 -3.1200 0.0000
v  -3.8300 -3.1200 -0.1191
v  -3.8118 -3.1200 -0.0880
v  -3.8769 -3.1200 -0.1676
v  -3.9078 -3.1200 -0.1859
v  -3.9716 -3.1200 -0.2055
v  -3.9400 -3.1200 -0.1980
v  -3.8500 -3.1200 -0.1436
v  -3.7681 -2.9744 0.0000
v  -3.7712 -2.9789 0.0000
v  -3.7757 -3.1167 0.0000
v  -3.7826 -3.1200 0.0000
v  -3.7870 -3.1200 -0.0475
v  -3.7808 -3.1165 -0.0486
v  -3.8377 -3.1168 -0.1549
v  -3.8428 -3.1200 -0.1505
v  -3.8709 -3.1200 -0.1757
v  -3.8663 -3.1168 -0.1800
v  -3.8162 -3.1167 -0.1285
v  -3.8218 -3.1200 -0.1249
v  -3.7965 -3.1166 -0.0948
v  -3.8027 -3.1200 -0.0922
v  -3.9034 -3.1200 -0.1949
v  -3.8996 -3.1168 -0.2005
v  -3.9693 -3.1185 -0.2202
v  -3.9702 -3.1200 -0.2154
v  -3.9352 -3.1189 -0.2121
v  -3.9368 -3.1200 -0.2083
v  -3.9339 -3.1164 -0.2152
v  -3.9685 -3.1254 -0.2413
v  -3.9689 -3.1201 -0.2371
v  -3.9291 -3.1198 -0.2387
v  -3.8061 -3.0125 -0.1397
v  -3.7994 -3.0126 -0.1443
v  -3.7778 -2.9909 -0.1031
v  -3.7846 -2.9918 -0.1005
v  -3.8908 -3.1025 -0.2295
v  -3.8547 -3.0667 -0.2057
v  -3.8624 -3.0655 -0.1986
v  -3.8200 -3.0338 -0.1723
v  -3.8271 -3.0329 -0.1676
v  -3.7628 -2.9755 -0.0534
v  -3.7690 -2.9767 -0.0522
v  -3.7575 -2.9700 0.0000
v  -3.7637 -2.9714 0.0000
v  -3.9371 -3.1833 -0.2598
v  -3.8743 -3.1833 -0.2598
v  -3.8743 -3.1336 -0.2448
v  -3.9371 -3.1336 -0.2448
v  -3.9371 -3.2350 -0.2650
v  -3.8743 -3.2350 -0.2649
v  -3.9371 -3.2867 -0.2598
v  -3.8743 -3.2867 -0.2598
v  -3.9371 -3.3364 -0.2448
v  -3.8743 -3.3364 -0.2448
v  -3.9371 -3.3822 -0.2203
v  -3.8743 -3.3822 -0.2203
v  -3.9371 -3.4223 -0.1873
v  -3.8743 -3.4223 -0.1873
v  -3.9371 -3.4553 -0.1472
v  -3.8743 -3.4553 -0.1472
v  -3.9371 -3.4798 -0.1014
v  -3.8743 -3.4798 -0.1014
v  -3.9371 -3.4949 -0.0517
v  -3.8743 -3.4948 -0.0517
v  -3.9371 -3.4999 0.0000
v  -3.8743 -3.4999 0.0000
v  -4.0634 -3.1833 -0.2599
v  -4.0000 -3.1833 -0.2599
v  -4.0000 -3.1336 -0.2448
v  -4.0634 -3.1336 -0.2448
v  -4.2607 -3.1336 -0.2448
v  -4.2607 -3.1833 -0.2599
v  -4.0634 -3.2350 -0.2650
v  -4.0000 -3.2350 -0.2649
v  -4.2607 -3.2350 -0.2650
v  -4.0634 -3.2867 -0.2599
v  -4.0000 -3.2867 -0.2599
v  -4.2607 -3.2867 -0.2599
v  -4.0634 -3.3364 -0.2448
v  -4.0000 -3.3364 -0.2448
v  -4.2607 -3.3364 -0.2448
v  -4.0634 -3.3822 -0.2203
v  -4.0000 -3.3822 -0.2203
v  -4.2607 -3.3822 -0.2203
v  -4.0634 -3.4224 -0.1874
v  -4.0000 -3.4223 -0.1873
v  -4.2607 -3.4224 -0.1874
v  -4.0634 -3.4553 -0.1472
v  -4.0000 -3.4553 -0.1472
v  -4.2607 -3.4553 -0.1472
v  -4.0634 -3.4798 -0.1014
v  -4.0000 -3.4798 -0.1014
v  -4.2607 -3.4798 -0.1014
v  -4.0634 -3.4949 -0.0517
v  -4.0000 -3.4949 -0.0517
v  -4.2607 -3.4949 -0.0517
v  -4.0634 -3.5000 0.0000
v  -4.0000 -3.5000 0.0000
v  -4.2607 -3.5000 0.0000
v  -3.8114 -3.1833 -0.2598
v  -3.7414 -3.1833 -0.2598
v  -3.7414 -3.1336 -0.2447
v  -3.8114 -3.1336 -0.2448
v  -3.8114 -3.2350 -0.2649
v  -3.7414 -3.2350 -0.2649
v  -3.8114 -3.2867 -0.2598
v  -3.7414 -3.2867 -0.2598
v  -3.8114 -3.3364 -0.2448
v  -3.7414 -3.3364 -0.2447
v  -3.8114 -3.3822 -0.2203
v  -3.7414 -3.3822 -0.2203
v  -3.8114 -3.4223 -0.1873
v  -3.7414 -3.4223 -0.1873
v  -3.8114 -3.4553 -0.1472
v  -3.7414 -3.4553 -0.1472
v  -3.8114 -3.4798 -0.1014
v  -3.7414 -3.4797 -0.1014
v  -3.8114 -3.4948 -0.0517
v  -3.7414 -3.4948 -0.0517
v  -3.8114 -3.4999 0.0000
v  -3.7414 -3.4999 0.0000
v  -3.9680 -3.1309 -0.2436
v  -4.0320 -3.1309 -0.2436
v  -3.9272 -3.1251 -0.2411
v  -4.0728 -3.1251 -0.2411
v  -4.2432 -2.9757 -0.0545
v  -4.2486 -2.9700 0.0000
v  -4.2607 -2.9700 0.0000
v  -4.2607 -2.9751 -0.0517
v  -3.7514 -2.9701 0.0000
v  -3.7568 -2.9758 -0.0545
v  -3.7414 -2.9752 -0.0517
v  -3.7414 -2.9701 0.0000
v  -4.1500 -3.0698 -0.2078
v  -4.2607 -3.0878 -0.2203
v  -4.1130 -3.1068 -0.2316
v  -4.2279 -2.9918 -0.1050
v  -4.2607 -2.9902 -0.1014
v  -4.2059 -3.0142 -0.1466
v  -4.2607 -3.0147 -0.1472
v  -4.1851 -3.0361 -0.1746
v  -4.2607 -3.0476 -0.1874
v  -3.7414 -3.0878 -0.2203
v  -3.8500 -3.0698 -0.2078
v  -3.8870 -3.1068 -0.2316
v  -3.7414 -2.9903 -0.1014
v  -3.7721 -2.9918 -0.1050
v  -3.7414 -3.0147 -0.1472
v  -3.7941 -3.0142 -0.1466
v  -3.7414 -3.0477 -0.1873
v  -3.8149 -3.0361 -0.1746
v  -3.0777 -3.2859 0.0101
v  -3.0704 -3.3380 0.0205
v  -3.0577 -3.3907 0.0310
v  -3.0394 -3.4433 0.0414
v  -3.0300 -3.4654 0.0458
v  -3.0300 -3.4850 0.0497
v  -3.0330 -3.4918 0.0511
v  -3.0400 -3.4946 0.0516
v  -6.1769 -3.4913 0.0510
v  -6.1699 -3.4946 0.0516
v  -6.1800 -3.4851 0.0497
v  -6.1523 -3.3907 0.0310
v  -6.1396 -3.3380 0.0205
v  -3.0777 -3.2829 0.0198
v  -3.0704 -3.3320 0.0402
v  -3.0577 -3.3817 0.0608
v  -3.0395 -3.4312 0.0813
v  -3.0300 -3.4521 0.0899
v  -3.0300 -3.4705 0.0975
v  -3.0330 -3.4769 0.1002
v  -3.0400 -3.4796 0.1013
v  -6.1769 -3.4763 0.1000
v  -6.1699 -3.4795 0.1013
v  -6.1800 -3.4706 0.0976
v  -6.1523 -3.3817 0.0608
v  -6.1396 -3.3320 0.0402
v  -3.0777 -3.2781 0.0288
v  -3.0704 -3.3223 0.0583
v  -3.0577 -3.3670 0.0882
v  -3.0395 -3.4116 0.1180
v  -3.0300 -3.4304 0.1305
v  -3.0300 -3.4469 0.1416
v  -3.0331 -3.4527 0.1454
v  -3.0401 -3.4550 0.1470
v  -6.1769 -3.4523 0.1452
v  -6.1699 -3.4551 0.1471
v  -6.1800 -3.4470 0.1416
v  -6.1523 -3.3670 0.0882
v  -6.1396 -3.3223 0.0583
v  -3.0777 -3.2717 0.0367
v  -3.0704 -3.3092 0.0742
v  -3.0577 -3.3473 0.1123
v  -3.0395 -3.3852 0.1502
v  -3.0300 -3.4011 0.1661
v  -3.0300 -3.4152 0.1802
v  -3.0332 -3.4200 0.1850
v  -3.0401 -3.4219 0.1869
v  -6.1769 -3.4201 0.1851
v  -6.1700 -3.4224 0.1874
v  -6.1800 -3.4153 0.1803
v  -6.1523 -3.3473 0.1123
v  -6.1396 -3.3092 0.0742
v  -3.0777 -3.2638 0.0431
v  -3.0704 -3.2933 0.0873
v  -3.0577 -3.3232 0.1320
v  -3.0395 -3.3530 0.1766
v  -3.0300 -3.3655 0.1954
v  -3.0301 -3.3766 0.2119
v  -3.0333 -3.3803 0.2175
v  -3.0401 -3.3818 0.2196
v  -6.1769 -3.3805 0.2178
v  -6.1699 -3.3821 0.2201
v  -6.1800 -3.3767 0.2120
v  -6.1523 -3.3232 0.1320
v  -6.1396 -3.2933 0.0873
v  -3.0777 -3.2548 0.0479
v  -3.0704 -3.2752 0.0970
v  -3.0577 -3.2958 0.1467
v  -3.0395 -3.3163 0.1962
v  -3.0300 -3.3249 0.2171
v  -3.0301 -3.3325 0.2355
v  -3.0334 -3.3351 0.2416
v  -3.0402 -3.3361 0.2440
v  -6.1769 -3.3353 0.2421
v  -6.1699 -3.3363 0.2445
v  -6.1800 -3.3326 0.2356
v  -6.1523 -3.2958 0.1467
v  -6.1396 -3.2752 0.0970
v  -3.0777 -3.2451 0.0509
v  -3.0704 -3.2555 0.1030
v  -3.0577 -3.2660 0.1557
v  -3.0394 -3.2764 0.2083
v  -3.0300 -3.2808 0.2304
v  -3.0301 -3.2847 0.2500
v  -3.0333 -3.2860 0.2565
v  -3.0401 -3.2865 0.2591
v  -6.1769 -3.2861 0.2571
v  -6.1700 -3.2867 0.2599
v  -6.1800 -3.2847 0.2501
v  -6.1523 -3.2660 0.1557
v  -6.1396 -3.2555 0.1030
v  -3.0777 -3.2350 0.0518
v  -3.0704 -3.2350 0.1050
v  -3.0577 -3.2350 0.1588
v  -3.0395 -3.2350 0.2124
v  -3.0300 -3.2350 0.2349
v  -3.0300 -3.2350 0.2549
v  -3.0329 -3.2350 0.2620
v  -3.0400 -3.2350 0.2649
v  -6.1769 -3.2350 0.2618
v  -6.1700 -3.2350 0.2650
v  -6.1800 -3.2350 0.2550
v  -6.1523 -3.2350 0.1588
v  -6.1396 -3.2350 0.1050
v  -3.0777 -3.2249 0.0509
v  -3.0704 -3.2145 0.1030
v  -3.0577 -3.2040 0.1557
v  -3.0394 -3.1936 0.2083
v  -3.0300 -3.1892 0.2304
v  -3.0300 -3.1853 0.2500
v  -3.0330 -3.1839 0.2568
v  -3.0400 -3.1834 0.2596
v  -6.1769 -3.1840 0.2565
v  -6.1700 -3.1833 0.2599
v  -6.1800 -3.1853 0.2501
v  -6.1523 -3.2040 0.1557
v  -6.1396 -3.2145 0.1030
v  -3.0777 -3.2152 0.0479
v  -3.0704 -3.1948 0.0970
v  -3.0577 -3.1742 0.1467
v  -3.0395 -3.1537 0.1962
v  -3.0300 -3.1451 0.2171
v  -3.0300 -3.1375 0.2355
v  -3.0330 -3.1348 0.2419
v  -3.0400 -3.1337 0.2446
v  -6.1769 -3.1350 0.2413
v  -6.1699 -3.1337 0.2445
v  -6.1800 -3.1374 0.2355
v  -6.1523 -3.1742 0.1467
v  -6.1396 -3.1948 0.0970
v  -3.0777 -3.2062 0.0431
v  -3.0704 -3.1767 0.0873
v  -3.0577 -3.1468 0.1320
v  -3.0395 -3.1170 0.1766
v  -3.0300 -3.1045 0.1954
v  -3.0300 -3.0934 0.2119
v  -3.0331 -3.0896 0.2177
v  -3.0401 -3.0880 0.2200
v  -6.1769 -3.0898 0.2173
v  -6.1699 -3.0879 0.2201
v  -6.1800 -3.0934 0.2120
v  -6.1523 -3.1468 0.1320
v  -6.1396 -3.1767 0.0873
v  -3.0777 -3.1983 0.0367
v  -3.0704 -3.1608 0.0742
v  -3.0577 -3.1227 0.1123
v  -3.0395 -3.0848 0.1502
v  -3.0300 -3.0689 0.1661
v  -3.0300 -3.0548 0.1802
v  -3.0332 -3.0500 0.1850
v  -3.0401 -3.0481 0.1869
v  -6.1769 -3.0499 0.1851
v  -6.1700 -3.0476 0.1874
v  -6.1800 -3.0547 0.1803
v  -6.1523 -3.1227 0.1123
v  -6.1396 -3.1608 0.0742
v  -3.0777 -3.1919 0.0288
v  -3.0704 -3.1477 0.0583
v  -3.0577 -3.1030 0.0882
v  -3.0395 -3.0584 0.1180
v  -3.0300 -3.0397 0.1305
v  -3.0301 -3.0231 0.1416
v  -3.0333 -3.0175 0.1453
v  -3.0401 -3.0154 0.1468
v  -6.1769 -3.0172 0.1455
v  -6.1699 -3.0149 0.1471
v  -6.1800 -3.0230 0.1417
v  -6.1523 -3.1030 0.0882
v  -6.1396 -3.1477 0.0583
v  -3.0777 -3.1871 0.0198
v  -3.0704 -3.1380 0.0402
v  -3.0577 -3.0883 0.0608
v  -3.0395 -3.0388 0.0813
v  -3.0300 -3.0179 0.0899
v  -3.0301 -2.9995 0.0975
v  -3.0334 -2.9934 0.1001
v  -3.0402 -2.9910 0.1011
v  -6.1769 -2.9929 0.1003
v  -6.1699 -2.9905 0.1013
v  -6.1800 -2.9994 0.0976
v  -6.1523 -3.0883 0.0608
v  -6.1396 -3.1380 0.0402
v  -3.0777 -3.1842 0.0101
v  -3.0704 -3.1320 0.0205
v  -3.0577 -3.0793 0.0310
v  -3.0394 -3.0267 0.0414
v  -3.0300 -3.0046 0.0458
v  -3.0301 -2.9850 0.0497
v  -3.0333 -2.9785 0.0510
v  -3.0401 -2.9759 0.0515
v  -6.1769 -2.9780 0.0511
v  -6.1700 -2.9751 0.0517
v  -6.1800 -2.9849 0.0497
v  -6.1523 -3.0793 0.0310
v  -6.1396 -3.1320 0.0205
v  -5.2154 -3.4949 0.0517
v  -4.9767 -3.4949 0.0517
v  -3.5076 -3.4948 0.0517
v  -3.2738 -3.4948 0.0517
v  -5.2154 -3.4798 0.1014
v  -4.9767 -3.4798 0.1014
v  -3.5076 -3.4797 0.1014
v  -3.2738 -3.4797 0.1014
v  -5.2154 -3.4553 0.1472
v  -4.9767 -3.4553 0.1472
v  -3.5076 -3.4553 0.1472
v  -3.2738 -3.4553 0.1472
v  -5.2154 -3.4224 0.1874
v  -4.9767 -3.4224 0.1874
v  -3.5076 -3.4223 0.1873
v  -3.2738 -3.4223 0.1873
v  -5.2154 -3.3822 0.2203
v  -4.9767 -3.3822 0.2203
v  -3.5076 -3.3822 0.2203
v  -3.2738 -3.3822 0.2203
v  -5.2154 -3.3364 0.2448
v  -4.9767 -3.3364 0.2448
v  -3.5076 -3.3364 0.2447
v  -3.2738 -3.3364 0.2447
v  -5.2154 -3.2867 0.2599
v  -4.9767 -3.2867 0.2599
v  -3.5076 -3.2867 0.2598
v  -3.2738 -3.2867 0.2598
v  -5.2154 -3.2350 0.2650
v  -4.9767 -3.2350 0.2650
v  -3.5076 -3.2350 0.2649
v  -3.2738 -3.2350 0.2649
v  -5.2154 -3.1833 0.2599
v  -4.9767 -3.1833 0.2599
v  -3.5076 -3.1833 0.2598
v  -3.2738 -3.1833 0.2598
v  -5.2154 -3.1336 0.2448
v  -4.9767 -3.1336 0.2448
v  -3.5076 -3.1336 0.2447
v  -3.2738 -3.1336 0.2447
v  -5.2154 -3.0878 0.2203
v  -4.9767 -3.0878 0.2203
v  -3.5076 -3.0878 0.2203
v  -3.2738 -3.0878 0.2203
v  -5.2154 -3.0476 0.1874
v  -4.9767 -3.0476 0.1874
v  -3.5076 -3.0477 0.1873
v  -3.2738 -3.0477 0.1873
v  -5.2154 -3.0147 0.1472
v  -4.9767 -3.0147 0.1472
v  -3.5076 -3.0147 0.1472
v  -3.2738 -3.0147 0.1472
v  -5.2154 -2.9902 0.1014
v  -4.9767 -2.9902 0.1014
v  -3.5076 -2.9903 0.1014
v  -3.2738 -2.9903 0.1014
v  -5.2154 -2.9751 0.0517
v  -4.9767 -2.9751 0.0517
v  -3.5076 -2.9752 0.0517
v  -3.2738 -2.9752 0.0517
v  -4.1902 -3.1833 0.2599
v  -4.1902 -3.1336 0.2448
v  -4.1268 -3.1336 0.2448
v  -4.1268 -3.1833 0.2599
v  -4.1902 -3.2350 0.2650
v  -4.1268 -3.2350 0.2650
v  -4.1902 -3.2867 0.2599
v  -4.1268 -3.2867 0.2599
v  -4.1902 -3.3364 0.2448
v  -4.1268 -3.3364 0.2448
v  -4.1902 -3.3822 0.2203
v  -4.1268 -3.3822 0.2203
v  -4.1902 -3.4224 0.1874
v  -4.1268 -3.4224 0.1874
v  -4.1902 -3.4553 0.1472
v  -4.1268 -3.4553 0.1472
v  -4.1902 -3.4798 0.1014
v  -4.1268 -3.4798 0.1014
v  -4.1902 -3.4949 0.0517
v  -4.1268 -3.4949 0.0517
v  -4.0308 -3.1168 0.2266
v  -4.0000 -3.1174 0.2277
v  -4.0000 -3.1183 0.2329
v  -4.0309 -3.1174 0.2321
v  -4.0667 -3.1128 0.2218
v  -4.0675 -3.1125 0.2279
v  -4.2081 -2.9991 0.0958
v  -4.1882 -3.0186 0.1313
v  -4.1902 -3.0147 0.1355
v  -4.2110 -2.9947 0.0981
v  -4.1331 -3.0714 0.1877
v  -4.0986 -3.1014 0.2096
v  -4.0992 -3.0986 0.2163
v  -4.1343 -3.0674 0.1930
v  -4.0687 -3.1145 0.2336
v  -4.1020 -3.0984 0.2229
v  -4.1667 -3.0392 0.1583
v  -4.1688 -3.0350 0.1629
v  -4.2234 -2.9841 0.0497
v  -4.2265 -2.9797 0.0509
v  -4.2222 -2.9904 0.0485
v  -4.2219 -3.1099 0.0490
v  -4.1886 -3.0248 0.1272
v  -4.2073 -3.0057 0.0934
v  -4.2063 -3.1098 0.0957
v  -4.1863 -3.1100 0.1301
v  -4.1025 -3.1100 0.2031
v  -4.1354 -3.0786 0.1827
v  -4.1364 -3.1105 0.1817
v  -4.1676 -3.0462 0.1538
v  -4.1647 -3.1100 0.1568
v  -4.2032 -3.1200 0.0454
v  -4.1700 -3.1200 0.1191
v  -4.1882 -3.1200 0.0880
v  -4.1231 -3.1200 0.1676
v  -4.0922 -3.1200 0.1859
v  -4.0284 -3.1200 0.2055
v  -4.0603 -3.1200 0.1987
v  -4.1500 -3.1200 0.1436
v  -4.0000 -3.1200 0.2030
v  -4.2192 -3.1165 0.0486
v  -4.2130 -3.1200 0.0475
v  -4.1337 -3.1168 0.1800
v  -4.1623 -3.1168 0.1549
v  -4.1572 -3.1200 0.1505
v  -4.1291 -3.1200 0.1757
v  -4.1838 -3.1167 0.1285
v  -4.1782 -3.1200 0.1249
v  -4.2035 -3.1166 0.0948
v  -4.1973 -3.1200 0.0922
v  -4.1004 -3.1168 0.2005
v  -4.0966 -3.1200 0.1949
v  -4.0298 -3.1200 0.2154
v  -4.0000 -3.1200 0.2174
v  -4.0000 -3.1188 0.2217
v  -4.0307 -3.1185 0.2202
v  -4.0648 -3.1189 0.2121
v  -4.0632 -3.1200 0.2083
v  -4.0661 -3.1164 0.2152
v  -4.0311 -3.1201 0.2371
v  -4.0000 -3.1209 0.2376
v  -4.0000 -3.1259 0.2415
v  -4.0315 -3.1254 0.2413
v  -4.0709 -3.1198 0.2387
v  -4.2154 -2.9918 0.1005
v  -4.1939 -3.0125 0.1397
v  -4.2006 -3.0126 0.1443
v  -4.2222 -2.9909 0.1031
v  -4.1376 -3.0655 0.1986
v  -4.1092 -3.1025 0.2295
v  -4.1453 -3.0667 0.2057
v  -4.1729 -3.0329 0.1676
v  -4.1800 -3.0338 0.1723
v  -4.2310 -2.9767 0.0522
v  -4.2372 -2.9755 0.0534
v  -3.9692 -3.1168 0.2266
v  -3.9691 -3.1174 0.2321
v  -3.9333 -3.1128 0.2218
v  -3.9325 -3.1125 0.2279
v  -3.8118 -3.0186 0.1313
v  -3.7919 -2.9991 0.0958
v  -3.7890 -2.9947 0.0981
v  -3.8098 -3.0147 0.1355
v  -3.9014 -3.1014 0.2096
v  -3.8669 -3.0714 0.1877
v  -3.8657 -3.0674 0.1930
v  -3.9008 -3.0986 0.2163
v  -3.8980 -3.0984 0.2229
v  -3.9313 -3.1145 0.2336
v  -3.8333 -3.0392 0.1583
v  -3.8312 -3.0350 0.1629
v  -3.7766 -2.9841 0.0497
v  -3.7735 -2.9797 0.0509
v  -3.7778 -2.9904 0.0485
v  -3.7781 -3.1099 0.0490
v  -3.8114 -3.0248 0.1272
v  -3.8137 -3.1100 0.1301
v  -3.7937 -3.1098 0.0957
v  -3.7927 -3.0057 0.0934
v  -3.8975 -3.1100 0.2031
v  -3.8636 -3.1105 0.1817
v  -3.8646 -3.0786 0.1827
v  -3.8353 -3.1100 0.1568
v  -3.8324 -3.0462 0.1538
v  -3.7968 -3.1200 0.0454
v  -3.8300 -3.1200 0.1191
v  -3.8118 -3.1200 0.0880
v  -3.8769 -3.1200 0.1676
v  -3.9078 -3.1200 0.1859
v  -3.9716 -3.1200 0.2055
v  -3.9411 -3.1200 0.1940
v  -3.8500 -3.1200 0.1436
v  -3.7808 -3.1165 0.0486
v  -3.7870 -3.1200 0.0475
v  -3.8377 -3.1168 0.1549
v  -3.8663 -3.1168 0.1800
v  -3.8709 -3.1200 0.1757
v  -3.8428 -3.1200 0.1505
v  -3.8162 -3.1167 0.1285
v  -3.8218 -3.1200 0.1249
v  -3.7965 -3.1166 0.0948
v  -3.8027 -3.1200 0.0922
v  -3.8996 -3.1168 0.2005
v  -3.9034 -3.1200 0.1949
v  -3.9702 -3.1200 0.2154
v  -3.9693 -3.1185 0.2202
v  -3.9352 -3.1189 0.2121
v  -3.9368 -3.1200 0.2083
v  -3.9339 -3.1164 0.2152
v  -3.9689 -3.1201 0.2371
v  -3.9685 -3.1254 0.2413
v  -3.9291 -3.1198 0.2387
v  -3.8061 -3.0125 0.1397
v  -3.7846 -2.9918 0.1005
v  -3.7778 -2.9909 0.1031
v  -3.7994 -3.0126 0.1443
v  -3.8624 -3.0655 0.1986
v  -3.8547 -3.0667 0.2057
v  -3.8908 -3.1025 0.2295
v  -3.8271 -3.0329 0.1676
v  -3.8200 -3.0338 0.1723
v  -3.7690 -2.9767 0.0522
v  -3.7628 -2.9755 0.0534
v  -3.9371 -3.1833 0.2598
v  -3.9371 -3.1336 0.2448
v  -3.8743 -3.1336 0.2448
v  -3.8743 -3.1833 0.2598
v  -3.9371 -3.2350 0.2649
v  -3.8743 -3.2350 0.2649
v  -3.9371 -3.2867 0.2598
v  -3.8743 -3.2867 0.2598
v  -3.9371 -3.3364 0.2448
v  -3.8743 -3.3364 0.2448
v  -3.9371 -3.3822 0.2203
v  -3.8743 -3.3822 0.2203
v  -3.9371 -3.4223 0.1873
v  -3.8743 -3.4223 0.1873
v  -3.9371 -3.4553 0.1472
v  -3.8743 -3.4553 0.1472
v  -3.9371 -3.4798 0.1014
v  -3.8743 -3.4798 0.1014
v  -3.9371 -3.4949 0.0517
v  -3.8743 -3.4948 0.0517
v  -4.0634 -3.1833 0.2599
v  -4.0634 -3.1336 0.2448
v  -4.0000 -3.1336 0.2448
v  -4.0000 -3.1833 0.2599
v  -4.2607 -3.1833 0.2599
v  -4.2607 -3.1336 0.2448
v  -4.0634 -3.2350 0.2650
v  -4.0000 -3.2350 0.2649
v  -4.2607 -3.2350 0.2650
v  -4.0634 -3.2867 0.2599
v  -4.0000 -3.2867 0.2599
v  -4.2607 -3.2867 0.2599
v  -4.0634 -3.3364 0.2448
v  -4.0000 -3.3364 0.2448
v  -4.2607 -3.3364 0.2448
v  -4.0634 -3.3822 0.2203
v  -4.0000 -3.3822 0.2203
v  -4.2607 -3.3822 0.2203
v  -4.0634 -3.4224 0.1874
v  -4.0000 -3.4223 0.1873
v  -4.2607 -3.4224 0.1874
v  -4.0634 -3.4553 0.1472
v  -4.0000 -3.4553 0.1472
v  -4.2607 -3.4553 0.1472
v  -4.0634 -3.4798 0.1014
v  -4.0000 -3.4798 0.1014
v  -4.2607 -3.4798 0.1014
v  -4.0634 -3.4949 0.0517
v  -4.0000 -3.4949 0.0517
v  -4.2607 -3.4949 0.0517
v  -3.8114 -3.1833 0.2598
v  -3.8114 -3.1336 0.2448
v  -3.7414 -3.1336 0.2447
v  -3.7414 -3.1833 0.2598
v  -3.8114 -3.2350 0.2649
v  -3.7414 -3.2350 0.2649
v  -3.8114 -3.2867 0.2598
v  -3.7414 -3.2867 0.2598
v  -3.8114 -3.3364 0.2448
v  -3.7414 -3.3364 0.2447
v  -3.8114 -3.3822 0.2203
v  -3.7414 -3.3822 0.2203
v  -3.8114 -3.4223 0.1873
v  -3.7414 -3.4223 0.1873
v  -3.8114 -3.4553 0.1472
v  -3.7414 -3.4553 0.1472
v  -3.8114 -3.4798 0.1014
v  -3.7414 -3.4797 0.1014
v  -3.8114 -3.4948 0.0517
v  -3.7414 -3.4948 0.0517
v  -3.9680 -3.1309 0.2436
v  -4.0320 -3.1309 0.2436
v  -3.9272 -3.1251 0.2411
v  -4.0728 -3.1251 0.2411
v  -4.2432 -2.9757 0.0545
v  -4.2607 -2.9751 0.0517
v  -3.7414 -2.9752 0.0517
v  -3.7568 -2.9758 0.0545
v  -4.2607 -3.0878 0.2203
v  -4.1500 -3.0698 0.2078
v  -4.1130 -3.1068 0.2316
v  -4.2279 -2.9918 0.1050
v  -4.2607 -2.9902 0.1014
v  -4.2059 -3.0142 0.1466
v  -4.2607 -3.0147 0.1472
v  -4.1851 -3.0361 0.1746
v  -4.2607 -3.0476 0.1874
v  -3.7414 -3.0878 0.2203
v  -3.8500 -3.0698 0.2078
v  -3.8870 -3.1068 0.2316
v  -3.7414 -2.9903 0.1014
v  -3.7721 -2.9918 0.1050
v  -3.7414 -3.0147 0.1472
v  -3.7941 -3.0142 0.1466
v  -3.7414 -3.0477 0.1873
v  -3.8149 -3.0361 0.1746
v  -6.1600 -3.4946 -0.0516
v  -6.1600 -3.5000 0.0000
v  -5.9313 -3.5000 0.0000
v  -5.9313 -3.4949 -0.0517
v  -5.6927 -3.4949 -0.0517
v  -5.6927 -3.5000 0.0000
v  -5.4540 -3.4949 -0.0517
v  -5.4540 -3.5000 0.0000
v  -4.4994 -3.5000 0.0000
v  -4.4994 -3.4949 -0.0517
v  -4.7380 -3.5000 0.0000
v  -4.7380 -3.4949 -0.0517
v  -6.1600 -3.4795 -0.1013
v  -5.9313 -3.4798 -0.1014
v  -5.6927 -3.4798 -0.1014
v  -5.4540 -3.4798 -0.1014
v  -4.4994 -3.4798 -0.1014
v  -4.7380 -3.4798 -0.1014
v  -6.1600 -3.4553 -0.1472
v  -5.9313 -3.4553 -0.1472
v  -5.6927 -3.4553 -0.1472
v  -5.4540 -3.4553 -0.1472
v  -4.4994 -3.4553 -0.1472
v  -4.7380 -3.4553 -0.1472
v  -6.1600 -3.4224 -0.1874
v  -5.9313 -3.4224 -0.1874
v  -5.6927 -3.4224 -0.1874
v  -5.4540 -3.4224 -0.1874
v  -4.4994 -3.4224 -0.1874
v  -4.7380 -3.4224 -0.1874
v  -6.1600 -3.3821 -0.2201
v  -5.9313 -3.3822 -0.2203
v  -5.6927 -3.3822 -0.2203
v  -5.4540 -3.3822 -0.2203
v  -4.4994 -3.3822 -0.2203
v  -4.7380 -3.3822 -0.2203
v  -6.1600 -3.3363 -0.2445
v  -5.9313 -3.3364 -0.2448
v  -5.6927 -3.3364 -0.2448
v  -5.4540 -3.3364 -0.2448
v  -4.4994 -3.3364 -0.2448
v  -4.7380 -3.3364 -0.2448
v  -6.1600 -3.2866 -0.2596
v  -5.9313 -3.2867 -0.2599
v  -5.6927 -3.2867 -0.2599
v  -5.4540 -3.2867 -0.2599
v  -4.4994 -3.2867 -0.2599
v  -4.7380 -3.2867 -0.2599
v  -6.1600 -3.2350 -0.2650
v  -5.9313 -3.2350 -0.2650
v  -5.6927 -3.2350 -0.2650
v  -5.4540 -3.2350 -0.2650
v  -4.4994 -3.2350 -0.2650
v  -4.7380 -3.2350 -0.2650
v  -6.1600 -3.1833 -0.2599
v  -5.9313 -3.1833 -0.2599
v  -5.6927 -3.1833 -0.2599
v  -5.4540 -3.1833 -0.2599
v  -4.4994 -3.1833 -0.2599
v  -4.7380 -3.1833 -0.2599
v  -6.1600 -3.1336 -0.2448
v  -5.9313 -3.1336 -0.2448
v  -5.6927 -3.1336 -0.2448
v  -5.4540 -3.1336 -0.2448
v  -4.4994 -3.1336 -0.2448
v  -4.7380 -3.1336 -0.2448
v  -6.1600 -3.0878 -0.2203
v  -5.9313 -3.0878 -0.2203
v  -5.6927 -3.0878 -0.2203
v  -5.4540 -3.0878 -0.2203
v  -4.4994 -3.0878 -0.2203
v  -4.7380 -3.0878 -0.2203
v  -6.1600 -3.0476 -0.1874
v  -5.9313 -3.0476 -0.1874
v  -5.6927 -3.0476 -0.1874
v  -5.4540 -3.0476 -0.1874
v  -4.4994 -3.0476 -0.1874
v  -4.7380 -3.0476 -0.1874
v  -6.1600 -3.0149 -0.1471
v  -5.9313 -3.0147 -0.1472
v  -5.6927 -3.0147 -0.1472
v  -5.4540 -3.0147 -0.1472
v  -4.4994 -3.0147 -0.1472
v  -4.7380 -3.0147 -0.1472
v  -6.1600 -2.9905 -0.1013
v  -5.9313 -2.9902 -0.1014
v  -5.6927 -2.9902 -0.1014
v  -5.4540 -2.9902 -0.1014
v  -4.4994 -2.9902 -0.1014
v  -4.7380 -2.9902 -0.1014
v  -6.1600 -2.9754 -0.0516
v  -5.9313 -2.9751 -0.0517
v  -5.6927 -2.9751 -0.0517
v  -5.4540 -2.9751 -0.0517
v  -4.4994 -2.9751 -0.0517
v  -4.7380 -2.9751 -0.0517
v  -6.1600 -2.9700 0.0000
v  -5.9313 -2.9700 0.0000
v  -5.6927 -2.9700 0.0000
v  -5.4540 -2.9700 0.0000
v  -4.4994 -2.9700 0.0000
v  -4.7380 -2.9700 0.0000
v  -6.1600 -3.4946 0.0516
v  -5.9313 -3.4949 0.0517
v  -5.6927 -3.4949 0.0517
v  -5.4540 -3.4949 0.0517
v  -4.4994 -3.4949 0.0517
v  -4.7380 -3.4949 0.0517
v  -6.1600 -3.4795 0.1013
v  -5.9313 -3.4798 0.1014
v  -5.6927 -3.4798 0.1014
v  -5.4540 -3.4798 0.1014
v  -4.4994 -3.4798 0.1014
v  -4.7380 -3.4798 0.1014
v  -6.1600 -3.4551 0.1471
v  -5.9313 -3.4553 0.1472
v  -5.6927 -3.4553 0.1472
v  -5.4540 -3.4553 0.1472
v  -4.4994 -3.4553 0.1472
v  -4.7380 -3.4553 0.1472
v  -6.1600 -3.4224 0.1874
v  -5.9313 -3.4224 0.1874
v  -5.6927 -3.4224 0.1874
v  -5.4540 -3.4224 0.1874
v  -4.4994 -3.4224 0.1874
v  -4.7380 -3.4224 0.1874
v  -6.1600 -3.3821 0.2201
v  -5.9313 -3.3822 0.2203
v  -5.6927 -3.3822 0.2203
v  -5.4540 -3.3822 0.2203
v  -4.4994 -3.3822 0.2203
v  -4.7380 -3.3822 0.2203
v  -6.1600 -3.3363 0.2445
v  -5.9313 -3.3364 0.2448
v  -5.6927 -3.3364 0.2448
v  -5.4540 -3.3364 0.2448
v  -4.4994 -3.3364 0.2448
v  -4.7380 -3.3364 0.2448
v  -6.1600 -3.2867 0.2599
v  -5.9313 -3.2867 0.2599
v  -5.6927 -3.2867 0.2599
v  -5.4540 -3.2867 0.2599
v  -4.4994 -3.2867 0.2599
v  -4.7380 -3.2867 0.2599
v  -6.1600 -3.2350 0.2650
v  -5.9313 -3.2350 0.2650
v  -5.6927 -3.2350 0.2650
v  -5.4540 -3.2350 0.2650
v  -4.4994 -3.2350 0.2650
v  -4.7380 -3.2350 0.2650
v  -6.1600 -3.1833 0.2599
v  -5.9313 -3.1833 0.2599
v  -5.6927 -3.1833 0.2599
v  -5.4540 -3.1833 0.2599
v  -4.4994 -3.1833 0.2599
v  -4.7380 -3.1833 0.2599
v  -6.1600 -3.1337 0.2445
v  -5.9313 -3.1336 0.2448
v  -5.6927 -3.1336 0.2448
v  -5.4540 -3.1336 0.2448
v  -4.4994 -3.1336 0.2448
v  -4.7380 -3.1336 0.2448
v  -6.1600 -3.0879 0.2201
v  -5.9313 -3.0878 0.2203
v  -5.6927 -3.0878 0.2203
v  -5.4540 -3.0878 0.2203
v  -4.4994 -3.0878 0.2203
v  -4.7380 -3.0878 0.2203
v  -6.1600 -3.0476 0.1874
v  -5.9313 -3.0476 0.1874
v  -5.6927 -3.0476 0.1874
v  -5.4540 -3.0476 0.1874
v  -4.4994 -3.0476 0.1874
v  -4.7380 -3.0476 0.1874
v  -6.1600 -3.0149 0.1471
v  -5.9313 -3.0147 0.1472
v  -5.6927 -3.0147 0.1472
v  -5.4540 -3.0147 0.1472
v  -4.4994 -3.0147 0.1472
v  -4.7380 -3.0147 0.1472
v  -6.1600 -2.9905 0.1013
v  -5.9313 -2.9902 0.1014
v  -5.6927 -2.9902 0.1014
v  -5.4540 -2.9902 0.1014
v  -4.4994 -2.9902 0.1014
v  -4.7380 -2.9902 0.1014
v  -6.1600 -2.9751 0.0517
v  -5.9313 -2.9751 0.0517
v  -5.6927 -2.9751 0.0517
v  -5.4540 -2.9751 0.0517
v  -4.4994 -2.9751 0.0517
v  -4.7380 -2.9751 0.0517
v  -3.0500 -3.4994 0.0000
v  -3.0500 -3.4941 -0.0515
v  -3.0500 -3.4790 -0.1011
v  -3.0500 -3.4546 -0.1468
v  -3.0500 -3.4219 -0.1869
v  -3.0500 -3.3820 -0.2200
v  -3.0500 -3.3364 -0.2447
v  -3.0500 -3.2867 -0.2598
v  -3.0500 -3.2350 -0.2649
v  -3.0500 -3.1833 -0.2598
v  -3.0500 -3.1336 -0.2447
v  -3.0500 -3.0882 -0.2197
v  -3.0500 -3.0481 -0.1869
v  -3.0500 -3.0150 -0.1470
v  -3.0500 -2.9904 -0.1013
v  -3.0500 -2.9754 -0.0516
v  -3.0500 -2.9706 0.0000
v  -3.0500 -3.4946 0.0516
v  -3.0500 -3.4796 0.1013
v  -3.0500 -3.4550 0.1470
v  -3.0500 -3.4219 0.1869
v  -3.0500 -3.3818 0.2196
v  -3.0500 -3.3361 0.2440
v  -3.0500 -3.2865 0.2591
v  -3.0500 -3.2350 0.2649
v  -3.0500 -3.1834 0.2596
v  -3.0500 -3.1337 0.2446
v  -3.0500 -3.0880 0.2200
v  -3.0500 -3.0481 0.1869
v  -3.0500 -3.0154 0.1468
v  -3.0500 -2.9910 0.1011
v  -3.0500 -2.9759 0.0515
v  -3.0777 -3.2867 -0.0051
v  -3.0703 -3.3397 -0.0103
v  -3.0576 -3.3933 -0.0156
v  -3.0393 -3.4467 -0.0208
v  -3.0300 -3.4693 -0.0231
v  -3.0301 -3.4891 -0.0250
v  -3.0333 -3.4959 -0.0257
v  -3.0401 -3.4985 -0.0259
v  -6.1700 -3.4991 -0.0260
v  -6.1769 -3.4962 -0.0257
v  -6.1800 -3.4892 -0.0250
v  -6.1524 -3.3933 -0.0156
v  -6.1397 -3.3397 -0.0103
v  -3.0777 -3.2847 -0.0151
v  -3.0703 -3.3357 -0.0305
v  -3.0576 -3.3872 -0.0462
v  -3.0393 -3.4386 -0.0617
v  -3.0300 -3.4603 -0.0683
v  -3.0301 -3.4794 -0.0741
v  -3.0334 -3.4857 -0.0761
v  -3.0402 -3.4882 -0.0768
v  -6.1699 -3.4887 -0.0769
v  -6.1769 -3.4862 -0.0762
v  -6.1800 -3.4795 -0.0742
v  -6.1524 -3.3872 -0.0462
v  -6.1397 -3.3357 -0.0305
v  -3.0777 -3.2808 -0.0245
v  -3.0703 -3.3278 -0.0496
v  -3.0576 -3.3753 -0.0750
v  -3.0393 -3.4226 -0.1003
v  -3.0300 -3.4426 -0.1110
v  -3.0301 -3.4602 -0.1204
v  -3.0334 -3.4661 -0.1235
v  -3.0402 -3.4684 -0.1247
v  -6.1700 -3.4690 -0.1251
v  -6.1769 -3.4666 -0.1238
v  -6.1800 -3.4603 -0.1204
v  -6.1524 -3.3753 -0.0750
v  -6.1397 -3.3278 -0.0496
v  -3.0777 -3.2752 -0.0330
v  -3.0703 -3.3163 -0.0667
v  -3.0576 -3.3580 -0.1009
v  -3.0393 -3.3994 -0.1350
v  -3.0300 -3.4170 -0.1493
v  -3.0301 -3.4324 -0.1620
v  -3.0333 -3.4376 -0.1663
v  -3.0401 -3.4396 -0.1679
v  -6.1700 -3.4403 -0.1685
v  -6.1769 -3.4379 -0.1665
v  -6.1800 -3.4325 -0.1621
v  -6.1524 -3.3579 -0.1009
v  -6.1397 -3.3163 -0.0667
v  -3.0777 -3.2680 -0.0402
v  -3.0703 -3.3017 -0.0813
v  -3.0576 -3.3359 -0.1229
v  -3.0393 -3.3700 -0.1644
v  -3.0300 -3.3843 -0.1820
v  -3.0300 -3.3970 -0.1974
v  -3.0332 -3.4014 -0.2027
v  -3.0401 -3.4031 -0.2048
v  -6.1700 -3.4034 -0.2051
v  -6.1769 -3.4013 -0.2026
v  -6.1800 -3.3971 -0.1975
v  -6.1524 -3.3359 -0.1229
v  -6.1397 -3.3017 -0.0813
v  -3.0777 -3.2595 -0.0458
v  -3.0703 -3.2846 -0.0928
v  -3.0576 -3.3100 -0.1403
v  -3.0393 -3.3353 -0.1876
v  -3.0300 -3.3460 -0.2076
v  -3.0300 -3.3554 -0.2252
v  -3.0330 -3.3587 -0.2314
v  -3.0400 -3.3600 -0.2339
v  -6.1699 -3.3600 -0.2338
v  -6.1769 -3.3584 -0.2308
v  -6.1800 -3.3554 -0.2253
v  -6.1524 -3.3100 -0.1402
v  -6.1397 -3.2846 -0.0928
v  -3.0777 -3.2501 -0.0497
v  -3.0703 -3.2655 -0.1006
v  -3.0576 -3.2812 -0.1522
v  -3.0393 -3.2968 -0.2036
v  -3.0300 -3.3033 -0.2253
v  -3.0300 -3.3091 -0.2444
v  -3.0329 -3.3112 -0.2512
v  -3.0400 -3.3121 -0.2540
v  -6.1699 -3.3120 -0.2537
v  -6.1769 -3.3110 -0.2505
v  -6.1800 -3.3092 -0.2444
v  -6.1524 -3.2812 -0.1522
v  -6.1397 -3.2655 -0.1007
v  -3.0777 -3.2401 -0.0517
v  -3.0703 -3.2453 -0.1047
v  -3.0576 -3.2506 -0.1583
v  -3.0393 -3.2559 -0.2117
v  -3.0300 -3.2581 -0.2343
v  -3.0300 -3.2600 -0.2542
v  -3.0329 -3.2607 -0.2612
v  -3.0400 -3.2610 -0.2641
v  -6.1700 -3.2610 -0.2641
v  -6.1769 -3.2607 -0.2608
v  -6.1800 -3.2600 -0.2542
v  -6.1524 -3.2506 -0.1583
v  -6.1397 -3.2453 -0.1047
v  -3.0777 -3.2299 -0.0517
v  -3.0703 -3.2247 -0.1047
v  -3.0576 -3.2194 -0.1583
v  -3.0393 -3.2142 -0.2117
v  -3.0300 -3.2119 -0.2343
v  -3.0300 -3.2100 -0.2541
v  -3.0329 -3.2093 -0.2612
v  -3.0400 -3.2090 -0.2641
v  -6.1700 -3.2090 -0.2642
v  -6.1769 -3.2093 -0.2612
v  -6.1800 -3.2100 -0.2542
v  -6.1524 -3.2194 -0.1583
v  -6.1397 -3.2247 -0.1047
v  -3.0777 -3.2199 -0.0497
v  -3.0703 -3.2045 -0.1007
v  -3.0576 -3.1888 -0.1522
v  -3.0393 -3.1733 -0.2036
v  -3.0300 -3.1667 -0.2253
v  -3.0301 -3.1609 -0.2444
v  -3.0332 -3.1589 -0.2510
v  -3.0400 -3.1579 -0.2540
v  -6.1700 -3.1579 -0.2541
v  -6.1769 -3.1588 -0.2513
v  -6.1800 -3.1608 -0.2444
v  -6.1524 -3.1888 -0.1522
v  -6.1397 -3.2045 -0.1007
v  -3.0777 -3.2105 -0.0458
v  -3.0703 -3.1854 -0.0928
v  -3.0576 -3.1600 -0.1403
v  -3.0393 -3.1347 -0.1876
v  -3.0300 -3.1240 -0.2076
v  -3.0301 -3.1146 -0.2252
v  -3.0334 -3.1115 -0.2311
v  -3.0401 -3.1101 -0.2337
v  -6.1700 -3.1098 -0.2341
v  -6.1769 -3.1112 -0.2316
v  -6.1800 -3.1146 -0.2253
v  -6.1524 -3.1600 -0.1403
v  -6.1397 -3.1854 -0.0928
v  -3.0777 -3.2021 -0.0402
v  -3.0703 -3.1683 -0.0813
v  -3.0576 -3.1341 -0.1229
v  -3.0393 -3.1000 -0.1644
v  -3.0300 -3.0857 -0.1820
v  -3.0301 -3.0730 -0.1974
v  -3.0333 -3.0687 -0.2026
v  -3.0401 -3.0671 -0.2046
v  -6.1700 -3.0666 -0.2052
v  -6.1769 -3.0685 -0.2029
v  -6.1800 -3.0729 -0.1975
v  -6.1524 -3.1341 -0.1229
v  -6.1397 -3.1683 -0.0813
v  -3.0777 -3.1948 -0.0330
v  -3.0703 -3.1537 -0.0667
v  -3.0576 -3.1121 -0.1009
v  -3.0393 -3.0706 -0.1350
v  -3.0300 -3.0530 -0.1493
v  -3.0300 -3.0376 -0.1620
v  -3.0332 -3.0323 -0.1664
v  -3.0401 -3.0302 -0.1681
v  -6.1700 -3.0299 -0.1684
v  -6.1769 -3.0324 -0.1663
v  -6.1800 -3.0375 -0.1620
v  -6.1524 -3.1121 -0.1009
v  -6.1397 -3.1537 -0.0667
v  -3.0777 -3.1892 -0.0245
v  -3.0703 -3.1422 -0.0496
v  -3.0576 -3.0947 -0.0750
v  -3.0393 -3.0474 -0.1003
v  -3.0300 -3.0274 -0.1110
v  -3.0300 -3.0098 -0.1204
v  -3.0331 -3.0036 -0.1237
v  -3.0400 -3.0012 -0.1250
v  -6.1699 -3.0012 -0.1250
v  -6.1769 -3.0042 -0.1234
v  -6.1800 -3.0097 -0.1204
v  -6.1524 -3.0948 -0.0750
v  -6.1397 -3.1422 -0.0496
v  -3.0777 -3.1853 -0.0151
v  -3.0703 -3.1344 -0.0305
v  -3.0576 -3.0828 -0.0462
v  -3.0394 -3.0314 -0.0618
v  -3.0300 -3.0098 -0.0683
v  -3.0300 -2.9906 -0.0741
v  -3.0330 -2.9839 -0.0762
v  -3.0400 -2.9812 -0.0770
v  -6.1699 -2.9813 -0.0770
v  -6.1769 -2.9846 -0.0760
v  -6.1800 -2.9906 -0.0741
v  -6.1524 -3.0828 -0.0462
v  -6.1397 -3.1343 -0.0305
v  -3.0777 -3.1833 -0.0051
v  -3.0703 -3.1303 -0.0103
v  -3.0576 -3.0767 -0.0156
v  -3.0393 -3.0233 -0.0208
v  -3.0300 -3.0007 -0.0231
v  -3.0300 -2.9809 -0.0250
v  -3.0331 -2.9740 -0.0257
v  -3.0401 -2.9712 -0.0260
v  -6.1700 -2.9709 -0.0260
v  -6.1769 -2.9740 -0.0257
v  -6.1800 -2.9808 -0.0250
v  -6.1524 -3.0767 -0.0156
v  -6.1397 -3.1304 -0.0103
v  -5.2154 -3.4992 -0.0260
v  -4.9767 -3.4992 -0.0260
v  -3.2738 -3.4991 -0.0260
v  -3.5076 -3.4991 -0.0260
v  -5.2154 -3.4891 -0.0771
v  -4.9767 -3.4891 -0.0771
v  -3.2738 -3.4890 -0.0770
v  -3.5076 -3.4890 -0.0770
v  -5.2154 -3.4691 -0.1252
v  -4.9767 -3.4691 -0.1252
v  -3.2738 -3.4691 -0.1251
v  -3.5076 -3.4691 -0.1251
v  -5.2154 -3.4402 -0.1684
v  -4.9767 -3.4402 -0.1684
v  -3.2738 -3.4402 -0.1684
v  -3.5076 -3.4396 -0.1679
v  -5.2154 -3.4034 -0.2052
v  -4.9767 -3.4034 -0.2052
v  -3.2738 -3.4034 -0.2052
v  -3.5076 -3.4030 -0.2047
v  -5.2154 -3.3602 -0.2341
v  -4.9767 -3.3602 -0.2341
v  -3.2738 -3.3601 -0.2341
v  -3.5076 -3.3601 -0.2341
v  -5.2154 -3.3121 -0.2541
v  -4.9767 -3.3121 -0.2541
v  -3.2738 -3.3120 -0.2540
v  -3.5076 -3.3120 -0.2540
v  -5.2154 -3.2610 -0.2642
v  -4.9767 -3.2610 -0.2642
v  -3.2738 -3.2610 -0.2641
v  -3.5076 -3.2610 -0.2641
v  -5.2154 -3.2090 -0.2642
v  -4.9767 -3.2090 -0.2642
v  -3.2738 -3.2090 -0.2641
v  -3.5076 -3.2090 -0.2641
v  -5.2154 -3.1579 -0.2541
v  -4.9767 -3.1579 -0.2541
v  -3.2738 -3.1580 -0.2540
v  -3.5076 -3.1580 -0.2540
v  -5.2154 -3.1098 -0.2341
v  -4.9767 -3.1098 -0.2341
v  -3.2738 -3.1099 -0.2341
v  -3.5076 -3.1099 -0.2341
v  -5.2154 -3.0666 -0.2052
v  -4.9767 -3.0666 -0.2052
v  -3.2738 -3.0666 -0.2052
v  -3.5076 -3.0666 -0.2052
v  -5.2154 -3.0298 -0.1684
v  -4.9767 -3.0298 -0.1684
v  -3.2738 -3.0298 -0.1684
v  -3.5076 -3.0298 -0.1684
v  -5.2154 -3.0009 -0.1252
v  -4.9767 -3.0009 -0.1252
v  -3.2738 -3.0009 -0.1251
v  -3.5076 -3.0009 -0.1251
v  -5.2154 -2.9809 -0.0771
v  -4.9767 -2.9809 -0.0771
v  -3.2738 -2.9810 -0.0770
v  -3.5076 -2.9810 -0.0770
v  -5.2154 -2.9708 -0.0260
v  -4.9767 -2.9708 -0.0260
v  -3.2738 -2.9709 -0.0260
v  -3.5076 -2.9709 -0.0260
v  -4.1287 -3.1576 -0.2537
v  -4.1924 -3.1574 -0.2539
v  -4.1268 -3.2090 -0.2642
v  -4.1902 -3.2090 -0.2642
v  -4.1268 -3.2610 -0.2642
v  -4.1902 -3.2610 -0.2642
v  -4.1268 -3.3121 -0.2540
v  -4.1902 -3.3121 -0.2540
v  -4.1268 -3.3601 -0.2341
v  -4.1902 -3.3601 -0.2341
v  -4.1268 -3.4034 -0.2052
v  -4.1902 -3.4034 -0.2052
v  -4.1268 -3.4402 -0.1684
v  -4.1902 -3.4402 -0.1684
v  -4.1268 -3.4691 -0.1251
v  -4.1902 -3.4691 -0.1251
v  -4.1268 -3.4890 -0.0771
v  -4.1902 -3.4890 -0.0771
v  -4.1268 -3.4992 -0.0260
v  -4.1902 -3.4992 -0.0260
v  -4.2015 -3.0038 -0.1178
v  -4.1991 -3.0080 -0.1145
v  -4.1522 -3.0508 -0.1792
v  -4.1506 -3.0549 -0.1742
v  -4.1801 -3.0243 -0.1501
v  -4.1780 -3.0283 -0.1457
v  -4.2202 -2.9857 -0.0754
v  -4.2172 -2.9902 -0.0736
v  -4.2265 -3.1098 -0.0247
v  -4.2266 -2.9859 -0.0246
v  -4.1974 -3.1099 -0.1135
v  -4.1988 -3.0144 -0.1112
v  -4.1513 -3.1103 -0.1701
v  -4.1521 -3.0619 -0.1694
v  -4.1762 -3.1100 -0.1441
v  -4.1787 -3.0350 -0.1413
v  -4.2158 -3.1098 -0.0729
v  -4.2162 -2.9966 -0.0718
v  -4.2028 -3.1200 -0.0202
v  -4.1800 -3.1200 -0.1041
v  -4.1373 -3.1200 -0.1564
v  -4.1575 -3.1200 -0.1293
v  -4.1974 -3.1200 -0.0672
v  -4.2310 -2.9753 -0.0258
v  -4.2279 -2.9797 -0.0252
v  -4.2170 -3.1200 -0.0240
v  -4.2236 -3.1166 -0.0245
v  -4.1439 -3.1200 -0.1640
v  -4.1487 -3.1168 -0.1683
v  -4.1684 -3.1200 -0.1382
v  -4.1738 -3.1168 -0.1423
v  -4.1887 -3.1200 -0.1091
v  -4.1947 -3.1167 -0.1122
v  -4.2069 -3.1200 -0.0704
v  -4.2131 -3.1165 -0.0723
v  -4.2124 -3.0007 -0.1247
v  -4.2056 -3.0012 -0.1211
v  -4.1634 -3.0497 -0.1904
v  -4.1559 -3.0487 -0.1843
v  -4.1909 -3.0227 -0.1591
v  -4.1840 -3.0221 -0.1545
v  -4.2313 -2.9817 -0.0791
v  -4.2247 -2.9828 -0.0772
v  -4.2417 -2.9709 -0.0270
v  -4.2354 -2.9722 -0.0264
v  -3.7985 -3.0038 -0.1178
v  -3.8009 -3.0080 -0.1145
v  -3.8478 -3.0508 -0.1792
v  -3.8494 -3.0549 -0.1742
v  -3.8199 -3.0243 -0.1501
v  -3.8220 -3.0283 -0.1457
v  -3.7798 -2.9857 -0.0754
v  -3.7828 -2.9902 -0.0736
v  -3.7734 -2.9859 -0.0246
v  -3.7735 -3.1098 -0.0247
v  -3.8012 -3.0144 -0.1112
v  -3.8026 -3.1099 -0.1135
v  -3.8479 -3.0619 -0.1694
v  -3.8487 -3.1103 -0.1701
v  -3.8213 -3.0350 -0.1413
v  -3.8238 -3.1100 -0.1441
v  -3.7838 -2.9966 -0.0718
v  -3.7842 -3.1098 -0.0729
v  -3.7945 -3.1200 -0.0229
v  -3.8200 -3.1200 -0.1041
v  -3.8627 -3.1200 -0.1564
v  -3.8419 -3.1200 -0.1298
v  -3.8025 -3.1200 -0.0672
v  -3.7690 -2.9753 -0.0258
v  -3.7721 -2.9797 -0.0252
v  -3.7830 -3.1200 -0.0240
v  -3.7764 -3.1166 -0.0245
v  -3.8561 -3.1200 -0.1640
v  -3.8513 -3.1168 -0.1683
v  -3.8316 -3.1200 -0.1382
v  -3.8262 -3.1168 -0.1423
v  -3.8113 -3.1200 -0.1091
v  -3.8053 -3.1167 -0.1122
v  -3.7931 -3.1200 -0.0704
v  -3.7869 -3.1165 -0.0723
v  -3.7876 -3.0007 -0.1247
v  -3.7944 -3.0012 -0.1211
v  -3.8366 -3.0497 -0.1904
v  -3.8441 -3.0487 -0.1843
v  -3.8091 -3.0227 -0.1591
v  -3.8160 -3.0221 -0.1545
v  -3.7687 -2.9817 -0.0791
v  -3.7753 -2.9828 -0.0772
v  -3.7583 -2.9709 -0.0270
v  -3.7646 -2.9722 -0.0264
v  -3.8725 -3.1577 -0.2537
v  -3.9371 -3.1587 -0.2540
v  -3.8743 -3.2090 -0.2641
v  -3.9371 -3.2090 -0.2635
v  -3.8743 -3.2610 -0.2641
v  -3.9371 -3.2610 -0.2636
v  -3.8743 -3.3121 -0.2540
v  -3.9371 -3.3121 -0.2540
v  -3.8743 -3.3601 -0.2341
v  -3.9371 -3.3601 -0.2341
v  -3.8743 -3.4034 -0.2052
v  -3.9371 -3.4034 -0.2052
v  -3.8743 -3.4402 -0.1684
v  -3.9371 -3.4402 -0.1684
v  -3.8743 -3.4691 -0.1251
v  -3.9371 -3.4691 -0.1251
v  -3.8743 -3.4890 -0.0770
v  -3.9371 -3.4890 -0.0771
v  -3.8743 -3.4992 -0.0260
v  -3.9371 -3.4992 -0.0260
v  -4.0000 -3.1588 -0.2539
v  -4.0634 -3.1587 -0.2540
v  -4.2607 -3.1585 -0.2544
v  -4.0000 -3.2090 -0.2642
v  -4.0634 -3.2090 -0.2642
v  -4.2607 -3.2090 -0.2642
v  -4.0000 -3.2610 -0.2642
v  -4.0634 -3.2610 -0.2642
v  -4.2607 -3.2610 -0.2642
v  -4.0000 -3.3121 -0.2540
v  -4.0634 -3.3121 -0.2540
v  -4.2607 -3.3121 -0.2541
v  -4.0000 -3.3601 -0.2341
v  -4.0634 -3.3601 -0.2341
v  -4.2607 -3.3602 -0.2341
v  -4.0000 -3.4034 -0.2052
v  -4.0634 -3.4034 -0.2052
v  -4.2607 -3.4034 -0.2052
v  -4.0000 -3.4402 -0.1684
v  -4.0634 -3.4402 -0.1684
v  -4.2607 -3.4402 -0.1684
v  -4.0000 -3.4691 -0.1251
v  -4.0634 -3.4691 -0.1251
v  -4.2607 -3.4691 -0.1251
v  -4.0000 -3.4890 -0.0771
v  -4.0634 -3.4890 -0.0771
v  -4.2607 -3.4891 -0.0771
v  -4.0000 -3.4992 -0.0260
v  -4.0634 -3.4992 -0.0260
v  -4.2607 -3.4992 -0.0260
v  -3.7415 -3.1585 -0.2543
v  -3.8093 -3.1574 -0.2539
v  -3.7414 -3.2090 -0.2641
v  -3.8114 -3.2090 -0.2641
v  -3.7414 -3.2610 -0.2641
v  -3.8114 -3.2610 -0.2641
v  -3.7414 -3.3120 -0.2540
v  -3.8114 -3.3120 -0.2540
v  -3.7414 -3.3601 -0.2341
v  -3.8114 -3.3601 -0.2341
v  -3.7414 -3.4034 -0.2052
v  -3.8114 -3.4034 -0.2052
v  -3.7414 -3.4402 -0.1684
v  -3.8114 -3.4402 -0.1684
v  -3.7414 -3.4691 -0.1251
v  -3.8114 -3.4691 -0.1251
v  -3.7414 -3.4890 -0.0770
v  -3.8114 -3.4890 -0.0770
v  -3.7414 -3.4991 -0.0260
v  -3.8114 -3.4991 -0.0260
v  -4.2477 -2.9710 -0.0276
v  -4.2607 -2.9708 -0.0260
v  -3.7523 -2.9710 -0.0276
v  -3.7414 -2.9709 -0.0260
v  -4.2607 -3.1093 -0.2336
v  -4.2371 -2.9822 -0.0807
v  -4.2607 -2.9809 -0.0771
v  -4.2179 -3.0019 -0.1269
v  -4.2607 -3.0009 -0.1251
v  -4.1961 -3.0246 -0.1615
v  -4.2607 -3.0298 -0.1684
v  -4.1686 -3.0516 -0.1924
v  -4.2607 -3.0666 -0.2052
v  -3.7414 -3.1094 -0.2335
v  -3.7414 -2.9810 -0.0770
v  -3.7629 -2.9822 -0.0807
v  -3.7414 -3.0009 -0.1251
v  -3.7821 -3.0019 -0.1269
v  -3.7414 -3.0298 -0.1684
v  -3.8039 -3.0246 -0.1614
v  -3.7414 -3.0666 -0.2052
v  -3.8314 -3.0516 -0.1924
v  -3.0777 -3.2867 0.0051
v  -3.0703 -3.3397 0.0103
v  -3.0576 -3.3933 0.0156
v  -3.0393 -3.4467 0.0208
v  -3.0300 -3.4693 0.0231
v  -3.0300 -3.4891 0.0250
v  -3.0331 -3.4960 0.0257
v  -3.0401 -3.4988 0.0260
v  -6.1769 -3.4958 0.0257
v  -6.1700 -3.4991 0.0260
v  -6.1800 -3.4892 0.0250
v  -6.1524 -3.3933 0.0156
v  -6.1397 -3.3397 0.0103
v  -3.0777 -3.2847 0.0151
v  -3.0703 -3.3357 0.0305
v  -3.0576 -3.3872 0.0462
v  -3.0393 -3.4386 0.0617
v  -3.0300 -3.4603 0.0683
v  -3.0300 -3.4794 0.0741
v  -3.0330 -3.4861 0.0762
v  -3.0400 -3.4888 0.0770
v  -6.1769 -3.4855 0.0760
v  -6.1699 -3.4887 0.0770
v  -6.1800 -3.4794 0.0741
v  -6.1524 -3.3872 0.0462
v  -6.1397 -3.3357 0.0305
v  -3.0777 -3.2808 0.0245
v  -3.0703 -3.3278 0.0496
v  -3.0576 -3.3753 0.0750
v  -3.0393 -3.4226 0.1003
v  -3.0300 -3.4426 0.1110
v  -3.0300 -3.4602 0.1204
v  -3.0331 -3.4664 0.1237
v  -3.0400 -3.4689 0.1250
v  -6.1769 -3.4658 0.1234
v  -6.1699 -3.4688 0.1250
v  -6.1800 -3.4603 0.1204
v  -6.1524 -3.3753 0.0750
v  -6.1397 -3.3278 0.0496
v  -3.0777 -3.2752 0.0330
v  -3.0703 -3.3163 0.0667
v  -3.0576 -3.3579 0.1009
v  -3.0393 -3.3994 0.1350
v  -3.0300 -3.4170 0.1493
v  -3.0300 -3.4324 0.1620
v  -3.0332 -3.4377 0.1664
v  -3.0401 -3.4398 0.1681
v  -6.1769 -3.4376 0.1663
v  -6.1700 -3.4402 0.1684
v  -6.1800 -3.4325 0.1620
v  -6.1524 -3.3579 0.1009
v  -6.1397 -3.3163 0.0667
v  -3.0777 -3.2680 0.0402
v  -3.0703 -3.3017 0.0813
v  -3.0576 -3.3359 0.1229
v  -3.0393 -3.3700 0.1644
v  -3.0300 -3.3843 0.1820
v  -3.0301 -3.3970 0.1974
v  -3.0333 -3.4013 0.2026
v  -3.0401 -3.4030 0.2046
v  -6.1769 -3.4014 0.2028
v  -6.1700 -3.4034 0.2051
v  -6.1800 -3.3971 0.1975
v  -6.1524 -3.3359 0.1230
v  -6.1397 -3.3017 0.0813
v  -3.0777 -3.2595 0.0458
v  -3.0703 -3.2846 0.0928
v  -3.0576 -3.3100 0.1403
v  -3.0393 -3.3353 0.1876
v  -3.0300 -3.3460 0.2076
v  -3.0301 -3.3554 0.2252
v  -3.0334 -3.3585 0.2311
v  -3.0402 -3.3597 0.2334
v  -6.1769 -3.3587 0.2315
v  -6.1699 -3.3600 0.2338
v  -6.1800 -3.3554 0.2253
v  -6.1524 -3.3100 0.1402
v  -6.1397 -3.2846 0.0928
v  -3.0777 -3.2501 0.0497
v  -3.0703 -3.2655 0.1006
v  -3.0576 -3.2812 0.1522
v  -3.0393 -3.2968 0.2036
v  -3.0300 -3.3033 0.2253
v  -3.0301 -3.3091 0.2444
v  -3.0334 -3.3111 0.2507
v  -3.0402 -3.3118 0.2532
v  -6.1769 -3.3112 0.2513
v  -6.1700 -3.3120 0.2539
v  -6.1800 -3.3092 0.2444
v  -6.1524 -3.2812 0.1522
v  -6.1397 -3.2655 0.1007
v  -3.0777 -3.2401 0.0517
v  -3.0703 -3.2453 0.1047
v  -3.0576 -3.2506 0.1583
v  -3.0393 -3.2559 0.2117
v  -3.0300 -3.2581 0.2343
v  -3.0301 -3.2600 0.2541
v  -3.0331 -3.2607 0.2610
v  -3.0401 -3.2609 0.2638
v  -6.1769 -3.2607 0.2612
v  -6.1700 -3.2610 0.2643
v  -6.1800 -3.2600 0.2542
v  -6.1524 -3.2506 0.1583
v  -6.1397 -3.2453 0.1047
v  -3.0777 -3.2299 0.0517
v  -3.0703 -3.2247 0.1047
v  -3.0576 -3.2194 0.1583
v  -3.0393 -3.2142 0.2117
v  -3.0300 -3.2119 0.2343
v  -3.0300 -3.2100 0.2541
v  -3.0330 -3.2093 0.2612
v  -3.0400 -3.2090 0.2641
v  -6.1769 -3.2093 0.2609
v  -6.1700 -3.2090 0.2643
v  -6.1800 -3.2100 0.2542
v  -6.1524 -3.2194 0.1583
v  -6.1397 -3.2247 0.1047
v  -3.0777 -3.2199 0.0497
v  -3.0703 -3.2045 0.1006
v  -3.0576 -3.1888 0.1522
v  -3.0393 -3.1733 0.2036
v  -3.0300 -3.1667 0.2253
v  -3.0300 -3.1609 0.2444
v  -3.0330 -3.1588 0.2511
v  -3.0400 -3.1580 0.2538
v  -6.1769 -3.1590 0.2505
v  -6.1700 -3.1580 0.2539
v  -6.1800 -3.1609 0.2444
v  -6.1524 -3.1888 0.1522
v  -6.1397 -3.2045 0.1007
v  -3.0777 -3.2105 0.0458
v  -3.0703 -3.1854 0.0928
v  -3.0576 -3.1600 0.1403
v  -3.0394 -3.1347 0.1876
v  -3.0300 -3.1240 0.2076
v  -3.0300 -3.1146 0.2252
v  -3.0331 -3.1113 0.2314
v  -3.0400 -3.1100 0.2339
v  -6.1769 -3.1116 0.2308
v  -6.1699 -3.1100 0.2338
v  -6.1800 -3.1146 0.2253
v  -6.1524 -3.1600 0.1403
v  -6.1397 -3.1854 0.0928
v  -3.0777 -3.2021 0.0402
v  -3.0703 -3.1683 0.0813
v  -3.0576 -3.1341 0.1229
v  -3.0393 -3.1000 0.1644
v  -3.0300 -3.0857 0.1820
v  -3.0300 -3.0730 0.1974
v  -3.0332 -3.0687 0.2027
v  -3.0401 -3.0669 0.2048
v  -6.1769 -3.0687 0.2026
v  -6.1700 -3.0666 0.2051
v  -6.1800 -3.0730 0.1975
v  -6.1524 -3.1341 0.1229
v  -6.1397 -3.1683 0.0813
v  -3.0777 -3.1948 0.0330
v  -3.0703 -3.1537 0.0667
v  -3.0576 -3.1121 0.1009
v  -3.0393 -3.0706 0.1350
v  -3.0300 -3.0530 0.1493
v  -3.0301 -3.0376 0.1620
v  -3.0333 -3.0324 0.1663
v  -3.0401 -3.0304 0.1679
v  -6.1769 -3.0322 0.1664
v  -6.1700 -3.0299 0.1684
v  -6.1800 -3.0375 0.1621
v  -6.1524 -3.1121 0.1009
v  -6.1397 -3.1537 0.0667
v  -3.0777 -3.1892 0.0245
v  -3.0703 -3.1422 0.0496
v  -3.0576 -3.0947 0.0750
v  -3.0393 -3.0474 0.1003
v  -3.0300 -3.0274 0.1110
v  -3.0301 -3.0098 0.1204
v  -3.0334 -3.0039 0.1235
v  -3.0402 -3.0017 0.1247
v  -6.1769 -3.0035 0.1237
v  -6.1699 -3.0012 0.1250
v  -6.1800 -3.0097 0.1204
v  -6.1524 -3.0948 0.0750
v  -6.1397 -3.1422 0.0496
v  -3.0777 -3.1853 0.0151
v  -3.0703 -3.1344 0.0305
v  -3.0576 -3.0828 0.0462
v  -3.0393 -3.0314 0.0618
v  -3.0300 -3.0098 0.0683
v  -3.0301 -2.9906 0.0741
v  -3.0334 -2.9843 0.0761
v  -3.0402 -2.9818 0.0768
v  -6.1769 -2.9838 0.0762
v  -6.1700 -2.9812 0.0770
v  -6.1800 -2.9906 0.0742
v  -6.1524 -3.0828 0.0462
v  -6.1397 -3.1343 0.0305
v  -3.0777 -3.1833 0.0051
v  -3.0703 -3.1303 0.0103
v  -3.0576 -3.0767 0.0156
v  -3.0393 -3.0233 0.0208
v  -3.0300 -3.0007 0.0231
v  -3.0301 -2.9809 0.0250
v  -3.0333 -2.9741 0.0257
v  -3.0401 -2.9715 0.0259
v  -6.1769 -2.9736 0.0257
v  -6.1700 -2.9707 0.0260
v  -6.1800 -2.9808 0.0250
v  -6.1524 -3.0767 0.0156
v  -6.1397 -3.1304 0.0103
v  -5.2154 -3.4992 0.0260
v  -4.9767 -3.4992 0.0260
v  -3.2738 -3.4991 0.0260
v  -3.5076 -3.4991 0.0260
v  -5.2154 -3.4891 0.0771
v  -4.9767 -3.4891 0.0771
v  -3.2738 -3.4890 0.0770
v  -3.5076 -3.4890 0.0770
v  -5.2154 -3.4691 0.1252
v  -4.9767 -3.4691 0.1252
v  -3.2738 -3.4691 0.1251
v  -3.5076 -3.4691 0.1251
v  -5.2154 -3.4402 0.1684
v  -4.9767 -3.4402 0.1684
v  -3.2738 -3.4402 0.1684
v  -3.5076 -3.4402 0.1684
v  -5.2154 -3.4034 0.2052
v  -4.9767 -3.4034 0.2052
v  -3.2738 -3.4034 0.2052
v  -3.5076 -3.4034 0.2052
v  -5.2154 -3.3602 0.2341
v  -4.9767 -3.3602 0.2341
v  -3.2738 -3.3601 0.2341
v  -3.5076 -3.3601 0.2341
v  -5.2154 -3.3121 0.2541
v  -4.9767 -3.3121 0.2541
v  -3.2738 -3.3120 0.2540
v  -3.5076 -3.3120 0.2540
v  -5.2154 -3.2610 0.2642
v  -4.9767 -3.2610 0.2642
v  -3.2738 -3.2610 0.2641
v  -3.5076 -3.2610 0.2641
v  -5.2154 -3.2090 0.2642
v  -4.9767 -3.2090 0.2642
v  -3.2738 -3.2090 0.2641
v  -3.5076 -3.2090 0.2641
v  -5.2154 -3.1579 0.2541
v  -4.9767 -3.1579 0.2541
v  -3.2738 -3.1580 0.2540
v  -3.5076 -3.1580 0.2540
v  -5.2154 -3.1098 0.2341
v  -4.9767 -3.1098 0.2341
v  -3.2738 -3.1099 0.2341
v  -3.5076 -3.1099 0.2341
v  -5.2154 -3.0666 0.2052
v  -4.9767 -3.0666 0.2052
v  -3.2738 -3.0666 0.2052
v  -3.5076 -3.0666 0.2052
v  -5.2154 -3.0298 0.1684
v  -4.9767 -3.0298 0.1684
v  -3.2738 -3.0298 0.1684
v  -3.5076 -3.0298 0.1684
v  -5.2154 -3.0009 0.1252
v  -4.9767 -3.0009 0.1252
v  -3.2738 -3.0009 0.1251
v  -3.5076 -3.0009 0.1251
v  -5.2154 -2.9809 0.0771
v  -4.9767 -2.9809 0.0771
v  -3.2738 -2.9810 0.0770
v  -3.5076 -2.9810 0.0770
v  -5.2154 -2.9708 0.0260
v  -4.9767 -2.9708 0.0260
v  -3.2738 -2.9709 0.0260
v  -3.5076 -2.9709 0.0260
v  -4.1924 -3.1574 0.2539
v  -4.1287 -3.1576 0.2537
v  -4.1902 -3.2090 0.2642
v  -4.1268 -3.2090 0.2642
v  -4.1902 -3.2610 0.2642
v  -4.1268 -3.2610 0.2642
v  -4.1902 -3.3121 0.2540
v  -4.1268 -3.3121 0.2540
v  -4.1902 -3.3601 0.2341
v  -4.1268 -3.3601 0.2341
v  -4.1902 -3.4034 0.2052
v  -4.1268 -3.4034 0.2052
v  -4.1902 -3.4402 0.1684
v  -4.1268 -3.4402 0.1684
v  -4.1902 -3.4691 0.1251
v  -4.1268 -3.4691 0.1251
v  -4.1902 -3.4890 0.0771
v  -4.1268 -3.4890 0.0771
v  -4.1902 -3.4992 0.0260
v  -4.1268 -3.4992 0.0260
v  -4.1991 -3.0080 0.1145
v  -4.2015 -3.0038 0.1178
v  -4.1506 -3.0549 0.1742
v  -4.1522 -3.0508 0.1792
v  -4.1780 -3.0283 0.1457
v  -4.1801 -3.0243 0.1501
v  -4.2172 -2.9902 0.0736
v  -4.2202 -2.9857 0.0754
v  -4.2266 -2.9859 0.0246
v  -4.2265 -3.1098 0.0247
v  -4.1988 -3.0144 0.1112
v  -4.1974 -3.1099 0.1135
v  -4.1521 -3.0619 0.1694
v  -4.1513 -3.1103 0.1701
v  -4.1787 -3.0350 0.1413
v  -4.1762 -3.1100 0.1441
v  -4.2162 -2.9966 0.0718
v  -4.2158 -3.1098 0.0729
v  -4.2065 -3.1200 0.0252
v  -4.1800 -3.1200 0.1041
v  -4.1373 -3.1200 0.1564
v  -4.1578 -3.1200 0.1296
v  -4.1973 -3.1200 0.0672
v  -4.2279 -2.9797 0.0252
v  -4.2310 -2.9753 0.0258
v  -4.2236 -3.1166 0.0245
v  -4.2170 -3.1200 0.0240
v  -4.1487 -3.1168 0.1683
v  -4.1439 -3.1200 0.1640
v  -4.1738 -3.1168 0.1423
v  -4.1684 -3.1200 0.1382
v  -4.1947 -3.1167 0.1122
v  -4.1887 -3.1200 0.1091
v  -4.2131 -3.1165 0.0723
v  -4.2069 -3.1200 0.0704
v  -4.2056 -3.0012 0.1211
v  -4.2124 -3.0007 0.1247
v  -4.1559 -3.0487 0.1843
v  -4.1634 -3.0497 0.1904
v  -4.1840 -3.0221 0.1545
v  -4.1909 -3.0227 0.1591
v  -4.2247 -2.9828 0.0772
v  -4.2313 -2.9817 0.0791
v  -4.2354 -2.9722 0.0264
v  -4.2417 -2.9709 0.0270
v  -3.8009 -3.0080 0.1145
v  -3.7985 -3.0038 0.1178
v  -3.8494 -3.0549 0.1742
v  -3.8478 -3.0508 0.1792
v  -3.8220 -3.0283 0.1457
v  -3.8199 -3.0243 0.1501
v  -3.7828 -2.9902 0.0736
v  -3.7798 -2.9857 0.0754
v  -3.7735 -3.1098 0.0247
v  -3.7734 -2.9859 0.0246
v  -3.8026 -3.1099 0.1135
v  -3.8012 -3.0144 0.1112
v  -3.8487 -3.1103 0.1701
v  -3.8479 -3.0619 0.1694
v  -3.8238 -3.1100 0.1441
v  -3.8213 -3.0350 0.1413
v  -3.7842 -3.1098 0.0729
v  -3.7838 -2.9966 0.0718
v  -3.7945 -3.1200 0.0229
v  -3.8200 -3.1200 0.1041
v  -3.8627 -3.1200 0.1564
v  -3.8425 -3.1200 0.1293
v  -3.8025 -3.1200 0.0672
v  -3.7721 -2.9797 0.0252
v  -3.7690 -2.9753 0.0258
v  -3.7764 -3.1166 0.0245
v  -3.7830 -3.1200 0.0240
v  -3.8513 -3.1168 0.1683
v  -3.8561 -3.1200 0.1640
v  -3.8262 -3.1168 0.1423
v  -3.8316 -3.1200 0.1382
v  -3.8053 -3.1167 0.1122
v  -3.8113 -3.1200 0.1091
v  -3.7869 -3.1165 0.0723
v  -3.7931 -3.1200 0.0704
v  -3.7944 -3.0012 0.1211
v  -3.7876 -3.0007 0.1247
v  -3.8441 -3.0487 0.1843
v  -3.8366 -3.0497 0.1904
v  -3.8160 -3.0221 0.1545
v  -3.8091 -3.0227 0.1591
v  -3.7753 -2.9828 0.0772
v  -3.7687 -2.9817 0.0791
v  -3.7646 -2.9722 0.0264
v  -3.7583 -2.9709 0.0270
v  -3.9371 -3.1587 0.2540
v  -3.8725 -3.1577 0.2537
v  -3.9371 -3.2090 0.2642
v  -3.8743 -3.2090 0.2641
v  -3.9371 -3.2610 0.2642
v  -3.8743 -3.2610 0.2641
v  -3.9371 -3.3121 0.2540
v  -3.8743 -3.3121 0.2540
v  -3.9371 -3.3601 0.2341
v  -3.8743 -3.3601 0.2341
v  -3.9371 -3.4034 0.2052
v  -3.8743 -3.4034 0.2052
v  -3.9371 -3.4402 0.1684
v  -3.8743 -3.4402 0.1684
v  -3.9371 -3.4691 0.1251
v  -3.8743 -3.4691 0.1251
v  -3.9371 -3.4890 0.0771
v  -3.8743 -3.4890 0.0770
v  -3.9371 -3.4992 0.0260
v  -3.8743 -3.4992 0.0260
v  -4.0634 -3.1587 0.2540
v  -4.0000 -3.1588 0.2539
v  -4.2607 -3.1585 0.2544
v  -4.0634 -3.2090 0.2642
v  -4.0000 -3.2090 0.2642
v  -4.2607 -3.2090 0.2642
v  -4.0634 -3.2610 0.2642
v  -4.0000 -3.2610 0.2642
v  -4.2607 -3.2610 0.2642
v  -4.0634 -3.3121 0.2540
v  -4.0000 -3.3121 0.2540
v  -4.2607 -3.3121 0.2541
v  -4.0634 -3.3601 0.2341
v  -4.0000 -3.3601 0.2341
v  -4.2607 -3.3602 0.2341
v  -4.0634 -3.4034 0.2052
v  -4.0000 -3.4034 0.2052
v  -4.2607 -3.4034 0.2052
v  -4.0634 -3.4402 0.1684
v  -4.0000 -3.4402 0.1684
v  -4.2607 -3.4402 0.1684
v  -4.0634 -3.4691 0.1251
v  -4.0000 -3.4691 0.1251
v  -4.2607 -3.4691 0.1251
v  -4.0634 -3.4890 0.0771
v  -4.0000 -3.4890 0.0771
v  -4.2607 -3.4891 0.0771
v  -4.0634 -3.4992 0.0260
v  -4.0000 -3.4992 0.0260
v  -4.2607 -3.4992 0.0260
v  -3.8093 -3.1574 0.2539
v  -3.7415 -3.1585 0.2544
v  -3.8114 -3.2090 0.2641
v  -3.7414 -3.2090 0.2641
v  -3.8114 -3.2610 0.2641
v  -3.7414 -3.2610 0.2641
v  -3.8114 -3.3120 0.2540
v  -3.7414 -3.3120 0.2540
v  -3.8114 -3.3601 0.2341
v  -3.7414 -3.3601 0.2341
v  -3.8114 -3.4034 0.2052
v  -3.7414 -3.4034 0.2052
v  -3.8114 -3.4402 0.1684
v  -3.7414 -3.4402 0.1684
v  -3.8114 -3.4691 0.1251
v  -3.7414 -3.4691 0.1251
v  -3.8114 -3.4890 0.0770
v  -3.7414 -3.4890 0.0770
v  -3.8114 -3.4991 0.0260
v  -3.7414 -3.4991 0.0260
v  -4.2607 -2.9708 0.0260
v  -4.2477 -2.9710 0.0276
v  -3.7414 -2.9709 0.0260
v  -3.7523 -2.9710 0.0276
v  -4.2607 -3.1093 0.2336
v  -4.2607 -2.9809 0.0771
v  -4.2371 -2.9822 0.0807
v  -4.2607 -3.0009 0.1252
v  -4.2179 -3.0019 0.1269
v  -4.2607 -3.0298 0.1684
v  -4.1961 -3.0246 0.1615
v  -4.2607 -3.0666 0.2052
v  -4.1686 -3.0516 0.1924
v  -3.7414 -3.1094 0.2335
v  -3.7629 -2.9822 0.0807
v  -3.7414 -2.9810 0.0770
v  -3.7821 -3.0019 0.1269
v  -3.7414 -3.0009 0.1251
v  -3.8039 -3.0246 0.1614
v  -3.7414 -3.0298 0.1684
v  -3.8314 -3.0516 0.1924
v  -3.7414 -3.0666 0.2052
v  -6.1600 -3.4991 -0.0260
v  -5.9313 -3.4992 -0.0260
v  -5.6927 -3.4992 -0.0260
v  -5.4540 -3.4992 -0.0260
v  -4.4994 -3.4992 -0.0260
v  -4.7380 -3.4992 -0.0260
v  -6.1600 -3.4887 -0.0769
v  -5.9313 -3.4891 -0.0771
v  -5.6927 -3.4891 -0.0771
v  -5.4540 -3.4891 -0.0771
v  -4.4994 -3.4891 -0.0771
v  -4.7380 -3.4891 -0.0771
v  -6.1600 -3.4690 -0.1251
v  -5.9313 -3.4691 -0.1252
v  -5.6927 -3.4691 -0.1252
v  -5.4540 -3.4691 -0.1252
v  -4.4994 -3.4691 -0.1251
v  -4.7380 -3.4691 -0.1252
v  -6.1600 -3.4403 -0.1685
v  -5.9313 -3.4402 -0.1684
v  -5.6927 -3.4402 -0.1684
v  -5.4540 -3.4402 -0.1684
v  -4.4994 -3.4402 -0.1684
v  -4.7380 -3.4402 -0.1684
v  -6.1600 -3.4034 -0.2051
v  -5.9313 -3.4034 -0.2052
v  -5.6927 -3.4034 -0.2052
v  -5.4540 -3.4034 -0.2052
v  -4.4994 -3.4034 -0.2052
v  -4.7380 -3.4034 -0.2052
v  -6.1600 -3.3600 -0.2338
v  -5.9313 -3.3602 -0.2341
v  -5.6927 -3.3602 -0.2341
v  -5.4540 -3.3602 -0.2341
v  -4.4994 -3.3602 -0.2341
v  -4.7380 -3.3602 -0.2341
v  -6.1600 -3.3120 -0.2537
v  -5.9313 -3.3121 -0.2541
v  -5.6927 -3.3121 -0.2541
v  -5.4540 -3.3121 -0.2541
v  -4.4994 -3.3121 -0.2541
v  -4.7380 -3.3121 -0.2541
v  -6.1600 -3.2610 -0.2641
v  -5.9313 -3.2610 -0.2642
v  -5.6927 -3.2610 -0.2642
v  -5.4540 -3.2610 -0.2642
v  -4.4994 -3.2610 -0.2642
v  -4.7380 -3.2610 -0.2642
v  -6.1600 -3.2090 -0.2642
v  -5.9313 -3.2090 -0.2642
v  -5.6927 -3.2090 -0.2642
v  -5.4540 -3.2090 -0.2642
v  -4.4994 -3.2090 -0.2642
v  -4.7380 -3.2090 -0.2642
v  -6.1600 -3.1579 -0.2541
v  -5.9313 -3.1579 -0.2541
v  -5.6927 -3.1579 -0.2541
v  -5.4540 -3.1579 -0.2541
v  -4.4994 -3.1579 -0.2541
v  -4.7380 -3.1579 -0.2541
v  -6.1600 -3.1098 -0.2341
v  -5.9313 -3.1098 -0.2341
v  -5.6927 -3.1098 -0.2341
v  -5.4540 -3.1098 -0.2341
v  -4.4994 -3.1099 -0.2341
v  -4.7380 -3.1099 -0.2341
v  -6.1600 -3.0666 -0.2052
v  -5.9313 -3.0666 -0.2052
v  -5.6927 -3.0666 -0.2052
v  -5.4540 -3.0666 -0.2052
v  -4.4994 -3.0666 -0.2052
v  -4.7380 -3.0666 -0.2052
v  -6.1600 -3.0299 -0.1684
v  -5.9313 -3.0298 -0.1684
v  -5.6927 -3.0298 -0.1684
v  -5.4540 -3.0298 -0.1684
v  -4.4994 -3.0298 -0.1684
v  -4.7380 -3.0298 -0.1684
v  -6.1600 -3.0012 -0.1250
v  -5.9313 -3.0009 -0.1252
v  -5.6927 -3.0009 -0.1252
v  -5.4540 -3.0009 -0.1252
v  -4.4994 -3.0009 -0.1252
v  -4.7380 -3.0009 -0.1252
v  -6.1600 -2.9813 -0.0770
v  -5.9313 -2.9809 -0.0771
v  -5.6927 -2.9809 -0.0771
v  -5.4540 -2.9809 -0.0771
v  -4.4994 -2.9809 -0.0771
v  -4.7380 -2.9809 -0.0771
v  -6.1600 -2.9709 -0.0260
v  -5.9313 -2.9708 -0.0260
v  -5.6927 -2.9708 -0.0260
v  -5.4540 -2.9708 -0.0260
v  -4.4994 -2.9708 -0.0260
v  -4.7380 -2.9708 -0.0260
v  -6.1600 -3.4991 0.0260
v  -5.9313 -3.4992 0.0260
v  -5.6927 -3.4992 0.0260
v  -5.4540 -3.4992 0.0260
v  -4.4994 -3.4992 0.0260
v  -4.7380 -3.4992 0.0260
v  -6.1600 -3.4887 0.0770
v  -5.9313 -3.4891 0.0771
v  -5.6927 -3.4891 0.0771
v  -5.4540 -3.4891 0.0771
v  -4.4994 -3.4891 0.0771
v  -4.7380 -3.4891 0.0771
v  -6.1600 -3.4688 0.1250
v  -5.9313 -3.4691 0.1252
v  -5.6927 -3.4691 0.1252
v  -5.4540 -3.4691 0.1252
v  -4.4994 -3.4691 0.1252
v  -4.7380 -3.4691 0.1252
v  -6.1600 -3.4402 0.1684
v  -5.9313 -3.4402 0.1684
v  -5.6927 -3.4402 0.1684
v  -5.4540 -3.4402 0.1684
v  -4.4994 -3.4402 0.1684
v  -4.7380 -3.4402 0.1684
v  -6.1600 -3.4034 0.2051
v  -5.9313 -3.4034 0.2052
v  -5.6927 -3.4034 0.2052
v  -5.4540 -3.4034 0.2052
v  -4.4994 -3.4034 0.2052
v  -4.7380 -3.4034 0.2052
v  -6.1600 -3.3600 0.2338
v  -5.9313 -3.3602 0.2341
v  -5.6927 -3.3602 0.2341
v  -5.4540 -3.3602 0.2341
v  -4.4994 -3.3602 0.2341
v  -4.7380 -3.3602 0.2341
v  -6.1600 -3.3120 0.2539
v  -5.9313 -3.3121 0.2541
v  -5.6927 -3.3121 0.2541
v  -5.4540 -3.3121 0.2541
v  -4.4994 -3.3121 0.2541
v  -4.7380 -3.3121 0.2541
v  -6.1600 -3.2610 0.2643
v  -5.9313 -3.2610 0.2642
v  -5.6927 -3.2610 0.2642
v  -5.4540 -3.2610 0.2642
v  -4.4994 -3.2610 0.2642
v  -4.7380 -3.2610 0.2642
v  -6.1600 -3.2090 0.2643
v  -5.9313 -3.2090 0.2642
v  -5.6927 -3.2090 0.2642
v  -5.4540 -3.2090 0.2642
v  -4.4994 -3.2090 0.2642
v  -4.7380 -3.2090 0.2642
v  -6.1600 -3.1580 0.2539
v  -5.9313 -3.1579 0.2541
v  -5.6927 -3.1579 0.2541
v  -5.4540 -3.1579 0.2541
v  -4.4994 -3.1579 0.2541
v  -4.7380 -3.1579 0.2541
v  -6.1600 -3.1100 0.2338
v  -5.9313 -3.1098 0.2341
v  -5.6927 -3.1098 0.2341
v  -5.4540 -3.1098 0.2341
v  -4.4994 -3.1099 0.2341
v  -4.7380 -3.1099 0.2341
v  -6.1600 -3.0666 0.2051
v  -5.9313 -3.0666 0.2052
v  -5.6927 -3.0666 0.2052
v  -5.4540 -3.0666 0.2052
v  -4.4994 -3.0666 0.2052
v  -4.7380 -3.0666 0.2052
v  -6.1600 -3.0299 0.1684
v  -5.9313 -3.0298 0.1684
v  -5.6927 -3.0298 0.1684
v  -5.4540 -3.0298 0.1684
v  -4.4994 -3.0298 0.1684
v  -4.7380 -3.0298 0.1684
v  -6.1600 -3.0012 0.1250
v  -5.9313 -3.0009 0.1252
v  -5.6927 -3.0009 0.1252
v  -5.4540 -3.0009 0.1252
v  -4.4994 -3.0009 0.1252
v  -4.7380 -3.0009 0.1252
v  -6.1600 -2.9811 0.0770
v  -5.9313 -2.9809 0.0771
v  -5.6927 -2.9809 0.0771
v  -5.4540 -2.9809 0.0771
v  -4.4994 -2.9809 0.0771
v  -4.7380 -2.9809 0.0771
v  -6.1600 -2.9707 0.0260
v  -5.9313 -2.9708 0.0260
v  -5.6927 -2.9708 0.0260
v  -5.4540 -2.9708 0.0260
v  -4.4994 -2.9708 0.0260
v  -4.7380 -2.9708 0.0260
v  -3.0500 -3.4985 -0.0259
v  -3.0500 -3.4882 -0.0768
v  -3.0500 -3.4684 -0.1247
v  -3.0500 -3.4396 -0.1680
v  -3.0500 -3.4031 -0.2048
v  -3.0500 -3.3600 -0.2339
v  -3.0500 -3.3121 -0.2540
v  -3.0500 -3.2610 -0.2641
v  -3.0500 -3.2090 -0.2641
v  -3.0500 -3.1579 -0.2540
v  -3.0500 -3.1101 -0.2337
v  -3.0500 -3.0671 -0.2046
v  -3.0500 -3.0302 -0.1681
v  -3.0500 -3.0012 -0.1250
v  -3.0500 -2.9812 -0.0770
v  -3.0500 -2.9712 -0.0260
v  -3.0500 -3.4988 0.0260
v  -3.0500 -3.4888 0.0770
v  -3.0500 -3.4689 0.1250
v  -3.0500 -3.4398 0.1681
v  -3.0500 -3.4030 0.2046
v  -3.0500 -3.3597 0.2334
v  -3.0500 -3.3118 0.2532
v  -3.0500 -3.2609 0.2638
v  -3.0500 -3.2090 0.2641
v  -3.0500 -3.1580 0.2538
v  -3.0500 -3.1100 0.2339
v  -3.0500 -3.0669 0.2048
v  -3.0500 -3.0304 0.1680
v  -3.0500 -3.0016 0.1247
v  -3.0500 -2.9818 0.0768
v  -3.0500 -2.9715 0.0259
v  -3.0800 -3.2350 0.0000
v  -6.1300 -3.2350 0.0000
v  -6.1651 -3.4288 -0.0385
v  -6.1651 -3.4326 0.0000
v  -6.1651 -3.4176 -0.0756
v  -6.1651 -3.3993 -0.1098
v  -6.1651 -3.3747 -0.1397
v  -6.1651 -3.3448 -0.1643
v  -6.1651 -3.3106 -0.1826
v  -6.1651 -3.2736 -0.1938
v  -6.1651 -3.2350 -0.1976
v  -6.1651 -3.1965 -0.1938
v  -6.1651 -3.1594 -0.1826
v  -6.1651 -3.1252 -0.1643
v  -6.1651 -3.0953 -0.1397
v  -6.1651 -3.0707 -0.1098
v  -6.1651 -3.0525 -0.0756
v  -6.1651 -3.0412 -0.0385
v  -6.1651 -3.0374 0.0000
v  -6.1651 -3.4288 0.0385
v  -6.1651 -3.4176 0.0756
v  -6.1651 -3.3993 0.1098
v  -6.1651 -3.3748 0.1396
v  -6.1651 -3.3448 0.1643
v  -6.1651 -3.3106 0.1826
v  -6.1651 -3.2736 0.1938
v  -6.1651 -3.2350 0.1976
v  -6.1651 -3.1965 0.1938
v  -6.1651 -3.1594 0.1826
v  -6.1651 -3.1252 0.1643
v  -6.1651 -3.0953 0.1397
v  -6.1651 -3.0707 0.1098
v  -6.1651 -3.0524 0.0756
v  -6.1651 -3.0412 0.0385
v  -6.1652 -3.4320 -0.0194
v  -6.1652 -3.4244 -0.0575
v  -6.1652 -3.4096 -0.0933
v  -6.1652 -3.3880 -0.1256
v  -6.1652 -3.3606 -0.1530
v  -6.1652 -3.3283 -0.1746
v  -6.1652 -3.2925 -0.1894
v  -6.1652 -3.2544 -0.1970
v  -6.1652 -3.2156 -0.1970
v  -6.1652 -3.1775 -0.1894
v  -6.1652 -3.1417 -0.1746
v  -6.1652 -3.1094 -0.1530
v  -6.1652 -3.0820 -0.1256
v  -6.1652 -3.0604 -0.0933
v  -6.1652 -3.0456 -0.0576
v  -6.1652 -3.0380 -0.0194
v  -6.1652 -3.4320 0.0194
v  -6.1652 -3.4244 0.0575
v  -6.1652 -3.4096 0.0933
v  -6.1652 -3.3880 0.1256
v  -6.1652 -3.3606 0.1530
v  -6.1652 -3.3283 0.1746
v  -6.1652 -3.2925 0.1894
v  -6.1652 -3.2544 0.1970
v  -6.1652 -3.2156 0.1970
v  -6.1652 -3.1775 0.1894
v  -6.1652 -3.1417 0.1746
v  -6.1652 -3.1094 0.1530
v  -6.1652 -3.0820 0.1256
v  -6.1652 -3.0604 0.0933
v  -6.1652 -3.0456 0.0575
v  -6.1652 -3.0380 0.0194
v  -6.1800 -3.4699 0.0000
v  -6.1773 -3.4635 0.0002
v  -6.1800 -3.4769 0.0002
v  -6.1800 -3.4693 -0.0231
v  -6.1800 -3.4762 -0.0238
v  -6.1775 -3.4627 -0.0224
v  -6.1800 -3.4654 -0.0458
v  -6.1773 -3.4591 -0.0444
v  -6.1800 -3.4723 -0.0470
v  -6.1800 -3.4603 -0.0683
v  -6.1800 -3.4670 -0.0704
v  -6.1775 -3.4540 -0.0664
v  -6.1800 -3.4521 -0.0899
v  -6.1773 -3.4462 -0.0873
v  -6.1800 -3.4586 -0.0924
v  -6.1800 -3.4426 -0.1110
v  -6.1800 -3.4488 -0.1143
v  -6.1775 -3.4368 -0.1079
v  -6.1800 -3.4304 -0.1305
v  -6.1773 -3.4251 -0.1268
v  -6.1800 -3.4363 -0.1342
v  -6.1800 -3.4170 -0.1493
v  -6.1800 -3.4224 -0.1538
v  -6.1774 -3.4119 -0.1452
v  -6.1800 -3.4011 -0.1661
v  -6.1773 -3.3967 -0.1614
v  -6.1800 -3.4062 -0.1709
v  -6.1800 -3.3843 -0.1820
v  -6.1800 -3.3888 -0.1874
v  -6.1774 -3.3802 -0.1769
v  -6.1800 -3.3655 -0.1953
v  -6.1773 -3.3621 -0.1899
v  -6.1800 -3.3696 -0.2011
v  -6.1800 -3.3460 -0.2076
v  -6.1800 -3.3493 -0.2138
v  -6.1775 -3.3429 -0.2018
v  -6.1800 -3.3249 -0.2171
v  -6.1773 -3.3226 -0.2110
v  -6.1800 -3.3278 -0.2234
v  -6.1800 -3.3033 -0.2252
v  -6.1800 -3.3054 -0.2320
v  -6.1775 -3.3014 -0.2190
v  -6.1800 -3.2808 -0.2304
v  -6.1773 -3.2798 -0.2240
v  -6.1800 -3.2824 -0.2373
v  -6.1800 -3.2581 -0.2343
v  -6.1800 -3.2588 -0.2412
v  -6.1775 -3.2574 -0.2277
v  -6.1800 -3.2350 -0.2349
v  -6.1773 -3.2352 -0.2285
v  -6.1800 -3.2352 -0.2419
v  -6.1800 -3.2119 -0.2343
v  -6.1800 -3.2112 -0.2412
v  -6.1775 -3.2126 -0.2277
v  -6.1800 -3.1892 -0.2304
v  -6.1773 -3.1906 -0.2241
v  -6.1800 -3.1880 -0.2373
v  -6.1800 -3.1667 -0.2252
v  -6.1800 -3.1646 -0.2320
v  -6.1775 -3.1686 -0.2190
v  -6.1800 -3.1451 -0.2171
v  -6.1773 -3.1478 -0.2112
v  -6.1800 -3.1426 -0.2236
v  -6.1800 -3.1240 -0.2076
v  -6.1800 -3.1207 -0.2138
v  -6.1775 -3.1271 -0.2018
v  -6.1800 -3.1045 -0.1953
v  -6.1773 -3.1082 -0.1901
v  -6.1800 -3.1008 -0.2013
v  -6.1800 -3.0857 -0.1820
v  -6.1800 -3.0812 -0.1874
v  -6.1774 -3.0898 -0.1769
v  -6.1800 -3.0689 -0.1661
v  -6.1773 -3.0736 -0.1617
v  -6.1800 -3.0641 -0.1712
v  -6.1800 -3.0530 -0.1493
v  -6.1800 -3.0476 -0.1538
v  -6.1774 -3.0581 -0.1452
v  -6.1800 -3.0397 -0.1305
v  -6.1773 -3.0451 -0.1271
v  -6.1800 -3.0339 -0.1346
v  -6.1800 -3.0274 -0.1110
v  -6.1800 -3.0212 -0.1143
v  -6.1775 -3.0332 -0.1079
v  -6.1800 -3.0179 -0.0899
v  -6.1773 -3.0240 -0.0876
v  -6.1800 -3.0116 -0.0928
v  -6.1800 -3.0098 -0.0683
v  -6.1800 -3.0030 -0.0704
v  -6.1775 -3.0160 -0.0664
v  -6.1800 -3.0046 -0.0458
v  -6.1773 -3.0110 -0.0448
v  -6.1800 -2.9977 -0.0474
v  -6.1800 -3.0007 -0.0231
v  -6.1800 -2.9938 -0.0238
v  -6.1775 -3.0073 -0.0224
v  -6.1800 -3.4654 0.0458
v  -6.1773 -3.4590 0.0448
v  -6.1800 -3.4723 0.0474
v  -6.1800 -3.4693 0.0231
v  -6.1800 -3.4762 0.0238
v  -6.1775 -3.4627 0.0224
v  -6.1800 -3.4521 0.0899
v  -6.1773 -3.4460 0.0876
v  -6.1800 -3.4584 0.0928
v  -6.1800 -3.4603 0.0683
v  -6.1800 -3.4670 0.0704
v  -6.1775 -3.4540 0.0664
v  -6.1800 -3.4304 0.1305
v  -6.1773 -3.4249 0.1271
v  -6.1800 -3.4361 0.1346
v  -6.1800 -3.4426 0.1110
v  -6.1800 -3.4488 0.1143
v  -6.1775 -3.4368 0.1079
v  -6.1800 -3.4011 0.1661
v  -6.1773 -3.3964 0.1617
v  -6.1800 -3.4059 0.1712
v  -6.1800 -3.4170 0.1493
v  -6.1800 -3.4224 0.1538
v  -6.1774 -3.4119 0.1452
v  -6.1800 -3.3655 0.1953
v  -6.1773 -3.3618 0.1901
v  -6.1800 -3.3692 0.2013
v  -6.1800 -3.3843 0.1820
v  -6.1800 -3.3888 0.1874
v  -6.1774 -3.3802 0.1769
v  -6.1800 -3.3249 0.2171
v  -6.1773 -3.3223 0.2112
v  -6.1800 -3.3274 0.2236
v  -6.1800 -3.3460 0.2076
v  -6.1800 -3.3493 0.2138
v  -6.1775 -3.3429 0.2018
v  -6.1800 -3.2808 0.2304
v  -6.1773 -3.2794 0.2241
v  -6.1800 -3.2820 0.2373
v  -6.1800 -3.3033 0.2252
v  -6.1800 -3.3054 0.2320
v  -6.1775 -3.3014 0.2190
v  -6.1800 -3.2350 0.2349
v  -6.1773 -3.2348 0.2285
v  -6.1800 -3.2348 0.2419
v  -6.1800 -3.2581 0.2343
v  -6.1800 -3.2588 0.2412
v  -6.1775 -3.2574 0.2277
v  -6.1800 -3.1892 0.2304
v  -6.1773 -3.1902 0.2240
v  -6.1800 -3.1876 0.2373
v  -6.1800 -3.2119 0.2343
v  -6.1800 -3.2112 0.2412
v  -6.1775 -3.2126 0.2277
v  -6.1800 -3.1451 0.2171
v  -6.1773 -3.1474 0.2110
v  -6.1800 -3.1422 0.2234
v  -6.1800 -3.1667 0.2252
v  -6.1800 -3.1646 0.2320
v  -6.1775 -3.1686 0.2190
v  -6.1800 -3.1045 0.1953
v  -6.1773 -3.1079 0.1899
v  -6.1800 -3.1004 0.2011
v  -6.1800 -3.1240 0.2076
v  -6.1800 -3.1207 0.2138
v  -6.1775 -3.1271 0.2018
v  -6.1800 -3.0689 0.1661
v  -6.1773 -3.0733 0.1614
v  -6.1800 -3.0638 0.1709
v  -6.1800 -3.0857 0.1820
v  -6.1800 -3.0812 0.1874
v  -6.1774 -3.0898 0.1769
v  -6.1800 -3.0397 0.1305
v  -6.1773 -3.0449 0.1268
v  -6.1800 -3.0337 0.1342
v  -6.1800 -3.0530 0.1493
v  -6.1800 -3.0476 0.1538
v  -6.1774 -3.0581 0.1452
v  -6.1800 -3.0179 0.0899
v  -6.1773 -3.0238 0.0873
v  -6.1800 -3.0114 0.0924
v  -6.1800 -3.0274 0.1110
v  -6.1800 -3.0212 0.1143
v  -6.1775 -3.0332 0.1079
v  -6.1800 -3.0046 0.0458
v  -6.1773 -3.0109 0.0444
v  -6.1800 -2.9977 0.0470
v  -6.1800 -3.0098 0.0683
v  -6.1800 -3.0030 0.0704
v  -6.1775 -3.0160 0.0664
v  -6.1800 -3.0001 0.0000
v  -6.1773 -3.0065 -0.0002
v  -6.1800 -2.9931 -0.0002
v  -6.1800 -3.0007 0.0231
v  -6.1800 -2.9938 0.0238
v  -6.1775 -3.0073 0.0224
v  3.0777 -3.2869 0.0000
v  3.0704 -3.3400 0.0000
v  3.0703 -3.3397 -0.0103
v  3.0776 -3.2867 -0.0051
v  3.0577 -3.3938 0.0000
v  3.0576 -3.3933 -0.0156
v  3.0395 -3.4474 0.0000
v  3.0393 -3.4467 -0.0208
v  3.0300 -3.4699 0.0000
v  3.0300 -3.4693 -0.0231
v  3.0300 -3.4899 0.0000
v  3.0300 -3.4891 -0.0250
v  3.0332 -3.4967 0.0000
v  3.0332 -3.4959 -0.0257
v  3.0401 -3.4994 0.0000
v  3.0401 -3.4985 -0.0259
v  6.1700 -3.5000 0.0000
v  6.1769 -3.4968 0.0000
v  6.1769 -3.4962 -0.0257
v  6.1700 -3.4991 -0.0260
v  6.1800 -3.4900 0.0000
v  6.1800 -3.4892 -0.0250
v  6.1800 -3.4769 0.0002
v  6.1800 -3.4762 -0.0238
v  6.1773 -3.4635 0.0002
v  6.1651 -3.4326 0.0000
v  6.1652 -3.4320 -0.0194
v  6.1774 -3.4627 -0.0224
v  6.1523 -3.3938 0.0000
v  6.1396 -3.3400 0.0000
v  6.1397 -3.3397 -0.0103
v  6.1524 -3.3933 -0.0156
v  3.0776 -3.2859 -0.0101
v  3.0703 -3.3380 -0.0205
v  3.0703 -3.3357 -0.0305
v  3.0776 -3.2847 -0.0151
v  3.0577 -3.3907 -0.0310
v  3.0576 -3.3872 -0.0462
v  3.0394 -3.4433 -0.0414
v  3.0393 -3.4386 -0.0617
v  3.0300 -3.4654 -0.0458
v  3.0300 -3.4603 -0.0683
v  3.0300 -3.4850 -0.0497
v  3.0301 -3.4794 -0.0741
v  3.0333 -3.4916 -0.0510
v  3.0333 -3.4857 -0.0761
v  3.0401 -3.4941 -0.0515
v  3.0401 -3.4882 -0.0768
v  6.1699 -3.4946 -0.0516
v  6.1769 -3.4920 -0.0511
v  6.1769 -3.4862 -0.0762
v  6.1699 -3.4887 -0.0769
v  6.1800 -3.4851 -0.0497
v  6.1800 -3.4795 -0.0742
v  6.1800 -3.4723 -0.0470
v  6.1800 -3.4670 -0.0704
v  6.1773 -3.4591 -0.0444
v  6.1651 -3.4288 -0.0385
v  6.1652 -3.4244 -0.0575
v  6.1775 -3.4540 -0.0664
v  6.1523 -3.3907 -0.0310
v  6.1396 -3.3380 -0.0205
v  6.1397 -3.3357 -0.0305
v  6.1524 -3.3872 -0.0462
v  3.0776 -3.2829 -0.0198
v  3.0703 -3.3320 -0.0402
v  3.0703 -3.3278 -0.0496
v  3.0776 -3.2808 -0.0245
v  3.0577 -3.3817 -0.0608
v  3.0576 -3.3753 -0.0750
v  3.0395 -3.4312 -0.0813
v  3.0393 -3.4226 -0.1003
v  3.0300 -3.4521 -0.0899
v  3.0300 -3.4426 -0.1110
v  3.0301 -3.4705 -0.0975
v  3.0301 -3.4602 -0.1204
v  3.0334 -3.4766 -0.1001
v  3.0333 -3.4661 -0.1235
v  3.0401 -3.4790 -0.1011
v  3.0401 -3.4684 -0.1247
v  6.1699 -3.4795 -0.1013
v  6.1769 -3.4771 -0.1003
v  6.1769 -3.4666 -0.1238
v  6.1699 -3.4690 -0.1251
v  6.1800 -3.4706 -0.0976
v  6.1800 -3.4603 -0.1204
v  6.1800 -3.4586 -0.0924
v  6.1800 -3.4488 -0.1143
v  6.1773 -3.4462 -0.0873
v  6.1651 -3.4176 -0.0756
v  6.1652 -3.4096 -0.0933
v  6.1774 -3.4368 -0.1079
v  6.1523 -3.3817 -0.0608
v  6.1396 -3.3320 -0.0402
v  6.1397 -3.3278 -0.0496
v  6.1524 -3.3753 -0.0750
v  3.0776 -3.2781 -0.0288
v  3.0703 -3.3223 -0.0583
v  3.0703 -3.3163 -0.0667
v  3.0776 -3.2752 -0.0330
v  3.0577 -3.3670 -0.0882
v  3.0576 -3.3580 -0.1009
v  3.0395 -3.4116 -0.1180
v  3.0393 -3.3994 -0.1350
v  3.0300 -3.4304 -0.1305
v  3.0300 -3.4170 -0.1493
v  3.0300 -3.4469 -0.1416
v  3.0300 -3.4324 -0.1620
v  3.0333 -3.4525 -0.1453
v  3.0333 -3.4376 -0.1663
v  3.0401 -3.4546 -0.1468
v  3.0401 -3.4396 -0.1679
v  6.1700 -3.4553 -0.1472
v  6.1769 -3.4529 -0.1456
v  6.1769 -3.4379 -0.1665
v  6.1700 -3.4403 -0.1685
v  6.1800 -3.4470 -0.1417
v  6.1800 -3.4325 -0.1621
v  6.1800 -3.4363 -0.1342
v  6.1800 -3.4224 -0.1538
v  6.1773 -3.4251 -0.1268
v  6.1651 -3.3993 -0.1098
v  6.1652 -3.3880 -0.1256
v  6.1774 -3.4119 -0.1452
v  6.1523 -3.3670 -0.0882
v  6.1396 -3.3223 -0.0583
v  6.1397 -3.3163 -0.0667
v  6.1523 -3.3579 -0.1009
v  3.0777 -3.2717 -0.0367
v  3.0704 -3.3092 -0.0742
v  3.0703 -3.3017 -0.0813
v  3.0776 -3.2680 -0.0402
v  3.0577 -3.3473 -0.1123
v  3.0576 -3.3359 -0.1229
v  3.0395 -3.3852 -0.1502
v  3.0393 -3.3700 -0.1644
v  3.0300 -3.4011 -0.1661
v  3.0300 -3.3843 -0.1820
v  3.0300 -3.4152 -0.1802
v  3.0300 -3.3970 -0.1974
v  3.0332 -3.4200 -0.1850
v  3.0332 -3.4014 -0.2027
v  3.0401 -3.4219 -0.1869
v  3.0401 -3.4031 -0.2048
v  6.1700 -3.4224 -0.1874
v  6.1769 -3.4201 -0.1851
v  6.1769 -3.4013 -0.2026
v  6.1700 -3.4034 -0.2051
v  6.1800 -3.4153 -0.1803
v  6.1800 -3.3971 -0.1975
v  6.1800 -3.4062 -0.1709
v  6.1800 -3.3888 -0.1874
v  6.1773 -3.3967 -0.1614
v  6.1651 -3.3747 -0.1397
v  6.1652 -3.3606 -0.1530
v  6.1774 -3.3802 -0.1769
v  6.1523 -3.3473 -0.1123
v  6.1396 -3.3092 -0.0742
v  6.1397 -3.3017 -0.0813
v  6.1523 -3.3359 -0.1229
v  3.0776 -3.2638 -0.0431
v  3.0703 -3.2933 -0.0873
v  3.0703 -3.2846 -0.0928
v  3.0776 -3.2595 -0.0458
v  3.0577 -3.3232 -0.1320
v  3.0576 -3.3100 -0.1403
v  3.0395 -3.3530 -0.1766
v  3.0393 -3.3353 -0.1876
v  3.0300 -3.3655 -0.1953
v  3.0300 -3.3460 -0.2076
v  3.0300 -3.3766 -0.2119
v  3.0300 -3.3554 -0.2252
v  3.0331 -3.3804 -0.2177
v  3.0330 -3.3587 -0.2314
v  3.0400 -3.3820 -0.2200
v  3.0400 -3.3600 -0.2339
v  6.1699 -3.3821 -0.2201
v  6.1769 -3.3802 -0.2173
v  6.1769 -3.3584 -0.2308
v  6.1699 -3.3600 -0.2338
v  6.1800 -3.3766 -0.2120
v  6.1800 -3.3554 -0.2253
v  6.1800 -3.3696 -0.2011
v  6.1800 -3.3493 -0.2138
v  6.1773 -3.3621 -0.1899
v  6.1651 -3.3448 -0.1643
v  6.1652 -3.3283 -0.1746
v  6.1774 -3.3429 -0.2018
v  6.1523 -3.3232 -0.1320
v  6.1396 -3.2933 -0.0873
v  6.1397 -3.2846 -0.0928
v  6.1524 -3.3100 -0.1402
v  3.0776 -3.2548 -0.0479
v  3.0703 -3.2752 -0.0970
v  3.0703 -3.2655 -0.1006
v  3.0776 -3.2501 -0.0497
v  3.0577 -3.2958 -0.1467
v  3.0576 -3.2812 -0.1522
v  3.0395 -3.3163 -0.1962
v  3.0393 -3.2968 -0.2036
v  3.0300 -3.3249 -0.2171
v  3.0300 -3.3033 -0.2253
v  3.0300 -3.3325 -0.2355
v  3.0300 -3.3091 -0.2444
v  3.0329 -3.3353 -0.2420
v  3.0329 -3.3112 -0.2512
v  3.0400 -3.3364 -0.2447
v  3.0400 -3.3121 -0.2540
v  6.1699 -3.3363 -0.2445
v  6.1769 -3.3350 -0.2413
v  6.1769 -3.3110 -0.2505
v  6.1699 -3.3120 -0.2537
v  6.1800 -3.3326 -0.2355
v  6.1800 -3.3092 -0.2444
v  6.1800 -3.3278 -0.2234
v  6.1800 -3.3054 -0.2320
v  6.1773 -3.3226 -0.2110
v  6.1651 -3.3106 -0.1826
v  6.1652 -3.2925 -0.1894
v  6.1775 -3.3014 -0.2190
v  6.1523 -3.2958 -0.1467
v  6.1396 -3.2752 -0.0970
v  6.1397 -3.2655 -0.1007
v  6.1524 -3.2812 -0.1522
v  3.0776 -3.2451 -0.0509
v  3.0703 -3.2555 -0.1030
v  3.0703 -3.2453 -0.1047
v  3.0776 -3.2401 -0.0517
v  3.0577 -3.2660 -0.1557
v  3.0576 -3.2506 -0.1583
v  3.0394 -3.2764 -0.2083
v  3.0393 -3.2559 -0.2117
v  3.0300 -3.2808 -0.2304
v  3.0300 -3.2581 -0.2343
v  3.0300 -3.2847 -0.2500
v  3.0300 -3.2600 -0.2542
v  3.0329 -3.2861 -0.2569
v  3.0329 -3.2607 -0.2612
v  3.0400 -3.2867 -0.2598
v  3.0400 -3.2610 -0.2641
v  6.1699 -3.2866 -0.2596
v  6.1769 -3.2860 -0.2563
v  6.1769 -3.2607 -0.2608
v  6.1700 -3.2610 -0.2641
v  6.1800 -3.2847 -0.2501
v  6.1800 -3.2600 -0.2542
v  6.1800 -3.2824 -0.2373
v  6.1800 -3.2588 -0.2412
v  6.1773 -3.2798 -0.2240
v  6.1651 -3.2736 -0.1938
v  6.1652 -3.2544 -0.1970
v  6.1774 -3.2574 -0.2277
v  6.1523 -3.2660 -0.1557
v  6.1396 -3.2555 -0.1030
v  6.1397 -3.2453 -0.1047
v  6.1524 -3.2506 -0.1583
v  3.0777 -3.2350 -0.0518
v  3.0704 -3.2350 -0.1050
v  3.0703 -3.2247 -0.1047
v  3.0776 -3.2299 -0.0517
v  3.0577 -3.2350 -0.1588
v  3.0576 -3.2194 -0.1583
v  3.0395 -3.2350 -0.2124
v  3.0393 -3.2142 -0.2117
v  3.0300 -3.2350 -0.2349
v  3.0300 -3.2119 -0.2343
v  3.0300 -3.2350 -0.2549
v  3.0300 -3.2100 -0.2541
v  3.0329 -3.2350 -0.2620
v  3.0329 -3.2093 -0.2612
v  3.0400 -3.2350 -0.2649
v  3.0400 -3.2090 -0.2641
v  6.1700 -3.2350 -0.2650
v  6.1769 -3.2350 -0.2618
v  6.1769 -3.2093 -0.2612
v  6.1700 -3.2090 -0.2642
v  6.1800 -3.2350 -0.2550
v  6.1800 -3.2100 -0.2542
v  6.1800 -3.2352 -0.2419
v  6.1800 -3.2112 -0.2412
v  6.1773 -3.2352 -0.2285
v  6.1651 -3.2350 -0.1976
v  6.1652 -3.2156 -0.1970
v  6.1774 -3.2126 -0.2277
v  6.1523 -3.2350 -0.1588
v  6.1396 -3.2350 -0.1050
v  6.1397 -3.2247 -0.1047
v  6.1524 -3.2194 -0.1583
v  3.0776 -3.2249 -0.0509
v  3.0703 -3.2145 -0.1030
v  3.0703 -3.2045 -0.1007
v  3.0776 -3.2199 -0.0497
v  3.0577 -3.2040 -0.1557
v  3.0576 -3.1888 -0.1522
v  3.0394 -3.1936 -0.2083
v  3.0393 -3.1733 -0.2036
v  3.0300 -3.1892 -0.2304
v  3.0300 -3.1667 -0.2253
v  3.0300 -3.1853 -0.2500
v  3.0301 -3.1609 -0.2444
v  3.0329 -3.1839 -0.2569
v  3.0331 -3.1589 -0.2510
v  3.0400 -3.1833 -0.2598
v  3.0400 -3.1579 -0.2540
v  6.1700 -3.1833 -0.2599
v  6.1769 -3.1839 -0.2571
v  6.1769 -3.1588 -0.2513
v  6.1700 -3.1579 -0.2541
v  6.1800 -3.1853 -0.2501
v  6.1800 -3.1608 -0.2444
v  6.1800 -3.1880 -0.2373
v  6.1800 -3.1646 -0.2320
v  6.1773 -3.1906 -0.2241
v  6.1651 -3.1965 -0.1938
v  6.1652 -3.1775 -0.1894
v  6.1775 -3.1686 -0.2190
v  6.1523 -3.2040 -0.1557
v  6.1396 -3.2145 -0.1030
v  6.1397 -3.2045 -0.1007
v  6.1524 -3.1888 -0.1522
v  3.0776 -3.2152 -0.0479
v  3.0703 -3.1948 -0.0970
v  3.0703 -3.1854 -0.0928
v  3.0776 -3.2105 -0.0458
v  3.0577 -3.1742 -0.1467
v  3.0576 -3.1600 -0.1403
v  3.0395 -3.1537 -0.1962
v  3.0393 -3.1347 -0.1876
v  3.0300 -3.1451 -0.2171
v  3.0300 -3.1240 -0.2076
v  3.0301 -3.1375 -0.2355
v  3.0301 -3.1146 -0.2252
v  3.0334 -3.1349 -0.2416
v  3.0334 -3.1115 -0.2311
v  3.0400 -3.1336 -0.2447
v  3.0401 -3.1101 -0.2337
v  6.1700 -3.1336 -0.2448
v  6.1769 -3.1347 -0.2421
v  6.1769 -3.1112 -0.2316
v  6.1700 -3.1098 -0.2341
v  6.1800 -3.1374 -0.2356
v  6.1800 -3.1146 -0.2253
v  6.1800 -3.1426 -0.2236
v  6.1800 -3.1207 -0.2138
v  6.1773 -3.1478 -0.2112
v  6.1651 -3.1594 -0.1826
v  6.1652 -3.1417 -0.1746
v  6.1774 -3.1271 -0.2018
v  6.1523 -3.1742 -0.1467
v  6.1396 -3.1948 -0.0970
v  6.1397 -3.1854 -0.0928
v  6.1524 -3.1600 -0.1403
v  3.0776 -3.2062 -0.0431
v  3.0703 -3.1767 -0.0873
v  3.0703 -3.1683 -0.0813
v  3.0776 -3.2021 -0.0402
v  3.0577 -3.1468 -0.1320
v  3.0576 -3.1341 -0.1229
v  3.0395 -3.1170 -0.1766
v  3.0393 -3.1000 -0.1644
v  3.0300 -3.1045 -0.1954
v  3.0300 -3.0857 -0.1820
v  3.0300 -3.0934 -0.2119
v  3.0300 -3.0730 -0.1974
v  3.0333 -3.0897 -0.2175
v  3.0333 -3.0687 -0.2026
v  3.0401 -3.0882 -0.2196
v  3.0401 -3.0671 -0.2046
v  6.1700 -3.0878 -0.2203
v  6.1769 -3.0894 -0.2179
v  6.1769 -3.0685 -0.2029
v  6.1700 -3.0666 -0.2052
v  6.1800 -3.0933 -0.2120
v  6.1800 -3.0729 -0.1975
v  6.1800 -3.1008 -0.2013
v  6.1800 -3.0812 -0.1874
v  6.1773 -3.1082 -0.1901
v  6.1651 -3.1252 -0.1643
v  6.1652 -3.1094 -0.1530
v  6.1774 -3.0898 -0.1769
v  6.1523 -3.1468 -0.1320
v  6.1396 -3.1767 -0.0873
v  6.1397 -3.1683 -0.0813
v  6.1523 -3.1341 -0.1229
v  3.0777 -3.1983 -0.0367
v  3.0704 -3.1608 -0.0742
v  3.0703 -3.1537 -0.0667
v  3.0776 -3.1948 -0.0330
v  3.0577 -3.1227 -0.1123
v  3.0576 -3.1121 -0.1009
v  3.0395 -3.0848 -0.1502
v  3.0393 -3.0706 -0.1350
v  3.0300 -3.0689 -0.1661
v  3.0300 -3.0530 -0.1493
v  3.0300 -3.0548 -0.1802
v  3.0300 -3.0376 -0.1620
v  3.0332 -3.0500 -0.1850
v  3.0332 -3.0323 -0.1664
v  3.0401 -3.0481 -0.1869
v  3.0401 -3.0302 -0.1681
v  6.1700 -3.0476 -0.1874
v  6.1769 -3.0499 -0.1851
v  6.1769 -3.0324 -0.1663
v  6.1700 -3.0299 -0.1684
v  6.1800 -3.0547 -0.1803
v  6.1800 -3.0375 -0.1620
v  6.1800 -3.0641 -0.1712
v  6.1800 -3.0476 -0.1538
v  6.1773 -3.0736 -0.1617
v  6.1651 -3.0953 -0.1397
v  6.1652 -3.0820 -0.1256
v  6.1774 -3.0581 -0.1452
v  6.1523 -3.1227 -0.1123
v  6.1396 -3.1608 -0.0742
v  6.1397 -3.1537 -0.0667
v  6.1523 -3.1121 -0.1009
v  3.0776 -3.1919 -0.0288
v  3.0703 -3.1477 -0.0583
v  3.0703 -3.1422 -0.0496
v  3.0776 -3.1892 -0.0245
v  3.0577 -3.1030 -0.0882
v  3.0576 -3.0947 -0.0750
v  3.0395 -3.0584 -0.1180
v  3.0393 -3.0474 -0.1003
v  3.0300 -3.0397 -0.1305
v  3.0300 -3.0274 -0.1110
v  3.0300 -3.0231 -0.1416
v  3.0300 -3.0098 -0.1204
v  3.0331 -3.0173 -0.1454
v  3.0330 -3.0036 -0.1237
v  3.0401 -3.0150 -0.1470
v  3.0400 -3.0012 -0.1250
v  6.1699 -3.0149 -0.1471
v  6.1769 -3.0177 -0.1452
v  6.1769 -3.0042 -0.1234
v  6.1699 -3.0012 -0.1250
v  6.1800 -3.0230 -0.1416
v  6.1800 -3.0097 -0.1204
v  6.1800 -3.0339 -0.1346
v  6.1800 -3.0212 -0.1143
v  6.1773 -3.0451 -0.1271
v  6.1651 -3.0707 -0.1098
v  6.1652 -3.0604 -0.0933
v  6.1774 -3.0332 -0.1079
v  6.1523 -3.1030 -0.0882
v  6.1396 -3.1477 -0.0583
v  6.1397 -3.1422 -0.0496
v  6.1524 -3.0948 -0.0750
v  3.0776 -3.1871 -0.0198
v  3.0703 -3.1380 -0.0402
v  3.0703 -3.1344 -0.0305
v  3.0776 -3.1853 -0.0151
v  3.0577 -3.0883 -0.0608
v  3.0576 -3.0828 -0.0462
v  3.0395 -3.0388 -0.0813
v  3.0394 -3.0314 -0.0618
v  3.0300 -3.0179 -0.0899
v  3.0300 -3.0098 -0.0683
v  3.0300 -2.9995 -0.0975
v  3.0300 -2.9906 -0.0741
v  3.0330 -2.9931 -0.1002
v  3.0330 -2.9839 -0.0762
v  3.0400 -2.9904 -0.1013
v  3.0400 -2.9812 -0.0770
v  6.1699 -2.9905 -0.1013
v  6.1769 -2.9937 -0.1000
v  6.1769 -2.9846 -0.0760
v  6.1699 -2.9813 -0.0770
v  6.1800 -2.9995 -0.0976
v  6.1800 -2.9906 -0.0741
v  6.1800 -3.0116 -0.0928
v  6.1800 -3.0030 -0.0704
v  6.1773 -3.0240 -0.0876
v  6.1651 -3.0525 -0.0756
v  6.1652 -3.0456 -0.0576
v  6.1775 -3.0160 -0.0664
v  6.1523 -3.0883 -0.0608
v  6.1396 -3.1380 -0.0402
v  6.1397 -3.1343 -0.0305
v  6.1524 -3.0828 -0.0462
v  3.0776 -3.1842 -0.0101
v  3.0703 -3.1320 -0.0205
v  3.0703 -3.1303 -0.0103
v  3.0776 -3.1833 -0.0051
v  3.0577 -3.0793 -0.0310
v  3.0576 -3.0767 -0.0156
v  3.0394 -3.0267 -0.0414
v  3.0393 -3.0233 -0.0208
v  3.0300 -3.0046 -0.0458
v  3.0300 -3.0007 -0.0231
v  3.0300 -2.9850 -0.0497
v  3.0300 -2.9809 -0.0250
v  3.0330 -2.9782 -0.0511
v  3.0331 -2.9740 -0.0257
v  3.0400 -2.9754 -0.0516
v  3.0400 -2.9712 -0.0260
v  6.1699 -2.9754 -0.0516
v  6.1769 -2.9787 -0.0510
v  6.1769 -2.9740 -0.0257
v  6.1700 -2.9709 -0.0260
v  6.1800 -2.9849 -0.0497
v  6.1800 -2.9808 -0.0250
v  6.1800 -2.9977 -0.0474
v  6.1800 -2.9938 -0.0238
v  6.1773 -3.0110 -0.0448
v  6.1651 -3.0412 -0.0385
v  6.1652 -3.0380 -0.0194
v  6.1774 -3.0073 -0.0224
v  6.1523 -3.0793 -0.0310
v  6.1396 -3.1320 -0.0205
v  6.1397 -3.1304 -0.0103
v  6.1524 -3.0767 -0.0156
v  4.9767 -3.4949 -0.0517
v  4.9767 -3.4992 -0.0260
v  5.2153 -3.4992 -0.0260
v  5.2153 -3.4949 -0.0517
v  3.5076 -3.4999 0.0000
v  3.5076 -3.4991 -0.0260
v  3.2738 -3.4991 -0.0260
v  3.2738 -3.4999 0.0000
v  4.9767 -3.4798 -0.1014
v  4.9767 -3.4891 -0.0771
v  5.2153 -3.4891 -0.0771
v  5.2153 -3.4798 -0.1014
v  3.5076 -3.4948 -0.0517
v  3.5076 -3.4890 -0.0770
v  3.2738 -3.4890 -0.0770
v  3.2738 -3.4948 -0.0517
v  4.9767 -3.4553 -0.1472
v  4.9767 -3.4691 -0.1252
v  5.2153 -3.4691 -0.1252
v  5.2153 -3.4553 -0.1472
v  3.5076 -3.4797 -0.1014
v  3.5076 -3.4691 -0.1251
v  3.2738 -3.4691 -0.1251
v  3.2738 -3.4797 -0.1014
v  4.9767 -3.4224 -0.1874
v  4.9767 -3.4402 -0.1684
v  5.2153 -3.4402 -0.1684
v  5.2153 -3.4224 -0.1874
v  3.5076 -3.4551 -0.1471
v  3.5076 -3.4396 -0.1679
v  3.2738 -3.4402 -0.1684
v  3.2738 -3.4553 -0.1472
v  4.9767 -3.3822 -0.2203
v  4.9767 -3.4034 -0.2052
v  5.2153 -3.4034 -0.2052
v  5.2153 -3.3822 -0.2203
v  3.5076 -3.4222 -0.1872
v  3.5076 -3.4030 -0.2047
v  3.2738 -3.4034 -0.2052
v  3.2738 -3.4223 -0.1873
v  4.9767 -3.3364 -0.2448
v  4.9767 -3.3602 -0.2341
v  5.2153 -3.3602 -0.2341
v  5.2153 -3.3364 -0.2448
v  3.5076 -3.3822 -0.2203
v  3.5076 -3.3601 -0.2341
v  3.2738 -3.3601 -0.2341
v  3.2738 -3.3822 -0.2203
v  4.9767 -3.2867 -0.2599
v  4.9767 -3.3121 -0.2541
v  5.2153 -3.3121 -0.2541
v  5.2153 -3.2867 -0.2599
v  3.5076 -3.3364 -0.2447
v  3.5076 -3.3120 -0.2540
v  3.2738 -3.3120 -0.2540
v  3.2738 -3.3364 -0.2447
v  4.9767 -3.2350 -0.2650
v  4.9767 -3.2610 -0.2642
v  5.2153 -3.2610 -0.2642
v  5.2153 -3.2350 -0.2650
v  3.5076 -3.2867 -0.2598
v  3.5076 -3.2610 -0.2641
v  3.2738 -3.2610 -0.2641
v  3.2738 -3.2867 -0.2598
v  4.9767 -3.1833 -0.2599
v  4.9767 -3.2090 -0.2642
v  5.2153 -3.2090 -0.2642
v  5.2153 -3.1833 -0.2599
v  3.5076 -3.2350 -0.2649
v  3.5076 -3.2090 -0.2641
v  3.2738 -3.2090 -0.2641
v  3.2738 -3.2350 -0.2649
v  4.9767 -3.1336 -0.2448
v  4.9767 -3.1579 -0.2541
v  5.2153 -3.1579 -0.2541
v  5.2153 -3.1336 -0.2448
v  3.5076 -3.1833 -0.2598
v  3.5076 -3.1580 -0.2540
v  3.2738 -3.1580 -0.2540
v  3.2738 -3.1833 -0.2598
v  4.9767 -3.0878 -0.2203
v  4.9767 -3.1098 -0.2341
v  5.2153 -3.1098 -0.2341
v  5.2153 -3.0878 -0.2203
v  3.5076 -3.1336 -0.2447
v  3.5076 -3.1099 -0.2341
v  3.2738 -3.1099 -0.2341
v  3.2738 -3.1336 -0.2447
v  4.9767 -3.0476 -0.1874
v  4.9767 -3.0666 -0.2052
v  5.2153 -3.0666 -0.2052
v  5.2153 -3.0476 -0.1874
v  3.5076 -3.0878 -0.2203
v  3.5076 -3.0666 -0.2052
v  3.2738 -3.0666 -0.2052
v  3.2738 -3.0878 -0.2203
v  4.9767 -3.0147 -0.1472
v  4.9767 -3.0298 -0.1684
v  5.2153 -3.0298 -0.1684
v  5.2153 -3.0147 -0.1472
v  3.5076 -3.0477 -0.1873
v  3.5076 -3.0298 -0.1684
v  3.2738 -3.0298 -0.1684
v  3.2738 -3.0477 -0.1873
v  4.9767 -2.9902 -0.1014
v  4.9767 -3.0009 -0.1252
v  5.2153 -3.0009 -0.1252
v  5.2153 -2.9902 -0.1014
v  3.5076 -3.0147 -0.1472
v  3.5076 -3.0009 -0.1251
v  3.2738 -3.0009 -0.1251
v  3.2738 -3.0147 -0.1472
v  4.9767 -2.9751 -0.0517
v  4.9767 -2.9809 -0.0771
v  5.2153 -2.9809 -0.0771
v  5.2153 -2.9751 -0.0517
v  3.5076 -2.9903 -0.1014
v  3.5076 -2.9810 -0.0770
v  3.2738 -2.9810 -0.0770
v  3.2738 -2.9903 -0.1014
v  4.9767 -2.9700 0.0000
v  4.9767 -2.9708 -0.0260
v  5.2153 -2.9708 -0.0260
v  5.2153 -2.9700 0.0000
v  3.5076 -2.9752 -0.0517
v  3.5076 -2.9709 -0.0260
v  3.2738 -2.9709 -0.0260
v  3.2738 -2.9752 -0.0517
v  4.1902 -3.1833 -0.2599
v  4.1923 -3.1574 -0.2539
v  4.1287 -3.1576 -0.2537
v  4.1268 -3.1833 -0.2599
v  4.1902 -3.2350 -0.2650
v  4.1902 -3.2090 -0.2642
v  4.1268 -3.2090 -0.2642
v  4.1268 -3.2350 -0.2650
v  4.1902 -3.2867 -0.2599
v  4.1902 -3.2610 -0.2642
v  4.1268 -3.2610 -0.2642
v  4.1268 -3.2867 -0.2599
v  4.1902 -3.3364 -0.2448
v  4.1902 -3.3121 -0.2540
v  4.1268 -3.3121 -0.2540
v  4.1268 -3.3364 -0.2448
v  4.1902 -3.3822 -0.2203
v  4.1902 -3.3601 -0.2341
v  4.1268 -3.3601 -0.2341
v  4.1268 -3.3822 -0.2203
v  4.1902 -3.4224 -0.1874
v  4.1902 -3.4034 -0.2052
v  4.1268 -3.4034 -0.2052
v  4.1268 -3.4224 -0.1874
v  4.1902 -3.4553 -0.1472
v  4.1902 -3.4402 -0.1684
v  4.1268 -3.4402 -0.1684
v  4.1268 -3.4553 -0.1472
v  4.1902 -3.4798 -0.1014
v  4.1902 -3.4691 -0.1251
v  4.1268 -3.4691 -0.1251
v  4.1268 -3.4798 -0.1014
v  4.1902 -3.4949 -0.0517
v  4.1902 -3.4890 -0.0771
v  4.1268 -3.4890 -0.0771
v  4.1268 -3.4949 -0.0517
v  4.1902 -3.5000 0.0000
v  4.1902 -3.4992 -0.0260
v  4.1268 -3.4992 -0.0260
v  4.1268 -3.5000 0.0000
v  4.0308 -3.1168 -0.2266
v  4.0000 -3.1174 -0.2277
v  4.0000 -3.1183 -0.2329
v  4.0309 -3.1174 -0.2321
v  4.0667 -3.1128 -0.2218
v  4.0675 -3.1125 -0.2279
v  4.2081 -2.9991 -0.0958
v  4.1990 -3.0080 -0.1145
v  4.2015 -3.0038 -0.1178
v  4.2109 -2.9947 -0.0981
v  4.1331 -3.0714 -0.1877
v  4.0986 -3.1014 -0.2096
v  4.0992 -3.0986 -0.2163
v  4.1342 -3.0674 -0.1930
v  4.0687 -3.1145 -0.2336
v  4.1020 -3.0984 -0.2229
v  4.1667 -3.0392 -0.1583
v  4.1506 -3.0549 -0.1742
v  4.1522 -3.0508 -0.1792
v  4.1687 -3.0350 -0.1629
v  4.1882 -3.0186 -0.1313
v  4.1780 -3.0283 -0.1457
v  4.1801 -3.0243 -0.1501
v  4.1901 -3.0147 -0.1355
v  4.2234 -2.9841 -0.0497
v  4.2172 -2.9902 -0.0736
v  4.2202 -2.9857 -0.0754
v  4.2264 -2.9797 -0.0509
v  4.2222 -2.9904 -0.0485
v  4.2266 -2.9859 -0.0246
v  4.2264 -3.1098 -0.0247
v  4.2219 -3.1099 -0.0490
v  4.1886 -3.0248 -0.1272
v  4.1988 -3.0144 -0.1112
v  4.1973 -3.1099 -0.1135
v  4.1863 -3.1100 -0.1301
v  4.1025 -3.1100 -0.2031
v  4.1354 -3.0786 -0.1827
v  4.1364 -3.1105 -0.1817
v  4.1521 -3.0619 -0.1694
v  4.1512 -3.1103 -0.1701
v  4.1675 -3.0462 -0.1538
v  4.1787 -3.0350 -0.1413
v  4.1762 -3.1100 -0.1441
v  4.1647 -3.1100 -0.1568
v  4.2073 -3.0057 -0.0934
v  4.2162 -2.9966 -0.0718
v  4.2158 -3.1098 -0.0729
v  4.2062 -3.1098 -0.0957
v  4.2032 -3.1200 -0.0454
v  4.2028 -3.1200 -0.0202
v  4.0000 -3.1200 0.0000
v  4.1700 -3.1200 -0.1191
v  4.1800 -3.1200 -0.1041
v  4.1231 -3.1200 -0.1676
v  4.0922 -3.1200 -0.1859
v  4.0284 -3.1200 -0.2055
v  4.0573 -3.1200 -0.1993
v  4.1373 -3.1200 -0.1564
v  4.1500 -3.1200 -0.1436
v  4.1575 -3.1200 -0.1293
v  4.1882 -3.1200 -0.0880
v  4.1974 -3.1200 -0.0672
v  4.2288 -2.9789 0.0000
v  4.2279 -2.9797 -0.0252
v  4.2310 -2.9753 -0.0258
v  4.2318 -2.9744 0.0000
v  3.9971 -3.1200 -0.2072
v  4.2192 -3.1165 -0.0486
v  4.2235 -3.1166 -0.0245
v  4.2170 -3.1200 -0.0240
v  4.2130 -3.1200 -0.0475
v  4.1337 -3.1168 -0.1800
v  4.1487 -3.1168 -0.1683
v  4.1439 -3.1200 -0.1640
v  4.1290 -3.1200 -0.1757
v  4.1623 -3.1168 -0.1549
v  4.1737 -3.1168 -0.1423
v  4.1684 -3.1200 -0.1382
v  4.1572 -3.1200 -0.1505
v  4.1837 -3.1167 -0.1285
v  4.1947 -3.1167 -0.1122
v  4.1887 -3.1200 -0.1091
v  4.1782 -3.1200 -0.1249
v  4.2035 -3.1166 -0.0948
v  4.2130 -3.1165 -0.0723
v  4.2069 -3.1200 -0.0704
v  4.1973 -3.1200 -0.0922
v  4.1003 -3.1168 -0.2005
v  4.0966 -3.1200 -0.1949
v  4.0298 -3.1200 -0.2154
v  4.0000 -3.1200 -0.2174
v  4.0000 -3.1188 -0.2217
v  4.0307 -3.1185 -0.2202
v  4.0648 -3.1189 -0.2121
v  4.0632 -3.1200 -0.2083
v  4.0661 -3.1164 -0.2152
v  4.0311 -3.1201 -0.2371
v  4.0000 -3.1209 -0.2376
v  4.0000 -3.1259 -0.2415
v  4.0315 -3.1254 -0.2413
v  4.0709 -3.1198 -0.2387
v  4.2154 -2.9918 -0.1005
v  4.2056 -3.0012 -0.1211
v  4.2124 -3.0007 -0.1247
v  4.2222 -2.9909 -0.1031
v  4.1375 -3.0655 -0.1986
v  4.1092 -3.1025 -0.2295
v  4.1453 -3.0667 -0.2057
v  4.1728 -3.0329 -0.1676
v  4.1559 -3.0487 -0.1843
v  4.1634 -3.0497 -0.1904
v  4.1800 -3.0338 -0.1723
v  4.1939 -3.0125 -0.1397
v  4.1840 -3.0221 -0.1545
v  4.1909 -3.0227 -0.1591
v  4.2005 -3.0126 -0.1443
v  4.2309 -2.9767 -0.0522
v  4.2247 -2.9828 -0.0772
v  4.2312 -2.9817 -0.0791
v  4.2372 -2.9755 -0.0534
v  4.2363 -2.9714 0.0000
v  4.2354 -2.9722 -0.0264
v  4.2416 -2.9709 -0.0270
v  4.2425 -2.9700 0.0000
v  4.2275 -2.9850 0.0000
v  3.9692 -3.1168 -0.2266
v  3.9691 -3.1174 -0.2321
v  3.9333 -3.1128 -0.2218
v  3.9325 -3.1125 -0.2279
v  3.8118 -3.0186 -0.1313
v  3.8009 -3.0080 -0.1145
v  3.7985 -3.0038 -0.1178
v  3.8098 -3.0147 -0.1355
v  3.9014 -3.1014 -0.2096
v  3.8669 -3.0714 -0.1877
v  3.8657 -3.0674 -0.1930
v  3.9008 -3.0986 -0.2163
v  3.8980 -3.0984 -0.2229
v  3.9313 -3.1145 -0.2336
v  3.8494 -3.0549 -0.1742
v  3.8478 -3.0508 -0.1792
v  3.8333 -3.0392 -0.1583
v  3.8220 -3.0283 -0.1457
v  3.8199 -3.0243 -0.1501
v  3.8312 -3.0350 -0.1629
v  3.7919 -2.9991 -0.0958
v  3.7828 -2.9902 -0.0736
v  3.7797 -2.9857 -0.0754
v  3.7890 -2.9947 -0.0981
v  3.7778 -2.9904 -0.0485
v  3.7781 -3.1099 -0.0490
v  3.7735 -3.1098 -0.0247
v  3.7734 -2.9859 -0.0246
v  3.8113 -3.0248 -0.1272
v  3.8137 -3.1100 -0.1301
v  3.8026 -3.1099 -0.1135
v  3.8012 -3.0144 -0.1112
v  3.8975 -3.1100 -0.2031
v  3.8636 -3.1105 -0.1817
v  3.8646 -3.0786 -0.1827
v  3.8487 -3.1103 -0.1701
v  3.8479 -3.0619 -0.1694
v  3.8324 -3.0462 -0.1538
v  3.8353 -3.1100 -0.1568
v  3.8237 -3.1100 -0.1441
v  3.8213 -3.0350 -0.1413
v  3.7927 -3.0057 -0.0934
v  3.7937 -3.1098 -0.0957
v  3.7842 -3.1098 -0.0729
v  3.7838 -2.9966 -0.0718
v  3.7968 -3.1200 -0.0454
v  3.7944 -3.1200 -0.0229
v  3.8300 -3.1200 -0.1191
v  3.8200 -3.1200 -0.1041
v  3.8769 -3.1200 -0.1676
v  3.9078 -3.1200 -0.1859
v  3.9716 -3.1200 -0.2055
v  3.9399 -3.1200 -0.1980
v  3.8627 -3.1200 -0.1564
v  3.8500 -3.1200 -0.1436
v  3.8419 -3.1200 -0.1298
v  3.8118 -3.1200 -0.0880
v  3.8025 -3.1200 -0.0672
v  3.7766 -2.9841 -0.0497
v  3.7721 -2.9797 -0.0252
v  3.7690 -2.9753 -0.0258
v  3.7735 -2.9797 -0.0509
v  3.7757 -3.1167 0.0000
v  3.7764 -3.1166 -0.0245
v  3.7830 -3.1200 -0.0240
v  3.7825 -3.1200 0.0000
v  3.7808 -3.1165 -0.0486
v  3.8377 -3.1168 -0.1549
v  3.8512 -3.1168 -0.1683
v  3.8561 -3.1200 -0.1640
v  3.8427 -3.1200 -0.1505
v  3.8663 -3.1168 -0.1800
v  3.8162 -3.1167 -0.1285
v  3.8262 -3.1168 -0.1423
v  3.8316 -3.1200 -0.1382
v  3.8218 -3.1200 -0.1249
v  3.7965 -3.1166 -0.0948
v  3.8053 -3.1167 -0.1122
v  3.8112 -3.1200 -0.1091
v  3.8027 -3.1200 -0.0922
v  3.7869 -3.1165 -0.0723
v  3.7931 -3.1200 -0.0704
v  3.7870 -3.1200 -0.0475
v  3.8996 -3.1168 -0.2005
v  3.9034 -3.1200 -0.1949
v  3.8709 -3.1200 -0.1757
v  3.9702 -3.1200 -0.2154
v  3.9693 -3.1185 -0.2202
v  3.9352 -3.1189 -0.2121
v  3.9368 -3.1200 -0.2083
v  3.9339 -3.1164 -0.2152
v  3.9689 -3.1201 -0.2371
v  3.9685 -3.1254 -0.2413
v  3.9290 -3.1198 -0.2387
v  3.8061 -3.0125 -0.1397
v  3.7944 -3.0012 -0.1211
v  3.7876 -3.0007 -0.1247
v  3.7994 -3.0126 -0.1443
v  3.8624 -3.0655 -0.1986
v  3.8547 -3.0667 -0.2057
v  3.8908 -3.1025 -0.2295
v  3.8441 -3.0487 -0.1843
v  3.8366 -3.0497 -0.1904
v  3.8271 -3.0329 -0.1676
v  3.8160 -3.0221 -0.1545
v  3.8091 -3.0227 -0.1591
v  3.8199 -3.0338 -0.1723
v  3.7846 -2.9918 -0.1005
v  3.7752 -2.9828 -0.0772
v  3.7687 -2.9817 -0.0791
v  3.7778 -2.9909 -0.1031
v  3.7690 -2.9767 -0.0522
v  3.7645 -2.9722 -0.0264
v  3.7583 -2.9709 -0.0270
v  3.7627 -2.9755 -0.0534
v  3.7712 -2.9789 0.0000
v  3.7725 -2.9850 0.0000
v  3.9371 -3.1833 -0.2598
v  3.9371 -3.1587 -0.2540
v  3.8725 -3.1577 -0.2537
v  3.8743 -3.1833 -0.2598
v  3.9371 -3.2350 -0.2650
v  3.9371 -3.2090 -0.2635
v  3.8743 -3.2090 -0.2641
v  3.8743 -3.2350 -0.2649
v  3.9371 -3.2867 -0.2598
v  3.9371 -3.2610 -0.2636
v  3.8743 -3.2610 -0.2641
v  3.8743 -3.2867 -0.2598
v  3.9371 -3.3364 -0.2448
v  3.9371 -3.3121 -0.2540
v  3.8743 -3.3121 -0.2540
v  3.8743 -3.3364 -0.2448
v  3.9371 -3.3822 -0.2203
v  3.9371 -3.3601 -0.2341
v  3.8743 -3.3601 -0.2341
v  3.8743 -3.3822 -0.2203
v  3.9371 -3.4223 -0.1873
v  3.9371 -3.4034 -0.2052
v  3.8743 -3.4034 -0.2052
v  3.8743 -3.4223 -0.1873
v  3.9371 -3.4553 -0.1472
v  3.9371 -3.4402 -0.1684
v  3.8743 -3.4402 -0.1684
v  3.8743 -3.4553 -0.1472
v  3.9371 -3.4798 -0.1014
v  3.9371 -3.4691 -0.1251
v  3.8743 -3.4691 -0.1251
v  3.8743 -3.4798 -0.1014
v  3.9371 -3.4949 -0.0517
v  3.9371 -3.4890 -0.0771
v  3.8743 -3.4890 -0.0770
v  3.8743 -3.4948 -0.0517
v  3.9371 -3.4999 0.0000
v  3.9371 -3.4992 -0.0260
v  3.8743 -3.4992 -0.0260
v  3.8743 -3.4999 0.0000
v  4.0634 -3.1833 -0.2599
v  4.0634 -3.1587 -0.2540
v  4.0000 -3.1588 -0.2539
v  4.0000 -3.1833 -0.2599
v  4.1902 -3.1336 -0.2448
v  4.2607 -3.1585 -0.2544
v  4.2607 -3.1336 -0.2448
v  4.0634 -3.2350 -0.2650
v  4.0634 -3.2090 -0.2642
v  4.0000 -3.2090 -0.2642
v  4.0000 -3.2350 -0.2649
v  4.2607 -3.2090 -0.2642
v  4.2607 -3.1833 -0.2599
v  4.0634 -3.2867 -0.2599
v  4.0634 -3.2610 -0.2642
v  4.0000 -3.2610 -0.2642
v  4.0000 -3.2867 -0.2599
v  4.2607 -3.2610 -0.2642
v  4.2607 -3.2350 -0.2650
v  4.0634 -3.3364 -0.2448
v  4.0634 -3.3121 -0.2540
v  4.0000 -3.3121 -0.2540
v  4.0000 -3.3364 -0.2448
v  4.2607 -3.3121 -0.2541
v  4.2607 -3.2867 -0.2599
v  4.0634 -3.3822 -0.2203
v  4.0634 -3.3601 -0.2341
v  4.0000 -3.3601 -0.2341
v  4.0000 -3.3822 -0.2203
v  4.2607 -3.3602 -0.2341
v  4.2607 -3.3364 -0.2448
v  4.0634 -3.4224 -0.1874
v  4.0634 -3.4034 -0.2052
v  4.0000 -3.4034 -0.2052
v  4.0000 -3.4223 -0.1873
v  4.2607 -3.4034 -0.2052
v  4.2607 -3.3822 -0.2203
v  4.0634 -3.4553 -0.1472
v  4.0634 -3.4402 -0.1684
v  4.0000 -3.4402 -0.1684
v  4.0000 -3.4553 -0.1472
v  4.2607 -3.4402 -0.1684
v  4.2607 -3.4224 -0.1874
v  4.0634 -3.4798 -0.1014
v  4.0634 -3.4691 -0.1251
v  4.0000 -3.4691 -0.1251
v  4.0000 -3.4798 -0.1014
v  4.2607 -3.4691 -0.1251
v  4.2607 -3.4553 -0.1472
v  4.0634 -3.4949 -0.0517
v  4.0634 -3.4890 -0.0771
v  4.0000 -3.4890 -0.0771
v  4.0000 -3.4949 -0.0517
v  4.2607 -3.4891 -0.0771
v  4.2607 -3.4798 -0.1014
v  4.0634 -3.5000 0.0000
v  4.0634 -3.4992 -0.0260
v  4.0000 -3.4992 -0.0260
v  4.0000 -3.5000 0.0000
v  4.2607 -3.4992 -0.0260
v  4.2607 -3.4949 -0.0517
v  3.8114 -3.1833 -0.2598
v  3.8093 -3.1574 -0.2539
v  3.7414 -3.1585 -0.2543
v  3.7414 -3.1833 -0.2598
v  3.9371 -3.1336 -0.2448
v  4.0000 -3.1336 -0.2448
v  3.8114 -3.2350 -0.2649
v  3.8114 -3.2090 -0.2641
v  3.7414 -3.2090 -0.2641
v  3.7414 -3.2350 -0.2649
v  3.8114 -3.2867 -0.2598
v  3.8114 -3.2610 -0.2641
v  3.7414 -3.2610 -0.2641
v  3.7414 -3.2867 -0.2598
v  3.8114 -3.3364 -0.2448
v  3.8114 -3.3120 -0.2540
v  3.7414 -3.3120 -0.2540
v  3.7414 -3.3364 -0.2447
v  3.8114 -3.3822 -0.2203
v  3.8114 -3.3601 -0.2341
v  3.7414 -3.3601 -0.2341
v  3.7414 -3.3822 -0.2203
v  3.8114 -3.4223 -0.1873
v  3.8114 -3.4034 -0.2052
v  3.7414 -3.4034 -0.2052
v  3.7414 -3.4223 -0.1873
v  3.8114 -3.4553 -0.1472
v  3.8114 -3.4402 -0.1684
v  3.7414 -3.4402 -0.1684
v  3.7414 -3.4553 -0.1472
v  3.8114 -3.4798 -0.1014
v  3.8114 -3.4691 -0.1251
v  3.7414 -3.4691 -0.1251
v  3.7414 -3.4797 -0.1014
v  3.8114 -3.4948 -0.0517
v  3.8114 -3.4890 -0.0770
v  3.7414 -3.4890 -0.0770
v  3.7414 -3.4948 -0.0517
v  3.8114 -3.4999 0.0000
v  3.8114 -3.4991 -0.0260
v  3.7414 -3.4991 -0.0260
v  3.7414 -3.4999 0.0000
v  3.9680 -3.1309 -0.2436
v  4.0634 -3.1336 -0.2448
v  4.0320 -3.1309 -0.2436
v  3.9272 -3.1251 -0.2411
v  4.0728 -3.1251 -0.2411
v  4.2431 -2.9757 -0.0545
v  4.2607 -2.9751 -0.0517
v  4.2607 -2.9708 -0.0260
v  4.2477 -2.9710 -0.0276
v  3.7514 -2.9701 0.0000
v  3.7414 -2.9701 0.0000
v  3.7414 -2.9709 -0.0260
v  3.7523 -2.9710 -0.0276
v  4.2607 -3.1093 -0.2336
v  4.1500 -3.0698 -0.2078
v  4.1268 -3.1336 -0.2448
v  4.1130 -3.1068 -0.2316
v  4.2278 -2.9918 -0.1050
v  4.2607 -2.9902 -0.1014
v  4.2607 -2.9809 -0.0771
v  4.2371 -2.9822 -0.0807
v  4.2059 -3.0142 -0.1466
v  4.2607 -3.0147 -0.1472
v  4.2607 -3.0009 -0.1251
v  4.2179 -3.0019 -0.1269
v  4.1850 -3.0361 -0.1746
v  4.2607 -3.0476 -0.1874
v  4.2607 -3.0298 -0.1684
v  4.1961 -3.0246 -0.1615
v  4.2607 -3.0878 -0.2203
v  4.2607 -3.0666 -0.2052
v  4.1685 -3.0516 -0.1924
v  3.7414 -3.0878 -0.2203
v  3.7414 -3.1094 -0.2335
v  3.8500 -3.0698 -0.2078
v  3.8869 -3.1068 -0.2316
v  3.8743 -3.1336 -0.2448
v  3.8114 -3.1336 -0.2448
v  3.7414 -2.9903 -0.1014
v  3.7721 -2.9918 -0.1050
v  3.7629 -2.9822 -0.0807
v  3.7414 -2.9810 -0.0770
v  3.7414 -3.0147 -0.1472
v  3.7941 -3.0142 -0.1466
v  3.7821 -3.0019 -0.1269
v  3.7414 -3.0009 -0.1251
v  3.7414 -3.0477 -0.1873
v  3.8149 -3.0361 -0.1746
v  3.8039 -3.0246 -0.1614
v  3.7414 -3.0298 -0.1684
v  3.7414 -3.1336 -0.2447
v  3.8314 -3.0516 -0.1924
v  3.7414 -3.0666 -0.2052
v  3.7575 -2.9700 0.0000
v  3.7568 -2.9758 -0.0545
v  3.0776 -3.2867 0.0051
v  3.0703 -3.3397 0.0103
v  3.0576 -3.3933 0.0156
v  3.0393 -3.4467 0.0208
v  3.0300 -3.4693 0.0231
v  3.0300 -3.4891 0.0250
v  3.0331 -3.4960 0.0257
v  3.0400 -3.4988 0.0260
v  6.1700 -3.4991 0.0260
v  6.1769 -3.4958 0.0257
v  6.1800 -3.4892 0.0250
v  6.1800 -3.4762 0.0238
v  6.1774 -3.4627 0.0224
v  6.1652 -3.4320 0.0194
v  6.1524 -3.3933 0.0156
v  6.1397 -3.3397 0.0103
v  3.0776 -3.2859 0.0101
v  3.0776 -3.2847 0.0151
v  3.0703 -3.3357 0.0305
v  3.0703 -3.3380 0.0205
v  3.0576 -3.3872 0.0462
v  3.0577 -3.3907 0.0310
v  3.0393 -3.4386 0.0617
v  3.0394 -3.4433 0.0414
v  3.0300 -3.4603 0.0683
v  3.0300 -3.4654 0.0458
v  3.0300 -3.4794 0.0741
v  3.0300 -3.4850 0.0497
v  3.0330 -3.4861 0.0762
v  3.0330 -3.4918 0.0511
v  3.0400 -3.4888 0.0770
v  3.0400 -3.4946 0.0516
v  6.1699 -3.4946 0.0516
v  6.1699 -3.4887 0.0770
v  6.1769 -3.4855 0.0760
v  6.1769 -3.4913 0.0510
v  6.1800 -3.4794 0.0741
v  6.1800 -3.4851 0.0497
v  6.1800 -3.4670 0.0704
v  6.1800 -3.4723 0.0474
v  6.1773 -3.4590 0.0448
v  6.1775 -3.4540 0.0664
v  6.1652 -3.4244 0.0575
v  6.1651 -3.4288 0.0385
v  6.1523 -3.3907 0.0310
v  6.1524 -3.3872 0.0462
v  6.1397 -3.3357 0.0305
v  6.1396 -3.3380 0.0205
v  3.0776 -3.2829 0.0198
v  3.0776 -3.2808 0.0245
v  3.0703 -3.3278 0.0496
v  3.0703 -3.3320 0.0402
v  3.0576 -3.3753 0.0750
v  3.0577 -3.3817 0.0608
v  3.0393 -3.4226 0.1003
v  3.0395 -3.4312 0.0813
v  3.0300 -3.4426 0.1110
v  3.0300 -3.4521 0.0899
v  3.0300 -3.4602 0.1204
v  3.0300 -3.4705 0.0975
v  3.0330 -3.4664 0.1237
v  3.0330 -3.4769 0.1002
v  3.0400 -3.4689 0.1250
v  3.0400 -3.4796 0.1013
v  6.1699 -3.4795 0.1013
v  6.1699 -3.4688 0.1250
v  6.1769 -3.4658 0.1234
v  6.1769 -3.4763 0.1000
v  6.1800 -3.4603 0.1204
v  6.1800 -3.4706 0.0976
v  6.1800 -3.4488 0.1143
v  6.1800 -3.4584 0.0928
v  6.1773 -3.4460 0.0876
v  6.1774 -3.4368 0.1079
v  6.1652 -3.4096 0.0933
v  6.1651 -3.4176 0.0756
v  6.1523 -3.3817 0.0608
v  6.1524 -3.3753 0.0750
v  6.1397 -3.3278 0.0496
v  6.1396 -3.3320 0.0402
v  3.0776 -3.2781 0.0288
v  3.0776 -3.2752 0.0330
v  3.0703 -3.3163 0.0667
v  3.0703 -3.3223 0.0583
v  3.0576 -3.3579 0.1009
v  3.0577 -3.3670 0.0882
v  3.0393 -3.3994 0.1350
v  3.0395 -3.4116 0.1180
v  3.0300 -3.4170 0.1493
v  3.0300 -3.4304 0.1305
v  3.0300 -3.4324 0.1620
v  3.0300 -3.4469 0.1416
v  3.0332 -3.4377 0.1664
v  3.0331 -3.4527 0.1454
v  3.0401 -3.4398 0.1681
v  3.0400 -3.4550 0.1470
v  6.1699 -3.4551 0.1471
v  6.1700 -3.4402 0.1684
v  6.1769 -3.4376 0.1663
v  6.1769 -3.4523 0.1452
v  6.1800 -3.4325 0.1620
v  6.1800 -3.4470 0.1416
v  6.1800 -3.4224 0.1538
v  6.1800 -3.4361 0.1346
v  6.1773 -3.4249 0.1271
v  6.1774 -3.4119 0.1452
v  6.1652 -3.3880 0.1256
v  6.1651 -3.3993 0.1098
v  6.1523 -3.3670 0.0882
v  6.1523 -3.3579 0.1009
v  6.1397 -3.3163 0.0667
v  6.1396 -3.3223 0.0583
v  3.0777 -3.2717 0.0367
v  3.0776 -3.2680 0.0402
v  3.0703 -3.3017 0.0813
v  3.0704 -3.3092 0.0742
v  3.0576 -3.3359 0.1229
v  3.0577 -3.3473 0.1123
v  3.0393 -3.3700 0.1644
v  3.0395 -3.3852 0.1502
v  3.0300 -3.3843 0.1820
v  3.0300 -3.4011 0.1661
v  3.0300 -3.3970 0.1974
v  3.0300 -3.4152 0.1802
v  3.0333 -3.4013 0.2026
v  3.0332 -3.4200 0.1850
v  3.0401 -3.4030 0.2046
v  3.0401 -3.4219 0.1869
v  6.1700 -3.4224 0.1874
v  6.1700 -3.4034 0.2051
v  6.1769 -3.4014 0.2028
v  6.1769 -3.4201 0.1851
v  6.1800 -3.3971 0.1975
v  6.1800 -3.4153 0.1803
v  6.1800 -3.3888 0.1874
v  6.1800 -3.4059 0.1712
v  6.1773 -3.3964 0.1617
v  6.1774 -3.3802 0.1769
v  6.1652 -3.3606 0.1530
v  6.1651 -3.3748 0.1396
v  6.1523 -3.3473 0.1123
v  6.1524 -3.3359 0.1230
v  6.1397 -3.3017 0.0813
v  6.1396 -3.3092 0.0742
v  3.0776 -3.2638 0.0431
v  3.0776 -3.2595 0.0458
v  3.0703 -3.2846 0.0928
v  3.0703 -3.2933 0.0873
v  3.0576 -3.3100 0.1403
v  3.0577 -3.3232 0.1320
v  3.0393 -3.3353 0.1876
v  3.0395 -3.3530 0.1766
v  3.0300 -3.3460 0.2076
v  3.0300 -3.3655 0.1954
v  3.0301 -3.3554 0.2252
v  3.0300 -3.3766 0.2119
v  3.0333 -3.3585 0.2311
v  3.0333 -3.3803 0.2175
v  3.0401 -3.3597 0.2334
v  3.0401 -3.3818 0.2196
v  6.1699 -3.3821 0.2201
v  6.1699 -3.3600 0.2338
v  6.1769 -3.3587 0.2315
v  6.1769 -3.3805 0.2178
v  6.1800 -3.3554 0.2253
v  6.1800 -3.3767 0.2120
v  6.1800 -3.3493 0.2138
v  6.1800 -3.3692 0.2013
v  6.1773 -3.3618 0.1901
v  6.1774 -3.3429 0.2018
v  6.1652 -3.3283 0.1746
v  6.1651 -3.3448 0.1643
v  6.1523 -3.3232 0.1320
v  6.1524 -3.3100 0.1402
v  6.1397 -3.2846 0.0928
v  6.1396 -3.2933 0.0873
v  3.0776 -3.2548 0.0479
v  3.0776 -3.2501 0.0497
v  3.0703 -3.2655 0.1006
v  3.0703 -3.2752 0.0970
v  3.0576 -3.2812 0.1522
v  3.0577 -3.2958 0.1467
v  3.0393 -3.2968 0.2036
v  3.0395 -3.3163 0.1962
v  3.0300 -3.3033 0.2253
v  3.0300 -3.3249 0.2171
v  3.0301 -3.3091 0.2444
v  3.0301 -3.3325 0.2355
v  3.0334 -3.3111 0.2507
v  3.0334 -3.3351 0.2416
v  3.0402 -3.3118 0.2532
v  3.0401 -3.3361 0.2440
v  6.1699 -3.3363 0.2445
v  6.1699 -3.3120 0.2539
v  6.1769 -3.3112 0.2513
v  6.1769 -3.3353 0.2421
v  6.1800 -3.3092 0.2444
v  6.1800 -3.3326 0.2356
v  6.1800 -3.3054 0.2320
v  6.1800 -3.3274 0.2236
v  6.1773 -3.3223 0.2112
v  6.1775 -3.3014 0.2190
v  6.1652 -3.2925 0.1894
v  6.1651 -3.3106 0.1826
v  6.1523 -3.2958 0.1467
v  6.1524 -3.2812 0.1522
v  6.1397 -3.2655 0.1007
v  6.1396 -3.2752 0.0970
v  3.0776 -3.2451 0.0509
v  3.0776 -3.2401 0.0517
v  3.0703 -3.2453 0.1047
v  3.0703 -3.2555 0.1030
v  3.0576 -3.2506 0.1583
v  3.0577 -3.2660 0.1557
v  3.0393 -3.2559 0.2117
v  3.0394 -3.2764 0.2083
v  3.0300 -3.2581 0.2343
v  3.0300 -3.2808 0.2304
v  3.0300 -3.2600 0.2541
v  3.0300 -3.2847 0.2500
v  3.0331 -3.2607 0.2610
v  3.0333 -3.2860 0.2565
v  3.0401 -3.2609 0.2638
v  3.0401 -3.2865 0.2591
v  6.1700 -3.2867 0.2599
v  6.1700 -3.2610 0.2643
v  6.1769 -3.2607 0.2612
v  6.1769 -3.2861 0.2571
v  6.1800 -3.2600 0.2542
v  6.1800 -3.2847 0.2501
v  6.1800 -3.2588 0.2412
v  6.1800 -3.2820 0.2373
v  6.1773 -3.2794 0.2241
v  6.1774 -3.2574 0.2277
v  6.1652 -3.2544 0.1970
v  6.1651 -3.2736 0.1938
v  6.1523 -3.2660 0.1557
v  6.1524 -3.2506 0.1583
v  6.1397 -3.2453 0.1047
v  6.1396 -3.2555 0.1030
v  3.0777 -3.2350 0.0518
v  3.0776 -3.2299 0.0517
v  3.0703 -3.2247 0.1047
v  3.0704 -3.2350 0.1050
v  3.0576 -3.2194 0.1583
v  3.0577 -3.2350 0.1588
v  3.0393 -3.2142 0.2117
v  3.0395 -3.2350 0.2124
v  3.0300 -3.2119 0.2343
v  3.0300 -3.2350 0.2349
v  3.0300 -3.2100 0.2541
v  3.0300 -3.2350 0.2549
v  3.0329 -3.2093 0.2612
v  3.0329 -3.2350 0.2620
v  3.0400 -3.2090 0.2641
v  3.0400 -3.2350 0.2649
v  6.1700 -3.2350 0.2650
v  6.1700 -3.2090 0.2643
v  6.1769 -3.2093 0.2609
v  6.1769 -3.2350 0.2618
v  6.1800 -3.2100 0.2542
v  6.1800 -3.2350 0.2550
v  6.1800 -3.2112 0.2412
v  6.1800 -3.2348 0.2419
v  6.1773 -3.2348 0.2285
v  6.1774 -3.2126 0.2277
v  6.1652 -3.2156 0.1970
v  6.1651 -3.2350 0.1976
v  6.1523 -3.2350 0.1588
v  6.1524 -3.2194 0.1583
v  6.1397 -3.2247 0.1047
v  6.1396 -3.2350 0.1050
v  3.0776 -3.2249 0.0509
v  3.0776 -3.2199 0.0497
v  3.0703 -3.2045 0.1006
v  3.0703 -3.2145 0.1030
v  3.0576 -3.1888 0.1522
v  3.0577 -3.2040 0.1557
v  3.0393 -3.1733 0.2036
v  3.0394 -3.1936 0.2083
v  3.0300 -3.1667 0.2253
v  3.0300 -3.1892 0.2304
v  3.0300 -3.1609 0.2444
v  3.0300 -3.1853 0.2500
v  3.0330 -3.1588 0.2511
v  3.0330 -3.1839 0.2568
v  3.0400 -3.1580 0.2538
v  3.0400 -3.1834 0.2596
v  6.1700 -3.1833 0.2599
v  6.1699 -3.1580 0.2539
v  6.1769 -3.1590 0.2505
v  6.1769 -3.1840 0.2565
v  6.1800 -3.1609 0.2444
v  6.1800 -3.1853 0.2501
v  6.1800 -3.1646 0.2320
v  6.1800 -3.1876 0.2373
v  6.1773 -3.1902 0.2240
v  6.1775 -3.1686 0.2190
v  6.1652 -3.1775 0.1894
v  6.1651 -3.1965 0.1938
v  6.1523 -3.2040 0.1557
v  6.1524 -3.1888 0.1522
v  6.1397 -3.2045 0.1007
v  6.1396 -3.2145 0.1030
v  3.0776 -3.2152 0.0479
v  3.0776 -3.2105 0.0458
v  3.0703 -3.1854 0.0928
v  3.0703 -3.1948 0.0970
v  3.0576 -3.1600 0.1403
v  3.0577 -3.1742 0.1467
v  3.0394 -3.1347 0.1876
v  3.0395 -3.1537 0.1962
v  3.0300 -3.1240 0.2076
v  3.0300 -3.1451 0.2171
v  3.0300 -3.1146 0.2252
v  3.0300 -3.1375 0.2355
v  3.0330 -3.1113 0.2314
v  3.0330 -3.1348 0.2419
v  3.0400 -3.1100 0.2339
v  3.0400 -3.1337 0.2446
v  6.1699 -3.1337 0.2445
v  6.1699 -3.1100 0.2338
v  6.1769 -3.1116 0.2308
v  6.1769 -3.1350 0.2413
v  6.1800 -3.1146 0.2253
v  6.1800 -3.1374 0.2355
v  6.1800 -3.1207 0.2138
v  6.1800 -3.1422 0.2234
v  6.1773 -3.1474 0.2110
v  6.1774 -3.1271 0.2018
v  6.1652 -3.1417 0.1746
v  6.1651 -3.1594 0.1826
v  6.1523 -3.1742 0.1467
v  6.1524 -3.1600 0.1403
v  6.1397 -3.1854 0.0928
v  6.1396 -3.1948 0.0970
v  3.0776 -3.2062 0.0431
v  3.0776 -3.2021 0.0402
v  3.0703 -3.1683 0.0813
v  3.0703 -3.1767 0.0873
v  3.0576 -3.1341 0.1229
v  3.0577 -3.1468 0.1320
v  3.0393 -3.1000 0.1644
v  3.0395 -3.1170 0.1766
v  3.0300 -3.0857 0.1820
v  3.0300 -3.1045 0.1954
v  3.0300 -3.0730 0.1974
v  3.0300 -3.0934 0.2119
v  3.0332 -3.0687 0.2027
v  3.0331 -3.0896 0.2177
v  3.0401 -3.0669 0.2048
v  3.0401 -3.0880 0.2200
v  6.1699 -3.0879 0.2201
v  6.1700 -3.0666 0.2051
v  6.1769 -3.0687 0.2026
v  6.1769 -3.0898 0.2173
v  6.1800 -3.0730 0.1975
v  6.1800 -3.0934 0.2120
v  6.1800 -3.0812 0.1874
v  6.1800 -3.1004 0.2011
v  6.1773 -3.1079 0.1899
v  6.1774 -3.0898 0.1769
v  6.1652 -3.1094 0.1530
v  6.1651 -3.1252 0.1643
v  6.1523 -3.1468 0.1320
v  6.1523 -3.1341 0.1229
v  6.1397 -3.1683 0.0813
v  6.1396 -3.1767 0.0873
v  3.0777 -3.1983 0.0367
v  3.0776 -3.1948 0.0330
v  3.0703 -3.1537 0.0667
v  3.0704 -3.1608 0.0742
v  3.0576 -3.1121 0.1009
v  3.0577 -3.1227 0.1123
v  3.0393 -3.0706 0.1350
v  3.0395 -3.0848 0.1502
v  3.0300 -3.0530 0.1493
v  3.0300 -3.0689 0.1661
v  3.0300 -3.0376 0.1620
v  3.0300 -3.0548 0.1802
v  3.0333 -3.0324 0.1663
v  3.0332 -3.0500 0.1850
v  3.0401 -3.0304 0.1679
v  3.0401 -3.0481 0.1869
v  6.1700 -3.0476 0.1874
v  6.1700 -3.0299 0.1684
v  6.1769 -3.0322 0.1664
v  6.1769 -3.0499 0.1851
v  6.1800 -3.0375 0.1621
v  6.1800 -3.0547 0.1803
v  6.1800 -3.0476 0.1538
v  6.1800 -3.0638 0.1709
v  6.1773 -3.0733 0.1614
v  6.1774 -3.0581 0.1452
v  6.1652 -3.0820 0.1256
v  6.1651 -3.0953 0.1397
v  6.1523 -3.1227 0.1123
v  6.1523 -3.1121 0.1009
v  6.1397 -3.1537 0.0667
v  6.1396 -3.1608 0.0742
v  3.0776 -3.1919 0.0288
v  3.0776 -3.1892 0.0245
v  3.0703 -3.1422 0.0496
v  3.0703 -3.1477 0.0583
v  3.0576 -3.0947 0.0750
v  3.0577 -3.1030 0.0882
v  3.0393 -3.0474 0.1003
v  3.0395 -3.0584 0.1180
v  3.0300 -3.0274 0.1110
v  3.0300 -3.0397 0.1305
v  3.0301 -3.0098 0.1204
v  3.0300 -3.0231 0.1416
v  3.0334 -3.0039 0.1235
v  3.0333 -3.0175 0.1453
v  3.0401 -3.0017 0.1247
v  3.0401 -3.0154 0.1468
v  6.1699 -3.0149 0.1471
v  6.1699 -3.0012 0.1250
v  6.1769 -3.0035 0.1237
v  6.1769 -3.0172 0.1455
v  6.1800 -3.0097 0.1204
v  6.1800 -3.0230 0.1417
v  6.1800 -3.0212 0.1143
v  6.1800 -3.0337 0.1342
v  6.1773 -3.0449 0.1268
v  6.1774 -3.0332 0.1079
v  6.1652 -3.0604 0.0933
v  6.1651 -3.0707 0.1098
v  6.1523 -3.1030 0.0882
v  6.1524 -3.0948 0.0750
v  6.1397 -3.1422 0.0496
v  6.1396 -3.1477 0.0583
v  3.0776 -3.1871 0.0198
v  3.0776 -3.1853 0.0151
v  3.0703 -3.1344 0.0305
v  3.0703 -3.1380 0.0402
v  3.0576 -3.0828 0.0462
v  3.0577 -3.0883 0.0608
v  3.0393 -3.0314 0.0618
v  3.0395 -3.0388 0.0813
v  3.0300 -3.0098 0.0683
v  3.0300 -3.0179 0.0899
v  3.0301 -2.9906 0.0741
v  3.0301 -2.9995 0.0975
v  3.0334 -2.9843 0.0761
v  3.0334 -2.9934 0.1001
v  3.0401 -2.9818 0.0768
v  3.0401 -2.9910 0.1011
v  6.1699 -2.9905 0.1013
v  6.1699 -2.9812 0.0770
v  6.1769 -2.9838 0.0762
v  6.1769 -2.9929 0.1003
v  6.1800 -2.9906 0.0742
v  6.1800 -2.9994 0.0976
v  6.1800 -3.0030 0.0704
v  6.1800 -3.0114 0.0924
v  6.1773 -3.0238 0.0873
v  6.1775 -3.0160 0.0664
v  6.1652 -3.0456 0.0575
v  6.1651 -3.0524 0.0756
v  6.1523 -3.0883 0.0608
v  6.1524 -3.0828 0.0462
v  6.1397 -3.1343 0.0305
v  6.1396 -3.1380 0.0402
v  3.0776 -3.1842 0.0101
v  3.0776 -3.1833 0.0051
v  3.0703 -3.1303 0.0103
v  3.0703 -3.1320 0.0205
v  3.0576 -3.0767 0.0156
v  3.0577 -3.0793 0.0310
v  3.0393 -3.0233 0.0208
v  3.0394 -3.0267 0.0414
v  3.0300 -3.0007 0.0231
v  3.0300 -3.0046 0.0458
v  3.0300 -2.9809 0.0250
v  3.0300 -2.9850 0.0497
v  3.0332 -2.9741 0.0257
v  3.0333 -2.9785 0.0510
v  3.0401 -2.9715 0.0259
v  3.0401 -2.9759 0.0515
v  6.1700 -2.9751 0.0517
v  6.1700 -2.9707 0.0260
v  6.1769 -2.9736 0.0257
v  6.1769 -2.9780 0.0511
v  6.1800 -2.9808 0.0250
v  6.1800 -2.9849 0.0497
v  6.1800 -2.9938 0.0238
v  6.1800 -2.9977 0.0470
v  6.1773 -3.0109 0.0444
v  6.1774 -3.0073 0.0224
v  6.1652 -3.0380 0.0194
v  6.1651 -3.0412 0.0385
v  6.1523 -3.0793 0.0310
v  6.1524 -3.0767 0.0156
v  6.1397 -3.1304 0.0103
v  6.1396 -3.1320 0.0205
v  4.9767 -3.5000 0.0000
v  4.9767 -3.4992 0.0260
v  5.2153 -3.4992 0.0260
v  5.2153 -3.5000 0.0000
v  3.5076 -3.4948 0.0517
v  3.5076 -3.4991 0.0260
v  3.2738 -3.4991 0.0260
v  3.2738 -3.4948 0.0517
v  4.9767 -3.4949 0.0517
v  4.9767 -3.4891 0.0771
v  5.2153 -3.4891 0.0771
v  5.2153 -3.4949 0.0517
v  3.5076 -3.4797 0.1014
v  3.5076 -3.4890 0.0770
v  3.2738 -3.4890 0.0770
v  3.2738 -3.4797 0.1014
v  4.9767 -3.4798 0.1014
v  4.9767 -3.4691 0.1252
v  5.2153 -3.4691 0.1252
v  5.2153 -3.4798 0.1014
v  3.5076 -3.4553 0.1472
v  3.5076 -3.4691 0.1251
v  3.2738 -3.4691 0.1251
v  3.2738 -3.4553 0.1472
v  4.9767 -3.4553 0.1472
v  4.9767 -3.4402 0.1684
v  5.2153 -3.4402 0.1684
v  5.2153 -3.4553 0.1472
v  3.5076 -3.4223 0.1873
v  3.5076 -3.4402 0.1684
v  3.2738 -3.4402 0.1684
v  3.2738 -3.4223 0.1873
v  4.9767 -3.4224 0.1874
v  4.9767 -3.4034 0.2052
v  5.2153 -3.4034 0.2052
v  5.2153 -3.4224 0.1874
v  3.5076 -3.3822 0.2203
v  3.5076 -3.4034 0.2052
v  3.2738 -3.4034 0.2052
v  3.2738 -3.3822 0.2203
v  4.9767 -3.3822 0.2203
v  4.9767 -3.3602 0.2341
v  5.2153 -3.3602 0.2341
v  5.2153 -3.3822 0.2203
v  3.5076 -3.3364 0.2447
v  3.5076 -3.3601 0.2341
v  3.2738 -3.3601 0.2341
v  3.2738 -3.3364 0.2447
v  4.9767 -3.3364 0.2448
v  4.9767 -3.3121 0.2541
v  5.2153 -3.3121 0.2541
v  5.2153 -3.3364 0.2448
v  3.5076 -3.2867 0.2598
v  3.5076 -3.3120 0.2540
v  3.2738 -3.3120 0.2540
v  3.2738 -3.2867 0.2598
v  4.9767 -3.2867 0.2599
v  4.9767 -3.2610 0.2642
v  5.2153 -3.2610 0.2642
v  5.2153 -3.2867 0.2599
v  3.5076 -3.2350 0.2649
v  3.5076 -3.2610 0.2641
v  3.2738 -3.2610 0.2641
v  3.2738 -3.2350 0.2649
v  4.9767 -3.2350 0.2650
v  4.9767 -3.2090 0.2642
v  5.2153 -3.2090 0.2642
v  5.2153 -3.2350 0.2650
v  3.5076 -3.1833 0.2598
v  3.5076 -3.2090 0.2641
v  3.2738 -3.2090 0.2641
v  3.2738 -3.1833 0.2598
v  4.9767 -3.1833 0.2599
v  4.9767 -3.1579 0.2541
v  5.2153 -3.1579 0.2541
v  5.2153 -3.1833 0.2599
v  3.5076 -3.1336 0.2447
v  3.5076 -3.1580 0.2540
v  3.2738 -3.1580 0.2540
v  3.2738 -3.1336 0.2447
v  4.9767 -3.1336 0.2448
v  4.9767 -3.1098 0.2341
v  5.2153 -3.1098 0.2341
v  5.2153 -3.1336 0.2448
v  3.5076 -3.0878 0.2203
v  3.5076 -3.1099 0.2341
v  3.2738 -3.1099 0.2341
v  3.2738 -3.0878 0.2203
v  4.9767 -3.0878 0.2203
v  4.9767 -3.0666 0.2052
v  5.2153 -3.0666 0.2052
v  5.2153 -3.0878 0.2203
v  3.5076 -3.0477 0.1873
v  3.5076 -3.0666 0.2052
v  3.2738 -3.0666 0.2052
v  3.2738 -3.0477 0.1873
v  4.9767 -3.0476 0.1874
v  4.9767 -3.0298 0.1684
v  5.2153 -3.0298 0.1684
v  5.2153 -3.0476 0.1874
v  3.5076 -3.0147 0.1472
v  3.5076 -3.0298 0.1684
v  3.2738 -3.0298 0.1684
v  3.2738 -3.0147 0.1472
v  4.9767 -3.0147 0.1472
v  4.9767 -3.0009 0.1252
v  5.2153 -3.0009 0.1252
v  5.2153 -3.0147 0.1472
v  3.5076 -2.9903 0.1014
v  3.5076 -3.0009 0.1251
v  3.2738 -3.0009 0.1251
v  3.2738 -2.9903 0.1014
v  4.9767 -2.9902 0.1014
v  4.9767 -2.9809 0.0771
v  5.2153 -2.9809 0.0771
v  5.2153 -2.9902 0.1014
v  3.5076 -2.9752 0.0517
v  3.5076 -2.9810 0.0770
v  3.2738 -2.9810 0.0770
v  3.2738 -2.9752 0.0517
v  4.9767 -2.9751 0.0517
v  4.9767 -2.9708 0.0260
v  5.2153 -2.9708 0.0260
v  5.2153 -2.9751 0.0517
v  3.5076 -2.9701 0.0000
v  3.5076 -2.9709 0.0260
v  3.2738 -2.9709 0.0260
v  3.2738 -2.9701 0.0000
v  4.1902 -3.1833 0.2599
v  4.1268 -3.1833 0.2599
v  4.1287 -3.1576 0.2537
v  4.1923 -3.1574 0.2539
v  4.1902 -3.2350 0.2650
v  4.1268 -3.2350 0.2650
v  4.1268 -3.2090 0.2642
v  4.1902 -3.2090 0.2642
v  4.1902 -3.2867 0.2599
v  4.1268 -3.2867 0.2599
v  4.1268 -3.2610 0.2642
v  4.1902 -3.2610 0.2642
v  4.1902 -3.3364 0.2448
v  4.1268 -3.3364 0.2448
v  4.1268 -3.3121 0.2540
v  4.1902 -3.3121 0.2540
v  4.1902 -3.3822 0.2203
v  4.1268 -3.3822 0.2203
v  4.1268 -3.3601 0.2341
v  4.1902 -3.3601 0.2341
v  4.1902 -3.4224 0.1874
v  4.1268 -3.4224 0.1874
v  4.1268 -3.4034 0.2052
v  4.1902 -3.4034 0.2052
v  4.1902 -3.4553 0.1472
v  4.1268 -3.4553 0.1472
v  4.1268 -3.4402 0.1684
v  4.1902 -3.4402 0.1684
v  4.1902 -3.4798 0.1014
v  4.1268 -3.4798 0.1014
v  4.1268 -3.4691 0.1251
v  4.1902 -3.4691 0.1251
v  4.1902 -3.4949 0.0517
v  4.1268 -3.4949 0.0517
v  4.1268 -3.4890 0.0771
v  4.1902 -3.4890 0.0771
v  4.1268 -3.4992 0.0260
v  4.1902 -3.4992 0.0260
v  4.0308 -3.1168 0.2266
v  4.0309 -3.1174 0.2321
v  4.0000 -3.1183 0.2329
v  4.0000 -3.1174 0.2277
v  4.0667 -3.1128 0.2218
v  4.0675 -3.1125 0.2279
v  4.2081 -2.9991 0.0958
v  4.2109 -2.9947 0.0981
v  4.2015 -3.0038 0.1178
v  4.1990 -3.0080 0.1145
v  4.1331 -3.0714 0.1877
v  4.1342 -3.0674 0.1930
v  4.0992 -3.0986 0.2163
v  4.0986 -3.1014 0.2096
v  4.0687 -3.1145 0.2336
v  4.1020 -3.0984 0.2229
v  4.1667 -3.0392 0.1583
v  4.1687 -3.0350 0.1629
v  4.1522 -3.0508 0.1792
v  4.1506 -3.0549 0.1742
v  4.1882 -3.0186 0.1313
v  4.1901 -3.0147 0.1355
v  4.1801 -3.0243 0.1501
v  4.1780 -3.0283 0.1457
v  4.2234 -2.9841 0.0497
v  4.2264 -2.9797 0.0509
v  4.2202 -2.9857 0.0754
v  4.2172 -2.9902 0.0736
v  4.2222 -2.9904 0.0485
v  4.2219 -3.1099 0.0490
v  4.2264 -3.1098 0.0247
v  4.2266 -2.9859 0.0246
v  4.1886 -3.0248 0.1272
v  4.1863 -3.1100 0.1301
v  4.1973 -3.1099 0.1135
v  4.1988 -3.0144 0.1112
v  4.1025 -3.1100 0.2031
v  4.1364 -3.1105 0.1817
v  4.1354 -3.0786 0.1827
v  4.1512 -3.1103 0.1701
v  4.1521 -3.0619 0.1694
v  4.1675 -3.0462 0.1538
v  4.1647 -3.1100 0.1568
v  4.1762 -3.1100 0.1441
v  4.1787 -3.0350 0.1413
v  4.2073 -3.0057 0.0934
v  4.2062 -3.1098 0.0957
v  4.2158 -3.1098 0.0729
v  4.2162 -2.9966 0.0718
v  4.2032 -3.1200 0.0454
v  4.2065 -3.1200 0.0252
v  4.1700 -3.1200 0.1191
v  4.1800 -3.1200 0.1041
v  4.1231 -3.1200 0.1676
v  4.0922 -3.1200 0.1859
v  4.0284 -3.1200 0.2055
v  4.0602 -3.1200 0.1987
v  4.1373 -3.1200 0.1564
v  4.1500 -3.1200 0.1436
v  4.1578 -3.1200 0.1296
v  4.1882 -3.1200 0.0880
v  4.1973 -3.1200 0.0672
v  4.2310 -2.9753 0.0258
v  4.2279 -2.9797 0.0252
v  4.0000 -3.1200 0.2030
v  4.2192 -3.1165 0.0486
v  4.2130 -3.1200 0.0475
v  4.2170 -3.1200 0.0240
v  4.2235 -3.1166 0.0245
v  4.1337 -3.1168 0.1800
v  4.1290 -3.1200 0.1757
v  4.1439 -3.1200 0.1640
v  4.1487 -3.1168 0.1683
v  4.1623 -3.1168 0.1549
v  4.1572 -3.1200 0.1505
v  4.1684 -3.1200 0.1382
v  4.1737 -3.1168 0.1423
v  4.1837 -3.1167 0.1285
v  4.1782 -3.1200 0.1249
v  4.1887 -3.1200 0.1091
v  4.1947 -3.1167 0.1122
v  4.2035 -3.1166 0.0948
v  4.1973 -3.1200 0.0922
v  4.2069 -3.1200 0.0704
v  4.2130 -3.1165 0.0723
v  4.1003 -3.1168 0.2005
v  4.0966 -3.1200 0.1949
v  4.0298 -3.1200 0.2154
v  4.0307 -3.1185 0.2202
v  4.0000 -3.1188 0.2217
v  4.0000 -3.1200 0.2174
v  4.0648 -3.1189 0.2121
v  4.0632 -3.1200 0.2083
v  4.0661 -3.1164 0.2152
v  4.0311 -3.1201 0.2371
v  4.0315 -3.1254 0.2413
v  4.0000 -3.1259 0.2415
v  4.0000 -3.1209 0.2376
v  4.0709 -3.1198 0.2387
v  4.2154 -2.9918 0.1005
v  4.2222 -2.9909 0.1031
v  4.2124 -3.0007 0.1247
v  4.2056 -3.0012 0.1211
v  4.1375 -3.0655 0.1986
v  4.1453 -3.0667 0.2057
v  4.1092 -3.1025 0.2295
v  4.1728 -3.0329 0.1676
v  4.1800 -3.0338 0.1723
v  4.1634 -3.0497 0.1904
v  4.1559 -3.0487 0.1843
v  4.1939 -3.0125 0.1397
v  4.2005 -3.0126 0.1443
v  4.1909 -3.0227 0.1591
v  4.1840 -3.0221 0.1545
v  4.2309 -2.9767 0.0522
v  4.2372 -2.9755 0.0534
v  4.2312 -2.9817 0.0791
v  4.2247 -2.9828 0.0772
v  4.2416 -2.9709 0.0270
v  4.2354 -2.9722 0.0264
v  3.9691 -3.1174 0.2321
v  3.9692 -3.1168 0.2266
v  3.9325 -3.1125 0.2279
v  3.9333 -3.1128 0.2218
v  3.8118 -3.0186 0.1313
v  3.8098 -3.0147 0.1355
v  3.7985 -3.0038 0.1178
v  3.8009 -3.0080 0.1145
v  3.9014 -3.1014 0.2096
v  3.9008 -3.0986 0.2163
v  3.8657 -3.0674 0.1930
v  3.8669 -3.0714 0.1877
v  3.8980 -3.0984 0.2229
v  3.9313 -3.1145 0.2336
v  3.8478 -3.0508 0.1792
v  3.8494 -3.0549 0.1742
v  3.8333 -3.0392 0.1583
v  3.8312 -3.0350 0.1629
v  3.8199 -3.0243 0.1501
v  3.8220 -3.0283 0.1457
v  3.7919 -2.9991 0.0958
v  3.7890 -2.9947 0.0981
v  3.7797 -2.9857 0.0754
v  3.7828 -2.9902 0.0736
v  3.7778 -2.9904 0.0485
v  3.7734 -2.9859 0.0246
v  3.7735 -3.1098 0.0247
v  3.7781 -3.1099 0.0490
v  3.8113 -3.0248 0.1272
v  3.8012 -3.0144 0.1112
v  3.8026 -3.1099 0.1135
v  3.8137 -3.1100 0.1301
v  3.8975 -3.1100 0.2031
v  3.8646 -3.0786 0.1827
v  3.8636 -3.1105 0.1817
v  3.8479 -3.0619 0.1694
v  3.8487 -3.1103 0.1701
v  3.8324 -3.0462 0.1538
v  3.8213 -3.0350 0.1413
v  3.8237 -3.1100 0.1441
v  3.8353 -3.1100 0.1568
v  3.7927 -3.0057 0.0934
v  3.7838 -2.9966 0.0718
v  3.7842 -3.1098 0.0729
v  3.7937 -3.1098 0.0957
v  3.7968 -3.1200 0.0454
v  3.7944 -3.1200 0.0229
v  3.8300 -3.1200 0.1191
v  3.8200 -3.1200 0.1041
v  3.8769 -3.1200 0.1676
v  3.9078 -3.1200 0.1859
v  3.9716 -3.1200 0.2055
v  3.9411 -3.1200 0.1940
v  3.8627 -3.1200 0.1564
v  3.8500 -3.1200 0.1436
v  3.8425 -3.1200 0.1293
v  3.8118 -3.1200 0.0880
v  3.8025 -3.1200 0.0672
v  3.7766 -2.9841 0.0497
v  3.7735 -2.9797 0.0509
v  3.7690 -2.9753 0.0258
v  3.7721 -2.9797 0.0252
v  3.7830 -3.1200 0.0240
v  3.7764 -3.1166 0.0245
v  3.7808 -3.1165 0.0486
v  3.8377 -3.1168 0.1549
v  3.8427 -3.1200 0.1505
v  3.8561 -3.1200 0.1640
v  3.8512 -3.1168 0.1683
v  3.8663 -3.1168 0.1800
v  3.8162 -3.1167 0.1285
v  3.8218 -3.1200 0.1249
v  3.8316 -3.1200 0.1382
v  3.8262 -3.1168 0.1423
v  3.7965 -3.1166 0.0948
v  3.8027 -3.1200 0.0922
v  3.8112 -3.1200 0.1091
v  3.8053 -3.1167 0.1122
v  3.7870 -3.1200 0.0475
v  3.7931 -3.1200 0.0704
v  3.7869 -3.1165 0.0723
v  3.8709 -3.1200 0.1757
v  3.9034 -3.1200 0.1949
v  3.8996 -3.1168 0.2005
v  3.9693 -3.1185 0.2202
v  3.9702 -3.1200 0.2154
v  3.9352 -3.1189 0.2121
v  3.9368 -3.1200 0.2083
v  3.9339 -3.1164 0.2152
v  3.9685 -3.1254 0.2413
v  3.9689 -3.1201 0.2371
v  3.9290 -3.1198 0.2387
v  3.8061 -3.0125 0.1397
v  3.7994 -3.0126 0.1443
v  3.7876 -3.0007 0.1247
v  3.7944 -3.0012 0.1211
v  3.8908 -3.1025 0.2295
v  3.8547 -3.0667 0.2057
v  3.8624 -3.0655 0.1986
v  3.8366 -3.0497 0.1904
v  3.8441 -3.0487 0.1843
v  3.8271 -3.0329 0.1676
v  3.8199 -3.0338 0.1723
v  3.8091 -3.0227 0.1591
v  3.8160 -3.0221 0.1545
v  3.7846 -2.9918 0.1005
v  3.7778 -2.9909 0.1031
v  3.7687 -2.9817 0.0791
v  3.7752 -2.9828 0.0772
v  3.7690 -2.9767 0.0522
v  3.7627 -2.9755 0.0534
v  3.7583 -2.9709 0.0270
v  3.7645 -2.9722 0.0264
v  3.9371 -3.1833 0.2598
v  3.8743 -3.1833 0.2598
v  3.8725 -3.1577 0.2537
v  3.9371 -3.1587 0.2540
v  3.9371 -3.2350 0.2649
v  3.8743 -3.2350 0.2649
v  3.8743 -3.2090 0.2641
v  3.9371 -3.2090 0.2642
v  3.9371 -3.2867 0.2598
v  3.8743 -3.2867 0.2598
v  3.8743 -3.2610 0.2641
v  3.9371 -3.2610 0.2642
v  3.9371 -3.3364 0.2448
v  3.8743 -3.3364 0.2448
v  3.8743 -3.3121 0.2540
v  3.9371 -3.3121 0.2540
v  3.9371 -3.3822 0.2203
v  3.8743 -3.3822 0.2203
v  3.8743 -3.3601 0.2341
v  3.9371 -3.3601 0.2341
v  3.9371 -3.4223 0.1873
v  3.8743 -3.4223 0.1873
v  3.8743 -3.4034 0.2052
v  3.9371 -3.4034 0.2052
v  3.9371 -3.4553 0.1472
v  3.8743 -3.4553 0.1472
v  3.8743 -3.4402 0.1684
v  3.9371 -3.4402 0.1684
v  3.9371 -3.4798 0.1014
v  3.8743 -3.4798 0.1014
v  3.8743 -3.4691 0.1251
v  3.9371 -3.4691 0.1251
v  3.9371 -3.4949 0.0517
v  3.8743 -3.4948 0.0517
v  3.8743 -3.4890 0.0770
v  3.9371 -3.4890 0.0771
v  3.8743 -3.4992 0.0260
v  3.9371 -3.4992 0.0260
v  4.0634 -3.1833 0.2599
v  4.0000 -3.1833 0.2599
v  4.0000 -3.1588 0.2539
v  4.0634 -3.1587 0.2540
v  4.1902 -3.1336 0.2448
v  4.2607 -3.1336 0.2448
v  4.2607 -3.1585 0.2544
v  4.0634 -3.2350 0.2650
v  4.0000 -3.2350 0.2649
v  4.0000 -3.2090 0.2642
v  4.0634 -3.2090 0.2642
v  4.2607 -3.1833 0.2599
v  4.2607 -3.2090 0.2642
v  4.0634 -3.2867 0.2599
v  4.0000 -3.2867 0.2599
v  4.0000 -3.2610 0.2642
v  4.0634 -3.2610 0.2642
v  4.2607 -3.2350 0.2650
v  4.2607 -3.2610 0.2642
v  4.0634 -3.3364 0.2448
v  4.0000 -3.3364 0.2448
v  4.0000 -3.3121 0.2540
v  4.0634 -3.3121 0.2540
v  4.2607 -3.2867 0.2599
v  4.2607 -3.3121 0.2541
v  4.0634 -3.3822 0.2203
v  4.0000 -3.3822 0.2203
v  4.0000 -3.3601 0.2341
v  4.0634 -3.3601 0.2341
v  4.2607 -3.3364 0.2448
v  4.2607 -3.3602 0.2341
v  4.0634 -3.4224 0.1874
v  4.0000 -3.4223 0.1873
v  4.0000 -3.4034 0.2052
v  4.0634 -3.4034 0.2052
v  4.2607 -3.3822 0.2203
v  4.2607 -3.4034 0.2052
v  4.0634 -3.4553 0.1472
v  4.0000 -3.4553 0.1472
v  4.0000 -3.4402 0.1684
v  4.0634 -3.4402 0.1684
v  4.2607 -3.4224 0.1874
v  4.2607 -3.4402 0.1684
v  4.0634 -3.4798 0.1014
v  4.0000 -3.4798 0.1014
v  4.0000 -3.4691 0.1251
v  4.0634 -3.4691 0.1251
v  4.2607 -3.4553 0.1472
v  4.2607 -3.4691 0.1251
v  4.0634 -3.4949 0.0517
v  4.0000 -3.4949 0.0517
v  4.0000 -3.4890 0.0771
v  4.0634 -3.4890 0.0771
v  4.2607 -3.4798 0.1014
v  4.2607 -3.4891 0.0771
v  4.0000 -3.4992 0.0260
v  4.0634 -3.4992 0.0260
v  4.2607 -3.4949 0.0517
v  4.2607 -3.4992 0.0260
v  3.8114 -3.1833 0.2598
v  3.7414 -3.1833 0.2598
v  3.7414 -3.1585 0.2544
v  3.8093 -3.1574 0.2539
v  3.9371 -3.1336 0.2448
v  4.0000 -3.1336 0.2448
v  3.8114 -3.2350 0.2649
v  3.7414 -3.2350 0.2649
v  3.7414 -3.2090 0.2641
v  3.8114 -3.2090 0.2641
v  3.8114 -3.2867 0.2598
v  3.7414 -3.2867 0.2598
v  3.7414 -3.2610 0.2641
v  3.8114 -3.2610 0.2641
v  3.8114 -3.3364 0.2448
v  3.7414 -3.3364 0.2447
v  3.7414 -3.3120 0.2540
v  3.8114 -3.3120 0.2540
v  3.8114 -3.3822 0.2203
v  3.7414 -3.3822 0.2203
v  3.7414 -3.3601 0.2341
v  3.8114 -3.3601 0.2341
v  3.8114 -3.4223 0.1873
v  3.7414 -3.4223 0.1873
v  3.7414 -3.4034 0.2052
v  3.8114 -3.4034 0.2052
v  3.8114 -3.4553 0.1472
v  3.7414 -3.4553 0.1472
v  3.7414 -3.4402 0.1684
v  3.8114 -3.4402 0.1684
v  3.8114 -3.4798 0.1014
v  3.7414 -3.4797 0.1014
v  3.7414 -3.4691 0.1251
v  3.8114 -3.4691 0.1251
v  3.8114 -3.4948 0.0517
v  3.7414 -3.4948 0.0517
v  3.7414 -3.4890 0.0770
v  3.8114 -3.4890 0.0770
v  3.7414 -3.4991 0.0260
v  3.8114 -3.4991 0.0260
v  3.9680 -3.1309 0.2436
v  4.0634 -3.1336 0.2448
v  4.0320 -3.1309 0.2436
v  3.9272 -3.1251 0.2411
v  4.0728 -3.1251 0.2411
v  4.2431 -2.9757 0.0545
v  4.2477 -2.9710 0.0276
v  4.2607 -2.9708 0.0260
v  4.2607 -2.9751 0.0517
v  3.7523 -2.9710 0.0276
v  3.7414 -2.9709 0.0260
v  4.1500 -3.0698 0.2078
v  4.2607 -3.1093 0.2336
v  4.1268 -3.1336 0.2448
v  4.1130 -3.1068 0.2316
v  4.2278 -2.9918 0.1050
v  4.2371 -2.9822 0.0807
v  4.2607 -2.9809 0.0771
v  4.2607 -2.9902 0.1014
v  4.2059 -3.0142 0.1466
v  4.2179 -3.0019 0.1269
v  4.2607 -3.0009 0.1252
v  4.2607 -3.0147 0.1472
v  4.1850 -3.0361 0.1746
v  4.1961 -3.0246 0.1615
v  4.2607 -3.0298 0.1684
v  4.2607 -3.0476 0.1874
v  4.1685 -3.0516 0.1924
v  4.2607 -3.0666 0.2052
v  4.2607 -3.0878 0.2203
v  3.7414 -3.0878 0.2203
v  3.8500 -3.0698 0.2078
v  3.7414 -3.1094 0.2335
v  3.8869 -3.1068 0.2316
v  3.8743 -3.1336 0.2448
v  3.8114 -3.1336 0.2448
v  3.7414 -2.9903 0.1014
v  3.7414 -2.9810 0.0770
v  3.7629 -2.9822 0.0807
v  3.7721 -2.9918 0.1050
v  3.7414 -3.0147 0.1472
v  3.7414 -3.0009 0.1251
v  3.7821 -3.0019 0.1269
v  3.7941 -3.0142 0.1466
v  3.7414 -3.0477 0.1873
v  3.7414 -3.0298 0.1684
v  3.8039 -3.0246 0.1614
v  3.8149 -3.0361 0.1746
v  3.7414 -3.1336 0.2447
v  3.7414 -3.0666 0.2052
v  3.8314 -3.0516 0.1924
v  3.7568 -2.9758 0.0545
v  3.7950 -3.1200 0.0000
v  4.2174 -3.1200 0.0000
v  4.2069 -3.1200 0.0046
v  6.1600 -3.4946 -0.0516
v  5.9313 -3.4949 -0.0517
v  5.9313 -3.4992 -0.0260
v  6.1600 -3.4991 -0.0260
v  5.6927 -3.4949 -0.0517
v  5.6927 -3.4992 -0.0260
v  5.4540 -3.4949 -0.0517
v  5.4540 -3.4992 -0.0260
v  4.4994 -3.5000 0.0000
v  4.4994 -3.4992 -0.0260
v  4.2607 -3.5000 0.0000
v  4.7380 -3.5000 0.0000
v  4.7380 -3.4992 -0.0260
v  6.1600 -3.4795 -0.1013
v  5.9313 -3.4798 -0.1014
v  5.9313 -3.4891 -0.0771
v  6.1600 -3.4887 -0.0769
v  5.6927 -3.4798 -0.1014
v  5.6927 -3.4891 -0.0771
v  5.4540 -3.4798 -0.1014
v  5.4540 -3.4891 -0.0771
v  4.4994 -3.4949 -0.0517
v  4.4994 -3.4891 -0.0771
v  4.7380 -3.4949 -0.0517
v  4.7380 -3.4891 -0.0771
v  6.1600 -3.4553 -0.1472
v  5.9313 -3.4553 -0.1472
v  5.9313 -3.4691 -0.1252
v  6.1600 -3.4690 -0.1251
v  5.6927 -3.4553 -0.1472
v  5.6927 -3.4691 -0.1252
v  5.4540 -3.4553 -0.1472
v  5.4540 -3.4691 -0.1252
v  4.4994 -3.4798 -0.1014
v  4.4994 -3.4691 -0.1251
v  4.7380 -3.4798 -0.1014
v  4.7380 -3.4691 -0.1252
v  6.1600 -3.4224 -0.1874
v  5.9313 -3.4224 -0.1874
v  5.9313 -3.4402 -0.1684
v  6.1600 -3.4403 -0.1685
v  5.6927 -3.4224 -0.1874
v  5.6927 -3.4402 -0.1684
v  5.4540 -3.4224 -0.1874
v  5.4540 -3.4402 -0.1684
v  4.4994 -3.4553 -0.1472
v  4.4994 -3.4402 -0.1684
v  4.7380 -3.4553 -0.1472
v  4.7380 -3.4402 -0.1684
v  6.1600 -3.3821 -0.2201
v  5.9313 -3.3822 -0.2203
v  5.9313 -3.4034 -0.2052
v  6.1600 -3.4034 -0.2051
v  5.6927 -3.3822 -0.2203
v  5.6927 -3.4034 -0.2052
v  5.4540 -3.3822 -0.2203
v  5.4540 -3.4034 -0.2052
v  4.4994 -3.4224 -0.1874
v  4.4994 -3.4034 -0.2052
v  4.7380 -3.4224 -0.1874
v  4.7380 -3.4034 -0.2052
v  6.1600 -3.3363 -0.2445
v  5.9313 -3.3364 -0.2448
v  5.9313 -3.3602 -0.2341
v  6.1600 -3.3600 -0.2338
v  5.6927 -3.3364 -0.2448
v  5.6927 -3.3602 -0.2341
v  5.4540 -3.3364 -0.2448
v  5.4540 -3.3602 -0.2341
v  4.4994 -3.3822 -0.2203
v  4.4994 -3.3602 -0.2341
v  4.7380 -3.3822 -0.2203
v  4.7380 -3.3602 -0.2341
v  6.1600 -3.2866 -0.2596
v  5.9313 -3.2867 -0.2599
v  5.9313 -3.3121 -0.2541
v  6.1600 -3.3120 -0.2537
v  5.6927 -3.2867 -0.2599
v  5.6927 -3.3121 -0.2541
v  5.4540 -3.2867 -0.2599
v  5.4540 -3.3121 -0.2541
v  4.4994 -3.3364 -0.2448
v  4.4994 -3.3121 -0.2541
v  4.7380 -3.3364 -0.2448
v  4.7380 -3.3121 -0.2541
v  6.1600 -3.2350 -0.2650
v  5.9313 -3.2350 -0.2650
v  5.9313 -3.2610 -0.2642
v  6.1600 -3.2610 -0.2641
v  5.6927 -3.2350 -0.2650
v  5.6927 -3.2610 -0.2642
v  5.4540 -3.2350 -0.2650
v  5.4540 -3.2610 -0.2642
v  4.4994 -3.2867 -0.2599
v  4.4994 -3.2610 -0.2642
v  4.7380 -3.2867 -0.2599
v  4.7380 -3.2610 -0.2642
v  6.1600 -3.1833 -0.2599
v  5.9313 -3.1833 -0.2599
v  5.9313 -3.2090 -0.2642
v  6.1600 -3.2090 -0.2642
v  5.6927 -3.1833 -0.2599
v  5.6927 -3.2090 -0.2642
v  5.4540 -3.1833 -0.2599
v  5.4540 -3.2090 -0.2642
v  4.4994 -3.2350 -0.2650
v  4.4994 -3.2090 -0.2642
v  4.7380 -3.2350 -0.2650
v  4.7380 -3.2090 -0.2642
v  6.1600 -3.1336 -0.2448
v  5.9313 -3.1336 -0.2448
v  5.9313 -3.1579 -0.2541
v  6.1600 -3.1579 -0.2541
v  5.6927 -3.1336 -0.2448
v  5.6927 -3.1579 -0.2541
v  5.4540 -3.1336 -0.2448
v  5.4540 -3.1579 -0.2541
v  4.4994 -3.1833 -0.2599
v  4.4994 -3.1579 -0.2541
v  4.7380 -3.1833 -0.2599
v  4.7380 -3.1579 -0.2541
v  6.1600 -3.0878 -0.2203
v  5.9313 -3.0878 -0.2203
v  5.9313 -3.1098 -0.2341
v  6.1600 -3.1098 -0.2341
v  5.6927 -3.0878 -0.2203
v  5.6927 -3.1098 -0.2341
v  5.4540 -3.0878 -0.2203
v  5.4540 -3.1098 -0.2341
v  4.4994 -3.1336 -0.2448
v  4.4994 -3.1099 -0.2341
v  4.7380 -3.1336 -0.2448
v  4.7380 -3.1099 -0.2341
v  6.1600 -3.0476 -0.1874
v  5.9313 -3.0476 -0.1874
v  5.9313 -3.0666 -0.2052
v  6.1600 -3.0666 -0.2052
v  5.6927 -3.0476 -0.1874
v  5.6927 -3.0666 -0.2052
v  5.4540 -3.0476 -0.1874
v  5.4540 -3.0666 -0.2052
v  4.4994 -3.0878 -0.2203
v  4.4994 -3.0666 -0.2052
v  4.7380 -3.0878 -0.2203
v  4.7380 -3.0666 -0.2052
v  6.1600 -3.0149 -0.1471
v  5.9313 -3.0147 -0.1472
v  5.9313 -3.0298 -0.1684
v  6.1600 -3.0299 -0.1684
v  5.6927 -3.0147 -0.1472
v  5.6927 -3.0298 -0.1684
v  5.4540 -3.0147 -0.1472
v  5.4540 -3.0298 -0.1684
v  4.4994 -3.0476 -0.1874
v  4.4994 -3.0298 -0.1684
v  4.7380 -3.0476 -0.1874
v  4.7380 -3.0298 -0.1684
v  6.1600 -2.9905 -0.1013
v  5.9313 -2.9902 -0.1014
v  5.9313 -3.0009 -0.1252
v  6.1600 -3.0012 -0.1250
v  5.6927 -2.9902 -0.1014
v  5.6927 -3.0009 -0.1252
v  5.4540 -2.9902 -0.1014
v  5.4540 -3.0009 -0.1252
v  4.4994 -3.0147 -0.1472
v  4.4994 -3.0009 -0.1252
v  4.7380 -3.0147 -0.1472
v  4.7380 -3.0009 -0.1252
v  6.1600 -2.9754 -0.0516
v  5.9313 -2.9751 -0.0517
v  5.9313 -2.9809 -0.0771
v  6.1600 -2.9813 -0.0770
v  5.6927 -2.9751 -0.0517
v  5.6927 -2.9809 -0.0771
v  5.4540 -2.9751 -0.0517
v  5.4540 -2.9809 -0.0771
v  4.4994 -2.9902 -0.1014
v  4.4994 -2.9809 -0.0771
v  4.7380 -2.9902 -0.1014
v  4.7380 -2.9809 -0.0771
v  6.1600 -2.9700 0.0000
v  5.9313 -2.9700 0.0000
v  5.9313 -2.9708 -0.0260
v  6.1600 -2.9709 -0.0260
v  5.6927 -2.9700 0.0000
v  5.6927 -2.9708 -0.0260
v  5.4540 -2.9700 0.0000
v  5.4540 -2.9708 -0.0260
v  4.4994 -2.9751 -0.0517
v  4.4994 -2.9708 -0.0260
v  4.7380 -2.9751 -0.0517
v  4.7380 -2.9708 -0.0260
v  6.1600 -3.5000 0.0000
v  5.9313 -3.5000 0.0000
v  5.9313 -3.4992 0.0260
v  6.1600 -3.4991 0.0260
v  5.6927 -3.5000 0.0000
v  5.6927 -3.4992 0.0260
v  5.4540 -3.5000 0.0000
v  5.4540 -3.4992 0.0260
v  4.4994 -3.4949 0.0517
v  4.4994 -3.4992 0.0260
v  4.7380 -3.4949 0.0517
v  4.7380 -3.4992 0.0260
v  6.1600 -3.4946 0.0516
v  5.9313 -3.4949 0.0517
v  5.9313 -3.4891 0.0771
v  6.1600 -3.4887 0.0770
v  5.6927 -3.4949 0.0517
v  5.6927 -3.4891 0.0771
v  5.4540 -3.4949 0.0517
v  5.4540 -3.4891 0.0771
v  4.4994 -3.4798 0.1014
v  4.4994 -3.4891 0.0771
v  4.7380 -3.4798 0.1014
v  4.7380 -3.4891 0.0771
v  6.1600 -3.4795 0.1013
v  5.9313 -3.4798 0.1014
v  5.9313 -3.4691 0.1252
v  6.1600 -3.4688 0.1250
v  5.6927 -3.4798 0.1014
v  5.6927 -3.4691 0.1252
v  5.4540 -3.4798 0.1014
v  5.4540 -3.4691 0.1252
v  4.4994 -3.4553 0.1472
v  4.4994 -3.4691 0.1252
v  4.7380 -3.4553 0.1472
v  4.7380 -3.4691 0.1252
v  6.1600 -3.4551 0.1471
v  5.9313 -3.4553 0.1472
v  5.9313 -3.4402 0.1684
v  6.1600 -3.4402 0.1684
v  5.6927 -3.4553 0.1472
v  5.6927 -3.4402 0.1684
v  5.4540 -3.4553 0.1472
v  5.4540 -3.4402 0.1684
v  4.4994 -3.4224 0.1874
v  4.4994 -3.4402 0.1684
v  4.7380 -3.4224 0.1874
v  4.7380 -3.4402 0.1684
v  6.1600 -3.4224 0.1874
v  5.9313 -3.4224 0.1874
v  5.9313 -3.4034 0.2052
v  6.1600 -3.4034 0.2051
v  5.6927 -3.4224 0.1874
v  5.6927 -3.4034 0.2052
v  5.4540 -3.4224 0.1874
v  5.4540 -3.4034 0.2052
v  4.4994 -3.3822 0.2203
v  4.4994 -3.4034 0.2052
v  4.7380 -3.3822 0.2203
v  4.7380 -3.4034 0.2052
v  6.1600 -3.3821 0.2201
v  5.9313 -3.3822 0.2203
v  5.9313 -3.3602 0.2341
v  6.1600 -3.3600 0.2338
v  5.6927 -3.3822 0.2203
v  5.6927 -3.3602 0.2341
v  5.4540 -3.3822 0.2203
v  5.4540 -3.3602 0.2341
v  4.4994 -3.3364 0.2448
v  4.4994 -3.3602 0.2341
v  4.7380 -3.3364 0.2448
v  4.7380 -3.3602 0.2341
v  6.1600 -3.3363 0.2445
v  5.9313 -3.3364 0.2448
v  5.9313 -3.3121 0.2541
v  6.1600 -3.3120 0.2539
v  5.6927 -3.3364 0.2448
v  5.6927 -3.3121 0.2541
v  5.4540 -3.3364 0.2448
v  5.4540 -3.3121 0.2541
v  4.4994 -3.2867 0.2599
v  4.4994 -3.3121 0.2541
v  4.7380 -3.2867 0.2599
v  4.7380 -3.3121 0.2541
v  6.1600 -3.2867 0.2599
v  5.9313 -3.2867 0.2599
v  5.9313 -3.2610 0.2642
v  6.1600 -3.2610 0.2643
v  5.6927 -3.2867 0.2599
v  5.6927 -3.2610 0.2642
v  5.4540 -3.2867 0.2599
v  5.4540 -3.2610 0.2642
v  4.4994 -3.2350 0.2650
v  4.4994 -3.2610 0.2642
v  4.7380 -3.2350 0.2650
v  4.7380 -3.2610 0.2642
v  6.1600 -3.2350 0.2650
v  5.9313 -3.2350 0.2650
v  5.9313 -3.2090 0.2642
v  6.1600 -3.2090 0.2643
v  5.6927 -3.2350 0.2650
v  5.6927 -3.2090 0.2642
v  5.4540 -3.2350 0.2650
v  5.4540 -3.2090 0.2642
v  4.4994 -3.1833 0.2599
v  4.4994 -3.2090 0.2642
v  4.7380 -3.1833 0.2599
v  4.7380 -3.2090 0.2642
v  6.1600 -3.1833 0.2599
v  5.9313 -3.1833 0.2599
v  5.9313 -3.1579 0.2541
v  6.1600 -3.1580 0.2539
v  5.6927 -3.1833 0.2599
v  5.6927 -3.1579 0.2541
v  5.4540 -3.1833 0.2599
v  5.4540 -3.1579 0.2541
v  4.4994 -3.1336 0.2448
v  4.4994 -3.1579 0.2541
v  4.7380 -3.1336 0.2448
v  4.7380 -3.1579 0.2541
v  6.1600 -3.1337 0.2445
v  5.9313 -3.1336 0.2448
v  5.9313 -3.1098 0.2341
v  6.1600 -3.1100 0.2338
v  5.6927 -3.1336 0.2448
v  5.6927 -3.1098 0.2341
v  5.4540 -3.1336 0.2448
v  5.4540 -3.1098 0.2341
v  4.4994 -3.0878 0.2203
v  4.4994 -3.1099 0.2341
v  4.7380 -3.0878 0.2203
v  4.7380 -3.1099 0.2341
v  6.1600 -3.0879 0.2201
v  5.9313 -3.0878 0.2203
v  5.9313 -3.0666 0.2052
v  6.1600 -3.0666 0.2051
v  5.6927 -3.0878 0.2203
v  5.6927 -3.0666 0.2052
v  5.4540 -3.0878 0.2203
v  5.4540 -3.0666 0.2052
v  4.4994 -3.0476 0.1874
v  4.4994 -3.0666 0.2052
v  4.7380 -3.0476 0.1874
v  4.7380 -3.0666 0.2052
v  6.1600 -3.0476 0.1874
v  5.9313 -3.0476 0.1874
v  5.9313 -3.0298 0.1684
v  6.1600 -3.0299 0.1684
v  5.6927 -3.0476 0.1874
v  5.6927 -3.0298 0.1684
v  5.4540 -3.0476 0.1874
v  5.4540 -3.0298 0.1684
v  4.4994 -3.0147 0.1472
v  4.4994 -3.0298 0.1684
v  4.7380 -3.0147 0.1472
v  4.7380 -3.0298 0.1684
v  6.1600 -3.0149 0.1471
v  5.9313 -3.0147 0.1472
v  5.9313 -3.0009 0.1252
v  6.1600 -3.0012 0.1250
v  5.6927 -3.0147 0.1472
v  5.6927 -3.0009 0.1252
v  5.4540 -3.0147 0.1472
v  5.4540 -3.0009 0.1252
v  4.4994 -2.9902 0.1014
v  4.4994 -3.0009 0.1252
v  4.7380 -2.9902 0.1014
v  4.7380 -3.0009 0.1252
v  6.1600 -2.9905 0.1013
v  5.9313 -2.9902 0.1014
v  5.9313 -2.9809 0.0771
v  6.1600 -2.9811 0.0770
v  5.6927 -2.9902 0.1014
v  5.6927 -2.9809 0.0771
v  5.4540 -2.9902 0.1014
v  5.4540 -2.9809 0.0771
v  4.4994 -2.9751 0.0517
v  4.4994 -2.9809 0.0771
v  4.7380 -2.9751 0.0517
v  4.7380 -2.9809 0.0771
v  6.1600 -2.9751 0.0517
v  5.9313 -2.9751 0.0517
v  5.9313 -2.9708 0.0260
v  6.1600 -2.9707 0.0260
v  5.6927 -2.9751 0.0517
v  5.6927 -2.9708 0.0260
v  5.4540 -2.9751 0.0517
v  5.4540 -2.9708 0.0260
v  4.4994 -2.9700 0.0000
v  4.4994 -2.9708 0.0260
v  4.2607 -2.9700 0.0000
v  4.7380 -2.9700 0.0000
v  4.7380 -2.9708 0.0260
v  3.0500 -3.4994 0.0000
v  3.0500 -3.4985 -0.0259
v  3.0500 -3.4941 -0.0515
v  3.0500 -3.4882 -0.0768
v  3.0500 -3.4790 -0.1011
v  3.0500 -3.4684 -0.1247
v  3.0500 -3.4546 -0.1468
v  3.0500 -3.4396 -0.1680
v  3.0500 -3.4219 -0.1869
v  3.0500 -3.4031 -0.2048
v  3.0500 -3.3820 -0.2200
v  3.0500 -3.3600 -0.2339
v  3.0500 -3.3364 -0.2447
v  3.0500 -3.3121 -0.2540
v  3.0500 -3.2867 -0.2598
v  3.0500 -3.2610 -0.2641
v  3.0500 -3.2350 -0.2649
v  3.0500 -3.2090 -0.2641
v  3.0500 -3.1833 -0.2598
v  3.0500 -3.1579 -0.2540
v  3.0500 -3.1336 -0.2447
v  3.0500 -3.1101 -0.2337
v  3.0500 -3.0882 -0.2197
v  3.0500 -3.0671 -0.2046
v  3.0500 -3.0481 -0.1869
v  3.0500 -3.0302 -0.1681
v  3.0500 -3.0150 -0.1470
v  3.0500 -3.0012 -0.1250
v  3.0500 -2.9904 -0.1013
v  3.0500 -2.9812 -0.0770
v  3.7414 -2.9752 -0.0517
v  3.0500 -2.9754 -0.0516
v  3.0500 -2.9712 -0.0260
v  3.0500 -3.4946 0.0516
v  3.0500 -3.4988 0.0260
v  3.0500 -3.4796 0.1013
v  3.0500 -3.4888 0.0770
v  3.0500 -3.4550 0.1470
v  3.0500 -3.4689 0.1250
v  3.0500 -3.4219 0.1869
v  3.0500 -3.4398 0.1681
v  3.0500 -3.3818 0.2196
v  3.0500 -3.4030 0.2046
v  3.0500 -3.3361 0.2440
v  3.0500 -3.3597 0.2334
v  3.0500 -3.2865 0.2591
v  3.0500 -3.3118 0.2532
v  3.0500 -3.2350 0.2649
v  3.0500 -3.2609 0.2638
v  3.0500 -3.1834 0.2596
v  3.0500 -3.2090 0.2641
v  3.0500 -3.1337 0.2446
v  3.0500 -3.1580 0.2538
v  3.0500 -3.0880 0.2200
v  3.0500 -3.1100 0.2339
v  3.0500 -3.0481 0.1869
v  3.0500 -3.0669 0.2048
v  3.0500 -3.0154 0.1468
v  3.0500 -3.0304 0.1680
v  3.0500 -2.9910 0.1011
v  3.0500 -3.0016 0.1247
v  3.0500 -2.9759 0.0515
v  3.0500 -2.9818 0.0768
v  3.0500 -2.9706 0.0000
v  3.0500 -2.9715 0.0259
v  3.7414 -2.9752 0.0517
v  6.1700 -2.9700 0.0000
v  3.0401 -2.9706 0.0000
v  3.0704 -3.1300 0.0000
v  3.0777 -3.1832 0.0000
v  3.0577 -3.0762 0.0000
v  3.0395 -3.0226 0.0000
v  3.0300 -3.0001 0.0000
v  3.0300 -2.9801 0.0000
v  3.0332 -2.9733 0.0000
v  6.1769 -2.9729 0.0000
v  6.1800 -2.9800 0.0000
v  6.1800 -2.9931 -0.0002
v  6.1524 -3.0763 0.0000
v  6.1651 -3.0374 0.0000
v  6.1398 -3.1301 0.0000
v  4.2273 -3.1098 0.0000
v  4.2243 -3.1167 0.0000
v  3.7727 -3.1098 0.0000
v  3.7681 -2.9744 0.0000
v  3.7637 -2.9714 0.0000
v  4.2485 -2.9700 0.0000
v  6.1773 -3.0065 -0.0002
v  3.0800 -3.2350 0.0000
v  6.1300 -3.2350 0.0000
v  6.1800 -3.4699 0.0000
v  6.1800 -3.4693 -0.0231
v  6.1800 -3.4654 -0.0458
v  6.1800 -3.4603 -0.0683
v  6.1800 -3.4521 -0.0899
v  6.1800 -3.4426 -0.1110
v  6.1800 -3.4304 -0.1305
v  6.1800 -3.4170 -0.1493
v  6.1800 -3.4011 -0.1661
v  6.1800 -3.3843 -0.1820
v  6.1800 -3.3655 -0.1953
v  6.1800 -3.3460 -0.2076
v  6.1800 -3.3249 -0.2171
v  6.1800 -3.3033 -0.2252
v  6.1800 -3.2808 -0.2304
v  6.1800 -3.2581 -0.2343
v  6.1800 -3.2350 -0.2349
v  6.1800 -3.2119 -0.2343
v  6.1800 -3.1892 -0.2304
v  6.1800 -3.1667 -0.2252
v  6.1800 -3.1451 -0.2171
v  6.1800 -3.1240 -0.2076
v  6.1800 -3.1045 -0.1953
v  6.1800 -3.0857 -0.1820
v  6.1800 -3.0689 -0.1661
v  6.1800 -3.0530 -0.1493
v  6.1800 -3.0397 -0.1305
v  6.1800 -3.0274 -0.1110
v  6.1800 -3.0179 -0.0899
v  6.1800 -3.0098 -0.0683
v  6.1800 -3.0046 -0.0458
v  6.1800 -3.0007 -0.0231
v  6.1800 -3.4693 0.0231
v  6.1800 -3.4603 0.0683
v  6.1800 -3.4654 0.0458
v  6.1800 -3.4426 0.1110
v  6.1800 -3.4521 0.0899
v  6.1800 -3.4170 0.1493
v  6.1800 -3.4304 0.1305
v  6.1800 -3.3843 0.1820
v  6.1800 -3.4011 0.1661
v  6.1800 -3.3460 0.2076
v  6.1800 -3.3655 0.1953
v  6.1800 -3.3033 0.2252
v  6.1800 -3.3249 0.2171
v  6.1800 -3.2581 0.2343
v  6.1800 -3.2808 0.2304
v  6.1800 -3.2119 0.2343
v  6.1800 -3.2350 0.2349
v  6.1800 -3.1667 0.2252
v  6.1800 -3.1892 0.2304
v  6.1800 -3.1240 0.2076
v  6.1800 -3.1451 0.2171
v  6.1800 -3.0857 0.1820
v  6.1800 -3.1045 0.1953
v  6.1800 -3.0530 0.1493
v  6.1800 -3.0689 0.1661
v  6.1800 -3.0274 0.1110
v  6.1800 -3.0397 0.1305
v  6.1800 -3.0098 0.0683
v  6.1800 -3.0179 0.0899
v  6.1800 -3.0007 0.0231
v  6.1800 -3.0046 0.0458
v  6.1800 -3.0001 0.0000
# 14753 vertices

o T14413_4
g T14413_4
s 1
f 1 4 3 2 
f 5 8 7 6 
f 9 10 7 8 
f 11 12 10 9 
f 13 14 12 11 
f 15 16 14 13 
f 15 18 17 16 
f 19 20 17 18 
f 21 22 20 19 
f 21 24 23 22 
f 25 26 23 24 
f 25 28 27 26 
f 28 30 29 27 
f 31 32 29 30 
f 33 34 32 31 
f 35 36 34 33 
f 37 38 36 35 
f 39 40 38 37 
f 39 42 41 40 
f 43 44 41 42 
f 43 46 45 44 
f 47 48 45 46 
f 49 50 48 47 
f 49 52 51 50 
f 53 54 51 52 
f 55 56 54 53 
f 55 58 57 56 
f 59 60 57 58 
f 59 62 61 60 
f 63 64 61 62 
f 63 66 65 64 
f 3 4 65 66 
s 2
f 67 70 69 68 
f 68 72 71 67 
f 72 74 73 71 
f 74 76 75 73 
f 76 78 77 75 
f 78 80 79 77 
f 80 82 81 79 
f 82 84 83 81 
f 84 86 85 83 
f 86 88 87 85 
f 88 90 89 87 
f 90 92 91 89 
f 92 94 93 91 
f 94 96 95 93 
f 96 98 97 95 
f 98 100 99 97 
f 100 102 101 99 
f 102 104 103 101 
f 104 106 105 103 
f 106 108 107 105 
f 108 110 109 107 
f 110 112 111 109 
f 112 114 113 111 
f 114 116 115 113 
f 116 118 117 115 
f 118 120 119 117 
f 120 122 121 119 
f 122 124 123 121 
f 124 126 125 123 
f 126 128 127 125 
f 128 130 129 127 
f 130 132 131 129 
f 132 134 133 131 
f 134 136 135 133 
f 136 138 137 135 
f 138 140 139 137 
f 140 142 141 139 
f 142 144 143 141 
f 144 146 145 143 
f 146 148 147 145 
f 148 150 149 147 
f 150 152 151 149 
f 152 154 153 151 
f 154 156 155 153 
f 156 158 157 155 
f 158 160 159 157 
f 160 162 161 159 
f 162 164 163 161 
f 164 166 165 163 
f 166 168 167 165 
f 168 170 169 167 
f 170 172 171 169 
f 172 174 173 171 
f 174 176 175 173 
f 176 178 177 175 
f 178 180 179 177 
f 180 182 181 179 
f 182 184 183 181 
f 184 186 185 183 
f 186 188 187 185 
f 188 190 189 187 
f 190 192 191 189 
f 192 194 193 191 
f 194 69 70 193 
f 195 198 197 196 
f 199 200 197 198 
f 201 202 200 199 
f 203 204 202 201 
f 205 206 204 203 
f 207 208 206 205 
f 209 210 208 207 
f 209 164 162 210 
f 211 166 164 209 
f 212 168 166 211 
f 213 170 168 212 
f 214 172 170 213 
f 215 174 172 214 
f 216 176 174 215 
f 217 178 176 216 
f 218 180 178 217 
f 219 182 180 218 
f 220 184 182 219 
f 221 186 184 220 
f 222 188 186 221 
f 223 190 188 222 
f 224 192 190 223 
f 225 194 192 224 
f 226 69 194 225 
f 227 68 69 226 
f 228 72 68 227 
f 229 74 72 228 
f 230 76 74 229 
f 231 78 76 230 
f 232 80 78 231 
f 232 233 82 80 
f 234 84 82 233 
f 235 86 84 234 
f 236 88 86 235 
f 237 90 88 236 
f 238 92 90 237 
f 239 94 92 238 
f 240 96 94 239 
f 240 241 98 96 
f 242 243 241 240 
f 244 245 243 242 
f 246 247 245 244 
f 248 249 247 246 
f 250 251 249 248 
f 252 253 251 250 
f 252 255 254 253 
f 252 257 256 255 
f 258 259 256 257 
f 260 261 259 258 
f 262 263 261 260 
f 264 265 263 262 
f 264 267 266 265 
f 267 269 268 266 
f 270 271 268 269 
f 272 273 271 270 
f 274 275 273 272 
f 276 277 275 274 
f 276 279 278 277 
f 280 281 278 279 
f 282 283 281 280 
f 284 285 283 282 
f 286 287 285 284 
f 286 289 288 287 
f 290 291 288 289 
f 292 293 291 290 
f 294 295 293 292 
f 296 297 295 294 
f 298 299 297 296 
f 300 301 299 298 
f 302 303 301 300 
f 304 305 303 302 
f 306 307 305 304 
f 308 309 307 306 
f 310 311 309 308 
f 312 313 311 310 
f 198 195 313 312 
f 252 250 314 257 
f 257 314 315 258 
f 258 315 316 260 
f 250 248 317 314 
f 248 246 318 317 
f 314 317 319 315 
f 315 319 320 316 
f 317 318 321 319 
f 319 321 322 320 
f 260 316 323 262 
f 262 323 324 264 
f 264 324 325 267 
f 267 325 326 269 
f 316 320 327 323 
f 323 327 328 324 
f 320 322 329 327 
f 327 329 330 328 
f 324 328 331 325 
f 325 331 332 326 
f 328 330 333 331 
f 331 333 334 332 
f 246 244 335 318 
f 244 242 336 335 
f 318 335 337 321 
f 321 337 338 322 
f 335 336 339 337 
f 337 339 340 338 
f 242 240 239 336 
f 336 239 238 339 
f 339 238 237 340 
f 322 338 341 329 
f 329 341 342 330 
f 338 340 343 341 
f 341 343 344 342 
f 330 342 345 333 
f 333 345 346 334 
f 342 344 347 345 
f 345 347 348 346 
f 340 237 236 343 
f 343 236 235 344 
f 344 235 234 347 
f 347 234 233 348 
f 269 326 349 270 
f 270 349 350 272 
f 272 350 351 274 
f 274 351 352 276 
f 326 332 353 349 
f 349 353 354 350 
f 332 334 355 353 
f 353 355 356 354 
f 350 354 357 351 
f 351 357 358 352 
f 354 356 359 357 
f 357 359 360 358 
f 276 352 361 279 
f 279 361 362 280 
f 280 362 363 282 
f 282 363 364 284 
f 352 358 365 361 
f 361 365 366 362 
f 358 360 367 365 
f 365 367 368 366 
f 362 366 369 363 
f 363 369 370 364 
f 366 368 371 369 
f 369 371 372 370 
f 334 346 373 355 
f 355 373 374 356 
f 346 348 375 373 
f 373 375 376 374 
f 356 374 377 359 
f 359 377 378 360 
f 374 376 379 377 
f 377 379 380 378 
f 348 233 232 375 
f 375 232 231 376 
f 376 231 230 379 
f 379 230 229 380 
f 360 378 381 367 
f 367 381 382 368 
f 378 380 383 381 
f 381 383 384 382 
f 368 382 385 371 
f 371 385 386 372 
f 382 384 387 385 
f 385 387 388 386 
f 380 229 228 383 
f 383 228 227 384 
f 384 227 226 387 
f 387 226 225 388 
f 284 364 389 286 
f 286 389 390 289 
f 289 390 391 290 
f 290 391 392 292 
f 364 370 393 389 
f 389 393 394 390 
f 370 372 395 393 
f 393 395 396 394 
f 390 394 397 391 
f 391 397 398 392 
f 394 396 399 397 
f 397 399 400 398 
f 292 392 401 294 
f 294 401 402 296 
f 296 402 403 298 
f 298 403 404 300 
f 392 398 405 401 
f 401 405 406 402 
f 398 400 407 405 
f 405 407 408 406 
f 402 406 409 403 
f 403 409 410 404 
f 406 408 411 409 
f 409 411 412 410 
f 372 386 413 395 
f 395 413 414 396 
f 386 388 415 413 
f 413 415 416 414 
f 396 414 417 399 
f 399 417 418 400 
f 414 416 419 417 
f 417 419 420 418 
f 388 225 224 415 
f 415 224 223 416 
f 416 223 222 419 
f 419 222 221 420 
f 400 418 421 407 
f 407 421 422 408 
f 418 420 423 421 
f 421 423 424 422 
f 408 422 425 411 
f 411 425 426 412 
f 422 424 427 425 
f 425 427 428 426 
f 420 221 220 423 
f 423 220 219 424 
f 424 219 218 427 
f 427 218 217 428 
f 300 404 429 302 
f 302 429 430 304 
f 304 430 431 306 
f 306 431 432 308 
f 404 410 433 429 
f 429 433 434 430 
f 410 412 435 433 
f 433 435 436 434 
f 430 434 437 431 
f 431 437 438 432 
f 434 436 439 437 
f 437 439 440 438 
f 308 432 441 310 
f 310 441 442 312 
f 312 442 199 198 
f 432 438 443 441 
f 441 443 444 442 
f 438 440 445 443 
f 443 445 446 444 
f 442 444 201 199 
f 444 446 203 201 
f 412 426 447 435 
f 435 447 448 436 
f 426 428 449 447 
f 447 449 450 448 
f 436 448 451 439 
f 439 451 452 440 
f 448 450 453 451 
f 451 453 454 452 
f 428 217 216 449 
f 449 216 215 450 
f 450 215 214 453 
f 453 214 213 454 
f 440 452 455 445 
f 445 455 456 446 
f 452 454 457 455 
f 455 457 458 456 
f 446 456 205 203 
f 456 458 207 205 
f 454 213 212 457 
f 457 212 211 458 
f 458 211 209 207 
f 459 461 460 
f 460 462 459 
f 460 463 462 
f 460 464 463 
f 460 465 464 
f 460 466 465 
f 460 467 466 
f 460 468 467 
f 460 469 468 
f 460 470 469 
f 460 471 470 
f 460 472 471 
f 460 473 472 
f 460 474 473 
f 460 475 474 
f 460 476 475 
f 460 477 476 
f 460 478 477 
f 460 479 478 
f 460 480 479 
f 460 481 480 
f 460 482 481 
f 460 483 482 
f 460 484 483 
f 460 485 484 
f 460 486 485 
f 460 487 486 
f 460 488 487 
f 460 489 488 
f 460 490 489 
f 460 491 490 
f 460 492 491 
f 460 493 492 
f 460 494 493 
f 460 495 494 
f 460 496 495 
f 460 497 496 
f 460 498 497 
f 460 499 498 
f 460 500 499 
f 460 501 500 
f 460 502 501 
f 460 503 502 
f 460 504 503 
f 460 505 504 
f 460 506 505 
f 460 507 506 
f 460 508 507 
f 460 509 508 
f 460 510 509 
f 460 511 510 
f 460 512 511 
f 460 513 512 
f 460 514 513 
f 460 515 514 
f 460 516 515 
f 460 517 516 
f 460 518 517 
f 460 519 518 
f 460 520 519 
f 460 521 520 
f 460 522 521 
f 460 523 522 
f 460 461 523 
s 1
f 524 525 5 6 
f 526 527 1 2 
f 528 529 527 526 
f 530 531 529 528 
f 532 533 531 530 
f 534 535 533 532 
f 536 537 535 534 
f 538 539 537 536 
f 540 541 539 538 
f 542 543 541 540 
f 544 545 543 542 
f 546 547 545 544 
f 548 549 547 546 
f 550 551 549 548 
f 552 553 551 550 
f 554 555 553 552 
f 556 557 555 554 
f 558 559 557 556 
f 560 561 559 558 
f 562 563 561 560 
f 564 565 563 562 
f 566 567 565 564 
f 568 569 567 566 
f 570 571 569 568 
f 572 573 571 570 
f 574 575 573 572 
f 576 577 575 574 
f 578 579 577 576 
f 580 581 579 578 
f 582 583 581 580 
f 584 585 583 582 
f 525 524 585 584 
s 2
f 160 586 210 162 
f 587 208 210 586 
f 588 206 208 587 
f 589 204 206 588 
f 590 202 204 589 
f 591 200 202 590 
f 592 197 200 591 
f 592 593 196 197 
f 594 595 593 592 
f 596 597 595 594 
f 596 599 598 597 
f 600 601 598 599 
f 602 603 601 600 
f 602 605 604 603 
f 606 607 604 605 
f 608 609 607 606 
f 610 611 609 608 
f 612 613 611 610 
f 614 615 613 612 
f 614 617 616 615 
f 618 619 616 617 
f 618 621 620 619 
f 621 623 622 620 
f 623 625 624 622 
f 626 627 624 625 
f 628 629 627 626 
f 628 631 630 629 
f 632 633 630 631 
f 634 635 633 632 
f 636 637 635 634 
f 638 639 637 636 
f 640 641 639 638 
f 642 643 641 640 
f 644 645 643 642 
f 646 647 645 644 
f 648 649 647 646 
f 650 651 649 648 
f 652 653 651 650 
f 652 253 254 653 
f 654 251 253 652 
f 655 249 251 654 
f 656 247 249 655 
f 657 245 247 656 
f 658 243 245 657 
f 659 241 243 658 
f 659 100 98 241 
f 660 102 100 659 
f 661 104 102 660 
f 662 106 104 661 
f 663 108 106 662 
f 664 110 108 663 
f 665 112 110 664 
f 666 114 112 665 
f 667 116 114 666 
f 668 118 116 667 
f 669 120 118 668 
f 670 122 120 669 
f 671 124 122 670 
f 672 126 124 671 
f 673 128 126 672 
f 674 130 128 673 
f 675 132 130 674 
f 676 134 132 675 
f 677 136 134 676 
f 678 138 136 677 
f 679 140 138 678 
f 680 142 140 679 
f 681 144 142 680 
f 682 146 144 681 
f 683 148 146 682 
f 684 150 148 683 
f 685 152 150 684 
f 686 154 152 685 
f 687 156 154 686 
f 688 158 156 687 
f 586 160 158 688 
f 592 591 689 594 
f 594 689 690 596 
f 596 690 691 599 
f 591 590 692 689 
f 590 589 693 692 
f 689 692 694 690 
f 690 694 695 691 
f 692 693 696 694 
f 694 696 697 695 
f 599 691 698 600 
f 600 698 699 602 
f 602 699 700 605 
f 605 700 701 606 
f 691 695 702 698 
f 698 702 703 699 
f 695 697 704 702 
f 702 704 705 703 
f 699 703 706 700 
f 700 706 707 701 
f 703 705 708 706 
f 706 708 709 707 
f 589 588 710 693 
f 588 587 711 710 
f 693 710 712 696 
f 696 712 713 697 
f 710 711 714 712 
f 712 714 715 713 
f 587 586 688 711 
f 711 688 687 714 
f 714 687 686 715 
f 697 713 716 704 
f 704 716 717 705 
f 713 715 718 716 
f 716 718 719 717 
f 705 717 720 708 
f 708 720 721 709 
f 717 719 722 720 
f 720 722 723 721 
f 715 686 685 718 
f 718 685 684 719 
f 719 684 683 722 
f 722 683 682 723 
f 606 701 724 608 
f 608 724 725 610 
f 610 725 726 612 
f 612 726 727 614 
f 701 707 728 724 
f 724 728 729 725 
f 707 709 730 728 
f 728 730 731 729 
f 725 729 732 726 
f 726 732 733 727 
f 729 731 734 732 
f 732 734 735 733 
f 614 727 736 617 
f 617 736 737 618 
f 618 737 738 621 
f 621 738 739 623 
f 727 733 740 736 
f 736 740 741 737 
f 733 735 742 740 
f 740 742 743 741 
f 737 741 744 738 
f 738 744 745 739 
f 741 743 746 744 
f 744 746 747 745 
f 709 721 748 730 
f 730 748 749 731 
f 721 723 750 748 
f 748 750 751 749 
f 731 749 752 734 
f 734 752 753 735 
f 749 751 754 752 
f 752 754 755 753 
f 723 682 681 750 
f 750 681 680 751 
f 751 680 679 754 
f 754 679 678 755 
f 735 753 756 742 
f 742 756 757 743 
f 753 755 758 756 
f 756 758 759 757 
f 743 757 760 746 
f 746 760 761 747 
f 757 759 762 760 
f 760 762 763 761 
f 755 678 677 758 
f 758 677 676 759 
f 759 676 675 762 
f 762 675 674 763 
f 623 739 764 625 
f 625 764 765 626 
f 626 765 766 628 
f 628 766 767 631 
f 739 745 768 764 
f 764 768 769 765 
f 745 747 770 768 
f 768 770 771 769 
f 765 769 772 766 
f 766 772 773 767 
f 769 771 774 772 
f 772 774 775 773 
f 631 767 776 632 
f 632 776 777 634 
f 634 777 778 636 
f 636 778 779 638 
f 767 773 780 776 
f 776 780 781 777 
f 773 775 782 780 
f 780 782 783 781 
f 777 781 784 778 
f 778 784 785 779 
f 781 783 786 784 
f 784 786 787 785 
f 747 761 788 770 
f 770 788 789 771 
f 761 763 790 788 
f 788 790 791 789 
f 771 789 792 774 
f 774 792 793 775 
f 789 791 794 792 
f 792 794 795 793 
f 763 674 673 790 
f 790 673 672 791 
f 791 672 671 794 
f 794 671 670 795 
f 775 793 796 782 
f 782 796 797 783 
f 793 795 798 796 
f 796 798 799 797 
f 783 797 800 786 
f 786 800 801 787 
f 797 799 802 800 
f 800 802 803 801 
f 795 670 669 798 
f 798 669 668 799 
f 799 668 667 802 
f 802 667 666 803 
f 638 779 804 640 
f 640 804 805 642 
f 642 805 806 644 
f 644 806 807 646 
f 779 785 808 804 
f 804 808 809 805 
f 785 787 810 808 
f 808 810 811 809 
f 805 809 812 806 
f 806 812 813 807 
f 809 811 814 812 
f 812 814 815 813 
f 646 807 816 648 
f 648 816 817 650 
f 650 817 654 652 
f 807 813 818 816 
f 816 818 819 817 
f 813 815 820 818 
f 818 820 821 819 
f 817 819 655 654 
f 819 821 656 655 
f 787 801 822 810 
f 810 822 823 811 
f 801 803 824 822 
f 822 824 825 823 
f 811 823 826 814 
f 814 826 827 815 
f 823 825 828 826 
f 826 828 829 827 
f 803 666 665 824 
f 824 665 664 825 
f 825 664 663 828 
f 828 663 662 829 
f 815 827 830 820 
f 820 830 831 821 
f 827 829 832 830 
f 830 832 833 831 
f 821 831 657 656 
f 831 833 658 657 
f 829 662 661 832 
f 832 661 660 833 
f 833 660 659 658 
f 195 196 835 834 
f 254 255 837 836 
f 255 256 838 837 
f 256 259 839 838 
f 259 261 840 839 
f 261 263 841 840 
f 263 265 842 841 
f 265 266 843 842 
f 266 268 844 843 
f 268 271 845 844 
f 271 273 846 845 
f 273 275 847 846 
f 275 277 848 847 
f 277 278 849 848 
f 278 281 850 849 
f 281 283 851 850 
f 283 285 852 851 
f 285 287 853 852 
f 287 288 854 853 
f 288 291 855 854 
f 291 293 856 855 
f 293 295 857 856 
f 295 297 858 857 
f 297 299 859 858 
f 299 301 860 859 
f 301 303 861 860 
f 303 305 862 861 
f 305 307 863 862 
f 307 309 864 863 
f 309 311 865 864 
f 311 313 866 865 
f 313 195 834 866 
f 196 593 867 835 
f 593 595 868 867 
f 595 597 869 868 
f 597 598 870 869 
f 598 601 871 870 
f 601 603 872 871 
f 603 604 873 872 
f 604 607 874 873 
f 607 609 875 874 
f 609 611 876 875 
f 611 613 877 876 
f 613 615 878 877 
f 615 616 879 878 
f 616 619 880 879 
f 619 620 881 880 
f 620 622 882 881 
f 622 624 883 882 
f 624 627 884 883 
f 627 629 885 884 
f 629 630 886 885 
f 630 633 887 886 
f 633 635 888 887 
f 635 637 889 888 
f 637 639 890 889 
f 639 641 891 890 
f 641 643 892 891 
f 643 645 893 892 
f 645 647 894 893 
f 647 649 895 894 
f 649 651 896 895 
f 651 653 897 896 
f 653 254 836 897 
s 1
f 898 900 899 
f 901 902 899 
f 902 903 899 
f 903 904 899 
f 904 905 899 
f 905 906 899 
f 906 907 899 
f 907 908 899 
f 908 909 899 
f 909 910 899 
f 910 911 899 
f 911 912 899 
f 912 913 899 
f 913 914 899 
f 914 915 899 
f 915 916 899 
f 916 917 899 
f 917 918 899 
f 918 919 899 
f 919 920 899 
f 920 921 899 
f 921 922 899 
f 922 923 899 
f 923 924 899 
f 924 925 899 
f 925 926 899 
f 926 927 899 
f 927 928 899 
f 928 929 899 
f 929 930 899 
f 930 931 899 
f 931 898 899 
f 900 932 899 
f 932 933 899 
f 933 934 899 
f 934 935 899 
f 935 936 899 
f 936 937 899 
f 937 938 899 
f 938 939 899 
f 939 940 899 
f 940 941 899 
f 941 942 899 
f 942 943 899 
f 943 944 899 
f 944 945 899 
f 945 946 899 
f 946 947 899 
f 947 948 899 
f 948 949 899 
f 949 950 899 
f 950 951 899 
f 951 952 899 
f 952 953 899 
f 953 954 899 
f 954 955 899 
f 955 956 899 
f 956 957 899 
f 957 958 899 
f 958 959 899 
f 959 960 899 
f 960 961 899 
f 961 962 899 
f 962 901 899 
f 4 1 964 963 
f 2 3 966 965 
f 8 5 968 967 
f 6 7 970 969 
f 7 10 971 970 
f 9 8 967 972 
f 10 12 973 971 
f 11 9 972 974 
f 12 14 975 973 
f 13 11 974 976 
f 14 16 977 975 
f 15 13 976 978 
f 18 15 978 979 
f 16 17 980 977 
f 17 20 981 980 
f 19 18 979 982 
f 20 22 983 981 
f 21 19 982 984 
f 24 21 984 985 
f 22 23 986 983 
f 23 26 987 986 
f 25 24 985 988 
f 28 25 988 989 
f 26 27 990 987 
f 30 28 989 991 
f 27 29 992 990 
f 29 32 993 992 
f 31 30 991 994 
f 32 34 995 993 
f 33 31 994 996 
f 34 36 997 995 
f 35 33 996 998 
f 36 38 999 997 
f 37 35 998 1000 
f 38 40 1001 999 
f 39 37 1000 1002 
f 42 39 1002 1003 
f 40 41 1004 1001 
f 41 44 1005 1004 
f 43 42 1003 1006 
f 46 43 1006 1007 
f 44 45 1008 1005 
f 45 48 1009 1008 
f 47 46 1007 1010 
f 48 50 1011 1009 
f 49 47 1010 1012 
f 52 49 1012 1013 
f 50 51 1014 1011 
f 51 54 1015 1014 
f 53 52 1013 1016 
f 54 56 1017 1015 
f 55 53 1016 1018 
f 58 55 1018 1019 
f 56 57 1020 1017 
f 57 60 1021 1020 
f 59 58 1019 1022 
f 62 59 1022 1023 
f 60 61 1024 1021 
f 61 64 1025 1024 
f 63 62 1023 1026 
f 66 63 1026 1027 
f 64 65 1028 1025 
f 65 4 963 1028 
f 3 66 1027 966 
s 2
f 70 67 1030 1029 
f 67 71 1031 1030 
f 71 73 1032 1031 
f 73 75 1033 1032 
f 75 77 1034 1033 
f 77 79 1035 1034 
f 79 81 1036 1035 
f 81 83 1037 1036 
f 83 85 1038 1037 
f 85 87 1039 1038 
f 87 89 1040 1039 
f 89 91 1041 1040 
f 91 93 1042 1041 
f 93 95 1043 1042 
f 95 97 964 1043 
f 97 99 963 964 
f 99 101 1028 963 
f 101 103 1025 1028 
f 103 105 1024 1025 
f 105 107 1021 1024 
f 107 109 1020 1021 
f 109 111 1017 1020 
f 111 113 1015 1017 
f 113 115 1014 1015 
f 115 117 1011 1014 
f 117 119 1009 1011 
f 119 121 1008 1009 
f 121 123 1005 1008 
f 123 125 1004 1005 
f 125 127 1001 1004 
f 127 129 999 1001 
f 129 131 997 999 
f 131 133 995 997 
f 133 135 993 995 
f 135 137 992 993 
f 137 139 990 992 
f 139 141 987 990 
f 141 143 986 987 
f 143 145 983 986 
f 145 147 981 983 
f 147 149 980 981 
f 149 151 977 980 
f 151 153 975 977 
f 153 155 973 975 
f 155 157 971 973 
f 157 159 970 971 
f 159 161 969 970 
f 161 163 1044 969 
f 163 165 1045 1044 
f 165 167 1046 1045 
f 167 169 1047 1046 
f 169 171 1048 1047 
f 171 173 1049 1048 
f 173 175 1050 1049 
f 175 177 1051 1050 
f 177 179 1052 1051 
f 179 181 1053 1052 
f 181 183 1054 1053 
f 183 185 1055 1054 
f 185 187 1056 1055 
f 187 189 1057 1056 
f 189 191 1058 1057 
f 191 193 1059 1058 
f 193 70 1029 1059 
f 461 459 1061 1060 
f 459 462 1062 1061 
f 462 463 1063 1062 
f 463 464 1064 1063 
f 464 465 1065 1064 
f 465 466 1066 1065 
f 466 467 1067 1066 
f 467 468 1068 1067 
f 468 469 1069 1068 
f 469 470 1070 1069 
f 470 471 1071 1070 
f 471 472 1072 1071 
f 472 473 1073 1072 
f 473 474 1074 1073 
f 474 475 1075 1074 
f 475 476 1076 1075 
f 476 477 1077 1076 
f 477 478 1078 1077 
f 478 479 1079 1078 
f 479 480 1080 1079 
f 480 481 1081 1080 
f 481 482 1082 1081 
f 482 483 1083 1082 
f 483 484 1084 1083 
f 484 485 1085 1084 
f 485 486 1086 1085 
f 486 487 1087 1086 
f 487 488 968 1087 
f 488 489 967 968 
f 489 490 972 967 
f 490 491 974 972 
f 491 492 976 974 
f 492 493 978 976 
f 493 494 979 978 
f 494 495 982 979 
f 495 496 984 982 
f 496 497 985 984 
f 497 498 988 985 
f 498 499 989 988 
f 499 500 991 989 
f 500 501 994 991 
f 501 502 996 994 
f 502 503 998 996 
f 503 504 1000 998 
f 504 505 1002 1000 
f 505 506 1003 1002 
f 506 507 1006 1003 
f 507 508 1007 1006 
f 508 509 1010 1007 
f 509 510 1012 1010 
f 510 511 1013 1012 
f 511 512 1016 1013 
f 512 513 1018 1016 
f 513 514 1019 1018 
f 514 515 1022 1019 
f 515 516 1023 1022 
f 516 517 1026 1023 
f 517 518 1027 1026 
f 518 519 966 1027 
f 519 520 965 966 
f 520 521 1088 965 
f 521 522 1089 1088 
f 522 523 1090 1089 
f 523 461 1060 1090 
s 1
f 5 525 1087 968 
f 524 6 969 1044 
f 1 527 1043 964 
f 526 2 965 1088 
f 527 529 1042 1043 
f 528 526 1088 1089 
f 529 531 1041 1042 
f 530 528 1089 1090 
f 531 533 1040 1041 
f 532 530 1090 1060 
f 533 535 1039 1040 
f 534 532 1060 1061 
f 535 537 1038 1039 
f 536 534 1061 1062 
f 537 539 1037 1038 
f 538 536 1062 1063 
f 539 541 1036 1037 
f 540 538 1063 1064 
f 541 543 1035 1036 
f 542 540 1064 1065 
f 543 545 1034 1035 
f 544 542 1065 1066 
f 545 547 1033 1034 
f 546 544 1066 1067 
f 547 549 1032 1033 
f 548 546 1067 1068 
f 549 551 1031 1032 
f 550 548 1068 1069 
f 551 553 1030 1031 
f 552 550 1069 1070 
f 553 555 1029 1030 
f 554 552 1070 1071 
f 555 557 1059 1029 
f 556 554 1071 1072 
f 557 559 1058 1059 
f 558 556 1072 1073 
f 559 561 1057 1058 
f 560 558 1073 1074 
f 561 563 1056 1057 
f 562 560 1074 1075 
f 563 565 1055 1056 
f 564 562 1075 1076 
f 565 567 1054 1055 
f 566 564 1076 1077 
f 567 569 1053 1054 
f 568 566 1077 1078 
f 569 571 1052 1053 
f 570 568 1078 1079 
f 571 573 1051 1052 
f 572 570 1079 1080 
f 573 575 1050 1051 
f 574 572 1080 1081 
f 575 577 1049 1050 
f 576 574 1081 1082 
f 577 579 1048 1049 
f 578 576 1082 1083 
f 579 581 1047 1048 
f 580 578 1083 1084 
f 581 583 1046 1047 
f 582 580 1084 1085 
f 583 585 1045 1046 
f 584 582 1085 1086 
f 585 524 1044 1045 
f 525 584 1086 1087 
s 2
f 834 835 1092 1091 
f 836 837 1094 1093 
f 837 838 1095 1094 
f 838 839 1096 1095 
f 839 840 1097 1096 
f 840 841 1098 1097 
f 841 842 1099 1098 
f 842 843 1100 1099 
f 843 844 1101 1100 
f 844 845 1102 1101 
f 845 846 1103 1102 
f 846 847 1104 1103 
f 847 848 1105 1104 
f 848 849 1106 1105 
f 849 850 1107 1106 
f 850 851 1108 1107 
f 851 852 1109 1108 
f 852 853 1110 1109 
f 853 854 1111 1110 
f 854 855 1112 1111 
f 855 856 1113 1112 
f 856 857 1114 1113 
f 857 858 1115 1114 
f 858 859 1116 1115 
f 859 860 1117 1116 
f 860 861 1118 1117 
f 861 862 1119 1118 
f 862 863 1120 1119 
f 863 864 1121 1120 
f 864 865 1122 1121 
f 865 866 1123 1122 
f 866 834 1091 1123 
f 835 867 1124 1092 
f 867 868 1125 1124 
f 868 869 1126 1125 
f 869 870 1127 1126 
f 870 871 1128 1127 
f 871 872 1129 1128 
f 872 873 1130 1129 
f 873 874 1131 1130 
f 874 875 1132 1131 
f 875 876 1133 1132 
f 876 877 1134 1133 
f 877 878 1135 1134 
f 878 879 1136 1135 
f 879 880 1137 1136 
f 880 881 1138 1137 
f 881 882 1139 1138 
f 882 883 1140 1139 
f 883 884 1141 1140 
f 884 885 1142 1141 
f 885 886 1143 1142 
f 886 887 1144 1143 
f 887 888 1145 1144 
f 888 889 1146 1145 
f 889 890 1147 1146 
f 890 891 1148 1147 
f 891 892 1149 1148 
f 892 893 1150 1149 
f 893 894 1151 1150 
f 894 895 1152 1151 
f 895 896 1153 1152 
f 896 897 1154 1153 
f 897 836 1093 1154 
s 1
f 900 898 1091 1092 
f 902 901 1093 1094 
f 903 902 1094 1095 
f 904 903 1095 1096 
f 905 904 1096 1097 
f 906 905 1097 1098 
f 907 906 1098 1099 
f 908 907 1099 1100 
f 909 908 1100 1101 
f 910 909 1101 1102 
f 911 910 1102 1103 
f 912 911 1103 1104 
f 913 912 1104 1105 
f 914 913 1105 1106 
f 915 914 1106 1107 
f 916 915 1107 1108 
f 917 916 1108 1109 
f 918 917 1109 1110 
f 919 918 1110 1111 
f 920 919 1111 1112 
f 921 920 1112 1113 
f 922 921 1113 1114 
f 923 922 1114 1115 
f 924 923 1115 1116 
f 925 924 1116 1117 
f 926 925 1117 1118 
f 927 926 1118 1119 
f 928 927 1119 1120 
f 929 928 1120 1121 
f 930 929 1121 1122 
f 931 930 1122 1123 
f 898 931 1123 1091 
f 932 900 1092 1124 
f 933 932 1124 1125 
f 934 933 1125 1126 
f 935 934 1126 1127 
f 936 935 1127 1128 
f 937 936 1128 1129 
f 938 937 1129 1130 
f 939 938 1130 1131 
f 940 939 1131 1132 
f 941 940 1132 1133 
f 942 941 1133 1134 
f 943 942 1134 1135 
f 944 943 1135 1136 
f 945 944 1136 1137 
f 946 945 1137 1138 
f 947 946 1138 1139 
f 948 947 1139 1140 
f 949 948 1140 1141 
f 950 949 1141 1142 
f 951 950 1142 1143 
f 952 951 1143 1144 
f 953 952 1144 1145 
f 954 953 1145 1146 
f 955 954 1146 1147 
f 956 955 1147 1148 
f 957 956 1148 1149 
f 958 957 1149 1150 
f 959 958 1150 1151 
f 960 959 1151 1152 
f 961 960 1152 1153 
f 962 961 1153 1154 
f 901 962 1154 1093 
f 1155 1157 1156 
f 1157 1158 1156 
f 1158 1159 1156 
f 1159 1160 1156 
f 1160 1161 1156 
f 1161 1162 1156 
f 1162 1163 1156 
f 1163 1164 1156 
f 1164 1165 1156 
f 1165 1166 1156 
f 1166 1167 1156 
f 1167 1168 1156 
f 1168 1169 1156 
f 1169 1170 1156 
f 1170 1171 1156 
f 1171 1172 1156 
f 1172 1173 1156 
f 1173 1174 1156 
f 1174 1175 1156 
f 1175 1176 1156 
f 1176 1177 1156 
f 1177 1178 1156 
f 1178 1179 1156 
f 1179 1180 1156 
f 1180 1181 1156 
f 1181 1182 1156 
f 1182 1183 1156 
f 1183 1184 1156 
f 1184 1185 1156 
f 1185 1186 1156 
f 1186 1187 1156 
f 1187 1188 1156 
f 1188 1189 1156 
f 1189 1190 1156 
f 1190 1191 1156 
f 1191 1192 1156 
f 1192 1193 1156 
f 1193 1194 1156 
f 1194 1195 1156 
f 1195 1196 1156 
f 1196 1197 1156 
f 1197 1198 1156 
f 1198 1199 1156 
f 1199 1200 1156 
f 1200 1201 1156 
f 1201 1202 1156 
f 1202 1203 1156 
f 1203 1204 1156 
f 1204 1205 1156 
f 1205 1206 1156 
f 1206 1207 1156 
f 1207 1208 1156 
f 1208 1209 1156 
f 1209 1210 1156 
f 1210 1211 1156 
f 1211 1212 1156 
f 1212 1213 1156 
f 1213 1214 1156 
f 1214 1215 1156 
f 1215 1216 1156 
f 1216 1217 1156 
f 1217 1218 1156 
f 1218 1219 1156 
f 1219 1155 1156 
s 2
f 1220 1223 1222 1221 
f 1223 1225 1224 1222 
f 1225 1227 1226 1224 
f 1227 1229 1228 1226 
f 1229 1231 1230 1228 
f 1231 1233 1232 1230 
f 1233 1235 1234 1232 
f 1235 1237 1236 1234 
f 1237 1239 1238 1236 
f 1239 1241 1240 1238 
f 1241 1243 1242 1240 
f 1243 1245 1244 1242 
f 1245 1247 1246 1244 
f 1247 1249 1248 1246 
f 1249 1251 1250 1248 
f 1251 1253 1252 1250 
f 1253 1255 1254 1252 
f 1255 1257 1256 1254 
f 1257 1259 1258 1256 
f 1259 1261 1260 1258 
f 1261 1263 1262 1260 
f 1263 1265 1264 1262 
f 1265 1267 1266 1264 
f 1267 1269 1268 1266 
f 1269 1271 1270 1268 
f 1271 1273 1272 1270 
f 1273 1275 1274 1272 
f 1275 1277 1276 1274 
f 1277 1279 1278 1276 
f 1279 1281 1280 1278 
f 1281 1283 1282 1280 
f 1283 1285 1284 1282 
f 1285 1287 1286 1284 
f 1287 1289 1288 1286 
f 1289 1291 1290 1288 
f 1291 1293 1292 1290 
f 1293 1295 1294 1292 
f 1295 1297 1296 1294 
f 1297 1299 1298 1296 
f 1299 1301 1300 1298 
f 1301 1303 1302 1300 
f 1303 1305 1304 1302 
f 1305 1307 1306 1304 
f 1307 1309 1308 1306 
f 1309 1311 1310 1308 
f 1311 1313 1312 1310 
f 1313 1315 1314 1312 
f 1315 1317 1316 1314 
f 1317 1319 1318 1316 
f 1319 1321 1320 1318 
f 1321 1323 1322 1320 
f 1323 1325 1324 1322 
f 1325 1327 1326 1324 
f 1327 1329 1328 1326 
f 1329 1331 1330 1328 
f 1331 1333 1332 1330 
f 1333 1335 1334 1332 
f 1335 1337 1336 1334 
f 1337 1339 1338 1336 
f 1339 1341 1340 1338 
f 1341 1343 1342 1340 
f 1343 1345 1344 1342 
f 1345 1347 1346 1344 
f 1347 1220 1221 1346 
s 1
f 1157 1155 1349 1348 
f 1158 1157 1348 1350 
f 1159 1158 1350 1351 
f 1160 1159 1351 1352 
f 1161 1160 1352 1353 
f 1162 1161 1353 1354 
f 1163 1162 1354 1355 
f 1164 1163 1355 1356 
f 1165 1164 1356 1357 
f 1166 1165 1357 1358 
f 1167 1166 1358 1359 
f 1168 1167 1359 1360 
f 1169 1168 1360 1361 
f 1170 1169 1361 1362 
f 1171 1170 1362 1363 
f 1172 1171 1363 1364 
f 1173 1172 1364 1365 
f 1174 1173 1365 1366 
f 1175 1174 1366 1367 
f 1176 1175 1367 1368 
f 1177 1176 1368 1369 
f 1178 1177 1369 1370 
f 1179 1178 1370 1371 
f 1180 1179 1371 1372 
f 1181 1180 1372 1373 
f 1182 1181 1373 1374 
f 1183 1182 1374 1375 
f 1184 1183 1375 1376 
f 1185 1184 1376 1377 
f 1186 1185 1377 1378 
f 1187 1186 1378 1379 
f 1188 1187 1379 1380 
f 1189 1188 1380 1381 
f 1190 1189 1381 1382 
f 1191 1190 1382 1383 
f 1192 1191 1383 1384 
f 1193 1192 1384 1385 
f 1194 1193 1385 1386 
f 1195 1194 1386 1387 
f 1196 1195 1387 1388 
f 1197 1196 1388 1389 
f 1198 1197 1389 1390 
f 1199 1198 1390 1391 
f 1200 1199 1391 1392 
f 1201 1200 1392 1393 
f 1202 1201 1393 1394 
f 1203 1202 1394 1395 
f 1204 1203 1395 1396 
f 1205 1204 1396 1397 
f 1206 1205 1397 1398 
f 1207 1206 1398 1399 
f 1208 1207 1399 1400 
f 1209 1208 1400 1401 
f 1210 1209 1401 1402 
f 1211 1210 1402 1403 
f 1212 1211 1403 1404 
f 1213 1212 1404 1405 
f 1214 1213 1405 1406 
f 1215 1214 1406 1407 
f 1216 1215 1407 1408 
f 1217 1216 1408 1409 
f 1218 1217 1409 1410 
f 1219 1218 1410 1411 
f 1155 1219 1411 1349 
s 2
f 1223 1220 1413 1412 
f 1221 1222 1348 1349 
f 1225 1223 1412 1414 
f 1222 1224 1350 1348 
f 1227 1225 1414 1415 
f 1224 1226 1351 1350 
f 1229 1227 1415 1416 
f 1226 1228 1352 1351 
f 1231 1229 1416 1417 
f 1228 1230 1353 1352 
f 1233 1231 1417 1418 
f 1230 1232 1354 1353 
f 1235 1233 1418 1419 
f 1232 1234 1355 1354 
f 1237 1235 1419 1420 
f 1234 1236 1356 1355 
f 1239 1237 1420 1421 
f 1236 1238 1357 1356 
f 1241 1239 1421 1422 
f 1238 1240 1358 1357 
f 1243 1241 1422 1423 
f 1240 1242 1359 1358 
f 1245 1243 1423 1424 
f 1242 1244 1360 1359 
f 1247 1245 1424 1425 
f 1244 1246 1361 1360 
f 1249 1247 1425 1426 
f 1246 1248 1362 1361 
f 1251 1249 1426 1427 
f 1248 1250 1363 1362 
f 1253 1251 1427 1428 
f 1250 1252 1364 1363 
f 1255 1253 1428 1429 
f 1252 1254 1365 1364 
f 1257 1255 1429 1430 
f 1254 1256 1366 1365 
f 1259 1257 1430 1431 
f 1256 1258 1367 1366 
f 1261 1259 1431 1432 
f 1258 1260 1368 1367 
f 1263 1261 1432 1433 
f 1260 1262 1369 1368 
f 1265 1263 1433 1434 
f 1262 1264 1370 1369 
f 1267 1265 1434 1435 
f 1264 1266 1371 1370 
f 1269 1267 1435 1436 
f 1266 1268 1372 1371 
f 1271 1269 1436 1437 
f 1268 1270 1373 1372 
f 1273 1271 1437 1438 
f 1270 1272 1374 1373 
f 1275 1273 1438 1439 
f 1272 1274 1375 1374 
f 1277 1275 1439 1440 
f 1274 1276 1376 1375 
f 1279 1277 1440 1441 
f 1276 1278 1377 1376 
f 1281 1279 1441 1442 
f 1278 1280 1378 1377 
f 1283 1281 1442 1443 
f 1280 1282 1379 1378 
f 1285 1283 1443 1444 
f 1282 1284 1380 1379 
f 1287 1285 1444 1445 
f 1284 1286 1381 1380 
f 1289 1287 1445 1446 
f 1286 1288 1382 1381 
f 1291 1289 1446 1447 
f 1288 1290 1383 1382 
f 1293 1291 1447 1448 
f 1290 1292 1384 1383 
f 1295 1293 1448 1449 
f 1292 1294 1385 1384 
f 1297 1295 1449 1450 
f 1294 1296 1386 1385 
f 1299 1297 1450 1451 
f 1296 1298 1387 1386 
f 1301 1299 1451 1452 
f 1298 1300 1388 1387 
f 1303 1301 1452 1453 
f 1300 1302 1389 1388 
f 1305 1303 1453 1454 
f 1302 1304 1390 1389 
f 1307 1305 1454 1455 
f 1304 1306 1391 1390 
f 1309 1307 1455 1456 
f 1306 1308 1392 1391 
f 1311 1309 1456 1457 
f 1308 1310 1393 1392 
f 1313 1311 1457 1458 
f 1310 1312 1394 1393 
f 1315 1313 1458 1459 
f 1312 1314 1395 1394 
f 1317 1315 1459 1460 
f 1314 1316 1396 1395 
f 1319 1317 1460 1461 
f 1316 1318 1397 1396 
f 1321 1319 1461 1462 
f 1318 1320 1398 1397 
f 1323 1321 1462 1463 
f 1320 1322 1399 1398 
f 1325 1323 1463 1464 
f 1322 1324 1400 1399 
f 1327 1325 1464 1465 
f 1324 1326 1401 1400 
f 1329 1327 1465 1466 
f 1326 1328 1402 1401 
f 1331 1329 1466 1467 
f 1328 1330 1403 1402 
f 1333 1331 1467 1468 
f 1330 1332 1404 1403 
f 1335 1333 1468 1469 
f 1332 1334 1405 1404 
f 1337 1335 1469 1470 
f 1334 1336 1406 1405 
f 1339 1337 1470 1471 
f 1336 1338 1407 1406 
f 1341 1339 1471 1472 
f 1338 1340 1408 1407 
f 1343 1341 1472 1473 
f 1340 1342 1409 1408 
f 1345 1343 1473 1474 
f 1342 1344 1410 1409 
f 1347 1345 1474 1475 
f 1344 1346 1411 1410 
f 1220 1347 1475 1413 
f 1346 1221 1349 1411 
s 1
f 1476 1479 1478 1477 
f 1477 1478 1481 1480 
f 1480 1481 1483 1482 
f 1484 1487 1486 1485 
f 1488 1491 1490 1489 
f 1489 1490 1493 1492 
f 1494 1497 1496 1495 
f 1495 1496 1499 1498 
f 1498 1499 1501 1500 
f 1500 1501 1503 1502 
f 1502 1503 1505 1504 
f 1504 1505 1507 1506 
f 1506 1507 1509 1508 
f 1508 1509 1511 1510 
f 1510 1511 1513 1512 
f 1512 1513 1515 1514 
f 1514 1515 1517 1516 
f 1518 1521 1520 1519 
f 1519 1520 1523 1522 
f 1522 1523 1525 1524 
f 1524 1525 1527 1526 
f 1528 1531 1530 1529 
f 1529 1530 1533 1532 
f 1532 1533 1535 1534 
f 1536 1539 1538 1537 
f 1540 1543 1542 1541 
f 1541 1542 1545 1544 
f 1546 1549 1548 1547 
f 1547 1548 1551 1550 
f 1550 1551 1553 1552 
f 1552 1553 1555 1554 
f 1554 1555 1557 1556 
f 1556 1557 1559 1558 
f 1558 1559 1561 1560 
f 1560 1561 1563 1562 
f 1562 1563 1565 1564 
f 1564 1565 1567 1566 
f 1566 1567 1569 1568 
f 1570 1573 1572 1571 
f 1571 1572 1575 1574 
f 1574 1575 1577 1576 
f 1576 1577 1579 1578 
f 1580 1583 1582 1581 
f 1581 1582 1585 1584 
f 1584 1585 1587 1586 
f 1588 1591 1590 1589 
f 1592 1595 1594 1593 
f 1593 1594 1597 1596 
f 1598 1601 1600 1599 
f 1599 1600 1603 1602 
f 1602 1603 1605 1604 
f 1604 1605 1607 1606 
f 1606 1607 1609 1608 
f 1608 1609 1611 1610 
f 1610 1611 1613 1612 
f 1612 1613 1615 1614 
f 1614 1615 1617 1616 
f 1616 1617 1619 1618 
f 1618 1619 1621 1620 
f 1622 1625 1624 1623 
f 1623 1624 1627 1626 
f 1626 1627 1629 1628 
f 1628 1629 1631 1630 
f 1632 1635 1634 1633 
f 1633 1634 1637 1636 
f 1636 1637 1639 1638 
f 1640 1643 1642 1641 
f 1644 1647 1646 1645 
f 1645 1646 1649 1648 
f 1650 1653 1652 1651 
f 1651 1652 1655 1654 
f 1654 1655 1657 1656 
f 1656 1657 1659 1658 
f 1658 1659 1661 1660 
f 1660 1661 1663 1662 
f 1662 1663 1665 1664 
f 1664 1665 1667 1666 
f 1666 1667 1669 1668 
f 1668 1669 1671 1670 
f 1670 1671 1673 1672 
f 1674 1677 1676 1675 
f 1675 1676 1679 1678 
f 1678 1679 1681 1680 
f 1680 1681 1683 1682 
f 1684 1687 1686 1685 
f 1685 1686 1689 1688 
f 1688 1689 1691 1690 
f 1692 1695 1694 1693 
f 1696 1699 1698 1697 
f 1697 1698 1701 1700 
f 1702 1705 1704 1703 
f 1703 1704 1707 1706 
f 1706 1707 1709 1708 
f 1708 1709 1711 1710 
f 1710 1711 1713 1712 
f 1712 1713 1715 1714 
f 1714 1715 1717 1716 
f 1716 1717 1719 1718 
f 1718 1719 1721 1720 
f 1720 1721 1723 1722 
f 1722 1723 1725 1724 
f 1726 1729 1728 1727 
f 1727 1728 1731 1730 
f 1730 1731 1733 1732 
f 1732 1733 1735 1734 
f 1736 1739 1738 1737 
f 1737 1738 1741 1740 
f 1740 1741 1743 1742 
f 1744 1747 1746 1745 
f 1748 1751 1750 1749 
f 1749 1750 1753 1752 
f 1754 1757 1756 1755 
f 1755 1756 1759 1758 
f 1758 1759 1761 1760 
f 1760 1761 1763 1762 
f 1762 1763 1765 1764 
f 1764 1765 1767 1766 
f 1766 1767 1769 1768 
f 1768 1769 1771 1770 
f 1770 1771 1773 1772 
f 1772 1773 1775 1774 
f 1774 1775 1777 1776 
f 1778 1781 1780 1779 
f 1779 1780 1783 1782 
f 1782 1783 1785 1784 
f 1784 1785 1787 1786 
f 1788 1791 1790 1789 
f 1789 1790 1793 1792 
f 1792 1793 1795 1794 
f 1796 1799 1798 1797 
f 1800 1803 1802 1801 
f 1801 1802 1805 1804 
f 1806 1809 1808 1807 
f 1807 1808 1811 1810 
f 1810 1811 1813 1812 
f 1812 1813 1815 1814 
f 1814 1815 1817 1816 
f 1816 1817 1819 1818 
f 1818 1819 1821 1820 
f 1820 1821 1823 1822 
f 1822 1823 1825 1824 
f 1824 1825 1827 1826 
f 1826 1827 1829 1828 
f 1830 1833 1832 1831 
f 1831 1832 1835 1834 
f 1834 1835 1837 1836 
f 1836 1837 1839 1838 
f 1840 1843 1842 1841 
f 1841 1842 1845 1844 
f 1844 1845 1847 1846 
f 1848 1851 1850 1849 
f 1852 1855 1854 1853 
f 1853 1854 1857 1856 
f 1858 1861 1860 1859 
f 1859 1860 1863 1862 
f 1862 1863 1865 1864 
f 1864 1865 1867 1866 
f 1866 1867 1869 1868 
f 1868 1869 1871 1870 
f 1870 1871 1873 1872 
f 1872 1873 1875 1874 
f 1874 1875 1877 1876 
f 1876 1877 1879 1878 
f 1878 1879 1881 1880 
f 1882 1885 1884 1883 
f 1883 1884 1887 1886 
f 1886 1887 1889 1888 
f 1888 1889 1891 1890 
f 1892 1895 1894 1893 
f 1893 1894 1897 1896 
f 1896 1897 1899 1898 
f 1900 1903 1902 1901 
f 1904 1907 1906 1905 
f 1905 1906 1909 1908 
f 1910 1913 1912 1911 
f 1911 1912 1915 1914 
f 1914 1915 1917 1916 
f 1916 1917 1919 1918 
f 1918 1919 1921 1920 
f 1920 1921 1923 1922 
f 1922 1923 1925 1924 
f 1924 1925 1927 1926 
f 1926 1927 1929 1928 
f 1928 1929 1931 1930 
f 1930 1931 1933 1932 
f 1934 1937 1936 1935 
f 1935 1936 1939 1938 
f 1938 1939 1941 1940 
f 1940 1941 1943 1942 
f 1944 1947 1946 1945 
f 1945 1946 1949 1948 
f 1948 1949 1951 1950 
f 1952 1955 1954 1953 
f 1956 1959 1958 1957 
f 1957 1958 1961 1960 
f 1962 1965 1964 1963 
f 1963 1964 1967 1966 
f 1966 1967 1969 1968 
f 1968 1969 1971 1970 
f 1970 1971 1973 1972 
f 1972 1973 1975 1974 
f 1974 1975 1977 1976 
f 1976 1977 1979 1978 
f 1978 1979 1981 1980 
f 1980 1981 1983 1982 
f 1982 1983 1985 1984 
f 1986 1989 1988 1987 
f 1987 1988 1991 1990 
f 1990 1991 1993 1992 
f 1992 1993 1995 1994 
f 1996 1999 1998 1997 
f 1997 1998 2001 2000 
f 2000 2001 2003 2002 
f 2004 2007 2006 2005 
f 2008 2011 2010 2009 
f 2009 2010 2013 2012 
f 2014 2017 2016 2015 
f 2015 2016 2019 2018 
f 2018 2019 2021 2020 
f 2020 2021 2023 2022 
f 2022 2023 2025 2024 
f 2024 2025 2027 2026 
f 2026 2027 2029 2028 
f 2028 2029 2031 2030 
f 2030 2031 2033 2032 
f 2032 2033 2035 2034 
f 2034 2035 2037 2036 
f 2038 2041 2040 2039 
f 2039 2040 2043 2042 
f 2042 2043 2045 2044 
f 2044 2045 2047 2046 
f 2048 2051 2050 2049 
f 2049 2050 2053 2052 
f 2052 2053 2055 2054 
f 2056 2059 2058 2057 
f 2060 2063 2062 2061 
f 2061 2062 2065 2064 
f 2066 2069 2068 2067 
f 2067 2068 2071 2070 
f 2070 2071 2073 2072 
f 2072 2073 2075 2074 
f 2074 2075 2077 2076 
f 2076 2077 2079 2078 
f 2078 2079 2081 2080 
f 2080 2081 2083 2082 
f 2082 2083 2085 2084 
f 2084 2085 2087 2086 
f 2086 2087 2089 2088 
f 2090 2093 2092 2091 
f 2091 2092 2095 2094 
f 2094 2095 2097 2096 
f 2096 2097 2099 2098 
f 2100 2103 2102 2101 
f 2101 2102 2105 2104 
f 2104 2105 2107 2106 
f 2108 2111 2110 2109 
f 2112 2115 2114 2113 
f 2113 2114 2117 2116 
f 2118 2121 2120 2119 
f 2119 2120 2123 2122 
f 2122 2123 2125 2124 
f 2124 2125 2127 2126 
f 2126 2127 2129 2128 
f 2128 2129 2131 2130 
f 2130 2131 2133 2132 
f 2132 2133 2135 2134 
f 2134 2135 2137 2136 
f 2136 2137 2139 2138 
f 2138 2139 2141 2140 
f 2142 2145 2144 2143 
f 2143 2144 2147 2146 
f 2146 2147 2149 2148 
f 2148 2149 2151 2150 
f 2152 2155 2154 2153 
f 2153 2154 2157 2156 
f 2156 2157 2159 2158 
f 2160 2163 2162 2161 
f 2164 2167 2166 2165 
f 2165 2166 2169 2168 
f 2170 2173 2172 2171 
f 2171 2172 2175 2174 
f 2174 2175 2177 2176 
f 2176 2177 2179 2178 
f 2178 2179 2181 2180 
f 2180 2181 2183 2182 
f 2182 2183 2185 2184 
f 2184 2185 2187 2186 
f 2186 2187 2189 2188 
f 2188 2189 2191 2190 
f 2190 2191 2193 2192 
f 2194 2197 2196 2195 
f 2195 2196 2199 2198 
f 2198 2199 2201 2200 
f 2200 2201 2203 2202 
f 2204 2207 2206 2205 
f 2205 2206 2209 2208 
f 2208 2209 2211 2210 
f 2212 2215 2214 2213 
f 2216 2219 2218 2217 
f 2217 2218 2221 2220 
f 2222 2225 2224 2223 
f 2223 2224 2227 2226 
f 2226 2227 2229 2228 
f 2228 2229 2231 2230 
f 2230 2231 2233 2232 
f 2232 2233 2235 2234 
f 2234 2235 2237 2236 
f 2236 2237 2239 2238 
f 2238 2239 2241 2240 
f 2240 2241 2243 2242 
f 2242 2243 2245 2244 
f 2246 2249 2248 2247 
f 2247 2248 2251 2250 
f 2250 2251 2253 2252 
f 2252 2253 2255 2254 
f 2256 2259 2258 2257 
f 2257 2258 2261 2260 
f 2260 2261 2263 2262 
f 2264 2267 2266 2265 
f 2268 2271 2270 2269 
f 2269 2270 2273 2272 
f 2274 2277 2276 2275 
f 2275 2276 2279 2278 
f 2278 2279 2281 2280 
f 2280 2281 2283 2282 
f 2282 2283 2285 2284 
f 2284 2285 2287 2286 
f 2286 2287 2289 2288 
f 2288 2289 2291 2290 
f 2290 2291 2293 2292 
f 2292 2293 2295 2294 
f 2294 2295 2297 2296 
f 2298 2301 2300 2299 
f 2299 2300 2303 2302 
f 2302 2303 2305 2304 
f 2304 2305 2307 2306 
f 2308 2311 2310 2309 
f 2312 2315 2314 2313 
f 2316 2319 2318 2317 
f 2320 2323 2322 2321 
f 2324 2327 2326 2325 
f 2328 2331 2330 2329 
f 2332 2335 2334 2333 
f 2336 2339 2338 2337 
f 2340 2343 2342 2341 
f 2344 2347 2346 2345 
f 2348 2351 2350 2349 
f 2352 2355 2354 2353 
f 2356 2359 2358 2357 
f 2360 2363 2362 2361 
f 2364 2367 2366 2365 
f 2368 2371 2370 2369 
f 1568 2308 2309 1517 
f 1620 2312 2313 1569 
f 1672 2316 2317 1621 
f 1724 2320 2321 1673 
f 1776 2324 2325 1725 
f 1828 2328 2329 1777 
f 1880 2332 2333 1829 
f 1932 2336 2337 1881 
f 1984 2340 2341 1933 
f 2036 2344 2345 1985 
f 2088 2348 2349 2037 
f 2140 2352 2353 2089 
f 2192 2356 2357 2141 
f 2244 2360 2361 2193 
f 2296 2364 2365 2245 
f 2372 2368 2369 2297 
f 2311 1570 1521 2310 
f 2315 1622 1573 2314 
f 2319 1674 1625 2318 
f 2323 1726 1677 2322 
f 2327 1778 1729 2326 
f 2331 1830 1781 2330 
f 2335 1882 1833 2334 
f 2339 1934 1885 2338 
f 2343 1986 1937 2342 
f 2347 2038 1989 2346 
f 2351 2090 2041 2350 
f 2355 2142 2093 2354 
f 2359 2194 2145 2358 
f 2363 2246 2197 2362 
f 2367 2298 2249 2366 
f 2371 2373 2301 2370 
f 1476 1477 2375 2374 
f 1477 1480 2376 2375 
f 1480 1482 2377 2376 
f 1484 1485 2379 2378 
f 1488 1489 2381 2380 
f 1489 1492 2382 2381 
f 1494 1495 2384 2383 
f 1495 1498 2385 2384 
f 1498 1500 2386 2385 
f 1500 1502 2387 2386 
f 1502 1504 2388 2387 
f 1504 1506 2389 2388 
f 1506 1508 2390 2389 
f 1508 1510 2391 2390 
f 1510 1512 2392 2391 
f 1512 1514 2393 2392 
f 1514 1516 2394 2393 
f 1518 1519 2396 2395 
f 1519 1522 2397 2396 
f 1522 1524 2398 2397 
f 1524 1526 2399 2398 
f 2400 2403 2402 2401 
f 2403 2405 2404 2402 
f 2405 2407 2406 2404 
f 2408 2411 2410 2409 
f 2412 2415 2414 2413 
f 2415 2417 2416 2414 
f 2418 2421 2420 2419 
f 2421 2423 2422 2420 
f 2423 2425 2424 2422 
f 2425 2427 2426 2424 
f 2427 2429 2428 2426 
f 2429 2431 2430 2428 
f 2431 2433 2432 2430 
f 2433 2435 2434 2432 
f 2435 2437 2436 2434 
f 2437 2439 2438 2436 
f 2439 2441 2440 2438 
f 2442 2445 2444 2443 
f 2445 2447 2446 2444 
f 2447 2449 2448 2446 
f 2449 2451 2450 2448 
f 2452 2455 2454 2453 
f 2455 2457 2456 2454 
f 2457 2459 2458 2456 
f 2460 2463 2462 2461 
f 2464 2467 2466 2465 
f 2467 2469 2468 2466 
f 2470 2473 2472 2471 
f 2473 2475 2474 2472 
f 2475 2477 2476 2474 
f 2477 2479 2478 2476 
f 2479 2481 2480 2478 
f 2481 2483 2482 2480 
f 2483 2485 2484 2482 
f 2485 2487 2486 2484 
f 2487 2489 2488 2486 
f 2489 2491 2490 2488 
f 2491 2493 2492 2490 
f 2494 2497 2496 2495 
f 2497 2499 2498 2496 
f 2499 2501 2500 2498 
f 2501 2503 2502 2500 
f 2504 2507 2506 2505 
f 2507 2509 2508 2506 
f 2509 2511 2510 2508 
f 2512 2515 2514 2513 
f 2516 2519 2518 2517 
f 2519 2521 2520 2518 
f 2522 2525 2524 2523 
f 2525 2527 2526 2524 
f 2527 2529 2528 2526 
f 2529 2531 2530 2528 
f 2531 2533 2532 2530 
f 2533 2535 2534 2532 
f 2535 2537 2536 2534 
f 2537 2539 2538 2536 
f 2539 2541 2540 2538 
f 2541 2543 2542 2540 
f 2543 2545 2544 2542 
f 2546 2549 2548 2547 
f 2549 2551 2550 2548 
f 2551 2553 2552 2550 
f 2553 2555 2554 2552 
f 2556 2559 2558 2557 
f 2559 2561 2560 2558 
f 2561 2563 2562 2560 
f 2564 2567 2566 2565 
f 2568 2571 2570 2569 
f 2571 2573 2572 2570 
f 2574 2577 2576 2575 
f 2577 2579 2578 2576 
f 2579 2581 2580 2578 
f 2581 2583 2582 2580 
f 2583 2585 2584 2582 
f 2585 2587 2586 2584 
f 2587 2589 2588 2586 
f 2589 2591 2590 2588 
f 2591 2593 2592 2590 
f 2593 2595 2594 2592 
f 2595 2597 2596 2594 
f 2598 2601 2600 2599 
f 2601 2603 2602 2600 
f 2603 2605 2604 2602 
f 2605 2607 2606 2604 
f 2608 2611 2610 2609 
f 2611 2613 2612 2610 
f 2613 2615 2614 2612 
f 2616 2619 2618 2617 
f 2620 2623 2622 2621 
f 2623 2625 2624 2622 
f 2626 2629 2628 2627 
f 2629 2631 2630 2628 
f 2631 2633 2632 2630 
f 2633 2635 2634 2632 
f 2635 2637 2636 2634 
f 2637 2639 2638 2636 
f 2639 2641 2640 2638 
f 2641 2643 2642 2640 
f 2643 2645 2644 2642 
f 2645 2647 2646 2644 
f 2647 2649 2648 2646 
f 2650 2653 2652 2651 
f 2653 2655 2654 2652 
f 2655 2657 2656 2654 
f 2657 2659 2658 2656 
f 2660 2663 2662 2661 
f 2663 2665 2664 2662 
f 2665 2667 2666 2664 
f 2668 2671 2670 2669 
f 2672 2675 2674 2673 
f 2675 2677 2676 2674 
f 2678 2681 2680 2679 
f 2681 2683 2682 2680 
f 2683 2685 2684 2682 
f 2685 2687 2686 2684 
f 2687 2689 2688 2686 
f 2689 2691 2690 2688 
f 2691 2693 2692 2690 
f 2693 2695 2694 2692 
f 2695 2697 2696 2694 
f 2697 2699 2698 2696 
f 2699 2701 2700 2698 
f 2702 2705 2704 2703 
f 2705 2707 2706 2704 
f 2707 2709 2708 2706 
f 2709 2711 2710 2708 
f 2712 2715 2714 2713 
f 2715 2717 2716 2714 
f 2717 2719 2718 2716 
f 2720 2723 2722 2721 
f 2724 2727 2726 2725 
f 2727 2729 2728 2726 
f 2730 2733 2732 2731 
f 2733 2735 2734 2732 
f 2735 2737 2736 2734 
f 2737 2739 2738 2736 
f 2739 2741 2740 2738 
f 2741 2743 2742 2740 
f 2743 2745 2744 2742 
f 2745 2747 2746 2744 
f 2747 2749 2748 2746 
f 2749 2751 2750 2748 
f 2751 2753 2752 2750 
f 2754 2757 2756 2755 
f 2757 2759 2758 2756 
f 2759 2761 2760 2758 
f 2761 2763 2762 2760 
f 2764 2767 2766 2765 
f 2767 2769 2768 2766 
f 2769 2771 2770 2768 
f 2772 2775 2774 2773 
f 2776 2779 2778 2777 
f 2779 2781 2780 2778 
f 2782 2785 2784 2783 
f 2785 2787 2786 2784 
f 2787 2789 2788 2786 
f 2789 2791 2790 2788 
f 2791 2793 2792 2790 
f 2793 2795 2794 2792 
f 2795 2797 2796 2794 
f 2797 2799 2798 2796 
f 2799 2801 2800 2798 
f 2801 2803 2802 2800 
f 2803 2805 2804 2802 
f 2806 2809 2808 2807 
f 2809 2811 2810 2808 
f 2811 2813 2812 2810 
f 2813 2815 2814 2812 
f 2816 2819 2818 2817 
f 2819 2821 2820 2818 
f 2821 2823 2822 2820 
f 2824 2827 2826 2825 
f 2828 2831 2830 2829 
f 2831 2833 2832 2830 
f 2834 2837 2836 2835 
f 2837 2839 2838 2836 
f 2839 2841 2840 2838 
f 2841 2843 2842 2840 
f 2843 2845 2844 2842 
f 2845 2847 2846 2844 
f 2847 2849 2848 2846 
f 2849 2851 2850 2848 
f 2851 2853 2852 2850 
f 2853 2855 2854 2852 
f 2855 2857 2856 2854 
f 2858 2861 2860 2859 
f 2861 2863 2862 2860 
f 2863 2865 2864 2862 
f 2865 2867 2866 2864 
f 2868 2871 2870 2869 
f 2871 2873 2872 2870 
f 2873 2875 2874 2872 
f 2876 2879 2878 2877 
f 2880 2883 2882 2881 
f 2883 2885 2884 2882 
f 2886 2889 2888 2887 
f 2889 2891 2890 2888 
f 2891 2893 2892 2890 
f 2893 2895 2894 2892 
f 2895 2897 2896 2894 
f 2897 2899 2898 2896 
f 2899 2901 2900 2898 
f 2901 2903 2902 2900 
f 2903 2905 2904 2902 
f 2905 2907 2906 2904 
f 2907 2909 2908 2906 
f 2910 2913 2912 2911 
f 2913 2915 2914 2912 
f 2915 2917 2916 2914 
f 2917 2919 2918 2916 
f 2920 2923 2922 2921 
f 2923 2925 2924 2922 
f 2925 2927 2926 2924 
f 2928 2931 2930 2929 
f 2932 2935 2934 2933 
f 2935 2937 2936 2934 
f 2938 2941 2940 2939 
f 2941 2943 2942 2940 
f 2943 2945 2944 2942 
f 2945 2947 2946 2944 
f 2947 2949 2948 2946 
f 2949 2951 2950 2948 
f 2951 2953 2952 2950 
f 2953 2955 2954 2952 
f 2955 2957 2956 2954 
f 2957 2959 2958 2956 
f 2959 2961 2960 2958 
f 2962 2965 2964 2963 
f 2965 2967 2966 2964 
f 2967 2969 2968 2966 
f 2969 2971 2970 2968 
f 2972 2975 2974 2973 
f 2975 2977 2976 2974 
f 2977 2979 2978 2976 
f 2980 2983 2982 2981 
f 2984 2987 2986 2985 
f 2987 2989 2988 2986 
f 2990 2993 2992 2991 
f 2993 2995 2994 2992 
f 2995 2997 2996 2994 
f 2997 2999 2998 2996 
f 2999 3001 3000 2998 
f 3001 3003 3002 3000 
f 3003 3005 3004 3002 
f 3005 3007 3006 3004 
f 3007 3009 3008 3006 
f 3009 3011 3010 3008 
f 3011 3013 3012 3010 
f 3014 3017 3016 3015 
f 3017 3019 3018 3016 
f 3019 3021 3020 3018 
f 3021 3023 3022 3020 
f 3024 3027 3026 3025 
f 3027 3029 3028 3026 
f 3029 3031 3030 3028 
f 3032 3035 3034 3033 
f 3036 3039 3038 3037 
f 3039 3041 3040 3038 
f 3042 3045 3044 3043 
f 3045 3047 3046 3044 
f 3047 3049 3048 3046 
f 3049 3051 3050 3048 
f 3051 3053 3052 3050 
f 3053 3055 3054 3052 
f 3055 3057 3056 3054 
f 3057 3059 3058 3056 
f 3059 3061 3060 3058 
f 3061 3063 3062 3060 
f 3063 3065 3064 3062 
f 3066 3069 3068 3067 
f 3069 3071 3070 3068 
f 3071 3073 3072 3070 
f 3073 3075 3074 3072 
f 3076 3079 3078 3077 
f 3079 3081 3080 3078 
f 3081 3083 3082 3080 
f 3084 3087 3086 3085 
f 3088 3091 3090 3089 
f 3091 3093 3092 3090 
f 3094 3097 3096 3095 
f 3097 3099 3098 3096 
f 3099 3101 3100 3098 
f 3101 3103 3102 3100 
f 3103 3105 3104 3102 
f 3105 3107 3106 3104 
f 3107 3109 3108 3106 
f 3109 3111 3110 3108 
f 3111 3113 3112 3110 
f 3113 3115 3114 3112 
f 3115 3117 3116 3114 
f 3118 3121 3120 3119 
f 3121 3123 3122 3120 
f 3123 3125 3124 3122 
f 3125 3127 3126 3124 
f 3128 3131 3130 3129 
f 3131 3133 3132 3130 
f 3133 3135 3134 3132 
f 3136 3139 3138 3137 
f 3140 3143 3142 3141 
f 3143 3145 3144 3142 
f 3146 3149 3148 3147 
f 3149 3151 3150 3148 
f 3151 3153 3152 3150 
f 3153 3155 3154 3152 
f 3155 3157 3156 3154 
f 3157 3159 3158 3156 
f 3159 3161 3160 3158 
f 3161 3163 3162 3160 
f 3163 3165 3164 3162 
f 3165 3167 3166 3164 
f 3167 3169 3168 3166 
f 3170 3173 3172 3171 
f 3173 3175 3174 3172 
f 3175 3177 3176 3174 
f 3177 3179 3178 3176 
f 3180 3183 3182 3181 
f 3184 3187 3186 3185 
f 3188 3191 3190 3189 
f 3192 3195 3194 3193 
f 3196 3199 3198 3197 
f 3200 3203 3202 3201 
f 3204 3207 3206 3205 
f 3208 3211 3210 3209 
f 3212 3215 3214 3213 
f 3216 3219 3218 3217 
f 3220 3223 3222 3221 
f 3224 3227 3226 3225 
f 3228 3231 3230 3229 
f 3232 3235 3234 3233 
f 3236 3239 3238 3237 
f 2368 3241 3240 2371 
f 2441 2394 3183 3180 
f 2493 2440 3187 3184 
f 2545 2492 3191 3188 
f 2597 2544 3195 3192 
f 2649 2596 3199 3196 
f 2701 2648 3203 3200 
f 2753 2700 3207 3204 
f 2805 2752 3211 3208 
f 2857 2804 3215 3212 
f 2909 2856 3219 3216 
f 2961 2908 3223 3220 
f 3013 2960 3227 3224 
f 3065 3012 3231 3228 
f 3117 3064 3235 3232 
f 3169 3116 3239 3236 
f 2372 3168 3241 2368 
f 3181 3182 2395 2442 
f 3185 3186 2443 2494 
f 3189 3190 2495 2546 
f 3193 3194 2547 2598 
f 3197 3198 2599 2650 
f 3201 3202 2651 2702 
f 3205 3206 2703 2754 
f 3209 3210 2755 2806 
f 3213 3214 2807 2858 
f 3217 3218 2859 2910 
f 3221 3222 2911 2962 
f 3225 3226 2963 3014 
f 3229 3230 3015 3066 
f 3233 3234 3067 3118 
f 3237 3238 3119 3170 
f 2371 3240 3171 2373 
f 1482 1483 1487 1484 
f 1534 1535 1539 1536 
f 1586 1587 1591 1588 
f 1638 1639 1643 1640 
f 1690 1691 1695 1692 
f 1742 1743 1747 1744 
f 1794 1795 1799 1796 
f 1846 1847 1851 1848 
f 1898 1899 1903 1900 
f 1950 1951 1955 1952 
f 2002 2003 2007 2004 
f 2054 2055 2059 2056 
f 2106 2107 2111 2108 
f 2158 2159 2163 2160 
f 2210 2211 2215 2212 
f 2262 2263 2267 2264 
f 3242 3134 3137 3243 
f 3135 3082 3085 3136 
f 3083 3030 3033 3084 
f 3031 2978 2981 3032 
f 2979 2926 2929 2980 
f 2927 2874 2877 2928 
f 2875 2822 2825 2876 
f 2823 2770 2773 2824 
f 2771 2718 2721 2772 
f 2719 2666 2669 2720 
f 2667 2614 2617 2668 
f 2615 2562 2565 2616 
f 2563 2510 2513 2564 
f 2511 2458 2461 2512 
f 2459 2406 2409 2460 
f 2407 2377 2378 2408 
f 1540 1491 1486 1537 
f 1488 2380 2379 1485 
f 2412 2413 2410 2411 
f 2464 2465 2462 2463 
f 2516 2517 2514 2515 
f 2568 2569 2566 2567 
f 2620 2621 2618 2619 
f 2672 2673 2670 2671 
f 2724 2725 2722 2723 
f 2776 2777 2774 2775 
f 2828 2829 2826 2827 
f 2880 2881 2878 2879 
f 2932 2933 2930 2931 
f 2984 2985 2982 2983 
f 3036 3037 3034 3035 
f 3088 3089 3086 3087 
f 3140 3141 3138 3139 
f 3244 2271 2266 3245 
f 2268 2219 2214 2265 
f 2216 2167 2162 2213 
f 2164 2115 2110 2161 
f 2112 2063 2058 2109 
f 2060 2011 2006 2057 
f 2008 1959 1954 2005 
f 1956 1907 1902 1953 
f 1904 1855 1850 1901 
f 1852 1803 1798 1849 
f 1800 1751 1746 1797 
f 1748 1699 1694 1745 
f 1696 1647 1642 1693 
f 1644 1595 1590 1641 
f 1592 1543 1538 1589 
f 1492 1493 1497 1494 
f 1544 1545 1549 1546 
f 1596 1597 1601 1598 
f 1648 1649 1653 1650 
f 1700 1701 1705 1702 
f 1752 1753 1757 1754 
f 1804 1805 1809 1806 
f 1856 1857 1861 1858 
f 1908 1909 1913 1910 
f 1960 1961 1965 1962 
f 2012 2013 2017 2014 
f 2064 2065 2069 2066 
f 2116 2117 2121 2118 
f 2168 2169 2173 2170 
f 2220 2221 2225 2222 
f 2272 2273 2277 2274 
f 3246 3144 3147 3247 
f 3145 3092 3095 3146 
f 3093 3040 3043 3094 
f 3041 2988 2991 3042 
f 2989 2936 2939 2990 
f 2937 2884 2887 2938 
f 2885 2832 2835 2886 
f 2833 2780 2783 2834 
f 2781 2728 2731 2782 
f 2729 2676 2679 2730 
f 2677 2624 2627 2678 
f 2625 2572 2575 2626 
f 2573 2520 2523 2574 
f 2521 2468 2471 2522 
f 2469 2416 2419 2470 
f 2417 2382 2383 2418 
f 1479 1528 1529 1478 
f 1478 1529 1532 1481 
f 1481 1532 1534 1483 
f 1487 1536 1537 1486 
f 1491 1540 1541 1490 
f 1490 1541 1544 1493 
f 1497 1546 1547 1496 
f 1496 1547 1550 1499 
f 1499 1550 1552 1501 
f 1501 1552 1554 1503 
f 1503 1554 1556 1505 
f 1505 1556 1558 1507 
f 1507 1558 1560 1509 
f 1509 1560 1562 1511 
f 1511 1562 1564 1513 
f 1513 1564 1566 1515 
f 1515 1566 1568 1517 
f 1521 1570 1571 1520 
f 1520 1571 1574 1523 
f 1523 1574 1576 1525 
f 1525 1576 1578 1527 
f 1531 1580 1581 1530 
f 1530 1581 1584 1533 
f 1533 1584 1586 1535 
f 1539 1588 1589 1538 
f 1543 1592 1593 1542 
f 1542 1593 1596 1545 
f 1549 1598 1599 1548 
f 1548 1599 1602 1551 
f 1551 1602 1604 1553 
f 1553 1604 1606 1555 
f 1555 1606 1608 1557 
f 1557 1608 1610 1559 
f 1559 1610 1612 1561 
f 1561 1612 1614 1563 
f 1563 1614 1616 1565 
f 1565 1616 1618 1567 
f 1567 1618 1620 1569 
f 1573 1622 1623 1572 
f 1572 1623 1626 1575 
f 1575 1626 1628 1577 
f 1577 1628 1630 1579 
f 1583 1632 1633 1582 
f 1582 1633 1636 1585 
f 1585 1636 1638 1587 
f 1591 1640 1641 1590 
f 1595 1644 1645 1594 
f 1594 1645 1648 1597 
f 1601 1650 1651 1600 
f 1600 1651 1654 1603 
f 1603 1654 1656 1605 
f 1605 1656 1658 1607 
f 1607 1658 1660 1609 
f 1609 1660 1662 1611 
f 1611 1662 1664 1613 
f 1613 1664 1666 1615 
f 1615 1666 1668 1617 
f 1617 1668 1670 1619 
f 1619 1670 1672 1621 
f 1625 1674 1675 1624 
f 1624 1675 1678 1627 
f 1627 1678 1680 1629 
f 1629 1680 1682 1631 
f 1635 1684 1685 1634 
f 1634 1685 1688 1637 
f 1637 1688 1690 1639 
f 1643 1692 1693 1642 
f 1647 1696 1697 1646 
f 1646 1697 1700 1649 
f 1653 1702 1703 1652 
f 1652 1703 1706 1655 
f 1655 1706 1708 1657 
f 1657 1708 1710 1659 
f 1659 1710 1712 1661 
f 1661 1712 1714 1663 
f 1663 1714 1716 1665 
f 1665 1716 1718 1667 
f 1667 1718 1720 1669 
f 1669 1720 1722 1671 
f 1671 1722 1724 1673 
f 1677 1726 1727 1676 
f 1676 1727 1730 1679 
f 1679 1730 1732 1681 
f 1681 1732 1734 1683 
f 1687 1736 1737 1686 
f 1686 1737 1740 1689 
f 1689 1740 1742 1691 
f 1695 1744 1745 1694 
f 1699 1748 1749 1698 
f 1698 1749 1752 1701 
f 1705 1754 1755 1704 
f 1704 1755 1758 1707 
f 1707 1758 1760 1709 
f 1709 1760 1762 1711 
f 1711 1762 1764 1713 
f 1713 1764 1766 1715 
f 1715 1766 1768 1717 
f 1717 1768 1770 1719 
f 1719 1770 1772 1721 
f 1721 1772 1774 1723 
f 1723 1774 1776 1725 
f 1729 1778 1779 1728 
f 1728 1779 1782 1731 
f 1731 1782 1784 1733 
f 1733 1784 1786 1735 
f 1739 1788 1789 1738 
f 1738 1789 1792 1741 
f 1741 1792 1794 1743 
f 1747 1796 1797 1746 
f 1751 1800 1801 1750 
f 1750 1801 1804 1753 
f 1757 1806 1807 1756 
f 1756 1807 1810 1759 
f 1759 1810 1812 1761 
f 1761 1812 1814 1763 
f 1763 1814 1816 1765 
f 1765 1816 1818 1767 
f 1767 1818 1820 1769 
f 1769 1820 1822 1771 
f 1771 1822 1824 1773 
f 1773 1824 1826 1775 
f 1775 1826 1828 1777 
f 1781 1830 1831 1780 
f 1780 1831 1834 1783 
f 1783 1834 1836 1785 
f 1785 1836 1838 1787 
f 1791 1840 1841 1790 
f 1790 1841 1844 1793 
f 1793 1844 1846 1795 
f 1799 1848 1849 1798 
f 1803 1852 1853 1802 
f 1802 1853 1856 1805 
f 1809 1858 1859 1808 
f 1808 1859 1862 1811 
f 1811 1862 1864 1813 
f 1813 1864 1866 1815 
f 1815 1866 1868 1817 
f 1817 1868 1870 1819 
f 1819 1870 1872 1821 
f 1821 1872 1874 1823 
f 1823 1874 1876 1825 
f 1825 1876 1878 1827 
f 1827 1878 1880 1829 
f 1833 1882 1883 1832 
f 1832 1883 1886 1835 
f 1835 1886 1888 1837 
f 1837 1888 1890 1839 
f 1843 1892 1893 1842 
f 1842 1893 1896 1845 
f 1845 1896 1898 1847 
f 1851 1900 1901 1850 
f 1855 1904 1905 1854 
f 1854 1905 1908 1857 
f 1861 1910 1911 1860 
f 1860 1911 1914 1863 
f 1863 1914 1916 1865 
f 1865 1916 1918 1867 
f 1867 1918 1920 1869 
f 1869 1920 1922 1871 
f 1871 1922 1924 1873 
f 1873 1924 1926 1875 
f 1875 1926 1928 1877 
f 1877 1928 1930 1879 
f 1879 1930 1932 1881 
f 1885 1934 1935 1884 
f 1884 1935 1938 1887 
f 1887 1938 1940 1889 
f 1889 1940 1942 1891 
f 1895 1944 1945 1894 
f 1894 1945 1948 1897 
f 1897 1948 1950 1899 
f 1903 1952 1953 1902 
f 1907 1956 1957 1906 
f 1906 1957 1960 1909 
f 1913 1962 1963 1912 
f 1912 1963 1966 1915 
f 1915 1966 1968 1917 
f 1917 1968 1970 1919 
f 1919 1970 1972 1921 
f 1921 1972 1974 1923 
f 1923 1974 1976 1925 
f 1925 1976 1978 1927 
f 1927 1978 1980 1929 
f 1929 1980 1982 1931 
f 1931 1982 1984 1933 
f 1937 1986 1987 1936 
f 1936 1987 1990 1939 
f 1939 1990 1992 1941 
f 1941 1992 1994 1943 
f 1947 1996 1997 1946 
f 1946 1997 2000 1949 
f 1949 2000 2002 1951 
f 1955 2004 2005 1954 
f 1959 2008 2009 1958 
f 1958 2009 2012 1961 
f 1965 2014 2015 1964 
f 1964 2015 2018 1967 
f 1967 2018 2020 1969 
f 1969 2020 2022 1971 
f 1971 2022 2024 1973 
f 1973 2024 2026 1975 
f 1975 2026 2028 1977 
f 1977 2028 2030 1979 
f 1979 2030 2032 1981 
f 1981 2032 2034 1983 
f 1983 2034 2036 1985 
f 1989 2038 2039 1988 
f 1988 2039 2042 1991 
f 1991 2042 2044 1993 
f 1993 2044 2046 1995 
f 1999 2048 2049 1998 
f 1998 2049 2052 2001 
f 2001 2052 2054 2003 
f 2007 2056 2057 2006 
f 2011 2060 2061 2010 
f 2010 2061 2064 2013 
f 2017 2066 2067 2016 
f 2016 2067 2070 2019 
f 2019 2070 2072 2021 
f 2021 2072 2074 2023 
f 2023 2074 2076 2025 
f 2025 2076 2078 2027 
f 2027 2078 2080 2029 
f 2029 2080 2082 2031 
f 2031 2082 2084 2033 
f 2033 2084 2086 2035 
f 2035 2086 2088 2037 
f 2041 2090 2091 2040 
f 2040 2091 2094 2043 
f 2043 2094 2096 2045 
f 2045 2096 2098 2047 
f 2051 2100 2101 2050 
f 2050 2101 2104 2053 
f 2053 2104 2106 2055 
f 2059 2108 2109 2058 
f 2063 2112 2113 2062 
f 2062 2113 2116 2065 
f 2069 2118 2119 2068 
f 2068 2119 2122 2071 
f 2071 2122 2124 2073 
f 2073 2124 2126 2075 
f 2075 2126 2128 2077 
f 2077 2128 2130 2079 
f 2079 2130 2132 2081 
f 2081 2132 2134 2083 
f 2083 2134 2136 2085 
f 2085 2136 2138 2087 
f 2087 2138 2140 2089 
f 2093 2142 2143 2092 
f 2092 2143 2146 2095 
f 2095 2146 2148 2097 
f 2097 2148 2150 2099 
f 2103 2152 2153 2102 
f 2102 2153 2156 2105 
f 2105 2156 2158 2107 
f 2111 2160 2161 2110 
f 2115 2164 2165 2114 
f 2114 2165 2168 2117 
f 2121 2170 2171 2120 
f 2120 2171 2174 2123 
f 2123 2174 2176 2125 
f 2125 2176 2178 2127 
f 2127 2178 2180 2129 
f 2129 2180 2182 2131 
f 2131 2182 2184 2133 
f 2133 2184 2186 2135 
f 2135 2186 2188 2137 
f 2137 2188 2190 2139 
f 2139 2190 2192 2141 
f 2145 2194 2195 2144 
f 2144 2195 2198 2147 
f 2147 2198 2200 2149 
f 2149 2200 2202 2151 
f 2155 2204 2205 2154 
f 2154 2205 2208 2157 
f 2157 2208 2210 2159 
f 2163 2212 2213 2162 
f 2167 2216 2217 2166 
f 2166 2217 2220 2169 
f 2173 2222 2223 2172 
f 2172 2223 2226 2175 
f 2175 2226 2228 2177 
f 2177 2228 2230 2179 
f 2179 2230 2232 2181 
f 2181 2232 2234 2183 
f 2183 2234 2236 2185 
f 2185 2236 2238 2187 
f 2187 2238 2240 2189 
f 2189 2240 2242 2191 
f 2191 2242 2244 2193 
f 2197 2246 2247 2196 
f 2196 2247 2250 2199 
f 2199 2250 2252 2201 
f 2201 2252 2254 2203 
f 2207 2256 2257 2206 
f 2206 2257 2260 2209 
f 2209 2260 2262 2211 
f 2215 2264 2265 2214 
f 2219 2268 2269 2218 
f 2218 2269 2272 2221 
f 2225 2274 2275 2224 
f 2224 2275 2278 2227 
f 2227 2278 2280 2229 
f 2229 2280 2282 2231 
f 2231 2282 2284 2233 
f 2233 2284 2286 2235 
f 2235 2286 2288 2237 
f 2237 2288 2290 2239 
f 2239 2290 2292 2241 
f 2241 2292 2294 2243 
f 2243 2294 2296 2245 
f 2249 2298 2299 2248 
f 2248 2299 2302 2251 
f 2251 2302 2304 2253 
f 2253 2304 2306 2255 
f 2259 3249 3248 2258 
f 2258 3248 3250 2261 
f 2261 3250 3242 2263 
f 2267 3243 3245 2266 
f 2271 3244 3251 2270 
f 2270 3251 3246 2273 
f 2277 3247 3252 2276 
f 2276 3252 3253 2279 
f 2279 3253 3254 2281 
f 2281 3254 3255 2283 
f 2283 3255 3256 2285 
f 2285 3256 3257 2287 
f 2287 3257 3258 2289 
f 2289 3258 3259 2291 
f 2291 3259 3260 2293 
f 2293 3260 3261 2295 
f 2295 3261 2372 2297 
f 2301 2373 3262 2300 
f 2300 3262 3263 2303 
f 2303 3263 3264 2305 
f 2305 3264 3265 2307 
f 2310 3267 3266 2309 
f 2314 2311 2308 2313 
f 2318 2315 2312 2317 
f 2322 2319 2316 2321 
f 2326 2323 2320 2325 
f 2330 2327 2324 2329 
f 2334 2331 2328 2333 
f 2338 2335 2332 2337 
f 2342 2339 2336 2341 
f 2346 2343 2340 2345 
f 2350 2347 2344 2349 
f 2354 2351 2348 2353 
f 2358 2355 2352 2357 
f 2362 2359 2356 2361 
f 2366 2363 2360 2365 
f 2370 2367 2364 2369 
f 2309 3266 1516 1517 
f 2313 2308 1568 1569 
f 2317 2312 1620 1621 
f 2321 2316 1672 1673 
f 2325 2320 1724 1725 
f 2329 2324 1776 1777 
f 2333 2328 1828 1829 
f 2337 2332 1880 1881 
f 2341 2336 1932 1933 
f 2345 2340 1984 1985 
f 2349 2344 2036 2037 
f 2353 2348 2088 2089 
f 2357 2352 2140 2141 
f 2361 2356 2192 2193 
f 2365 2360 2244 2245 
f 2369 2364 2296 2297 
f 1521 1518 3267 2310 
f 1573 1570 2311 2314 
f 1625 1622 2315 2318 
f 1677 1674 2319 2322 
f 1729 1726 2323 2326 
f 1781 1778 2327 2330 
f 1833 1830 2331 2334 
f 1885 1882 2335 2338 
f 1937 1934 2339 2342 
f 1989 1986 2343 2346 
f 2041 2038 2347 2350 
f 2093 2090 2351 2354 
f 2145 2142 2355 2358 
f 2197 2194 2359 2362 
f 2249 2246 2363 2366 
f 2301 2298 2367 2370 
f 2375 2403 2400 2374 
f 2376 2405 2403 2375 
f 2377 2407 2405 2376 
f 2379 2411 2408 2378 
f 2381 2415 2412 2380 
f 2382 2417 2415 2381 
f 2384 2421 2418 2383 
f 2385 2423 2421 2384 
f 2386 2425 2423 2385 
f 2387 2427 2425 2386 
f 2388 2429 2427 2387 
f 2389 2431 2429 2388 
f 2390 2433 2431 2389 
f 2391 2435 2433 2390 
f 2392 2437 2435 2391 
f 2393 2439 2437 2392 
f 2394 2441 2439 2393 
f 2396 2445 2442 2395 
f 2397 2447 2445 2396 
f 2398 2449 2447 2397 
f 2399 2451 2449 2398 
f 2402 2455 2452 2401 
f 2404 2457 2455 2402 
f 2406 2459 2457 2404 
f 2410 2463 2460 2409 
f 2414 2467 2464 2413 
f 2416 2469 2467 2414 
f 2420 2473 2470 2419 
f 2422 2475 2473 2420 
f 2424 2477 2475 2422 
f 2426 2479 2477 2424 
f 2428 2481 2479 2426 
f 2430 2483 2481 2428 
f 2432 2485 2483 2430 
f 2434 2487 2485 2432 
f 2436 2489 2487 2434 
f 2438 2491 2489 2436 
f 2440 2493 2491 2438 
f 2444 2497 2494 2443 
f 2446 2499 2497 2444 
f 2448 2501 2499 2446 
f 2450 2503 2501 2448 
f 2454 2507 2504 2453 
f 2456 2509 2507 2454 
f 2458 2511 2509 2456 
f 2462 2515 2512 2461 
f 2466 2519 2516 2465 
f 2468 2521 2519 2466 
f 2472 2525 2522 2471 
f 2474 2527 2525 2472 
f 2476 2529 2527 2474 
f 2478 2531 2529 2476 
f 2480 2533 2531 2478 
f 2482 2535 2533 2480 
f 2484 2537 2535 2482 
f 2486 2539 2537 2484 
f 2488 2541 2539 2486 
f 2490 2543 2541 2488 
f 2492 2545 2543 2490 
f 2496 2549 2546 2495 
f 2498 2551 2549 2496 
f 2500 2553 2551 2498 
f 2502 2555 2553 2500 
f 2506 2559 2556 2505 
f 2508 2561 2559 2506 
f 2510 2563 2561 2508 
f 2514 2567 2564 2513 
f 2518 2571 2568 2517 
f 2520 2573 2571 2518 
f 2524 2577 2574 2523 
f 2526 2579 2577 2524 
f 2528 2581 2579 2526 
f 2530 2583 2581 2528 
f 2532 2585 2583 2530 
f 2534 2587 2585 2532 
f 2536 2589 2587 2534 
f 2538 2591 2589 2536 
f 2540 2593 2591 2538 
f 2542 2595 2593 2540 
f 2544 2597 2595 2542 
f 2548 2601 2598 2547 
f 2550 2603 2601 2548 
f 2552 2605 2603 2550 
f 2554 2607 2605 2552 
f 2558 2611 2608 2557 
f 2560 2613 2611 2558 
f 2562 2615 2613 2560 
f 2566 2619 2616 2565 
f 2570 2623 2620 2569 
f 2572 2625 2623 2570 
f 2576 2629 2626 2575 
f 2578 2631 2629 2576 
f 2580 2633 2631 2578 
f 2582 2635 2633 2580 
f 2584 2637 2635 2582 
f 2586 2639 2637 2584 
f 2588 2641 2639 2586 
f 2590 2643 2641 2588 
f 2592 2645 2643 2590 
f 2594 2647 2645 2592 
f 2596 2649 2647 2594 
f 2600 2653 2650 2599 
f 2602 2655 2653 2600 
f 2604 2657 2655 2602 
f 2606 2659 2657 2604 
f 2610 2663 2660 2609 
f 2612 2665 2663 2610 
f 2614 2667 2665 2612 
f 2618 2671 2668 2617 
f 2622 2675 2672 2621 
f 2624 2677 2675 2622 
f 2628 2681 2678 2627 
f 2630 2683 2681 2628 
f 2632 2685 2683 2630 
f 2634 2687 2685 2632 
f 2636 2689 2687 2634 
f 2638 2691 2689 2636 
f 2640 2693 2691 2638 
f 2642 2695 2693 2640 
f 2644 2697 2695 2642 
f 2646 2699 2697 2644 
f 2648 2701 2699 2646 
f 2652 2705 2702 2651 
f 2654 2707 2705 2652 
f 2656 2709 2707 2654 
f 2658 2711 2709 2656 
f 2662 2715 2712 2661 
f 2664 2717 2715 2662 
f 2666 2719 2717 2664 
f 2670 2723 2720 2669 
f 2674 2727 2724 2673 
f 2676 2729 2727 2674 
f 2680 2733 2730 2679 
f 2682 2735 2733 2680 
f 2684 2737 2735 2682 
f 2686 2739 2737 2684 
f 2688 2741 2739 2686 
f 2690 2743 2741 2688 
f 2692 2745 2743 2690 
f 2694 2747 2745 2692 
f 2696 2749 2747 2694 
f 2698 2751 2749 2696 
f 2700 2753 2751 2698 
f 2704 2757 2754 2703 
f 2706 2759 2757 2704 
f 2708 2761 2759 2706 
f 2710 2763 2761 2708 
f 2714 2767 2764 2713 
f 2716 2769 2767 2714 
f 2718 2771 2769 2716 
f 2722 2775 2772 2721 
f 2726 2779 2776 2725 
f 2728 2781 2779 2726 
f 2732 2785 2782 2731 
f 2734 2787 2785 2732 
f 2736 2789 2787 2734 
f 2738 2791 2789 2736 
f 2740 2793 2791 2738 
f 2742 2795 2793 2740 
f 2744 2797 2795 2742 
f 2746 2799 2797 2744 
f 2748 2801 2799 2746 
f 2750 2803 2801 2748 
f 2752 2805 2803 2750 
f 2756 2809 2806 2755 
f 2758 2811 2809 2756 
f 2760 2813 2811 2758 
f 2762 2815 2813 2760 
f 2766 2819 2816 2765 
f 2768 2821 2819 2766 
f 2770 2823 2821 2768 
f 2774 2827 2824 2773 
f 2778 2831 2828 2777 
f 2780 2833 2831 2778 
f 2784 2837 2834 2783 
f 2786 2839 2837 2784 
f 2788 2841 2839 2786 
f 2790 2843 2841 2788 
f 2792 2845 2843 2790 
f 2794 2847 2845 2792 
f 2796 2849 2847 2794 
f 2798 2851 2849 2796 
f 2800 2853 2851 2798 
f 2802 2855 2853 2800 
f 2804 2857 2855 2802 
f 2808 2861 2858 2807 
f 2810 2863 2861 2808 
f 2812 2865 2863 2810 
f 2814 2867 2865 2812 
f 2818 2871 2868 2817 
f 2820 2873 2871 2818 
f 2822 2875 2873 2820 
f 2826 2879 2876 2825 
f 2830 2883 2880 2829 
f 2832 2885 2883 2830 
f 2836 2889 2886 2835 
f 2838 2891 2889 2836 
f 2840 2893 2891 2838 
f 2842 2895 2893 2840 
f 2844 2897 2895 2842 
f 2846 2899 2897 2844 
f 2848 2901 2899 2846 
f 2850 2903 2901 2848 
f 2852 2905 2903 2850 
f 2854 2907 2905 2852 
f 2856 2909 2907 2854 
f 2860 2913 2910 2859 
f 2862 2915 2913 2860 
f 2864 2917 2915 2862 
f 2866 2919 2917 2864 
f 2870 2923 2920 2869 
f 2872 2925 2923 2870 
f 2874 2927 2925 2872 
f 2878 2931 2928 2877 
f 2882 2935 2932 2881 
f 2884 2937 2935 2882 
f 2888 2941 2938 2887 
f 2890 2943 2941 2888 
f 2892 2945 2943 2890 
f 2894 2947 2945 2892 
f 2896 2949 2947 2894 
f 2898 2951 2949 2896 
f 2900 2953 2951 2898 
f 2902 2955 2953 2900 
f 2904 2957 2955 2902 
f 2906 2959 2957 2904 
f 2908 2961 2959 2906 
f 2912 2965 2962 2911 
f 2914 2967 2965 2912 
f 2916 2969 2967 2914 
f 2918 2971 2969 2916 
f 2922 2975 2972 2921 
f 2924 2977 2975 2922 
f 2926 2979 2977 2924 
f 2930 2983 2980 2929 
f 2934 2987 2984 2933 
f 2936 2989 2987 2934 
f 2940 2993 2990 2939 
f 2942 2995 2993 2940 
f 2944 2997 2995 2942 
f 2946 2999 2997 2944 
f 2948 3001 2999 2946 
f 2950 3003 3001 2948 
f 2952 3005 3003 2950 
f 2954 3007 3005 2952 
f 2956 3009 3007 2954 
f 2958 3011 3009 2956 
f 2960 3013 3011 2958 
f 2964 3017 3014 2963 
f 2966 3019 3017 2964 
f 2968 3021 3019 2966 
f 2970 3023 3021 2968 
f 2974 3027 3024 2973 
f 2976 3029 3027 2974 
f 2978 3031 3029 2976 
f 2982 3035 3032 2981 
f 2986 3039 3036 2985 
f 2988 3041 3039 2986 
f 2992 3045 3042 2991 
f 2994 3047 3045 2992 
f 2996 3049 3047 2994 
f 2998 3051 3049 2996 
f 3000 3053 3051 2998 
f 3002 3055 3053 3000 
f 3004 3057 3055 3002 
f 3006 3059 3057 3004 
f 3008 3061 3059 3006 
f 3010 3063 3061 3008 
f 3012 3065 3063 3010 
f 3016 3069 3066 3015 
f 3018 3071 3069 3016 
f 3020 3073 3071 3018 
f 3022 3075 3073 3020 
f 3026 3079 3076 3025 
f 3028 3081 3079 3026 
f 3030 3083 3081 3028 
f 3034 3087 3084 3033 
f 3038 3091 3088 3037 
f 3040 3093 3091 3038 
f 3044 3097 3094 3043 
f 3046 3099 3097 3044 
f 3048 3101 3099 3046 
f 3050 3103 3101 3048 
f 3052 3105 3103 3050 
f 3054 3107 3105 3052 
f 3056 3109 3107 3054 
f 3058 3111 3109 3056 
f 3060 3113 3111 3058 
f 3062 3115 3113 3060 
f 3064 3117 3115 3062 
f 3068 3121 3118 3067 
f 3070 3123 3121 3068 
f 3072 3125 3123 3070 
f 3074 3127 3125 3072 
f 3078 3131 3128 3077 
f 3080 3133 3131 3078 
f 3082 3135 3133 3080 
f 3086 3139 3136 3085 
f 3090 3143 3140 3089 
f 3092 3145 3143 3090 
f 3096 3149 3146 3095 
f 3098 3151 3149 3096 
f 3100 3153 3151 3098 
f 3102 3155 3153 3100 
f 3104 3157 3155 3102 
f 3106 3159 3157 3104 
f 3108 3161 3159 3106 
f 3110 3163 3161 3108 
f 3112 3165 3163 3110 
f 3114 3167 3165 3112 
f 3116 3169 3167 3114 
f 3120 3173 3170 3119 
f 3122 3175 3173 3120 
f 3124 3177 3175 3122 
f 3126 3179 3177 3124 
f 3130 3248 3249 3129 
f 3132 3250 3248 3130 
f 3134 3242 3250 3132 
f 3138 3245 3243 3137 
f 3142 3251 3244 3141 
f 3144 3246 3251 3142 
f 3148 3252 3247 3147 
f 3150 3253 3252 3148 
f 3152 3254 3253 3150 
f 3154 3255 3254 3152 
f 3156 3256 3255 3154 
f 3158 3257 3256 3156 
f 3160 3258 3257 3158 
f 3162 3259 3258 3160 
f 3164 3260 3259 3162 
f 3166 3261 3260 3164 
f 3168 2372 3261 3166 
f 3172 3262 2373 3171 
f 3174 3263 3262 3172 
f 3176 3264 3263 3174 
f 3178 3265 3264 3176 
f 3183 3266 3267 3182 
f 3187 3180 3181 3186 
f 3191 3184 3185 3190 
f 3195 3188 3189 3194 
f 3199 3192 3193 3198 
f 3203 3196 3197 3202 
f 3207 3200 3201 3206 
f 3211 3204 3205 3210 
f 3215 3208 3209 3214 
f 3219 3212 3213 3218 
f 3223 3216 3217 3222 
f 3227 3220 3221 3226 
f 3231 3224 3225 3230 
f 3235 3228 3229 3234 
f 3239 3232 3233 3238 
f 3241 3236 3237 3240 
f 2394 1516 3266 3183 
f 2440 2441 3180 3187 
f 2492 2493 3184 3191 
f 2544 2545 3188 3195 
f 2596 2597 3192 3199 
f 2648 2649 3196 3203 
f 2700 2701 3200 3207 
f 2752 2753 3204 3211 
f 2804 2805 3208 3215 
f 2856 2857 3212 3219 
f 2908 2909 3216 3223 
f 2960 2961 3220 3227 
f 3012 3013 3224 3231 
f 3064 3065 3228 3235 
f 3116 3117 3232 3239 
f 3168 3169 3236 3241 
f 3182 3267 1518 2395 
f 3186 3181 2442 2443 
f 3190 3185 2494 2495 
f 3194 3189 2546 2547 
f 3198 3193 2598 2599 
f 3202 3197 2650 2651 
f 3206 3201 2702 2703 
f 3210 3205 2754 2755 
f 3214 3209 2806 2807 
f 3218 3213 2858 2859 
f 3222 3217 2910 2911 
f 3226 3221 2962 2963 
f 3230 3225 3014 3015 
f 3234 3229 3066 3067 
f 3238 3233 3118 3119 
f 3240 3237 3170 3171 
f 1483 1534 1536 1487 
f 1535 1586 1588 1539 
f 1587 1638 1640 1591 
f 1639 1690 1692 1643 
f 1691 1742 1744 1695 
f 1743 1794 1796 1747 
f 1795 1846 1848 1799 
f 1847 1898 1900 1851 
f 1899 1950 1952 1903 
f 1951 2002 2004 1955 
f 2003 2054 2056 2007 
f 2055 2106 2108 2059 
f 2107 2158 2160 2111 
f 2159 2210 2212 2163 
f 2211 2262 2264 2215 
f 2263 3242 3243 2267 
f 3134 3135 3136 3137 
f 3082 3083 3084 3085 
f 3030 3031 3032 3033 
f 2978 2979 2980 2981 
f 2926 2927 2928 2929 
f 2874 2875 2876 2877 
f 2822 2823 2824 2825 
f 2770 2771 2772 2773 
f 2718 2719 2720 2721 
f 2666 2667 2668 2669 
f 2614 2615 2616 2617 
f 2562 2563 2564 2565 
f 2510 2511 2512 2513 
f 2458 2459 2460 2461 
f 2406 2407 2408 2409 
f 2377 1482 1484 2378 
f 1491 1488 1485 1486 
f 2380 2412 2411 2379 
f 2413 2464 2463 2410 
f 2465 2516 2515 2462 
f 2517 2568 2567 2514 
f 2569 2620 2619 2566 
f 2621 2672 2671 2618 
f 2673 2724 2723 2670 
f 2725 2776 2775 2722 
f 2777 2828 2827 2774 
f 2829 2880 2879 2826 
f 2881 2932 2931 2878 
f 2933 2984 2983 2930 
f 2985 3036 3035 2982 
f 3037 3088 3087 3034 
f 3089 3140 3139 3086 
f 3141 3244 3245 3138 
f 2271 2268 2265 2266 
f 2219 2216 2213 2214 
f 2167 2164 2161 2162 
f 2115 2112 2109 2110 
f 2063 2060 2057 2058 
f 2011 2008 2005 2006 
f 1959 1956 1953 1954 
f 1907 1904 1901 1902 
f 1855 1852 1849 1850 
f 1803 1800 1797 1798 
f 1751 1748 1745 1746 
f 1699 1696 1693 1694 
f 1647 1644 1641 1642 
f 1595 1592 1589 1590 
f 1543 1540 1537 1538 
f 1493 1544 1546 1497 
f 1545 1596 1598 1549 
f 1597 1648 1650 1601 
f 1649 1700 1702 1653 
f 1701 1752 1754 1705 
f 1753 1804 1806 1757 
f 1805 1856 1858 1809 
f 1857 1908 1910 1861 
f 1909 1960 1962 1913 
f 1961 2012 2014 1965 
f 2013 2064 2066 2017 
f 2065 2116 2118 2069 
f 2117 2168 2170 2121 
f 2169 2220 2222 2173 
f 2221 2272 2274 2225 
f 2273 3246 3247 2277 
f 3144 3145 3146 3147 
f 3092 3093 3094 3095 
f 3040 3041 3042 3043 
f 2988 2989 2990 2991 
f 2936 2937 2938 2939 
f 2884 2885 2886 2887 
f 2832 2833 2834 2835 
f 2780 2781 2782 2783 
f 2728 2729 2730 2731 
f 2676 2677 2678 2679 
f 2624 2625 2626 2627 
f 2572 2573 2574 2575 
f 2520 2521 2522 2523 
f 2468 2469 2470 2471 
f 2416 2417 2418 2419 
f 2382 1492 1494 2383 
f 3268 3271 3270 3269 
f 3272 3275 3274 3273 
f 3276 3273 3274 3277 
f 3278 3276 3277 3279 
f 3280 3278 3279 3281 
f 3282 3280 3281 3283 
f 3282 3283 3285 3284 
f 3286 3284 3285 3287 
f 3288 3286 3287 3289 
f 3288 3289 3291 3290 
f 3292 3290 3291 3293 
f 3292 3293 3295 3294 
f 3294 3295 3297 3296 
f 3298 3296 3297 3299 
f 3300 3298 3299 3301 
f 3302 3300 3301 3303 
f 3304 3302 3303 3305 
f 3306 3304 3305 3307 
f 3306 3307 3309 3308 
f 3310 3308 3309 3311 
f 3310 3311 3313 3312 
f 3314 3312 3313 3315 
f 3316 3314 3315 3317 
f 3316 3317 3319 3318 
f 3320 3318 3319 3321 
f 3322 3320 3321 3323 
f 3322 3323 3325 3324 
f 3326 3324 3325 3327 
f 3326 3327 3329 3328 
f 3330 3328 3329 3331 
f 3330 3331 3333 3332 
f 3270 3332 3333 3269 
s 2
f 3334 3337 3336 3335 
f 3337 3334 3339 3338 
f 3338 3339 3341 3340 
f 3340 3341 3343 3342 
f 3342 3343 3345 3344 
f 3344 3345 3347 3346 
f 3346 3347 3349 3348 
f 3348 3349 3351 3350 
f 3350 3351 3353 3352 
f 3352 3353 3355 3354 
f 3354 3355 3357 3356 
f 3356 3357 3359 3358 
f 3358 3359 3361 3360 
f 3360 3361 3363 3362 
f 3362 3363 3365 3364 
f 3364 3365 3367 3366 
f 3366 3367 3369 3368 
f 3368 3369 3371 3370 
f 3370 3371 3373 3372 
f 3372 3373 3375 3374 
f 3374 3375 3377 3376 
f 3376 3377 3379 3378 
f 3378 3379 3381 3380 
f 3380 3381 3383 3382 
f 3382 3383 3385 3384 
f 3384 3385 3387 3386 
f 3386 3387 3389 3388 
f 3388 3389 3391 3390 
f 3390 3391 3393 3392 
f 3392 3393 3395 3394 
f 3394 3395 3397 3396 
f 3396 3397 3399 3398 
f 3398 3399 3401 3400 
f 3400 3401 3403 3402 
f 3402 3403 3405 3404 
f 3404 3405 3407 3406 
f 3406 3407 3409 3408 
f 3408 3409 3411 3410 
f 3410 3411 3413 3412 
f 3412 3413 3415 3414 
f 3414 3415 3417 3416 
f 3416 3417 3419 3418 
f 3418 3419 3421 3420 
f 3420 3421 3423 3422 
f 3422 3423 3425 3424 
f 3424 3425 3427 3426 
f 3426 3427 3429 3428 
f 3428 3429 3431 3430 
f 3430 3431 3433 3432 
f 3432 3433 3435 3434 
f 3434 3435 3437 3436 
f 3436 3437 3439 3438 
f 3438 3439 3441 3440 
f 3440 3441 3443 3442 
f 3442 3443 3445 3444 
f 3444 3445 3447 3446 
f 3446 3447 3449 3448 
f 3448 3449 3451 3450 
f 3450 3451 3453 3452 
f 3452 3453 3455 3454 
f 3454 3455 3457 3456 
f 3456 3457 3459 3458 
f 3458 3459 3461 3460 
f 3460 3461 3335 3336 
f 3462 3465 3464 3463 
f 3466 3463 3464 3467 
f 3468 3466 3467 3469 
f 3470 3468 3469 3471 
f 3472 3470 3471 3473 
f 3474 3472 3473 3475 
f 3476 3474 3475 3477 
f 3476 3477 3428 3430 
f 3478 3476 3430 3432 
f 3479 3478 3432 3434 
f 3480 3479 3434 3436 
f 3481 3480 3436 3438 
f 3482 3481 3438 3440 
f 3483 3482 3440 3442 
f 3484 3483 3442 3444 
f 3485 3484 3444 3446 
f 3486 3485 3446 3448 
f 3487 3486 3448 3450 
f 3488 3487 3450 3452 
f 3489 3488 3452 3454 
f 3490 3489 3454 3456 
f 3491 3490 3456 3458 
f 3492 3491 3458 3460 
f 3493 3492 3460 3336 
f 3494 3493 3336 3337 
f 3495 3494 3337 3338 
f 3496 3495 3338 3340 
f 3497 3496 3340 3342 
f 3498 3497 3342 3344 
f 3499 3498 3344 3346 
f 3499 3346 3348 3500 
f 3501 3500 3348 3350 
f 3502 3501 3350 3352 
f 3503 3502 3352 3354 
f 3504 3503 3354 3356 
f 3505 3504 3356 3358 
f 3506 3505 3358 3360 
f 3507 3506 3360 3362 
f 3507 3362 3364 3508 
f 3509 3507 3508 3510 
f 3511 3509 3510 3512 
f 3513 3511 3512 3514 
f 3515 3513 3514 3516 
f 3517 3515 3516 3518 
f 3519 3517 3518 3520 
f 3519 3520 3522 3521 
f 3519 3521 3524 3523 
f 3525 3523 3524 3526 
f 3527 3525 3526 3528 
f 3529 3527 3528 3530 
f 3531 3529 3530 3532 
f 3531 3532 3534 3533 
f 3533 3534 3536 3535 
f 3537 3535 3536 3538 
f 3539 3537 3538 3540 
f 3541 3539 3540 3542 
f 3543 3541 3542 3544 
f 3543 3544 3546 3545 
f 3547 3545 3546 3548 
f 3549 3547 3548 3550 
f 3551 3549 3550 3552 
f 3553 3551 3552 3554 
f 3553 3554 3556 3555 
f 3557 3555 3556 3558 
f 3559 3557 3558 3560 
f 3561 3559 3560 3562 
f 3563 3561 3562 3564 
f 3565 3563 3564 3566 
f 3567 3565 3566 3568 
f 3569 3567 3568 3570 
f 3571 3569 3570 3572 
f 3573 3571 3572 3574 
f 3575 3573 3574 3576 
f 3577 3575 3576 3578 
f 3579 3577 3578 3580 
f 3463 3579 3580 3462 
f 3519 3523 3581 3517 
f 3523 3525 3582 3581 
f 3525 3527 3583 3582 
f 3517 3581 3584 3515 
f 3515 3584 3585 3513 
f 3581 3582 3586 3584 
f 3582 3583 3587 3586 
f 3584 3586 3588 3585 
f 3586 3587 3589 3588 
f 3527 3529 3590 3583 
f 3529 3531 3591 3590 
f 3531 3533 3592 3591 
f 3533 3535 3593 3592 
f 3583 3590 3594 3587 
f 3590 3591 3595 3594 
f 3587 3594 3596 3589 
f 3594 3595 3597 3596 
f 3591 3592 3598 3595 
f 3592 3593 3599 3598 
f 3595 3598 3600 3597 
f 3598 3599 3601 3600 
f 3513 3585 3602 3511 
f 3511 3602 3603 3509 
f 3585 3588 3604 3602 
f 3588 3589 3605 3604 
f 3602 3604 3606 3603 
f 3604 3605 3607 3606 
f 3509 3603 3506 3507 
f 3603 3606 3505 3506 
f 3606 3607 3504 3505 
f 3589 3596 3608 3605 
f 3596 3597 3609 3608 
f 3605 3608 3610 3607 
f 3608 3609 3611 3610 
f 3597 3600 3612 3609 
f 3600 3601 3613 3612 
f 3609 3612 3614 3611 
f 3612 3613 3615 3614 
f 3607 3610 3503 3504 
f 3610 3611 3502 3503 
f 3611 3614 3501 3502 
f 3614 3615 3500 3501 
f 3535 3537 3616 3593 
f 3537 3539 3617 3616 
f 3539 3541 3618 3617 
f 3541 3543 3619 3618 
f 3593 3616 3620 3599 
f 3616 3617 3621 3620 
f 3599 3620 3622 3601 
f 3620 3621 3623 3622 
f 3617 3618 3624 3621 
f 3618 3619 3625 3624 
f 3621 3624 3626 3623 
f 3624 3625 3627 3626 
f 3543 3545 3628 3619 
f 3545 3547 3629 3628 
f 3547 3549 3630 3629 
f 3549 3551 3631 3630 
f 3619 3628 3632 3625 
f 3628 3629 3633 3632 
f 3625 3632 3634 3627 
f 3632 3633 3635 3634 
f 3629 3630 3636 3633 
f 3630 3631 3637 3636 
f 3633 3636 3638 3635 
f 3636 3637 3639 3638 
f 3601 3622 3640 3613 
f 3622 3623 3641 3640 
f 3613 3640 3642 3615 
f 3640 3641 3643 3642 
f 3623 3626 3644 3641 
f 3626 3627 3645 3644 
f 3641 3644 3646 3643 
f 3644 3645 3647 3646 
f 3615 3642 3499 3500 
f 3642 3643 3498 3499 
f 3643 3646 3497 3498 
f 3646 3647 3496 3497 
f 3627 3634 3648 3645 
f 3634 3635 3649 3648 
f 3645 3648 3650 3647 
f 3648 3649 3651 3650 
f 3635 3638 3652 3649 
f 3638 3639 3653 3652 
f 3649 3652 3654 3651 
f 3652 3653 3655 3654 
f 3647 3650 3495 3496 
f 3650 3651 3494 3495 
f 3651 3654 3493 3494 
f 3654 3655 3492 3493 
f 3551 3553 3656 3631 
f 3553 3555 3657 3656 
f 3555 3557 3658 3657 
f 3557 3559 3659 3658 
f 3631 3656 3660 3637 
f 3656 3657 3661 3660 
f 3637 3660 3662 3639 
f 3660 3661 3663 3662 
f 3657 3658 3664 3661 
f 3658 3659 3665 3664 
f 3661 3664 3666 3663 
f 3664 3665 3667 3666 
f 3559 3561 3668 3659 
f 3561 3563 3669 3668 
f 3563 3565 3670 3669 
f 3565 3567 3671 3670 
f 3659 3668 3672 3665 
f 3668 3669 3673 3672 
f 3665 3672 3674 3667 
f 3672 3673 3675 3674 
f 3669 3670 3676 3673 
f 3670 3671 3677 3676 
f 3673 3676 3678 3675 
f 3676 3677 3679 3678 
f 3639 3662 3680 3653 
f 3662 3663 3681 3680 
f 3653 3680 3682 3655 
f 3680 3681 3683 3682 
f 3663 3666 3684 3681 
f 3666 3667 3685 3684 
f 3681 3684 3686 3683 
f 3684 3685 3687 3686 
f 3655 3682 3491 3492 
f 3682 3683 3490 3491 
f 3683 3686 3489 3490 
f 3686 3687 3488 3489 
f 3667 3674 3688 3685 
f 3674 3675 3689 3688 
f 3685 3688 3690 3687 
f 3688 3689 3691 3690 
f 3675 3678 3692 3689 
f 3678 3679 3693 3692 
f 3689 3692 3694 3691 
f 3692 3693 3695 3694 
f 3687 3690 3487 3488 
f 3690 3691 3486 3487 
f 3691 3694 3485 3486 
f 3694 3695 3484 3485 
f 3567 3569 3696 3671 
f 3569 3571 3697 3696 
f 3571 3573 3698 3697 
f 3573 3575 3699 3698 
f 3671 3696 3700 3677 
f 3696 3697 3701 3700 
f 3677 3700 3702 3679 
f 3700 3701 3703 3702 
f 3697 3698 3704 3701 
f 3698 3699 3705 3704 
f 3701 3704 3706 3703 
f 3704 3705 3707 3706 
f 3575 3577 3708 3699 
f 3577 3579 3709 3708 
f 3579 3463 3466 3709 
f 3699 3708 3710 3705 
f 3708 3709 3711 3710 
f 3705 3710 3712 3707 
f 3710 3711 3713 3712 
f 3709 3466 3468 3711 
f 3711 3468 3470 3713 
f 3679 3702 3714 3693 
f 3702 3703 3715 3714 
f 3693 3714 3716 3695 
f 3714 3715 3717 3716 
f 3703 3706 3718 3715 
f 3706 3707 3719 3718 
f 3715 3718 3720 3717 
f 3718 3719 3721 3720 
f 3695 3716 3483 3484 
f 3716 3717 3482 3483 
f 3717 3720 3481 3482 
f 3720 3721 3480 3481 
f 3707 3712 3722 3719 
f 3712 3713 3723 3722 
f 3719 3722 3724 3721 
f 3722 3723 3725 3724 
f 3713 3470 3472 3723 
f 3723 3472 3474 3725 
f 3721 3724 3479 3480 
f 3724 3725 3478 3479 
f 3725 3474 3476 3478 
f 3726 3728 3727 
f 3728 3726 3729 
f 3728 3729 3730 
f 3728 3730 3731 
f 3728 3731 3732 
f 3728 3732 3733 
f 3728 3733 3734 
f 3728 3734 3735 
f 3728 3735 3736 
f 3728 3736 3737 
f 3728 3737 3738 
f 3728 3738 3739 
f 3728 3739 3740 
f 3728 3740 3741 
f 3728 3741 3742 
f 3728 3742 3743 
f 3728 3743 3744 
f 3728 3744 3745 
f 3728 3745 3746 
f 3728 3746 3747 
f 3728 3747 3748 
f 3728 3748 3749 
f 3728 3749 3750 
f 3728 3750 3751 
f 3728 3751 3752 
f 3728 3752 3753 
f 3728 3753 3754 
f 3728 3754 3755 
f 3728 3755 3756 
f 3728 3756 3757 
f 3728 3757 3758 
f 3728 3758 3759 
f 3728 3759 3760 
f 3728 3760 3761 
f 3728 3761 3762 
f 3728 3762 3763 
f 3728 3763 3764 
f 3728 3764 3765 
f 3728 3765 3766 
f 3728 3766 3767 
f 3728 3767 3768 
f 3728 3768 3769 
f 3728 3769 3770 
f 3728 3770 3771 
f 3728 3771 3772 
f 3728 3772 3773 
f 3728 3773 3774 
f 3728 3774 3775 
f 3728 3775 3776 
f 3728 3776 3777 
f 3728 3777 3778 
f 3728 3778 3779 
f 3728 3779 3780 
f 3728 3780 3781 
f 3728 3781 3782 
f 3728 3782 3783 
f 3728 3783 3784 
f 3728 3784 3785 
f 3728 3785 3786 
f 3728 3786 3787 
f 3728 3787 3788 
f 3728 3788 3789 
f 3728 3789 3790 
f 3728 3790 3727 
s 1
f 3791 3275 3272 3792 
f 3793 3271 3268 3794 
f 3795 3793 3794 3796 
f 3797 3795 3796 3798 
f 3799 3797 3798 3800 
f 3801 3799 3800 3802 
f 3803 3801 3802 3804 
f 3805 3803 3804 3806 
f 3807 3805 3806 3808 
f 3809 3807 3808 3810 
f 3811 3809 3810 3812 
f 3813 3811 3812 3814 
f 3815 3813 3814 3816 
f 3817 3815 3816 3818 
f 3819 3817 3818 3820 
f 3821 3819 3820 3822 
f 3823 3821 3822 3824 
f 3825 3823 3824 3826 
f 3827 3825 3826 3828 
f 3829 3827 3828 3830 
f 3831 3829 3830 3832 
f 3833 3831 3832 3834 
f 3835 3833 3834 3836 
f 3837 3835 3836 3838 
f 3839 3837 3838 3840 
f 3841 3839 3840 3842 
f 3843 3841 3842 3844 
f 3845 3843 3844 3846 
f 3847 3845 3846 3848 
f 3849 3847 3848 3850 
f 3851 3849 3850 3852 
f 3792 3851 3852 3791 
s 2
f 3426 3428 3477 3853 
f 3854 3853 3477 3475 
f 3855 3854 3475 3473 
f 3856 3855 3473 3471 
f 3857 3856 3471 3469 
f 3858 3857 3469 3467 
f 3859 3858 3467 3464 
f 3859 3464 3465 3860 
f 3861 3859 3860 3862 
f 3863 3861 3862 3864 
f 3863 3864 3866 3865 
f 3867 3865 3866 3868 
f 3869 3867 3868 3870 
f 3869 3870 3872 3871 
f 3873 3871 3872 3874 
f 3875 3873 3874 3876 
f 3877 3875 3876 3878 
f 3879 3877 3878 3880 
f 3881 3879 3880 3882 
f 3881 3882 3884 3883 
f 3885 3883 3884 3886 
f 3885 3886 3888 3887 
f 3887 3888 3890 3889 
f 3889 3890 3892 3891 
f 3893 3891 3892 3894 
f 3895 3893 3894 3896 
f 3895 3896 3898 3897 
f 3899 3897 3898 3900 
f 3901 3899 3900 3902 
f 3903 3901 3902 3904 
f 3905 3903 3904 3906 
f 3907 3905 3906 3908 
f 3909 3907 3908 3910 
f 3911 3909 3910 3912 
f 3913 3911 3912 3914 
f 3915 3913 3914 3916 
f 3917 3915 3916 3918 
f 3919 3917 3918 3920 
f 3919 3920 3522 3520 
f 3921 3919 3520 3518 
f 3922 3921 3518 3516 
f 3923 3922 3516 3514 
f 3924 3923 3514 3512 
f 3925 3924 3512 3510 
f 3926 3925 3510 3508 
f 3926 3508 3364 3366 
f 3927 3926 3366 3368 
f 3928 3927 3368 3370 
f 3929 3928 3370 3372 
f 3930 3929 3372 3374 
f 3931 3930 3374 3376 
f 3932 3931 3376 3378 
f 3933 3932 3378 3380 
f 3934 3933 3380 3382 
f 3935 3934 3382 3384 
f 3936 3935 3384 3386 
f 3937 3936 3386 3388 
f 3938 3937 3388 3390 
f 3939 3938 3390 3392 
f 3940 3939 3392 3394 
f 3941 3940 3394 3396 
f 3942 3941 3396 3398 
f 3943 3942 3398 3400 
f 3944 3943 3400 3402 
f 3945 3944 3402 3404 
f 3946 3945 3404 3406 
f 3947 3946 3406 3408 
f 3948 3947 3408 3410 
f 3949 3948 3410 3412 
f 3950 3949 3412 3414 
f 3951 3950 3414 3416 
f 3952 3951 3416 3418 
f 3953 3952 3418 3420 
f 3954 3953 3420 3422 
f 3955 3954 3422 3424 
f 3853 3955 3424 3426 
f 3859 3861 3956 3858 
f 3861 3863 3957 3956 
f 3863 3865 3958 3957 
f 3858 3956 3959 3857 
f 3857 3959 3960 3856 
f 3956 3957 3961 3959 
f 3957 3958 3962 3961 
f 3959 3961 3963 3960 
f 3961 3962 3964 3963 
f 3865 3867 3965 3958 
f 3867 3869 3966 3965 
f 3869 3871 3967 3966 
f 3871 3873 3968 3967 
f 3958 3965 3969 3962 
f 3965 3966 3970 3969 
f 3962 3969 3971 3964 
f 3969 3970 3972 3971 
f 3966 3967 3973 3970 
f 3967 3968 3974 3973 
f 3970 3973 3975 3972 
f 3973 3974 3976 3975 
f 3856 3960 3977 3855 
f 3855 3977 3978 3854 
f 3960 3963 3979 3977 
f 3963 3964 3980 3979 
f 3977 3979 3981 3978 
f 3979 3980 3982 3981 
f 3854 3978 3955 3853 
f 3978 3981 3954 3955 
f 3981 3982 3953 3954 
f 3964 3971 3983 3980 
f 3971 3972 3984 3983 
f 3980 3983 3985 3982 
f 3983 3984 3986 3985 
f 3972 3975 3987 3984 
f 3975 3976 3988 3987 
f 3984 3987 3989 3986 
f 3987 3988 3990 3989 
f 3982 3985 3952 3953 
f 3985 3986 3951 3952 
f 3986 3989 3950 3951 
f 3989 3990 3949 3950 
f 3873 3875 3991 3968 
f 3875 3877 3992 3991 
f 3877 3879 3993 3992 
f 3879 3881 3994 3993 
f 3968 3991 3995 3974 
f 3991 3992 3996 3995 
f 3974 3995 3997 3976 
f 3995 3996 3998 3997 
f 3992 3993 3999 3996 
f 3993 3994 4000 3999 
f 3996 3999 4001 3998 
f 3999 4000 4002 4001 
f 3881 3883 4003 3994 
f 3883 3885 4004 4003 
f 3885 3887 4005 4004 
f 3887 3889 4006 4005 
f 3994 4003 4007 4000 
f 4003 4004 4008 4007 
f 4000 4007 4009 4002 
f 4007 4008 4010 4009 
f 4004 4005 4011 4008 
f 4005 4006 4012 4011 
f 4008 4011 4013 4010 
f 4011 4012 4014 4013 
f 3976 3997 4015 3988 
f 3997 3998 4016 4015 
f 3988 4015 4017 3990 
f 4015 4016 4018 4017 
f 3998 4001 4019 4016 
f 4001 4002 4020 4019 
f 4016 4019 4021 4018 
f 4019 4020 4022 4021 
f 3990 4017 3948 3949 
f 4017 4018 3947 3948 
f 4018 4021 3946 3947 
f 4021 4022 3945 3946 
f 4002 4009 4023 4020 
f 4009 4010 4024 4023 
f 4020 4023 4025 4022 
f 4023 4024 4026 4025 
f 4010 4013 4027 4024 
f 4013 4014 4028 4027 
f 4024 4027 4029 4026 
f 4027 4028 4030 4029 
f 4022 4025 3944 3945 
f 4025 4026 3943 3944 
f 4026 4029 3942 3943 
f 4029 4030 3941 3942 
f 3889 3891 4031 4006 
f 3891 3893 4032 4031 
f 3893 3895 4033 4032 
f 3895 3897 4034 4033 
f 4006 4031 4035 4012 
f 4031 4032 4036 4035 
f 4012 4035 4037 4014 
f 4035 4036 4038 4037 
f 4032 4033 4039 4036 
f 4033 4034 4040 4039 
f 4036 4039 4041 4038 
f 4039 4040 4042 4041 
f 3897 3899 4043 4034 
f 3899 3901 4044 4043 
f 3901 3903 4045 4044 
f 3903 3905 4046 4045 
f 4034 4043 4047 4040 
f 4043 4044 4048 4047 
f 4040 4047 4049 4042 
f 4047 4048 4050 4049 
f 4044 4045 4051 4048 
f 4045 4046 4052 4051 
f 4048 4051 4053 4050 
f 4051 4052 4054 4053 
f 4014 4037 4055 4028 
f 4037 4038 4056 4055 
f 4028 4055 4057 4030 
f 4055 4056 4058 4057 
f 4038 4041 4059 4056 
f 4041 4042 4060 4059 
f 4056 4059 4061 4058 
f 4059 4060 4062 4061 
f 4030 4057 3940 3941 
f 4057 4058 3939 3940 
f 4058 4061 3938 3939 
f 4061 4062 3937 3938 
f 4042 4049 4063 4060 
f 4049 4050 4064 4063 
f 4060 4063 4065 4062 
f 4063 4064 4066 4065 
f 4050 4053 4067 4064 
f 4053 4054 4068 4067 
f 4064 4067 4069 4066 
f 4067 4068 4070 4069 
f 4062 4065 3936 3937 
f 4065 4066 3935 3936 
f 4066 4069 3934 3935 
f 4069 4070 3933 3934 
f 3905 3907 4071 4046 
f 3907 3909 4072 4071 
f 3909 3911 4073 4072 
f 3911 3913 4074 4073 
f 4046 4071 4075 4052 
f 4071 4072 4076 4075 
f 4052 4075 4077 4054 
f 4075 4076 4078 4077 
f 4072 4073 4079 4076 
f 4073 4074 4080 4079 
f 4076 4079 4081 4078 
f 4079 4080 4082 4081 
f 3913 3915 4083 4074 
f 3915 3917 4084 4083 
f 3917 3919 3921 4084 
f 4074 4083 4085 4080 
f 4083 4084 4086 4085 
f 4080 4085 4087 4082 
f 4085 4086 4088 4087 
f 4084 3921 3922 4086 
f 4086 3922 3923 4088 
f 4054 4077 4089 4068 
f 4077 4078 4090 4089 
f 4068 4089 4091 4070 
f 4089 4090 4092 4091 
f 4078 4081 4093 4090 
f 4081 4082 4094 4093 
f 4090 4093 4095 4092 
f 4093 4094 4096 4095 
f 4070 4091 3932 3933 
f 4091 4092 3931 3932 
f 4092 4095 3930 3931 
f 4095 4096 3929 3930 
f 4082 4087 4097 4094 
f 4087 4088 4098 4097 
f 4094 4097 4099 4096 
f 4097 4098 4100 4099 
f 4088 3923 3924 4098 
f 4098 3924 3925 4100 
f 4096 4099 3928 3929 
f 4099 4100 3927 3928 
f 4100 3925 3926 3927 
f 3462 4102 4101 3465 
f 3522 4104 4103 3521 
f 3521 4103 4105 3524 
f 3524 4105 4106 3526 
f 3526 4106 4107 3528 
f 3528 4107 4108 3530 
f 3530 4108 4109 3532 
f 3532 4109 4110 3534 
f 3534 4110 4111 3536 
f 3536 4111 4112 3538 
f 3538 4112 4113 3540 
f 3540 4113 4114 3542 
f 3542 4114 4115 3544 
f 3544 4115 4116 3546 
f 3546 4116 4117 3548 
f 3548 4117 4118 3550 
f 3550 4118 4119 3552 
f 3552 4119 4120 3554 
f 3554 4120 4121 3556 
f 3556 4121 4122 3558 
f 3558 4122 4123 3560 
f 3560 4123 4124 3562 
f 3562 4124 4125 3564 
f 3564 4125 4126 3566 
f 3566 4126 4127 3568 
f 3568 4127 4128 3570 
f 3570 4128 4129 3572 
f 3572 4129 4130 3574 
f 3574 4130 4131 3576 
f 3576 4131 4132 3578 
f 3578 4132 4133 3580 
f 3580 4133 4102 3462 
f 3465 4101 4134 3860 
f 3860 4134 4135 3862 
f 3862 4135 4136 3864 
f 3864 4136 4137 3866 
f 3866 4137 4138 3868 
f 3868 4138 4139 3870 
f 3870 4139 4140 3872 
f 3872 4140 4141 3874 
f 3874 4141 4142 3876 
f 3876 4142 4143 3878 
f 3878 4143 4144 3880 
f 3880 4144 4145 3882 
f 3882 4145 4146 3884 
f 3884 4146 4147 3886 
f 3886 4147 4148 3888 
f 3888 4148 4149 3890 
f 3890 4149 4150 3892 
f 3892 4150 4151 3894 
f 3894 4151 4152 3896 
f 3896 4152 4153 3898 
f 3898 4153 4154 3900 
f 3900 4154 4155 3902 
f 3902 4155 4156 3904 
f 3904 4156 4157 3906 
f 3906 4157 4158 3908 
f 3908 4158 4159 3910 
f 3910 4159 4160 3912 
f 3912 4160 4161 3914 
f 3914 4161 4162 3916 
f 3916 4162 4163 3918 
f 3918 4163 4164 3920 
f 3920 4164 4104 3522 
s 1
f 4165 4167 4166 
f 4168 4167 4169 
f 4169 4167 4170 
f 4170 4167 4171 
f 4171 4167 4172 
f 4172 4167 4173 
f 4173 4167 4174 
f 4174 4167 4175 
f 4175 4167 4176 
f 4176 4167 4177 
f 4177 4167 4178 
f 4178 4167 4179 
f 4179 4167 4180 
f 4180 4167 4181 
f 4181 4167 4182 
f 4182 4167 4183 
f 4183 4167 4184 
f 4184 4167 4185 
f 4185 4167 4186 
f 4186 4167 4187 
f 4187 4167 4188 
f 4188 4167 4189 
f 4189 4167 4190 
f 4190 4167 4191 
f 4191 4167 4192 
f 4192 4167 4193 
f 4193 4167 4194 
f 4194 4167 4195 
f 4195 4167 4196 
f 4196 4167 4197 
f 4197 4167 4198 
f 4198 4167 4165 
f 4166 4167 4199 
f 4199 4167 4200 
f 4200 4167 4201 
f 4201 4167 4202 
f 4202 4167 4203 
f 4203 4167 4204 
f 4204 4167 4205 
f 4205 4167 4206 
f 4206 4167 4207 
f 4207 4167 4208 
f 4208 4167 4209 
f 4209 4167 4210 
f 4210 4167 4211 
f 4211 4167 4212 
f 4212 4167 4213 
f 4213 4167 4214 
f 4214 4167 4215 
f 4215 4167 4216 
f 4216 4167 4217 
f 4217 4167 4218 
f 4218 4167 4219 
f 4219 4167 4220 
f 4220 4167 4221 
f 4221 4167 4222 
f 4222 4167 4223 
f 4223 4167 4224 
f 4224 4167 4225 
f 4225 4167 4226 
f 4226 4167 4227 
f 4227 4167 4228 
f 4228 4167 4229 
f 4229 4167 4168 
f 3269 4231 4230 3268 
f 3271 4233 4232 3270 
f 3273 4235 4234 3272 
f 3275 4237 4236 3274 
f 3274 4236 4238 3277 
f 3276 4239 4235 3273 
f 3277 4238 4240 3279 
f 3278 4241 4239 3276 
f 3279 4240 4242 3281 
f 3280 4243 4241 3278 
f 3281 4242 4244 3283 
f 3282 4245 4243 3280 
f 3284 4246 4245 3282 
f 3283 4244 4247 3285 
f 3285 4247 4248 3287 
f 3286 4249 4246 3284 
f 3287 4248 4250 3289 
f 3288 4251 4249 3286 
f 3290 4252 4251 3288 
f 3289 4250 4253 3291 
f 3291 4253 4254 3293 
f 3292 4255 4252 3290 
f 3294 4256 4255 3292 
f 3293 4254 4257 3295 
f 3296 4258 4256 3294 
f 3295 4257 4259 3297 
f 3297 4259 4260 3299 
f 3298 4261 4258 3296 
f 3299 4260 4262 3301 
f 3300 4263 4261 3298 
f 3301 4262 4264 3303 
f 3302 4265 4263 3300 
f 3303 4264 4266 3305 
f 3304 4267 4265 3302 
f 3305 4266 4268 3307 
f 3306 4269 4267 3304 
f 3308 4270 4269 3306 
f 3307 4268 4271 3309 
f 3309 4271 4272 3311 
f 3310 4273 4270 3308 
f 3312 4274 4273 3310 
f 3311 4272 4275 3313 
f 3313 4275 4276 3315 
f 3314 4277 4274 3312 
f 3315 4276 4278 3317 
f 3316 4279 4277 3314 
f 3318 4280 4279 3316 
f 3317 4278 4281 3319 
f 3319 4281 4282 3321 
f 3320 4283 4280 3318 
f 3321 4282 4284 3323 
f 3322 4285 4283 3320 
f 3324 4286 4285 3322 
f 3323 4284 4287 3325 
f 3325 4287 4288 3327 
f 3326 4289 4286 3324 
f 3328 4290 4289 3326 
f 3327 4288 4291 3329 
f 3329 4291 4292 3331 
f 3330 4293 4290 3328 
f 3332 4294 4293 3330 
f 3331 4292 4295 3333 
f 3333 4295 4231 3269 
f 3270 4232 4294 3332 
s 2
f 3335 4297 4296 3334 
f 3334 4296 4298 3339 
f 3339 4298 4299 3341 
f 3341 4299 4300 3343 
f 3343 4300 4301 3345 
f 3345 4301 4302 3347 
f 3347 4302 4303 3349 
f 3349 4303 4304 3351 
f 3351 4304 4305 3353 
f 3353 4305 4306 3355 
f 3355 4306 4307 3357 
f 3357 4307 4308 3359 
f 3359 4308 4309 3361 
f 3361 4309 4310 3363 
f 3363 4310 4230 3365 
f 3365 4230 4231 3367 
f 3367 4231 4295 3369 
f 3369 4295 4292 3371 
f 3371 4292 4291 3373 
f 3373 4291 4288 3375 
f 3375 4288 4287 3377 
f 3377 4287 4284 3379 
f 3379 4284 4282 3381 
f 3381 4282 4281 3383 
f 3383 4281 4278 3385 
f 3385 4278 4276 3387 
f 3387 4276 4275 3389 
f 3389 4275 4272 3391 
f 3391 4272 4271 3393 
f 3393 4271 4268 3395 
f 3395 4268 4266 3397 
f 3397 4266 4264 3399 
f 3399 4264 4262 3401 
f 3401 4262 4260 3403 
f 3403 4260 4259 3405 
f 3405 4259 4257 3407 
f 3407 4257 4254 3409 
f 3409 4254 4253 3411 
f 3411 4253 4250 3413 
f 3413 4250 4248 3415 
f 3415 4248 4247 3417 
f 3417 4247 4244 3419 
f 3419 4244 4242 3421 
f 3421 4242 4240 3423 
f 3423 4240 4238 3425 
f 3425 4238 4236 3427 
f 3427 4236 4237 3429 
f 3429 4237 4311 3431 
f 3431 4311 4312 3433 
f 3433 4312 4313 3435 
f 3435 4313 4314 3437 
f 3437 4314 4315 3439 
f 3439 4315 4316 3441 
f 3441 4316 4317 3443 
f 3443 4317 4318 3445 
f 3445 4318 4319 3447 
f 3447 4319 4320 3449 
f 3449 4320 4321 3451 
f 3451 4321 4322 3453 
f 3453 4322 4323 3455 
f 3455 4323 4324 3457 
f 3457 4324 4325 3459 
f 3459 4325 4326 3461 
f 3461 4326 4297 3335 
f 3727 4328 4327 3726 
f 3726 4327 4329 3729 
f 3729 4329 4330 3730 
f 3730 4330 4331 3731 
f 3731 4331 4332 3732 
f 3732 4332 4333 3733 
f 3733 4333 4334 3734 
f 3734 4334 4335 3735 
f 3735 4335 4336 3736 
f 3736 4336 4337 3737 
f 3737 4337 4338 3738 
f 3738 4338 4339 3739 
f 3739 4339 4340 3740 
f 3740 4340 4341 3741 
f 3741 4341 4342 3742 
f 3742 4342 4343 3743 
f 3743 4343 4344 3744 
f 3744 4344 4345 3745 
f 3745 4345 4346 3746 
f 3746 4346 4347 3747 
f 3747 4347 4348 3748 
f 3748 4348 4349 3749 
f 3749 4349 4350 3750 
f 3750 4350 4351 3751 
f 3751 4351 4352 3752 
f 3752 4352 4353 3753 
f 3753 4353 4354 3754 
f 3754 4354 4234 3755 
f 3755 4234 4235 3756 
f 3756 4235 4239 3757 
f 3757 4239 4241 3758 
f 3758 4241 4243 3759 
f 3759 4243 4245 3760 
f 3760 4245 4246 3761 
f 3761 4246 4249 3762 
f 3762 4249 4251 3763 
f 3763 4251 4252 3764 
f 3764 4252 4255 3765 
f 3765 4255 4256 3766 
f 3766 4256 4258 3767 
f 3767 4258 4261 3768 
f 3768 4261 4263 3769 
f 3769 4263 4265 3770 
f 3770 4265 4267 3771 
f 3771 4267 4269 3772 
f 3772 4269 4270 3773 
f 3773 4270 4273 3774 
f 3774 4273 4274 3775 
f 3775 4274 4277 3776 
f 3776 4277 4279 3777 
f 3777 4279 4280 3778 
f 3778 4280 4283 3779 
f 3779 4283 4285 3780 
f 3780 4285 4286 3781 
f 3781 4286 4289 3782 
f 3782 4289 4290 3783 
f 3783 4290 4293 3784 
f 3784 4293 4294 3785 
f 3785 4294 4232 3786 
f 3786 4232 4233 3787 
f 3787 4233 4355 3788 
f 3788 4355 4356 3789 
f 3789 4356 4357 3790 
f 3790 4357 4328 3727 
s 1
f 3272 4234 4354 3792 
f 3791 4311 4237 3275 
f 3268 4230 4310 3794 
f 3793 4355 4233 3271 
f 3794 4310 4309 3796 
f 3795 4356 4355 3793 
f 3796 4309 4308 3798 
f 3797 4357 4356 3795 
f 3798 4308 4307 3800 
f 3799 4328 4357 3797 
f 3800 4307 4306 3802 
f 3801 4327 4328 3799 
f 3802 4306 4305 3804 
f 3803 4329 4327 3801 
f 3804 4305 4304 3806 
f 3805 4330 4329 3803 
f 3806 4304 4303 3808 
f 3807 4331 4330 3805 
f 3808 4303 4302 3810 
f 3809 4332 4331 3807 
f 3810 4302 4301 3812 
f 3811 4333 4332 3809 
f 3812 4301 4300 3814 
f 3813 4334 4333 3811 
f 3814 4300 4299 3816 
f 3815 4335 4334 3813 
f 3816 4299 4298 3818 
f 3817 4336 4335 3815 
f 3818 4298 4296 3820 
f 3819 4337 4336 3817 
f 3820 4296 4297 3822 
f 3821 4338 4337 3819 
f 3822 4297 4326 3824 
f 3823 4339 4338 3821 
f 3824 4326 4325 3826 
f 3825 4340 4339 3823 
f 3826 4325 4324 3828 
f 3827 4341 4340 3825 
f 3828 4324 4323 3830 
f 3829 4342 4341 3827 
f 3830 4323 4322 3832 
f 3831 4343 4342 3829 
f 3832 4322 4321 3834 
f 3833 4344 4343 3831 
f 3834 4321 4320 3836 
f 3835 4345 4344 3833 
f 3836 4320 4319 3838 
f 3837 4346 4345 3835 
f 3838 4319 4318 3840 
f 3839 4347 4346 3837 
f 3840 4318 4317 3842 
f 3841 4348 4347 3839 
f 3842 4317 4316 3844 
f 3843 4349 4348 3841 
f 3844 4316 4315 3846 
f 3845 4350 4349 3843 
f 3846 4315 4314 3848 
f 3847 4351 4350 3845 
f 3848 4314 4313 3850 
f 3849 4352 4351 3847 
f 3850 4313 4312 3852 
f 3851 4353 4352 3849 
f 3852 4312 4311 3791 
f 3792 4354 4353 3851 
s 2
f 4102 4359 4358 4101 
f 4104 4361 4360 4103 
f 4103 4360 4362 4105 
f 4105 4362 4363 4106 
f 4106 4363 4364 4107 
f 4107 4364 4365 4108 
f 4108 4365 4366 4109 
f 4109 4366 4367 4110 
f 4110 4367 4368 4111 
f 4111 4368 4369 4112 
f 4112 4369 4370 4113 
f 4113 4370 4371 4114 
f 4114 4371 4372 4115 
f 4115 4372 4373 4116 
f 4116 4373 4374 4117 
f 4117 4374 4375 4118 
f 4118 4375 4376 4119 
f 4119 4376 4377 4120 
f 4120 4377 4378 4121 
f 4121 4378 4379 4122 
f 4122 4379 4380 4123 
f 4123 4380 4381 4124 
f 4124 4381 4382 4125 
f 4125 4382 4383 4126 
f 4126 4383 4384 4127 
f 4127 4384 4385 4128 
f 4128 4385 4386 4129 
f 4129 4386 4387 4130 
f 4130 4387 4388 4131 
f 4131 4388 4389 4132 
f 4132 4389 4390 4133 
f 4133 4390 4359 4102 
f 4101 4358 4391 4134 
f 4134 4391 4392 4135 
f 4135 4392 4393 4136 
f 4136 4393 4394 4137 
f 4137 4394 4395 4138 
f 4138 4395 4396 4139 
f 4139 4396 4397 4140 
f 4140 4397 4398 4141 
f 4141 4398 4399 4142 
f 4142 4399 4400 4143 
f 4143 4400 4401 4144 
f 4144 4401 4402 4145 
f 4145 4402 4403 4146 
f 4146 4403 4404 4147 
f 4147 4404 4405 4148 
f 4148 4405 4406 4149 
f 4149 4406 4407 4150 
f 4150 4407 4408 4151 
f 4151 4408 4409 4152 
f 4152 4409 4410 4153 
f 4153 4410 4411 4154 
f 4154 4411 4412 4155 
f 4155 4412 4413 4156 
f 4156 4413 4414 4157 
f 4157 4414 4415 4158 
f 4158 4415 4416 4159 
f 4159 4416 4417 4160 
f 4160 4417 4418 4161 
f 4161 4418 4419 4162 
f 4162 4419 4420 4163 
f 4163 4420 4421 4164 
f 4164 4421 4361 4104 
s 1
f 4166 4358 4359 4165 
f 4169 4360 4361 4168 
f 4170 4362 4360 4169 
f 4171 4363 4362 4170 
f 4172 4364 4363 4171 
f 4173 4365 4364 4172 
f 4174 4366 4365 4173 
f 4175 4367 4366 4174 
f 4176 4368 4367 4175 
f 4177 4369 4368 4176 
f 4178 4370 4369 4177 
f 4179 4371 4370 4178 
f 4180 4372 4371 4179 
f 4181 4373 4372 4180 
f 4182 4374 4373 4181 
f 4183 4375 4374 4182 
f 4184 4376 4375 4183 
f 4185 4377 4376 4184 
f 4186 4378 4377 4185 
f 4187 4379 4378 4186 
f 4188 4380 4379 4187 
f 4189 4381 4380 4188 
f 4190 4382 4381 4189 
f 4191 4383 4382 4190 
f 4192 4384 4383 4191 
f 4193 4385 4384 4192 
f 4194 4386 4385 4193 
f 4195 4387 4386 4194 
f 4196 4388 4387 4195 
f 4197 4389 4388 4196 
f 4198 4390 4389 4197 
f 4165 4359 4390 4198 
f 4199 4391 4358 4166 
f 4200 4392 4391 4199 
f 4201 4393 4392 4200 
f 4202 4394 4393 4201 
f 4203 4395 4394 4202 
f 4204 4396 4395 4203 
f 4205 4397 4396 4204 
f 4206 4398 4397 4205 
f 4207 4399 4398 4206 
f 4208 4400 4399 4207 
f 4209 4401 4400 4208 
f 4210 4402 4401 4209 
f 4211 4403 4402 4210 
f 4212 4404 4403 4211 
f 4213 4405 4404 4212 
f 4214 4406 4405 4213 
f 4215 4407 4406 4214 
f 4216 4408 4407 4215 
f 4217 4409 4408 4216 
f 4218 4410 4409 4217 
f 4219 4411 4410 4218 
f 4220 4412 4411 4219 
f 4221 4413 4412 4220 
f 4222 4414 4413 4221 
f 4223 4415 4414 4222 
f 4224 4416 4415 4223 
f 4225 4417 4416 4224 
f 4226 4418 4417 4225 
f 4227 4419 4418 4226 
f 4228 4420 4419 4227 
f 4229 4421 4420 4228 
f 4168 4361 4421 4229 
f 4422 4424 4423 
f 4423 4424 4425 
f 4425 4424 4426 
f 4426 4424 4427 
f 4427 4424 4428 
f 4428 4424 4429 
f 4429 4424 4430 
f 4430 4424 4431 
f 4431 4424 4432 
f 4432 4424 4433 
f 4433 4424 4434 
f 4434 4424 4435 
f 4435 4424 4436 
f 4436 4424 4437 
f 4437 4424 4438 
f 4438 4424 4439 
f 4439 4424 4440 
f 4440 4424 4441 
f 4441 4424 4442 
f 4442 4424 4443 
f 4443 4424 4444 
f 4444 4424 4445 
f 4445 4424 4446 
f 4446 4424 4447 
f 4447 4424 4448 
f 4448 4424 4449 
f 4449 4424 4450 
f 4450 4424 4451 
f 4451 4424 4452 
f 4452 4424 4453 
f 4453 4424 4454 
f 4454 4424 4455 
f 4455 4424 4456 
f 4456 4424 4457 
f 4457 4424 4458 
f 4458 4424 4459 
f 4459 4424 4460 
f 4460 4424 4461 
f 4461 4424 4462 
f 4462 4424 4463 
f 4463 4424 4464 
f 4464 4424 4465 
f 4465 4424 4466 
f 4466 4424 4467 
f 4467 4424 4468 
f 4468 4424 4469 
f 4469 4424 4470 
f 4470 4424 4471 
f 4471 4424 4472 
f 4472 4424 4473 
f 4473 4424 4474 
f 4474 4424 4475 
f 4475 4424 4476 
f 4476 4424 4477 
f 4477 4424 4478 
f 4478 4424 4479 
f 4479 4424 4480 
f 4480 4424 4481 
f 4481 4424 4482 
f 4482 4424 4483 
f 4483 4424 4484 
f 4484 4424 4485 
f 4485 4424 4486 
f 4486 4424 4422 
s 2
f 4487 4490 4489 4488 
f 4488 4489 4492 4491 
f 4491 4492 4494 4493 
f 4493 4494 4496 4495 
f 4495 4496 4498 4497 
f 4497 4498 4500 4499 
f 4499 4500 4502 4501 
f 4501 4502 4504 4503 
f 4503 4504 4506 4505 
f 4505 4506 4508 4507 
f 4507 4508 4510 4509 
f 4509 4510 4512 4511 
f 4511 4512 4514 4513 
f 4513 4514 4516 4515 
f 4515 4516 4518 4517 
f 4517 4518 4520 4519 
f 4519 4520 4522 4521 
f 4521 4522 4524 4523 
f 4523 4524 4526 4525 
f 4525 4526 4528 4527 
f 4527 4528 4530 4529 
f 4529 4530 4532 4531 
f 4531 4532 4534 4533 
f 4533 4534 4536 4535 
f 4535 4536 4538 4537 
f 4537 4538 4540 4539 
f 4539 4540 4542 4541 
f 4541 4542 4544 4543 
f 4543 4544 4546 4545 
f 4545 4546 4548 4547 
f 4547 4548 4550 4549 
f 4549 4550 4552 4551 
f 4551 4552 4554 4553 
f 4553 4554 4556 4555 
f 4555 4556 4558 4557 
f 4557 4558 4560 4559 
f 4559 4560 4562 4561 
f 4561 4562 4564 4563 
f 4563 4564 4566 4565 
f 4565 4566 4568 4567 
f 4567 4568 4570 4569 
f 4569 4570 4572 4571 
f 4571 4572 4574 4573 
f 4573 4574 4576 4575 
f 4575 4576 4578 4577 
f 4577 4578 4580 4579 
f 4579 4580 4582 4581 
f 4581 4582 4584 4583 
f 4583 4584 4586 4585 
f 4585 4586 4588 4587 
f 4587 4588 4590 4589 
f 4589 4590 4592 4591 
f 4591 4592 4594 4593 
f 4593 4594 4596 4595 
f 4595 4596 4598 4597 
f 4597 4598 4600 4599 
f 4599 4600 4602 4601 
f 4601 4602 4604 4603 
f 4603 4604 4606 4605 
f 4605 4606 4608 4607 
f 4607 4608 4610 4609 
f 4609 4610 4612 4611 
f 4611 4612 4614 4613 
f 4613 4614 4490 4487 
s 1
f 4423 4616 4615 4422 
f 4425 4617 4616 4423 
f 4426 4618 4617 4425 
f 4427 4619 4618 4426 
f 4428 4620 4619 4427 
f 4429 4621 4620 4428 
f 4430 4622 4621 4429 
f 4431 4623 4622 4430 
f 4432 4624 4623 4431 
f 4433 4625 4624 4432 
f 4434 4626 4625 4433 
f 4435 4627 4626 4434 
f 4436 4628 4627 4435 
f 4437 4629 4628 4436 
f 4438 4630 4629 4437 
f 4439 4631 4630 4438 
f 4440 4632 4631 4439 
f 4441 4633 4632 4440 
f 4442 4634 4633 4441 
f 4443 4635 4634 4442 
f 4444 4636 4635 4443 
f 4445 4637 4636 4444 
f 4446 4638 4637 4445 
f 4447 4639 4638 4446 
f 4448 4640 4639 4447 
f 4449 4641 4640 4448 
f 4450 4642 4641 4449 
f 4451 4643 4642 4450 
f 4452 4644 4643 4451 
f 4453 4645 4644 4452 
f 4454 4646 4645 4453 
f 4455 4647 4646 4454 
f 4456 4648 4647 4455 
f 4457 4649 4648 4456 
f 4458 4650 4649 4457 
f 4459 4651 4650 4458 
f 4460 4652 4651 4459 
f 4461 4653 4652 4460 
f 4462 4654 4653 4461 
f 4463 4655 4654 4462 
f 4464 4656 4655 4463 
f 4465 4657 4656 4464 
f 4466 4658 4657 4465 
f 4467 4659 4658 4466 
f 4468 4660 4659 4467 
f 4469 4661 4660 4468 
f 4470 4662 4661 4469 
f 4471 4663 4662 4470 
f 4472 4664 4663 4471 
f 4473 4665 4664 4472 
f 4474 4666 4665 4473 
f 4475 4667 4666 4474 
f 4476 4668 4667 4475 
f 4477 4669 4668 4476 
f 4478 4670 4669 4477 
f 4479 4671 4670 4478 
f 4480 4672 4671 4479 
f 4481 4673 4672 4480 
f 4482 4674 4673 4481 
f 4483 4675 4674 4482 
f 4484 4676 4675 4483 
f 4485 4677 4676 4484 
f 4486 4678 4677 4485 
f 4422 4615 4678 4486 
s 2
f 4488 4680 4679 4487 
f 4490 4615 4616 4489 
f 4491 4681 4680 4488 
f 4489 4616 4617 4492 
f 4493 4682 4681 4491 
f 4492 4617 4618 4494 
f 4495 4683 4682 4493 
f 4494 4618 4619 4496 
f 4497 4684 4683 4495 
f 4496 4619 4620 4498 
f 4499 4685 4684 4497 
f 4498 4620 4621 4500 
f 4501 4686 4685 4499 
f 4500 4621 4622 4502 
f 4503 4687 4686 4501 
f 4502 4622 4623 4504 
f 4505 4688 4687 4503 
f 4504 4623 4624 4506 
f 4507 4689 4688 4505 
f 4506 4624 4625 4508 
f 4509 4690 4689 4507 
f 4508 4625 4626 4510 
f 4511 4691 4690 4509 
f 4510 4626 4627 4512 
f 4513 4692 4691 4511 
f 4512 4627 4628 4514 
f 4515 4693 4692 4513 
f 4514 4628 4629 4516 
f 4517 4694 4693 4515 
f 4516 4629 4630 4518 
f 4519 4695 4694 4517 
f 4518 4630 4631 4520 
f 4521 4696 4695 4519 
f 4520 4631 4632 4522 
f 4523 4697 4696 4521 
f 4522 4632 4633 4524 
f 4525 4698 4697 4523 
f 4524 4633 4634 4526 
f 4527 4699 4698 4525 
f 4526 4634 4635 4528 
f 4529 4700 4699 4527 
f 4528 4635 4636 4530 
f 4531 4701 4700 4529 
f 4530 4636 4637 4532 
f 4533 4702 4701 4531 
f 4532 4637 4638 4534 
f 4535 4703 4702 4533 
f 4534 4638 4639 4536 
f 4537 4704 4703 4535 
f 4536 4639 4640 4538 
f 4539 4705 4704 4537 
f 4538 4640 4641 4540 
f 4541 4706 4705 4539 
f 4540 4641 4642 4542 
f 4543 4707 4706 4541 
f 4542 4642 4643 4544 
f 4545 4708 4707 4543 
f 4544 4643 4644 4546 
f 4547 4709 4708 4545 
f 4546 4644 4645 4548 
f 4549 4710 4709 4547 
f 4548 4645 4646 4550 
f 4551 4711 4710 4549 
f 4550 4646 4647 4552 
f 4553 4712 4711 4551 
f 4552 4647 4648 4554 
f 4555 4713 4712 4553 
f 4554 4648 4649 4556 
f 4557 4714 4713 4555 
f 4556 4649 4650 4558 
f 4559 4715 4714 4557 
f 4558 4650 4651 4560 
f 4561 4716 4715 4559 
f 4560 4651 4652 4562 
f 4563 4717 4716 4561 
f 4562 4652 4653 4564 
f 4565 4718 4717 4563 
f 4564 4653 4654 4566 
f 4567 4719 4718 4565 
f 4566 4654 4655 4568 
f 4569 4720 4719 4567 
f 4568 4655 4656 4570 
f 4571 4721 4720 4569 
f 4570 4656 4657 4572 
f 4573 4722 4721 4571 
f 4572 4657 4658 4574 
f 4575 4723 4722 4573 
f 4574 4658 4659 4576 
f 4577 4724 4723 4575 
f 4576 4659 4660 4578 
f 4579 4725 4724 4577 
f 4578 4660 4661 4580 
f 4581 4726 4725 4579 
f 4580 4661 4662 4582 
f 4583 4727 4726 4581 
f 4582 4662 4663 4584 
f 4585 4728 4727 4583 
f 4584 4663 4664 4586 
f 4587 4729 4728 4585 
f 4586 4664 4665 4588 
f 4589 4730 4729 4587 
f 4588 4665 4666 4590 
f 4591 4731 4730 4589 
f 4590 4666 4667 4592 
f 4593 4732 4731 4591 
f 4592 4667 4668 4594 
f 4595 4733 4732 4593 
f 4594 4668 4669 4596 
f 4597 4734 4733 4595 
f 4596 4669 4670 4598 
f 4599 4735 4734 4597 
f 4598 4670 4671 4600 
f 4601 4736 4735 4599 
f 4600 4671 4672 4602 
f 4603 4737 4736 4601 
f 4602 4672 4673 4604 
f 4605 4738 4737 4603 
f 4604 4673 4674 4606 
f 4607 4739 4738 4605 
f 4606 4674 4675 4608 
f 4609 4740 4739 4607 
f 4608 4675 4676 4610 
f 4611 4741 4740 4609 
f 4610 4676 4677 4612 
f 4613 4742 4741 4611 
f 4612 4677 4678 4614 
f 4487 4679 4742 4613 
f 4614 4678 4615 4490 
s 1
f 4743 4746 4745 4744 
f 4746 4748 4747 4745 
f 4748 4750 4749 4747 
f 4751 4754 4753 4752 
f 4755 4758 4757 4756 
f 4758 4760 4759 4757 
f 4761 4764 4763 4762 
f 4764 4766 4765 4763 
f 4766 4768 4767 4765 
f 4768 4770 4769 4767 
f 4770 4772 4771 4769 
f 4772 4774 4773 4771 
f 4774 4776 4775 4773 
f 4776 4778 4777 4775 
f 4778 4780 4779 4777 
f 4780 4782 4781 4779 
f 4782 4784 4783 4781 
f 4785 4788 4787 4786 
f 4788 4790 4789 4787 
f 4790 4792 4791 4789 
f 4792 4794 4793 4791 
f 4795 4798 4797 4796 
f 4798 4800 4799 4797 
f 4800 4802 4801 4799 
f 4803 4806 4805 4804 
f 4807 4810 4809 4808 
f 4810 4812 4811 4809 
f 4813 4816 4815 4814 
f 4816 4818 4817 4815 
f 4818 4820 4819 4817 
f 4820 4822 4821 4819 
f 4822 4824 4823 4821 
f 4824 4826 4825 4823 
f 4826 4828 4827 4825 
f 4828 4830 4829 4827 
f 4830 4832 4831 4829 
f 4832 4834 4833 4831 
f 4834 4836 4835 4833 
f 4837 4840 4839 4838 
f 4840 4842 4841 4839 
f 4842 4844 4843 4841 
f 4844 4846 4845 4843 
f 4847 4850 4849 4848 
f 4850 4852 4851 4849 
f 4852 4854 4853 4851 
f 4855 4858 4857 4856 
f 4859 4862 4861 4860 
f 4862 4864 4863 4861 
f 4865 4868 4867 4866 
f 4868 4870 4869 4867 
f 4870 4872 4871 4869 
f 4872 4874 4873 4871 
f 4874 4876 4875 4873 
f 4876 4878 4877 4875 
f 4878 4880 4879 4877 
f 4880 4882 4881 4879 
f 4882 4884 4883 4881 
f 4884 4886 4885 4883 
f 4886 4888 4887 4885 
f 4889 4892 4891 4890 
f 4892 4894 4893 4891 
f 4894 4896 4895 4893 
f 4896 4898 4897 4895 
f 4899 4902 4901 4900 
f 4902 4904 4903 4901 
f 4904 4906 4905 4903 
f 4907 4910 4909 4908 
f 4911 4914 4913 4912 
f 4914 4916 4915 4913 
f 4917 4920 4919 4918 
f 4920 4922 4921 4919 
f 4922 4924 4923 4921 
f 4924 4926 4925 4923 
f 4926 4928 4927 4925 
f 4928 4930 4929 4927 
f 4930 4932 4931 4929 
f 4932 4934 4933 4931 
f 4934 4936 4935 4933 
f 4936 4938 4937 4935 
f 4938 4940 4939 4937 
f 4941 4944 4943 4942 
f 4944 4946 4945 4943 
f 4946 4948 4947 4945 
f 4948 4950 4949 4947 
f 4951 4954 4953 4952 
f 4954 4956 4955 4953 
f 4956 4958 4957 4955 
f 4959 4962 4961 4960 
f 4963 4966 4965 4964 
f 4966 4968 4967 4965 
f 4969 4972 4971 4970 
f 4972 4974 4973 4971 
f 4974 4976 4975 4973 
f 4976 4978 4977 4975 
f 4978 4980 4979 4977 
f 4980 4982 4981 4979 
f 4982 4984 4983 4981 
f 4984 4986 4985 4983 
f 4986 4988 4987 4985 
f 4988 4990 4989 4987 
f 4990 4992 4991 4989 
f 4993 4996 4995 4994 
f 4996 4998 4997 4995 
f 4998 5000 4999 4997 
f 5000 5002 5001 4999 
f 5003 5006 5005 5004 
f 5006 5008 5007 5005 
f 5008 5010 5009 5007 
f 5011 5014 5013 5012 
f 5015 5018 5017 5016 
f 5018 5020 5019 5017 
f 5021 5024 5023 5022 
f 5024 5026 5025 5023 
f 5026 5028 5027 5025 
f 5028 5030 5029 5027 
f 5030 5032 5031 5029 
f 5032 5034 5033 5031 
f 5034 5036 5035 5033 
f 5036 5038 5037 5035 
f 5038 5040 5039 5037 
f 5040 5042 5041 5039 
f 5042 5044 5043 5041 
f 5045 5048 5047 5046 
f 5048 5050 5049 5047 
f 5050 5052 5051 5049 
f 5052 5054 5053 5051 
f 5055 5058 5057 5056 
f 5058 5060 5059 5057 
f 5060 5062 5061 5059 
f 5063 5066 5065 5064 
f 5067 5070 5069 5068 
f 5070 5072 5071 5069 
f 5073 5076 5075 5074 
f 5076 5078 5077 5075 
f 5078 5080 5079 5077 
f 5080 5082 5081 5079 
f 5082 5084 5083 5081 
f 5084 5086 5085 5083 
f 5086 5088 5087 5085 
f 5088 5090 5089 5087 
f 5090 5092 5091 5089 
f 5092 5094 5093 5091 
f 5094 5096 5095 5093 
f 5097 5100 5099 5098 
f 5100 5102 5101 5099 
f 5102 5104 5103 5101 
f 5104 5106 5105 5103 
f 5107 5110 5109 5108 
f 5110 5112 5111 5109 
f 5112 5114 5113 5111 
f 5115 5118 5117 5116 
f 5119 5122 5121 5120 
f 5122 5124 5123 5121 
f 5125 5128 5127 5126 
f 5128 5130 5129 5127 
f 5130 5132 5131 5129 
f 5132 5134 5133 5131 
f 5134 5136 5135 5133 
f 5136 5138 5137 5135 
f 5138 5140 5139 5137 
f 5140 5142 5141 5139 
f 5142 5144 5143 5141 
f 5144 5146 5145 5143 
f 5146 5148 5147 5145 
f 5149 5152 5151 5150 
f 5152 5154 5153 5151 
f 5154 5156 5155 5153 
f 5156 5158 5157 5155 
f 5159 5162 5161 5160 
f 5162 5164 5163 5161 
f 5164 5166 5165 5163 
f 5167 5170 5169 5168 
f 5171 5174 5173 5172 
f 5174 5176 5175 5173 
f 5177 5180 5179 5178 
f 5180 5182 5181 5179 
f 5182 5184 5183 5181 
f 5184 5186 5185 5183 
f 5186 5188 5187 5185 
f 5188 5190 5189 5187 
f 5190 5192 5191 5189 
f 5192 5194 5193 5191 
f 5194 5196 5195 5193 
f 5196 5198 5197 5195 
f 5198 5200 5199 5197 
f 5201 5204 5203 5202 
f 5204 5206 5205 5203 
f 5206 5208 5207 5205 
f 5208 5210 5209 5207 
f 5211 5214 5213 5212 
f 5214 5216 5215 5213 
f 5216 5218 5217 5215 
f 5219 5222 5221 5220 
f 5223 5226 5225 5224 
f 5226 5228 5227 5225 
f 5229 5232 5231 5230 
f 5232 5234 5233 5231 
f 5234 5236 5235 5233 
f 5236 5238 5237 5235 
f 5238 5240 5239 5237 
f 5240 5242 5241 5239 
f 5242 5244 5243 5241 
f 5244 5246 5245 5243 
f 5246 5248 5247 5245 
f 5248 5250 5249 5247 
f 5250 5252 5251 5249 
f 5253 5256 5255 5254 
f 5256 5258 5257 5255 
f 5258 5260 5259 5257 
f 5260 5262 5261 5259 
f 5263 5266 5265 5264 
f 5266 5268 5267 5265 
f 5268 5270 5269 5267 
f 5271 5274 5273 5272 
f 5275 5278 5277 5276 
f 5278 5280 5279 5277 
f 5281 5284 5283 5282 
f 5284 5286 5285 5283 
f 5286 5288 5287 5285 
f 5288 5290 5289 5287 
f 5290 5292 5291 5289 
f 5292 5294 5293 5291 
f 5294 5296 5295 5293 
f 5296 5298 5297 5295 
f 5298 5300 5299 5297 
f 5300 5302 5301 5299 
f 5302 5304 5303 5301 
f 5305 5308 5307 5306 
f 5308 5310 5309 5307 
f 5310 5312 5311 5309 
f 5312 5314 5313 5311 
f 5315 5318 5317 5316 
f 5318 5320 5319 5317 
f 5320 5322 5321 5319 
f 5323 5326 5325 5324 
f 5327 5330 5329 5328 
f 5330 5332 5331 5329 
f 5333 5336 5335 5334 
f 5336 5338 5337 5335 
f 5338 5340 5339 5337 
f 5340 5342 5341 5339 
f 5342 5344 5343 5341 
f 5344 5346 5345 5343 
f 5346 5348 5347 5345 
f 5348 5350 5349 5347 
f 5350 5352 5351 5349 
f 5352 5354 5353 5351 
f 5354 5356 5355 5353 
f 5357 5360 5359 5358 
f 5360 5362 5361 5359 
f 5362 5364 5363 5361 
f 5364 5366 5365 5363 
f 5367 5370 5369 5368 
f 5370 5372 5371 5369 
f 5372 5374 5373 5371 
f 5375 5378 5377 5376 
f 5379 5382 5381 5380 
f 5382 5384 5383 5381 
f 5385 5388 5387 5386 
f 5388 5390 5389 5387 
f 5390 5392 5391 5389 
f 5392 5394 5393 5391 
f 5394 5396 5395 5393 
f 5396 5398 5397 5395 
f 5398 5400 5399 5397 
f 5400 5402 5401 5399 
f 5402 5404 5403 5401 
f 5404 5406 5405 5403 
f 5406 5408 5407 5405 
f 5409 5412 5411 5410 
f 5412 5414 5413 5411 
f 5414 5416 5415 5413 
f 5416 5418 5417 5415 
f 5419 5422 5421 5420 
f 5422 5424 5423 5421 
f 5424 5426 5425 5423 
f 5427 5430 5429 5428 
f 5431 5434 5433 5432 
f 5434 5436 5435 5433 
f 5437 5440 5439 5438 
f 5440 5442 5441 5439 
f 5442 5444 5443 5441 
f 5444 5446 5445 5443 
f 5446 5448 5447 5445 
f 5448 5450 5449 5447 
f 5450 5452 5451 5449 
f 5452 5454 5453 5451 
f 5454 5456 5455 5453 
f 5456 5458 5457 5455 
f 5458 5460 5459 5457 
f 5461 5464 5463 5462 
f 5464 5466 5465 5463 
f 5466 5468 5467 5465 
f 5468 5470 5469 5467 
f 5471 5474 5473 5472 
f 5474 5476 5475 5473 
f 5476 5478 5477 5475 
f 5479 5482 5481 5480 
f 5483 5486 5485 5484 
f 5486 5488 5487 5485 
f 5489 5492 5491 5490 
f 5492 5494 5493 5491 
f 5494 5496 5495 5493 
f 5496 5498 5497 5495 
f 5498 5500 5499 5497 
f 5500 5502 5501 5499 
f 5502 5504 5503 5501 
f 5504 5506 5505 5503 
f 5506 5508 5507 5505 
f 5508 5510 5509 5507 
f 5510 5512 5511 5509 
f 5513 5516 5515 5514 
f 5516 5518 5517 5515 
f 5518 5520 5519 5517 
f 5520 5522 5521 5519 
f 5523 5526 5525 5524 
f 5526 5528 5527 5525 
f 5528 5530 5529 5527 
f 5531 5534 5533 5532 
f 5535 5538 5537 5536 
f 5538 5540 5539 5537 
f 5541 5544 5543 5542 
f 5544 5546 5545 5543 
f 5546 5548 5547 5545 
f 5548 5550 5549 5547 
f 5550 5552 5551 5549 
f 5552 5554 5553 5551 
f 5554 5556 5555 5553 
f 5556 5558 5557 5555 
f 5558 5560 5559 5557 
f 5560 5562 5561 5559 
f 5562 5564 5563 5561 
f 5565 5568 5567 5566 
f 5568 5570 5569 5567 
f 5570 5572 5571 5569 
f 5572 5574 5573 5571 
f 5575 5578 5577 5576 
f 5579 5582 5581 5580 
f 5583 5586 5585 5584 
f 5587 5590 5589 5588 
f 5591 5594 5593 5592 
f 5595 5598 5597 5596 
f 5599 5602 5601 5600 
f 5603 5606 5605 5604 
f 5607 5610 5609 5608 
f 5611 5614 5613 5612 
f 5615 5618 5617 5616 
f 5619 5622 5621 5620 
f 5623 5626 5625 5624 
f 5627 5630 5629 5628 
f 5631 5634 5633 5632 
f 5635 5638 5637 5636 
f 4836 4783 5578 5575 
f 4888 4835 5582 5579 
f 4940 4887 5586 5583 
f 4992 4939 5590 5587 
f 5044 4991 5594 5591 
f 5096 5043 5598 5595 
f 5148 5095 5602 5599 
f 5200 5147 5606 5603 
f 5252 5199 5610 5607 
f 5304 5251 5614 5611 
f 5356 5303 5618 5615 
f 5408 5355 5622 5619 
f 5460 5407 5626 5623 
f 5512 5459 5630 5627 
f 5564 5511 5634 5631 
f 5639 5563 5638 5635 
f 5576 5577 4786 4837 
f 5580 5581 4838 4889 
f 5584 5585 4890 4941 
f 5588 5589 4942 4993 
f 5592 5593 4994 5045 
f 5596 5597 5046 5097 
f 5600 5601 5098 5149 
f 5604 5605 5150 5201 
f 5608 5609 5202 5253 
f 5612 5613 5254 5305 
f 5616 5617 5306 5357 
f 5620 5621 5358 5409 
f 5624 5625 5410 5461 
f 5628 5629 5462 5513 
f 5632 5633 5514 5565 
f 5636 5637 5566 5640 
f 4743 5642 5641 4746 
f 4746 5641 5643 4748 
f 4748 5643 5644 4750 
f 4751 5646 5645 4754 
f 4755 5648 5647 4758 
f 4758 5647 5649 4760 
f 4761 5651 5650 4764 
f 4764 5650 5652 4766 
f 4766 5652 5653 4768 
f 4768 5653 5654 4770 
f 4770 5654 5655 4772 
f 4772 5655 5656 4774 
f 4774 5656 5657 4776 
f 4776 5657 5658 4778 
f 4778 5658 5659 4780 
f 4780 5659 5660 4782 
f 4782 5660 5661 4784 
f 4785 5663 5662 4788 
f 4788 5662 5664 4790 
f 4790 5664 5665 4792 
f 4792 5665 5666 4794 
f 5667 5670 5669 5668 
f 5668 5669 5672 5671 
f 5671 5672 5674 5673 
f 5675 5678 5677 5676 
f 5679 5682 5681 5680 
f 5680 5681 5684 5683 
f 5685 5688 5687 5686 
f 5686 5687 5690 5689 
f 5689 5690 5692 5691 
f 5691 5692 5694 5693 
f 5693 5694 5696 5695 
f 5695 5696 5698 5697 
f 5697 5698 5700 5699 
f 5699 5700 5702 5701 
f 5701 5702 5704 5703 
f 5703 5704 5706 5705 
f 5705 5706 5708 5707 
f 5709 5712 5711 5710 
f 5710 5711 5714 5713 
f 5713 5714 5716 5715 
f 5715 5716 5718 5717 
f 5719 5722 5721 5720 
f 5720 5721 5724 5723 
f 5723 5724 5726 5725 
f 5727 5730 5729 5728 
f 5731 5734 5733 5732 
f 5732 5733 5736 5735 
f 5737 5740 5739 5738 
f 5738 5739 5742 5741 
f 5741 5742 5744 5743 
f 5743 5744 5746 5745 
f 5745 5746 5748 5747 
f 5747 5748 5750 5749 
f 5749 5750 5752 5751 
f 5751 5752 5754 5753 
f 5753 5754 5756 5755 
f 5755 5756 5758 5757 
f 5757 5758 5760 5759 
f 5761 5764 5763 5762 
f 5762 5763 5766 5765 
f 5765 5766 5768 5767 
f 5767 5768 5770 5769 
f 5771 5774 5773 5772 
f 5772 5773 5776 5775 
f 5775 5776 5778 5777 
f 5779 5782 5781 5780 
f 5783 5786 5785 5784 
f 5784 5785 5788 5787 
f 5789 5792 5791 5790 
f 5790 5791 5794 5793 
f 5793 5794 5796 5795 
f 5795 5796 5798 5797 
f 5797 5798 5800 5799 
f 5799 5800 5802 5801 
f 5801 5802 5804 5803 
f 5803 5804 5806 5805 
f 5805 5806 5808 5807 
f 5807 5808 5810 5809 
f 5809 5810 5812 5811 
f 5813 5816 5815 5814 
f 5814 5815 5818 5817 
f 5817 5818 5820 5819 
f 5819 5820 5822 5821 
f 5823 5826 5825 5824 
f 5824 5825 5828 5827 
f 5827 5828 5830 5829 
f 5831 5834 5833 5832 
f 5835 5838 5837 5836 
f 5836 5837 5840 5839 
f 5841 5844 5843 5842 
f 5842 5843 5846 5845 
f 5845 5846 5848 5847 
f 5847 5848 5850 5849 
f 5849 5850 5852 5851 
f 5851 5852 5854 5853 
f 5853 5854 5856 5855 
f 5855 5856 5858 5857 
f 5857 5858 5860 5859 
f 5859 5860 5862 5861 
f 5861 5862 5864 5863 
f 5865 5868 5867 5866 
f 5866 5867 5870 5869 
f 5869 5870 5872 5871 
f 5871 5872 5874 5873 
f 5875 5878 5877 5876 
f 5876 5877 5880 5879 
f 5879 5880 5882 5881 
f 5883 5886 5885 5884 
f 5887 5890 5889 5888 
f 5888 5889 5892 5891 
f 5893 5896 5895 5894 
f 5894 5895 5898 5897 
f 5897 5898 5900 5899 
f 5899 5900 5902 5901 
f 5901 5902 5904 5903 
f 5903 5904 5906 5905 
f 5905 5906 5908 5907 
f 5907 5908 5910 5909 
f 5909 5910 5912 5911 
f 5911 5912 5914 5913 
f 5913 5914 5916 5915 
f 5917 5920 5919 5918 
f 5918 5919 5922 5921 
f 5921 5922 5924 5923 
f 5923 5924 5926 5925 
f 5927 5930 5929 5928 
f 5928 5929 5932 5931 
f 5931 5932 5934 5933 
f 5935 5938 5937 5936 
f 5939 5942 5941 5940 
f 5940 5941 5944 5943 
f 5945 5948 5947 5946 
f 5946 5947 5950 5949 
f 5949 5950 5952 5951 
f 5951 5952 5954 5953 
f 5953 5954 5956 5955 
f 5955 5956 5958 5957 
f 5957 5958 5960 5959 
f 5959 5960 5962 5961 
f 5961 5962 5964 5963 
f 5963 5964 5966 5965 
f 5965 5966 5968 5967 
f 5969 5972 5971 5970 
f 5970 5971 5974 5973 
f 5973 5974 5976 5975 
f 5975 5976 5978 5977 
f 5979 5982 5981 5980 
f 5980 5981 5984 5983 
f 5983 5984 5986 5985 
f 5987 5990 5989 5988 
f 5991 5994 5993 5992 
f 5992 5993 5996 5995 
f 5997 6000 5999 5998 
f 5998 5999 6002 6001 
f 6001 6002 6004 6003 
f 6003 6004 6006 6005 
f 6005 6006 6008 6007 
f 6007 6008 6010 6009 
f 6009 6010 6012 6011 
f 6011 6012 6014 6013 
f 6013 6014 6016 6015 
f 6015 6016 6018 6017 
f 6017 6018 6020 6019 
f 6021 6024 6023 6022 
f 6022 6023 6026 6025 
f 6025 6026 6028 6027 
f 6027 6028 6030 6029 
f 6031 6034 6033 6032 
f 6032 6033 6036 6035 
f 6035 6036 6038 6037 
f 6039 6042 6041 6040 
f 6043 6046 6045 6044 
f 6044 6045 6048 6047 
f 6049 6052 6051 6050 
f 6050 6051 6054 6053 
f 6053 6054 6056 6055 
f 6055 6056 6058 6057 
f 6057 6058 6060 6059 
f 6059 6060 6062 6061 
f 6061 6062 6064 6063 
f 6063 6064 6066 6065 
f 6065 6066 6068 6067 
f 6067 6068 6070 6069 
f 6069 6070 6072 6071 
f 6073 6076 6075 6074 
f 6074 6075 6078 6077 
f 6077 6078 6080 6079 
f 6079 6080 6082 6081 
f 6083 6086 6085 6084 
f 6084 6085 6088 6087 
f 6087 6088 6090 6089 
f 6091 6094 6093 6092 
f 6095 6098 6097 6096 
f 6096 6097 6100 6099 
f 6101 6104 6103 6102 
f 6102 6103 6106 6105 
f 6105 6106 6108 6107 
f 6107 6108 6110 6109 
f 6109 6110 6112 6111 
f 6111 6112 6114 6113 
f 6113 6114 6116 6115 
f 6115 6116 6118 6117 
f 6117 6118 6120 6119 
f 6119 6120 6122 6121 
f 6121 6122 6124 6123 
f 6125 6128 6127 6126 
f 6126 6127 6130 6129 
f 6129 6130 6132 6131 
f 6131 6132 6134 6133 
f 6135 6138 6137 6136 
f 6136 6137 6140 6139 
f 6139 6140 6142 6141 
f 6143 6146 6145 6144 
f 6147 6150 6149 6148 
f 6148 6149 6152 6151 
f 6153 6156 6155 6154 
f 6154 6155 6158 6157 
f 6157 6158 6160 6159 
f 6159 6160 6162 6161 
f 6161 6162 6164 6163 
f 6163 6164 6166 6165 
f 6165 6166 6168 6167 
f 6167 6168 6170 6169 
f 6169 6170 6172 6171 
f 6171 6172 6174 6173 
f 6173 6174 6176 6175 
f 6177 6180 6179 6178 
f 6178 6179 6182 6181 
f 6181 6182 6184 6183 
f 6183 6184 6186 6185 
f 6187 6190 6189 6188 
f 6188 6189 6192 6191 
f 6191 6192 6194 6193 
f 6195 6198 6197 6196 
f 6199 6202 6201 6200 
f 6200 6201 6204 6203 
f 6205 6208 6207 6206 
f 6206 6207 6210 6209 
f 6209 6210 6212 6211 
f 6211 6212 6214 6213 
f 6213 6214 6216 6215 
f 6215 6216 6218 6217 
f 6217 6218 6220 6219 
f 6219 6220 6222 6221 
f 6221 6222 6224 6223 
f 6223 6224 6226 6225 
f 6225 6226 6228 6227 
f 6229 6232 6231 6230 
f 6230 6231 6234 6233 
f 6233 6234 6236 6235 
f 6235 6236 6238 6237 
f 6239 6242 6241 6240 
f 6240 6241 6244 6243 
f 6243 6244 6246 6245 
f 6247 6250 6249 6248 
f 6251 6254 6253 6252 
f 6252 6253 6256 6255 
f 6257 6260 6259 6258 
f 6258 6259 6262 6261 
f 6261 6262 6264 6263 
f 6263 6264 6266 6265 
f 6265 6266 6268 6267 
f 6267 6268 6270 6269 
f 6269 6270 6272 6271 
f 6271 6272 6274 6273 
f 6273 6274 6276 6275 
f 6275 6276 6278 6277 
f 6277 6278 6280 6279 
f 6281 6284 6283 6282 
f 6282 6283 6286 6285 
f 6285 6286 6288 6287 
f 6287 6288 6290 6289 
f 6291 6294 6293 6292 
f 6292 6293 6296 6295 
f 6295 6296 6298 6297 
f 6299 6302 6301 6300 
f 6303 6306 6305 6304 
f 6304 6305 6308 6307 
f 6309 6312 6311 6310 
f 6310 6311 6314 6313 
f 6313 6314 6316 6315 
f 6315 6316 6318 6317 
f 6317 6318 6320 6319 
f 6319 6320 6322 6321 
f 6321 6322 6324 6323 
f 6323 6324 6326 6325 
f 6325 6326 6328 6327 
f 6327 6328 6330 6329 
f 6329 6330 6332 6331 
f 6333 6336 6335 6334 
f 6334 6335 6338 6337 
f 6337 6338 6340 6339 
f 6339 6340 6342 6341 
f 6343 6346 6345 6344 
f 6344 6345 6348 6347 
f 6347 6348 6350 6349 
f 6351 6354 6353 6352 
f 6355 6358 6357 6356 
f 6356 6357 6360 6359 
f 6361 6364 6363 6362 
f 6362 6363 6366 6365 
f 6365 6366 6368 6367 
f 6367 6368 6370 6369 
f 6369 6370 6372 6371 
f 6371 6372 6374 6373 
f 6373 6374 6376 6375 
f 6375 6376 6378 6377 
f 6377 6378 6380 6379 
f 6379 6380 6382 6381 
f 6381 6382 6384 6383 
f 6385 6388 6387 6386 
f 6386 6387 6390 6389 
f 6389 6390 6392 6391 
f 6391 6392 6394 6393 
f 6395 6398 6397 6396 
f 6396 6397 6400 6399 
f 6399 6400 6402 6401 
f 6403 6406 6405 6404 
f 6407 6410 6409 6408 
f 6408 6409 6412 6411 
f 6413 6416 6415 6414 
f 6414 6415 6418 6417 
f 6417 6418 6420 6419 
f 6419 6420 6422 6421 
f 6421 6422 6424 6423 
f 6423 6424 6426 6425 
f 6425 6426 6428 6427 
f 6427 6428 6430 6429 
f 6429 6430 6432 6431 
f 6431 6432 6434 6433 
f 6433 6434 6436 6435 
f 6437 6440 6439 6438 
f 6438 6439 6442 6441 
f 6441 6442 6444 6443 
f 6443 6444 6446 6445 
f 6447 6450 6449 6448 
f 6451 6454 6453 6452 
f 6455 6458 6457 6456 
f 6459 6462 6461 6460 
f 6463 6466 6465 6464 
f 6467 6470 6469 6468 
f 6471 6474 6473 6472 
f 6475 6478 6477 6476 
f 6479 6482 6481 6480 
f 6483 6486 6485 6484 
f 6487 6490 6489 6488 
f 6491 6494 6493 6492 
f 6495 6498 6497 6496 
f 6499 6502 6501 6500 
f 6503 6506 6505 6504 
f 5635 5636 6508 6507 
f 5707 6447 6448 5661 
f 5759 6451 6452 5708 
f 5811 6455 6456 5760 
f 5863 6459 6460 5812 
f 5915 6463 6464 5864 
f 5967 6467 6468 5916 
f 6019 6471 6472 5968 
f 6071 6475 6476 6020 
f 6123 6479 6480 6072 
f 6175 6483 6484 6124 
f 6227 6487 6488 6176 
f 6279 6491 6492 6228 
f 6331 6495 6496 6280 
f 6383 6499 6500 6332 
f 6435 6503 6504 6384 
f 5639 5635 6507 6436 
f 6450 5709 5663 6449 
f 6454 5761 5712 6453 
f 6458 5813 5764 6457 
f 6462 5865 5816 6461 
f 6466 5917 5868 6465 
f 6470 5969 5920 6469 
f 6474 6021 5972 6473 
f 6478 6073 6024 6477 
f 6482 6125 6076 6481 
f 6486 6177 6128 6485 
f 6490 6229 6180 6489 
f 6494 6281 6232 6493 
f 6498 6333 6284 6497 
f 6502 6385 6336 6501 
f 6506 6437 6388 6505 
f 5636 5640 6440 6508 
f 4750 4751 4752 4749 
f 4802 4803 4804 4801 
f 4854 4855 4856 4853 
f 4906 4907 4908 4905 
f 4958 4959 4960 4957 
f 5010 5011 5012 5009 
f 5062 5063 5064 5061 
f 5114 5115 5116 5113 
f 5166 5167 5168 5165 
f 5218 5219 5220 5217 
f 5270 5271 5272 5269 
f 5322 5323 5324 5321 
f 5374 5375 5376 5373 
f 5426 5427 5428 5425 
f 5478 5479 5480 5477 
f 5530 5531 5532 5529 
f 6509 6510 6406 6402 
f 6401 6403 6354 6350 
f 6349 6351 6302 6298 
f 6297 6299 6250 6246 
f 6245 6247 6198 6194 
f 6193 6195 6146 6142 
f 6141 6143 6094 6090 
f 6089 6091 6042 6038 
f 6037 6039 5990 5986 
f 5985 5987 5938 5934 
f 5933 5935 5886 5882 
f 5881 5883 5834 5830 
f 5829 5831 5782 5778 
f 5777 5779 5730 5726 
f 5725 5727 5678 5674 
f 5673 5675 5646 5644 
f 4807 4806 4753 4756 
f 4755 4754 5645 5648 
f 5679 5676 5677 5682 
f 5731 5728 5729 5734 
f 5783 5780 5781 5786 
f 5835 5832 5833 5838 
f 5887 5884 5885 5890 
f 5939 5936 5937 5942 
f 5991 5988 5989 5994 
f 6043 6040 6041 6046 
f 6095 6092 6093 6098 
f 6147 6144 6145 6150 
f 6199 6196 6197 6202 
f 6251 6248 6249 6254 
f 6303 6300 6301 6306 
f 6355 6352 6353 6358 
f 6407 6404 6405 6410 
f 6511 6512 5533 5536 
f 5535 5534 5481 5484 
f 5483 5482 5429 5432 
f 5431 5430 5377 5380 
f 5379 5378 5325 5328 
f 5327 5326 5273 5276 
f 5275 5274 5221 5224 
f 5223 5222 5169 5172 
f 5171 5170 5117 5120 
f 5119 5118 5065 5068 
f 5067 5066 5013 5016 
f 5015 5014 4961 4964 
f 4963 4962 4909 4912 
f 4911 4910 4857 4860 
f 4859 4858 4805 4808 
f 4760 4761 4762 4759 
f 4812 4813 4814 4811 
f 4864 4865 4866 4863 
f 4916 4917 4918 4915 
f 4968 4969 4970 4967 
f 5020 5021 5022 5019 
f 5072 5073 5074 5071 
f 5124 5125 5126 5123 
f 5176 5177 5178 5175 
f 5228 5229 5230 5227 
f 5280 5281 5282 5279 
f 5332 5333 5334 5331 
f 5384 5385 5386 5383 
f 5436 5437 5438 5435 
f 5488 5489 5490 5487 
f 5540 5541 5542 5539 
f 6513 6514 6416 6412 
f 6411 6413 6364 6360 
f 6359 6361 6312 6308 
f 6307 6309 6260 6256 
f 6255 6257 6208 6204 
f 6203 6205 6156 6152 
f 6151 6153 6104 6100 
f 6099 6101 6052 6048 
f 6047 6049 6000 5996 
f 5995 5997 5948 5944 
f 5943 5945 5896 5892 
f 5891 5893 5844 5840 
f 5839 5841 5792 5788 
f 5787 5789 5740 5736 
f 5735 5737 5688 5684 
f 5683 5685 5651 5649 
f 4744 4745 4798 4795 
f 4745 4747 4800 4798 
f 4747 4749 4802 4800 
f 4752 4753 4806 4803 
f 4756 4757 4810 4807 
f 4757 4759 4812 4810 
f 4762 4763 4816 4813 
f 4763 4765 4818 4816 
f 4765 4767 4820 4818 
f 4767 4769 4822 4820 
f 4769 4771 4824 4822 
f 4771 4773 4826 4824 
f 4773 4775 4828 4826 
f 4775 4777 4830 4828 
f 4777 4779 4832 4830 
f 4779 4781 4834 4832 
f 4781 4783 4836 4834 
f 4786 4787 4840 4837 
f 4787 4789 4842 4840 
f 4789 4791 4844 4842 
f 4791 4793 4846 4844 
f 4796 4797 4850 4847 
f 4797 4799 4852 4850 
f 4799 4801 4854 4852 
f 4804 4805 4858 4855 
f 4808 4809 4862 4859 
f 4809 4811 4864 4862 
f 4814 4815 4868 4865 
f 4815 4817 4870 4868 
f 4817 4819 4872 4870 
f 4819 4821 4874 4872 
f 4821 4823 4876 4874 
f 4823 4825 4878 4876 
f 4825 4827 4880 4878 
f 4827 4829 4882 4880 
f 4829 4831 4884 4882 
f 4831 4833 4886 4884 
f 4833 4835 4888 4886 
f 4838 4839 4892 4889 
f 4839 4841 4894 4892 
f 4841 4843 4896 4894 
f 4843 4845 4898 4896 
f 4848 4849 4902 4899 
f 4849 4851 4904 4902 
f 4851 4853 4906 4904 
f 4856 4857 4910 4907 
f 4860 4861 4914 4911 
f 4861 4863 4916 4914 
f 4866 4867 4920 4917 
f 4867 4869 4922 4920 
f 4869 4871 4924 4922 
f 4871 4873 4926 4924 
f 4873 4875 4928 4926 
f 4875 4877 4930 4928 
f 4877 4879 4932 4930 
f 4879 4881 4934 4932 
f 4881 4883 4936 4934 
f 4883 4885 4938 4936 
f 4885 4887 4940 4938 
f 4890 4891 4944 4941 
f 4891 4893 4946 4944 
f 4893 4895 4948 4946 
f 4895 4897 4950 4948 
f 4900 4901 4954 4951 
f 4901 4903 4956 4954 
f 4903 4905 4958 4956 
f 4908 4909 4962 4959 
f 4912 4913 4966 4963 
f 4913 4915 4968 4966 
f 4918 4919 4972 4969 
f 4919 4921 4974 4972 
f 4921 4923 4976 4974 
f 4923 4925 4978 4976 
f 4925 4927 4980 4978 
f 4927 4929 4982 4980 
f 4929 4931 4984 4982 
f 4931 4933 4986 4984 
f 4933 4935 4988 4986 
f 4935 4937 4990 4988 
f 4937 4939 4992 4990 
f 4942 4943 4996 4993 
f 4943 4945 4998 4996 
f 4945 4947 5000 4998 
f 4947 4949 5002 5000 
f 4952 4953 5006 5003 
f 4953 4955 5008 5006 
f 4955 4957 5010 5008 
f 4960 4961 5014 5011 
f 4964 4965 5018 5015 
f 4965 4967 5020 5018 
f 4970 4971 5024 5021 
f 4971 4973 5026 5024 
f 4973 4975 5028 5026 
f 4975 4977 5030 5028 
f 4977 4979 5032 5030 
f 4979 4981 5034 5032 
f 4981 4983 5036 5034 
f 4983 4985 5038 5036 
f 4985 4987 5040 5038 
f 4987 4989 5042 5040 
f 4989 4991 5044 5042 
f 4994 4995 5048 5045 
f 4995 4997 5050 5048 
f 4997 4999 5052 5050 
f 4999 5001 5054 5052 
f 5004 5005 5058 5055 
f 5005 5007 5060 5058 
f 5007 5009 5062 5060 
f 5012 5013 5066 5063 
f 5016 5017 5070 5067 
f 5017 5019 5072 5070 
f 5022 5023 5076 5073 
f 5023 5025 5078 5076 
f 5025 5027 5080 5078 
f 5027 5029 5082 5080 
f 5029 5031 5084 5082 
f 5031 5033 5086 5084 
f 5033 5035 5088 5086 
f 5035 5037 5090 5088 
f 5037 5039 5092 5090 
f 5039 5041 5094 5092 
f 5041 5043 5096 5094 
f 5046 5047 5100 5097 
f 5047 5049 5102 5100 
f 5049 5051 5104 5102 
f 5051 5053 5106 5104 
f 5056 5057 5110 5107 
f 5057 5059 5112 5110 
f 5059 5061 5114 5112 
f 5064 5065 5118 5115 
f 5068 5069 5122 5119 
f 5069 5071 5124 5122 
f 5074 5075 5128 5125 
f 5075 5077 5130 5128 
f 5077 5079 5132 5130 
f 5079 5081 5134 5132 
f 5081 5083 5136 5134 
f 5083 5085 5138 5136 
f 5085 5087 5140 5138 
f 5087 5089 5142 5140 
f 5089 5091 5144 5142 
f 5091 5093 5146 5144 
f 5093 5095 5148 5146 
f 5098 5099 5152 5149 
f 5099 5101 5154 5152 
f 5101 5103 5156 5154 
f 5103 5105 5158 5156 
f 5108 5109 5162 5159 
f 5109 5111 5164 5162 
f 5111 5113 5166 5164 
f 5116 5117 5170 5167 
f 5120 5121 5174 5171 
f 5121 5123 5176 5174 
f 5126 5127 5180 5177 
f 5127 5129 5182 5180 
f 5129 5131 5184 5182 
f 5131 5133 5186 5184 
f 5133 5135 5188 5186 
f 5135 5137 5190 5188 
f 5137 5139 5192 5190 
f 5139 5141 5194 5192 
f 5141 5143 5196 5194 
f 5143 5145 5198 5196 
f 5145 5147 5200 5198 
f 5150 5151 5204 5201 
f 5151 5153 5206 5204 
f 5153 5155 5208 5206 
f 5155 5157 5210 5208 
f 5160 5161 5214 5211 
f 5161 5163 5216 5214 
f 5163 5165 5218 5216 
f 5168 5169 5222 5219 
f 5172 5173 5226 5223 
f 5173 5175 5228 5226 
f 5178 5179 5232 5229 
f 5179 5181 5234 5232 
f 5181 5183 5236 5234 
f 5183 5185 5238 5236 
f 5185 5187 5240 5238 
f 5187 5189 5242 5240 
f 5189 5191 5244 5242 
f 5191 5193 5246 5244 
f 5193 5195 5248 5246 
f 5195 5197 5250 5248 
f 5197 5199 5252 5250 
f 5202 5203 5256 5253 
f 5203 5205 5258 5256 
f 5205 5207 5260 5258 
f 5207 5209 5262 5260 
f 5212 5213 5266 5263 
f 5213 5215 5268 5266 
f 5215 5217 5270 5268 
f 5220 5221 5274 5271 
f 5224 5225 5278 5275 
f 5225 5227 5280 5278 
f 5230 5231 5284 5281 
f 5231 5233 5286 5284 
f 5233 5235 5288 5286 
f 5235 5237 5290 5288 
f 5237 5239 5292 5290 
f 5239 5241 5294 5292 
f 5241 5243 5296 5294 
f 5243 5245 5298 5296 
f 5245 5247 5300 5298 
f 5247 5249 5302 5300 
f 5249 5251 5304 5302 
f 5254 5255 5308 5305 
f 5255 5257 5310 5308 
f 5257 5259 5312 5310 
f 5259 5261 5314 5312 
f 5264 5265 5318 5315 
f 5265 5267 5320 5318 
f 5267 5269 5322 5320 
f 5272 5273 5326 5323 
f 5276 5277 5330 5327 
f 5277 5279 5332 5330 
f 5282 5283 5336 5333 
f 5283 5285 5338 5336 
f 5285 5287 5340 5338 
f 5287 5289 5342 5340 
f 5289 5291 5344 5342 
f 5291 5293 5346 5344 
f 5293 5295 5348 5346 
f 5295 5297 5350 5348 
f 5297 5299 5352 5350 
f 5299 5301 5354 5352 
f 5301 5303 5356 5354 
f 5306 5307 5360 5357 
f 5307 5309 5362 5360 
f 5309 5311 5364 5362 
f 5311 5313 5366 5364 
f 5316 5317 5370 5367 
f 5317 5319 5372 5370 
f 5319 5321 5374 5372 
f 5324 5325 5378 5375 
f 5328 5329 5382 5379 
f 5329 5331 5384 5382 
f 5334 5335 5388 5385 
f 5335 5337 5390 5388 
f 5337 5339 5392 5390 
f 5339 5341 5394 5392 
f 5341 5343 5396 5394 
f 5343 5345 5398 5396 
f 5345 5347 5400 5398 
f 5347 5349 5402 5400 
f 5349 5351 5404 5402 
f 5351 5353 5406 5404 
f 5353 5355 5408 5406 
f 5358 5359 5412 5409 
f 5359 5361 5414 5412 
f 5361 5363 5416 5414 
f 5363 5365 5418 5416 
f 5368 5369 5422 5419 
f 5369 5371 5424 5422 
f 5371 5373 5426 5424 
f 5376 5377 5430 5427 
f 5380 5381 5434 5431 
f 5381 5383 5436 5434 
f 5386 5387 5440 5437 
f 5387 5389 5442 5440 
f 5389 5391 5444 5442 
f 5391 5393 5446 5444 
f 5393 5395 5448 5446 
f 5395 5397 5450 5448 
f 5397 5399 5452 5450 
f 5399 5401 5454 5452 
f 5401 5403 5456 5454 
f 5403 5405 5458 5456 
f 5405 5407 5460 5458 
f 5410 5411 5464 5461 
f 5411 5413 5466 5464 
f 5413 5415 5468 5466 
f 5415 5417 5470 5468 
f 5420 5421 5474 5471 
f 5421 5423 5476 5474 
f 5423 5425 5478 5476 
f 5428 5429 5482 5479 
f 5432 5433 5486 5483 
f 5433 5435 5488 5486 
f 5438 5439 5492 5489 
f 5439 5441 5494 5492 
f 5441 5443 5496 5494 
f 5443 5445 5498 5496 
f 5445 5447 5500 5498 
f 5447 5449 5502 5500 
f 5449 5451 5504 5502 
f 5451 5453 5506 5504 
f 5453 5455 5508 5506 
f 5455 5457 5510 5508 
f 5457 5459 5512 5510 
f 5462 5463 5516 5513 
f 5463 5465 5518 5516 
f 5465 5467 5520 5518 
f 5467 5469 5522 5520 
f 5472 5473 5526 5523 
f 5473 5475 5528 5526 
f 5475 5477 5530 5528 
f 5480 5481 5534 5531 
f 5484 5485 5538 5535 
f 5485 5487 5540 5538 
f 5490 5491 5544 5541 
f 5491 5493 5546 5544 
f 5493 5495 5548 5546 
f 5495 5497 5550 5548 
f 5497 5499 5552 5550 
f 5499 5501 5554 5552 
f 5501 5503 5556 5554 
f 5503 5505 5558 5556 
f 5505 5507 5560 5558 
f 5507 5509 5562 5560 
f 5509 5511 5564 5562 
f 5514 5515 5568 5565 
f 5515 5517 5570 5568 
f 5517 5519 5572 5570 
f 5519 5521 5574 5572 
f 5524 5525 6516 6515 
f 5525 5527 6517 6516 
f 5527 5529 6509 6517 
f 5532 5533 6512 6510 
f 5536 5537 6518 6511 
f 5537 5539 6513 6518 
f 5542 5543 6519 6514 
f 5543 5545 6520 6519 
f 5545 5547 6521 6520 
f 5547 5549 6522 6521 
f 5549 5551 6523 6522 
f 5551 5553 6524 6523 
f 5553 5555 6525 6524 
f 5555 5557 6526 6525 
f 5557 5559 6527 6526 
f 5559 5561 6528 6527 
f 5561 5563 5639 6528 
f 5566 5567 6529 5640 
f 5567 5569 6530 6529 
f 5569 5571 6531 6530 
f 5571 5573 6532 6531 
f 5577 5578 6534 6533 
f 5581 5582 5575 5576 
f 5585 5586 5579 5580 
f 5589 5590 5583 5584 
f 5593 5594 5587 5588 
f 5597 5598 5591 5592 
f 5601 5602 5595 5596 
f 5605 5606 5599 5600 
f 5609 5610 5603 5604 
f 5613 5614 5607 5608 
f 5617 5618 5611 5612 
f 5621 5622 5615 5616 
f 5625 5626 5619 5620 
f 5629 5630 5623 5624 
f 5633 5634 5627 5628 
f 5637 5638 5631 5632 
f 5578 4783 4784 6534 
f 5582 4835 4836 5575 
f 5586 4887 4888 5579 
f 5590 4939 4940 5583 
f 5594 4991 4992 5587 
f 5598 5043 5044 5591 
f 5602 5095 5096 5595 
f 5606 5147 5148 5599 
f 5610 5199 5200 5603 
f 5614 5251 5252 5607 
f 5618 5303 5304 5611 
f 5622 5355 5356 5615 
f 5626 5407 5408 5619 
f 5630 5459 5460 5623 
f 5634 5511 5512 5627 
f 5638 5563 5564 5631 
f 4786 5577 6533 4785 
f 4838 5581 5576 4837 
f 4890 5585 5580 4889 
f 4942 5589 5584 4941 
f 4994 5593 5588 4993 
f 5046 5597 5592 5045 
f 5098 5601 5596 5097 
f 5150 5605 5600 5149 
f 5202 5609 5604 5201 
f 5254 5613 5608 5253 
f 5306 5617 5612 5305 
f 5358 5621 5616 5357 
f 5410 5625 5620 5409 
f 5462 5629 5624 5461 
f 5514 5633 5628 5513 
f 5566 5637 5632 5565 
f 5641 5642 5667 5668 
f 5643 5641 5668 5671 
f 5644 5643 5671 5673 
f 5645 5646 5675 5676 
f 5647 5648 5679 5680 
f 5649 5647 5680 5683 
f 5650 5651 5685 5686 
f 5652 5650 5686 5689 
f 5653 5652 5689 5691 
f 5654 5653 5691 5693 
f 5655 5654 5693 5695 
f 5656 5655 5695 5697 
f 5657 5656 5697 5699 
f 5658 5657 5699 5701 
f 5659 5658 5701 5703 
f 5660 5659 5703 5705 
f 5661 5660 5705 5707 
f 5662 5663 5709 5710 
f 5664 5662 5710 5713 
f 5665 5664 5713 5715 
f 5666 5665 5715 5717 
f 5669 5670 5719 5720 
f 5672 5669 5720 5723 
f 5674 5672 5723 5725 
f 5677 5678 5727 5728 
f 5681 5682 5731 5732 
f 5684 5681 5732 5735 
f 5687 5688 5737 5738 
f 5690 5687 5738 5741 
f 5692 5690 5741 5743 
f 5694 5692 5743 5745 
f 5696 5694 5745 5747 
f 5698 5696 5747 5749 
f 5700 5698 5749 5751 
f 5702 5700 5751 5753 
f 5704 5702 5753 5755 
f 5706 5704 5755 5757 
f 5708 5706 5757 5759 
f 5711 5712 5761 5762 
f 5714 5711 5762 5765 
f 5716 5714 5765 5767 
f 5718 5716 5767 5769 
f 5721 5722 5771 5772 
f 5724 5721 5772 5775 
f 5726 5724 5775 5777 
f 5729 5730 5779 5780 
f 5733 5734 5783 5784 
f 5736 5733 5784 5787 
f 5739 5740 5789 5790 
f 5742 5739 5790 5793 
f 5744 5742 5793 5795 
f 5746 5744 5795 5797 
f 5748 5746 5797 5799 
f 5750 5748 5799 5801 
f 5752 5750 5801 5803 
f 5754 5752 5803 5805 
f 5756 5754 5805 5807 
f 5758 5756 5807 5809 
f 5760 5758 5809 5811 
f 5763 5764 5813 5814 
f 5766 5763 5814 5817 
f 5768 5766 5817 5819 
f 5770 5768 5819 5821 
f 5773 5774 5823 5824 
f 5776 5773 5824 5827 
f 5778 5776 5827 5829 
f 5781 5782 5831 5832 
f 5785 5786 5835 5836 
f 5788 5785 5836 5839 
f 5791 5792 5841 5842 
f 5794 5791 5842 5845 
f 5796 5794 5845 5847 
f 5798 5796 5847 5849 
f 5800 5798 5849 5851 
f 5802 5800 5851 5853 
f 5804 5802 5853 5855 
f 5806 5804 5855 5857 
f 5808 5806 5857 5859 
f 5810 5808 5859 5861 
f 5812 5810 5861 5863 
f 5815 5816 5865 5866 
f 5818 5815 5866 5869 
f 5820 5818 5869 5871 
f 5822 5820 5871 5873 
f 5825 5826 5875 5876 
f 5828 5825 5876 5879 
f 5830 5828 5879 5881 
f 5833 5834 5883 5884 
f 5837 5838 5887 5888 
f 5840 5837 5888 5891 
f 5843 5844 5893 5894 
f 5846 5843 5894 5897 
f 5848 5846 5897 5899 
f 5850 5848 5899 5901 
f 5852 5850 5901 5903 
f 5854 5852 5903 5905 
f 5856 5854 5905 5907 
f 5858 5856 5907 5909 
f 5860 5858 5909 5911 
f 5862 5860 5911 5913 
f 5864 5862 5913 5915 
f 5867 5868 5917 5918 
f 5870 5867 5918 5921 
f 5872 5870 5921 5923 
f 5874 5872 5923 5925 
f 5877 5878 5927 5928 
f 5880 5877 5928 5931 
f 5882 5880 5931 5933 
f 5885 5886 5935 5936 
f 5889 5890 5939 5940 
f 5892 5889 5940 5943 
f 5895 5896 5945 5946 
f 5898 5895 5946 5949 
f 5900 5898 5949 5951 
f 5902 5900 5951 5953 
f 5904 5902 5953 5955 
f 5906 5904 5955 5957 
f 5908 5906 5957 5959 
f 5910 5908 5959 5961 
f 5912 5910 5961 5963 
f 5914 5912 5963 5965 
f 5916 5914 5965 5967 
f 5919 5920 5969 5970 
f 5922 5919 5970 5973 
f 5924 5922 5973 5975 
f 5926 5924 5975 5977 
f 5929 5930 5979 5980 
f 5932 5929 5980 5983 
f 5934 5932 5983 5985 
f 5937 5938 5987 5988 
f 5941 5942 5991 5992 
f 5944 5941 5992 5995 
f 5947 5948 5997 5998 
f 5950 5947 5998 6001 
f 5952 5950 6001 6003 
f 5954 5952 6003 6005 
f 5956 5954 6005 6007 
f 5958 5956 6007 6009 
f 5960 5958 6009 6011 
f 5962 5960 6011 6013 
f 5964 5962 6013 6015 
f 5966 5964 6015 6017 
f 5968 5966 6017 6019 
f 5971 5972 6021 6022 
f 5974 5971 6022 6025 
f 5976 5974 6025 6027 
f 5978 5976 6027 6029 
f 5981 5982 6031 6032 
f 5984 5981 6032 6035 
f 5986 5984 6035 6037 
f 5989 5990 6039 6040 
f 5993 5994 6043 6044 
f 5996 5993 6044 6047 
f 5999 6000 6049 6050 
f 6002 5999 6050 6053 
f 6004 6002 6053 6055 
f 6006 6004 6055 6057 
f 6008 6006 6057 6059 
f 6010 6008 6059 6061 
f 6012 6010 6061 6063 
f 6014 6012 6063 6065 
f 6016 6014 6065 6067 
f 6018 6016 6067 6069 
f 6020 6018 6069 6071 
f 6023 6024 6073 6074 
f 6026 6023 6074 6077 
f 6028 6026 6077 6079 
f 6030 6028 6079 6081 
f 6033 6034 6083 6084 
f 6036 6033 6084 6087 
f 6038 6036 6087 6089 
f 6041 6042 6091 6092 
f 6045 6046 6095 6096 
f 6048 6045 6096 6099 
f 6051 6052 6101 6102 
f 6054 6051 6102 6105 
f 6056 6054 6105 6107 
f 6058 6056 6107 6109 
f 6060 6058 6109 6111 
f 6062 6060 6111 6113 
f 6064 6062 6113 6115 
f 6066 6064 6115 6117 
f 6068 6066 6117 6119 
f 6070 6068 6119 6121 
f 6072 6070 6121 6123 
f 6075 6076 6125 6126 
f 6078 6075 6126 6129 
f 6080 6078 6129 6131 
f 6082 6080 6131 6133 
f 6085 6086 6135 6136 
f 6088 6085 6136 6139 
f 6090 6088 6139 6141 
f 6093 6094 6143 6144 
f 6097 6098 6147 6148 
f 6100 6097 6148 6151 
f 6103 6104 6153 6154 
f 6106 6103 6154 6157 
f 6108 6106 6157 6159 
f 6110 6108 6159 6161 
f 6112 6110 6161 6163 
f 6114 6112 6163 6165 
f 6116 6114 6165 6167 
f 6118 6116 6167 6169 
f 6120 6118 6169 6171 
f 6122 6120 6171 6173 
f 6124 6122 6173 6175 
f 6127 6128 6177 6178 
f 6130 6127 6178 6181 
f 6132 6130 6181 6183 
f 6134 6132 6183 6185 
f 6137 6138 6187 6188 
f 6140 6137 6188 6191 
f 6142 6140 6191 6193 
f 6145 6146 6195 6196 
f 6149 6150 6199 6200 
f 6152 6149 6200 6203 
f 6155 6156 6205 6206 
f 6158 6155 6206 6209 
f 6160 6158 6209 6211 
f 6162 6160 6211 6213 
f 6164 6162 6213 6215 
f 6166 6164 6215 6217 
f 6168 6166 6217 6219 
f 6170 6168 6219 6221 
f 6172 6170 6221 6223 
f 6174 6172 6223 6225 
f 6176 6174 6225 6227 
f 6179 6180 6229 6230 
f 6182 6179 6230 6233 
f 6184 6182 6233 6235 
f 6186 6184 6235 6237 
f 6189 6190 6239 6240 
f 6192 6189 6240 6243 
f 6194 6192 6243 6245 
f 6197 6198 6247 6248 
f 6201 6202 6251 6252 
f 6204 6201 6252 6255 
f 6207 6208 6257 6258 
f 6210 6207 6258 6261 
f 6212 6210 6261 6263 
f 6214 6212 6263 6265 
f 6216 6214 6265 6267 
f 6218 6216 6267 6269 
f 6220 6218 6269 6271 
f 6222 6220 6271 6273 
f 6224 6222 6273 6275 
f 6226 6224 6275 6277 
f 6228 6226 6277 6279 
f 6231 6232 6281 6282 
f 6234 6231 6282 6285 
f 6236 6234 6285 6287 
f 6238 6236 6287 6289 
f 6241 6242 6291 6292 
f 6244 6241 6292 6295 
f 6246 6244 6295 6297 
f 6249 6250 6299 6300 
f 6253 6254 6303 6304 
f 6256 6253 6304 6307 
f 6259 6260 6309 6310 
f 6262 6259 6310 6313 
f 6264 6262 6313 6315 
f 6266 6264 6315 6317 
f 6268 6266 6317 6319 
f 6270 6268 6319 6321 
f 6272 6270 6321 6323 
f 6274 6272 6323 6325 
f 6276 6274 6325 6327 
f 6278 6276 6327 6329 
f 6280 6278 6329 6331 
f 6283 6284 6333 6334 
f 6286 6283 6334 6337 
f 6288 6286 6337 6339 
f 6290 6288 6339 6341 
f 6293 6294 6343 6344 
f 6296 6293 6344 6347 
f 6298 6296 6347 6349 
f 6301 6302 6351 6352 
f 6305 6306 6355 6356 
f 6308 6305 6356 6359 
f 6311 6312 6361 6362 
f 6314 6311 6362 6365 
f 6316 6314 6365 6367 
f 6318 6316 6367 6369 
f 6320 6318 6369 6371 
f 6322 6320 6371 6373 
f 6324 6322 6373 6375 
f 6326 6324 6375 6377 
f 6328 6326 6377 6379 
f 6330 6328 6379 6381 
f 6332 6330 6381 6383 
f 6335 6336 6385 6386 
f 6338 6335 6386 6389 
f 6340 6338 6389 6391 
f 6342 6340 6391 6393 
f 6345 6346 6395 6396 
f 6348 6345 6396 6399 
f 6350 6348 6399 6401 
f 6353 6354 6403 6404 
f 6357 6358 6407 6408 
f 6360 6357 6408 6411 
f 6363 6364 6413 6414 
f 6366 6363 6414 6417 
f 6368 6366 6417 6419 
f 6370 6368 6419 6421 
f 6372 6370 6421 6423 
f 6374 6372 6423 6425 
f 6376 6374 6425 6427 
f 6378 6376 6427 6429 
f 6380 6378 6429 6431 
f 6382 6380 6431 6433 
f 6384 6382 6433 6435 
f 6387 6388 6437 6438 
f 6390 6387 6438 6441 
f 6392 6390 6441 6443 
f 6394 6392 6443 6445 
f 6397 6398 6515 6516 
f 6400 6397 6516 6517 
f 6402 6400 6517 6509 
f 6405 6406 6510 6512 
f 6409 6410 6511 6518 
f 6412 6409 6518 6513 
f 6415 6416 6514 6519 
f 6418 6415 6519 6520 
f 6420 6418 6520 6521 
f 6422 6420 6521 6522 
f 6424 6422 6522 6523 
f 6426 6424 6523 6524 
f 6428 6426 6524 6525 
f 6430 6428 6525 6526 
f 6432 6430 6526 6527 
f 6434 6432 6527 6528 
f 6436 6434 6528 5639 
f 6439 6440 5640 6529 
f 6442 6439 6529 6530 
f 6444 6442 6530 6531 
f 6446 6444 6531 6532 
f 6448 6449 6533 6534 
f 6452 6453 6450 6447 
f 6456 6457 6454 6451 
f 6460 6461 6458 6455 
f 6464 6465 6462 6459 
f 6468 6469 6466 6463 
f 6472 6473 6470 6467 
f 6476 6477 6474 6471 
f 6480 6481 6478 6475 
f 6484 6485 6482 6479 
f 6488 6489 6486 6483 
f 6492 6493 6490 6487 
f 6496 6497 6494 6491 
f 6500 6501 6498 6495 
f 6504 6505 6502 6499 
f 6507 6508 6506 6503 
f 5661 6448 6534 4784 
f 5708 6452 6447 5707 
f 5760 6456 6451 5759 
f 5812 6460 6455 5811 
f 5864 6464 6459 5863 
f 5916 6468 6463 5915 
f 5968 6472 6467 5967 
f 6020 6476 6471 6019 
f 6072 6480 6475 6071 
f 6124 6484 6479 6123 
f 6176 6488 6483 6175 
f 6228 6492 6487 6227 
f 6280 6496 6491 6279 
f 6332 6500 6495 6331 
f 6384 6504 6499 6383 
f 6436 6507 6503 6435 
f 6449 5663 4785 6533 
f 6453 5712 5709 6450 
f 6457 5764 5761 6454 
f 6461 5816 5813 6458 
f 6465 5868 5865 6462 
f 6469 5920 5917 6466 
f 6473 5972 5969 6470 
f 6477 6024 6021 6474 
f 6481 6076 6073 6478 
f 6485 6128 6125 6482 
f 6489 6180 6177 6486 
f 6493 6232 6229 6490 
f 6497 6284 6281 6494 
f 6501 6336 6333 6498 
f 6505 6388 6385 6502 
f 6508 6440 6437 6506 
f 4749 4752 4803 4802 
f 4801 4804 4855 4854 
f 4853 4856 4907 4906 
f 4905 4908 4959 4958 
f 4957 4960 5011 5010 
f 5009 5012 5063 5062 
f 5061 5064 5115 5114 
f 5113 5116 5167 5166 
f 5165 5168 5219 5218 
f 5217 5220 5271 5270 
f 5269 5272 5323 5322 
f 5321 5324 5375 5374 
f 5373 5376 5427 5426 
f 5425 5428 5479 5478 
f 5477 5480 5531 5530 
f 5529 5532 6510 6509 
f 6402 6406 6403 6401 
f 6350 6354 6351 6349 
f 6298 6302 6299 6297 
f 6246 6250 6247 6245 
f 6194 6198 6195 6193 
f 6142 6146 6143 6141 
f 6090 6094 6091 6089 
f 6038 6042 6039 6037 
f 5986 5990 5987 5985 
f 5934 5938 5935 5933 
f 5882 5886 5883 5881 
f 5830 5834 5831 5829 
f 5778 5782 5779 5777 
f 5726 5730 5727 5725 
f 5674 5678 5675 5673 
f 5644 5646 4751 4750 
f 4756 4753 4754 4755 
f 5648 5645 5676 5679 
f 5682 5677 5728 5731 
f 5734 5729 5780 5783 
f 5786 5781 5832 5835 
f 5838 5833 5884 5887 
f 5890 5885 5936 5939 
f 5942 5937 5988 5991 
f 5994 5989 6040 6043 
f 6046 6041 6092 6095 
f 6098 6093 6144 6147 
f 6150 6145 6196 6199 
f 6202 6197 6248 6251 
f 6254 6249 6300 6303 
f 6306 6301 6352 6355 
f 6358 6353 6404 6407 
f 6410 6405 6512 6511 
f 5536 5533 5534 5535 
f 5484 5481 5482 5483 
f 5432 5429 5430 5431 
f 5380 5377 5378 5379 
f 5328 5325 5326 5327 
f 5276 5273 5274 5275 
f 5224 5221 5222 5223 
f 5172 5169 5170 5171 
f 5120 5117 5118 5119 
f 5068 5065 5066 5067 
f 5016 5013 5014 5015 
f 4964 4961 4962 4963 
f 4912 4909 4910 4911 
f 4860 4857 4858 4859 
f 4808 4805 4806 4807 
f 4759 4762 4813 4812 
f 4811 4814 4865 4864 
f 4863 4866 4917 4916 
f 4915 4918 4969 4968 
f 4967 4970 5021 5020 
f 5019 5022 5073 5072 
f 5071 5074 5125 5124 
f 5123 5126 5177 5176 
f 5175 5178 5229 5228 
f 5227 5230 5281 5280 
f 5279 5282 5333 5332 
f 5331 5334 5385 5384 
f 5383 5386 5437 5436 
f 5435 5438 5489 5488 
f 5487 5490 5541 5540 
f 5539 5542 6514 6513 
f 6412 6416 6413 6411 
f 6360 6364 6361 6359 
f 6308 6312 6309 6307 
f 6256 6260 6257 6255 
f 6204 6208 6205 6203 
f 6152 6156 6153 6151 
f 6100 6104 6101 6099 
f 6048 6052 6049 6047 
f 5996 6000 5997 5995 
f 5944 5948 5945 5943 
f 5892 5896 5893 5891 
f 5840 5844 5841 5839 
f 5788 5792 5789 5787 
f 5736 5740 5737 5735 
f 5684 5688 5685 5683 
f 5649 5651 4761 4760 
f 7120 6550 7119 7123 
f 6550 6551 7118 7119 
f 6551 6552 7117 7118 
f 6552 6553 7116 7117 
f 6553 6554 7115 7116 
f 6554 6555 7114 7115 
f 6555 6556 7113 7114 
f 6556 6557 7112 7113 
f 6557 6558 7111 7112 
f 6558 6559 7110 7111 
f 6559 6560 7109 7110 
f 6560 6561 7108 7109 
f 6561 6562 7107 7108 
f 6562 6563 7106 7107 
f 6563 6564 7105 7106 
f 6564 7152 7153 7105 
f 7120 7154 6955 6550 
f 6550 6955 6956 6551 
f 6551 6956 6957 6552 
f 6552 6957 6958 6553 
f 6553 6958 6959 6554 
f 6554 6959 6960 6555 
f 6555 6960 6961 6556 
f 6556 6961 6962 6557 
f 6557 6962 6963 6558 
f 6558 6963 6964 6559 
f 6559 6964 6965 6560 
f 6560 6965 6966 6561 
f 6561 6966 6967 6562 
f 6562 6967 6968 6563 
f 6563 6968 6969 6564 
f 6564 6969 7170 7152 
f 7171 7172 6970 6565 
f 6565 6970 6971 6566 
f 6566 6971 6972 6567 
f 6567 6972 6973 6568 
f 6568 6973 6974 6569 
f 6569 6974 6975 6570 
f 6570 6975 6976 6571 
f 6571 6976 6977 6572 
f 6572 6977 6978 6573 
f 6573 6978 6979 6574 
f 6574 6979 6980 6575 
f 6575 6980 6981 6576 
f 6576 6981 6982 6577 
f 6577 6982 6983 6578 
f 6578 6983 6984 6579 
f 6579 6984 7203 7204 
f 7205 7206 6985 6580 
f 6580 6985 6986 6581 
f 6581 6986 6987 6582 
f 6582 6987 6988 6583 
f 6583 6988 6989 6584 
f 6584 6989 6990 6585 
f 6585 6990 6991 6586 
f 6586 6991 6992 6587 
f 6587 6992 6993 6588 
f 6588 6993 6994 6589 
f 6589 6994 6995 6590 
f 6590 6995 6996 6591 
f 6591 6996 6997 6592 
f 6592 6997 6998 6593 
f 6593 6998 6999 6594 
f 6594 6999 7237 7238 
f 7239 7240 7000 6595 
f 6595 7000 7001 6596 
f 6596 7001 7002 6597 
f 6597 7002 7003 6598 
f 6598 7003 7004 6599 
f 6599 7004 7005 6600 
f 6600 7005 7006 6601 
f 6601 7006 7007 6602 
f 6602 7007 7008 6603 
f 6603 7008 7009 6604 
f 6604 7009 7010 6605 
f 6605 7010 7011 6606 
f 6606 7011 7012 6607 
f 6607 7012 7013 6608 
f 6608 7013 7014 6609 
f 6609 7014 7271 7272 
f 7273 7274 7015 6610 
f 6610 7015 7016 6611 
f 6611 7016 7017 6612 
f 6612 7017 7018 6613 
f 6613 7018 7019 6614 
f 6614 7019 7020 6615 
f 6615 7020 7021 6616 
f 6616 7021 7022 6617 
f 6617 7022 7023 6618 
f 6618 7023 7024 6619 
f 6619 7024 7025 6620 
f 6620 7025 7026 6621 
f 6621 7026 7027 6622 
f 6622 7027 7028 6623 
f 6623 7028 7029 6624 
f 6624 7029 7305 7306 
f 7307 7308 7030 6625 
f 6625 7030 7031 6626 
f 6626 7031 7032 6627 
f 6627 7032 7033 6628 
f 6628 7033 7034 6629 
f 6629 7034 7035 6630 
f 6630 7035 7036 6631 
f 6631 7036 7037 6632 
f 6632 7037 7038 6633 
f 6633 7038 7039 6634 
f 6634 7039 7040 6635 
f 6635 7040 7041 6636 
f 6636 7041 7042 6637 
f 6637 7042 7043 6638 
f 6638 7043 7044 6639 
f 6639 7044 7339 7340 
f 7341 7342 7045 6640 
f 6640 7045 7046 6641 
f 6641 7046 7047 6642 
f 6642 7047 7048 6643 
f 6643 7048 7049 6644 
f 6644 7049 7050 6645 
f 6645 7050 7051 6646 
f 6646 7051 7052 6647 
f 6647 7052 7053 6648 
f 6648 7053 7054 6649 
f 6649 7054 7055 6650 
f 6650 7055 7056 6651 
f 6651 7056 7057 6652 
f 6652 7057 7058 6653 
f 6653 7058 7059 6654 
f 6654 7059 7373 7374 
f 7375 7376 7060 6655 
f 6655 7060 7061 6656 
f 6656 7061 7062 6657 
f 6657 7062 7063 6658 
f 6658 7063 7064 6659 
f 6659 7064 7065 6660 
f 6660 7065 7066 6661 
f 6661 7066 7067 6662 
f 6662 7067 7068 6663 
f 6663 7068 7069 6664 
f 6664 7069 7070 6665 
f 6665 7070 7071 6666 
f 6666 7071 7072 6667 
f 6667 7072 7073 6668 
f 6668 7073 7074 6669 
f 6669 7074 7407 7408 
f 7409 7410 7075 6670 
f 6670 7075 7076 6671 
f 6671 7076 7077 6672 
f 6672 7077 7078 6673 
f 6673 7078 7079 6674 
f 6674 7079 7080 6675 
f 6675 7080 7081 6676 
f 6676 7081 7082 6677 
f 6677 7082 7083 6678 
f 6678 7083 7084 6679 
f 6679 7084 7085 6680 
f 6680 7085 7086 6681 
f 6681 7086 7087 6682 
f 6682 7087 7088 6683 
f 6683 7088 7089 6684 
f 6684 7089 7441 7442 
f 7443 7444 7090 6685 
f 6685 7090 7091 6686 
f 6686 7091 7092 6687 
f 6687 7092 7093 6688 
f 6688 7093 7094 6689 
f 6689 7094 7095 6690 
f 6690 7095 7096 6691 
f 6691 7096 7097 6692 
f 6692 7097 7098 6693 
f 6693 7098 7099 6694 
f 6694 7099 7100 6695 
f 6695 7100 7101 6696 
f 6696 7101 7102 6697 
f 6697 7102 7103 6698 
f 6698 7103 7104 6699 
f 6699 7104 7475 7476 
f 7477 7478 6715 6700 
f 6700 6715 6716 6701 
f 6701 6716 6717 6702 
f 6702 6717 6718 6703 
f 6703 6718 6719 6704 
f 6704 6719 6720 6705 
f 6705 6720 6721 6706 
f 6706 6721 6722 6707 
f 6707 6722 6723 6708 
f 6708 6723 6724 6709 
f 6709 6724 6725 6710 
f 6710 6725 6726 6711 
f 6711 6726 6727 6712 
f 6712 6727 6728 6713 
f 6713 6728 6729 6714 
f 6714 6729 7509 7510 
f 7509 6729 6912 7512 
f 6729 6728 6915 6912 
f 6728 6727 6918 6915 
f 6727 6726 6921 6918 
f 6726 6725 6924 6921 
f 6725 6724 6927 6924 
f 6724 6723 6930 6927 
f 6723 6722 6933 6930 
f 6722 6721 6936 6933 
f 6721 6720 6939 6936 
f 6720 6719 6942 6939 
f 6719 6718 6945 6942 
f 6718 6717 6948 6945 
f 6717 6716 6951 6948 
f 6716 6715 6954 6951 
f 6715 7478 7527 6954 
s 2
f 7528 6911 6909 7531 
f 6911 6914 6908 6909 
f 6914 6917 6907 6908 
f 6917 6920 6906 6907 
f 6920 6923 6905 6906 
f 6923 6926 6904 6905 
f 6926 6929 6903 6904 
f 6929 6932 6902 6903 
f 6932 6935 6901 6902 
f 6935 6938 6900 6901 
f 6938 6941 6899 6900 
f 6941 6944 6898 6899 
f 6944 6947 6897 6898 
f 6947 6950 6896 6897 
f 6950 6953 6895 6896 
f 6953 7560 7561 6895 
s 1
f 7562 6865 6894 7565 
f 6865 6866 6893 6894 
f 6866 6867 6892 6893 
f 6867 6868 6891 6892 
f 6868 6869 6890 6891 
f 6869 6870 6889 6890 
f 6870 6871 6888 6889 
f 6871 6872 6887 6888 
f 6872 6873 6886 6887 
f 6873 6874 6885 6886 
f 6874 6875 6884 6885 
f 6875 6876 6883 6884 
f 6876 6877 6882 6883 
f 6877 6878 6881 6882 
f 6878 6879 6880 6881 
f 6879 7594 7595 6880 
s 2
f 7596 6835 6864 7599 
f 6835 6836 6863 6864 
f 6836 6837 6862 6863 
f 6837 6838 6861 6862 
f 6838 6839 6860 6861 
f 6839 6840 6859 6860 
f 6840 6841 6858 6859 
f 6841 6842 6857 6858 
f 6842 6843 6856 6857 
f 6843 6844 6855 6856 
f 6844 6845 6854 6855 
f 6845 6846 6853 6854 
f 6846 6847 6852 6853 
f 6847 6848 6851 6852 
f 6848 6849 6850 6851 
f 6849 7628 7629 6850 
s 1
f 7630 6805 6834 7633 
f 6805 6806 6833 6834 
f 6806 6807 6832 6833 
f 6807 6808 6831 6832 
f 6808 6809 6830 6831 
f 6809 6810 6829 6830 
f 6810 6811 6828 6829 
f 6811 6812 6827 6828 
f 6812 6813 6826 6827 
f 6813 6814 6825 6826 
f 6814 6815 6824 6825 
f 6815 6816 6823 6824 
f 6816 6817 6822 6823 
f 6817 6818 6821 6822 
f 6818 6819 6820 6821 
f 6819 7662 7663 6820 
s 2
f 7664 6775 6790 7667 
f 6775 6776 6791 6790 
f 6776 6777 6792 6791 
f 6777 6778 6793 6792 
f 6778 6779 6794 6793 
f 6779 6780 6795 6794 
f 6780 6781 6796 6795 
f 6781 6782 6797 6796 
f 6782 6783 6798 6797 
f 6783 6784 6799 6798 
f 6784 6785 6800 6799 
f 6785 6786 6801 6800 
f 6786 6787 6802 6801 
f 6787 6788 6803 6802 
f 6788 6789 6804 6803 
f 6789 7696 7697 6804 
s 1
f 7698 6760 6805 7630 
f 6760 6761 6806 6805 
f 6761 6762 6807 6806 
f 6762 6763 6808 6807 
f 6763 6764 6809 6808 
f 6764 6765 6810 6809 
f 6765 6766 6811 6810 
f 6766 6767 6812 6811 
f 6767 6768 6813 6812 
f 6768 6769 6814 6813 
f 6769 6770 6815 6814 
f 6770 6771 6816 6815 
f 6771 6772 6817 6816 
f 6772 6773 6818 6817 
f 6773 6774 6819 6818 
f 6774 7714 7662 6819 
f 7696 6789 6820 7663 
f 6789 6788 6821 6820 
f 6788 6787 6822 6821 
f 6787 6786 6823 6822 
f 6786 6785 6824 6823 
f 6785 6784 6825 6824 
f 6784 6783 6826 6825 
f 6783 6782 6827 6826 
f 6782 6781 6828 6827 
f 6781 6780 6829 6828 
f 6780 6779 6830 6829 
f 6779 6778 6831 6830 
f 6778 6777 6832 6831 
f 6777 6776 6833 6832 
f 6776 6775 6834 6833 
f 6775 7664 7633 6834 
s 2
f 7715 6745 6835 7596 
f 6745 6746 6836 6835 
f 6746 6747 6837 6836 
f 6747 6748 6838 6837 
f 6748 6749 6839 6838 
f 6749 6750 6840 6839 
f 6750 6751 6841 6840 
f 6751 6752 6842 6841 
f 6752 6753 6843 6842 
f 6753 6754 6844 6843 
f 6754 6755 6845 6844 
f 6755 6756 6846 6845 
f 6756 6757 6847 6846 
f 6757 6758 6848 6847 
f 6758 6759 6849 6848 
f 6759 7731 7628 6849 
f 7714 6774 6850 7629 
f 6774 6773 6851 6850 
f 6773 6772 6852 6851 
f 6772 6771 6853 6852 
f 6771 6770 6854 6853 
f 6770 6769 6855 6854 
f 6769 6768 6856 6855 
f 6768 6767 6857 6856 
f 6767 6766 6858 6857 
f 6766 6765 6859 6858 
f 6765 6764 6860 6859 
f 6764 6763 6861 6860 
f 6763 6762 6862 6861 
f 6762 6761 6863 6862 
f 6761 6760 6864 6863 
f 6760 7698 7599 6864 
s 1
f 7732 6730 6865 7562 
f 6730 6731 6866 6865 
f 6731 6732 6867 6866 
f 6732 6733 6868 6867 
f 6733 6734 6869 6868 
f 6734 6735 6870 6869 
f 6735 6736 6871 6870 
f 6736 6737 6872 6871 
f 6737 6738 6873 6872 
f 6738 6739 6874 6873 
f 6739 6740 6875 6874 
f 6740 6741 6876 6875 
f 6741 6742 6877 6876 
f 6742 6743 6878 6877 
f 6743 6744 6879 6878 
f 6744 7748 7594 6879 
f 7731 6759 6880 7595 
f 6759 6758 6881 6880 
f 6758 6757 6882 6881 
f 6757 6756 6883 6882 
f 6756 6755 6884 6883 
f 6755 6754 6885 6884 
f 6754 6753 6886 6885 
f 6753 6752 6887 6886 
f 6752 6751 6888 6887 
f 6751 6750 6889 6888 
f 6750 6749 6890 6889 
f 6749 6748 6891 6890 
f 6748 6747 6892 6891 
f 6747 6746 6893 6892 
f 6746 6745 6894 6893 
f 6745 7715 7565 6894 
s 2
f 7748 6744 6895 7561 
f 6744 6743 6896 6895 
f 6743 6742 6897 6896 
f 6742 6741 6898 6897 
f 6741 6740 6899 6898 
f 6740 6739 6900 6899 
f 6739 6738 6901 6900 
f 6738 6737 6902 6901 
f 6737 6736 6903 6902 
f 6736 6735 6904 6903 
f 6735 6734 6905 6904 
f 6734 6733 6906 6905 
f 6733 6732 6907 6906 
f 6732 6731 6908 6907 
f 6731 6730 6909 6908 
f 6730 7732 7531 6909 
s 1
f 7512 6912 6910 7750 
f 6912 6915 6913 6910 
f 6915 6918 6916 6913 
f 6918 6921 6919 6916 
f 6921 6924 6922 6919 
f 6924 6927 6925 6922 
f 6927 6930 6928 6925 
f 6930 6933 6931 6928 
f 6933 6936 6934 6931 
f 6936 6939 6937 6934 
f 6939 6942 6940 6937 
f 6942 6945 6943 6940 
f 6945 6948 6946 6943 
f 6948 6951 6949 6946 
f 6951 6954 6952 6949 
f 6954 7527 7765 6952 
s 2
f 6911 7528 7750 6910 
f 6914 6911 6910 6913 
f 6917 6914 6913 6916 
f 6920 6917 6916 6919 
f 6923 6920 6919 6922 
f 6926 6923 6922 6925 
f 6929 6926 6925 6928 
f 6932 6929 6928 6931 
f 6935 6932 6931 6934 
f 6938 6935 6934 6937 
f 6941 6938 6937 6940 
f 6944 6941 6940 6943 
f 6947 6944 6943 6946 
f 6950 6947 6946 6949 
f 6953 6950 6949 6952 
f 7560 6953 6952 7765 
f 7667 6790 7766 
f 6790 6791 7766 
f 6791 6792 7766 
f 6792 6793 7766 
f 6793 6794 7766 
f 6794 6795 7766 
f 6795 6796 7766 
f 6796 6797 7766 
f 6797 6798 7766 
f 6798 6799 7766 
f 6799 6800 7766 
f 6800 6801 7766 
f 6801 6802 7766 
f 6802 6803 7766 
f 6803 6804 7766 
f 6804 7697 7766 
s 1
f 7154 7171 6565 6955 
f 6955 6565 6566 6956 
f 6956 6566 6567 6957 
f 6957 6567 6568 6958 
f 6958 6568 6569 6959 
f 6959 6569 6570 6960 
f 6960 6570 6571 6961 
f 6961 6571 6572 6962 
f 6962 6572 6573 6963 
f 6963 6573 6574 6964 
f 6964 6574 6575 6965 
f 6965 6575 6576 6966 
f 6966 6576 6577 6967 
f 6967 6577 6578 6968 
f 6968 6578 6579 6969 
f 6969 6579 7204 7170 
f 7172 7205 6580 6970 
f 6970 6580 6581 6971 
f 6971 6581 6582 6972 
f 6972 6582 6583 6973 
f 6973 6583 6584 6974 
f 6974 6584 6585 6975 
f 6975 6585 6586 6976 
f 6976 6586 6587 6977 
f 6977 6587 6588 6978 
f 6978 6588 6589 6979 
f 6979 6589 6590 6980 
f 6980 6590 6591 6981 
f 6981 6591 6592 6982 
f 6982 6592 6593 6983 
f 6983 6593 6594 6984 
f 6984 6594 7238 7203 
f 7206 7239 6595 6985 
f 6985 6595 6596 6986 
f 6986 6596 6597 6987 
f 6987 6597 6598 6988 
f 6988 6598 6599 6989 
f 6989 6599 6600 6990 
f 6990 6600 6601 6991 
f 6991 6601 6602 6992 
f 6992 6602 6603 6993 
f 6993 6603 6604 6994 
f 6994 6604 6605 6995 
f 6995 6605 6606 6996 
f 6996 6606 6607 6997 
f 6997 6607 6608 6998 
f 6998 6608 6609 6999 
f 6999 6609 7272 7237 
f 7240 7273 6610 7000 
f 7000 6610 6611 7001 
f 7001 6611 6612 7002 
f 7002 6612 6613 7003 
f 7003 6613 6614 7004 
f 7004 6614 6615 7005 
f 7005 6615 6616 7006 
f 7006 6616 6617 7007 
f 7007 6617 6618 7008 
f 7008 6618 6619 7009 
f 7009 6619 6620 7010 
f 7010 6620 6621 7011 
f 7011 6621 6622 7012 
f 7012 6622 6623 7013 
f 7013 6623 6624 7014 
f 7014 6624 7306 7271 
f 7274 7307 6625 7015 
f 7015 6625 6626 7016 
f 7016 6626 6627 7017 
f 7017 6627 6628 7018 
f 7018 6628 6629 7019 
f 7019 6629 6630 7020 
f 7020 6630 6631 7021 
f 7021 6631 6632 7022 
f 7022 6632 6633 7023 
f 7023 6633 6634 7024 
f 7024 6634 6635 7025 
f 7025 6635 6636 7026 
f 7026 6636 6637 7027 
f 7027 6637 6638 7028 
f 7028 6638 6639 7029 
f 7029 6639 7340 7305 
f 7308 7341 6640 7030 
f 7030 6640 6641 7031 
f 7031 6641 6642 7032 
f 7032 6642 6643 7033 
f 7033 6643 6644 7034 
f 7034 6644 6645 7035 
f 7035 6645 6646 7036 
f 7036 6646 6647 7037 
f 7037 6647 6648 7038 
f 7038 6648 6649 7039 
f 7039 6649 6650 7040 
f 7040 6650 6651 7041 
f 7041 6651 6652 7042 
f 7042 6652 6653 7043 
f 7043 6653 6654 7044 
f 7044 6654 7374 7339 
f 7342 7375 6655 7045 
f 7045 6655 6656 7046 
f 7046 6656 6657 7047 
f 7047 6657 6658 7048 
f 7048 6658 6659 7049 
f 7049 6659 6660 7050 
f 7050 6660 6661 7051 
f 7051 6661 6662 7052 
f 7052 6662 6663 7053 
f 7053 6663 6664 7054 
f 7054 6664 6665 7055 
f 7055 6665 6666 7056 
f 7056 6666 6667 7057 
f 7057 6667 6668 7058 
f 7058 6668 6669 7059 
f 7059 6669 7408 7373 
f 7376 7409 6670 7060 
f 7060 6670 6671 7061 
f 7061 6671 6672 7062 
f 7062 6672 6673 7063 
f 7063 6673 6674 7064 
f 7064 6674 6675 7065 
f 7065 6675 6676 7066 
f 7066 6676 6677 7067 
f 7067 6677 6678 7068 
f 7068 6678 6679 7069 
f 7069 6679 6680 7070 
f 7070 6680 6681 7071 
f 7071 6681 6682 7072 
f 7072 6682 6683 7073 
f 7073 6683 6684 7074 
f 7074 6684 7442 7407 
f 7410 7443 6685 7075 
f 7075 6685 6686 7076 
f 7076 6686 6687 7077 
f 7077 6687 6688 7078 
f 7078 6688 6689 7079 
f 7079 6689 6690 7080 
f 7080 6690 6691 7081 
f 7081 6691 6692 7082 
f 7082 6692 6693 7083 
f 7083 6693 6694 7084 
f 7084 6694 6695 7085 
f 7085 6695 6696 7086 
f 7086 6696 6697 7087 
f 7087 6697 6698 7088 
f 7088 6698 6699 7089 
f 7089 6699 7476 7441 
f 7444 7477 6700 7090 
f 7090 6700 6701 7091 
f 7091 6701 6702 7092 
f 7092 6702 6703 7093 
f 7093 6703 6704 7094 
f 7094 6704 6705 7095 
f 7095 6705 6706 7096 
f 7096 6706 6707 7097 
f 7097 6707 6708 7098 
f 7098 6708 6709 7099 
f 7099 6709 6710 7100 
f 7100 6710 6711 7101 
f 7101 6711 6712 7102 
f 7102 6712 6713 7103 
f 7103 6713 6714 7104 
f 7104 6714 7510 7475 
f 7767 6549 7105 7153 
f 6549 6548 7106 7105 
f 6548 6547 7107 7106 
f 6547 6546 7108 7107 
f 6546 6545 7109 7108 
f 6545 6544 7110 7109 
f 6544 6543 7111 7110 
f 6543 6542 7112 7111 
f 6542 6541 7113 7112 
f 6541 6540 7114 7113 
f 6540 6539 7115 7114 
f 6539 6538 7116 7115 
f 6538 6537 7117 7116 
f 6537 6536 7118 7117 
f 6536 6535 7119 7118 
f 6535 7783 7123 7119 
f 7120 7123 7122 7121 
f 7121 7122 7125 7124 
f 7124 7125 7127 7126 
f 7126 7127 7129 7128 
f 7128 7129 7131 7130 
f 7130 7131 7133 7132 
f 7132 7133 7135 7134 
f 7134 7135 7137 7136 
f 7136 7137 7139 7138 
f 7138 7139 7141 7140 
f 7140 7141 7143 7142 
f 7142 7143 7145 7144 
f 7144 7145 7147 7146 
f 7146 7147 7149 7148 
f 7148 7149 7151 7150 
f 7150 7151 7153 7152 
f 7120 7121 7155 7154 
f 7121 7124 7156 7155 
f 7124 7126 7157 7156 
f 7126 7128 7158 7157 
f 7128 7130 7159 7158 
f 7130 7132 7160 7159 
f 7132 7134 7161 7160 
f 7134 7136 7162 7161 
f 7136 7138 7163 7162 
f 7138 7140 7164 7163 
f 7140 7142 7165 7164 
f 7142 7144 7166 7165 
f 7144 7146 7167 7166 
f 7146 7148 7168 7167 
f 7148 7150 7169 7168 
f 7150 7152 7170 7169 
f 7171 7174 7173 7172 
f 7174 7176 7175 7173 
f 7176 7178 7177 7175 
f 7178 7180 7179 7177 
f 7180 7182 7181 7179 
f 7182 7184 7183 7181 
f 7184 7186 7185 7183 
f 7186 7188 7187 7185 
f 7188 7190 7189 7187 
f 7190 7192 7191 7189 
f 7192 7194 7193 7191 
f 7194 7196 7195 7193 
f 7196 7198 7197 7195 
f 7198 7200 7199 7197 
f 7200 7202 7201 7199 
f 7202 7204 7203 7201 
f 7205 7208 7207 7206 
f 7208 7210 7209 7207 
f 7210 7212 7211 7209 
f 7212 7214 7213 7211 
f 7214 7216 7215 7213 
f 7216 7218 7217 7215 
f 7218 7220 7219 7217 
f 7220 7222 7221 7219 
f 7222 7224 7223 7221 
f 7224 7226 7225 7223 
f 7226 7228 7227 7225 
f 7228 7230 7229 7227 
f 7230 7232 7231 7229 
f 7232 7234 7233 7231 
f 7234 7236 7235 7233 
f 7236 7238 7237 7235 
f 7239 7242 7241 7240 
f 7242 7244 7243 7241 
f 7244 7246 7245 7243 
f 7246 7248 7247 7245 
f 7248 7250 7249 7247 
f 7250 7252 7251 7249 
f 7252 7254 7253 7251 
f 7254 7256 7255 7253 
f 7256 7258 7257 7255 
f 7258 7260 7259 7257 
f 7260 7262 7261 7259 
f 7262 7264 7263 7261 
f 7264 7266 7265 7263 
f 7266 7268 7267 7265 
f 7268 7270 7269 7267 
f 7270 7272 7271 7269 
f 7273 7276 7275 7274 
f 7276 7278 7277 7275 
f 7278 7280 7279 7277 
f 7280 7282 7281 7279 
f 7282 7284 7283 7281 
f 7284 7286 7285 7283 
f 7286 7288 7287 7285 
f 7288 7290 7289 7287 
f 7290 7292 7291 7289 
f 7292 7294 7293 7291 
f 7294 7296 7295 7293 
f 7296 7298 7297 7295 
f 7298 7300 7299 7297 
f 7300 7302 7301 7299 
f 7302 7304 7303 7301 
f 7304 7306 7305 7303 
f 7307 7310 7309 7308 
f 7310 7312 7311 7309 
f 7312 7314 7313 7311 
f 7314 7316 7315 7313 
f 7316 7318 7317 7315 
f 7318 7320 7319 7317 
f 7320 7322 7321 7319 
f 7322 7324 7323 7321 
f 7324 7326 7325 7323 
f 7326 7328 7327 7325 
f 7328 7330 7329 7327 
f 7330 7332 7331 7329 
f 7332 7334 7333 7331 
f 7334 7336 7335 7333 
f 7336 7338 7337 7335 
f 7338 7340 7339 7337 
f 7341 7344 7343 7342 
f 7344 7346 7345 7343 
f 7346 7348 7347 7345 
f 7348 7350 7349 7347 
f 7350 7352 7351 7349 
f 7352 7354 7353 7351 
f 7354 7356 7355 7353 
f 7356 7358 7357 7355 
f 7358 7360 7359 7357 
f 7360 7362 7361 7359 
f 7362 7364 7363 7361 
f 7364 7366 7365 7363 
f 7366 7368 7367 7365 
f 7368 7370 7369 7367 
f 7370 7372 7371 7369 
f 7372 7374 7373 7371 
f 7375 7378 7377 7376 
f 7378 7380 7379 7377 
f 7380 7382 7381 7379 
f 7382 7384 7383 7381 
f 7384 7386 7385 7383 
f 7386 7388 7387 7385 
f 7388 7390 7389 7387 
f 7390 7392 7391 7389 
f 7392 7394 7393 7391 
f 7394 7396 7395 7393 
f 7396 7398 7397 7395 
f 7398 7400 7399 7397 
f 7400 7402 7401 7399 
f 7402 7404 7403 7401 
f 7404 7406 7405 7403 
f 7406 7408 7407 7405 
f 7409 7412 7411 7410 
f 7412 7414 7413 7411 
f 7414 7416 7415 7413 
f 7416 7418 7417 7415 
f 7418 7420 7419 7417 
f 7420 7422 7421 7419 
f 7422 7424 7423 7421 
f 7424 7426 7425 7423 
f 7426 7428 7427 7425 
f 7428 7430 7429 7427 
f 7430 7432 7431 7429 
f 7432 7434 7433 7431 
f 7434 7436 7435 7433 
f 7436 7438 7437 7435 
f 7438 7440 7439 7437 
f 7440 7442 7441 7439 
f 7443 7446 7445 7444 
f 7446 7448 7447 7445 
f 7448 7450 7449 7447 
f 7450 7452 7451 7449 
f 7452 7454 7453 7451 
f 7454 7456 7455 7453 
f 7456 7458 7457 7455 
f 7458 7460 7459 7457 
f 7460 7462 7461 7459 
f 7462 7464 7463 7461 
f 7464 7466 7465 7463 
f 7466 7468 7467 7465 
f 7468 7470 7469 7467 
f 7470 7472 7471 7469 
f 7472 7474 7473 7471 
f 7474 7476 7475 7473 
f 7477 7480 7479 7478 
f 7480 7482 7481 7479 
f 7482 7484 7483 7481 
f 7484 7486 7485 7483 
f 7486 7488 7487 7485 
f 7488 7490 7489 7487 
f 7490 7492 7491 7489 
f 7492 7494 7493 7491 
f 7494 7496 7495 7493 
f 7496 7498 7497 7495 
f 7498 7500 7499 7497 
f 7500 7502 7501 7499 
f 7502 7504 7503 7501 
f 7504 7506 7505 7503 
f 7506 7508 7507 7505 
f 7508 7510 7509 7507 
f 7509 7512 7511 7507 
f 7507 7511 7513 7505 
f 7505 7513 7514 7503 
f 7503 7514 7515 7501 
f 7501 7515 7516 7499 
f 7499 7516 7517 7497 
f 7497 7517 7518 7495 
f 7495 7518 7519 7493 
f 7493 7519 7520 7491 
f 7491 7520 7521 7489 
f 7489 7521 7522 7487 
f 7487 7522 7523 7485 
f 7485 7523 7524 7483 
f 7483 7524 7525 7481 
f 7481 7525 7526 7479 
f 7479 7526 7527 7478 
s 2
f 7528 7531 7530 7529 
f 7529 7530 7533 7532 
f 7532 7533 7535 7534 
f 7534 7535 7537 7536 
f 7536 7537 7539 7538 
f 7538 7539 7541 7540 
f 7540 7541 7543 7542 
f 7542 7543 7545 7544 
f 7544 7545 7547 7546 
f 7546 7547 7549 7548 
f 7548 7549 7551 7550 
f 7550 7551 7553 7552 
f 7552 7553 7555 7554 
f 7554 7555 7557 7556 
f 7556 7557 7559 7558 
f 7558 7559 7561 7560 
s 1
f 7562 7565 7564 7563 
f 7563 7564 7567 7566 
f 7566 7567 7569 7568 
f 7568 7569 7571 7570 
f 7570 7571 7573 7572 
f 7572 7573 7575 7574 
f 7574 7575 7577 7576 
f 7576 7577 7579 7578 
f 7578 7579 7581 7580 
f 7580 7581 7583 7582 
f 7582 7583 7585 7584 
f 7584 7585 7587 7586 
f 7586 7587 7589 7588 
f 7588 7589 7591 7590 
f 7590 7591 7593 7592 
f 7592 7593 7595 7594 
s 2
f 7596 7599 7598 7597 
f 7597 7598 7601 7600 
f 7600 7601 7603 7602 
f 7602 7603 7605 7604 
f 7604 7605 7607 7606 
f 7606 7607 7609 7608 
f 7608 7609 7611 7610 
f 7610 7611 7613 7612 
f 7612 7613 7615 7614 
f 7614 7615 7617 7616 
f 7616 7617 7619 7618 
f 7618 7619 7621 7620 
f 7620 7621 7623 7622 
f 7622 7623 7625 7624 
f 7624 7625 7627 7626 
f 7626 7627 7629 7628 
s 1
f 7630 7633 7632 7631 
f 7631 7632 7635 7634 
f 7634 7635 7637 7636 
f 7636 7637 7639 7638 
f 7638 7639 7641 7640 
f 7640 7641 7643 7642 
f 7642 7643 7645 7644 
f 7644 7645 7647 7646 
f 7646 7647 7649 7648 
f 7648 7649 7651 7650 
f 7650 7651 7653 7652 
f 7652 7653 7655 7654 
f 7654 7655 7657 7656 
f 7656 7657 7659 7658 
f 7658 7659 7661 7660 
f 7660 7661 7663 7662 
s 2
f 7664 7667 7666 7665 
f 7665 7666 7669 7668 
f 7668 7669 7671 7670 
f 7670 7671 7673 7672 
f 7672 7673 7675 7674 
f 7674 7675 7677 7676 
f 7676 7677 7679 7678 
f 7678 7679 7681 7680 
f 7680 7681 7683 7682 
f 7682 7683 7685 7684 
f 7684 7685 7687 7686 
f 7686 7687 7689 7688 
f 7688 7689 7691 7690 
f 7690 7691 7693 7692 
f 7692 7693 7695 7694 
f 7694 7695 7697 7696 
s 1
f 7698 7630 7631 7699 
f 7699 7631 7634 7700 
f 7700 7634 7636 7701 
f 7701 7636 7638 7702 
f 7702 7638 7640 7703 
f 7703 7640 7642 7704 
f 7704 7642 7644 7705 
f 7705 7644 7646 7706 
f 7706 7646 7648 7707 
f 7707 7648 7650 7708 
f 7708 7650 7652 7709 
f 7709 7652 7654 7710 
f 7710 7654 7656 7711 
f 7711 7656 7658 7712 
f 7712 7658 7660 7713 
f 7713 7660 7662 7714 
f 7696 7663 7661 7694 
f 7694 7661 7659 7692 
f 7692 7659 7657 7690 
f 7690 7657 7655 7688 
f 7688 7655 7653 7686 
f 7686 7653 7651 7684 
f 7684 7651 7649 7682 
f 7682 7649 7647 7680 
f 7680 7647 7645 7678 
f 7678 7645 7643 7676 
f 7676 7643 7641 7674 
f 7674 7641 7639 7672 
f 7672 7639 7637 7670 
f 7670 7637 7635 7668 
f 7668 7635 7632 7665 
f 7665 7632 7633 7664 
s 2
f 7715 7596 7597 7716 
f 7716 7597 7600 7717 
f 7717 7600 7602 7718 
f 7718 7602 7604 7719 
f 7719 7604 7606 7720 
f 7720 7606 7608 7721 
f 7721 7608 7610 7722 
f 7722 7610 7612 7723 
f 7723 7612 7614 7724 
f 7724 7614 7616 7725 
f 7725 7616 7618 7726 
f 7726 7618 7620 7727 
f 7727 7620 7622 7728 
f 7728 7622 7624 7729 
f 7729 7624 7626 7730 
f 7730 7626 7628 7731 
f 7714 7629 7627 7713 
f 7713 7627 7625 7712 
f 7712 7625 7623 7711 
f 7711 7623 7621 7710 
f 7710 7621 7619 7709 
f 7709 7619 7617 7708 
f 7708 7617 7615 7707 
f 7707 7615 7613 7706 
f 7706 7613 7611 7705 
f 7705 7611 7609 7704 
f 7704 7609 7607 7703 
f 7703 7607 7605 7702 
f 7702 7605 7603 7701 
f 7701 7603 7601 7700 
f 7700 7601 7598 7699 
f 7699 7598 7599 7698 
s 1
f 7732 7562 7563 7733 
f 7733 7563 7566 7734 
f 7734 7566 7568 7735 
f 7735 7568 7570 7736 
f 7736 7570 7572 7737 
f 7737 7572 7574 7738 
f 7738 7574 7576 7739 
f 7739 7576 7578 7740 
f 7740 7578 7580 7741 
f 7741 7580 7582 7742 
f 7742 7582 7584 7743 
f 7743 7584 7586 7744 
f 7744 7586 7588 7745 
f 7745 7588 7590 7746 
f 7746 7590 7592 7747 
f 7747 7592 7594 7748 
f 7731 7595 7593 7730 
f 7730 7593 7591 7729 
f 7729 7591 7589 7728 
f 7728 7589 7587 7727 
f 7727 7587 7585 7726 
f 7726 7585 7583 7725 
f 7725 7583 7581 7724 
f 7724 7581 7579 7723 
f 7723 7579 7577 7722 
f 7722 7577 7575 7721 
f 7721 7575 7573 7720 
f 7720 7573 7571 7719 
f 7719 7571 7569 7718 
f 7718 7569 7567 7717 
f 7717 7567 7564 7716 
f 7716 7564 7565 7715 
s 2
f 7748 7561 7559 7747 
f 7747 7559 7557 7746 
f 7746 7557 7555 7745 
f 7745 7555 7553 7744 
f 7744 7553 7551 7743 
f 7743 7551 7549 7742 
f 7742 7549 7547 7741 
f 7741 7547 7545 7740 
f 7740 7545 7543 7739 
f 7739 7543 7541 7738 
f 7738 7541 7539 7737 
f 7737 7539 7537 7736 
f 7736 7537 7535 7735 
f 7735 7535 7533 7734 
f 7734 7533 7530 7733 
f 7733 7530 7531 7732 
s 1
f 7512 7750 7749 7511 
f 7511 7749 7751 7513 
f 7513 7751 7752 7514 
f 7514 7752 7753 7515 
f 7515 7753 7754 7516 
f 7516 7754 7755 7517 
f 7517 7755 7756 7518 
f 7518 7756 7757 7519 
f 7519 7757 7758 7520 
f 7520 7758 7759 7521 
f 7521 7759 7760 7522 
f 7522 7760 7761 7523 
f 7523 7761 7762 7524 
f 7524 7762 7763 7525 
f 7525 7763 7764 7526 
f 7526 7764 7765 7527 
s 2
f 7529 7749 7750 7528 
f 7532 7751 7749 7529 
f 7534 7752 7751 7532 
f 7536 7753 7752 7534 
f 7538 7754 7753 7536 
f 7540 7755 7754 7538 
f 7542 7756 7755 7540 
f 7544 7757 7756 7542 
f 7546 7758 7757 7544 
f 7548 7759 7758 7546 
f 7550 7760 7759 7548 
f 7552 7761 7760 7550 
f 7554 7762 7761 7552 
f 7556 7763 7762 7554 
f 7558 7764 7763 7556 
f 7560 7765 7764 7558 
f 7667 7766 7666 
f 7666 7766 7669 
f 7669 7766 7671 
f 7671 7766 7673 
f 7673 7766 7675 
f 7675 7766 7677 
f 7677 7766 7679 
f 7679 7766 7681 
f 7681 7766 7683 
f 7683 7766 7685 
f 7685 7766 7687 
f 7687 7766 7689 
f 7689 7766 7691 
f 7691 7766 7693 
f 7693 7766 7695 
f 7695 7766 7697 
s 1
f 7154 7155 7174 7171 
f 7155 7156 7176 7174 
f 7156 7157 7178 7176 
f 7157 7158 7180 7178 
f 7158 7159 7182 7180 
f 7159 7160 7184 7182 
f 7160 7161 7186 7184 
f 7161 7162 7188 7186 
f 7162 7163 7190 7188 
f 7163 7164 7192 7190 
f 7164 7165 7194 7192 
f 7165 7166 7196 7194 
f 7166 7167 7198 7196 
f 7167 7168 7200 7198 
f 7168 7169 7202 7200 
f 7169 7170 7204 7202 
f 7172 7173 7208 7205 
f 7173 7175 7210 7208 
f 7175 7177 7212 7210 
f 7177 7179 7214 7212 
f 7179 7181 7216 7214 
f 7181 7183 7218 7216 
f 7183 7185 7220 7218 
f 7185 7187 7222 7220 
f 7187 7189 7224 7222 
f 7189 7191 7226 7224 
f 7191 7193 7228 7226 
f 7193 7195 7230 7228 
f 7195 7197 7232 7230 
f 7197 7199 7234 7232 
f 7199 7201 7236 7234 
f 7201 7203 7238 7236 
f 7206 7207 7242 7239 
f 7207 7209 7244 7242 
f 7209 7211 7246 7244 
f 7211 7213 7248 7246 
f 7213 7215 7250 7248 
f 7215 7217 7252 7250 
f 7217 7219 7254 7252 
f 7219 7221 7256 7254 
f 7221 7223 7258 7256 
f 7223 7225 7260 7258 
f 7225 7227 7262 7260 
f 7227 7229 7264 7262 
f 7229 7231 7266 7264 
f 7231 7233 7268 7266 
f 7233 7235 7270 7268 
f 7235 7237 7272 7270 
f 7240 7241 7276 7273 
f 7241 7243 7278 7276 
f 7243 7245 7280 7278 
f 7245 7247 7282 7280 
f 7247 7249 7284 7282 
f 7249 7251 7286 7284 
f 7251 7253 7288 7286 
f 7253 7255 7290 7288 
f 7255 7257 7292 7290 
f 7257 7259 7294 7292 
f 7259 7261 7296 7294 
f 7261 7263 7298 7296 
f 7263 7265 7300 7298 
f 7265 7267 7302 7300 
f 7267 7269 7304 7302 
f 7269 7271 7306 7304 
f 7274 7275 7310 7307 
f 7275 7277 7312 7310 
f 7277 7279 7314 7312 
f 7279 7281 7316 7314 
f 7281 7283 7318 7316 
f 7283 7285 7320 7318 
f 7285 7287 7322 7320 
f 7287 7289 7324 7322 
f 7289 7291 7326 7324 
f 7291 7293 7328 7326 
f 7293 7295 7330 7328 
f 7295 7297 7332 7330 
f 7297 7299 7334 7332 
f 7299 7301 7336 7334 
f 7301 7303 7338 7336 
f 7303 7305 7340 7338 
f 7308 7309 7344 7341 
f 7309 7311 7346 7344 
f 7311 7313 7348 7346 
f 7313 7315 7350 7348 
f 7315 7317 7352 7350 
f 7317 7319 7354 7352 
f 7319 7321 7356 7354 
f 7321 7323 7358 7356 
f 7323 7325 7360 7358 
f 7325 7327 7362 7360 
f 7327 7329 7364 7362 
f 7329 7331 7366 7364 
f 7331 7333 7368 7366 
f 7333 7335 7370 7368 
f 7335 7337 7372 7370 
f 7337 7339 7374 7372 
f 7342 7343 7378 7375 
f 7343 7345 7380 7378 
f 7345 7347 7382 7380 
f 7347 7349 7384 7382 
f 7349 7351 7386 7384 
f 7351 7353 7388 7386 
f 7353 7355 7390 7388 
f 7355 7357 7392 7390 
f 7357 7359 7394 7392 
f 7359 7361 7396 7394 
f 7361 7363 7398 7396 
f 7363 7365 7400 7398 
f 7365 7367 7402 7400 
f 7367 7369 7404 7402 
f 7369 7371 7406 7404 
f 7371 7373 7408 7406 
f 7376 7377 7412 7409 
f 7377 7379 7414 7412 
f 7379 7381 7416 7414 
f 7381 7383 7418 7416 
f 7383 7385 7420 7418 
f 7385 7387 7422 7420 
f 7387 7389 7424 7422 
f 7389 7391 7426 7424 
f 7391 7393 7428 7426 
f 7393 7395 7430 7428 
f 7395 7397 7432 7430 
f 7397 7399 7434 7432 
f 7399 7401 7436 7434 
f 7401 7403 7438 7436 
f 7403 7405 7440 7438 
f 7405 7407 7442 7440 
f 7410 7411 7446 7443 
f 7411 7413 7448 7446 
f 7413 7415 7450 7448 
f 7415 7417 7452 7450 
f 7417 7419 7454 7452 
f 7419 7421 7456 7454 
f 7421 7423 7458 7456 
f 7423 7425 7460 7458 
f 7425 7427 7462 7460 
f 7427 7429 7464 7462 
f 7429 7431 7466 7464 
f 7431 7433 7468 7466 
f 7433 7435 7470 7468 
f 7435 7437 7472 7470 
f 7437 7439 7474 7472 
f 7439 7441 7476 7474 
f 7444 7445 7480 7477 
f 7445 7447 7482 7480 
f 7447 7449 7484 7482 
f 7449 7451 7486 7484 
f 7451 7453 7488 7486 
f 7453 7455 7490 7488 
f 7455 7457 7492 7490 
f 7457 7459 7494 7492 
f 7459 7461 7496 7494 
f 7461 7463 7498 7496 
f 7463 7465 7500 7498 
f 7465 7467 7502 7500 
f 7467 7469 7504 7502 
f 7469 7471 7506 7504 
f 7471 7473 7508 7506 
f 7473 7475 7510 7508 
f 7767 7153 7151 7768 
f 7768 7151 7149 7769 
f 7769 7149 7147 7770 
f 7770 7147 7145 7771 
f 7771 7145 7143 7772 
f 7772 7143 7141 7773 
f 7773 7141 7139 7774 
f 7774 7139 7137 7775 
f 7775 7137 7135 7776 
f 7776 7135 7133 7777 
f 7777 7133 7131 7778 
f 7778 7131 7129 7779 
f 7779 7129 7127 7780 
f 7780 7127 7125 7781 
f 7781 7125 7122 7782 
f 7782 7122 7123 7783 
f 8874 8876 8879 8881 
s 2
f 8882 8878 7792 7784 
f 7784 7792 7793 7785 
f 7785 7793 7794 7786 
f 7786 7794 7795 7787 
f 7787 7795 7796 7788 
f 7788 7796 7797 7789 
f 7789 7797 7798 7790 
f 7790 7798 7799 7791 
f 7791 7799 8298 8300 
s 1
f 8301 8297 8304 8306 
s 2
f 8307 8303 8309 8311 
s 1
f 8876 8884 8887 8879 
s 2
f 8878 8886 7800 7792 
f 7792 7800 7801 7793 
f 7793 7801 7802 7794 
f 7794 7802 7803 7795 
f 7795 7803 7804 7796 
f 7796 7804 7805 7797 
f 7797 7805 7806 7798 
f 7798 7806 7807 7799 
f 7799 7807 8314 8298 
s 1
f 8297 8313 8317 8304 
s 2
f 8303 8316 8319 8309 
s 1
f 8884 8889 8892 8887 
s 2
f 8886 8891 7808 7800 
f 7800 7808 7809 7801 
f 7801 7809 7810 7802 
f 7802 7810 7811 7803 
f 7803 7811 7812 7804 
f 7804 7812 7813 7805 
f 7805 7813 7814 7806 
f 7806 7814 7815 7807 
f 7807 7815 8322 8314 
s 1
f 8313 8321 8325 8317 
s 2
f 8316 8324 8327 8319 
s 1
f 8889 8894 8897 8892 
s 2
f 8891 8896 7816 7808 
f 7808 7816 7817 7809 
f 7809 7817 7818 7810 
f 7810 7818 7819 7811 
f 7811 7819 7820 7812 
f 7812 7820 7821 7813 
f 7813 7821 7822 7814 
f 7814 7822 7823 7815 
f 7815 7823 8330 8322 
s 1
f 8321 8329 8333 8325 
s 2
f 8324 8332 8335 8327 
s 1
f 8894 8899 8902 8897 
s 2
f 8896 8901 7824 7816 
f 7816 7824 7825 7817 
f 7817 7825 7826 7818 
f 7818 7826 7827 7819 
f 7819 7827 7828 7820 
f 7820 7828 7829 7821 
f 7821 7829 7830 7822 
f 7822 7830 7831 7823 
f 7823 7831 8338 8330 
s 1
f 8329 8337 8341 8333 
s 2
f 8332 8340 8343 8335 
s 1
f 8899 8904 8907 8902 
s 2
f 8901 8906 7832 7824 
f 7824 7832 7833 7825 
f 7825 7833 7834 7826 
f 7826 7834 7835 7827 
f 7827 7835 7836 7828 
f 7828 7836 7837 7829 
f 7829 7837 7838 7830 
f 7830 7838 7839 7831 
f 7831 7839 8346 8338 
s 1
f 8337 8345 8349 8341 
s 2
f 8340 8348 8351 8343 
s 1
f 8904 8909 8912 8907 
s 2
f 8906 8911 7840 7832 
f 7832 7840 7841 7833 
f 7833 7841 7842 7834 
f 7834 7842 7843 7835 
f 7835 7843 7844 7836 
f 7836 7844 7845 7837 
f 7837 7845 7846 7838 
f 7838 7846 7847 7839 
f 7839 7847 8354 8346 
s 1
f 8345 8353 8357 8349 
s 2
f 8348 8356 8359 8351 
s 1
f 8909 8914 8917 8912 
s 2
f 8911 8916 7848 7840 
f 7840 7848 7849 7841 
f 7841 7849 7850 7842 
f 7842 7850 7851 7843 
f 7843 7851 7852 7844 
f 7844 7852 7853 7845 
f 7845 7853 7854 7846 
f 7846 7854 7855 7847 
f 7847 7855 8362 8354 
s 1
f 8353 8361 8365 8357 
s 2
f 8356 8364 8367 8359 
s 1
f 8914 8919 8922 8917 
s 2
f 8916 8921 7856 7848 
f 7848 7856 7857 7849 
f 7849 7857 7858 7850 
f 7850 7858 7859 7851 
f 7851 7859 7860 7852 
f 7852 7860 7861 7853 
f 7853 7861 7862 7854 
f 7854 7862 7863 7855 
f 7855 7863 8370 8362 
s 1
f 8361 8369 8373 8365 
s 2
f 8364 8372 8375 8367 
s 1
f 8919 8924 8927 8922 
s 2
f 8921 8926 7864 7856 
f 7856 7864 7865 7857 
f 7857 7865 7866 7858 
f 7858 7866 7867 7859 
f 7859 7867 7868 7860 
f 7860 7868 7869 7861 
f 7861 7869 7870 7862 
f 7862 7870 7871 7863 
f 7863 7871 8378 8370 
s 1
f 8369 8377 8381 8373 
s 2
f 8372 8380 8383 8375 
s 1
f 8924 8929 8932 8927 
s 2
f 8926 8931 7872 7864 
f 7864 7872 7873 7865 
f 7865 7873 7874 7866 
f 7866 7874 7875 7867 
f 7867 7875 7876 7868 
f 7868 7876 7877 7869 
f 7869 7877 7878 7870 
f 7870 7878 7879 7871 
f 7871 7879 8386 8378 
s 1
f 8377 8385 8389 8381 
s 2
f 8380 8388 8391 8383 
s 1
f 8929 8934 8937 8932 
s 2
f 8931 8936 7880 7872 
f 7872 7880 7881 7873 
f 7873 7881 7882 7874 
f 7874 7882 7883 7875 
f 7875 7883 7884 7876 
f 7876 7884 7885 7877 
f 7877 7885 7886 7878 
f 7878 7886 7887 7879 
f 7879 7887 8394 8386 
s 1
f 8385 8393 8397 8389 
s 2
f 8388 8396 8399 8391 
s 1
f 8934 8939 8942 8937 
s 2
f 8936 8941 7888 7880 
f 7880 7888 7889 7881 
f 7881 7889 7890 7882 
f 7882 7890 7891 7883 
f 7883 7891 7892 7884 
f 7884 7892 7893 7885 
f 7885 7893 7894 7886 
f 7886 7894 7895 7887 
f 7887 7895 8402 8394 
s 1
f 8393 8401 8405 8397 
s 2
f 8396 8404 8407 8399 
s 1
f 8939 8944 8947 8942 
s 2
f 8941 8946 7896 7888 
f 7888 7896 7897 7889 
f 7889 7897 7898 7890 
f 7890 7898 7899 7891 
f 7891 7899 7900 7892 
f 7892 7900 7901 7893 
f 7893 7901 7902 7894 
f 7894 7902 7903 7895 
f 7895 7903 8410 8402 
s 1
f 8401 8409 8413 8405 
s 2
f 8404 8412 8415 8407 
s 1
f 8944 8949 8952 8947 
s 2
f 8946 8951 7904 7896 
f 7896 7904 7905 7897 
f 7897 7905 7906 7898 
f 7898 7906 7907 7899 
f 7899 7907 7908 7900 
f 7900 7908 7909 7901 
f 7901 7909 7910 7902 
f 7902 7910 7911 7903 
f 7903 7911 8418 8410 
s 1
f 8409 8417 8421 8413 
s 2
f 8412 8420 8423 8415 
s 1
f 8949 8954 8957 8952 
s 2
f 8951 8956 7912 7904 
f 7904 7912 7913 7905 
f 7905 7913 7914 7906 
f 7906 7914 7915 7907 
f 7907 7915 7916 7908 
f 7908 7916 7917 7909 
f 7909 7917 7918 7910 
f 7910 7918 7919 7911 
f 7911 7919 8426 8418 
s 1
f 8417 8425 8429 8421 
s 2
f 8420 8428 8431 8423 
s 1
f 8954 8959 8962 8957 
s 2
f 8956 8961 7920 7912 
f 7912 7920 7921 7913 
f 7913 7921 7922 7914 
f 7914 7922 7923 7915 
f 7915 7923 7924 7916 
f 7916 7924 7925 7917 
f 7917 7925 7926 7918 
f 7918 7926 7927 7919 
f 7919 7927 8434 8426 
s 1
f 8425 8433 8437 8429 
s 2
f 8428 8436 8439 8431 
s 1
f 8959 8964 8967 8962 
s 2
f 8961 8966 7928 7920 
f 7920 7928 7929 7921 
f 7921 7929 7930 7922 
f 7922 7930 7931 7923 
f 7923 7931 7932 7924 
f 7924 7932 7933 7925 
f 7925 7933 7934 7926 
f 7926 7934 7935 7927 
f 7927 7935 8442 8434 
s 1
f 8433 8441 8445 8437 
s 2
f 8436 8444 8447 8439 
s 1
f 8964 8969 8972 8967 
s 2
f 8966 8971 7936 7928 
f 7928 7936 7937 7929 
f 7929 7937 7938 7930 
f 7930 7938 7939 7931 
f 7931 7939 7940 7932 
f 7932 7940 7941 7933 
f 7933 7941 7942 7934 
f 7934 7942 7943 7935 
f 7935 7943 8450 8442 
s 1
f 8441 8449 8453 8445 
s 2
f 8444 8452 8455 8447 
s 1
f 8969 8974 8977 8972 
s 2
f 8971 8976 7944 7936 
f 7936 7944 7945 7937 
f 7937 7945 7946 7938 
f 7938 7946 7947 7939 
f 7939 7947 7948 7940 
f 7940 7948 7949 7941 
f 7941 7949 7950 7942 
f 7942 7950 7951 7943 
f 7943 7951 8458 8450 
s 1
f 8449 8457 8461 8453 
s 2
f 8452 8460 8463 8455 
s 1
f 8974 8979 8982 8977 
s 2
f 8976 8981 7952 7944 
f 7944 7952 7953 7945 
f 7945 7953 7954 7946 
f 7946 7954 7955 7947 
f 7947 7955 7956 7948 
f 7948 7956 7957 7949 
f 7949 7957 7958 7950 
f 7950 7958 7959 7951 
f 7951 7959 8466 8458 
s 1
f 8457 8465 8469 8461 
s 2
f 8460 8468 8471 8463 
s 1
f 8979 8984 8987 8982 
s 2
f 8981 8986 7960 7952 
f 7952 7960 7961 7953 
f 7953 7961 7962 7954 
f 7954 7962 7963 7955 
f 7955 7963 7964 7956 
f 7956 7964 7965 7957 
f 7957 7965 7966 7958 
f 7958 7966 7967 7959 
f 7959 7967 8474 8466 
s 1
f 8465 8473 8477 8469 
s 2
f 8468 8476 8479 8471 
s 1
f 8984 8989 8992 8987 
s 2
f 8986 8991 7968 7960 
f 7960 7968 7969 7961 
f 7961 7969 7970 7962 
f 7962 7970 7971 7963 
f 7963 7971 7972 7964 
f 7964 7972 7973 7965 
f 7965 7973 7974 7966 
f 7966 7974 7975 7967 
f 7967 7975 8482 8474 
s 1
f 8473 8481 8485 8477 
s 2
f 8476 8484 8487 8479 
s 1
f 8989 8994 8997 8992 
s 2
f 8991 8996 7976 7968 
f 7968 7976 7977 7969 
f 7969 7977 7978 7970 
f 7970 7978 7979 7971 
f 7971 7979 7980 7972 
f 7972 7980 7981 7973 
f 7973 7981 7982 7974 
f 7974 7982 7983 7975 
f 7975 7983 8490 8482 
s 1
f 8481 8489 8493 8485 
s 2
f 8484 8492 8495 8487 
s 1
f 8994 8999 9002 8997 
s 2
f 8996 9001 7984 7976 
f 7976 7984 7985 7977 
f 7977 7985 7986 7978 
f 7978 7986 7987 7979 
f 7979 7987 7988 7980 
f 7980 7988 7989 7981 
f 7981 7989 7990 7982 
f 7982 7990 7991 7983 
f 7983 7991 8498 8490 
s 1
f 8489 8497 8501 8493 
s 2
f 8492 8500 8503 8495 
s 1
f 8999 9004 9007 9002 
s 2
f 9001 9006 7992 7984 
f 7984 7992 7993 7985 
f 7985 7993 7994 7986 
f 7986 7994 7995 7987 
f 7987 7995 7996 7988 
f 7988 7996 7997 7989 
f 7989 7997 7998 7990 
f 7990 7998 7999 7991 
f 7991 7999 8506 8498 
s 1
f 8497 8505 8509 8501 
s 2
f 8500 8508 8511 8503 
s 1
f 9004 9009 9012 9007 
s 2
f 9006 9011 8000 7992 
f 7992 8000 8001 7993 
f 7993 8001 8002 7994 
f 7994 8002 8003 7995 
f 7995 8003 8004 7996 
f 7996 8004 8005 7997 
f 7997 8005 8006 7998 
f 7998 8006 8007 7999 
f 7999 8007 8514 8506 
s 1
f 8505 8513 8517 8509 
s 2
f 8508 8516 8519 8511 
s 1
f 9009 9014 9017 9012 
s 2
f 9011 9016 8008 8000 
f 8000 8008 8009 8001 
f 8001 8009 8010 8002 
f 8002 8010 8011 8003 
f 8003 8011 8012 8004 
f 8004 8012 8013 8005 
f 8005 8013 8014 8006 
f 8006 8014 8015 8007 
f 8007 8015 8522 8514 
s 1
f 8513 8521 8525 8517 
s 2
f 8516 8524 8527 8519 
s 1
f 9014 9019 9022 9017 
s 2
f 9016 9021 8016 8008 
f 8008 8016 8017 8009 
f 8009 8017 8018 8010 
f 8010 8018 8019 8011 
f 8011 8019 8020 8012 
f 8012 8020 8021 8013 
f 8013 8021 8022 8014 
f 8014 8022 8023 8015 
f 8015 8023 8530 8522 
s 1
f 8521 8529 8533 8525 
s 2
f 8524 8532 8535 8527 
s 1
f 9019 9024 9027 9022 
s 2
f 9021 9026 8024 8016 
f 8016 8024 8025 8017 
f 8017 8025 8026 8018 
f 8018 8026 8027 8019 
f 8019 8027 8028 8020 
f 8020 8028 8029 8021 
f 8021 8029 8030 8022 
f 8022 8030 8031 8023 
f 8023 8031 8538 8530 
s 1
f 8529 8537 8541 8533 
s 2
f 8532 8540 8543 8535 
s 1
f 9024 9029 9032 9027 
s 2
f 9026 9031 8032 8024 
f 8024 8032 8033 8025 
f 8025 8033 8034 8026 
f 8026 8034 8035 8027 
f 8027 8035 8036 8028 
f 8028 8036 8037 8029 
f 8029 8037 8038 8030 
f 8030 8038 8039 8031 
f 8031 8039 8546 8538 
s 1
f 8537 8545 8549 8541 
s 2
f 8540 8548 8551 8543 
s 1
f 9029 9034 9037 9032 
s 2
f 9031 9036 8040 8032 
f 8032 8040 8041 8033 
f 8033 8041 8042 8034 
f 8034 8042 8043 8035 
f 8035 8043 8044 8036 
f 8036 8044 8045 8037 
f 8037 8045 8046 8038 
f 8038 8046 8047 8039 
f 8039 8047 8554 8546 
s 1
f 8545 8553 8557 8549 
s 2
f 8548 8556 8559 8551 
s 1
f 9034 9039 9042 9037 
s 2
f 9036 9041 8048 8040 
f 8040 8048 8049 8041 
f 8041 8049 8050 8042 
f 8042 8050 8051 8043 
f 8043 8051 8052 8044 
f 8044 8052 8053 8045 
f 8045 8053 8054 8046 
f 8046 8054 8055 8047 
f 8047 8055 8562 8554 
s 1
f 8553 8561 8565 8557 
s 2
f 8556 8564 8567 8559 
s 1
f 9039 9044 9047 9042 
s 2
f 9041 9046 8056 8048 
f 8048 8056 8057 8049 
f 8049 8057 8058 8050 
f 8050 8058 8059 8051 
f 8051 8059 8060 8052 
f 8052 8060 8061 8053 
f 8053 8061 8062 8054 
f 8054 8062 8063 8055 
f 8055 8063 8570 8562 
s 1
f 8561 8569 8573 8565 
s 2
f 8564 8572 8575 8567 
s 1
f 9044 9049 9052 9047 
s 2
f 9046 9051 8064 8056 
f 8056 8064 8065 8057 
f 8057 8065 8066 8058 
f 8058 8066 8067 8059 
f 8059 8067 8068 8060 
f 8060 8068 8069 8061 
f 8061 8069 8070 8062 
f 8062 8070 8071 8063 
f 8063 8071 8578 8570 
s 1
f 8569 8577 8581 8573 
s 2
f 8572 8580 8583 8575 
s 1
f 9049 9054 9057 9052 
s 2
f 9051 9056 8072 8064 
f 8064 8072 8073 8065 
f 8065 8073 8074 8066 
f 8066 8074 8075 8067 
f 8067 8075 8076 8068 
f 8068 8076 8077 8069 
f 8069 8077 8078 8070 
f 8070 8078 8079 8071 
f 8071 8079 8586 8578 
s 1
f 8577 8585 8589 8581 
s 2
f 8580 8588 8591 8583 
s 1
f 9054 9059 9062 9057 
s 2
f 9056 9061 8080 8072 
f 8072 8080 8081 8073 
f 8073 8081 8082 8074 
f 8074 8082 8083 8075 
f 8075 8083 8084 8076 
f 8076 8084 8085 8077 
f 8077 8085 8086 8078 
f 8078 8086 8087 8079 
f 8079 8087 8594 8586 
s 1
f 8585 8593 8597 8589 
s 2
f 8588 8596 8599 8591 
s 1
f 9059 9064 9067 9062 
s 2
f 9061 9066 8088 8080 
f 8080 8088 8089 8081 
f 8081 8089 8090 8082 
f 8082 8090 8091 8083 
f 8083 8091 8092 8084 
f 8084 8092 8093 8085 
f 8085 8093 8094 8086 
f 8086 8094 8095 8087 
f 8087 8095 8602 8594 
s 1
f 8593 8601 8605 8597 
s 2
f 8596 8604 8607 8599 
s 1
f 9064 9069 9072 9067 
s 2
f 9066 9071 8096 8088 
f 8088 8096 8097 8089 
f 8089 8097 8098 8090 
f 8090 8098 8099 8091 
f 8091 8099 8100 8092 
f 8092 8100 8101 8093 
f 8093 8101 8102 8094 
f 8094 8102 8103 8095 
f 8095 8103 8610 8602 
s 1
f 8601 8609 8613 8605 
s 2
f 8604 8612 8615 8607 
s 1
f 9069 9074 9077 9072 
s 2
f 9071 9076 8104 8096 
f 8096 8104 8105 8097 
f 8097 8105 8106 8098 
f 8098 8106 8107 8099 
f 8099 8107 8108 8100 
f 8100 8108 8109 8101 
f 8101 8109 8110 8102 
f 8102 8110 8111 8103 
f 8103 8111 8618 8610 
s 1
f 8609 8617 8621 8613 
s 2
f 8612 8620 8623 8615 
s 1
f 9074 9079 9082 9077 
s 2
f 9076 9081 8112 8104 
f 8104 8112 8113 8105 
f 8105 8113 8114 8106 
f 8106 8114 8115 8107 
f 8107 8115 8116 8108 
f 8108 8116 8117 8109 
f 8109 8117 8118 8110 
f 8110 8118 8119 8111 
f 8111 8119 8626 8618 
s 1
f 8617 8625 8629 8621 
s 2
f 8620 8628 8631 8623 
s 1
f 9079 9084 9087 9082 
s 2
f 9081 9086 8120 8112 
f 8112 8120 8121 8113 
f 8113 8121 8122 8114 
f 8114 8122 8123 8115 
f 8115 8123 8124 8116 
f 8116 8124 8125 8117 
f 8117 8125 8126 8118 
f 8118 8126 8127 8119 
f 8119 8127 8634 8626 
s 1
f 8625 8633 8637 8629 
s 2
f 8628 8636 8639 8631 
s 1
f 9084 9089 9092 9087 
s 2
f 9086 9091 8128 8120 
f 8120 8128 8129 8121 
f 8121 8129 8130 8122 
f 8122 8130 8131 8123 
f 8123 8131 8132 8124 
f 8124 8132 8133 8125 
f 8125 8133 8134 8126 
f 8126 8134 8135 8127 
f 8127 8135 8642 8634 
s 1
f 8633 8641 8645 8637 
s 2
f 8636 8644 8647 8639 
s 1
f 9089 9094 9097 9092 
s 2
f 9091 9096 8136 8128 
f 8128 8136 8137 8129 
f 8129 8137 8138 8130 
f 8130 8138 8139 8131 
f 8131 8139 8140 8132 
f 8132 8140 8141 8133 
f 8133 8141 8142 8134 
f 8134 8142 8143 8135 
f 8135 8143 8650 8642 
s 1
f 8641 8649 8653 8645 
s 2
f 8644 8652 8655 8647 
s 1
f 9094 9099 9102 9097 
s 2
f 9096 9101 8144 8136 
f 8136 8144 8145 8137 
f 8137 8145 8146 8138 
f 8138 8146 8147 8139 
f 8139 8147 8148 8140 
f 8140 8148 8149 8141 
f 8141 8149 8150 8142 
f 8142 8150 8151 8143 
f 8143 8151 8658 8650 
s 1
f 8649 8657 8661 8653 
s 2
f 8652 8660 8663 8655 
s 1
f 9099 9104 9107 9102 
s 2
f 9101 9106 8152 8144 
f 8144 8152 8153 8145 
f 8145 8153 8154 8146 
f 8146 8154 8155 8147 
f 8147 8155 8156 8148 
f 8148 8156 8157 8149 
f 8149 8157 8158 8150 
f 8150 8158 8159 8151 
f 8151 8159 8666 8658 
s 1
f 8657 8665 8669 8661 
s 2
f 8660 8668 8671 8663 
s 1
f 9104 9109 9112 9107 
s 2
f 9106 9111 8160 8152 
f 8152 8160 8161 8153 
f 8153 8161 8162 8154 
f 8154 8162 8163 8155 
f 8155 8163 8164 8156 
f 8156 8164 8165 8157 
f 8157 8165 8166 8158 
f 8158 8166 8167 8159 
f 8159 8167 8674 8666 
s 1
f 8665 8673 8677 8669 
s 2
f 8668 8676 8679 8671 
s 1
f 9109 9114 9117 9112 
s 2
f 9111 9116 8168 8160 
f 8160 8168 8169 8161 
f 8161 8169 8170 8162 
f 8162 8170 8171 8163 
f 8163 8171 8172 8164 
f 8164 8172 8173 8165 
f 8165 8173 8174 8166 
f 8166 8174 8175 8167 
f 8167 8175 8682 8674 
s 1
f 8673 8681 8685 8677 
s 2
f 8676 8684 8687 8679 
s 1
f 9114 9119 9122 9117 
s 2
f 9116 9121 8176 8168 
f 8168 8176 8177 8169 
f 8169 8177 8178 8170 
f 8170 8178 8179 8171 
f 8171 8179 8180 8172 
f 8172 8180 8181 8173 
f 8173 8181 8182 8174 
f 8174 8182 8183 8175 
f 8175 8183 8690 8682 
s 1
f 8681 8689 8693 8685 
s 2
f 8684 8692 8695 8687 
s 1
f 9119 9124 9127 9122 
s 2
f 9121 9126 8184 8176 
f 8176 8184 8185 8177 
f 8177 8185 8186 8178 
f 8178 8186 8187 8179 
f 8179 8187 8188 8180 
f 8180 8188 8189 8181 
f 8181 8189 8190 8182 
f 8182 8190 8191 8183 
f 8183 8191 8698 8690 
s 1
f 8689 8697 8701 8693 
s 2
f 8692 8700 8703 8695 
s 1
f 9124 9129 9132 9127 
s 2
f 9126 9131 8192 8184 
f 8184 8192 8193 8185 
f 8185 8193 8194 8186 
f 8186 8194 8195 8187 
f 8187 8195 8196 8188 
f 8188 8196 8197 8189 
f 8189 8197 8198 8190 
f 8190 8198 8199 8191 
f 8191 8199 8706 8698 
s 1
f 8697 8705 8709 8701 
s 2
f 8700 8708 8711 8703 
s 1
f 9129 9134 9137 9132 
s 2
f 9131 9136 8200 8192 
f 8192 8200 8201 8193 
f 8193 8201 8202 8194 
f 8194 8202 8203 8195 
f 8195 8203 8204 8196 
f 8196 8204 8205 8197 
f 8197 8205 8206 8198 
f 8198 8206 8207 8199 
f 8199 8207 8714 8706 
s 1
f 8705 8713 8717 8709 
s 2
f 8708 8716 8719 8711 
s 1
f 9134 9139 9142 9137 
s 2
f 9136 9141 8208 8200 
f 8200 8208 8209 8201 
f 8201 8209 8210 8202 
f 8202 8210 8211 8203 
f 8203 8211 8212 8204 
f 8204 8212 8213 8205 
f 8205 8213 8214 8206 
f 8206 8214 8215 8207 
f 8207 8215 8722 8714 
s 1
f 8713 8721 8725 8717 
s 2
f 8716 8724 8727 8719 
s 1
f 9139 9144 9147 9142 
s 2
f 9141 9146 8216 8208 
f 8208 8216 8217 8209 
f 8209 8217 8218 8210 
f 8210 8218 8219 8211 
f 8211 8219 8220 8212 
f 8212 8220 8221 8213 
f 8213 8221 8222 8214 
f 8214 8222 8223 8215 
f 8215 8223 8730 8722 
s 1
f 8721 8729 8733 8725 
s 2
f 8724 8732 8735 8727 
s 1
f 9144 9149 9152 9147 
s 2
f 9146 9151 8224 8216 
f 8216 8224 8225 8217 
f 8217 8225 8226 8218 
f 8218 8226 8227 8219 
f 8219 8227 8228 8220 
f 8220 8228 8229 8221 
f 8221 8229 8230 8222 
f 8222 8230 8231 8223 
f 8223 8231 8738 8730 
s 1
f 8729 8737 8741 8733 
s 2
f 8732 8740 8743 8735 
s 1
f 9149 9154 9157 9152 
s 2
f 9151 9156 8232 8224 
f 8224 8232 8233 8225 
f 8225 8233 8234 8226 
f 8226 8234 8235 8227 
f 8227 8235 8236 8228 
f 8228 8236 8237 8229 
f 8229 8237 8238 8230 
f 8230 8238 8239 8231 
f 8231 8239 8746 8738 
s 1
f 8737 8745 8749 8741 
s 2
f 8740 8748 8751 8743 
s 1
f 9154 9159 9162 9157 
s 2
f 9156 9161 8240 8232 
f 8232 8240 8241 8233 
f 8233 8241 8242 8234 
f 8234 8242 8243 8235 
f 8235 8243 8244 8236 
f 8236 8244 8245 8237 
f 8237 8245 8246 8238 
f 8238 8246 8247 8239 
f 8239 8247 8754 8746 
s 1
f 8745 8753 8757 8749 
s 2
f 8748 8756 8759 8751 
s 1
f 9159 9164 9167 9162 
s 2
f 9161 9166 8248 8240 
f 8240 8248 8249 8241 
f 8241 8249 8250 8242 
f 8242 8250 8251 8243 
f 8243 8251 8252 8244 
f 8244 8252 8253 8245 
f 8245 8253 8254 8246 
f 8246 8254 8255 8247 
f 8247 8255 8762 8754 
s 1
f 8753 8761 8765 8757 
s 2
f 8756 8764 8767 8759 
s 1
f 9164 9169 9172 9167 
s 2
f 9166 9171 8256 8248 
f 8248 8256 8257 8249 
f 8249 8257 8258 8250 
f 8250 8258 8259 8251 
f 8251 8259 8260 8252 
f 8252 8260 8261 8253 
f 8253 8261 8262 8254 
f 8254 8262 8263 8255 
f 8255 8263 8770 8762 
s 1
f 8761 8769 8773 8765 
s 2
f 8764 8772 8775 8767 
s 1
f 9169 9174 9177 9172 
s 2
f 9171 9176 8264 8256 
f 8256 8264 8265 8257 
f 8257 8265 8266 8258 
f 8258 8266 8267 8259 
f 8259 8267 8268 8260 
f 8260 8268 8269 8261 
f 8261 8269 8270 8262 
f 8262 8270 8271 8263 
f 8263 8271 8778 8770 
s 1
f 8769 8777 8781 8773 
s 2
f 8772 8780 8783 8775 
s 1
f 9174 9179 9182 9177 
s 2
f 9176 9181 8272 8264 
f 8264 8272 8273 8265 
f 8265 8273 8274 8266 
f 8266 8274 8275 8267 
f 8267 8275 8276 8268 
f 8268 8276 8277 8269 
f 8269 8277 8278 8270 
f 8270 8278 8279 8271 
f 8271 8279 8786 8778 
s 1
f 8777 8785 8789 8781 
s 2
f 8780 8788 8791 8783 
s 1
f 9179 9184 9187 9182 
s 2
f 9181 9186 8280 8272 
f 8272 8280 8281 8273 
f 8273 8281 8282 8274 
f 8274 8282 8283 8275 
f 8275 8283 8284 8276 
f 8276 8284 8285 8277 
f 8277 8285 8286 8278 
f 8278 8286 8287 8279 
f 8279 8287 8794 8786 
s 1
f 8785 8793 8797 8789 
s 2
f 8788 8796 8799 8791 
s 1
f 9184 9189 9192 9187 
s 2
f 9186 9191 8288 8280 
f 8280 8288 8289 8281 
f 8281 8289 8290 8282 
f 8282 8290 8291 8283 
f 8283 8291 8292 8284 
f 8284 8292 8293 8285 
f 8285 8293 8294 8286 
f 8286 8294 8295 8287 
f 8287 8295 8802 8794 
s 1
f 8793 8801 8805 8797 
s 2
f 8796 8804 8807 8799 
s 1
f 9189 8874 8881 9192 
s 2
f 9191 8882 7784 8288 
f 8288 7784 7785 8289 
f 8289 7785 7786 8290 
f 8290 7786 7787 8291 
f 8291 7787 7788 8292 
f 8292 7788 7789 8293 
f 8293 7789 7790 8294 
f 8294 7790 7791 8295 
f 8295 7791 8300 8802 
s 1
f 8801 8301 8306 8805 
s 2
f 8804 8307 8311 8807 
f 8300 8298 8296 8299 
s 1
f 8297 8301 8299 8296 
f 8306 8304 8302 8305 
s 2
f 8303 8307 8305 8302 
f 8311 8309 8308 8310 
f 8298 8314 8312 8296 
s 1
f 8313 8297 8296 8312 
f 8304 8317 8315 8302 
s 2
f 8316 8303 8302 8315 
f 8309 8319 8318 8308 
f 8314 8322 8320 8312 
s 1
f 8321 8313 8312 8320 
f 8317 8325 8323 8315 
s 2
f 8324 8316 8315 8323 
f 8319 8327 8326 8318 
f 8322 8330 8328 8320 
s 1
f 8329 8321 8320 8328 
f 8325 8333 8331 8323 
s 2
f 8332 8324 8323 8331 
f 8327 8335 8334 8326 
f 8330 8338 8336 8328 
s 1
f 8337 8329 8328 8336 
f 8333 8341 8339 8331 
s 2
f 8340 8332 8331 8339 
f 8335 8343 8342 8334 
f 8338 8346 8344 8336 
s 1
f 8345 8337 8336 8344 
f 8341 8349 8347 8339 
s 2
f 8348 8340 8339 8347 
f 8343 8351 8350 8342 
f 8346 8354 8352 8344 
s 1
f 8353 8345 8344 8352 
f 8349 8357 8355 8347 
s 2
f 8356 8348 8347 8355 
f 8351 8359 8358 8350 
f 8354 8362 8360 8352 
s 1
f 8361 8353 8352 8360 
f 8357 8365 8363 8355 
s 2
f 8364 8356 8355 8363 
f 8359 8367 8366 8358 
f 8362 8370 8368 8360 
s 1
f 8369 8361 8360 8368 
f 8365 8373 8371 8363 
s 2
f 8372 8364 8363 8371 
f 8367 8375 8374 8366 
f 8370 8378 8376 8368 
s 1
f 8377 8369 8368 8376 
f 8373 8381 8379 8371 
s 2
f 8380 8372 8371 8379 
f 8375 8383 8382 8374 
f 8378 8386 8384 8376 
s 1
f 8385 8377 8376 8384 
f 8381 8389 8387 8379 
s 2
f 8388 8380 8379 8387 
f 8383 8391 8390 8382 
f 8386 8394 8392 8384 
s 1
f 8393 8385 8384 8392 
f 8389 8397 8395 8387 
s 2
f 8396 8388 8387 8395 
f 8391 8399 8398 8390 
f 8394 8402 8400 8392 
s 1
f 8401 8393 8392 8400 
f 8397 8405 8403 8395 
s 2
f 8404 8396 8395 8403 
f 8399 8407 8406 8398 
f 8402 8410 8408 8400 
s 1
f 8409 8401 8400 8408 
f 8405 8413 8411 8403 
s 2
f 8412 8404 8403 8411 
f 8407 8415 8414 8406 
f 8410 8418 8416 8408 
s 1
f 8417 8409 8408 8416 
f 8413 8421 8419 8411 
s 2
f 8420 8412 8411 8419 
f 8415 8423 8422 8414 
f 8418 8426 8424 8416 
s 1
f 8425 8417 8416 8424 
f 8421 8429 8427 8419 
s 2
f 8428 8420 8419 8427 
f 8423 8431 8430 8422 
f 8426 8434 8432 8424 
s 1
f 8433 8425 8424 8432 
f 8429 8437 8435 8427 
s 2
f 8436 8428 8427 8435 
f 8431 8439 8438 8430 
f 8434 8442 8440 8432 
s 1
f 8441 8433 8432 8440 
f 8437 8445 8443 8435 
s 2
f 8444 8436 8435 8443 
f 8439 8447 8446 8438 
f 8442 8450 8448 8440 
s 1
f 8449 8441 8440 8448 
f 8445 8453 8451 8443 
s 2
f 8452 8444 8443 8451 
f 8447 8455 8454 8446 
f 8450 8458 8456 8448 
s 1
f 8457 8449 8448 8456 
f 8453 8461 8459 8451 
s 2
f 8460 8452 8451 8459 
f 8455 8463 8462 8454 
f 8458 8466 8464 8456 
s 1
f 8465 8457 8456 8464 
f 8461 8469 8467 8459 
s 2
f 8468 8460 8459 8467 
f 8463 8471 8470 8462 
f 8466 8474 8472 8464 
s 1
f 8473 8465 8464 8472 
f 8469 8477 8475 8467 
s 2
f 8476 8468 8467 8475 
f 8471 8479 8478 8470 
f 8474 8482 8480 8472 
s 1
f 8481 8473 8472 8480 
f 8477 8485 8483 8475 
s 2
f 8484 8476 8475 8483 
f 8479 8487 8486 8478 
f 8482 8490 8488 8480 
s 1
f 8489 8481 8480 8488 
f 8485 8493 8491 8483 
s 2
f 8492 8484 8483 8491 
f 8487 8495 8494 8486 
f 8490 8498 8496 8488 
s 1
f 8497 8489 8488 8496 
f 8493 8501 8499 8491 
s 2
f 8500 8492 8491 8499 
f 8495 8503 8502 8494 
f 8498 8506 8504 8496 
s 1
f 8505 8497 8496 8504 
f 8501 8509 8507 8499 
s 2
f 8508 8500 8499 8507 
f 8503 8511 8510 8502 
f 8506 8514 8512 8504 
s 1
f 8513 8505 8504 8512 
f 8509 8517 8515 8507 
s 2
f 8516 8508 8507 8515 
f 8511 8519 8518 8510 
f 8514 8522 8520 8512 
s 1
f 8521 8513 8512 8520 
f 8517 8525 8523 8515 
s 2
f 8524 8516 8515 8523 
f 8519 8527 8526 8518 
f 8522 8530 8528 8520 
s 1
f 8529 8521 8520 8528 
f 8525 8533 8531 8523 
s 2
f 8532 8524 8523 8531 
f 8527 8535 8534 8526 
f 8530 8538 8536 8528 
s 1
f 8537 8529 8528 8536 
f 8533 8541 8539 8531 
s 2
f 8540 8532 8531 8539 
f 8535 8543 8542 8534 
f 8538 8546 8544 8536 
s 1
f 8545 8537 8536 8544 
f 8541 8549 8547 8539 
s 2
f 8548 8540 8539 8547 
f 8543 8551 8550 8542 
f 8546 8554 8552 8544 
s 1
f 8553 8545 8544 8552 
f 8549 8557 8555 8547 
s 2
f 8556 8548 8547 8555 
f 8551 8559 8558 8550 
f 8554 8562 8560 8552 
s 1
f 8561 8553 8552 8560 
f 8557 8565 8563 8555 
s 2
f 8564 8556 8555 8563 
f 8559 8567 8566 8558 
f 8562 8570 8568 8560 
s 1
f 8569 8561 8560 8568 
f 8565 8573 8571 8563 
s 2
f 8572 8564 8563 8571 
f 8567 8575 8574 8566 
f 8570 8578 8576 8568 
s 1
f 8577 8569 8568 8576 
f 8573 8581 8579 8571 
s 2
f 8580 8572 8571 8579 
f 8575 8583 8582 8574 
f 8578 8586 8584 8576 
s 1
f 8585 8577 8576 8584 
f 8581 8589 8587 8579 
s 2
f 8588 8580 8579 8587 
f 8583 8591 8590 8582 
f 8586 8594 8592 8584 
s 1
f 8593 8585 8584 8592 
f 8589 8597 8595 8587 
s 2
f 8596 8588 8587 8595 
f 8591 8599 8598 8590 
f 8594 8602 8600 8592 
s 1
f 8601 8593 8592 8600 
f 8597 8605 8603 8595 
s 2
f 8604 8596 8595 8603 
f 8599 8607 8606 8598 
f 8602 8610 8608 8600 
s 1
f 8609 8601 8600 8608 
f 8605 8613 8611 8603 
s 2
f 8612 8604 8603 8611 
f 8607 8615 8614 8606 
f 8610 8618 8616 8608 
s 1
f 8617 8609 8608 8616 
f 8613 8621 8619 8611 
s 2
f 8620 8612 8611 8619 
f 8615 8623 8622 8614 
f 8618 8626 8624 8616 
s 1
f 8625 8617 8616 8624 
f 8621 8629 8627 8619 
s 2
f 8628 8620 8619 8627 
f 8623 8631 8630 8622 
f 8626 8634 8632 8624 
s 1
f 8633 8625 8624 8632 
f 8629 8637 8635 8627 
s 2
f 8636 8628 8627 8635 
f 8631 8639 8638 8630 
f 8634 8642 8640 8632 
s 1
f 8641 8633 8632 8640 
f 8637 8645 8643 8635 
s 2
f 8644 8636 8635 8643 
f 8639 8647 8646 8638 
f 8642 8650 8648 8640 
s 1
f 8649 8641 8640 8648 
f 8645 8653 8651 8643 
s 2
f 8652 8644 8643 8651 
f 8647 8655 8654 8646 
f 8650 8658 8656 8648 
s 1
f 8657 8649 8648 8656 
f 8653 8661 8659 8651 
s 2
f 8660 8652 8651 8659 
f 8655 8663 8662 8654 
f 8658 8666 8664 8656 
s 1
f 8665 8657 8656 8664 
f 8661 8669 8667 8659 
s 2
f 8668 8660 8659 8667 
f 8663 8671 8670 8662 
f 8666 8674 8672 8664 
s 1
f 8673 8665 8664 8672 
f 8669 8677 8675 8667 
s 2
f 8676 8668 8667 8675 
f 8671 8679 8678 8670 
f 8674 8682 8680 8672 
s 1
f 8681 8673 8672 8680 
f 8677 8685 8683 8675 
s 2
f 8684 8676 8675 8683 
f 8679 8687 8686 8678 
f 8682 8690 8688 8680 
s 1
f 8689 8681 8680 8688 
f 8685 8693 8691 8683 
s 2
f 8692 8684 8683 8691 
f 8687 8695 8694 8686 
f 8690 8698 8696 8688 
s 1
f 8697 8689 8688 8696 
f 8693 8701 8699 8691 
s 2
f 8700 8692 8691 8699 
f 8695 8703 8702 8694 
f 8698 8706 8704 8696 
s 1
f 8705 8697 8696 8704 
f 8701 8709 8707 8699 
s 2
f 8708 8700 8699 8707 
f 8703 8711 8710 8702 
f 8706 8714 8712 8704 
s 1
f 8713 8705 8704 8712 
f 8709 8717 8715 8707 
s 2
f 8716 8708 8707 8715 
f 8711 8719 8718 8710 
f 8714 8722 8720 8712 
s 1
f 8721 8713 8712 8720 
f 8717 8725 8723 8715 
s 2
f 8724 8716 8715 8723 
f 8719 8727 8726 8718 
f 8722 8730 8728 8720 
s 1
f 8729 8721 8720 8728 
f 8725 8733 8731 8723 
s 2
f 8732 8724 8723 8731 
f 8727 8735 8734 8726 
f 8730 8738 8736 8728 
s 1
f 8737 8729 8728 8736 
f 8733 8741 8739 8731 
s 2
f 8740 8732 8731 8739 
f 8735 8743 8742 8734 
f 8738 8746 8744 8736 
s 1
f 8745 8737 8736 8744 
f 8741 8749 8747 8739 
s 2
f 8748 8740 8739 8747 
f 8743 8751 8750 8742 
f 8746 8754 8752 8744 
s 1
f 8753 8745 8744 8752 
f 8749 8757 8755 8747 
s 2
f 8756 8748 8747 8755 
f 8751 8759 8758 8750 
f 8754 8762 8760 8752 
s 1
f 8761 8753 8752 8760 
f 8757 8765 8763 8755 
s 2
f 8764 8756 8755 8763 
f 8759 8767 8766 8758 
f 8762 8770 8768 8760 
s 1
f 8769 8761 8760 8768 
f 8765 8773 8771 8763 
s 2
f 8772 8764 8763 8771 
f 8767 8775 8774 8766 
f 8770 8778 8776 8768 
s 1
f 8777 8769 8768 8776 
f 8773 8781 8779 8771 
s 2
f 8780 8772 8771 8779 
f 8775 8783 8782 8774 
f 8778 8786 8784 8776 
s 1
f 8785 8777 8776 8784 
f 8781 8789 8787 8779 
s 2
f 8788 8780 8779 8787 
f 8783 8791 8790 8782 
f 8786 8794 8792 8784 
s 1
f 8793 8785 8784 8792 
f 8789 8797 8795 8787 
s 2
f 8796 8788 8787 8795 
f 8791 8799 8798 8790 
f 8794 8802 8800 8792 
s 1
f 8801 8793 8792 8800 
f 8797 8805 8803 8795 
s 2
f 8804 8796 8795 8803 
f 8799 8807 8806 8798 
f 8802 8300 8299 8800 
s 1
f 8301 8801 8800 8299 
f 8805 8306 8305 8803 
s 2
f 8307 8804 8803 8305 
f 8807 8311 8310 8806 
s 1
f 8809 8808 8308 8318 
f 8810 8809 8318 8326 
f 8811 8810 8326 8334 
f 8812 8811 8334 8342 
f 8813 8812 8342 8350 
f 8814 8813 8350 8358 
f 8815 8814 8358 8366 
f 8816 8815 8366 8374 
f 8817 8816 8374 8382 
f 8818 8817 8382 8390 
f 8819 8818 8390 8398 
f 8820 8819 8398 8406 
f 8821 8820 8406 8414 
f 8822 8821 8414 8422 
f 8823 8822 8422 8430 
f 8824 8823 8430 8438 
f 8825 8824 8438 8446 
f 8826 8825 8446 8454 
f 8827 8826 8454 8462 
f 8828 8827 8462 8470 
f 8829 8828 8470 8478 
f 8830 8829 8478 8486 
f 8831 8830 8486 8494 
f 8832 8831 8494 8502 
f 8833 8832 8502 8510 
f 8834 8833 8510 8518 
f 8835 8834 8518 8526 
f 8836 8835 8526 8534 
f 8837 8836 8534 8542 
f 8838 8837 8542 8550 
f 8839 8838 8550 8558 
f 8840 8839 8558 8566 
f 8841 8840 8566 8574 
f 8842 8841 8574 8582 
f 8843 8842 8582 8590 
f 8844 8843 8590 8598 
f 8845 8844 8598 8606 
f 8846 8845 8606 8614 
f 8847 8846 8614 8622 
f 8848 8847 8622 8630 
f 8849 8848 8630 8638 
f 8850 8849 8638 8646 
f 8851 8850 8646 8654 
f 8852 8851 8654 8662 
f 8853 8852 8662 8670 
f 8854 8853 8670 8678 
f 8855 8854 8678 8686 
f 8856 8855 8686 8694 
f 8857 8856 8694 8702 
f 8858 8857 8702 8710 
f 8859 8858 8710 8718 
f 8860 8859 8718 8726 
f 8861 8860 8726 8734 
f 8862 8861 8734 8742 
f 8863 8862 8742 8750 
f 8864 8863 8750 8758 
f 8865 8864 8758 8766 
f 8866 8865 8766 8774 
f 8867 8866 8774 8782 
f 8868 8867 8782 8790 
f 8869 8868 8790 8798 
f 8870 8869 8798 8806 
f 8871 8870 8806 8310 
f 8808 8871 8310 8308 
s off
f 8808 8809 8872 
f 8809 8810 8872 
f 8810 8811 8872 
f 8811 8812 8872 
f 8812 8813 8872 
f 8813 8814 8872 
f 8814 8815 8872 
f 8815 8816 8872 
f 8816 8817 8872 
f 8817 8818 8872 
f 8818 8819 8872 
f 8819 8820 8872 
f 8820 8821 8872 
f 8821 8822 8872 
f 8822 8823 8872 
f 8823 8824 8872 
f 8824 8825 8872 
f 8825 8826 8872 
f 8826 8827 8872 
f 8827 8828 8872 
f 8828 8829 8872 
f 8829 8830 8872 
f 8830 8831 8872 
f 8831 8832 8872 
f 8832 8833 8872 
f 8833 8834 8872 
f 8834 8835 8872 
f 8835 8836 8872 
f 8836 8837 8872 
f 8837 8838 8872 
f 8838 8839 8872 
f 8839 8840 8872 
f 8840 8841 8872 
f 8841 8842 8872 
f 8842 8843 8872 
f 8843 8844 8872 
f 8844 8845 8872 
f 8845 8846 8872 
f 8846 8847 8872 
f 8847 8848 8872 
f 8848 8849 8872 
f 8849 8850 8872 
f 8850 8851 8872 
f 8851 8852 8872 
f 8852 8853 8872 
f 8853 8854 8872 
f 8854 8855 8872 
f 8855 8856 8872 
f 8856 8857 8872 
f 8857 8858 8872 
f 8858 8859 8872 
f 8859 8860 8872 
f 8860 8861 8872 
f 8861 8862 8872 
f 8862 8863 8872 
f 8863 8864 8872 
f 8864 8865 8872 
f 8865 8866 8872 
f 8866 8867 8872 
f 8867 8868 8872 
f 8868 8869 8872 
f 8869 8870 8872 
f 8870 8871 8872 
f 8871 8808 8872 
s 1
f 8876 8874 8873 8875 
f 8881 8879 8877 8880 
s 2
f 8878 8882 8880 8877 
s 1
f 8884 8876 8875 8883 
f 8879 8887 8885 8877 
s 2
f 8886 8878 8877 8885 
s 1
f 8889 8884 8883 8888 
f 8887 8892 8890 8885 
s 2
f 8891 8886 8885 8890 
s 1
f 8894 8889 8888 8893 
f 8892 8897 8895 8890 
s 2
f 8896 8891 8890 8895 
s 1
f 8899 8894 8893 8898 
f 8897 8902 8900 8895 
s 2
f 8901 8896 8895 8900 
s 1
f 8904 8899 8898 8903 
f 8902 8907 8905 8900 
s 2
f 8906 8901 8900 8905 
s 1
f 8909 8904 8903 8908 
f 8907 8912 8910 8905 
s 2
f 8911 8906 8905 8910 
s 1
f 8914 8909 8908 8913 
f 8912 8917 8915 8910 
s 2
f 8916 8911 8910 8915 
s 1
f 8919 8914 8913 8918 
f 8917 8922 8920 8915 
s 2
f 8921 8916 8915 8920 
s 1
f 8924 8919 8918 8923 
f 8922 8927 8925 8920 
s 2
f 8926 8921 8920 8925 
s 1
f 8929 8924 8923 8928 
f 8927 8932 8930 8925 
s 2
f 8931 8926 8925 8930 
s 1
f 8934 8929 8928 8933 
f 8932 8937 8935 8930 
s 2
f 8936 8931 8930 8935 
s 1
f 8939 8934 8933 8938 
f 8937 8942 8940 8935 
s 2
f 8941 8936 8935 8940 
s 1
f 8944 8939 8938 8943 
f 8942 8947 8945 8940 
s 2
f 8946 8941 8940 8945 
s 1
f 8949 8944 8943 8948 
f 8947 8952 8950 8945 
s 2
f 8951 8946 8945 8950 
s 1
f 8954 8949 8948 8953 
f 8952 8957 8955 8950 
s 2
f 8956 8951 8950 8955 
s 1
f 8959 8954 8953 8958 
f 8957 8962 8960 8955 
s 2
f 8961 8956 8955 8960 
s 1
f 8964 8959 8958 8963 
f 8962 8967 8965 8960 
s 2
f 8966 8961 8960 8965 
s 1
f 8969 8964 8963 8968 
f 8967 8972 8970 8965 
s 2
f 8971 8966 8965 8970 
s 1
f 8974 8969 8968 8973 
f 8972 8977 8975 8970 
s 2
f 8976 8971 8970 8975 
s 1
f 8979 8974 8973 8978 
f 8977 8982 8980 8975 
s 2
f 8981 8976 8975 8980 
s 1
f 8984 8979 8978 8983 
f 8982 8987 8985 8980 
s 2
f 8986 8981 8980 8985 
s 1
f 8989 8984 8983 8988 
f 8987 8992 8990 8985 
s 2
f 8991 8986 8985 8990 
s 1
f 8994 8989 8988 8993 
f 8992 8997 8995 8990 
s 2
f 8996 8991 8990 8995 
s 1
f 8999 8994 8993 8998 
f 8997 9002 9000 8995 
s 2
f 9001 8996 8995 9000 
s 1
f 9004 8999 8998 9003 
f 9002 9007 9005 9000 
s 2
f 9006 9001 9000 9005 
s 1
f 9009 9004 9003 9008 
f 9007 9012 9010 9005 
s 2
f 9011 9006 9005 9010 
s 1
f 9014 9009 9008 9013 
f 9012 9017 9015 9010 
s 2
f 9016 9011 9010 9015 
s 1
f 9019 9014 9013 9018 
f 9017 9022 9020 9015 
s 2
f 9021 9016 9015 9020 
s 1
f 9024 9019 9018 9023 
f 9022 9027 9025 9020 
s 2
f 9026 9021 9020 9025 
s 1
f 9029 9024 9023 9028 
f 9027 9032 9030 9025 
s 2
f 9031 9026 9025 9030 
s 1
f 9034 9029 9028 9033 
f 9032 9037 9035 9030 
s 2
f 9036 9031 9030 9035 
s 1
f 9039 9034 9033 9038 
f 9037 9042 9040 9035 
s 2
f 9041 9036 9035 9040 
s 1
f 9044 9039 9038 9043 
f 9042 9047 9045 9040 
s 2
f 9046 9041 9040 9045 
s 1
f 9049 9044 9043 9048 
f 9047 9052 9050 9045 
s 2
f 9051 9046 9045 9050 
s 1
f 9054 9049 9048 9053 
f 9052 9057 9055 9050 
s 2
f 9056 9051 9050 9055 
s 1
f 9059 9054 9053 9058 
f 9057 9062 9060 9055 
s 2
f 9061 9056 9055 9060 
s 1
f 9064 9059 9058 9063 
f 9062 9067 9065 9060 
s 2
f 9066 9061 9060 9065 
s 1
f 9069 9064 9063 9068 
f 9067 9072 9070 9065 
s 2
f 9071 9066 9065 9070 
s 1
f 9074 9069 9068 9073 
f 9072 9077 9075 9070 
s 2
f 9076 9071 9070 9075 
s 1
f 9079 9074 9073 9078 
f 9077 9082 9080 9075 
s 2
f 9081 9076 9075 9080 
s 1
f 9084 9079 9078 9083 
f 9082 9087 9085 9080 
s 2
f 9086 9081 9080 9085 
s 1
f 9089 9084 9083 9088 
f 9087 9092 9090 9085 
s 2
f 9091 9086 9085 9090 
s 1
f 9094 9089 9088 9093 
f 9092 9097 9095 9090 
s 2
f 9096 9091 9090 9095 
s 1
f 9099 9094 9093 9098 
f 9097 9102 9100 9095 
s 2
f 9101 9096 9095 9100 
s 1
f 9104 9099 9098 9103 
f 9102 9107 9105 9100 
s 2
f 9106 9101 9100 9105 
s 1
f 9109 9104 9103 9108 
f 9107 9112 9110 9105 
s 2
f 9111 9106 9105 9110 
s 1
f 9114 9109 9108 9113 
f 9112 9117 9115 9110 
s 2
f 9116 9111 9110 9115 
s 1
f 9119 9114 9113 9118 
f 9117 9122 9120 9115 
s 2
f 9121 9116 9115 9120 
s 1
f 9124 9119 9118 9123 
f 9122 9127 9125 9120 
s 2
f 9126 9121 9120 9125 
s 1
f 9129 9124 9123 9128 
f 9127 9132 9130 9125 
s 2
f 9131 9126 9125 9130 
s 1
f 9134 9129 9128 9133 
f 9132 9137 9135 9130 
s 2
f 9136 9131 9130 9135 
s 1
f 9139 9134 9133 9138 
f 9137 9142 9140 9135 
s 2
f 9141 9136 9135 9140 
s 1
f 9144 9139 9138 9143 
f 9142 9147 9145 9140 
s 2
f 9146 9141 9140 9145 
s 1
f 9149 9144 9143 9148 
f 9147 9152 9150 9145 
s 2
f 9151 9146 9145 9150 
s 1
f 9154 9149 9148 9153 
f 9152 9157 9155 9150 
s 2
f 9156 9151 9150 9155 
s 1
f 9159 9154 9153 9158 
f 9157 9162 9160 9155 
s 2
f 9161 9156 9155 9160 
s 1
f 9164 9159 9158 9163 
f 9162 9167 9165 9160 
s 2
f 9166 9161 9160 9165 
s 1
f 9169 9164 9163 9168 
f 9167 9172 9170 9165 
s 2
f 9171 9166 9165 9170 
s 1
f 9174 9169 9168 9173 
f 9172 9177 9175 9170 
s 2
f 9176 9171 9170 9175 
s 1
f 9179 9174 9173 9178 
f 9177 9182 9180 9175 
s 2
f 9181 9176 9175 9180 
s 1
f 9184 9179 9178 9183 
f 9182 9187 9185 9180 
s 2
f 9186 9181 9180 9185 
s 1
f 9189 9184 9183 9188 
f 9187 9192 9190 9185 
s 2
f 9191 9186 9185 9190 
s 1
f 8874 9189 9188 8873 
f 9192 8881 8880 9190 
s 2
f 8882 9191 9190 8880 
s off
f 9194 9193 8873 9188 
f 9195 9194 9188 9183 
f 9196 9195 9183 9178 
f 9197 9196 9178 9173 
f 9198 9197 9173 9168 
f 9199 9198 9168 9163 
f 9200 9199 9163 9158 
f 9201 9200 9158 9153 
f 9202 9201 9153 9148 
f 9203 9202 9148 9143 
f 9204 9203 9143 9138 
f 9205 9204 9138 9133 
f 9206 9205 9133 9128 
f 9207 9206 9128 9123 
f 9208 9207 9123 9118 
f 9209 9208 9118 9113 
f 9210 9209 9113 9108 
f 9211 9210 9108 9103 
f 9212 9211 9103 9098 
f 9213 9212 9098 9093 
f 9214 9213 9093 9088 
f 9215 9214 9088 9083 
f 9216 9215 9083 9078 
f 9217 9216 9078 9073 
f 9218 9217 9073 9068 
f 9219 9218 9068 9063 
f 9220 9219 9063 9058 
f 9221 9220 9058 9053 
f 9222 9221 9053 9048 
f 9223 9222 9048 9043 
f 9224 9223 9043 9038 
f 9225 9224 9038 9033 
f 9226 9225 9033 9028 
f 9227 9226 9028 9023 
f 9228 9227 9023 9018 
f 9229 9228 9018 9013 
f 9230 9229 9013 9008 
f 9231 9230 9008 9003 
f 9232 9231 9003 8998 
f 9233 9232 8998 8993 
f 9234 9233 8993 8988 
f 9235 9234 8988 8983 
f 9236 9235 8983 8978 
f 9237 9236 8978 8973 
f 9238 9237 8973 8968 
f 9239 9238 8968 8963 
f 9240 9239 8963 8958 
f 9241 9240 8958 8953 
f 9242 9241 8953 8948 
f 9243 9242 8948 8943 
f 9244 9243 8943 8938 
f 9245 9244 8938 8933 
f 9246 9245 8933 8928 
f 9247 9246 8928 8923 
f 9248 9247 8923 8918 
f 9249 9248 8918 8913 
f 9250 9249 8913 8908 
f 9251 9250 8908 8903 
f 9252 9251 8903 8898 
f 9253 9252 8898 8893 
f 9254 9253 8893 8888 
f 9255 9254 8888 8883 
f 9256 9255 8883 8875 
f 9193 9256 8875 8873 
f 9193 9194 9257 
f 9194 9195 9257 
f 9195 9196 9257 
f 9196 9197 9257 
f 9197 9198 9257 
f 9198 9199 9257 
f 9199 9200 9257 
f 9200 9201 9257 
f 9201 9202 9257 
f 9202 9203 9257 
f 9203 9204 9257 
f 9204 9205 9257 
f 9205 9206 9257 
f 9206 9207 9257 
f 9207 9208 9257 
f 9208 9209 9257 
f 9209 9210 9257 
f 9210 9211 9257 
f 9211 9212 9257 
f 9212 9213 9257 
f 9213 9214 9257 
f 9214 9215 9257 
f 9215 9216 9257 
f 9216 9217 9257 
f 9217 9218 9257 
f 9218 9219 9257 
f 9219 9220 9257 
f 9220 9221 9257 
f 9221 9222 9257 
f 9222 9223 9257 
f 9223 9224 9257 
f 9224 9225 9257 
f 9225 9226 9257 
f 9226 9227 9257 
f 9227 9228 9257 
f 9228 9229 9257 
f 9229 9230 9257 
f 9230 9231 9257 
f 9231 9232 9257 
f 9232 9233 9257 
f 9233 9234 9257 
f 9234 9235 9257 
f 9235 9236 9257 
f 9236 9237 9257 
f 9237 9238 9257 
f 9238 9239 9257 
f 9239 9240 9257 
f 9240 9241 9257 
f 9241 9242 9257 
f 9242 9243 9257 
f 9243 9244 9257 
f 9244 9245 9257 
f 9245 9246 9257 
f 9246 9247 9257 
f 9247 9248 9257 
f 9248 9249 9257 
f 9249 9250 9257 
f 9250 9251 9257 
f 9251 9252 9257 
f 9252 9253 9257 
f 9253 9254 9257 
f 9254 9255 9257 
f 9255 9256 9257 
f 9256 9193 9257 
s 1
f 9259 9261 10577 10576 
f 9261 9263 10578 10577 
f 9263 9265 10579 10578 
f 9265 9267 10580 10579 
f 9267 9269 10581 10580 
f 9269 9271 10582 10581 
f 9271 9273 10583 10582 
f 9274 9277 10585 10584 
f 9277 9279 10586 10585 
f 9279 11816 11818 10586 
f 11815 11751 11782 11819 
f 9281 9283 10588 10587 
f 9258 9260 10590 10589 
f 9260 9262 10591 10590 
f 9262 9264 10592 10591 
f 9264 9266 10593 10592 
f 9266 9268 10594 10593 
f 9268 9270 10595 10594 
f 9270 9272 10596 10595 
f 9275 9276 10598 10597 
f 9276 9278 10599 10598 
f 9278 11822 11824 10599 
f 11821 11750 11783 11825 
f 9280 9282 10601 10600 
f 9284 9285 10603 10602 
f 9285 9286 10604 10603 
f 9286 9287 10605 10604 
f 9287 9288 10606 10605 
f 9288 9289 10607 10606 
f 9289 9290 10608 10607 
f 9290 9291 10609 10608 
f 9292 9293 10611 10610 
f 9293 9294 10612 10611 
f 9294 11828 11830 10612 
f 11827 11752 11784 11831 
f 9295 9296 10614 10613 
f 9297 9298 10616 10615 
f 9298 9299 10617 10616 
f 9299 9300 10618 10617 
f 9300 9301 10619 10618 
f 9301 9302 10620 10619 
f 9302 9303 10621 10620 
f 9303 9304 10622 10621 
f 9305 9306 10624 10623 
f 9306 9307 10625 10624 
f 9307 11834 11836 10625 
f 11833 11753 11785 11837 
f 9308 9309 10627 10626 
f 9310 9311 10629 10628 
f 9311 9312 10630 10629 
f 9312 9313 10631 10630 
f 9313 9314 10632 10631 
f 9314 9315 10633 10632 
f 9315 9316 10634 10633 
f 9316 9317 10635 10634 
f 9318 9319 10637 10636 
f 9319 9320 10638 10637 
f 9320 11840 11842 10638 
f 11839 11754 11786 11843 
f 9321 9322 10640 10639 
f 9323 9324 10642 10641 
f 9324 9325 10643 10642 
f 9325 9326 10644 10643 
f 9326 9327 10645 10644 
f 9327 9328 10646 10645 
f 9328 9329 10647 10646 
f 9329 9330 10648 10647 
f 9331 9332 10650 10649 
f 9332 9333 10651 10650 
f 9333 11846 11848 10651 
f 11845 11755 11787 11849 
f 9334 9335 10653 10652 
f 9336 9337 10655 10654 
f 9337 9338 10656 10655 
f 9338 9339 10657 10656 
f 9339 9340 10658 10657 
f 9340 9341 10659 10658 
f 9341 9342 10660 10659 
f 9342 9343 10661 10660 
f 9344 9345 10663 10662 
f 9345 9346 10664 10663 
f 9346 11852 11854 10664 
f 11851 11756 11788 11855 
f 9347 9348 10666 10665 
f 9349 9350 10668 10667 
f 9350 9351 10669 10668 
f 9351 9352 10670 10669 
f 9352 9353 10671 10670 
f 9353 9354 10672 10671 
f 9354 9355 10673 10672 
f 9355 9356 10674 10673 
f 9357 9358 10676 10675 
f 9358 9359 10677 10676 
f 9359 11858 11860 10677 
f 11857 11757 11789 11861 
f 9360 9361 10679 10678 
f 9362 9363 10681 10680 
f 9363 9364 10682 10681 
f 9364 9365 10683 10682 
f 9365 9366 10684 10683 
f 9366 9367 10685 10684 
f 9367 9368 10686 10685 
f 9368 9369 10687 10686 
f 9370 9371 10689 10688 
f 9371 9372 10690 10689 
f 9372 11864 11866 10690 
f 11863 11758 11790 11867 
f 9373 9374 10692 10691 
f 9375 9376 10694 10693 
f 9376 9377 10695 10694 
f 9377 9378 10696 10695 
f 9378 9379 10697 10696 
f 9379 9380 10698 10697 
f 9380 9381 10699 10698 
f 9381 9382 10700 10699 
f 9383 9384 10702 10701 
f 9384 9385 10703 10702 
f 9385 11870 11872 10703 
f 11869 11759 11791 11873 
f 9386 9387 10705 10704 
f 9388 9389 10707 10706 
f 9389 9390 10708 10707 
f 9390 9391 10709 10708 
f 9391 9392 10710 10709 
f 9392 9393 10711 10710 
f 9393 9394 10712 10711 
f 9394 9395 10713 10712 
f 9396 9397 10715 10714 
f 9397 9398 10716 10715 
f 9398 11876 11878 10716 
f 11875 11760 11792 11879 
f 9399 9400 10718 10717 
f 9401 9402 10720 10719 
f 9402 9403 10721 10720 
f 9403 9404 10722 10721 
f 9404 9405 10723 10722 
f 9405 9406 10724 10723 
f 9406 9407 10725 10724 
f 9407 9408 10726 10725 
f 9409 9410 10728 10727 
f 9410 9411 10729 10728 
f 9411 11882 11884 10729 
f 11881 11761 11793 11885 
f 9412 9413 10731 10730 
f 9414 9415 10733 10732 
f 9415 9416 10734 10733 
f 9416 9417 10735 10734 
f 9417 9418 10736 10735 
f 9418 9419 10737 10736 
f 9419 9420 10738 10737 
f 9420 9421 10739 10738 
f 9422 9423 10741 10740 
f 9423 9424 10742 10741 
f 9424 11888 11890 10742 
f 11887 11762 11794 11891 
f 9425 9426 10744 10743 
f 9427 9428 10746 10745 
f 9428 9429 10747 10746 
f 9429 9430 10748 10747 
f 9430 9431 10749 10748 
f 9431 9432 10750 10749 
f 9432 9433 10751 10750 
f 9433 9434 10752 10751 
f 9435 9436 10754 10753 
f 9436 9437 10755 10754 
f 9437 11894 11896 10755 
f 11893 11763 11795 11897 
f 9438 9439 10757 10756 
f 9440 9441 10759 10758 
f 9441 9442 10760 10759 
f 9442 9443 10761 10760 
f 9443 9444 10762 10761 
f 9444 9445 10763 10762 
f 9445 9446 10764 10763 
f 9446 9447 10765 10764 
f 9448 9449 10767 10766 
f 9449 9450 10768 10767 
f 9450 11900 11902 10768 
f 11899 11764 11796 11903 
f 9451 9452 10770 10769 
f 9453 9454 10772 10771 
f 9454 9455 10773 10772 
f 9455 9456 10774 10773 
f 9456 9457 10775 10774 
f 9457 9458 10776 10775 
f 9458 9459 10777 10776 
f 9459 9460 10778 10777 
f 9461 9462 10780 10779 
f 9462 9463 10781 10780 
f 9463 11906 11908 10781 
f 11905 11765 11797 11909 
f 9464 9465 10783 10782 
f 9479 10785 10784 9480 
f 9483 10787 10786 9484 
f 9487 10789 10788 9488 
f 9486 10791 10790 9485 
f 9491 10793 10792 9492 
f 9490 10795 10794 9489 
f 9495 10797 10796 9496 
f 9494 10799 10798 9493 
f 9499 10801 10800 9500 
f 9498 10803 10802 9497 
f 9503 10805 10804 9504 
f 9502 10807 10806 9501 
f 9507 10809 10808 9508 
f 9506 10811 10810 9505 
f 9511 10813 10812 9512 
f 9510 10815 10814 9509 
f 9515 10817 10816 9516 
f 9514 10819 10818 9513 
f 9519 10821 10820 9520 
f 9518 10823 10822 9517 
f 9523 10825 10824 9524 
f 9522 10827 10826 9521 
f 9527 10829 10828 9528 
f 9526 10831 10830 9525 
f 9531 10833 10832 9532 
f 9530 10835 10834 9529 
f 9535 10837 10836 9536 
f 9534 10839 10838 9533 
f 9539 10841 10840 9540 
f 9538 10843 10842 9537 
f 9543 10845 10844 9544 
f 9542 10847 10846 9541 
f 9547 10849 10848 9548 
f 9551 10851 10850 9552 
f 9553 10853 10852 9554 
f 9555 10855 10854 9556 
f 9557 10857 10856 9558 
f 9559 10859 10858 9560 
f 9561 10861 10860 9562 
f 9563 10863 10862 9564 
f 9565 10865 10864 9566 
f 9567 10867 10866 9568 
f 9569 9572 9571 9570 
f 9573 9569 9570 9574 
f 9575 10869 10868 9576 
f 9579 9582 9581 9580 
f 9583 9584 9581 9574 
f 9585 10871 10870 9586 
f 9578 10873 10872 9577 
f 9587 10875 10874 9588 
f 9589 10877 10876 9590 
f 9593 10879 10878 9594 
f 9597 9599 9598 
f 9599 10881 10880 9598 
f 9601 10883 10882 9600 
f 9596 10885 10884 9595 
f 9602 10886 9603 
f 9605 10887 9603 
f 9607 9603 9608 
f 9609 9610 9603 
f 9610 9608 9603 
f 9607 10888 9603 
f 9611 10889 9603 
f 9606 10890 9603 
f 9612 10892 10891 9613 
f 9614 9609 9603 
f 9615 10894 10893 9616 
f 9615 9590 10876 10894 
f 9619 10896 10895 9620 
f 9619 9598 10880 10896 
f 9622 10898 10897 9621 
f 9622 9600 10882 10898 
f 9624 10900 10899 9623 
f 9624 9594 10878 10900 
f 9626 10902 10901 9625 
f 9626 9595 10884 10902 
f 9627 9619 9620 9628 
f 9627 9597 9598 9619 
f 9629 9632 9631 9630 
f 9633 9634 9629 
f 9633 9629 9630 9635 
f 9627 9628 9634 9633 
f 9627 9633 9635 9597 
f 9636 9639 9638 9637 
f 9570 9571 9639 9636 
f 9569 9630 9631 9572 
f 9583 9636 9637 9640 
f 9574 9570 9636 9583 
f 9573 9635 9630 9569 
f 9641 10904 10903 9642 
f 9576 10868 10904 9641 
f 9575 9596 10879 10869 
f 9645 9584 9647 9646 
f 9580 9581 9584 9645 
f 9579 9599 9597 9582 
f 9573 9582 9597 9635 
f 9574 9581 9582 9573 
f 9583 9640 9647 9584 
f 9648 10906 10905 9649 
f 9586 10870 10906 9648 
f 9585 9601 10881 10871 
f 9644 10908 10907 9643 
f 9577 10872 10908 9644 
f 9578 9593 10883 10873 
f 9650 10910 10909 9651 
f 9588 10874 10910 9650 
f 9587 9589 10885 10875 
f 9652 10912 10911 9653 
f 9613 10891 10912 9652 
f 9612 9592 10877 10892 
f 9572 9655 9654 9571 
f 9655 9657 9656 9654 
f 9658 10914 10913 9659 
f 9662 9665 9664 9663 
f 9666 9667 9656 9663 
f 9665 10916 10915 9664 
f 9669 10918 10917 9668 
f 9661 10920 10919 9660 
f 9672 9675 10922 10921 
f 9676 9679 10924 10923 
f 9680 9682 9681 
f 9681 9682 10926 10925 
f 9683 9684 10928 10927 
f 9677 9678 10930 10929 
f 9685 9603 10931 
f 9687 9603 10932 
f 9689 9690 9603 
f 9691 9603 9692 
f 9692 9603 9690 
f 9689 9603 10933 
f 9693 9603 10934 
f 9688 9603 10935 
f 9671 10937 10936 9670 
f 9691 9614 9603 
f 9696 10939 10938 9697 
f 9699 10939 10922 9675 
f 9700 10941 10940 9701 
f 9703 10941 10926 9682 
f 9704 10943 10942 9705 
f 9700 10943 10928 9684 
f 9706 10945 10944 9707 
f 9704 10945 10924 9679 
f 9699 10947 10946 9698 
f 9706 10947 10930 9678 
f 9703 9709 9708 9702 
f 9709 9703 9682 9680 
f 9632 9711 9710 9631 
f 9712 9711 9713 
f 9711 9712 9714 9710 
f 9709 9712 9713 9708 
f 9712 9709 9680 9714 
f 9639 9716 9715 9638 
f 9571 9654 9716 9639 
f 9655 9572 9631 9710 
f 9716 9667 9717 9715 
f 9654 9656 9667 9716 
f 9657 9655 9710 9714 
f 9718 10949 10948 9719 
f 9659 10913 10949 9718 
f 9661 10914 10923 9677 
f 9666 9724 9723 9722 
f 9663 9664 9724 9666 
f 9665 9662 9680 9681 
f 9662 9657 9714 9680 
f 9663 9656 9657 9662 
f 9667 9666 9722 9717 
f 9724 10951 10950 9723 
f 9664 10915 10951 9724 
f 9669 10916 10925 9683 
f 9726 10953 10952 9725 
f 9668 10917 10953 9726 
f 9658 10918 10927 9676 
f 9721 10955 10954 9720 
f 9660 10919 10955 9721 
f 9671 10920 10929 9672 
f 9728 10957 10956 9727 
f 9670 10936 10957 9728 
f 9695 10937 10921 9673 
f 9731 10959 10958 9732 
f 9735 10961 10960 9736 
f 9737 10963 10962 9738 
f 9739 10965 10964 9740 
f 9741 10967 10966 9742 
f 9743 10969 10968 9744 
f 9745 10971 10970 9746 
f 9747 10973 10972 9748 
f 9749 10975 10974 9750 
f 9751 10977 10976 9752 
f 9753 10979 10978 9754 
f 9548 10848 10979 9753 
f 9550 10849 10980 9757 
f 9759 10982 10981 9760 
f 9552 10850 10982 9759 
f 9547 10851 10983 9758 
f 9762 10985 10984 9763 
f 9554 10852 10985 9762 
f 9551 10853 10986 9761 
f 9765 10988 10987 9766 
f 9556 10854 10988 9765 
f 9553 10855 10989 9764 
f 9768 10991 10990 9769 
f 9558 10856 10991 9768 
f 9555 10857 10992 9767 
f 9771 10994 10993 9772 
f 9560 10858 10994 9771 
f 9557 10859 10995 9770 
f 9774 10997 10996 9775 
f 9562 10860 10997 9774 
f 9559 10861 10998 9773 
f 9777 11000 10999 9778 
f 9564 10862 11000 9777 
f 9561 10863 11001 9776 
f 9780 11003 11002 9781 
f 9566 10864 11003 9780 
f 9563 10865 11004 9779 
f 9783 11006 11005 9784 
f 9568 10866 11006 9783 
f 9565 10867 11007 9782 
f 9786 11009 11008 9787 
f 9732 10958 11009 9786 
f 9734 10959 10978 9755 
f 9790 11011 11010 9791 
f 9736 10960 11011 9790 
f 9731 10961 10981 9754 
f 9792 11013 11012 9793 
f 9738 10962 11013 9792 
f 9735 10963 10984 9760 
f 9794 11015 11014 9795 
f 9740 10964 11015 9794 
f 9737 10965 10987 9763 
f 9796 11017 11016 9797 
f 9742 10966 11017 9796 
f 9739 10967 10990 9766 
f 9798 11019 11018 9799 
f 9744 10968 11019 9798 
f 9741 10969 10993 9769 
f 9800 11021 11020 9801 
f 9746 10970 11021 9800 
f 9743 10971 10996 9772 
f 9802 11023 11022 9803 
f 9748 10972 11023 9802 
f 9745 10973 10999 9775 
f 9804 11025 11024 9805 
f 9750 10974 11025 9804 
f 9747 10975 11002 9778 
f 9806 11027 11026 9807 
f 9752 10976 11027 9806 
f 9749 10977 11005 9781 
f 9734 9755 9808 
f 9756 9809 9755 
f 9808 9810 9734 
f 9809 9756 9811 
f 9812 9815 11029 11028 
f 9816 9819 11031 11030 
f 9757 11032 9820 
f 9549 9822 9811 9756 
f 9550 9820 9822 9549 
f 9823 9824 11034 11033 
f 9825 9826 11036 11035 
f 9827 9828 11038 11037 
f 9757 9820 9550 
f 9820 9821 11040 11039 
f 9829 11041 9830 
f 9831 9733 9734 9810 
f 9830 9789 9733 9831 
f 9832 9833 11043 11042 
f 9834 9835 11045 11044 
f 9836 9837 11047 11046 
f 9830 9788 9789 
f 9829 9830 11049 11048 
f 9638 9755 9809 9637 
f 9637 9809 9811 9640 
f 9640 9811 9822 9647 
f 9647 9822 9820 9646 
f 9646 9820 11039 10905 
f 9649 9827 11037 10907 
f 9643 9825 11035 10903 
f 9642 9823 11033 10909 
f 9651 9812 11028 10911 
f 9729 9816 11030 10956 
f 9727 9817 11043 10954 
f 9720 9833 11045 10948 
f 9719 9835 11047 10952 
f 9725 9837 11049 10950 
f 9723 9830 9831 9722 
f 9722 9831 9810 9717 
f 9717 9810 9808 9715 
f 9715 9808 9755 9638 
f 9259 11050 11051 9261 
f 9261 11051 11052 9263 
f 9263 11052 11053 9265 
f 9265 11053 11054 9267 
f 9267 11054 11055 9269 
f 9269 11055 11056 9271 
f 9271 11056 11057 9273 
f 9274 11059 11058 9277 
f 9277 11058 11060 9279 
f 9279 11060 11914 11816 
f 11815 11915 11798 11751 
f 9281 11061 11062 9283 
f 9838 11063 11064 9839 
f 9839 11064 11065 9840 
f 9840 11065 11066 9841 
f 9841 11066 11067 9842 
f 9842 11067 11068 9843 
f 9843 11068 11069 9844 
f 9844 11069 11070 9845 
f 9847 11072 11071 9846 
f 9846 11071 11073 9848 
f 9848 11073 11920 11912 
f 11911 11921 11799 11767 
f 9849 11074 11075 9850 
f 9851 11076 11077 9852 
f 9852 11077 11078 9853 
f 9853 11078 11079 9854 
f 9854 11079 11080 9855 
f 9855 11080 11081 9856 
f 9856 11081 11082 9857 
f 9857 11082 11083 9858 
f 9860 11085 11084 9859 
f 9859 11084 11086 9861 
f 9861 11086 11926 11918 
f 11917 11927 11800 11768 
f 9862 11087 11088 9863 
f 9864 11089 11090 9865 
f 9865 11090 11091 9866 
f 9866 11091 11092 9867 
f 9867 11092 11093 9868 
f 9868 11093 11094 9869 
f 9869 11094 11095 9870 
f 9870 11095 11096 9871 
f 9873 11098 11097 9872 
f 9872 11097 11099 9874 
f 9874 11099 11932 11924 
f 11923 11933 11801 11769 
f 9875 11100 11101 9876 
f 9877 11102 11103 9878 
f 9878 11103 11104 9879 
f 9879 11104 11105 9880 
f 9880 11105 11106 9881 
f 9881 11106 11107 9882 
f 9882 11107 11108 9883 
f 9883 11108 11109 9884 
f 9886 11111 11110 9885 
f 9885 11110 11112 9887 
f 9887 11112 11938 11930 
f 11929 11939 11802 11770 
f 9888 11113 11114 9889 
f 9890 11115 11116 9891 
f 9891 11116 11117 9892 
f 9892 11117 11118 9893 
f 9893 11118 11119 9894 
f 9894 11119 11120 9895 
f 9895 11120 11121 9896 
f 9896 11121 11122 9897 
f 9899 11124 11123 9898 
f 9898 11123 11125 9900 
f 9900 11125 11944 11936 
f 11935 11945 11803 11771 
f 9901 11126 11127 9902 
f 9903 11128 11129 9904 
f 9904 11129 11130 9905 
f 9905 11130 11131 9906 
f 9906 11131 11132 9907 
f 9907 11132 11133 9908 
f 9908 11133 11134 9909 
f 9909 11134 11135 9910 
f 9912 11137 11136 9911 
f 9911 11136 11138 9913 
f 9913 11138 11950 11942 
f 11941 11951 11804 11772 
f 9914 11139 11140 9915 
f 9916 11141 11142 9917 
f 9917 11142 11143 9918 
f 9918 11143 11144 9919 
f 9919 11144 11145 9920 
f 9920 11145 11146 9921 
f 9921 11146 11147 9922 
f 9922 11147 11148 9923 
f 9925 11150 11149 9924 
f 9924 11149 11151 9926 
f 9926 11151 11956 11948 
f 11947 11957 11805 11773 
f 9927 11152 11153 9928 
f 9929 11154 11155 9930 
f 9930 11155 11156 9931 
f 9931 11156 11157 9932 
f 9932 11157 11158 9933 
f 9933 11158 11159 9934 
f 9934 11159 11160 9935 
f 9935 11160 11161 9936 
f 9938 11163 11162 9937 
f 9937 11162 11164 9939 
f 9939 11164 11962 11954 
f 11953 11963 11806 11774 
f 9940 11165 11166 9941 
f 9942 11167 11168 9943 
f 9943 11168 11169 9944 
f 9944 11169 11170 9945 
f 9945 11170 11171 9946 
f 9946 11171 11172 9947 
f 9947 11172 11173 9948 
f 9948 11173 11174 9949 
f 9951 11176 11175 9950 
f 9950 11175 11177 9952 
f 9952 11177 11968 11960 
f 11959 11969 11807 11775 
f 9953 11178 11179 9954 
f 9955 11180 11181 9956 
f 9956 11181 11182 9957 
f 9957 11182 11183 9958 
f 9958 11183 11184 9959 
f 9959 11184 11185 9960 
f 9960 11185 11186 9961 
f 9961 11186 11187 9962 
f 9964 11189 11188 9963 
f 9963 11188 11190 9965 
f 9965 11190 11974 11966 
f 11965 11975 11808 11776 
f 9966 11191 11192 9967 
f 9968 11193 11194 9969 
f 9969 11194 11195 9970 
f 9970 11195 11196 9971 
f 9971 11196 11197 9972 
f 9972 11197 11198 9973 
f 9973 11198 11199 9974 
f 9974 11199 11200 9975 
f 9977 11202 11201 9976 
f 9976 11201 11203 9978 
f 9978 11203 11980 11972 
f 11971 11981 11809 11777 
f 9979 11204 11205 9980 
f 9981 11206 11207 9982 
f 9982 11207 11208 9983 
f 9983 11208 11209 9984 
f 9984 11209 11210 9985 
f 9985 11210 11211 9986 
f 9986 11211 11212 9987 
f 9987 11212 11213 9988 
f 9990 11215 11214 9989 
f 9989 11214 11216 9991 
f 9991 11216 11986 11978 
f 11977 11987 11810 11778 
f 9992 11217 11218 9993 
f 9994 11219 11220 9995 
f 9995 11220 11221 9996 
f 9996 11221 11222 9997 
f 9997 11222 11223 9998 
f 9998 11223 11224 9999 
f 9999 11224 11225 10000 
f 10000 11225 11226 10001 
f 10003 11228 11227 10002 
f 10002 11227 11229 10004 
f 10004 11229 11992 11984 
f 11983 11993 11811 11779 
f 10005 11230 11231 10006 
f 10007 11232 11233 10008 
f 10008 11233 11234 10009 
f 10009 11234 11235 10010 
f 10010 11235 11236 10011 
f 10011 11236 11237 10012 
f 10012 11237 11238 10013 
f 10013 11238 11239 10014 
f 10016 11241 11240 10015 
f 10015 11240 11242 10017 
f 10017 11242 11998 11990 
f 11989 11999 11812 11780 
f 10018 11243 11244 10019 
f 10020 11245 11246 10021 
f 10021 11246 11247 10022 
f 10022 11247 11248 10023 
f 10023 11248 11249 10024 
f 10024 11249 11250 10025 
f 10025 11250 11251 10026 
f 10026 11251 11252 10027 
f 10029 11254 11253 10028 
f 10028 11253 11255 10030 
f 10030 11255 12004 11996 
f 11995 12005 11813 11781 
f 10031 11256 11257 10032 
f 9482 11259 11258 9481 
f 10035 11261 11260 10036 
f 10034 11263 11262 10033 
f 10039 11265 11264 10040 
f 10038 11267 11266 10037 
f 10043 11269 11268 10044 
f 10042 11271 11270 10041 
f 10047 11273 11272 10048 
f 10046 11275 11274 10045 
f 10051 11277 11276 10052 
f 10050 11279 11278 10049 
f 10055 11281 11280 10056 
f 10054 11283 11282 10053 
f 10059 11285 11284 10060 
f 10058 11287 11286 10057 
f 10063 11289 11288 10064 
f 10062 11291 11290 10061 
f 10067 11293 11292 10068 
f 10066 11295 11294 10065 
f 10071 11297 11296 10072 
f 10070 11299 11298 10069 
f 10075 11301 11300 10076 
f 10074 11303 11302 10073 
f 10079 11305 11304 10080 
f 10078 11307 11306 10077 
f 10083 11309 11308 10084 
f 10082 11311 11310 10081 
f 10087 11313 11312 10088 
f 10086 11315 11314 10085 
f 10091 11317 11316 10092 
f 10090 11319 11318 10089 
f 9546 11321 11320 9545 
f 10093 10096 11323 11322 
f 10097 10098 11325 11324 
f 10099 10100 11327 11326 
f 10101 10102 11329 11328 
f 10103 10104 11331 11330 
f 10105 10106 11333 11332 
f 10107 10108 11335 11334 
f 10109 10110 11337 11336 
f 10111 10112 11339 11338 
f 9567 9568 11341 11340 
f 10113 10116 10115 10114 
f 10117 10118 10116 10113 
f 10119 10122 11343 11342 
f 10123 10126 10125 10124 
f 10127 10118 10125 10128 
f 10129 10130 11345 11344 
f 10120 10121 11347 11346 
f 10131 10132 11349 11348 
f 10133 10134 11351 11350 
f 10135 10138 11353 11352 
f 10139 10141 10140 
f 10140 10141 11355 11354 
f 10142 10143 11357 11356 
f 10136 10137 11359 11358 
f 10144 9603 11360 
f 10145 9603 11361 
f 10147 10148 9603 
f 10149 9603 10150 
f 10150 9603 10148 
f 10147 9603 11362 
f 10151 9603 11363 
f 10146 9603 11364 
f 9612 9613 11366 11365 
f 10152 9603 10149 
f 10153 10154 11368 11367 
f 10153 11367 11351 10134 
f 10155 10158 11370 11369 
f 10155 11369 11355 10141 
f 10156 10157 11372 11371 
f 10156 11371 11357 10143 
f 10159 10160 11374 11373 
f 10159 11373 11353 10138 
f 10161 10162 11376 11375 
f 10161 11375 11359 10137 
f 10163 10164 10158 10155 
f 10163 10155 10141 10139 
f 10165 10168 10167 10166 
f 10169 10165 10170 
f 10169 10171 10168 10165 
f 10163 10169 10170 10164 
f 10163 10139 10171 10169 
f 10172 10175 10174 10173 
f 10116 10172 10173 10115 
f 10113 10114 10167 10168 
f 10127 10176 10175 10172 
f 10118 10127 10172 10116 
f 10117 10113 10168 10171 
f 10177 10180 11378 11377 
f 10122 10177 11377 11343 
f 10119 11342 11352 10136 
f 10181 10183 10182 10128 
f 10126 10181 10128 10125 
f 10123 10124 10139 10140 
f 10117 10171 10139 10124 
f 10118 10117 10124 10125 
f 10127 10128 10182 10176 
f 10184 10185 11380 11379 
f 10130 10184 11379 11345 
f 10129 11344 11354 10142 
f 10178 10179 11382 11381 
f 10121 10178 11381 11347 
f 10120 11346 11356 10135 
f 10186 10187 11384 11383 
f 10132 10186 11383 11349 
f 10131 11348 11358 10133 
f 9652 9653 11386 11385 
f 9613 9652 11385 11366 
f 9612 11365 11350 9592 
f 10114 10115 10189 10188 
f 10188 10189 10191 10190 
f 10192 10195 11388 11387 
f 10196 10199 10198 10197 
f 10200 10199 10191 10201 
f 10197 10198 11390 11389 
f 10202 10203 11392 11391 
f 10193 10194 11394 11393 
f 10206 11396 11395 10207 
f 10208 11398 11397 10209 
f 10212 10214 10213 
f 10214 11400 11399 10213 
f 10216 11402 11401 10215 
f 10211 11404 11403 10210 
f 10217 11405 9603 
f 10218 11406 9603 
f 10220 9603 10221 
f 10222 10223 9603 
f 10223 10221 9603 
f 10220 11407 9603 
f 10224 11408 9603 
f 10219 11409 9603 
f 10204 10205 11411 11410 
f 10222 9603 10152 
f 9696 9697 11413 11412 
f 10225 10207 11395 11412 
f 10227 10230 11415 11414 
f 10228 10213 11399 11414 
f 10231 10232 11417 11416 
f 10227 10215 11401 11416 
f 10233 10234 11419 11418 
f 10231 10209 11397 11418 
f 10225 10226 11421 11420 
f 10233 10210 11403 11420 
f 10228 10229 10236 10235 
f 10235 10212 10213 10228 
f 10166 10167 10238 10237 
f 10239 10240 10237 
f 10237 10238 10241 10239 
f 10235 10236 10240 10239 
f 10239 10241 10212 10235 
f 10173 10174 10243 10242 
f 10115 10173 10242 10189 
f 10188 10238 10167 10114 
f 10242 10243 10244 10201 
f 10189 10242 10201 10191 
f 10190 10241 10238 10188 
f 10245 10248 11423 11422 
f 10195 10245 11422 11388 
f 10193 10211 11398 11387 
f 10200 10251 10250 10249 
f 10199 10200 10249 10198 
f 10197 10214 10212 10196 
f 10196 10212 10241 10190 
f 10199 10196 10190 10191 
f 10201 10244 10251 10200 
f 10249 10250 11425 11424 
f 10198 10249 11424 11390 
f 10202 10216 11400 11389 
f 10252 10253 11427 11426 
f 10203 10252 11426 11392 
f 10192 10208 11402 11391 
f 10246 10247 11429 11428 
f 10194 10246 11428 11394 
f 10204 10206 11404 11393 
f 10254 10255 11431 11430 
f 10205 10254 11430 11411 
f 9695 9673 11396 11410 
f 10256 10259 11433 11432 
f 10260 10261 11435 11434 
f 10262 10263 11437 11436 
f 10264 10265 11439 11438 
f 10266 10267 11441 11440 
f 10268 10269 11443 11442 
f 10270 10271 11445 11444 
f 10272 10273 11447 11446 
f 10274 10275 11449 11448 
f 9751 9752 11451 11450 
f 10276 10279 11453 11452 
f 10096 10276 11452 11323 
f 10094 10281 11454 11322 
f 10282 10283 11456 11455 
f 10098 10282 11455 11325 
f 10093 10280 11457 11324 
f 10285 10286 11459 11458 
f 10100 10285 11458 11327 
f 10097 10284 11460 11326 
f 10288 10289 11462 11461 
f 10102 10288 11461 11329 
f 10099 10287 11463 11328 
f 10291 10292 11465 11464 
f 10104 10291 11464 11331 
f 10101 10290 11466 11330 
f 10294 10295 11468 11467 
f 10106 10294 11467 11333 
f 10103 10293 11469 11332 
f 10297 10298 11471 11470 
f 10108 10297 11470 11335 
f 10105 10296 11472 11334 
f 10300 10301 11474 11473 
f 10110 10300 11473 11337 
f 10107 10299 11475 11336 
f 10303 10304 11477 11476 
f 10112 10303 11476 11339 
f 10109 10302 11478 11338 
f 9783 9784 11480 11479 
f 9568 9783 11479 11341 
f 10111 10305 11481 11340 
f 10306 10309 11483 11482 
f 10259 10306 11482 11433 
f 10257 10278 11453 11432 
f 10310 10311 11485 11484 
f 10261 10310 11484 11435 
f 10256 10279 11456 11434 
f 10312 10313 11487 11486 
f 10263 10312 11486 11437 
f 10260 10283 11459 11436 
f 10314 10315 11489 11488 
f 10265 10314 11488 11439 
f 10262 10286 11462 11438 
f 10316 10317 11491 11490 
f 10267 10316 11490 11441 
f 10264 10289 11465 11440 
f 10318 10319 11493 11492 
f 10269 10318 11492 11443 
f 10266 10292 11468 11442 
f 10320 10321 11495 11494 
f 10271 10320 11494 11445 
f 10268 10295 11471 11444 
f 10322 10323 11497 11496 
f 10273 10322 11496 11447 
f 10270 10298 11474 11446 
f 10324 10325 11499 11498 
f 10275 10324 11498 11449 
f 10272 10301 11477 11448 
f 9806 9807 11501 11500 
f 9752 9806 11500 11451 
f 10274 10304 11480 11450 
f 10257 10326 10278 
f 10277 10278 10327 
f 10326 10257 10328 
f 10327 10329 10277 
f 10330 11503 11502 10331 
f 9816 11505 11504 9819 
f 10281 10335 11506 
f 10095 10277 10329 10336 
f 10094 10095 10336 10335 
f 10337 11508 11507 10338 
f 10339 11510 11509 10340 
f 10341 11512 11511 10342 
f 10281 10094 10335 
f 10335 11514 11513 10334 
f 10343 10344 11515 
f 10345 10328 10257 10258 
f 10344 10345 10258 10307 
f 10346 11517 11516 10347 
f 10348 11519 11518 10349 
f 10350 11521 11520 10351 
f 10344 10307 10308 
f 10343 11523 11522 10344 
f 10174 10175 10327 10278 
f 10175 10176 10329 10327 
f 10176 10182 10336 10329 
f 10182 10183 10335 10336 
f 10183 11380 11514 10335 
f 10185 11382 11512 10341 
f 10179 11378 11510 10339 
f 10180 11384 11508 10337 
f 10187 11386 11503 10330 
f 9729 11431 11505 9816 
f 10255 11429 11516 10333 
f 10247 11423 11518 10347 
f 10248 11427 11520 10349 
f 10253 11425 11522 10351 
f 10250 10251 10345 10344 
f 10251 10244 10328 10345 
f 10244 10243 10326 10328 
f 10243 10174 10278 10326 
f 9620 9607 9608 9628 
f 9628 9608 9610 9634 
f 9634 9610 9609 9629 
f 9629 9609 9614 9632 
f 9632 9614 9691 9711 
f 9711 9691 9692 9713 
f 9713 9692 9690 9708 
f 9708 9690 9689 9702 
f 9702 9689 10933 10940 
f 9701 9693 10934 10942 
f 9705 9687 10932 10944 
f 9707 9688 10935 10946 
f 9698 9685 10931 10938 
f 9697 9686 11405 11413 
f 10226 10217 11409 11421 
f 10234 10219 11406 11419 
f 10232 10218 11408 11417 
f 10230 10224 11407 11415 
f 10229 10220 10221 10236 
f 10236 10221 10223 10240 
f 10240 10223 10222 10237 
f 10237 10222 10152 10166 
f 10166 10152 10149 10165 
f 10165 10149 10150 10170 
f 10170 10150 10148 10164 
f 10164 10148 10147 10158 
f 10158 10147 11362 11370 
f 10157 10151 11363 11372 
f 10160 10145 11361 11374 
f 10162 10146 11364 11376 
f 10154 10144 11360 11368 
f 9617 9604 10886 10893 
f 9616 9602 10890 10901 
f 9625 9606 10887 10899 
f 9623 9605 10889 10897 
f 9621 9611 10888 10895 
f 10352 10355 11525 11524 
f 10356 11526 11525 10355 
f 10358 11527 11526 10356 
f 9480 10784 11527 10358 
f 10360 11528 11007 9785 
f 10362 11529 11528 10360 
f 9482 10785 11529 10362 
f 10364 10365 11531 11530 
f 10366 11532 11531 10365 
f 10367 11533 11532 10366 
f 9488 10788 11533 10367 
f 10361 11534 11004 9782 
f 10363 11535 11534 10361 
f 9479 10789 11535 10363 
f 10370 10371 11537 11536 
f 10372 11538 11537 10371 
f 10373 11539 11538 10372 
f 9492 10792 11539 10373 
f 10368 11540 11001 9779 
f 10369 11541 11540 10368 
f 9487 10793 11541 10369 
f 10376 10377 11543 11542 
f 10378 11544 11543 10377 
f 10379 11545 11544 10378 
f 9496 10796 11545 10379 
f 10374 11546 10998 9776 
f 10375 11547 11546 10374 
f 9491 10797 11547 10375 
f 10382 10383 11549 11548 
f 10384 11550 11549 10383 
f 10385 11551 11550 10384 
f 9500 10800 11551 10385 
f 10380 11552 10995 9773 
f 10381 11553 11552 10380 
f 9495 10801 11553 10381 
f 10388 10389 11555 11554 
f 10390 11556 11555 10389 
f 10391 11557 11556 10390 
f 9504 10804 11557 10391 
f 10386 11558 10992 9770 
f 10387 11559 11558 10386 
f 9499 10805 11559 10387 
f 10394 10395 11561 11560 
f 10396 11562 11561 10395 
f 10397 11563 11562 10396 
f 9508 10808 11563 10397 
f 10392 11564 10989 9767 
f 10393 11565 11564 10392 
f 9503 10809 11565 10393 
f 10400 10401 11567 11566 
f 10402 11568 11567 10401 
f 10403 11569 11568 10402 
f 9512 10812 11569 10403 
f 10398 11570 10986 9764 
f 10399 11571 11570 10398 
f 9507 10813 11571 10399 
f 10406 10407 11573 11572 
f 10408 11574 11573 10407 
f 10409 11575 11574 10408 
f 9516 10816 11575 10409 
f 10404 11576 10983 9761 
f 10405 11577 11576 10404 
f 9511 10817 11577 10405 
f 10412 10413 11579 11578 
f 10414 11580 11579 10413 
f 10415 11581 11580 10414 
f 9520 10820 11581 10415 
f 10410 11582 10980 9758 
f 10411 11583 11582 10410 
f 9515 10821 11583 10411 
f 10418 10419 11585 11584 
f 10420 11586 11585 10419 
f 10421 11587 11586 10420 
f 9524 10824 11587 10421 
f 10416 11588 11032 9757 
f 10417 11589 11588 10416 
f 9519 10825 11589 10417 
f 10424 10425 11591 11590 
f 10426 11592 11591 10425 
f 10427 11593 11592 10426 
f 9528 10828 11593 10427 
f 10422 11594 11040 9821 
f 10423 11595 11594 10422 
f 9523 10829 11595 10423 
f 10430 10431 11597 11596 
f 10432 11598 11597 10431 
f 10433 11599 11598 10432 
f 9532 10832 11599 10433 
f 10428 11600 11038 9828 
f 10429 11601 11600 10428 
f 9527 10833 11601 10429 
f 10436 10437 11603 11602 
f 10438 11604 11603 10437 
f 10439 11605 11604 10438 
f 9536 10836 11605 10439 
f 10434 11606 11036 9826 
f 10435 11607 11606 10434 
f 9531 10837 11607 10435 
f 10442 10443 11609 11608 
f 10444 11610 11609 10443 
f 10445 11611 11610 10444 
f 9540 10840 11611 10445 
f 10440 11612 11034 9824 
f 10441 11613 11612 10440 
f 9535 10841 11613 10441 
f 10448 10449 11615 11614 
f 10450 11616 11615 10449 
f 10451 11617 11616 10450 
f 9544 10844 11617 10451 
f 10446 11618 11029 9815 
f 10447 11619 11618 10446 
f 9539 10845 11619 10447 
f 10353 10354 11621 11620 
f 10357 11622 11621 10354 
f 10359 11623 11622 10357 
f 9481 11258 11623 10359 
f 10458 11624 11481 10305 
f 10459 11625 11624 10458 
f 10034 11259 11625 10459 
f 10454 10455 11627 11626 
f 10456 11628 11627 10455 
f 10457 11629 11628 10456 
f 10033 11262 11629 10457 
f 10464 11630 11478 10302 
f 10465 11631 11630 10464 
f 10038 11263 11631 10465 
f 10460 10461 11633 11632 
f 10462 11634 11633 10461 
f 10463 11635 11634 10462 
f 10037 11266 11635 10463 
f 10470 11636 11475 10299 
f 10471 11637 11636 10470 
f 10042 11267 11637 10471 
f 10466 10467 11639 11638 
f 10468 11640 11639 10467 
f 10469 11641 11640 10468 
f 10041 11270 11641 10469 
f 10476 11642 11472 10296 
f 10477 11643 11642 10476 
f 10046 11271 11643 10477 
f 10472 10473 11645 11644 
f 10474 11646 11645 10473 
f 10475 11647 11646 10474 
f 10045 11274 11647 10475 
f 10482 11648 11469 10293 
f 10483 11649 11648 10482 
f 10050 11275 11649 10483 
f 10478 10479 11651 11650 
f 10480 11652 11651 10479 
f 10481 11653 11652 10480 
f 10049 11278 11653 10481 
f 10488 11654 11466 10290 
f 10489 11655 11654 10488 
f 10054 11279 11655 10489 
f 10484 10485 11657 11656 
f 10486 11658 11657 10485 
f 10487 11659 11658 10486 
f 10053 11282 11659 10487 
f 10494 11660 11463 10287 
f 10495 11661 11660 10494 
f 10058 11283 11661 10495 
f 10490 10491 11663 11662 
f 10492 11664 11663 10491 
f 10493 11665 11664 10492 
f 10057 11286 11665 10493 
f 10500 11666 11460 10284 
f 10501 11667 11666 10500 
f 10062 11287 11667 10501 
f 10496 10497 11669 11668 
f 10498 11670 11669 10497 
f 10499 11671 11670 10498 
f 10061 11290 11671 10499 
f 10506 11672 11457 10280 
f 10507 11673 11672 10506 
f 10066 11291 11673 10507 
f 10502 10503 11675 11674 
f 10504 11676 11675 10503 
f 10505 11677 11676 10504 
f 10065 11294 11677 10505 
f 10512 11678 11454 10281 
f 10513 11679 11678 10512 
f 10070 11295 11679 10513 
f 10508 10509 11681 11680 
f 10510 11682 11681 10509 
f 10511 11683 11682 10510 
f 10069 11298 11683 10511 
f 10518 11684 11506 10334 
f 10519 11685 11684 10518 
f 10074 11299 11685 10519 
f 10514 10515 11687 11686 
f 10516 11688 11687 10515 
f 10517 11689 11688 10516 
f 10073 11302 11689 10517 
f 10524 11690 11513 10342 
f 10525 11691 11690 10524 
f 10078 11303 11691 10525 
f 10520 10521 11693 11692 
f 10522 11694 11693 10521 
f 10523 11695 11694 10522 
f 10077 11306 11695 10523 
f 10530 11696 11511 10340 
f 10531 11697 11696 10530 
f 10082 11307 11697 10531 
f 10526 10527 11699 11698 
f 10528 11700 11699 10527 
f 10529 11701 11700 10528 
f 10081 11310 11701 10529 
f 10536 11702 11509 10338 
f 10537 11703 11702 10536 
f 10086 11311 11703 10537 
f 10532 10533 11705 11704 
f 10534 11706 11705 10533 
f 10535 11707 11706 10534 
f 10085 11314 11707 10535 
f 10542 11708 11507 10331 
f 10543 11709 11708 10542 
f 10090 11315 11709 10543 
f 10538 10539 11711 11710 
f 10540 11712 11711 10539 
f 10541 11713 11712 10540 
f 10089 11318 11713 10541 
f 10452 11714 11502 9814 
f 10453 11715 11714 10452 
f 9543 11319 11715 10453 
f 10544 9484 10786 11716 
f 9486 10787 11026 9805 
f 10545 9485 10790 11717 
f 9490 10791 11024 9803 
f 10546 9489 10794 11718 
f 9494 10795 11022 9801 
f 10547 9493 10798 11719 
f 9498 10799 11020 9799 
f 10548 9497 10802 11720 
f 9502 10803 11018 9797 
f 10549 9501 10806 11721 
f 9506 10807 11016 9795 
f 10550 9505 10810 11722 
f 9510 10811 11014 9793 
f 10551 9509 10814 11723 
f 9514 10815 11012 9791 
f 10552 9513 10818 11724 
f 9518 10819 11010 9787 
f 10553 9517 10822 11725 
f 9522 10823 11008 9788 
f 10554 9521 10826 11726 
f 9526 10827 11041 9829 
f 10555 9525 10830 11727 
f 9530 10831 11048 9836 
f 10556 9529 10834 11728 
f 9534 10835 11046 9834 
f 10557 9533 10838 11729 
f 9538 10839 11044 9832 
f 10558 9537 10842 11730 
f 9542 10843 11042 9818 
f 10559 9541 10846 11731 
f 9546 10847 11031 9819 
f 10561 10036 11260 11732 
f 9483 11261 11501 9807 
f 10562 10040 11264 11733 
f 10035 11265 11499 10325 
f 10563 10044 11268 11734 
f 10039 11269 11497 10323 
f 10564 10048 11272 11735 
f 10043 11273 11495 10321 
f 10565 10052 11276 11736 
f 10047 11277 11493 10319 
f 10566 10056 11280 11737 
f 10051 11281 11491 10317 
f 10567 10060 11284 11738 
f 10055 11285 11489 10315 
f 10568 10064 11288 11739 
f 10059 11289 11487 10313 
f 10569 10068 11292 11740 
f 10063 11293 11485 10311 
f 10570 10072 11296 11741 
f 10067 11297 11483 10309 
f 10571 10076 11300 11742 
f 10071 11301 11515 10308 
f 10572 10080 11304 11743 
f 10075 11305 11523 10343 
f 10573 10084 11308 11744 
f 10079 11309 11521 10350 
f 10574 10088 11312 11745 
f 10083 11313 11519 10348 
f 10575 10092 11316 11746 
f 10087 11317 11517 10346 
f 10560 9545 11320 11747 
f 10091 11321 11504 10332 
f 9275 10352 11524 10584 
f 9274 10353 11620 11059 
f 9847 10454 11626 11072 
f 9860 10460 11632 11085 
f 9873 10466 11638 11098 
f 9886 10472 11644 11111 
f 9899 10478 11650 11124 
f 9912 10484 11656 11137 
f 9925 10490 11662 11150 
f 9938 10496 11668 11163 
f 9951 10502 11674 11176 
f 9964 10508 11680 11189 
f 9977 10514 11686 11202 
f 9990 10520 11692 11215 
f 10003 10526 11698 11228 
f 10016 10532 11704 11241 
f 10029 10538 11710 11254 
f 9474 10448 11614 10779 
f 9461 10442 11608 10766 
f 9448 10436 11602 10753 
f 9435 10430 11596 10740 
f 9422 10424 11590 10727 
f 9409 10418 11584 10714 
f 9396 10412 11578 10701 
f 9383 10406 11572 10688 
f 9370 10400 11566 10675 
f 9357 10394 11560 10662 
f 9344 10388 11554 10649 
f 9331 10382 11548 10636 
f 9318 10376 11542 10623 
f 9305 10370 11536 10610 
f 9292 10364 11530 10597 
f 9273 10544 11716 10583 
f 9272 10545 11717 10596 
f 9291 10546 11718 10609 
f 9304 10547 11719 10622 
f 9317 10548 11720 10635 
f 9330 10549 11721 10648 
f 9343 10550 11722 10661 
f 9356 10551 11723 10674 
f 9369 10552 11724 10687 
f 9382 10553 11725 10700 
f 9395 10554 11726 10713 
f 9408 10555 11727 10726 
f 9421 10556 11728 10739 
f 9434 10557 11729 10752 
f 9447 10558 11730 10765 
f 9460 10559 11731 10778 
f 9473 10560 11747 11252 
f 10027 10575 11746 11239 
f 10014 10574 11745 11226 
f 10001 10573 11744 11213 
f 9988 10572 11743 11200 
f 9975 10571 11742 11187 
f 9962 10570 11741 11174 
f 9949 10569 11740 11161 
f 9936 10568 11739 11148 
f 9923 10567 11738 11135 
f 9910 10566 11737 11122 
f 9897 10565 11736 11109 
f 9884 10564 11735 11096 
f 9871 10563 11734 11083 
f 9858 10562 11733 11070 
f 9845 10561 11732 11057 
f 10577 9260 9258 10576 
f 10578 9262 9260 10577 
f 10579 9264 9262 10578 
f 10580 9266 9264 10579 
f 10581 9268 9266 10580 
f 10582 9270 9268 10581 
f 10583 9272 9270 10582 
f 10585 9276 9275 10584 
f 10586 9278 9276 10585 
f 11818 11822 9278 10586 
f 10587 9280 11750 11782 
f 10588 9282 9280 10587 
f 10590 9285 9284 10589 
f 10591 9286 9285 10590 
f 10592 9287 9286 10591 
f 10593 9288 9287 10592 
f 10594 9289 9288 10593 
f 10595 9290 9289 10594 
f 10596 9291 9290 10595 
f 10598 9293 9292 10597 
f 10599 9294 9293 10598 
f 11824 11828 9294 10599 
f 10600 9295 11752 11783 
f 10601 9296 9295 10600 
f 10603 9298 9297 10602 
f 10604 9299 9298 10603 
f 10605 9300 9299 10604 
f 10606 9301 9300 10605 
f 10607 9302 9301 10606 
f 10608 9303 9302 10607 
f 10609 9304 9303 10608 
f 10611 9306 9305 10610 
f 10612 9307 9306 10611 
f 11830 11834 9307 10612 
f 10613 9308 11753 11784 
f 10614 9309 9308 10613 
f 10616 9311 9310 10615 
f 10617 9312 9311 10616 
f 10618 9313 9312 10617 
f 10619 9314 9313 10618 
f 10620 9315 9314 10619 
f 10621 9316 9315 10620 
f 10622 9317 9316 10621 
f 10624 9319 9318 10623 
f 10625 9320 9319 10624 
f 11836 11840 9320 10625 
f 10626 9321 11754 11785 
f 10627 9322 9321 10626 
f 10629 9324 9323 10628 
f 10630 9325 9324 10629 
f 10631 9326 9325 10630 
f 10632 9327 9326 10631 
f 10633 9328 9327 10632 
f 10634 9329 9328 10633 
f 10635 9330 9329 10634 
f 10637 9332 9331 10636 
f 10638 9333 9332 10637 
f 11842 11846 9333 10638 
f 10639 9334 11755 11786 
f 10640 9335 9334 10639 
f 10642 9337 9336 10641 
f 10643 9338 9337 10642 
f 10644 9339 9338 10643 
f 10645 9340 9339 10644 
f 10646 9341 9340 10645 
f 10647 9342 9341 10646 
f 10648 9343 9342 10647 
f 10650 9345 9344 10649 
f 10651 9346 9345 10650 
f 11848 11852 9346 10651 
f 10652 9347 11756 11787 
f 10653 9348 9347 10652 
f 10655 9350 9349 10654 
f 10656 9351 9350 10655 
f 10657 9352 9351 10656 
f 10658 9353 9352 10657 
f 10659 9354 9353 10658 
f 10660 9355 9354 10659 
f 10661 9356 9355 10660 
f 10663 9358 9357 10662 
f 10664 9359 9358 10663 
f 11854 11858 9359 10664 
f 10665 9360 11757 11788 
f 10666 9361 9360 10665 
f 10668 9363 9362 10667 
f 10669 9364 9363 10668 
f 10670 9365 9364 10669 
f 10671 9366 9365 10670 
f 10672 9367 9366 10671 
f 10673 9368 9367 10672 
f 10674 9369 9368 10673 
f 10676 9371 9370 10675 
f 10677 9372 9371 10676 
f 11860 11864 9372 10677 
f 10678 9373 11758 11789 
f 10679 9374 9373 10678 
f 10681 9376 9375 10680 
f 10682 9377 9376 10681 
f 10683 9378 9377 10682 
f 10684 9379 9378 10683 
f 10685 9380 9379 10684 
f 10686 9381 9380 10685 
f 10687 9382 9381 10686 
f 10689 9384 9383 10688 
f 10690 9385 9384 10689 
f 11866 11870 9385 10690 
f 10691 9386 11759 11790 
f 10692 9387 9386 10691 
f 10694 9389 9388 10693 
f 10695 9390 9389 10694 
f 10696 9391 9390 10695 
f 10697 9392 9391 10696 
f 10698 9393 9392 10697 
f 10699 9394 9393 10698 
f 10700 9395 9394 10699 
f 10702 9397 9396 10701 
f 10703 9398 9397 10702 
f 11872 11876 9398 10703 
f 10704 9399 11760 11791 
f 10705 9400 9399 10704 
f 10707 9402 9401 10706 
f 10708 9403 9402 10707 
f 10709 9404 9403 10708 
f 10710 9405 9404 10709 
f 10711 9406 9405 10710 
f 10712 9407 9406 10711 
f 10713 9408 9407 10712 
f 10715 9410 9409 10714 
f 10716 9411 9410 10715 
f 11878 11882 9411 10716 
f 10717 9412 11761 11792 
f 10718 9413 9412 10717 
f 10720 9415 9414 10719 
f 10721 9416 9415 10720 
f 10722 9417 9416 10721 
f 10723 9418 9417 10722 
f 10724 9419 9418 10723 
f 10725 9420 9419 10724 
f 10726 9421 9420 10725 
f 10728 9423 9422 10727 
f 10729 9424 9423 10728 
f 11884 11888 9424 10729 
f 10730 9425 11762 11793 
f 10731 9426 9425 10730 
f 10733 9428 9427 10732 
f 10734 9429 9428 10733 
f 10735 9430 9429 10734 
f 10736 9431 9430 10735 
f 10737 9432 9431 10736 
f 10738 9433 9432 10737 
f 10739 9434 9433 10738 
f 10741 9436 9435 10740 
f 10742 9437 9436 10741 
f 11890 11894 9437 10742 
f 10743 9438 11763 11794 
f 10744 9439 9438 10743 
f 10746 9441 9440 10745 
f 10747 9442 9441 10746 
f 10748 9443 9442 10747 
f 10749 9444 9443 10748 
f 10750 9445 9444 10749 
f 10751 9446 9445 10750 
f 10752 9447 9446 10751 
f 10754 9449 9448 10753 
f 10755 9450 9449 10754 
f 11896 11900 9450 10755 
f 10756 9451 11764 11795 
f 10757 9452 9451 10756 
f 10759 9454 9453 10758 
f 10760 9455 9454 10759 
f 10761 9456 9455 10760 
f 10762 9457 9456 10761 
f 10763 9458 9457 10762 
f 10764 9459 9458 10763 
f 10765 9460 9459 10764 
f 10767 9462 9461 10766 
f 10768 9463 9462 10767 
f 11902 11906 9463 10768 
f 10769 9464 11765 11796 
f 10770 9465 9464 10769 
f 10772 9467 9466 10771 
f 10773 9468 9467 10772 
f 10774 9469 9468 10773 
f 10775 9470 9469 10774 
f 10776 9471 9470 10775 
f 10777 9472 9471 10776 
f 10778 9473 9472 10777 
f 10780 9475 9474 10779 
f 10781 9476 9475 10780 
f 11908 12002 9476 10781 
f 10782 9477 11766 11797 
f 10783 9478 9477 10782 
f 10785 9482 9481 10784 
f 10787 9486 9485 10786 
f 10789 9479 9480 10788 
f 10791 9490 9489 10790 
f 10793 9487 9488 10792 
f 10795 9494 9493 10794 
f 10797 9491 9492 10796 
f 10799 9498 9497 10798 
f 10801 9495 9496 10800 
f 10803 9502 9501 10802 
f 10805 9499 9500 10804 
f 10807 9506 9505 10806 
f 10809 9503 9504 10808 
f 10811 9510 9509 10810 
f 10813 9507 9508 10812 
f 10815 9514 9513 10814 
f 10817 9511 9512 10816 
f 10819 9518 9517 10818 
f 10821 9515 9516 10820 
f 10823 9522 9521 10822 
f 10825 9519 9520 10824 
f 10827 9526 9525 10826 
f 10829 9523 9524 10828 
f 10831 9530 9529 10830 
f 10833 9527 9528 10832 
f 10835 9534 9533 10834 
f 10837 9531 9532 10836 
f 10839 9538 9537 10838 
f 10841 9535 9536 10840 
f 10843 9542 9541 10842 
f 10845 9539 9540 10844 
f 10847 9546 9545 10846 
f 10849 9550 9549 10848 
f 10851 9547 9548 10850 
f 10853 9551 9552 10852 
f 10855 9553 9554 10854 
f 10857 9555 9556 10856 
f 10859 9557 9558 10858 
f 10861 9559 9560 10860 
f 10863 9561 9562 10862 
f 10865 9563 9564 10864 
f 10867 9565 9566 10866 
f 10869 9578 9577 10868 
f 10871 9579 9580 10870 
f 10873 9585 9586 10872 
f 10875 9575 9576 10874 
f 10877 9592 9591 10876 
f 10879 9596 9595 10878 
f 10881 9601 9600 10880 
f 10883 9593 9594 10882 
f 10885 9589 9590 10884 
f 10892 9587 9588 10891 
f 10894 9618 9617 10893 
f 10876 9591 9618 10894 
f 10896 9622 9621 10895 
f 10880 9600 9622 10896 
f 10898 9624 9623 10897 
f 10882 9594 9624 10898 
f 10900 9626 9625 10899 
f 10878 9595 9626 10900 
f 10902 9615 9616 10901 
f 10884 9590 9615 10902 
f 10904 9644 9643 10903 
f 10868 9577 9644 10904 
f 10879 9593 9578 10869 
f 10906 9645 9646 10905 
f 10870 9580 9645 10906 
f 10881 9599 9579 10871 
f 10908 9648 9649 10907 
f 10872 9586 9648 10908 
f 10883 9601 9585 10873 
f 10910 9641 9642 10909 
f 10874 9576 9641 10910 
f 10885 9596 9575 10875 
f 10912 9650 9651 10911 
f 10891 9588 9650 10912 
f 10877 9589 9587 10892 
f 10914 9661 9660 10913 
f 10916 9669 9668 10915 
f 10918 9658 9659 10917 
f 10920 9671 9670 10919 
f 10922 9674 9673 10921 
f 10924 9678 9677 10923 
f 10926 9684 9683 10925 
f 10928 9679 9676 10927 
f 10930 9675 9672 10929 
f 10937 9695 9694 10936 
f 10939 9699 9698 10938 
f 10939 9696 9674 10922 
f 10941 9703 9702 10940 
f 10941 9700 9684 10926 
f 10943 9700 9701 10942 
f 10943 9704 9679 10928 
f 10945 9704 9705 10944 
f 10945 9706 9678 10924 
f 10947 9706 9707 10946 
f 10947 9699 9675 10930 
f 10949 9721 9720 10948 
f 10913 9660 9721 10949 
f 10914 9658 9676 10923 
f 10951 9726 9725 10950 
f 10915 9668 9726 10951 
f 10916 9665 9681 10925 
f 10953 9718 9719 10952 
f 10917 9659 9718 10953 
f 10918 9669 9683 10927 
f 10955 9728 9727 10954 
f 10919 9670 9728 10955 
f 10920 9661 9677 10929 
f 10957 9730 9729 10956 
f 10936 9694 9730 10957 
f 10937 9671 9672 10921 
f 10959 9734 9733 10958 
f 10961 9731 9732 10960 
f 10963 9735 9736 10962 
f 10965 9737 9738 10964 
f 10967 9739 9740 10966 
f 10969 9741 9742 10968 
f 10971 9743 9744 10970 
f 10973 9745 9746 10972 
f 10975 9747 9748 10974 
f 10977 9749 9750 10976 
f 10979 9756 9755 10978 
f 10848 9549 9756 10979 
f 10849 9547 9758 10980 
f 10982 9753 9754 10981 
f 10850 9548 9753 10982 
f 10851 9551 9761 10983 
f 10985 9759 9760 10984 
f 10852 9552 9759 10985 
f 10853 9553 9764 10986 
f 10988 9762 9763 10987 
f 10854 9554 9762 10988 
f 10855 9555 9767 10989 
f 10991 9765 9766 10990 
f 10856 9556 9765 10991 
f 10857 9557 9770 10992 
f 10994 9768 9769 10993 
f 10858 9558 9768 10994 
f 10859 9559 9773 10995 
f 10997 9771 9772 10996 
f 10860 9560 9771 10997 
f 10861 9561 9776 10998 
f 11000 9774 9775 10999 
f 10862 9562 9774 11000 
f 10863 9563 9779 11001 
f 11003 9777 9778 11002 
f 10864 9564 9777 11003 
f 10865 9565 9782 11004 
f 11006 9780 9781 11005 
f 10866 9566 9780 11006 
f 10867 9567 9785 11007 
f 11009 9789 9788 11008 
f 10958 9733 9789 11009 
f 10959 9731 9754 10978 
f 11011 9786 9787 11010 
f 10960 9732 9786 11011 
f 10961 9735 9760 10981 
f 11013 9790 9791 11012 
f 10962 9736 9790 11013 
f 10963 9737 9763 10984 
f 11015 9792 9793 11014 
f 10964 9738 9792 11015 
f 10965 9739 9766 10987 
f 11017 9794 9795 11016 
f 10966 9740 9794 11017 
f 10967 9741 9769 10990 
f 11019 9796 9797 11018 
f 10968 9742 9796 11019 
f 10969 9743 9772 10993 
f 11021 9798 9799 11020 
f 10970 9744 9798 11021 
f 10971 9745 9775 10996 
f 11023 9800 9801 11022 
f 10972 9746 9800 11023 
f 10973 9747 9778 10999 
f 11025 9802 9803 11024 
f 10974 9748 9802 11025 
f 10975 9749 9781 11002 
f 11027 9804 9805 11026 
f 10976 9750 9804 11027 
f 10977 9751 9784 11005 
f 11029 9814 9813 11028 
f 11031 9818 9817 11030 
f 11034 9815 9812 11033 
f 11036 9824 9823 11035 
f 11038 9826 9825 11037 
f 11040 9828 9827 11039 
f 11043 9817 9818 11042 
f 11045 9833 9832 11044 
f 11047 9835 9834 11046 
f 11049 9837 9836 11048 
f 11039 9827 9649 10905 
f 11037 9825 9643 10907 
f 11035 9823 9642 10903 
f 11033 9812 9651 10909 
f 11028 9813 9653 10911 
f 11030 9817 9727 10956 
f 11043 9833 9720 10954 
f 11045 9835 9719 10948 
f 11047 9837 9725 10952 
f 11049 9830 9723 10950 
f 11050 9838 9839 11051 
f 11051 9839 9840 11052 
f 11052 9840 9841 11053 
f 11053 9841 9842 11054 
f 11054 9842 9843 11055 
f 11055 9843 9844 11056 
f 11056 9844 9845 11057 
f 11059 9847 9846 11058 
f 11058 9846 9848 11060 
f 11060 9848 11912 11914 
f 11915 11911 11767 11798 
f 11061 9849 9850 11062 
f 11063 9851 9852 11064 
f 11064 9852 9853 11065 
f 11065 9853 9854 11066 
f 11066 9854 9855 11067 
f 11067 9855 9856 11068 
f 11068 9856 9857 11069 
f 11069 9857 9858 11070 
f 11072 9860 9859 11071 
f 11071 9859 9861 11073 
f 11073 9861 11918 11920 
f 11921 11917 11768 11799 
f 11074 9862 9863 11075 
f 11076 9864 9865 11077 
f 11077 9865 9866 11078 
f 11078 9866 9867 11079 
f 11079 9867 9868 11080 
f 11080 9868 9869 11081 
f 11081 9869 9870 11082 
f 11082 9870 9871 11083 
f 11085 9873 9872 11084 
f 11084 9872 9874 11086 
f 11086 9874 11924 11926 
f 11927 11923 11769 11800 
f 11087 9875 9876 11088 
f 11089 9877 9878 11090 
f 11090 9878 9879 11091 
f 11091 9879 9880 11092 
f 11092 9880 9881 11093 
f 11093 9881 9882 11094 
f 11094 9882 9883 11095 
f 11095 9883 9884 11096 
f 11098 9886 9885 11097 
f 11097 9885 9887 11099 
f 11099 9887 11930 11932 
f 11933 11929 11770 11801 
f 11100 9888 9889 11101 
f 11102 9890 9891 11103 
f 11103 9891 9892 11104 
f 11104 9892 9893 11105 
f 11105 9893 9894 11106 
f 11106 9894 9895 11107 
f 11107 9895 9896 11108 
f 11108 9896 9897 11109 
f 11111 9899 9898 11110 
f 11110 9898 9900 11112 
f 11112 9900 11936 11938 
f 11939 11935 11771 11802 
f 11113 9901 9902 11114 
f 11115 9903 9904 11116 
f 11116 9904 9905 11117 
f 11117 9905 9906 11118 
f 11118 9906 9907 11119 
f 11119 9907 9908 11120 
f 11120 9908 9909 11121 
f 11121 9909 9910 11122 
f 11124 9912 9911 11123 
f 11123 9911 9913 11125 
f 11125 9913 11942 11944 
f 11945 11941 11772 11803 
f 11126 9914 9915 11127 
f 11128 9916 9917 11129 
f 11129 9917 9918 11130 
f 11130 9918 9919 11131 
f 11131 9919 9920 11132 
f 11132 9920 9921 11133 
f 11133 9921 9922 11134 
f 11134 9922 9923 11135 
f 11137 9925 9924 11136 
f 11136 9924 9926 11138 
f 11138 9926 11948 11950 
f 11951 11947 11773 11804 
f 11139 9927 9928 11140 
f 11141 9929 9930 11142 
f 11142 9930 9931 11143 
f 11143 9931 9932 11144 
f 11144 9932 9933 11145 
f 11145 9933 9934 11146 
f 11146 9934 9935 11147 
f 11147 9935 9936 11148 
f 11150 9938 9937 11149 
f 11149 9937 9939 11151 
f 11151 9939 11954 11956 
f 11957 11953 11774 11805 
f 11152 9940 9941 11153 
f 11154 9942 9943 11155 
f 11155 9943 9944 11156 
f 11156 9944 9945 11157 
f 11157 9945 9946 11158 
f 11158 9946 9947 11159 
f 11159 9947 9948 11160 
f 11160 9948 9949 11161 
f 11163 9951 9950 11162 
f 11162 9950 9952 11164 
f 11164 9952 11960 11962 
f 11963 11959 11775 11806 
f 11165 9953 9954 11166 
f 11167 9955 9956 11168 
f 11168 9956 9957 11169 
f 11169 9957 9958 11170 
f 11170 9958 9959 11171 
f 11171 9959 9960 11172 
f 11172 9960 9961 11173 
f 11173 9961 9962 11174 
f 11176 9964 9963 11175 
f 11175 9963 9965 11177 
f 11177 9965 11966 11968 
f 11969 11965 11776 11807 
f 11178 9966 9967 11179 
f 11180 9968 9969 11181 
f 11181 9969 9970 11182 
f 11182 9970 9971 11183 
f 11183 9971 9972 11184 
f 11184 9972 9973 11185 
f 11185 9973 9974 11186 
f 11186 9974 9975 11187 
f 11189 9977 9976 11188 
f 11188 9976 9978 11190 
f 11190 9978 11972 11974 
f 11975 11971 11777 11808 
f 11191 9979 9980 11192 
f 11193 9981 9982 11194 
f 11194 9982 9983 11195 
f 11195 9983 9984 11196 
f 11196 9984 9985 11197 
f 11197 9985 9986 11198 
f 11198 9986 9987 11199 
f 11199 9987 9988 11200 
f 11202 9990 9989 11201 
f 11201 9989 9991 11203 
f 11203 9991 11978 11980 
f 11981 11977 11778 11809 
f 11204 9992 9993 11205 
f 11206 9994 9995 11207 
f 11207 9995 9996 11208 
f 11208 9996 9997 11209 
f 11209 9997 9998 11210 
f 11210 9998 9999 11211 
f 11211 9999 10000 11212 
f 11212 10000 10001 11213 
f 11215 10003 10002 11214 
f 11214 10002 10004 11216 
f 11216 10004 11984 11986 
f 11987 11983 11779 11810 
f 11217 10005 10006 11218 
f 11219 10007 10008 11220 
f 11220 10008 10009 11221 
f 11221 10009 10010 11222 
f 11222 10010 10011 11223 
f 11223 10011 10012 11224 
f 11224 10012 10013 11225 
f 11225 10013 10014 11226 
f 11228 10016 10015 11227 
f 11227 10015 10017 11229 
f 11229 10017 11990 11992 
f 11993 11989 11780 11811 
f 11230 10018 10019 11231 
f 11232 10020 10021 11233 
f 11233 10021 10022 11234 
f 11234 10022 10023 11235 
f 11235 10023 10024 11236 
f 11236 10024 10025 11237 
f 11237 10025 10026 11238 
f 11238 10026 10027 11239 
f 11241 10029 10028 11240 
f 11240 10028 10030 11242 
f 11242 10030 11996 11998 
f 11999 11995 11781 11812 
f 11243 10031 10032 11244 
f 11245 9466 9467 11246 
f 11246 9467 9468 11247 
f 11247 9468 9469 11248 
f 11248 9469 9470 11249 
f 11249 9470 9471 11250 
f 11250 9471 9472 11251 
f 11251 9472 9473 11252 
f 11254 9474 9475 11253 
f 11253 9475 9476 11255 
f 11255 9476 12002 12004 
f 12005 12001 11766 11813 
f 11256 9477 9478 11257 
f 11259 10034 10033 11258 
f 11261 9483 9484 11260 
f 11263 10038 10037 11262 
f 11265 10035 10036 11264 
f 11267 10042 10041 11266 
f 11269 10039 10040 11268 
f 11271 10046 10045 11270 
f 11273 10043 10044 11272 
f 11275 10050 10049 11274 
f 11277 10047 10048 11276 
f 11279 10054 10053 11278 
f 11281 10051 10052 11280 
f 11283 10058 10057 11282 
f 11285 10055 10056 11284 
f 11287 10062 10061 11286 
f 11289 10059 10060 11288 
f 11291 10066 10065 11290 
f 11293 10063 10064 11292 
f 11295 10070 10069 11294 
f 11297 10067 10068 11296 
f 11299 10074 10073 11298 
f 11301 10071 10072 11300 
f 11303 10078 10077 11302 
f 11305 10075 10076 11304 
f 11307 10082 10081 11306 
f 11309 10079 10080 11308 
f 11311 10086 10085 11310 
f 11313 10083 10084 11312 
f 11315 10090 10089 11314 
f 11317 10087 10088 11316 
f 11319 9543 9544 11318 
f 11321 10091 10092 11320 
f 11323 10095 10094 11322 
f 11325 10096 10093 11324 
f 11327 10098 10097 11326 
f 11329 10100 10099 11328 
f 11331 10102 10101 11330 
f 11333 10104 10103 11332 
f 11335 10106 10105 11334 
f 11337 10108 10107 11336 
f 11339 10110 10109 11338 
f 11341 10112 10111 11340 
f 11343 10121 10120 11342 
f 11345 10126 10123 11344 
f 11347 10130 10129 11346 
f 11349 10122 10119 11348 
f 11351 9591 9592 11350 
f 11353 10137 10136 11352 
f 11355 10143 10142 11354 
f 11357 10138 10135 11356 
f 11359 10134 10133 11358 
f 11366 10132 10131 11365 
f 11368 9617 9618 11367 
f 11367 9618 9591 11351 
f 11370 10157 10156 11369 
f 11369 10156 10143 11355 
f 11372 10160 10159 11371 
f 11371 10159 10138 11357 
f 11374 10162 10161 11373 
f 11373 10161 10137 11353 
f 11376 10154 10153 11375 
f 11375 10153 10134 11359 
f 11378 10179 10178 11377 
f 11377 10178 10121 11343 
f 11342 10120 10135 11352 
f 11380 10183 10181 11379 
f 11379 10181 10126 11345 
f 11344 10123 10140 11354 
f 11382 10185 10184 11381 
f 11381 10184 10130 11347 
f 11346 10129 10142 11356 
f 11384 10180 10177 11383 
f 11383 10177 10122 11349 
f 11348 10119 10136 11358 
f 11386 10187 10186 11385 
f 11385 10186 10132 11366 
f 11365 10131 10133 11350 
f 11388 10194 10193 11387 
f 11390 10203 10202 11389 
f 11392 10195 10192 11391 
f 11394 10205 10204 11393 
f 11396 9673 9674 11395 
f 11398 10211 10210 11397 
f 11400 10216 10215 11399 
f 11402 10208 10209 11401 
f 11404 10206 10207 11403 
f 11411 9694 9695 11410 
f 11413 10226 10225 11412 
f 11395 9674 9696 11412 
f 11415 10229 10228 11414 
f 11399 10215 10227 11414 
f 11417 10230 10227 11416 
f 11401 10209 10231 11416 
f 11419 10232 10231 11418 
f 11397 10210 10233 11418 
f 11421 10234 10233 11420 
f 11403 10207 10225 11420 
f 11423 10247 10246 11422 
f 11422 10246 10194 11388 
f 11398 10208 10192 11387 
f 11425 10253 10252 11424 
f 11424 10252 10203 11390 
f 11400 10214 10197 11389 
f 11427 10248 10245 11426 
f 11426 10245 10195 11392 
f 11402 10216 10202 11391 
f 11429 10255 10254 11428 
f 11428 10254 10205 11394 
f 11404 10211 10193 11393 
f 11431 9729 9730 11430 
f 11430 9730 9694 11411 
f 11396 10206 10204 11410 
f 11433 10258 10257 11432 
f 11435 10259 10256 11434 
f 11437 10261 10260 11436 
f 11439 10263 10262 11438 
f 11441 10265 10264 11440 
f 11443 10267 10266 11442 
f 11445 10269 10268 11444 
f 11447 10271 10270 11446 
f 11449 10273 10272 11448 
f 11451 10275 10274 11450 
f 11453 10278 10277 11452 
f 11452 10277 10095 11323 
f 11454 10280 10093 11322 
f 11456 10279 10276 11455 
f 11455 10276 10096 11325 
f 11457 10284 10097 11324 
f 11459 10283 10282 11458 
f 11458 10282 10098 11327 
f 11460 10287 10099 11326 
f 11462 10286 10285 11461 
f 11461 10285 10100 11329 
f 11463 10290 10101 11328 
f 11465 10289 10288 11464 
f 11464 10288 10102 11331 
f 11466 10293 10103 11330 
f 11468 10292 10291 11467 
f 11467 10291 10104 11333 
f 11469 10296 10105 11332 
f 11471 10295 10294 11470 
f 11470 10294 10106 11335 
f 11472 10299 10107 11334 
f 11474 10298 10297 11473 
f 11473 10297 10108 11337 
f 11475 10302 10109 11336 
f 11477 10301 10300 11476 
f 11476 10300 10110 11339 
f 11478 10305 10111 11338 
f 11480 10304 10303 11479 
f 11479 10303 10112 11341 
f 11481 9785 9567 11340 
f 11483 10308 10307 11482 
f 11482 10307 10258 11433 
f 11453 10279 10256 11432 
f 11485 10309 10306 11484 
f 11484 10306 10259 11435 
f 11456 10283 10260 11434 
f 11487 10311 10310 11486 
f 11486 10310 10261 11437 
f 11459 10286 10262 11436 
f 11489 10313 10312 11488 
f 11488 10312 10263 11439 
f 11462 10289 10264 11438 
f 11491 10315 10314 11490 
f 11490 10314 10265 11441 
f 11465 10292 10266 11440 
f 11493 10317 10316 11492 
f 11492 10316 10267 11443 
f 11468 10295 10268 11442 
f 11495 10319 10318 11494 
f 11494 10318 10269 11445 
f 11471 10298 10270 11444 
f 11497 10321 10320 11496 
f 11496 10320 10271 11447 
f 11474 10301 10272 11446 
f 11499 10323 10322 11498 
f 11498 10322 10273 11449 
f 11477 10304 10274 11448 
f 11501 10325 10324 11500 
f 11500 10324 10275 11451 
f 11480 9784 9751 11450 
f 11503 9813 9814 11502 
f 11505 10333 10332 11504 
f 11508 10330 10331 11507 
f 11510 10337 10338 11509 
f 11512 10339 10340 11511 
f 11514 10341 10342 11513 
f 11517 10332 10333 11516 
f 11519 10346 10347 11518 
f 11521 10348 10349 11520 
f 11523 10350 10351 11522 
f 11380 10185 10341 11514 
f 11382 10179 10339 11512 
f 11378 10180 10337 11510 
f 11384 10187 10330 11508 
f 11386 9653 9813 11503 
f 11431 10255 10333 11505 
f 11429 10247 10347 11516 
f 11423 10248 10349 11518 
f 11427 10253 10351 11520 
f 11425 10250 10344 11522 
f 10933 9693 9701 10940 
f 10934 9687 9705 10942 
f 10932 9688 9707 10944 
f 10935 9685 9698 10946 
f 10931 9686 9697 10938 
f 11405 10217 10226 11413 
f 11409 10219 10234 11421 
f 11406 10218 10232 11419 
f 11408 10224 10230 11417 
f 11407 10220 10229 11415 
f 11362 10151 10157 11370 
f 11363 10145 10160 11372 
f 11361 10146 10162 11374 
f 11364 10144 10154 11376 
f 11360 9604 9617 11368 
f 10886 9602 9616 10893 
f 10890 9606 9625 10901 
f 10887 9605 9623 10899 
f 10889 9611 9621 10897 
f 10888 9607 9620 10895 
f 11525 10354 10353 11524 
f 11526 10357 10354 11525 
f 11527 10359 10357 11526 
f 10784 9481 10359 11527 
f 11528 10361 9782 11007 
f 11529 10363 10361 11528 
f 10785 9479 10363 11529 
f 11531 10355 10352 11530 
f 11532 10356 10355 11531 
f 11533 10358 10356 11532 
f 10788 9480 10358 11533 
f 11534 10368 9779 11004 
f 11535 10369 10368 11534 
f 10789 9487 10369 11535 
f 11537 10365 10364 11536 
f 11538 10366 10365 11537 
f 11539 10367 10366 11538 
f 10792 9488 10367 11539 
f 11540 10374 9776 11001 
f 11541 10375 10374 11540 
f 10793 9491 10375 11541 
f 11543 10371 10370 11542 
f 11544 10372 10371 11543 
f 11545 10373 10372 11544 
f 10796 9492 10373 11545 
f 11546 10380 9773 10998 
f 11547 10381 10380 11546 
f 10797 9495 10381 11547 
f 11549 10377 10376 11548 
f 11550 10378 10377 11549 
f 11551 10379 10378 11550 
f 10800 9496 10379 11551 
f 11552 10386 9770 10995 
f 11553 10387 10386 11552 
f 10801 9499 10387 11553 
f 11555 10383 10382 11554 
f 11556 10384 10383 11555 
f 11557 10385 10384 11556 
f 10804 9500 10385 11557 
f 11558 10392 9767 10992 
f 11559 10393 10392 11558 
f 10805 9503 10393 11559 
f 11561 10389 10388 11560 
f 11562 10390 10389 11561 
f 11563 10391 10390 11562 
f 10808 9504 10391 11563 
f 11564 10398 9764 10989 
f 11565 10399 10398 11564 
f 10809 9507 10399 11565 
f 11567 10395 10394 11566 
f 11568 10396 10395 11567 
f 11569 10397 10396 11568 
f 10812 9508 10397 11569 
f 11570 10404 9761 10986 
f 11571 10405 10404 11570 
f 10813 9511 10405 11571 
f 11573 10401 10400 11572 
f 11574 10402 10401 11573 
f 11575 10403 10402 11574 
f 10816 9512 10403 11575 
f 11576 10410 9758 10983 
f 11577 10411 10410 11576 
f 10817 9515 10411 11577 
f 11579 10407 10406 11578 
f 11580 10408 10407 11579 
f 11581 10409 10408 11580 
f 10820 9516 10409 11581 
f 11582 10416 9757 10980 
f 11583 10417 10416 11582 
f 10821 9519 10417 11583 
f 11585 10413 10412 11584 
f 11586 10414 10413 11585 
f 11587 10415 10414 11586 
f 10824 9520 10415 11587 
f 11588 10422 9821 11032 
f 11589 10423 10422 11588 
f 10825 9523 10423 11589 
f 11591 10419 10418 11590 
f 11592 10420 10419 11591 
f 11593 10421 10420 11592 
f 10828 9524 10421 11593 
f 11594 10428 9828 11040 
f 11595 10429 10428 11594 
f 10829 9527 10429 11595 
f 11597 10425 10424 11596 
f 11598 10426 10425 11597 
f 11599 10427 10426 11598 
f 10832 9528 10427 11599 
f 11600 10434 9826 11038 
f 11601 10435 10434 11600 
f 10833 9531 10435 11601 
f 11603 10431 10430 11602 
f 11604 10432 10431 11603 
f 11605 10433 10432 11604 
f 10836 9532 10433 11605 
f 11606 10440 9824 11036 
f 11607 10441 10440 11606 
f 10837 9535 10441 11607 
f 11609 10437 10436 11608 
f 11610 10438 10437 11609 
f 11611 10439 10438 11610 
f 10840 9536 10439 11611 
f 11612 10446 9815 11034 
f 11613 10447 10446 11612 
f 10841 9539 10447 11613 
f 11615 10443 10442 11614 
f 11616 10444 10443 11615 
f 11617 10445 10444 11616 
f 10844 9540 10445 11617 
f 11618 10452 9814 11029 
f 11619 10453 10452 11618 
f 10845 9543 10453 11619 
f 11621 10455 10454 11620 
f 11622 10456 10455 11621 
f 11623 10457 10456 11622 
f 11258 10033 10457 11623 
f 11624 10360 9785 11481 
f 11625 10362 10360 11624 
f 11259 9482 10362 11625 
f 11627 10461 10460 11626 
f 11628 10462 10461 11627 
f 11629 10463 10462 11628 
f 11262 10037 10463 11629 
f 11630 10458 10305 11478 
f 11631 10459 10458 11630 
f 11263 10034 10459 11631 
f 11633 10467 10466 11632 
f 11634 10468 10467 11633 
f 11635 10469 10468 11634 
f 11266 10041 10469 11635 
f 11636 10464 10302 11475 
f 11637 10465 10464 11636 
f 11267 10038 10465 11637 
f 11639 10473 10472 11638 
f 11640 10474 10473 11639 
f 11641 10475 10474 11640 
f 11270 10045 10475 11641 
f 11642 10470 10299 11472 
f 11643 10471 10470 11642 
f 11271 10042 10471 11643 
f 11645 10479 10478 11644 
f 11646 10480 10479 11645 
f 11647 10481 10480 11646 
f 11274 10049 10481 11647 
f 11648 10476 10296 11469 
f 11649 10477 10476 11648 
f 11275 10046 10477 11649 
f 11651 10485 10484 11650 
f 11652 10486 10485 11651 
f 11653 10487 10486 11652 
f 11278 10053 10487 11653 
f 11654 10482 10293 11466 
f 11655 10483 10482 11654 
f 11279 10050 10483 11655 
f 11657 10491 10490 11656 
f 11658 10492 10491 11657 
f 11659 10493 10492 11658 
f 11282 10057 10493 11659 
f 11660 10488 10290 11463 
f 11661 10489 10488 11660 
f 11283 10054 10489 11661 
f 11663 10497 10496 11662 
f 11664 10498 10497 11663 
f 11665 10499 10498 11664 
f 11286 10061 10499 11665 
f 11666 10494 10287 11460 
f 11667 10495 10494 11666 
f 11287 10058 10495 11667 
f 11669 10503 10502 11668 
f 11670 10504 10503 11669 
f 11671 10505 10504 11670 
f 11290 10065 10505 11671 
f 11672 10500 10284 11457 
f 11673 10501 10500 11672 
f 11291 10062 10501 11673 
f 11675 10509 10508 11674 
f 11676 10510 10509 11675 
f 11677 10511 10510 11676 
f 11294 10069 10511 11677 
f 11678 10506 10280 11454 
f 11679 10507 10506 11678 
f 11295 10066 10507 11679 
f 11681 10515 10514 11680 
f 11682 10516 10515 11681 
f 11683 10517 10516 11682 
f 11298 10073 10517 11683 
f 11684 10512 10281 11506 
f 11685 10513 10512 11684 
f 11299 10070 10513 11685 
f 11687 10521 10520 11686 
f 11688 10522 10521 11687 
f 11689 10523 10522 11688 
f 11302 10077 10523 11689 
f 11690 10518 10334 11513 
f 11691 10519 10518 11690 
f 11303 10074 10519 11691 
f 11693 10527 10526 11692 
f 11694 10528 10527 11693 
f 11695 10529 10528 11694 
f 11306 10081 10529 11695 
f 11696 10524 10342 11511 
f 11697 10525 10524 11696 
f 11307 10078 10525 11697 
f 11699 10533 10532 11698 
f 11700 10534 10533 11699 
f 11701 10535 10534 11700 
f 11310 10085 10535 11701 
f 11702 10530 10340 11509 
f 11703 10531 10530 11702 
f 11311 10082 10531 11703 
f 11705 10539 10538 11704 
f 11706 10540 10539 11705 
f 11707 10541 10540 11706 
f 11314 10089 10541 11707 
f 11708 10536 10338 11507 
f 11709 10537 10536 11708 
f 11315 10086 10537 11709 
f 11711 10449 10448 11710 
f 11712 10450 10449 11711 
f 11713 10451 10450 11712 
f 11318 9544 10451 11713 
f 11714 10542 10331 11502 
f 11715 10543 10542 11714 
f 11319 10090 10543 11715 
f 10786 9485 10545 11716 
f 10787 9483 9807 11026 
f 10790 9489 10546 11717 
f 10791 9486 9805 11024 
f 10794 9493 10547 11718 
f 10795 9490 9803 11022 
f 10798 9497 10548 11719 
f 10799 9494 9801 11020 
f 10802 9501 10549 11720 
f 10803 9498 9799 11018 
f 10806 9505 10550 11721 
f 10807 9502 9797 11016 
f 10810 9509 10551 11722 
f 10811 9506 9795 11014 
f 10814 9513 10552 11723 
f 10815 9510 9793 11012 
f 10818 9517 10553 11724 
f 10819 9514 9791 11010 
f 10822 9521 10554 11725 
f 10823 9518 9787 11008 
f 10826 9525 10555 11726 
f 10827 9522 9788 11041 
f 10830 9529 10556 11727 
f 10831 9526 9829 11048 
f 10834 9533 10557 11728 
f 10835 9530 9836 11046 
f 10838 9537 10558 11729 
f 10839 9534 9834 11044 
f 10842 9541 10559 11730 
f 10843 9538 9832 11042 
f 10846 9545 10560 11731 
f 10847 9542 9818 11031 
f 11260 9484 10544 11732 
f 11261 10035 10325 11501 
f 11264 10036 10561 11733 
f 11265 10039 10323 11499 
f 11268 10040 10562 11734 
f 11269 10043 10321 11497 
f 11272 10044 10563 11735 
f 11273 10047 10319 11495 
f 11276 10048 10564 11736 
f 11277 10051 10317 11493 
f 11280 10052 10565 11737 
f 11281 10055 10315 11491 
f 11284 10056 10566 11738 
f 11285 10059 10313 11489 
f 11288 10060 10567 11739 
f 11289 10063 10311 11487 
f 11292 10064 10568 11740 
f 11293 10067 10309 11485 
f 11296 10068 10569 11741 
f 11297 10071 10308 11483 
f 11300 10072 10570 11742 
f 11301 10075 10343 11515 
f 11304 10076 10571 11743 
f 11305 10079 10350 11523 
f 11308 10080 10572 11744 
f 11309 10083 10348 11521 
f 11312 10084 10573 11745 
f 11313 10087 10346 11519 
f 11316 10088 10574 11746 
f 11317 10091 10332 11517 
f 11320 10092 10575 11747 
f 11321 9546 9819 11504 
f 11524 10353 9274 10584 
f 11620 10454 9847 11059 
f 11626 10460 9860 11072 
f 11632 10466 9873 11085 
f 11638 10472 9886 11098 
f 11644 10478 9899 11111 
f 11650 10484 9912 11124 
f 11656 10490 9925 11137 
f 11662 10496 9938 11150 
f 11668 10502 9951 11163 
f 11674 10508 9964 11176 
f 11680 10514 9977 11189 
f 11686 10520 9990 11202 
f 11692 10526 10003 11215 
f 11698 10532 10016 11228 
f 11704 10538 10029 11241 
f 11710 10448 9474 11254 
f 11614 10442 9461 10779 
f 11608 10436 9448 10766 
f 11602 10430 9435 10753 
f 11596 10424 9422 10740 
f 11590 10418 9409 10727 
f 11584 10412 9396 10714 
f 11578 10406 9383 10701 
f 11572 10400 9370 10688 
f 11566 10394 9357 10675 
f 11560 10388 9344 10662 
f 11554 10382 9331 10649 
f 11548 10376 9318 10636 
f 11542 10370 9305 10623 
f 11536 10364 9292 10610 
f 11530 10352 9275 10597 
f 11716 10545 9272 10583 
f 11717 10546 9291 10596 
f 11718 10547 9304 10609 
f 11719 10548 9317 10622 
f 11720 10549 9330 10635 
f 11721 10550 9343 10648 
f 11722 10551 9356 10661 
f 11723 10552 9369 10674 
f 11724 10553 9382 10687 
f 11725 10554 9395 10700 
f 11726 10555 9408 10713 
f 11727 10556 9421 10726 
f 11728 10557 9434 10739 
f 11729 10558 9447 10752 
f 11730 10559 9460 10765 
f 11731 10560 9473 10778 
f 11747 10575 10027 11252 
f 11746 10574 10014 11239 
f 11745 10573 10001 11226 
f 11744 10572 9988 11213 
f 11743 10571 9975 11200 
f 11742 10570 9962 11187 
f 11741 10569 9949 11174 
f 11740 10568 9936 11161 
f 11739 10567 9923 11148 
f 11738 10566 9910 11135 
f 11737 10565 9897 11122 
f 11736 10564 9884 11109 
f 11735 10563 9871 11096 
f 11734 10562 9858 11083 
f 11733 10561 9845 11070 
f 11732 10544 9273 11057 
f 10335 10334 11506 
f 10344 10308 11515 
f 11041 9788 9830 
f 11032 9821 9820 
f 10888 9611 9603 
f 10889 9605 9603 
f 10887 9606 9603 
f 10890 9602 9603 
f 10886 9604 9603 
f 9603 9604 11360 
f 9603 10144 11364 
f 9603 10146 11361 
f 9603 10145 11363 
f 9603 10151 11362 
f 11407 10224 9603 
f 11408 10218 9603 
f 11406 10219 9603 
f 11409 10217 9603 
f 11405 9686 9603 
f 9603 9686 10931 
f 9603 9685 10935 
f 9603 9688 10932 
f 9603 9687 10934 
f 9603 9693 10933 
f 9259 10576 11748 
f 10576 9258 11748 
f 9258 10589 11748 
f 10589 9284 11748 
f 9284 10602 11748 
f 10602 9297 11748 
f 9297 10615 11748 
f 10615 9310 11748 
f 9310 10628 11748 
f 10628 9323 11748 
f 9323 10641 11748 
f 10641 9336 11748 
f 9336 10654 11748 
f 10654 9349 11748 
f 9349 10667 11748 
f 10667 9362 11748 
f 9362 10680 11748 
f 10680 9375 11748 
f 9375 10693 11748 
f 10693 9388 11748 
f 9388 10706 11748 
f 10706 9401 11748 
f 9401 10719 11748 
f 10719 9414 11748 
f 9414 10732 11748 
f 10732 9427 11748 
f 9427 10745 11748 
f 10745 9440 11748 
f 9440 10758 11748 
f 10758 9453 11748 
f 9453 10771 11748 
f 10771 9466 11748 
f 9466 11245 11748 
f 11245 10020 11748 
f 10020 11232 11748 
f 11232 10007 11748 
f 10007 11219 11748 
f 11219 9994 11748 
f 9994 11206 11748 
f 11206 9981 11748 
f 9981 11193 11748 
f 11193 9968 11748 
f 9968 11180 11748 
f 11180 9955 11748 
f 9955 11167 11748 
f 11167 9942 11748 
f 9942 11154 11748 
f 11154 9929 11748 
f 9929 11141 11748 
f 11141 9916 11748 
f 9916 11128 11748 
f 11128 9903 11748 
f 9903 11115 11748 
f 11115 9890 11748 
f 9890 11102 11748 
f 11102 9877 11748 
f 9877 11089 11748 
f 11089 9864 11748 
f 9864 11076 11748 
f 11076 9851 11748 
f 9851 11063 11748 
f 11063 9838 11748 
f 9838 11050 11748 
f 11050 9259 11748 
f 10588 9283 11749 
f 9283 11062 11749 
f 11062 9850 11749 
f 9850 11075 11749 
f 11075 9863 11749 
f 9863 11088 11749 
f 11088 9876 11749 
f 9876 11101 11749 
f 11101 9889 11749 
f 9889 11114 11749 
f 11114 9902 11749 
f 9902 11127 11749 
f 11127 9915 11749 
f 9915 11140 11749 
f 11140 9928 11749 
f 9928 11153 11749 
f 11153 9941 11749 
f 9941 11166 11749 
f 11166 9954 11749 
f 9954 11179 11749 
f 11179 9967 11749 
f 9967 11192 11749 
f 11192 9980 11749 
f 9980 11205 11749 
f 11205 9993 11749 
f 9993 11218 11749 
f 11218 10006 11749 
f 10006 11231 11749 
f 11231 10019 11749 
f 10019 11244 11749 
f 11244 10032 11749 
f 10032 11257 11749 
f 11257 9478 11749 
f 9478 10783 11749 
f 10783 9465 11749 
f 9465 10770 11749 
f 10770 9452 11749 
f 9452 10757 11749 
f 10757 9439 11749 
f 9439 10744 11749 
f 10744 9426 11749 
f 9426 10731 11749 
f 10731 9413 11749 
f 9413 10718 11749 
f 10718 9400 11749 
f 9400 10705 11749 
f 10705 9387 11749 
f 9387 10692 11749 
f 10692 9374 11749 
f 9374 10679 11749 
f 10679 9361 11749 
f 9361 10666 11749 
f 10666 9348 11749 
f 9348 10653 11749 
f 10653 9335 11749 
f 9335 10640 11749 
f 10640 9322 11749 
f 9322 10627 11749 
f 10627 9309 11749 
f 9309 10614 11749 
f 10614 9296 11749 
f 9296 10601 11749 
f 10601 9282 11749 
f 9282 10588 11749 
f 11751 9281 10587 11782 
f 11750 9280 10600 11783 
f 11752 9295 10613 11784 
f 11753 9308 10626 11785 
f 11754 9321 10639 11786 
f 11755 9334 10652 11787 
f 11756 9347 10665 11788 
f 11757 9360 10678 11789 
f 11758 9373 10691 11790 
f 11759 9386 10704 11791 
f 11760 9399 10717 11792 
f 11761 9412 10730 11793 
f 11762 9425 10743 11794 
f 11763 9438 10756 11795 
f 11764 9451 10769 11796 
f 11765 9464 10782 11797 
f 11798 11061 9281 11751 
f 11799 11074 9849 11767 
f 11800 11087 9862 11768 
f 11801 11100 9875 11769 
f 11802 11113 9888 11770 
f 11803 11126 9901 11771 
f 11804 11139 9914 11772 
f 11805 11152 9927 11773 
f 11806 11165 9940 11774 
f 11807 11178 9953 11775 
f 11808 11191 9966 11776 
f 11809 11204 9979 11777 
f 11810 11217 9992 11778 
f 11811 11230 10005 11779 
f 11812 11243 10018 11780 
f 11813 11256 10031 11781 
f 11750 11821 11819 11782 
f 11752 11827 11825 11783 
f 11753 11833 11831 11784 
f 11754 11839 11837 11785 
f 11755 11845 11843 11786 
f 11756 11851 11849 11787 
f 11757 11857 11855 11788 
f 11758 11863 11861 11789 
f 11759 11869 11867 11790 
f 11760 11875 11873 11791 
f 11761 11881 11879 11792 
f 11762 11887 11885 11793 
f 11763 11893 11891 11794 
f 11764 11899 11897 11795 
f 11765 11905 11903 11796 
f 11766 12001 11909 11797 
f 11767 9849 11061 11798 
f 11768 9862 11074 11799 
f 11769 9875 11087 11800 
f 11770 9888 11100 11801 
f 11771 9901 11113 11802 
f 11772 9914 11126 11803 
f 11773 9927 11139 11804 
f 11774 9940 11152 11805 
f 11775 9953 11165 11806 
f 11776 9966 11178 11807 
f 11777 9979 11191 11808 
f 11778 9992 11204 11809 
f 11779 10005 11217 11810 
f 11780 10018 11230 11811 
f 11781 10031 11243 11812 
f 11766 9477 11256 11813 
f 11818 11816 11814 11817 
f 11815 11819 11817 11814 
f 11824 11822 11820 11823 
f 11821 11825 11823 11820 
f 11830 11828 11826 11829 
f 11827 11831 11829 11826 
f 11836 11834 11832 11835 
f 11833 11837 11835 11832 
f 11842 11840 11838 11841 
f 11839 11843 11841 11838 
f 11848 11846 11844 11847 
f 11845 11849 11847 11844 
f 11854 11852 11850 11853 
f 11851 11855 11853 11850 
f 11860 11858 11856 11859 
f 11857 11861 11859 11856 
f 11866 11864 11862 11865 
f 11863 11867 11865 11862 
f 11872 11870 11868 11871 
f 11869 11873 11871 11868 
f 11878 11876 11874 11877 
f 11875 11879 11877 11874 
f 11884 11882 11880 11883 
f 11881 11885 11883 11880 
f 11890 11888 11886 11889 
f 11887 11891 11889 11886 
f 11896 11894 11892 11895 
f 11893 11897 11895 11892 
f 11902 11900 11898 11901 
f 11899 11903 11901 11898 
f 11908 11906 11904 11907 
f 11905 11909 11907 11904 
f 11816 11914 11913 11814 
f 11915 11815 11814 11913 
f 11912 11920 11919 11910 
f 11921 11911 11910 11919 
f 11918 11926 11925 11916 
f 11927 11917 11916 11925 
f 11924 11932 11931 11922 
f 11933 11923 11922 11931 
f 11930 11938 11937 11928 
f 11939 11929 11928 11937 
f 11936 11944 11943 11934 
f 11945 11935 11934 11943 
f 11942 11950 11949 11940 
f 11951 11941 11940 11949 
f 11948 11956 11955 11946 
f 11957 11947 11946 11955 
f 11954 11962 11961 11952 
f 11963 11953 11952 11961 
f 11960 11968 11967 11958 
f 11969 11959 11958 11967 
f 11966 11974 11973 11964 
f 11975 11965 11964 11973 
f 11972 11980 11979 11970 
f 11981 11971 11970 11979 
f 11978 11986 11985 11976 
f 11987 11977 11976 11985 
f 11984 11992 11991 11982 
f 11993 11983 11982 11991 
f 11990 11998 11997 11988 
f 11999 11989 11988 11997 
f 11996 12004 12003 11994 
f 12005 11995 11994 12003 
f 11822 11818 11817 11820 
f 11828 11824 11823 11826 
f 11834 11830 11829 11832 
f 11840 11836 11835 11838 
f 11846 11842 11841 11844 
f 11852 11848 11847 11850 
f 11858 11854 11853 11856 
f 11864 11860 11859 11862 
f 11870 11866 11865 11868 
f 11876 11872 11871 11874 
f 11882 11878 11877 11880 
f 11888 11884 11883 11886 
f 11894 11890 11889 11892 
f 11900 11896 11895 11898 
f 11906 11902 11901 11904 
f 12002 11908 11907 12000 
f 11914 11912 11910 11913 
f 11911 11915 11913 11910 
f 11920 11918 11916 11919 
f 11917 11921 11919 11916 
f 11926 11924 11922 11925 
f 11923 11927 11925 11922 
f 11932 11930 11928 11931 
f 11929 11933 11931 11928 
f 11938 11936 11934 11937 
f 11935 11939 11937 11934 
f 11944 11942 11940 11943 
f 11941 11945 11943 11940 
f 11950 11948 11946 11949 
f 11947 11951 11949 11946 
f 11956 11954 11952 11955 
f 11953 11957 11955 11952 
f 11962 11960 11958 11961 
f 11959 11963 11961 11958 
f 11968 11966 11964 11967 
f 11965 11969 11967 11964 
f 11974 11972 11970 11973 
f 11971 11975 11973 11970 
f 11980 11978 11976 11979 
f 11977 11981 11979 11976 
f 11986 11984 11982 11985 
f 11983 11987 11985 11982 
f 11992 11990 11988 11991 
f 11989 11993 11991 11988 
f 11998 11996 11994 11997 
f 11995 11999 11997 11994 
f 12004 12002 12000 12003 
f 12001 12005 12003 12000 
f 11819 11821 11820 11817 
f 11825 11827 11826 11823 
f 11831 11833 11832 11829 
f 11837 11839 11838 11835 
f 11843 11845 11844 11841 
f 11849 11851 11850 11847 
f 11855 11857 11856 11853 
f 11861 11863 11862 11859 
f 11867 11869 11868 11865 
f 11873 11875 11874 11871 
f 11879 11881 11880 11877 
f 11885 11887 11886 11883 
f 11891 11893 11892 11889 
f 11897 11899 11898 11895 
f 11903 11905 11904 11901 
f 11909 12001 12000 11907 
f 12006 12009 12008 12007 
f 12007 12008 12011 12010 
f 12010 12011 12013 12012 
f 12012 12013 12015 12014 
f 12014 12015 12017 12016 
f 12016 12017 12019 12018 
f 12018 12019 12021 12020 
f 12022 12025 12024 12023 
f 12023 12024 12027 12026 
f 12026 12027 12029 12028 
f 12030 12033 12032 12031 
f 12034 12037 12036 12035 
f 12038 12041 12040 12039 
f 12039 12040 12043 12042 
f 12042 12043 12045 12044 
f 12044 12045 12047 12046 
f 12046 12047 12049 12048 
f 12048 12049 12051 12050 
f 12050 12051 12053 12052 
f 12054 12057 12056 12055 
f 12055 12056 12059 12058 
f 12058 12059 12061 12060 
f 12062 12065 12064 12063 
f 12066 12069 12068 12067 
f 12070 12073 12072 12071 
f 12071 12072 12075 12074 
f 12074 12075 12077 12076 
f 12076 12077 12079 12078 
f 12078 12079 12081 12080 
f 12080 12081 12083 12082 
f 12082 12083 12085 12084 
f 12086 12089 12088 12087 
f 12087 12088 12091 12090 
f 12090 12091 12093 12092 
f 12094 12097 12096 12095 
f 12098 12101 12100 12099 
f 12102 12105 12104 12103 
f 12103 12104 12107 12106 
f 12106 12107 12109 12108 
f 12108 12109 12111 12110 
f 12110 12111 12113 12112 
f 12112 12113 12115 12114 
f 12114 12115 12117 12116 
f 12118 12121 12120 12119 
f 12119 12120 12123 12122 
f 12122 12123 12125 12124 
f 12126 12129 12128 12127 
f 12130 12133 12132 12131 
f 12134 12137 12136 12135 
f 12135 12136 12139 12138 
f 12138 12139 12141 12140 
f 12140 12141 12143 12142 
f 12142 12143 12145 12144 
f 12144 12145 12147 12146 
f 12146 12147 12149 12148 
f 12150 12153 12152 12151 
f 12151 12152 12155 12154 
f 12154 12155 12157 12156 
f 12158 12161 12160 12159 
f 12162 12165 12164 12163 
f 12166 12169 12168 12167 
f 12167 12168 12171 12170 
f 12170 12171 12173 12172 
f 12172 12173 12175 12174 
f 12174 12175 12177 12176 
f 12176 12177 12179 12178 
f 12178 12179 12181 12180 
f 12182 12185 12184 12183 
f 12183 12184 12187 12186 
f 12186 12187 12189 12188 
f 12190 12193 12192 12191 
f 12194 12197 12196 12195 
f 12198 12201 12200 12199 
f 12199 12200 12203 12202 
f 12202 12203 12205 12204 
f 12204 12205 12207 12206 
f 12206 12207 12209 12208 
f 12208 12209 12211 12210 
f 12210 12211 12213 12212 
f 12214 12217 12216 12215 
f 12215 12216 12219 12218 
f 12218 12219 12221 12220 
f 12222 12225 12224 12223 
f 12226 12229 12228 12227 
f 12230 12233 12232 12231 
f 12231 12232 12235 12234 
f 12234 12235 12237 12236 
f 12236 12237 12239 12238 
f 12238 12239 12241 12240 
f 12240 12241 12243 12242 
f 12242 12243 12245 12244 
f 12246 12249 12248 12247 
f 12247 12248 12251 12250 
f 12250 12251 12253 12252 
f 12254 12257 12256 12255 
f 12258 12261 12260 12259 
f 12262 12265 12264 12263 
f 12263 12264 12267 12266 
f 12266 12267 12269 12268 
f 12268 12269 12271 12270 
f 12270 12271 12273 12272 
f 12272 12273 12275 12274 
f 12274 12275 12277 12276 
f 12278 12281 12280 12279 
f 12279 12280 12283 12282 
f 12282 12283 12285 12284 
f 12286 12289 12288 12287 
f 12290 12293 12292 12291 
f 12294 12297 12296 12295 
f 12295 12296 12299 12298 
f 12298 12299 12301 12300 
f 12300 12301 12303 12302 
f 12302 12303 12305 12304 
f 12304 12305 12307 12306 
f 12306 12307 12309 12308 
f 12310 12313 12312 12311 
f 12311 12312 12315 12314 
f 12314 12315 12317 12316 
f 12318 12321 12320 12319 
f 12322 12325 12324 12323 
f 12326 12329 12328 12327 
f 12327 12328 12331 12330 
f 12330 12331 12333 12332 
f 12332 12333 12335 12334 
f 12334 12335 12337 12336 
f 12336 12337 12339 12338 
f 12338 12339 12341 12340 
f 12342 12345 12344 12343 
f 12343 12344 12347 12346 
f 12346 12347 12349 12348 
f 12350 12353 12352 12351 
f 12354 12357 12356 12355 
f 12358 12361 12360 12359 
f 12359 12360 12363 12362 
f 12362 12363 12365 12364 
f 12364 12365 12367 12366 
f 12366 12367 12369 12368 
f 12368 12369 12371 12370 
f 12370 12371 12373 12372 
f 12374 12377 12376 12375 
f 12375 12376 12379 12378 
f 12378 12379 12381 12380 
f 12382 12385 12384 12383 
f 12386 12389 12388 12387 
f 12390 12393 12392 12391 
f 12391 12392 12395 12394 
f 12394 12395 12397 12396 
f 12396 12397 12399 12398 
f 12398 12399 12401 12400 
f 12400 12401 12403 12402 
f 12402 12403 12405 12404 
f 12406 12409 12408 12407 
f 12407 12408 12411 12410 
f 12410 12411 12413 12412 
f 12414 12417 12416 12415 
f 12418 12421 12420 12419 
f 12422 12425 12424 12423 
f 12423 12424 12427 12426 
f 12426 12427 12429 12428 
f 12428 12429 12431 12430 
f 12430 12431 12433 12432 
f 12432 12433 12435 12434 
f 12434 12435 12437 12436 
f 12438 12441 12440 12439 
f 12439 12440 12443 12442 
f 12442 12443 12445 12444 
f 12446 12449 12448 12447 
f 12450 12453 12452 12451 
f 12454 12457 12456 12455 
f 12455 12456 12459 12458 
f 12458 12459 12461 12460 
f 12460 12461 12463 12462 
f 12462 12463 12465 12464 
f 12464 12465 12467 12466 
f 12466 12467 12469 12468 
f 12470 12473 12472 12471 
f 12471 12472 12475 12474 
f 12474 12475 12477 12476 
f 12478 12481 12480 12479 
f 12482 12485 12484 12483 
f 12486 12489 12488 12487 
f 12487 12488 12491 12490 
f 12490 12491 12493 12492 
f 12492 12493 12495 12494 
f 12494 12495 12497 12496 
f 12496 12497 12499 12498 
f 12498 12499 12501 12500 
f 12502 12505 12504 12503 
f 12503 12504 12507 12506 
f 12506 12507 12509 12508 
f 12510 12513 12512 12511 
f 12514 12517 12516 12515 
f 12518 12521 12520 12519 
f 12522 12525 12524 12523 
f 12526 12529 12528 12527 
f 12530 12533 12532 12531 
f 12534 12537 12536 12535 
f 12538 12541 12540 12539 
f 12542 12545 12544 12543 
f 12546 12549 12548 12547 
f 12550 12553 12552 12551 
f 12554 12557 12556 12555 
f 12558 12561 12560 12559 
f 12562 12565 12564 12563 
f 12566 12569 12568 12567 
f 12570 12573 12572 12571 
f 12574 12577 12576 12575 
f 12578 12581 12580 12579 
f 12582 12585 12584 12583 
f 12586 12589 12588 12587 
f 12590 12593 12592 12591 
f 12594 12597 12596 12595 
f 12598 12601 12600 12599 
f 12602 12605 12604 12603 
f 12606 12609 12608 12607 
f 12610 12613 12612 12611 
f 12614 12617 12616 12615 
f 12618 12621 12620 12619 
f 12622 12625 12624 12623 
f 12626 12629 12628 12627 
f 12630 12633 12632 12631 
f 12634 12637 12636 12635 
f 12638 12641 12640 12639 
f 12642 12645 12644 12643 
f 12646 12649 12648 12647 
f 12650 12653 12652 12651 
f 12654 12657 12656 12655 
f 12658 12661 12660 12659 
f 12662 12665 12664 12663 
f 12666 12669 12668 12667 
f 12670 12673 12672 12671 
f 12674 12677 12676 12675 
f 12678 12681 12680 12679 
f 12682 12685 12684 12683 
f 12686 12689 12688 12687 
f 12690 12691 12689 12686 
f 12692 12695 12694 12693 
f 12696 12699 12698 12697 
f 12700 12691 12698 12701 
f 12702 12705 12704 12703 
f 12706 12709 12708 12707 
f 12710 12713 12712 12711 
f 12714 12717 12716 12715 
f 12718 12721 12720 12719 
f 12722 12724 12723 
f 12723 12724 12726 12725 
f 12727 12730 12729 12728 
f 12731 12734 12733 12732 
f 12735 12737 12736 
f 12738 12737 12739 
f 12740 12741 12737 
f 12742 12737 12743 
f 12743 12737 12741 
f 12740 12737 12744 
f 12745 12737 12746 
f 12747 12737 12748 
f 12749 12752 12751 12750 
f 12753 12737 12742 
f 12754 12757 12756 12755 
f 12754 12755 12716 12717 
f 12758 12761 12760 12759 
f 12758 12759 12726 12724 
f 12762 12765 12764 12763 
f 12762 12763 12729 12730 
f 12766 12769 12768 12767 
f 12766 12767 12720 12721 
f 12770 12773 12772 12771 
f 12770 12771 12733 12734 
f 12774 12775 12761 12758 
f 12774 12758 12724 12722 
f 12776 12779 12778 12777 
f 12780 12776 12781 
f 12780 12782 12779 12776 
f 12774 12780 12781 12775 
f 12774 12722 12782 12780 
f 12783 12786 12785 12784 
f 12689 12783 12784 12688 
f 12686 12687 12778 12779 
f 12700 12787 12786 12783 
f 12691 12700 12783 12689 
f 12690 12686 12779 12782 
f 12788 12791 12790 12789 
f 12695 12788 12789 12694 
f 12692 12693 12719 12731 
f 12792 12794 12793 12701 
f 12699 12792 12701 12698 
f 12696 12697 12722 12723 
f 12690 12782 12722 12697 
f 12691 12690 12697 12698 
f 12700 12701 12793 12787 
f 12795 12798 12797 12796 
f 12705 12795 12796 12704 
f 12702 12703 12725 12727 
f 12799 12802 12801 12800 
f 12709 12799 12800 12708 
f 12706 12707 12728 12718 
f 12803 12806 12805 12804 
f 12713 12803 12804 12712 
f 12710 12711 12732 12714 
f 12807 12810 12809 12808 
f 12752 12807 12808 12751 
f 12749 12750 12715 12811 
f 12687 12688 12813 12812 
f 12812 12813 12815 12814 
f 12816 12819 12818 12817 
f 12820 12823 12822 12821 
f 12824 12823 12815 12825 
f 12821 12822 12827 12826 
f 12828 12831 12830 12829 
f 12832 12835 12834 12833 
f 12836 12839 12838 12837 
f 12840 12843 12842 12841 
f 12844 12846 12845 
f 12846 12848 12847 12845 
f 12849 12852 12851 12850 
f 12853 12856 12855 12854 
f 12857 12858 12737 
f 12859 12860 12737 
f 12861 12737 12862 
f 12863 12864 12737 
f 12864 12862 12737 
f 12861 12865 12737 
f 12866 12867 12737 
f 12868 12869 12737 
f 12870 12873 12872 12871 
f 12863 12737 12753 
f 12874 12877 12876 12875 
f 12878 12837 12838 12875 
f 12879 12882 12881 12880 
f 12883 12845 12847 12880 
f 12884 12887 12886 12885 
f 12879 12850 12851 12885 
f 12888 12891 12890 12889 
f 12884 12841 12842 12889 
f 12878 12894 12893 12892 
f 12888 12854 12855 12892 
f 12883 12897 12896 12895 
f 12895 12844 12845 12883 
f 12777 12778 12899 12898 
f 12900 12901 12898 
f 12898 12899 12902 12900 
f 12895 12896 12901 12900 
f 12900 12902 12844 12895 
f 12784 12785 12904 12903 
f 12688 12784 12903 12813 
f 12812 12899 12778 12687 
f 12903 12904 12905 12825 
f 12813 12903 12825 12815 
f 12814 12902 12899 12812 
f 12906 12909 12908 12907 
f 12819 12906 12907 12818 
f 12832 12853 12843 12817 
f 12824 12912 12911 12910 
f 12823 12824 12910 12822 
f 12821 12846 12844 12820 
f 12820 12844 12902 12814 
f 12823 12820 12814 12815 
f 12825 12905 12912 12824 
f 12910 12911 12914 12913 
f 12822 12910 12913 12827 
f 12828 12849 12848 12826 
f 12915 12918 12917 12916 
f 12831 12915 12916 12830 
f 12816 12840 12852 12829 
f 12919 12922 12921 12920 
f 12835 12919 12920 12834 
f 12870 12836 12856 12833 
f 12923 12926 12925 12924 
f 12873 12923 12924 12872 
f 12927 12928 12839 12871 
f 12929 12932 12931 12930 
f 12933 12936 12935 12934 
f 12937 12940 12939 12938 
f 12941 12944 12943 12942 
f 12945 12948 12947 12946 
f 12949 12952 12951 12950 
f 12953 12956 12955 12954 
f 12957 12960 12959 12958 
f 12961 12964 12963 12962 
f 12965 12968 12967 12966 
f 12969 12972 12971 12970 
f 12649 12969 12970 12648 
f 12973 12975 12974 12647 
f 12976 12979 12978 12977 
f 12653 12976 12977 12652 
f 12646 12981 12980 12651 
f 12982 12985 12984 12983 
f 12657 12982 12983 12656 
f 12650 12987 12986 12655 
f 12988 12991 12990 12989 
f 12661 12988 12989 12660 
f 12654 12993 12992 12659 
f 12994 12997 12996 12995 
f 12665 12994 12995 12664 
f 12658 12999 12998 12663 
f 13000 13003 13002 13001 
f 12669 13000 13001 12668 
f 12662 13005 13004 12667 
f 13006 13009 13008 13007 
f 12673 13006 13007 12672 
f 12666 13011 13010 12671 
f 13012 13015 13014 13013 
f 12677 13012 13013 12676 
f 12670 13017 13016 12675 
f 13018 13021 13020 13019 
f 12681 13018 13019 12680 
f 12674 13023 13022 12679 
f 13024 13027 13026 13025 
f 12685 13024 13025 12684 
f 12678 13029 13028 12683 
f 13030 13033 13032 13031 
f 12932 13030 13031 12931 
f 13034 13035 12971 12930 
f 13036 13039 13038 13037 
f 12936 13036 13037 12935 
f 12929 12972 12978 12934 
f 13040 13043 13042 13041 
f 12940 13040 13041 12939 
f 12933 12979 12984 12938 
f 13044 13047 13046 13045 
f 12944 13044 13045 12943 
f 12937 12985 12990 12942 
f 13048 13051 13050 13049 
f 12948 13048 13049 12947 
f 12941 12991 12996 12946 
f 13052 13055 13054 13053 
f 12952 13052 13053 12951 
f 12945 12997 13002 12950 
f 13056 13059 13058 13057 
f 12956 13056 13057 12955 
f 12949 13003 13008 12954 
f 13060 13063 13062 13061 
f 12960 13060 13061 12959 
f 12953 13009 13014 12958 
f 13064 13067 13066 13065 
f 12964 13064 13065 12963 
f 12957 13015 13020 12962 
f 13068 13071 13070 13069 
f 12968 13068 13069 12967 
f 12961 13021 13026 12966 
f 13034 13072 13035 
f 13073 13035 13074 
f 13072 13034 13075 
f 13074 13076 13073 
f 13077 13080 13079 13078 
f 13081 13084 13083 13082 
f 12975 13086 13085 
f 13087 13073 13076 13088 
f 12973 13087 13088 13086 
f 13089 13092 13091 13090 
f 13093 13096 13095 13094 
f 13097 13100 13099 13098 
f 12975 12973 13086 
f 13086 13103 13102 13101 
f 13104 13106 13105 
f 13107 13075 13034 13108 
f 13106 13107 13108 13109 
f 13110 13113 13112 13111 
f 13114 13117 13116 13115 
f 13118 13121 13120 13119 
f 13106 13109 13122 
f 13104 13124 13123 13106 
f 12785 12786 13074 13035 
f 12786 12787 13076 13074 
f 12787 12793 13088 13076 
f 12793 12794 13086 13088 
f 12794 12797 13103 13086 
f 12798 12801 13100 13097 
f 12802 12790 13096 13093 
f 12791 12805 13092 13089 
f 12806 12809 13080 13077 
f 13125 12925 13084 13081 
f 12926 12921 13112 13126 
f 12922 12908 13116 13111 
f 12909 12917 13120 13115 
f 12918 12914 13123 13119 
f 12911 12912 13107 13106 
f 12912 12905 13075 13107 
f 12905 12904 13072 13075 
f 12904 12785 13035 13072 
f 12006 12007 13128 13127 
f 12007 12010 13129 13128 
f 12010 12012 13130 13129 
f 12012 12014 13131 13130 
f 12014 12016 13132 13131 
f 12016 12018 13133 13132 
f 12018 12020 13134 13133 
f 12022 12023 13136 13135 
f 12023 12026 13137 13136 
f 12026 12028 13138 13137 
f 12030 12031 13140 13139 
f 12034 12035 13142 13141 
f 13143 13146 13145 13144 
f 13146 13148 13147 13145 
f 13148 13150 13149 13147 
f 13150 13152 13151 13149 
f 13152 13154 13153 13151 
f 13154 13156 13155 13153 
f 13156 13158 13157 13155 
f 13159 13162 13161 13160 
f 13162 13164 13163 13161 
f 13164 13166 13165 13163 
f 13167 13170 13169 13168 
f 13171 13174 13173 13172 
f 13175 13178 13177 13176 
f 13178 13180 13179 13177 
f 13180 13182 13181 13179 
f 13182 13184 13183 13181 
f 13184 13186 13185 13183 
f 13186 13188 13187 13185 
f 13188 13190 13189 13187 
f 13191 13194 13193 13192 
f 13194 13196 13195 13193 
f 13196 13198 13197 13195 
f 13199 13202 13201 13200 
f 13203 13206 13205 13204 
f 13207 13210 13209 13208 
f 13210 13212 13211 13209 
f 13212 13214 13213 13211 
f 13214 13216 13215 13213 
f 13216 13218 13217 13215 
f 13218 13220 13219 13217 
f 13220 13222 13221 13219 
f 13223 13226 13225 13224 
f 13226 13228 13227 13225 
f 13228 13230 13229 13227 
f 13231 13234 13233 13232 
f 13235 13238 13237 13236 
f 13239 13242 13241 13240 
f 13242 13244 13243 13241 
f 13244 13246 13245 13243 
f 13246 13248 13247 13245 
f 13248 13250 13249 13247 
f 13250 13252 13251 13249 
f 13252 13254 13253 13251 
f 13255 13258 13257 13256 
f 13258 13260 13259 13257 
f 13260 13262 13261 13259 
f 13263 13266 13265 13264 
f 13267 13270 13269 13268 
f 13271 13274 13273 13272 
f 13274 13276 13275 13273 
f 13276 13278 13277 13275 
f 13278 13280 13279 13277 
f 13280 13282 13281 13279 
f 13282 13284 13283 13281 
f 13284 13286 13285 13283 
f 13287 13290 13289 13288 
f 13290 13292 13291 13289 
f 13292 13294 13293 13291 
f 13295 13298 13297 13296 
f 13299 13302 13301 13300 
f 13303 13306 13305 13304 
f 13306 13308 13307 13305 
f 13308 13310 13309 13307 
f 13310 13312 13311 13309 
f 13312 13314 13313 13311 
f 13314 13316 13315 13313 
f 13316 13318 13317 13315 
f 13319 13322 13321 13320 
f 13322 13324 13323 13321 
f 13324 13326 13325 13323 
f 13327 13330 13329 13328 
f 13331 13334 13333 13332 
f 13335 13338 13337 13336 
f 13338 13340 13339 13337 
f 13340 13342 13341 13339 
f 13342 13344 13343 13341 
f 13344 13346 13345 13343 
f 13346 13348 13347 13345 
f 13348 13350 13349 13347 
f 13351 13354 13353 13352 
f 13354 13356 13355 13353 
f 13356 13358 13357 13355 
f 13359 13362 13361 13360 
f 13363 13366 13365 13364 
f 13367 13370 13369 13368 
f 13370 13372 13371 13369 
f 13372 13374 13373 13371 
f 13374 13376 13375 13373 
f 13376 13378 13377 13375 
f 13378 13380 13379 13377 
f 13380 13382 13381 13379 
f 13383 13386 13385 13384 
f 13386 13388 13387 13385 
f 13388 13390 13389 13387 
f 13391 13394 13393 13392 
f 13395 13398 13397 13396 
f 13399 13402 13401 13400 
f 13402 13404 13403 13401 
f 13404 13406 13405 13403 
f 13406 13408 13407 13405 
f 13408 13410 13409 13407 
f 13410 13412 13411 13409 
f 13412 13414 13413 13411 
f 13415 13418 13417 13416 
f 13418 13420 13419 13417 
f 13420 13422 13421 13419 
f 13423 13426 13425 13424 
f 13427 13430 13429 13428 
f 13431 13434 13433 13432 
f 13434 13436 13435 13433 
f 13436 13438 13437 13435 
f 13438 13440 13439 13437 
f 13440 13442 13441 13439 
f 13442 13444 13443 13441 
f 13444 13446 13445 13443 
f 13447 13450 13449 13448 
f 13450 13452 13451 13449 
f 13452 13454 13453 13451 
f 13455 13458 13457 13456 
f 13459 13462 13461 13460 
f 13463 13466 13465 13464 
f 13466 13468 13467 13465 
f 13468 13470 13469 13467 
f 13470 13472 13471 13469 
f 13472 13474 13473 13471 
f 13474 13476 13475 13473 
f 13476 13478 13477 13475 
f 13479 13482 13481 13480 
f 13482 13484 13483 13481 
f 13484 13486 13485 13483 
f 13487 13490 13489 13488 
f 13491 13494 13493 13492 
f 13495 13498 13497 13496 
f 13498 13500 13499 13497 
f 13500 13502 13501 13499 
f 13502 13504 13503 13501 
f 13504 13506 13505 13503 
f 13506 13508 13507 13505 
f 13508 13510 13509 13507 
f 13511 13514 13513 13512 
f 13514 13516 13515 13513 
f 13516 13518 13517 13515 
f 13519 13522 13521 13520 
f 13523 13526 13525 13524 
f 13527 13530 13529 13528 
f 13530 13532 13531 13529 
f 13532 13534 13533 13531 
f 13534 13536 13535 13533 
f 13536 13538 13537 13535 
f 13538 13540 13539 13537 
f 13540 13542 13541 13539 
f 13543 13546 13545 13544 
f 13546 13548 13547 13545 
f 13548 13550 13549 13547 
f 13551 13554 13553 13552 
f 13555 13558 13557 13556 
f 13559 13562 13561 13560 
f 13562 13564 13563 13561 
f 13564 13566 13565 13563 
f 13566 13568 13567 13565 
f 13568 13570 13569 13567 
f 13570 13572 13571 13569 
f 13572 13574 13573 13571 
f 13575 13578 13577 13576 
f 13578 13580 13579 13577 
f 13580 13582 13581 13579 
f 13583 13586 13585 13584 
f 13587 13590 13589 13588 
f 13591 13594 13593 13592 
f 13594 13596 13595 13593 
f 13596 13598 13597 13595 
f 13598 13600 13599 13597 
f 13600 13602 13601 13599 
f 13602 13604 13603 13601 
f 13604 13606 13605 13603 
f 13607 13610 13609 13608 
f 13610 13612 13611 13609 
f 13612 13614 13613 13611 
f 13615 13618 13617 13616 
f 13619 13622 13621 13620 
f 13623 13626 13625 13624 
f 13627 13630 13629 13628 
f 13631 13634 13633 13632 
f 13635 13638 13637 13636 
f 13639 13642 13641 13640 
f 13643 13646 13645 13644 
f 13647 13650 13649 13648 
f 13651 13654 13653 13652 
f 13655 13658 13657 13656 
f 13659 13662 13661 13660 
f 13663 13666 13665 13664 
f 13667 13670 13669 13668 
f 13671 13674 13673 13672 
f 13675 13678 13677 13676 
f 13679 13682 13681 13680 
f 13683 13686 13685 13684 
f 13687 13690 13689 13688 
f 13691 13694 13693 13692 
f 13695 13698 13697 13696 
f 13699 13702 13701 13700 
f 13703 13706 13705 13704 
f 13707 13710 13709 13708 
f 13711 13714 13713 13712 
f 13715 13718 13717 13716 
f 13719 13722 13721 13720 
f 13723 13726 13725 13724 
f 13727 13730 13729 13728 
f 13731 13734 13733 13732 
f 13735 13738 13737 13736 
f 13739 13742 13741 13740 
f 13743 13746 13745 13744 
f 13747 13750 13749 13748 
f 13751 13754 13753 13752 
f 13755 13758 13757 13756 
f 13759 13762 13761 13760 
f 13763 13766 13765 13764 
f 13767 13770 13769 13768 
f 13771 13774 13773 13772 
f 13775 13778 13777 13776 
f 13779 13782 13781 13780 
f 13783 13786 13785 13784 
f 12682 13788 13787 12685 
f 13789 13792 13791 13790 
f 13793 13789 13790 13794 
f 13795 13798 13797 13796 
f 13799 13802 13801 13800 
f 13803 13804 13801 13794 
f 13805 13808 13807 13806 
f 13809 13812 13811 13810 
f 13813 13816 13815 13814 
f 13817 13820 13819 13818 
f 13821 13824 13823 13822 
f 13825 13827 13826 
f 13827 13829 13828 13826 
f 13830 13833 13832 13831 
f 13834 13837 13836 13835 
f 13838 13839 12737 
f 13840 13841 12737 
f 13842 12737 13843 
f 13844 13845 12737 
f 13845 13843 12737 
f 13842 13846 12737 
f 13847 13848 12737 
f 13849 13850 12737 
f 12749 13852 13851 12752 
f 13853 13844 12737 
f 13854 13857 13856 13855 
f 13854 13818 13819 13857 
f 13858 13861 13860 13859 
f 13858 13826 13828 13861 
f 13862 13865 13864 13863 
f 13862 13831 13832 13865 
f 13866 13869 13868 13867 
f 13866 13822 13823 13869 
f 13870 13873 13872 13871 
f 13870 13835 13836 13873 
f 13874 13858 13859 13875 
f 13874 13825 13826 13858 
f 13876 13879 13878 13877 
f 13880 13881 13876 
f 13880 13876 13877 13882 
f 13874 13875 13881 13880 
f 13874 13880 13882 13825 
f 13883 13886 13885 13884 
f 13790 13791 13886 13883 
f 13789 13877 13878 13792 
f 13803 13883 13884 13887 
f 13794 13790 13883 13803 
f 13793 13882 13877 13789 
f 13888 13891 13890 13889 
f 13796 13797 13891 13888 
f 13795 13834 13824 13798 
f 13892 13804 13894 13893 
f 13800 13801 13804 13892 
f 13799 13827 13825 13802 
f 13793 13802 13825 13882 
f 13794 13801 13802 13793 
f 13803 13887 13894 13804 
f 13895 13898 13897 13896 
f 13806 13807 13898 13895 
f 13805 13830 13829 13808 
f 13899 13902 13901 13900 
f 13810 13811 13902 13899 
f 13809 13821 13833 13812 
f 13903 13906 13905 13904 
f 13814 13815 13906 13903 
f 13813 13817 13837 13816 
f 12807 13908 13907 12810 
f 12752 13851 13908 12807 
f 12749 12811 13820 13852 
f 13792 13910 13909 13791 
f 13910 13912 13911 13909 
f 13913 13916 13915 13914 
f 13917 13920 13919 13918 
f 13921 13922 13911 13918 
f 13920 13924 13923 13919 
f 13925 13928 13927 13926 
f 13929 13932 13931 13930 
f 13933 13936 13935 13934 
f 13937 13940 13939 13938 
f 13941 13943 13942 
f 13942 13943 13945 13944 
f 13946 13949 13948 13947 
f 13950 13953 13952 13951 
f 13954 12737 13955 
f 13956 12737 13957 
f 13958 13959 12737 
f 13960 12737 13961 
f 13961 12737 13959 
f 13958 12737 13962 
f 13963 12737 13964 
f 13965 12737 13966 
f 13967 13970 13969 13968 
f 13960 13853 12737 
f 12874 13972 13971 12877 
f 13973 13972 13935 13936 
f 13974 13977 13976 13975 
f 13978 13977 13945 13943 
f 13979 13982 13981 13980 
f 13974 13982 13948 13949 
f 13983 13986 13985 13984 
f 13979 13986 13939 13940 
f 13973 13989 13988 13987 
f 13983 13989 13952 13953 
f 13978 13992 13991 13990 
f 13992 13978 13943 13941 
f 13879 13994 13993 13878 
f 13995 13994 13996 
f 13994 13995 13997 13993 
f 13992 13995 13996 13991 
f 13995 13992 13941 13997 
f 13886 13999 13998 13885 
f 13791 13909 13999 13886 
f 13910 13792 13878 13993 
f 13999 13922 14000 13998 
f 13909 13911 13922 13999 
f 13912 13910 13993 13997 
f 14001 14004 14003 14002 
f 13914 13915 14004 14001 
f 13929 13916 13938 13950 
f 13921 14007 14006 14005 
f 13918 13919 14007 13921 
f 13920 13917 13941 13942 
f 13917 13912 13997 13941 
f 13918 13911 13912 13917 
f 13922 13921 14005 14000 
f 14007 14009 14008 14006 
f 13919 13923 14009 14007 
f 13925 13924 13944 13946 
f 14010 14013 14012 14011 
f 13926 13927 14013 14010 
f 13913 13928 13947 13937 
f 14014 14017 14016 14015 
f 13930 13931 14017 14014 
f 13967 13932 13951 13933 
f 14018 14021 14020 14019 
f 13968 13969 14021 14018 
f 12927 13970 13934 12928 
f 14022 14025 14024 14023 
f 14026 14029 14028 14027 
f 14030 14033 14032 14031 
f 14034 14037 14036 14035 
f 14038 14041 14040 14039 
f 14042 14045 14044 14043 
f 14046 14049 14048 14047 
f 14050 14053 14052 14051 
f 14054 14057 14056 14055 
f 12965 14059 14058 12968 
f 14060 14063 14062 14061 
f 13752 13753 14063 14060 
f 14064 13754 14066 14065 
f 14067 14070 14069 14068 
f 13756 13757 14070 14067 
f 13751 13758 14072 14071 
f 14073 14076 14075 14074 
f 13760 13761 14076 14073 
f 13755 13762 14078 14077 
f 14079 14082 14081 14080 
f 13764 13765 14082 14079 
f 13759 13766 14084 14083 
f 14085 14088 14087 14086 
f 13768 13769 14088 14085 
f 13763 13770 14090 14089 
f 14091 14094 14093 14092 
f 13772 13773 14094 14091 
f 13767 13774 14096 14095 
f 14097 14100 14099 14098 
f 13776 13777 14100 14097 
f 13771 13778 14102 14101 
f 14103 14106 14105 14104 
f 13780 13781 14106 14103 
f 13775 13782 14108 14107 
f 14109 14112 14111 14110 
f 13784 13785 14112 14109 
f 13779 13786 14114 14113 
f 13024 14116 14115 13027 
f 12685 13787 14116 13024 
f 13783 13788 14118 14117 
f 14119 14122 14121 14120 
f 14023 14024 14122 14119 
f 14123 14025 14062 14124 
f 14125 14128 14127 14126 
f 14027 14028 14128 14125 
f 14022 14029 14069 14061 
f 14129 14132 14131 14130 
f 14031 14032 14132 14129 
f 14026 14033 14075 14068 
f 14133 14136 14135 14134 
f 14035 14036 14136 14133 
f 14030 14037 14081 14074 
f 14137 14140 14139 14138 
f 14039 14040 14140 14137 
f 14034 14041 14087 14080 
f 14141 14144 14143 14142 
f 14043 14044 14144 14141 
f 14038 14045 14093 14086 
f 14145 14148 14147 14146 
f 14047 14048 14148 14145 
f 14042 14049 14099 14092 
f 14149 14152 14151 14150 
f 14051 14052 14152 14149 
f 14046 14053 14105 14098 
f 14153 14156 14155 14154 
f 14055 14056 14156 14153 
f 14050 14057 14111 14104 
f 13068 14158 14157 13071 
f 12968 14058 14158 13068 
f 14054 14059 14115 14110 
f 14123 14124 14159 
f 14160 14161 14124 
f 14159 14162 14123 
f 14161 14160 14163 
f 14164 14167 14166 14165 
f 13081 13082 14169 14168 
f 14065 14171 14170 
f 14172 14173 14163 14160 
f 14064 14170 14173 14172 
f 14174 14177 14176 14175 
f 14178 14181 14180 14179 
f 14182 14185 14184 14183 
f 14065 14170 14064 
f 14170 14188 14187 14186 
f 14189 14191 14190 
f 14192 14193 14123 14162 
f 14190 14194 14193 14192 
f 14195 14198 14197 14196 
f 14199 14202 14201 14200 
f 14203 14206 14205 14204 
f 14190 14207 14194 
f 14189 14190 14209 14208 
f 13885 14124 14161 13884 
f 13884 14161 14163 13887 
f 13887 14163 14173 13894 
f 13894 14173 14170 13893 
f 13893 14170 14186 13897 
f 13896 14182 14183 13901 
f 13900 14178 14179 13890 
f 13889 14174 14175 13905 
f 13904 14164 14165 13907 
f 13125 13081 14168 14020 
f 14019 14210 14197 14016 
f 14015 14198 14201 14003 
f 14002 14202 14205 14012 
f 14011 14206 14209 14008 
f 14006 14190 14192 14005 
f 14005 14192 14162 14000 
f 14000 14162 14159 13998 
f 13998 14159 14124 13885 
f 12761 12775 12741 12740 
f 12775 12781 12743 12741 
f 12781 12776 12742 12743 
f 12776 12777 12753 12742 
f 12777 12898 12863 12753 
f 12898 12901 12864 12863 
f 12901 12896 12862 12864 
f 12896 12897 12861 12862 
f 12897 12881 12865 12861 
f 12882 12886 12867 12866 
f 12887 12890 12860 12859 
f 12891 12893 12869 12868 
f 12894 12876 12858 12857 
f 12877 13971 13955 14211 
f 13987 13988 13966 13954 
f 13984 13985 13957 13965 
f 13980 13981 13964 13956 
f 13975 13976 13962 13963 
f 13990 13991 13959 13958 
f 13991 13996 13961 13959 
f 13996 13994 13960 13961 
f 13994 13879 13853 13960 
f 13879 13876 13844 13853 
f 13876 13881 13845 13844 
f 13881 13875 13843 13845 
f 13875 13859 13842 13843 
f 13859 13860 13846 13842 
f 13863 13864 13848 13847 
f 13867 13868 13841 13840 
f 13871 13872 13850 13849 
f 13855 13856 13839 13838 
f 14212 12756 12736 14213 
f 12757 12772 12748 12735 
f 12773 12768 12739 12747 
f 12769 12764 12746 12738 
f 12765 12760 12744 12745 
f 14214 14217 14216 14215 
f 14218 14215 14216 14219 
f 14220 14218 14219 14221 
f 12521 14220 14221 12520 
f 14222 14224 13028 14223 
f 14225 14222 14223 14226 
f 13623 14225 14226 12519 
f 14227 14230 14229 14228 
f 14231 14228 14229 14232 
f 14233 14231 14232 14234 
f 12529 14233 14234 12528 
f 14235 13029 13022 14236 
f 14237 14235 14236 14238 
f 12518 14237 14238 12527 
f 14239 14242 14241 14240 
f 14243 14240 14241 14244 
f 14245 14243 14244 14246 
f 12537 14245 14246 12536 
f 14247 13023 13016 14248 
f 14249 14247 14248 14250 
f 12526 14249 14250 12535 
f 14251 14254 14253 14252 
f 14255 14252 14253 14256 
f 14257 14255 14256 14258 
f 12545 14257 14258 12544 
f 14259 13017 13010 14260 
f 14261 14259 14260 14262 
f 12534 14261 14262 12543 
f 14263 14266 14265 14264 
f 14267 14264 14265 14268 
f 14269 14267 14268 14270 
f 12553 14269 14270 12552 
f 14271 13011 13004 14272 
f 14273 14271 14272 14274 
f 12542 14273 14274 12551 
f 14275 14278 14277 14276 
f 14279 14276 14277 14280 
f 14281 14279 14280 14282 
f 12561 14281 14282 12560 
f 14283 13005 12998 14284 
f 14285 14283 14284 14286 
f 12550 14285 14286 12559 
f 14287 14290 14289 14288 
f 14291 14288 14289 14292 
f 14293 14291 14292 14294 
f 12569 14293 14294 12568 
f 14295 12999 12992 14296 
f 14297 14295 14296 14298 
f 12558 14297 14298 12567 
f 14299 14302 14301 14300 
f 14303 14300 14301 14304 
f 14305 14303 14304 14306 
f 12577 14305 14306 12576 
f 14307 12993 12986 14308 
f 14309 14307 14308 14310 
f 12566 14309 14310 12575 
f 14311 14314 14313 14312 
f 14315 14312 14313 14316 
f 14317 14315 14316 14318 
f 12585 14317 14318 12584 
f 14319 12987 12980 14320 
f 14321 14319 14320 14322 
f 12574 14321 14322 12583 
f 14323 14326 14325 14324 
f 14327 14324 14325 14328 
f 14329 14327 14328 14330 
f 12593 14329 14330 12592 
f 14331 12981 12974 14332 
f 14333 14331 14332 14334 
f 12582 14333 14334 12591 
f 14335 14338 14337 14336 
f 14339 14336 14337 14340 
f 14341 14339 14340 14342 
f 12601 14341 14342 12600 
f 14343 12975 13085 14344 
f 14345 14343 14344 14346 
f 12590 14345 14346 12599 
f 14347 14350 14349 14348 
f 14351 14348 14349 14352 
f 14353 14351 14352 14354 
f 12609 14353 14354 12608 
f 14355 13101 13102 14356 
f 14357 14355 14356 14358 
f 12598 14357 14358 12607 
f 14359 14362 14361 14360 
f 14363 14360 14361 14364 
f 14365 14363 14364 14366 
f 12617 14365 14366 12616 
f 14367 13098 13099 14368 
f 14369 14367 14368 14370 
f 12606 14369 14370 12615 
f 14371 14374 14373 14372 
f 14375 14372 14373 14376 
f 14377 14375 14376 14378 
f 12625 14377 14378 12624 
f 14379 13094 13095 14380 
f 14381 14379 14380 14382 
f 12614 14381 14382 12623 
f 14383 14386 14385 14384 
f 14387 14384 14385 14388 
f 14389 14387 14388 14390 
f 12633 14389 14390 12632 
f 14391 13090 13091 14392 
f 14393 14391 14392 14394 
f 12622 14393 14394 12631 
f 14395 14398 14397 14396 
f 14399 14396 14397 14400 
f 14401 14399 14400 14402 
f 12641 14401 14402 12640 
f 14403 13078 13079 14404 
f 14405 14403 14404 14406 
f 12630 14405 14406 12639 
f 14407 14410 14409 14408 
f 14411 14408 14409 14412 
f 14413 14411 14412 14414 
f 13626 14413 14414 13625 
f 14415 14117 14118 14416 
f 14417 14415 14416 14418 
f 13631 14417 14418 13624 
f 14419 14422 14421 14420 
f 14423 14420 14421 14424 
f 14425 14423 14424 14426 
f 13634 14425 14426 13633 
f 14427 14113 14114 14428 
f 14429 14427 14428 14430 
f 13639 14429 14430 13632 
f 14431 14434 14433 14432 
f 14435 14432 14433 14436 
f 14437 14435 14436 14438 
f 13642 14437 14438 13641 
f 14439 14107 14108 14440 
f 14441 14439 14440 14442 
f 13647 14441 14442 13640 
f 14443 14446 14445 14444 
f 14447 14444 14445 14448 
f 14449 14447 14448 14450 
f 13650 14449 14450 13649 
f 14451 14101 14102 14452 
f 14453 14451 14452 14454 
f 13655 14453 14454 13648 
f 14455 14458 14457 14456 
f 14459 14456 14457 14460 
f 14461 14459 14460 14462 
f 13658 14461 14462 13657 
f 14463 14095 14096 14464 
f 14465 14463 14464 14466 
f 13663 14465 14466 13656 
f 14467 14470 14469 14468 
f 14471 14468 14469 14472 
f 14473 14471 14472 14474 
f 13666 14473 14474 13665 
f 14475 14089 14090 14476 
f 14477 14475 14476 14478 
f 13671 14477 14478 13664 
f 14479 14482 14481 14480 
f 14483 14480 14481 14484 
f 14485 14483 14484 14486 
f 13674 14485 14486 13673 
f 14487 14083 14084 14488 
f 14489 14487 14488 14490 
f 13679 14489 14490 13672 
f 14491 14494 14493 14492 
f 14495 14492 14493 14496 
f 14497 14495 14496 14498 
f 13682 14497 14498 13681 
f 14499 14077 14078 14500 
f 14501 14499 14500 14502 
f 13687 14501 14502 13680 
f 14503 14506 14505 14504 
f 14507 14504 14505 14508 
f 14509 14507 14508 14510 
f 13690 14509 14510 13689 
f 14511 14071 14072 14512 
f 14513 14511 14512 14514 
f 13695 14513 14514 13688 
f 14515 14518 14517 14516 
f 14519 14516 14517 14520 
f 14521 14519 14520 14522 
f 13698 14521 14522 13697 
f 14523 14065 14066 14524 
f 14525 14523 14524 14526 
f 13703 14525 14526 13696 
f 14527 14530 14529 14528 
f 14531 14528 14529 14532 
f 14533 14531 14532 14534 
f 13706 14533 14534 13705 
f 14535 14188 14171 14536 
f 14537 14535 14536 14538 
f 13711 14537 14538 13704 
f 14539 14542 14541 14540 
f 14543 14540 14541 14544 
f 14545 14543 14544 14546 
f 13714 14545 14546 13713 
f 14547 14185 14187 14548 
f 14549 14547 14548 14550 
f 13719 14549 14550 13712 
f 14551 14554 14553 14552 
f 14555 14552 14553 14556 
f 14557 14555 14556 14558 
f 13722 14557 14558 13721 
f 14559 14181 14184 14560 
f 14561 14559 14560 14562 
f 13727 14561 14562 13720 
f 14563 14566 14565 14564 
f 14567 14564 14565 14568 
f 14569 14567 14568 14570 
f 13730 14569 14570 13729 
f 14571 14177 14180 14572 
f 14573 14571 14572 14574 
f 13735 14573 14574 13728 
f 14575 14578 14577 14576 
f 14579 14576 14577 14580 
f 14581 14579 14580 14582 
f 13738 14581 14582 13737 
f 14583 14167 14176 14584 
f 14585 14583 14584 14586 
f 13743 14585 14586 13736 
f 14587 14590 14589 14588 
f 14591 14588 14589 14592 
f 14593 14591 14592 14594 
f 13746 14593 14594 13745 
f 14595 14597 14166 14596 
f 14598 14595 14596 14599 
f 12638 14598 14599 13744 
f 14600 14601 12524 12525 
f 12530 13067 13070 12523 
f 14602 14603 12532 12533 
f 12538 13063 13066 12531 
f 14604 14605 12540 12541 
f 12546 13059 13062 12539 
f 14606 14607 12548 12549 
f 12554 13055 13058 12547 
f 14608 14609 12556 12557 
f 12562 13051 13054 12555 
f 14610 14611 12564 12565 
f 12570 13047 13050 12563 
f 14612 14613 12572 12573 
f 12578 13043 13046 12571 
f 14614 14615 12580 12581 
f 12586 13039 13042 12579 
f 14616 14617 12588 12589 
f 12594 13033 13038 12587 
f 14618 14619 12596 12597 
f 12602 13122 13032 12595 
f 14620 14621 12604 12605 
f 12610 13104 13105 12603 
f 14622 14623 12612 12613 
f 12618 13118 13124 12611 
f 14624 14625 12620 12621 
f 12626 13114 13121 12619 
f 14626 14627 12628 12629 
f 12634 13110 13117 12627 
f 14628 14629 12636 12637 
f 12642 14630 13113 12635 
f 14631 14632 12644 12645 
f 13747 13082 13083 12643 
f 14633 14634 13629 13630 
f 12522 13071 14157 13628 
f 14635 14636 13637 13638 
f 13627 14154 14155 13636 
f 14637 14638 13645 13646 
f 13635 14150 14151 13644 
f 14639 14640 13653 13654 
f 13643 14146 14147 13652 
f 14641 14642 13661 13662 
f 13651 14142 14143 13660 
f 14643 14644 13669 13670 
f 13659 14138 14139 13668 
f 14645 14646 13677 13678 
f 13667 14134 14135 13676 
f 14647 14648 13685 13686 
f 13675 14130 14131 13684 
f 14649 14650 13693 13694 
f 13683 14126 14127 13692 
f 14651 14652 13701 13702 
f 13691 14120 14121 13700 
f 14653 14654 13709 13710 
f 13699 14207 14191 13708 
f 14655 14656 13717 13718 
f 13707 14189 14208 13716 
f 14657 14658 13725 13726 
f 13715 14203 14204 13724 
f 14659 14660 13733 13734 
f 13723 14199 14200 13732 
f 14661 14662 13741 13742 
f 13731 14195 14196 13740 
f 14663 14664 13749 13750 
f 13739 14665 14169 13748 
f 12054 12025 14217 14214 
f 12022 13135 14410 14407 
f 13159 13160 14422 14419 
f 13191 13192 14434 14431 
f 13223 13224 14446 14443 
f 13255 13256 14458 14455 
f 13287 13288 14470 14467 
f 13319 13320 14482 14479 
f 13351 13352 14494 14491 
f 13383 13384 14506 14503 
f 13415 13416 14518 14515 
f 13447 13448 14530 14527 
f 13479 13480 14542 14539 
f 13511 13512 14554 14551 
f 13543 13544 14566 14563 
f 13575 13576 14578 14575 
f 13607 13608 14590 14587 
f 14666 12505 14398 14395 
f 12502 12473 14386 14383 
f 12470 12441 14374 14371 
f 12438 12409 14362 14359 
f 12406 12377 14350 14347 
f 12374 12345 14338 14335 
f 12342 12313 14326 14323 
f 12310 12281 14314 14311 
f 12278 12249 14302 14299 
f 12246 12217 14290 14287 
f 12214 12185 14278 14275 
f 12182 12153 14266 14263 
f 12150 12121 14254 14251 
f 12118 12089 14242 14239 
f 12086 12057 14230 14227 
f 12020 12021 14601 14600 
f 12052 12053 14603 14602 
f 12084 12085 14605 14604 
f 12116 12117 14607 14606 
f 12148 12149 14609 14608 
f 12180 12181 14611 14610 
f 12212 12213 14613 14612 
f 12244 12245 14615 14614 
f 12276 12277 14617 14616 
f 12308 12309 14619 14618 
f 12340 12341 14621 14620 
f 12372 12373 14623 14622 
f 12404 12405 14625 14624 
f 12436 12437 14627 14626 
f 12468 12469 14629 14628 
f 12500 12501 14632 14631 
f 14667 13605 14664 14663 
f 13606 13573 14662 14661 
f 13574 13541 14660 14659 
f 13542 13509 14658 14657 
f 13510 13477 14656 14655 
f 13478 13445 14654 14653 
f 13446 13413 14652 14651 
f 13414 13381 14650 14649 
f 13382 13349 14648 14647 
f 13350 13317 14646 14645 
f 13318 13285 14644 14643 
f 13286 13253 14642 14641 
f 13254 13221 14640 14639 
f 13222 13189 14638 14637 
f 13190 13157 14636 14635 
f 13158 13134 14634 14633 
f 12008 12009 12038 12039 
f 12011 12008 12039 12042 
f 12013 12011 12042 12044 
f 12015 12013 12044 12046 
f 12017 12015 12046 12048 
f 12019 12017 12048 12050 
f 12021 12019 12050 12052 
f 12024 12025 12054 12055 
f 12027 12024 12055 12058 
f 12029 12027 12058 12060 
f 12037 12032 12063 12066 
f 12036 12037 12066 12067 
f 12040 12041 12070 12071 
f 12043 12040 12071 12074 
f 12045 12043 12074 12076 
f 12047 12045 12076 12078 
f 12049 12047 12078 12080 
f 12051 12049 12080 12082 
f 12053 12051 12082 12084 
f 12056 12057 12086 12087 
f 12059 12056 12087 12090 
f 12061 12059 12090 12092 
f 12069 12064 12095 12098 
f 12068 12069 12098 12099 
f 12072 12073 12102 12103 
f 12075 12072 12103 12106 
f 12077 12075 12106 12108 
f 12079 12077 12108 12110 
f 12081 12079 12110 12112 
f 12083 12081 12112 12114 
f 12085 12083 12114 12116 
f 12088 12089 12118 12119 
f 12091 12088 12119 12122 
f 12093 12091 12122 12124 
f 12101 12096 12127 12130 
f 12100 12101 12130 12131 
f 12104 12105 12134 12135 
f 12107 12104 12135 12138 
f 12109 12107 12138 12140 
f 12111 12109 12140 12142 
f 12113 12111 12142 12144 
f 12115 12113 12144 12146 
f 12117 12115 12146 12148 
f 12120 12121 12150 12151 
f 12123 12120 12151 12154 
f 12125 12123 12154 12156 
f 12133 12128 12159 12162 
f 12132 12133 12162 12163 
f 12136 12137 12166 12167 
f 12139 12136 12167 12170 
f 12141 12139 12170 12172 
f 12143 12141 12172 12174 
f 12145 12143 12174 12176 
f 12147 12145 12176 12178 
f 12149 12147 12178 12180 
f 12152 12153 12182 12183 
f 12155 12152 12183 12186 
f 12157 12155 12186 12188 
f 12165 12160 12191 12194 
f 12164 12165 12194 12195 
f 12168 12169 12198 12199 
f 12171 12168 12199 12202 
f 12173 12171 12202 12204 
f 12175 12173 12204 12206 
f 12177 12175 12206 12208 
f 12179 12177 12208 12210 
f 12181 12179 12210 12212 
f 12184 12185 12214 12215 
f 12187 12184 12215 12218 
f 12189 12187 12218 12220 
f 12197 12192 12223 12226 
f 12196 12197 12226 12227 
f 12200 12201 12230 12231 
f 12203 12200 12231 12234 
f 12205 12203 12234 12236 
f 12207 12205 12236 12238 
f 12209 12207 12238 12240 
f 12211 12209 12240 12242 
f 12213 12211 12242 12244 
f 12216 12217 12246 12247 
f 12219 12216 12247 12250 
f 12221 12219 12250 12252 
f 12229 12224 12255 12258 
f 12228 12229 12258 12259 
f 12232 12233 12262 12263 
f 12235 12232 12263 12266 
f 12237 12235 12266 12268 
f 12239 12237 12268 12270 
f 12241 12239 12270 12272 
f 12243 12241 12272 12274 
f 12245 12243 12274 12276 
f 12248 12249 12278 12279 
f 12251 12248 12279 12282 
f 12253 12251 12282 12284 
f 12261 12256 12287 12290 
f 12260 12261 12290 12291 
f 12264 12265 12294 12295 
f 12267 12264 12295 12298 
f 12269 12267 12298 12300 
f 12271 12269 12300 12302 
f 12273 12271 12302 12304 
f 12275 12273 12304 12306 
f 12277 12275 12306 12308 
f 12280 12281 12310 12311 
f 12283 12280 12311 12314 
f 12285 12283 12314 12316 
f 12293 12288 12319 12322 
f 12292 12293 12322 12323 
f 12296 12297 12326 12327 
f 12299 12296 12327 12330 
f 12301 12299 12330 12332 
f 12303 12301 12332 12334 
f 12305 12303 12334 12336 
f 12307 12305 12336 12338 
f 12309 12307 12338 12340 
f 12312 12313 12342 12343 
f 12315 12312 12343 12346 
f 12317 12315 12346 12348 
f 12325 12320 12351 12354 
f 12324 12325 12354 12355 
f 12328 12329 12358 12359 
f 12331 12328 12359 12362 
f 12333 12331 12362 12364 
f 12335 12333 12364 12366 
f 12337 12335 12366 12368 
f 12339 12337 12368 12370 
f 12341 12339 12370 12372 
f 12344 12345 12374 12375 
f 12347 12344 12375 12378 
f 12349 12347 12378 12380 
f 12357 12352 12383 12386 
f 12356 12357 12386 12387 
f 12360 12361 12390 12391 
f 12363 12360 12391 12394 
f 12365 12363 12394 12396 
f 12367 12365 12396 12398 
f 12369 12367 12398 12400 
f 12371 12369 12400 12402 
f 12373 12371 12402 12404 
f 12376 12377 12406 12407 
f 12379 12376 12407 12410 
f 12381 12379 12410 12412 
f 12389 12384 12415 12418 
f 12388 12389 12418 12419 
f 12392 12393 12422 12423 
f 12395 12392 12423 12426 
f 12397 12395 12426 12428 
f 12399 12397 12428 12430 
f 12401 12399 12430 12432 
f 12403 12401 12432 12434 
f 12405 12403 12434 12436 
f 12408 12409 12438 12439 
f 12411 12408 12439 12442 
f 12413 12411 12442 12444 
f 12421 12416 12447 12450 
f 12420 12421 12450 12451 
f 12424 12425 12454 12455 
f 12427 12424 12455 12458 
f 12429 12427 12458 12460 
f 12431 12429 12460 12462 
f 12433 12431 12462 12464 
f 12435 12433 12464 12466 
f 12437 12435 12466 12468 
f 12440 12441 12470 12471 
f 12443 12440 12471 12474 
f 12445 12443 12474 12476 
f 12453 12448 12479 12482 
f 12452 12453 12482 12483 
f 12456 12457 12486 12487 
f 12459 12456 12487 12490 
f 12461 12459 12490 12492 
f 12463 12461 12492 12494 
f 12465 12463 12494 12496 
f 12467 12465 12496 12498 
f 12469 12467 12498 12500 
f 12472 12473 12502 12503 
f 12475 12472 12503 12506 
f 12477 12475 12506 12508 
f 12485 12480 12511 12514 
f 12484 12485 12514 12515 
f 12488 12489 14669 14668 
f 12491 12488 14668 14670 
f 12493 12491 14670 14671 
f 12495 12493 14671 14672 
f 12497 12495 14672 14673 
f 12499 12497 14673 14674 
f 12501 12499 14674 14667 
f 12504 12505 14666 14675 
f 12507 12504 14675 14676 
f 12509 12507 14676 14677 
f 12517 12512 14679 14678 
f 12516 12517 14678 14680 
f 12519 12520 13626 13623 
f 12523 12524 12533 12530 
f 12527 12528 12521 12518 
f 12531 12532 12541 12538 
f 12535 12536 12529 12526 
f 12539 12540 12549 12546 
f 12543 12544 12537 12534 
f 12547 12548 12557 12554 
f 12551 12552 12545 12542 
f 12555 12556 12565 12562 
f 12559 12560 12553 12550 
f 12563 12564 12573 12570 
f 12567 12568 12561 12558 
f 12571 12572 12581 12578 
f 12575 12576 12569 12566 
f 12579 12580 12589 12586 
f 12583 12584 12577 12574 
f 12587 12588 12597 12594 
f 12591 12592 12585 12582 
f 12595 12596 12605 12602 
f 12599 12600 12593 12590 
f 12603 12604 12613 12610 
f 12607 12608 12601 12598 
f 12611 12612 12621 12618 
f 12615 12616 12609 12606 
f 12619 12620 12629 12626 
f 12623 12624 12617 12614 
f 12627 12628 12637 12634 
f 12631 12632 12625 12622 
f 12635 12636 12645 12642 
f 12639 12640 12633 12630 
f 12643 12644 13750 13747 
f 12647 12648 13087 12973 
f 12651 12652 12649 12646 
f 12655 12656 12653 12650 
f 12659 12660 12657 12654 
f 12663 12664 12661 12658 
f 12667 12668 12665 12662 
f 12671 12672 12669 12666 
f 12675 12676 12673 12670 
f 12679 12680 12677 12674 
f 12683 12684 12681 12678 
f 12693 12694 12709 12706 
f 12703 12704 12699 12696 
f 12707 12708 12705 12702 
f 12711 12712 12695 12692 
f 12715 12716 14681 12811 
f 12719 12720 12734 12731 
f 12725 12726 12730 12727 
f 12728 12729 12721 12718 
f 12732 12733 12717 12714 
f 12750 12751 12713 12710 
f 12755 12756 14212 14682 
f 12716 12755 14682 14681 
f 12759 12760 12765 12762 
f 12726 12759 12762 12730 
f 12763 12764 12769 12766 
f 12729 12763 12766 12721 
f 12767 12768 12773 12770 
f 12720 12767 12770 12734 
f 12771 12772 12757 12754 
f 12733 12771 12754 12717 
f 12789 12790 12802 12799 
f 12694 12789 12799 12709 
f 12719 12693 12706 12718 
f 12796 12797 12794 12792 
f 12704 12796 12792 12699 
f 12725 12703 12696 12723 
f 12800 12801 12798 12795 
f 12708 12800 12795 12705 
f 12728 12707 12702 12727 
f 12804 12805 12791 12788 
f 12712 12804 12788 12695 
f 12732 12711 12692 12731 
f 12808 12809 12806 12803 
f 12751 12808 12803 12713 
f 12715 12750 12710 12714 
f 12817 12818 12835 12832 
f 12826 12827 12831 12828 
f 12829 12830 12819 12816 
f 12833 12834 12873 12870 
f 12838 12839 12928 14683 
f 12842 12843 12853 12854 
f 12847 12848 12849 12850 
f 12851 12852 12840 12841 
f 12855 12856 12836 12837 
f 12871 12872 14684 12927 
f 12875 12876 12894 12878 
f 12875 12838 14683 12874 
f 12880 12881 12897 12883 
f 12880 12847 12850 12879 
f 12885 12886 12882 12879 
f 12885 12851 12841 12884 
f 12889 12890 12887 12884 
f 12889 12842 12854 12888 
f 12892 12893 12891 12888 
f 12892 12855 12837 12878 
f 12907 12908 12922 12919 
f 12818 12907 12919 12835 
f 12817 12843 12840 12816 
f 12913 12914 12918 12915 
f 12827 12913 12915 12831 
f 12826 12848 12846 12821 
f 12916 12917 12909 12906 
f 12830 12916 12906 12819 
f 12829 12852 12849 12828 
f 12920 12921 12926 12923 
f 12834 12920 12923 12873 
f 12833 12856 12853 12832 
f 12924 12925 13125 14685 
f 12872 12924 14685 14684 
f 12871 12839 12836 12870 
f 12930 12931 13108 13034 
f 12934 12935 12932 12929 
f 12938 12939 12936 12933 
f 12942 12943 12940 12937 
f 12946 12947 12944 12941 
f 12950 12951 12948 12945 
f 12954 12955 12952 12949 
f 12958 12959 12956 12953 
f 12962 12963 12960 12957 
f 12966 12967 12964 12961 
f 12970 12971 13035 13073 
f 12648 12970 13073 13087 
f 12647 12974 12981 12646 
f 12977 12978 12972 12969 
f 12652 12977 12969 12649 
f 12651 12980 12987 12650 
f 12983 12984 12979 12976 
f 12656 12983 12976 12653 
f 12655 12986 12993 12654 
f 12989 12990 12985 12982 
f 12660 12989 12982 12657 
f 12659 12992 12999 12658 
f 12995 12996 12991 12988 
f 12664 12995 12988 12661 
f 12663 12998 13005 12662 
f 13001 13002 12997 12994 
f 12668 13001 12994 12665 
f 12667 13004 13011 12666 
f 13007 13008 13003 13000 
f 12672 13007 13000 12669 
f 12671 13010 13017 12670 
f 13013 13014 13009 13006 
f 12676 13013 13006 12673 
f 12675 13016 13023 12674 
f 13019 13020 13015 13012 
f 12680 13019 13012 12677 
f 12679 13022 13029 12678 
f 13025 13026 13021 13018 
f 12684 13025 13018 12681 
f 12683 13028 14224 12682 
f 13031 13032 13122 13109 
f 12931 13031 13109 13108 
f 12930 12971 12972 12929 
f 13037 13038 13033 13030 
f 12935 13037 13030 12932 
f 12934 12978 12979 12933 
f 13041 13042 13039 13036 
f 12939 13041 13036 12936 
f 12938 12984 12985 12937 
f 13045 13046 13043 13040 
f 12943 13045 13040 12940 
f 12942 12990 12991 12941 
f 13049 13050 13047 13044 
f 12947 13049 13044 12944 
f 12946 12996 12997 12945 
f 13053 13054 13051 13048 
f 12951 13053 13048 12948 
f 12950 13002 13003 12949 
f 13057 13058 13055 13052 
f 12955 13057 13052 12952 
f 12954 13008 13009 12953 
f 13061 13062 13059 13056 
f 12959 13061 13056 12956 
f 12958 13014 13015 12957 
f 13065 13066 13063 13060 
f 12963 13065 13060 12960 
f 12962 13020 13021 12961 
f 13069 13070 13067 13064 
f 12967 13069 13064 12964 
f 12966 13026 13027 12965 
f 13079 13080 14686 14597 
f 13083 13084 13126 14630 
f 13091 13092 13077 13078 
f 13095 13096 13089 13090 
f 13099 13100 13093 13094 
f 13102 13103 13097 13098 
f 13112 13113 14630 13126 
f 13116 13117 13110 13111 
f 13120 13121 13114 13115 
f 13123 13124 13118 13119 
f 13103 12797 12798 13097 
f 13100 12801 12802 13093 
f 13096 12790 12791 13089 
f 13092 12805 12806 13077 
f 13080 12809 12810 14686 
f 13084 12925 12926 13126 
f 13112 12921 12922 13111 
f 13116 12908 12909 13115 
f 13120 12917 12918 13119 
f 13123 12914 12911 13106 
f 13127 13128 13146 13143 
f 13128 13129 13148 13146 
f 13129 13130 13150 13148 
f 13130 13131 13152 13150 
f 13131 13132 13154 13152 
f 13132 13133 13156 13154 
f 13133 13134 13158 13156 
f 13135 13136 13162 13159 
f 13136 13137 13164 13162 
f 13137 13138 13166 13164 
f 13139 13140 13170 13167 
f 13141 13142 13174 13171 
f 13144 13145 13178 13175 
f 13145 13147 13180 13178 
f 13147 13149 13182 13180 
f 13149 13151 13184 13182 
f 13151 13153 13186 13184 
f 13153 13155 13188 13186 
f 13155 13157 13190 13188 
f 13160 13161 13194 13191 
f 13161 13163 13196 13194 
f 13163 13165 13198 13196 
f 13168 13169 13202 13199 
f 13172 13173 13206 13203 
f 13176 13177 13210 13207 
f 13177 13179 13212 13210 
f 13179 13181 13214 13212 
f 13181 13183 13216 13214 
f 13183 13185 13218 13216 
f 13185 13187 13220 13218 
f 13187 13189 13222 13220 
f 13192 13193 13226 13223 
f 13193 13195 13228 13226 
f 13195 13197 13230 13228 
f 13200 13201 13234 13231 
f 13204 13205 13238 13235 
f 13208 13209 13242 13239 
f 13209 13211 13244 13242 
f 13211 13213 13246 13244 
f 13213 13215 13248 13246 
f 13215 13217 13250 13248 
f 13217 13219 13252 13250 
f 13219 13221 13254 13252 
f 13224 13225 13258 13255 
f 13225 13227 13260 13258 
f 13227 13229 13262 13260 
f 13232 13233 13266 13263 
f 13236 13237 13270 13267 
f 13240 13241 13274 13271 
f 13241 13243 13276 13274 
f 13243 13245 13278 13276 
f 13245 13247 13280 13278 
f 13247 13249 13282 13280 
f 13249 13251 13284 13282 
f 13251 13253 13286 13284 
f 13256 13257 13290 13287 
f 13257 13259 13292 13290 
f 13259 13261 13294 13292 
f 13264 13265 13298 13295 
f 13268 13269 13302 13299 
f 13272 13273 13306 13303 
f 13273 13275 13308 13306 
f 13275 13277 13310 13308 
f 13277 13279 13312 13310 
f 13279 13281 13314 13312 
f 13281 13283 13316 13314 
f 13283 13285 13318 13316 
f 13288 13289 13322 13319 
f 13289 13291 13324 13322 
f 13291 13293 13326 13324 
f 13296 13297 13330 13327 
f 13300 13301 13334 13331 
f 13304 13305 13338 13335 
f 13305 13307 13340 13338 
f 13307 13309 13342 13340 
f 13309 13311 13344 13342 
f 13311 13313 13346 13344 
f 13313 13315 13348 13346 
f 13315 13317 13350 13348 
f 13320 13321 13354 13351 
f 13321 13323 13356 13354 
f 13323 13325 13358 13356 
f 13328 13329 13362 13359 
f 13332 13333 13366 13363 
f 13336 13337 13370 13367 
f 13337 13339 13372 13370 
f 13339 13341 13374 13372 
f 13341 13343 13376 13374 
f 13343 13345 13378 13376 
f 13345 13347 13380 13378 
f 13347 13349 13382 13380 
f 13352 13353 13386 13383 
f 13353 13355 13388 13386 
f 13355 13357 13390 13388 
f 13360 13361 13394 13391 
f 13364 13365 13398 13395 
f 13368 13369 13402 13399 
f 13369 13371 13404 13402 
f 13371 13373 13406 13404 
f 13373 13375 13408 13406 
f 13375 13377 13410 13408 
f 13377 13379 13412 13410 
f 13379 13381 13414 13412 
f 13384 13385 13418 13415 
f 13385 13387 13420 13418 
f 13387 13389 13422 13420 
f 13392 13393 13426 13423 
f 13396 13397 13430 13427 
f 13400 13401 13434 13431 
f 13401 13403 13436 13434 
f 13403 13405 13438 13436 
f 13405 13407 13440 13438 
f 13407 13409 13442 13440 
f 13409 13411 13444 13442 
f 13411 13413 13446 13444 
f 13416 13417 13450 13447 
f 13417 13419 13452 13450 
f 13419 13421 13454 13452 
f 13424 13425 13458 13455 
f 13428 13429 13462 13459 
f 13432 13433 13466 13463 
f 13433 13435 13468 13466 
f 13435 13437 13470 13468 
f 13437 13439 13472 13470 
f 13439 13441 13474 13472 
f 13441 13443 13476 13474 
f 13443 13445 13478 13476 
f 13448 13449 13482 13479 
f 13449 13451 13484 13482 
f 13451 13453 13486 13484 
f 13456 13457 13490 13487 
f 13460 13461 13494 13491 
f 13464 13465 13498 13495 
f 13465 13467 13500 13498 
f 13467 13469 13502 13500 
f 13469 13471 13504 13502 
f 13471 13473 13506 13504 
f 13473 13475 13508 13506 
f 13475 13477 13510 13508 
f 13480 13481 13514 13511 
f 13481 13483 13516 13514 
f 13483 13485 13518 13516 
f 13488 13489 13522 13519 
f 13492 13493 13526 13523 
f 13496 13497 13530 13527 
f 13497 13499 13532 13530 
f 13499 13501 13534 13532 
f 13501 13503 13536 13534 
f 13503 13505 13538 13536 
f 13505 13507 13540 13538 
f 13507 13509 13542 13540 
f 13512 13513 13546 13543 
f 13513 13515 13548 13546 
f 13515 13517 13550 13548 
f 13520 13521 13554 13551 
f 13524 13525 13558 13555 
f 13528 13529 13562 13559 
f 13529 13531 13564 13562 
f 13531 13533 13566 13564 
f 13533 13535 13568 13566 
f 13535 13537 13570 13568 
f 13537 13539 13572 13570 
f 13539 13541 13574 13572 
f 13544 13545 13578 13575 
f 13545 13547 13580 13578 
f 13547 13549 13582 13580 
f 13552 13553 13586 13583 
f 13556 13557 13590 13587 
f 13560 13561 13594 13591 
f 13561 13563 13596 13594 
f 13563 13565 13598 13596 
f 13565 13567 13600 13598 
f 13567 13569 13602 13600 
f 13569 13571 13604 13602 
f 13571 13573 13606 13604 
f 13576 13577 13610 13607 
f 13577 13579 13612 13610 
f 13579 13581 13614 13612 
f 13584 13585 13618 13615 
f 13588 13589 13622 13619 
f 13592 13593 14668 14669 
f 13593 13595 14670 14668 
f 13595 13597 14671 14670 
f 13597 13599 14672 14671 
f 13599 13601 14673 14672 
f 13601 13603 14674 14673 
f 13603 13605 14667 14674 
f 13608 13609 14675 14666 
f 13609 13611 14676 14675 
f 13611 13613 14677 14676 
f 13616 13617 14679 14687 
f 13620 13621 14680 14678 
f 13624 13625 13634 13631 
f 13628 13629 12525 12522 
f 13632 13633 13642 13639 
f 13636 13637 13630 13627 
f 13640 13641 13650 13647 
f 13644 13645 13638 13635 
f 13648 13649 13658 13655 
f 13652 13653 13646 13643 
f 13656 13657 13666 13663 
f 13660 13661 13654 13651 
f 13664 13665 13674 13671 
f 13668 13669 13662 13659 
f 13672 13673 13682 13679 
f 13676 13677 13670 13667 
f 13680 13681 13690 13687 
f 13684 13685 13678 13675 
f 13688 13689 13698 13695 
f 13692 13693 13686 13683 
f 13696 13697 13706 13703 
f 13700 13701 13694 13691 
f 13704 13705 13714 13711 
f 13708 13709 13702 13699 
f 13712 13713 13722 13719 
f 13716 13717 13710 13707 
f 13720 13721 13730 13727 
f 13724 13725 13718 13715 
f 13728 13729 13738 13735 
f 13732 13733 13726 13723 
f 13736 13737 13746 13743 
f 13740 13741 13734 13731 
f 13744 13745 12641 12638 
f 13748 13749 13742 13739 
f 13753 13754 14064 14172 
f 13757 13758 13751 13752 
f 13761 13762 13755 13756 
f 13765 13766 13759 13760 
f 13769 13770 13763 13764 
f 13773 13774 13767 13768 
f 13777 13778 13771 13772 
f 13781 13782 13775 13776 
f 13785 13786 13779 13780 
f 13787 13788 13783 13784 
f 13797 13798 13809 13810 
f 13807 13808 13799 13800 
f 13811 13812 13805 13806 
f 13815 13816 13795 13796 
f 13819 13820 12811 14681 
f 13823 13824 13834 13835 
f 13828 13829 13830 13831 
f 13832 13833 13821 13822 
f 13836 13837 13817 13818 
f 13851 13852 13813 13814 
f 13856 13857 14682 14212 
f 13857 13819 14681 14682 
f 13860 13861 13862 13863 
f 13861 13828 13831 13862 
f 13864 13865 13866 13867 
f 13865 13832 13822 13866 
f 13868 13869 13870 13871 
f 13869 13823 13835 13870 
f 13872 13873 13854 13855 
f 13873 13836 13818 13854 
f 13890 13891 13899 13900 
f 13891 13797 13810 13899 
f 13798 13824 13821 13809 
f 13897 13898 13892 13893 
f 13898 13807 13800 13892 
f 13808 13829 13827 13799 
f 13901 13902 13895 13896 
f 13902 13811 13806 13895 
f 13812 13833 13830 13805 
f 13905 13906 13888 13889 
f 13906 13815 13796 13888 
f 13816 13837 13834 13795 
f 13907 13908 13903 13904 
f 13908 13851 13814 13903 
f 13852 13820 13817 13813 
f 13915 13916 13929 13930 
f 13923 13924 13925 13926 
f 13927 13928 13913 13914 
f 13931 13932 13967 13968 
f 13934 13935 14683 12928 
f 13938 13939 13953 13950 
f 13944 13945 13949 13946 
f 13947 13948 13940 13937 
f 13951 13952 13936 13933 
f 13969 13970 12927 14684 
f 13971 13972 13973 13987 
f 13935 13972 12874 14683 
f 13976 13977 13978 13990 
f 13945 13977 13974 13949 
f 13981 13982 13974 13975 
f 13948 13982 13979 13940 
f 13985 13986 13979 13980 
f 13939 13986 13983 13953 
f 13988 13989 13983 13984 
f 13952 13989 13973 13936 
f 14003 14004 14014 14015 
f 14004 13915 13930 14014 
f 13938 13916 13913 13937 
f 14008 14009 14010 14011 
f 14009 13923 13926 14010 
f 13944 13924 13920 13942 
f 14012 14013 14001 14002 
f 14013 13927 13914 14001 
f 13947 13928 13925 13946 
f 14016 14017 14018 14019 
f 14017 13931 13968 14018 
f 13951 13932 13929 13950 
f 14020 14021 14685 13125 
f 14021 13969 14684 14685 
f 13934 13970 13967 13933 
f 14024 14025 14123 14193 
f 14028 14029 14022 14023 
f 14032 14033 14026 14027 
f 14036 14037 14030 14031 
f 14040 14041 14034 14035 
f 14044 14045 14038 14039 
f 14048 14049 14042 14043 
f 14052 14053 14046 14047 
f 14056 14057 14050 14051 
f 14058 14059 14054 14055 
f 14062 14063 14160 14124 
f 14063 13753 14172 14160 
f 14066 13754 13751 14071 
f 14069 14070 14060 14061 
f 14070 13757 13752 14060 
f 14072 13758 13755 14077 
f 14075 14076 14067 14068 
f 14076 13761 13756 14067 
f 14078 13762 13759 14083 
f 14081 14082 14073 14074 
f 14082 13765 13760 14073 
f 14084 13766 13763 14089 
f 14087 14088 14079 14080 
f 14088 13769 13764 14079 
f 14090 13770 13767 14095 
f 14093 14094 14085 14086 
f 14094 13773 13768 14085 
f 14096 13774 13771 14101 
f 14099 14100 14091 14092 
f 14100 13777 13772 14091 
f 14102 13778 13775 14107 
f 14105 14106 14097 14098 
f 14106 13781 13776 14097 
f 14108 13782 13779 14113 
f 14111 14112 14103 14104 
f 14112 13785 13780 14103 
f 14114 13786 13783 14117 
f 14115 14116 14109 14110 
f 14116 13787 13784 14109 
f 14118 13788 12682 14224 
f 14121 14122 14194 14207 
f 14122 14024 14193 14194 
f 14062 14025 14022 14061 
f 14127 14128 14119 14120 
f 14128 14028 14023 14119 
f 14069 14029 14026 14068 
f 14131 14132 14125 14126 
f 14132 14032 14027 14125 
f 14075 14033 14030 14074 
f 14135 14136 14129 14130 
f 14136 14036 14031 14129 
f 14081 14037 14034 14080 
f 14139 14140 14133 14134 
f 14140 14040 14035 14133 
f 14087 14041 14038 14086 
f 14143 14144 14137 14138 
f 14144 14044 14039 14137 
f 14093 14045 14042 14092 
f 14147 14148 14141 14142 
f 14148 14048 14043 14141 
f 14099 14049 14046 14098 
f 14151 14152 14145 14146 
f 14152 14052 14047 14145 
f 14105 14053 14050 14104 
f 14155 14156 14149 14150 
f 14156 14056 14051 14149 
f 14111 14057 14054 14110 
f 14157 14158 14153 14154 
f 14158 14058 14055 14153 
f 14115 14059 12965 13027 
f 14165 14166 14597 14686 
f 14168 14169 14665 14210 
f 14175 14176 14167 14164 
f 14179 14180 14177 14174 
f 14183 14184 14181 14178 
f 14186 14187 14185 14182 
f 14196 14197 14210 14665 
f 14200 14201 14198 14195 
f 14204 14205 14202 14199 
f 14208 14209 14206 14203 
f 13897 14186 14182 13896 
f 13901 14183 14178 13900 
f 13890 14179 14174 13889 
f 13905 14175 14164 13904 
f 13907 14165 14686 12810 
f 14020 14168 14210 14019 
f 14016 14197 14198 14015 
f 14003 14201 14202 14002 
f 14012 14205 14206 14011 
f 14008 14209 14190 14006 
f 12865 12881 12882 12866 
f 12867 12886 12887 12859 
f 12860 12890 12891 12868 
f 12869 12893 12894 12857 
f 12858 12876 12877 14211 
f 13955 13971 13987 13954 
f 13966 13988 13984 13965 
f 13957 13985 13980 13956 
f 13964 13981 13975 13963 
f 13962 13976 13990 13958 
f 13846 13860 13863 13847 
f 13848 13864 13867 13840 
f 13841 13868 13871 13849 
f 13850 13872 13855 13838 
f 13839 13856 14212 14213 
f 12736 12756 12757 12735 
f 12748 12772 12773 12747 
f 12739 12768 12769 12738 
f 12746 12764 12765 12745 
f 12744 12760 12761 12740 
f 14216 14217 14407 14408 
f 14219 14216 14408 14411 
f 14221 14219 14411 14413 
f 12520 14221 14413 13626 
f 14223 13028 13029 14235 
f 14226 14223 14235 14237 
f 12519 14226 14237 12518 
f 14229 14230 14214 14215 
f 14232 14229 14215 14218 
f 14234 14232 14218 14220 
f 12528 14234 14220 12521 
f 14236 13022 13023 14247 
f 14238 14236 14247 14249 
f 12527 14238 14249 12526 
f 14241 14242 14227 14228 
f 14244 14241 14228 14231 
f 14246 14244 14231 14233 
f 12536 14246 14233 12529 
f 14248 13016 13017 14259 
f 14250 14248 14259 14261 
f 12535 14250 14261 12534 
f 14253 14254 14239 14240 
f 14256 14253 14240 14243 
f 14258 14256 14243 14245 
f 12544 14258 14245 12537 
f 14260 13010 13011 14271 
f 14262 14260 14271 14273 
f 12543 14262 14273 12542 
f 14265 14266 14251 14252 
f 14268 14265 14252 14255 
f 14270 14268 14255 14257 
f 12552 14270 14257 12545 
f 14272 13004 13005 14283 
f 14274 14272 14283 14285 
f 12551 14274 14285 12550 
f 14277 14278 14263 14264 
f 14280 14277 14264 14267 
f 14282 14280 14267 14269 
f 12560 14282 14269 12553 
f 14284 12998 12999 14295 
f 14286 14284 14295 14297 
f 12559 14286 14297 12558 
f 14289 14290 14275 14276 
f 14292 14289 14276 14279 
f 14294 14292 14279 14281 
f 12568 14294 14281 12561 
f 14296 12992 12993 14307 
f 14298 14296 14307 14309 
f 12567 14298 14309 12566 
f 14301 14302 14287 14288 
f 14304 14301 14288 14291 
f 14306 14304 14291 14293 
f 12576 14306 14293 12569 
f 14308 12986 12987 14319 
f 14310 14308 14319 14321 
f 12575 14310 14321 12574 
f 14313 14314 14299 14300 
f 14316 14313 14300 14303 
f 14318 14316 14303 14305 
f 12584 14318 14305 12577 
f 14320 12980 12981 14331 
f 14322 14320 14331 14333 
f 12583 14322 14333 12582 
f 14325 14326 14311 14312 
f 14328 14325 14312 14315 
f 14330 14328 14315 14317 
f 12592 14330 14317 12585 
f 14332 12974 12975 14343 
f 14334 14332 14343 14345 
f 12591 14334 14345 12590 
f 14337 14338 14323 14324 
f 14340 14337 14324 14327 
f 14342 14340 14327 14329 
f 12600 14342 14329 12593 
f 14344 13085 13101 14355 
f 14346 14344 14355 14357 
f 12599 14346 14357 12598 
f 14349 14350 14335 14336 
f 14352 14349 14336 14339 
f 14354 14352 14339 14341 
f 12608 14354 14341 12601 
f 14356 13102 13098 14367 
f 14358 14356 14367 14369 
f 12607 14358 14369 12606 
f 14361 14362 14347 14348 
f 14364 14361 14348 14351 
f 14366 14364 14351 14353 
f 12616 14366 14353 12609 
f 14368 13099 13094 14379 
f 14370 14368 14379 14381 
f 12615 14370 14381 12614 
f 14373 14374 14359 14360 
f 14376 14373 14360 14363 
f 14378 14376 14363 14365 
f 12624 14378 14365 12617 
f 14380 13095 13090 14391 
f 14382 14380 14391 14393 
f 12623 14382 14393 12622 
f 14385 14386 14371 14372 
f 14388 14385 14372 14375 
f 14390 14388 14375 14377 
f 12632 14390 14377 12625 
f 14392 13091 13078 14403 
f 14394 14392 14403 14405 
f 12631 14394 14405 12630 
f 14397 14398 14383 14384 
f 14400 14397 14384 14387 
f 14402 14400 14387 14389 
f 12640 14402 14389 12633 
f 14404 13079 14597 14595 
f 14406 14404 14595 14598 
f 12639 14406 14598 12638 
f 14409 14410 14419 14420 
f 14412 14409 14420 14423 
f 14414 14412 14423 14425 
f 13625 14414 14425 13634 
f 14416 14118 14224 14222 
f 14418 14416 14222 14225 
f 13624 14418 14225 13623 
f 14421 14422 14431 14432 
f 14424 14421 14432 14435 
f 14426 14424 14435 14437 
f 13633 14426 14437 13642 
f 14428 14114 14117 14415 
f 14430 14428 14415 14417 
f 13632 14430 14417 13631 
f 14433 14434 14443 14444 
f 14436 14433 14444 14447 
f 14438 14436 14447 14449 
f 13641 14438 14449 13650 
f 14440 14108 14113 14427 
f 14442 14440 14427 14429 
f 13640 14442 14429 13639 
f 14445 14446 14455 14456 
f 14448 14445 14456 14459 
f 14450 14448 14459 14461 
f 13649 14450 14461 13658 
f 14452 14102 14107 14439 
f 14454 14452 14439 14441 
f 13648 14454 14441 13647 
f 14457 14458 14467 14468 
f 14460 14457 14468 14471 
f 14462 14460 14471 14473 
f 13657 14462 14473 13666 
f 14464 14096 14101 14451 
f 14466 14464 14451 14453 
f 13656 14466 14453 13655 
f 14469 14470 14479 14480 
f 14472 14469 14480 14483 
f 14474 14472 14483 14485 
f 13665 14474 14485 13674 
f 14476 14090 14095 14463 
f 14478 14476 14463 14465 
f 13664 14478 14465 13663 
f 14481 14482 14491 14492 
f 14484 14481 14492 14495 
f 14486 14484 14495 14497 
f 13673 14486 14497 13682 
f 14488 14084 14089 14475 
f 14490 14488 14475 14477 
f 13672 14490 14477 13671 
f 14493 14494 14503 14504 
f 14496 14493 14504 14507 
f 14498 14496 14507 14509 
f 13681 14498 14509 13690 
f 14500 14078 14083 14487 
f 14502 14500 14487 14489 
f 13680 14502 14489 13679 
f 14505 14506 14515 14516 
f 14508 14505 14516 14519 
f 14510 14508 14519 14521 
f 13689 14510 14521 13698 
f 14512 14072 14077 14499 
f 14514 14512 14499 14501 
f 13688 14514 14501 13687 
f 14517 14518 14527 14528 
f 14520 14517 14528 14531 
f 14522 14520 14531 14533 
f 13697 14522 14533 13706 
f 14524 14066 14071 14511 
f 14526 14524 14511 14513 
f 13696 14526 14513 13695 
f 14529 14530 14539 14540 
f 14532 14529 14540 14543 
f 14534 14532 14543 14545 
f 13705 14534 14545 13714 
f 14536 14171 14065 14523 
f 14538 14536 14523 14525 
f 13704 14538 14525 13703 
f 14541 14542 14551 14552 
f 14544 14541 14552 14555 
f 14546 14544 14555 14557 
f 13713 14546 14557 13722 
f 14548 14187 14188 14535 
f 14550 14548 14535 14537 
f 13712 14550 14537 13711 
f 14553 14554 14563 14564 
f 14556 14553 14564 14567 
f 14558 14556 14567 14569 
f 13721 14558 14569 13730 
f 14560 14184 14185 14547 
f 14562 14560 14547 14549 
f 13720 14562 14549 13719 
f 14565 14566 14575 14576 
f 14568 14565 14576 14579 
f 14570 14568 14579 14581 
f 13729 14570 14581 13738 
f 14572 14180 14181 14559 
f 14574 14572 14559 14561 
f 13728 14574 14561 13727 
f 14577 14578 14587 14588 
f 14580 14577 14588 14591 
f 14582 14580 14591 14593 
f 13737 14582 14593 13746 
f 14584 14176 14177 14571 
f 14586 14584 14571 14573 
f 13736 14586 14573 13735 
f 14589 14590 14395 14396 
f 14592 14589 14396 14399 
f 14594 14592 14399 14401 
f 13745 14594 14401 12641 
f 14596 14166 14167 14583 
f 14599 14596 14583 14585 
f 13744 14599 14585 13743 
f 12524 14601 14602 12533 
f 12523 13070 13071 12522 
f 12532 14603 14604 12541 
f 12531 13066 13067 12530 
f 12540 14605 14606 12549 
f 12539 13062 13063 12538 
f 12548 14607 14608 12557 
f 12547 13058 13059 12546 
f 12556 14609 14610 12565 
f 12555 13054 13055 12554 
f 12564 14611 14612 12573 
f 12563 13050 13051 12562 
f 12572 14613 14614 12581 
f 12571 13046 13047 12570 
f 12580 14615 14616 12589 
f 12579 13042 13043 12578 
f 12588 14617 14618 12597 
f 12587 13038 13039 12586 
f 12596 14619 14620 12605 
f 12595 13032 13033 12594 
f 12604 14621 14622 12613 
f 12603 13105 13122 12602 
f 12612 14623 14624 12621 
f 12611 13124 13104 12610 
f 12620 14625 14626 12629 
f 12619 13121 13118 12618 
f 12628 14627 14628 12637 
f 12627 13117 13114 12626 
f 12636 14629 14631 12645 
f 12635 13113 13110 12634 
f 12644 14632 14663 13750 
f 12643 13083 14630 12642 
f 13629 14634 14600 12525 
f 13628 14157 14154 13627 
f 13637 14636 14633 13630 
f 13636 14155 14150 13635 
f 13645 14638 14635 13638 
f 13644 14151 14146 13643 
f 13653 14640 14637 13646 
f 13652 14147 14142 13651 
f 13661 14642 14639 13654 
f 13660 14143 14138 13659 
f 13669 14644 14641 13662 
f 13668 14139 14134 13667 
f 13677 14646 14643 13670 
f 13676 14135 14130 13675 
f 13685 14648 14645 13678 
f 13684 14131 14126 13683 
f 13693 14650 14647 13686 
f 13692 14127 14120 13691 
f 13701 14652 14649 13694 
f 13700 14121 14207 13699 
f 13709 14654 14651 13702 
f 13708 14191 14189 13707 
f 13717 14656 14653 13710 
f 13716 14208 14203 13715 
f 13725 14658 14655 13718 
f 13724 14204 14199 13723 
f 13733 14660 14657 13726 
f 13732 14200 14195 13731 
f 13741 14662 14659 13734 
f 13740 14196 14665 13739 
f 13749 14664 14661 13742 
f 13748 14169 13082 13747 
f 14217 12025 12022 14407 
f 14410 13135 13159 14419 
f 14422 13160 13191 14431 
f 14434 13192 13223 14443 
f 14446 13224 13255 14455 
f 14458 13256 13287 14467 
f 14470 13288 13319 14479 
f 14482 13320 13351 14491 
f 14494 13352 13383 14503 
f 14506 13384 13415 14515 
f 14518 13416 13447 14527 
f 14530 13448 13479 14539 
f 14542 13480 13511 14551 
f 14554 13512 13543 14563 
f 14566 13544 13575 14575 
f 14578 13576 13607 14587 
f 14590 13608 14666 14395 
f 14398 12505 12502 14383 
f 14386 12473 12470 14371 
f 14374 12441 12438 14359 
f 14362 12409 12406 14347 
f 14350 12377 12374 14335 
f 14338 12345 12342 14323 
f 14326 12313 12310 14311 
f 14314 12281 12278 14299 
f 14302 12249 12246 14287 
f 14290 12217 12214 14275 
f 14278 12185 12182 14263 
f 14266 12153 12150 14251 
f 14254 12121 12118 14239 
f 14242 12089 12086 14227 
f 14230 12057 12054 14214 
f 14601 12021 12052 14602 
f 14603 12053 12084 14604 
f 14605 12085 12116 14606 
f 14607 12117 12148 14608 
f 14609 12149 12180 14610 
f 14611 12181 12212 14612 
f 14613 12213 12244 14614 
f 14615 12245 12276 14616 
f 14617 12277 12308 14618 
f 14619 12309 12340 14620 
f 14621 12341 12372 14622 
f 14623 12373 12404 14624 
f 14625 12405 12436 14626 
f 14627 12437 12468 14628 
f 14629 12469 12500 14631 
f 14632 12501 14667 14663 
f 14664 13605 13606 14661 
f 14662 13573 13574 14659 
f 14660 13541 13542 14657 
f 14658 13509 13510 14655 
f 14656 13477 13478 14653 
f 14654 13445 13446 14651 
f 14652 13413 13414 14649 
f 14650 13381 13382 14647 
f 14648 13349 13350 14645 
f 14646 13317 13318 14643 
f 14644 13285 13286 14641 
f 14642 13253 13254 14639 
f 14640 13221 13222 14637 
f 14638 13189 13190 14635 
f 14636 13157 13158 14633 
f 14634 13134 12020 14600 
f 14170 14171 14188 
f 14190 14191 14207 
f 13105 13106 13122 
f 13085 13086 13101 
f 12744 12737 12745 
f 12746 12737 12738 
f 12739 12737 12747 
f 12748 12737 12735 
f 12736 12737 14213 
f 12737 13839 14213 
f 12737 13850 13838 
f 12737 13841 13849 
f 12737 13848 13840 
f 12737 13846 13847 
f 13962 12737 13963 
f 13964 12737 13956 
f 13957 12737 13965 
f 13966 12737 13954 
f 13955 12737 14211 
f 12737 12858 14211 
f 12737 12869 12857 
f 12737 12860 12868 
f 12737 12867 12859 
f 12737 12865 12866 
f 12006 14688 12009 
f 12009 14688 12038 
f 12038 14688 12041 
f 12041 14688 12070 
f 12070 14688 12073 
f 12073 14688 12102 
f 12102 14688 12105 
f 12105 14688 12134 
f 12134 14688 12137 
f 12137 14688 12166 
f 12166 14688 12169 
f 12169 14688 12198 
f 12198 14688 12201 
f 12201 14688 12230 
f 12230 14688 12233 
f 12233 14688 12262 
f 12262 14688 12265 
f 12265 14688 12294 
f 12294 14688 12297 
f 12297 14688 12326 
f 12326 14688 12329 
f 12329 14688 12358 
f 12358 14688 12361 
f 12361 14688 12390 
f 12390 14688 12393 
f 12393 14688 12422 
f 12422 14688 12425 
f 12425 14688 12454 
f 12454 14688 12457 
f 12457 14688 12486 
f 12486 14688 12489 
f 12489 14688 14669 
f 14669 14688 13592 
f 13592 14688 13591 
f 13591 14688 13560 
f 13560 14688 13559 
f 13559 14688 13528 
f 13528 14688 13527 
f 13527 14688 13496 
f 13496 14688 13495 
f 13495 14688 13464 
f 13464 14688 13463 
f 13463 14688 13432 
f 13432 14688 13431 
f 13431 14688 13400 
f 13400 14688 13399 
f 13399 14688 13368 
f 13368 14688 13367 
f 13367 14688 13336 
f 13336 14688 13335 
f 13335 14688 13304 
f 13304 14688 13303 
f 13303 14688 13272 
f 13272 14688 13271 
f 13271 14688 13240 
f 13240 14688 13239 
f 13239 14688 13208 
f 13208 14688 13207 
f 13207 14688 13176 
f 13176 14688 13175 
f 13175 14688 13144 
f 13144 14688 13143 
f 13143 14688 13127 
f 13127 14688 12006 
f 12036 14689 12035 
f 12035 14689 13142 
f 13142 14689 13174 
f 13174 14689 13173 
f 13173 14689 13206 
f 13206 14689 13205 
f 13205 14689 13238 
f 13238 14689 13237 
f 13237 14689 13270 
f 13270 14689 13269 
f 13269 14689 13302 
f 13302 14689 13301 
f 13301 14689 13334 
f 13334 14689 13333 
f 13333 14689 13366 
f 13366 14689 13365 
f 13365 14689 13398 
f 13398 14689 13397 
f 13397 14689 13430 
f 13430 14689 13429 
f 13429 14689 13462 
f 13462 14689 13461 
f 13461 14689 13494 
f 13494 14689 13493 
f 13493 14689 13526 
f 13526 14689 13525 
f 13525 14689 13558 
f 13558 14689 13557 
f 13557 14689 13590 
f 13590 14689 13589 
f 13589 14689 13622 
f 13622 14689 13621 
f 13621 14689 14680 
f 14680 14689 12516 
f 12516 14689 12515 
f 12515 14689 12484 
f 12484 14689 12483 
f 12483 14689 12452 
f 12452 14689 12451 
f 12451 14689 12420 
f 12420 14689 12419 
f 12419 14689 12388 
f 12388 14689 12387 
f 12387 14689 12356 
f 12356 14689 12355 
f 12355 14689 12324 
f 12324 14689 12323 
f 12323 14689 12292 
f 12292 14689 12291 
f 12291 14689 12260 
f 12260 14689 12259 
f 12259 14689 12228 
f 12228 14689 12227 
f 12227 14689 12196 
f 12196 14689 12195 
f 12195 14689 12164 
f 12164 14689 12163 
f 12163 14689 12132 
f 12132 14689 12131 
f 12131 14689 12100 
f 12100 14689 12099 
f 12099 14689 12068 
f 12068 14689 12067 
f 12067 14689 12036 
f 12031 12032 12037 12034 
f 12063 12064 12069 12066 
f 12095 12096 12101 12098 
f 12127 12128 12133 12130 
f 12159 12160 12165 12162 
f 12191 12192 12197 12194 
f 12223 12224 12229 12226 
f 12255 12256 12261 12258 
f 12287 12288 12293 12290 
f 12319 12320 12325 12322 
f 12351 12352 12357 12354 
f 12383 12384 12389 12386 
f 12415 12416 12421 12418 
f 12447 12448 12453 12450 
f 12479 12480 12485 12482 
f 12511 12512 12517 12514 
f 13140 12031 12034 13141 
f 13169 13170 13171 13172 
f 13201 13202 13203 13204 
f 13233 13234 13235 13236 
f 13265 13266 13267 13268 
f 13297 13298 13299 13300 
f 13329 13330 13331 13332 
f 13361 13362 13363 13364 
f 13393 13394 13395 13396 
f 13425 13426 13427 13428 
f 13457 13458 13459 13460 
f 13489 13490 13491 13492 
f 13521 13522 13523 13524 
f 13553 13554 13555 13556 
f 13585 13586 13587 13588 
f 13617 13618 13619 13620 
f 12063 12032 12033 12062 
f 12095 12064 12065 12094 
f 12127 12096 12097 12126 
f 12159 12128 12129 12158 
f 12191 12160 12161 12190 
f 12223 12192 12193 12222 
f 12255 12224 12225 12254 
f 12287 12256 12257 12286 
f 12319 12288 12289 12318 
f 12351 12320 12321 12350 
f 12383 12352 12353 12382 
f 12415 12384 12385 12414 
f 12447 12416 12417 12446 
f 12479 12448 12449 12478 
f 12511 12480 12481 12510 
f 14679 12512 12513 14687 
f 13170 13140 13141 13171 
f 13202 13169 13172 13203 
f 13234 13201 13204 13235 
f 13266 13233 13236 13267 
f 13298 13265 13268 13299 
f 13330 13297 13300 13331 
f 13362 13329 13332 13363 
f 13394 13361 13364 13395 
f 13426 13393 13396 13427 
f 13458 13425 13428 13459 
f 13490 13457 13460 13491 
f 13522 13489 13492 13523 
f 13554 13521 13524 13555 
f 13586 13553 13556 13587 
f 13618 13585 13588 13619 
f 14679 13617 13620 14678 
f 12029 14691 14690 12028 
f 12030 14690 14691 12033 
f 12061 14693 14692 12060 
f 12062 14692 14693 12065 
f 12093 14695 14694 12092 
f 12094 14694 14695 12097 
f 12125 14697 14696 12124 
f 12126 14696 14697 12129 
f 12157 14699 14698 12156 
f 12158 14698 14699 12161 
f 12189 14701 14700 12188 
f 12190 14700 14701 12193 
f 12221 14703 14702 12220 
f 12222 14702 14703 12225 
f 12253 14705 14704 12252 
f 12254 14704 14705 12257 
f 12285 14707 14706 12284 
f 12286 14706 14707 12289 
f 12317 14709 14708 12316 
f 12318 14708 14709 12321 
f 12349 14711 14710 12348 
f 12350 14710 14711 12353 
f 12381 14713 14712 12380 
f 12382 14712 14713 12385 
f 12413 14715 14714 12412 
f 12414 14714 14715 12417 
f 12445 14717 14716 12444 
f 12446 14716 14717 12449 
f 12477 14719 14718 12476 
f 12478 14718 14719 12481 
f 12509 14721 14720 12508 
f 12510 14720 14721 12513 
f 12028 14690 14722 13138 
f 13139 14722 14690 12030 
f 13166 14724 14723 13165 
f 13168 14723 14724 13167 
f 13198 14726 14725 13197 
f 13200 14725 14726 13199 
f 13230 14728 14727 13229 
f 13232 14727 14728 13231 
f 13262 14730 14729 13261 
f 13264 14729 14730 13263 
f 13294 14732 14731 13293 
f 13296 14731 14732 13295 
f 13326 14734 14733 13325 
f 13328 14733 14734 13327 
f 13358 14736 14735 13357 
f 13360 14735 14736 13359 
f 13390 14738 14737 13389 
f 13392 14737 14738 13391 
f 13422 14740 14739 13421 
f 13424 14739 14740 13423 
f 13454 14742 14741 13453 
f 13456 14741 14742 13455 
f 13486 14744 14743 13485 
f 13488 14743 14744 13487 
f 13518 14746 14745 13517 
f 13520 14745 14746 13519 
f 13550 14748 14747 13549 
f 13552 14747 14748 13551 
f 13582 14750 14749 13581 
f 13584 14749 14750 13583 
f 13614 14752 14751 13613 
f 13616 14751 14752 13615 
f 12060 14692 14691 12029 
f 12092 14694 14693 12061 
f 12124 14696 14695 12093 
f 12156 14698 14697 12125 
f 12188 14700 14699 12157 
f 12220 14702 14701 12189 
f 12252 14704 14703 12221 
f 12284 14706 14705 12253 
f 12316 14708 14707 12285 
f 12348 14710 14709 12317 
f 12380 14712 14711 12349 
f 12412 14714 14713 12381 
f 12444 14716 14715 12413 
f 12476 14718 14717 12445 
f 12508 14720 14719 12477 
f 14677 14753 14721 12509 
f 13138 14722 14724 13166 
f 13167 14724 14722 13139 
f 13165 14723 14726 13198 
f 13199 14726 14723 13168 
f 13197 14725 14728 13230 
f 13231 14728 14725 13200 
f 13229 14727 14730 13262 
f 13263 14730 14727 13232 
f 13261 14729 14732 13294 
f 13295 14732 14729 13264 
f 13293 14731 14734 13326 
f 13327 14734 14731 13296 
f 13325 14733 14736 13358 
f 13359 14736 14733 13328 
f 13357 14735 14738 13390 
f 13391 14738 14735 13360 
f 13389 14737 14740 13422 
f 13423 14740 14737 13392 
f 13421 14739 14742 13454 
f 13455 14742 14739 13424 
f 13453 14741 14744 13486 
f 13487 14744 14741 13456 
f 13485 14743 14746 13518 
f 13519 14746 14743 13488 
f 13517 14745 14748 13550 
f 13551 14748 14745 13520 
f 13549 14747 14750 13582 
f 13583 14750 14747 13552 
f 13581 14749 14752 13614 
f 13615 14752 14749 13584 
f 13613 14751 14753 14677 
f 14687 14753 14751 13616 
f 12033 14691 14692 12062 
f 12065 14693 14694 12094 
f 12097 14695 14696 12126 
f 12129 14697 14698 12158 
f 12161 14699 14700 12190 
f 12193 14701 14702 12222 
f 12225 14703 14704 12254 
f 12257 14705 14706 12286 
f 12289 14707 14708 12318 
f 12321 14709 14710 12350 
f 12353 14711 14712 12382 
f 12385 14713 14714 12414 
f 12417 14715 14716 12446 
f 12449 14717 14718 12478 
f 12481 14719 14720 12510 
f 12513 14721 14753 14687 
# 14048 polygons - 968 triangles

