# 3ds Max Wavefront OBJ Exporter v0.97b - (c)2007 guruware
# File Created: 03.02.2022 19:31:45

#
# object 72572
#

v  0.1451 -1.4284 0.3957
v  0.1768 -1.3904 0.4614
v  0.3570 -1.4286 0.1882
v  0.4289 -1.3888 0.2131
v  0.3572 -1.4279 -0.1226
v  0.4281 -1.3898 -0.1418
v  0.1948 -1.4284 -0.3023
v  0.1487 -1.4286 -0.3243
v  0.1768 -1.3899 -0.3932
v  0.2548 -1.4283 0.3291
v  0.2809 -1.4075 0.3615
v  0.3886 -1.4286 0.0355
v  0.4286 -1.4092 0.0355
v  0.2704 -1.4284 -0.2453
v  0.0742 -1.4282 -0.3479
v  0.0888 -1.4046 -0.3935
v  0.1797 -1.2740 0.4618
v  0.4282 -1.2736 0.2103
v  0.4288 -1.2743 -0.1421
v  0.1791 -1.2748 -0.3940
v  0.2932 -1.2545 0.3473
v  0.4283 -1.2542 0.0329
v  0.0705 -1.2572 -0.3936
v  0.1815 -1.3327 0.4693
v  0.4355 -1.3307 0.2141
v  0.4353 -1.3315 -0.1456
v  0.1808 -1.3323 -0.4004
v  0.2922 -1.3300 0.3605
v  0.4370 -1.3315 0.0340
v  0.0796 -1.3308 -0.4021
v  0.1657 -1.1353 0.4513
v  0.4131 -1.1353 0.2076
v  0.4090 -1.1353 -0.1486
v  0.1707 -1.1353 -0.3798
v  0.3019 -1.1353 0.3656
v  0.4476 -1.1353 0.0225
v  0.0527 -1.1353 -0.4113
v  0.1491 -1.1830 0.3988
v  0.3649 -1.1829 0.1815
v  0.3606 -1.1830 -0.1228
v  0.1509 -1.1830 -0.3285
v  0.2650 -1.1829 0.3252
v  0.3938 -1.1830 0.0282
v  0.0579 -1.1830 -0.3544
v  0.1652 -1.0759 0.5148
v  0.4685 -1.0765 0.2301
v  0.4724 -1.0759 -0.1516
v  0.1945 -1.0759 -0.4344
v  0.3482 -1.0759 0.4041
v  0.5073 -1.0759 0.0223
v  0.0561 -1.0759 -0.4697
v  0.1632 -0.9970 0.4549
v  0.4209 -0.9969 0.1963
v  0.4121 -0.9969 -0.1483
v  0.1954 -0.9969 -0.3716
v  0.3179 -0.9969 0.3544
v  0.4502 -0.9969 0.0187
v  0.1649 -1.0218 0.4798
v  0.4418 -1.0218 0.2084
v  0.4365 -1.0218 -0.1514
v  0.1952 -1.0217 -0.3977
v  0.3323 -1.0218 0.3735
v  0.4741 -1.0218 0.0205
v  0.0547 -1.0217 -0.4359
v  0.3227 -0.4460 0.9085
v  0.8716 -0.4463 0.3591
v  0.8767 -0.4465 -0.2717
v  0.5611 -0.4461 -0.7083
v  0.3561 -0.4465 -0.8231
v  0.6550 -0.4458 0.6988
v  0.9311 -0.4461 0.0185
v  0.7454 -0.4463 -0.5217
v  0.1772 -0.7556 0.4509
v  0.4324 -0.7556 0.1677
v  0.4150 -0.7557 -0.1454
v  0.1885 -0.7558 -0.3767
v  0.3409 -0.7556 0.3321
v  0.4512 -0.7556 0.0057
v  0.0801 -0.7557 -0.4101
v  0.2915 -0.4659 0.7864
v  0.7542 -0.4657 0.3222
v  0.7560 -0.4660 -0.2440
v  0.4771 -0.4661 -0.6137
v  0.3073 -0.4660 -0.7101
v  0.5688 -0.4658 0.6072
v  0.8059 -0.4659 0.0246
v  0.6388 -0.4659 -0.4567
v  0.2044 -0.6378 0.5101
v  0.4921 -0.6380 0.1947
v  0.4787 -0.6380 -0.1619
v  0.3049 -0.6378 -0.3837
v  0.2085 -0.6385 -0.4386
v  0.3777 -0.6380 0.3882
v  0.5165 -0.6379 0.0108
v  0.3981 -0.6378 -0.2961
v  0.1621 -0.8764 0.4334
v  0.4069 -0.8764 0.1751
v  0.3942 -0.8764 -0.1383
v  0.1836 -0.8764 -0.3547
v  0.3141 -0.8764 0.3289
v  0.4292 -0.8764 0.0050
v  0.0947 -0.8760 -0.3852
v  0.0436 -0.7289 -0.4263
v  0.1015 -0.7921 -0.3946
v  0.1072 -0.8307 -0.3853
v  0.0732 -0.9055 -0.3905
v  0.0452 -0.9230 -0.3963
v  0.1640 -0.4472 0.9442
v  0.7818 -0.4460 0.5413
v  0.9158 -0.4463 -0.1287
v  0.6601 -0.4462 -0.6218
v  0.4625 -0.4462 -0.7726
v  0.1200 -0.4467 -0.8851
v  0.5005 -0.4458 0.8215
v  0.9178 -0.4461 0.1917
v  0.8201 -0.4464 -0.4016
v  0.2401 -0.4466 -0.8614
v  0.1482 -0.4669 0.8209
v  0.6769 -0.4657 0.4748
v  0.7925 -0.4660 -0.1117
v  0.5637 -0.4660 -0.5409
v  0.3952 -0.4660 -0.6674
v  0.1082 -0.4663 -0.7621
v  0.4396 -0.4658 0.7112
v  0.7941 -0.4658 0.1759
v  0.7059 -0.4659 -0.3550
v  0.2093 -0.4662 -0.7418
v  0.2545 -0.5093 0.6571
v  0.6267 -0.5108 0.2691
v  0.6254 -0.5106 -0.2049
v  0.3975 -0.5105 -0.5047
v  0.2597 -0.5111 -0.5813
v  0.4755 -0.5108 0.5057
v  0.6694 -0.5107 0.0253
v  0.5292 -0.5106 -0.3754
v  0.0747 -0.6378 -0.4775
v  0.0899 -0.5109 -0.6284
v  0.3512 -0.3183 0.9644
v  0.9273 -0.3186 0.3879
v  0.9423 -0.3189 -0.2756
v  0.6106 -0.3193 -0.7457
v  0.3935 -0.3187 -0.8765
v  0.6999 -0.3184 0.7397
v  0.9932 -0.3186 0.0313
v  0.8041 -0.3190 -0.5458
v  0.1786 -0.3187 1.0031
v  0.8322 -0.3187 0.5761
v  0.9803 -0.3185 -0.1241
v  0.7146 -0.3191 -0.6526
v  0.5062 -0.3190 -0.8182
v  0.1426 -0.3191 -0.9466
v  0.5378 -0.3182 0.8708
v  0.9770 -0.3186 0.2129
v  0.8837 -0.3189 -0.4161
v  0.2705 -0.3188 -0.9201
v  0.3361 -0.4068 0.9384
v  0.9029 -0.4079 0.3732
v  0.9121 -0.4086 -0.2787
v  0.5849 -0.4076 -0.7319
v  0.3735 -0.4082 -0.8543
v  0.6779 -0.4065 0.7207
v  0.9643 -0.4067 0.0219
v  0.7756 -0.4079 -0.5385
v  0.1721 -0.4087 0.9836
v  0.8093 -0.4072 0.5593
v  0.9501 -0.4076 -0.1306
v  0.6872 -0.4077 -0.6420
v  0.4832 -0.4080 -0.8000
v  0.1291 -0.4087 -0.9211
v  0.5187 -0.4064 0.8476
v  0.9500 -0.4072 0.2008
v  0.8538 -0.4085 -0.4138
v  0.2535 -0.4087 -0.8957
v  0.3384 -0.3562 0.9376
v  0.9021 -0.3562 0.3755
v  0.9142 -0.3562 -0.2728
v  0.5896 -0.3562 -0.7283
v  0.3780 -0.3562 -0.8525
v  0.6787 -0.3562 0.7199
v  0.9644 -0.3562 0.0267
v  0.7790 -0.3562 -0.5342
v  0.1733 -0.3570 0.9835
v  0.8089 -0.3562 0.5600
v  0.9510 -0.3561 -0.1249
v  0.6912 -0.3562 -0.6379
v  0.4879 -0.3562 -0.7974
v  0.1339 -0.3564 -0.9205
v  0.5203 -0.3561 0.8467
v  0.9494 -0.3561 0.2043
v  0.8567 -0.3562 -0.4087
v  0.2582 -0.3563 -0.8946
v  0.3933 -0.2853 1.0552
v  1.0200 -0.2862 0.4232
v  1.0383 -0.2856 -0.3067
v  0.6564 -0.2861 -0.8376
v  0.4112 -0.2866 -0.9751
v  0.7708 -0.2863 0.8071
v  1.0913 -0.2861 0.0206
v  0.8812 -0.2866 -0.6079
v  0.2002 -0.2860 1.1006
v  0.9158 -0.2862 0.6284
v  1.0785 -0.2860 -0.1453
v  0.7774 -0.2863 -0.7311
v  0.5388 -0.2861 -0.9149
v  0.1470 -0.2871 -1.0444
v  0.5952 -0.2857 0.9512
v  1.0746 -0.2862 0.2256
v  0.9721 -0.2861 -0.4634
v  0.2814 -0.2867 -1.0182
v  0.4351 -0.1606 1.1995
v  1.1627 -0.1602 0.4763
v  1.1743 -0.1652 -0.3671
v  0.7042 -0.1611 -0.9899
v  0.4343 -0.1655 -1.1275
v  0.8815 -0.1631 0.9100
v  1.2428 -0.1622 0.0392
v  0.9944 -0.1633 -0.7095
v  0.2225 -0.1638 1.2564
v  1.0448 -0.1614 0.7084
v  1.2255 -0.1634 -0.1666
v  0.8610 -0.1618 -0.8616
v  0.5741 -0.1624 -1.0675
v  0.1441 -0.1652 -1.1978
v  0.6739 -0.1624 1.0787
v  1.2231 -0.1604 0.2617
v  1.0977 -0.1643 -0.5453
v  0.2914 -0.1654 -1.1715
v  0.0792 -0.7543 -0.3785
v  0.0436 -0.7289 -0.3785
v  0.1015 -0.7921 -0.3785
v  0.1072 -0.8307 -0.3785
v  0.0947 -0.8760 -0.3785
v  0.0732 -0.9055 -0.3785
v  0.0452 -0.9230 -0.3785
v  0.0647 -0.7677 -0.3592
v  0.0344 -0.7461 -0.3594
v  0.0820 -0.7971 -0.3594
v  0.0874 -0.8312 -0.3599
v  0.0791 -0.8646 -0.3599
v  0.0598 -0.8903 -0.3597
v  0.0311 -0.9074 -0.3593
v  0.0717 -0.7612 -0.3691
v  0.0389 -0.7377 -0.3692
v  0.0916 -0.7947 -0.3691
v  0.0971 -0.8310 -0.3693
v  0.0883 -0.8678 -0.3696
v  0.0662 -0.8977 -0.3695
v  0.0381 -0.9150 -0.3691
v  0.4217 -0.2341 1.1376
v  1.1034 -0.2348 0.4529
v  1.1171 -0.2360 -0.3420
v  0.6857 -0.2353 -0.9250
v  0.4258 -0.2375 -1.0627
v  0.8360 -0.2361 0.8656
v  1.1792 -0.2356 0.0265
v  0.9467 -0.2364 -0.6670
v  0.2152 -0.2386 1.1905
v  0.9916 -0.2352 0.6737
v  1.1633 -0.2353 -0.1602
v  0.8264 -0.2358 -0.8062
v  0.5606 -0.2357 -1.0025
v  0.1473 -0.2378 -1.1328
v  0.6432 -0.2351 1.0237
v  1.1614 -0.2349 0.2436
v  1.0449 -0.2359 -0.5112
v  0.2887 -0.2376 -1.1063
v  0.4371 -0.0692 1.2377
v  1.1946 -0.0692 0.4947
v  1.2128 -0.0718 -0.3736
v  0.7189 -0.0698 -1.0242
v  0.4349 -0.0716 -1.1686
v  0.9039 -0.0701 0.9411
v  1.2799 -0.0701 0.0484
v  1.0245 -0.0707 -0.7322
v  0.2230 -0.0707 1.2949
v  1.0725 -0.0695 0.7337
v  1.2639 -0.0708 -0.1653
v  0.8839 -0.0702 -0.8908
v  0.5817 -0.0703 -1.1055
v  0.1379 -0.0710 -1.2375
v  0.6867 -0.0698 1.1147
v  1.2573 -0.0691 0.2756
v  1.1330 -0.0713 -0.5604
v  0.2886 -0.0713 -1.2122
v  0.3406 -0.3390 0.9412
v  0.3448 -0.3264 0.9501
v  0.9054 -0.3395 0.3777
v  0.9139 -0.3271 0.3818
v  0.9184 -0.3397 -0.2720
v  0.9278 -0.3273 -0.2729
v  0.5934 -0.3401 -0.7300
v  0.6004 -0.3278 -0.7358
v  0.3809 -0.3396 -0.8554
v  0.3861 -0.3271 -0.8633
v  0.6818 -0.3392 0.7225
v  0.6889 -0.3266 0.7291
v  0.9684 -0.3393 0.0282
v  0.9780 -0.3268 0.0298
v  0.7830 -0.3399 -0.5349
v  0.7913 -0.3275 -0.5388
v  0.1360 -0.3400 -0.9239
v  0.1731 -0.3401 0.9813
v  0.1751 -0.3272 0.9890
v  0.8120 -0.3394 0.5623
v  0.8198 -0.3269 0.5677
v  0.9553 -0.3392 -0.1237
v  0.9651 -0.3267 -0.1235
v  0.6951 -0.3399 -0.6391
v  0.7029 -0.3275 -0.6440
v  0.4913 -0.3398 -0.7997
v  0.4974 -0.3274 -0.8066
v  0.1389 -0.3276 -0.9325
v  0.5230 -0.3389 0.8498
v  0.5288 -0.3263 0.8579
v  0.9534 -0.3394 0.2062
v  0.9625 -0.3269 0.2091
v  0.8609 -0.3397 -0.4087
v  0.8699 -0.3273 -0.4111
v  0.2608 -0.3397 -0.8978
v  0.2649 -0.3273 -0.9063
v  0.3295 -0.4383 0.9246
v  0.3339 -0.4254 0.9345
v  0.8882 -0.4390 0.3662
v  0.8985 -0.4263 0.3708
v  0.8948 -0.4397 -0.2763
v  0.9064 -0.4272 -0.2785
v  0.5729 -0.4387 -0.7213
v  0.5808 -0.4260 -0.7291
v  0.3645 -0.4397 -0.8396
v  0.3702 -0.4270 -0.8499
v  0.6671 -0.4378 0.7107
v  0.6747 -0.4249 0.7179
v  0.9488 -0.4384 0.0195
v  0.9597 -0.4255 0.0207
v  0.7607 -0.4391 -0.5312
v  0.7707 -0.4264 -0.5367
v  0.1240 -0.4403 -0.9036
v  0.1681 -0.4419 0.9632
v  0.1709 -0.4291 0.9771
v  0.7963 -0.4384 0.5508
v  0.8054 -0.4256 0.5568
v  0.9338 -0.4389 -0.1304
v  0.9451 -0.4262 -0.1309
v  0.6738 -0.4388 -0.6331
v  0.6827 -0.4260 -0.6397
v  0.4726 -0.4390 -0.7874
v  0.4795 -0.4264 -0.7964
v  0.1270 -0.4278 -0.9156
v  0.5101 -0.4379 0.8356
v  0.5161 -0.4249 0.8442
v  0.9350 -0.4385 0.1959
v  0.9456 -0.4257 0.1988
v  0.8373 -0.4395 -0.4088
v  0.8483 -0.4270 -0.4127
v  0.2463 -0.4402 -0.8792
v  0.2508 -0.4276 -0.8905
v  0.2268 -0.5655 0.5759
v  0.5528 -0.5662 0.2293
v  0.5452 -0.5661 -0.1809
v  0.3467 -0.5661 -0.4382
v  0.2312 -0.5666 -0.5033
v  0.4214 -0.5662 0.4419
v  0.5859 -0.5662 0.0181
v  0.4580 -0.5662 -0.3312
v  0.0806 -0.5662 -0.5460
v  0.1511 -1.2158 0.3979
v  0.3649 -1.2158 0.1823
v  0.3618 -1.2158 -0.1198
v  0.1517 -1.2158 -0.3284
v  0.0002 -1.2158 -0.3591
v  0.2667 -1.2158 0.3236
v  0.3936 -1.2158 0.0306
v  0.0618 -1.2158 -0.3539
v  0.1584 -1.2464 0.4167
v  0.3841 -1.2466 0.1905
v  0.3817 -1.2466 -0.1265
v  0.1577 -1.2464 -0.3478
v  0.2813 -1.2464 0.3375
v  0.4138 -1.2465 0.0319
v  0.0655 -1.2465 -0.3739
v  0.1688 -1.1284 0.4795
v  0.1692 -1.1088 0.5023
v  0.4371 -1.1288 0.2206
v  0.4574 -1.1088 0.2300
v  0.4363 -1.1285 -0.1548
v  0.4596 -1.1088 -0.1556
v  0.2366 -1.1295 -0.3756
v  0.1806 -1.1290 -0.4042
v  0.1898 -1.1089 -0.4253
v  0.3213 -1.1283 0.3858
v  0.3384 -1.1088 0.3991
v  0.4750 -1.1286 0.0222
v  0.4970 -1.1088 0.0222
v  0.3282 -1.1295 -0.3065
v  0.0550 -1.1292 -0.4359
v  0.0566 -1.1089 -0.4593
v  0.1669 -1.0524 0.5092
v  0.1664 -1.0338 0.4961
v  0.4644 -1.0524 0.2278
v  0.4552 -1.0338 0.2179
v  0.4663 -1.0524 -0.1541
v  0.4531 -1.0338 -0.1536
v  0.2561 -1.0524 -0.3984
v  0.1970 -1.0524 -0.4282
v  0.1966 -1.0337 -0.4149
v  0.3476 -1.0524 0.3982
v  0.3416 -1.0338 0.3868
v  0.5026 -1.0524 0.0216
v  0.4901 -1.0338 0.0209
v  0.3453 -1.0524 -0.3311
v  0.0566 -1.0524 -0.4649
v  0.0560 -1.0337 -0.4525
v  0.0002 -1.0339 0.5251
v  0.1679 -0.8152 0.4371
v  0.4152 -0.8153 0.1679
v  0.3995 -0.8153 -0.1403
v  0.1841 -0.8153 -0.3607
v  0.3255 -0.8152 0.3249
v  0.4348 -0.8154 0.0036
v  0.1624 -0.9394 0.4391
v  0.4091 -0.9399 0.1849
v  0.3978 -0.9399 -0.1436
v  0.1911 -0.9400 -0.3570
v  0.3119 -0.9400 0.3391
v  0.4349 -0.9400 0.0115
v  0.0888 -1.4026 0.4657
v  0.0736 -1.4280 0.4177
v  0.2036 -1.4281 0.3670
v  0.3543 -1.4049 0.2885
v  0.3809 -1.4285 0.1136
v  0.4290 -1.4041 -0.0539
v  0.3298 -1.4282 -0.1727
v  0.3003 -1.4094 -0.2706
v  0.2221 -1.4012 -0.3490
v  0.3142 -1.4283 0.2645
v  0.2301 -1.4003 0.4142
v  0.3815 -1.4282 -0.0445
v  0.4290 -1.4042 0.1223
v  0.3759 -1.4030 -0.1944
v  0.0893 -1.2594 0.4634
v  0.3619 -1.2590 0.2795
v  0.4278 -1.2586 -0.0518
v  0.2953 -1.2542 -0.2757
v  0.2175 -1.2641 -0.3547
v  0.2373 -1.2603 0.4044
v  0.4284 -1.2588 0.1197
v  0.3738 -1.2606 -0.1975
v  0.0909 -1.3325 0.4716
v  0.3647 -1.3304 0.2880
v  0.4370 -1.3315 -0.0558
v  0.3042 -1.3315 -0.2792
v  0.2372 -1.3314 0.4154
v  0.4370 -1.3311 0.1241
v  0.3824 -1.3317 -0.2010
v  0.0844 -1.1353 0.4746
v  0.3647 -1.1353 0.2941
v  0.4362 -1.1353 -0.0647
v  0.3132 -1.1353 -0.2859
v  0.2221 -1.1353 -0.3547
v  0.2363 -1.1353 0.4156
v  0.4408 -1.1353 0.1163
v  0.3763 -1.1353 -0.2097
v  0.0761 -1.1830 0.4208
v  0.3230 -1.1830 0.2589
v  0.3846 -1.1830 -0.0489
v  0.2729 -1.1830 -0.2491
v  0.1901 -1.1830 -0.3096
v  0.2102 -1.1830 0.3670
v  0.3868 -1.1830 0.1063
v  0.3308 -1.1830 -0.1781
v  0.0838 -1.0759 0.5352
v  0.4161 -1.0759 0.3255
v  0.4976 -1.0759 -0.0662
v  0.3484 -1.0760 -0.3346
v  0.2539 -1.0760 -0.4052
v  0.2626 -1.0759 0.4691
v  0.4986 -1.0760 0.1307
v  0.4292 -1.0760 -0.2366
v  0.0829 -0.9966 0.4781
v  0.3775 -0.9969 0.2812
v  0.4396 -0.9966 -0.0663
v  0.3096 -0.9969 -0.2929
v  0.2444 -0.9969 -0.3442
v  0.2454 -0.9966 0.4133
v  0.4447 -0.9966 0.1094
v  0.3742 -0.9967 -0.2170
v  0.0835 -1.0218 0.5016
v  0.3946 -1.0217 0.2971
v  0.4624 -1.0217 -0.0663
v  0.3255 -1.0217 -0.3102
v  0.2501 -1.0217 -0.3684
v  0.2520 -1.0217 0.4359
v  0.4662 -1.0216 0.1166
v  0.3960 -1.0217 -0.2253
v  0.0905 -0.7557 0.4778
v  0.3951 -0.7557 0.2549
v  0.4398 -0.7558 -0.0713
v  0.3158 -0.7560 -0.2892
v  0.2440 -0.7559 -0.3462
v  0.2657 -0.7558 0.4008
v  0.4485 -0.7579 0.0874
v  0.3792 -0.7558 -0.2121
v  0.1039 -0.6376 0.5418
v  0.4451 -0.6381 0.2984
v  0.5050 -0.6384 -0.0769
v  0.3532 -0.6396 -0.3417
v  0.2579 -0.6395 -0.4127
v  0.2976 -0.6379 0.4580
v  0.5126 -0.6383 0.1042
v  0.4434 -0.6383 -0.2316
v  0.1423 -0.6384 -0.4627
v  0.0827 -0.8770 0.4570
v  0.3686 -0.8764 0.2568
v  0.4180 -0.8764 -0.0682
v  0.2976 -0.8764 -0.2763
v  0.2328 -0.8764 -0.3274
v  0.2438 -0.8764 0.3894
v  0.4263 -0.8764 0.0911
v  0.3587 -0.8764 -0.2033
v  0.1340 -0.7557 -0.3931
v  0.1282 -0.5095 0.6943
v  0.5643 -0.5102 0.3967
v  0.6565 -0.5112 -0.0911
v  0.4668 -0.5113 -0.4435
v  0.3294 -0.5127 -0.5439
v  0.3747 -0.5091 0.5935
v  0.6593 -0.5108 0.1496
v  0.5822 -0.5115 -0.2925
v  0.1758 -0.5117 -0.6093
v  0.1140 -0.5654 0.6105
v  0.4980 -0.5662 0.3436
v  0.5737 -0.5667 -0.0826
v  0.4055 -0.5666 -0.3878
v  0.2909 -0.5667 -0.4736
v  0.3317 -0.5655 0.5187
v  0.5786 -0.5665 0.1259
v  0.5069 -0.5666 -0.2587
v  0.1569 -0.5668 -0.5294
v  0.0761 -1.2157 0.4207
v  0.3235 -1.2156 0.2583
v  0.3850 -1.2157 -0.0461
v  0.2723 -1.2157 -0.2493
v  0.1896 -1.2157 -0.3100
v  0.2123 -1.2157 0.3660
v  0.3868 -1.2157 0.1079
v  0.3317 -1.2157 -0.1771
v  0.0822 -1.2458 0.4388
v  0.3405 -1.2459 0.2673
v  0.4038 -1.2460 -0.0494
v  0.2853 -1.2463 -0.2642
v  0.2000 -1.2463 -0.3268
v  0.2243 -1.2464 0.3823
v  0.4050 -1.2460 0.1136
v  0.3498 -1.2464 -0.1858
v  0.0864 -1.1089 0.5245
v  0.0858 -1.1297 0.4999
v  0.4069 -1.1089 0.3207
v  0.3870 -1.1293 0.3083
v  0.4867 -1.1088 -0.0679
v  0.4629 -1.1291 -0.0670
v  0.3431 -1.1089 -0.3254
v  0.2487 -1.1089 -0.3963
v  0.2588 -1.1088 0.4593
v  0.2484 -1.1291 0.4387
v  0.4886 -1.1089 0.1284
v  0.4656 -1.1293 0.1234
v  0.4193 -1.1088 -0.2329
v  0.4000 -1.1283 -0.2234
v  0.0846 -1.0338 0.5178
v  0.0850 -1.0524 0.5303
v  0.4065 -1.0338 0.3094
v  0.4145 -1.0524 0.3197
v  0.4801 -1.0338 -0.0674
v  0.4925 -1.0524 -0.0676
v  0.3369 -1.0338 -0.3223
v  0.2543 -1.0338 -0.3850
v  0.2585 -1.0338 0.4516
v  0.2627 -1.0524 0.4636
v  0.4829 -1.0338 0.1222
v  0.4945 -1.0523 0.1273
v  0.4121 -1.0338 -0.2321
v  0.4240 -1.0524 -0.2364
v  0.0858 -0.8153 0.4622
v  0.3786 -0.8153 0.2510
v  0.4232 -0.8166 -0.0698
v  0.3019 -0.8158 -0.2799
v  0.2353 -0.8154 -0.3325
v  0.2531 -0.8153 0.3898
v  0.4327 -0.8154 0.0866
v  0.3638 -0.8153 -0.2059
v  0.1371 -0.8020 -0.3790
v  0.0828 -0.9380 0.4623
v  0.3685 -0.9399 0.2672
v  0.4237 -0.9398 -0.0677
v  0.3003 -0.9398 -0.2811
v  0.2384 -0.9398 -0.3303
v  0.2424 -0.9399 0.3968
v  0.4306 -0.9398 0.0996
v  0.3615 -0.9398 -0.2087
v  0.1891 -0.6955 0.4757
v  0.4576 -0.6954 0.1795
v  0.4422 -0.6955 -0.1518
v  0.2609 -0.6941 -0.3693
v  0.1970 -0.6936 -0.4043
v  0.3560 -0.6954 0.3568
v  0.4789 -0.6954 0.0084
v  0.3435 -0.6943 -0.3016
v  0.0965 -0.6955 0.5048
v  0.4160 -0.6956 0.2740
v  0.4677 -0.6957 -0.0731
v  0.2789 -0.6955 0.4253
v  0.4761 -0.6956 0.0952
v  0.4071 -0.6957 -0.2194
v  0.1373 -0.6952 -0.4254
v  0.0765 -0.6955 -0.4392
v  0.1118 -1.4286 -0.3376
v  0.1329 -1.3979 -0.3944
v  0.1249 -1.2651 -0.3952
v  0.1302 -1.3316 -0.4024
v  0.1127 -1.1353 -0.3990
v  0.1052 -1.1830 -0.3445
v  0.1266 -1.0762 -0.4570
v  0.1258 -1.0216 -0.4215
v  0.1076 -1.2157 -0.3440
v  0.1124 -1.2464 -0.3632
v  0.1242 -1.1090 -0.4462
v  0.1180 -1.1308 -0.4208
v  0.1271 -1.0335 -0.4380
v  0.1278 -1.0522 -0.4514
v  0.0491 -0.9612 -0.4029
v  0.1611 -1.4103 0.4289
v  0.3932 -1.4098 0.2008
v  0.3931 -1.4097 -0.1323
v  0.2092 -1.4146 -0.3275
v  0.1629 -1.4102 -0.3591
v  0.2674 -1.4185 0.3460
v  0.4087 -1.4193 0.0355
v  0.0818 -1.4161 -0.3723
v  0.0809 -1.4181 0.4375
v  0.2148 -1.4164 0.3884
v  0.4027 -1.4179 0.1185
v  0.3530 -1.4161 -0.1827
v  0.3322 -1.4183 0.2748
v  0.4026 -1.4180 -0.0488
v  0.2862 -1.4196 -0.2561
v  0.1225 -1.4138 -0.3660
v  0.0002 -1.1573 -0.3661
v  0.1506 -1.1571 0.4062
v  0.1579 -1.1429 0.4256
v  0.3708 -1.1571 0.1865
v  0.3891 -1.1429 0.1958
v  0.3665 -1.1571 -0.1277
v  0.3844 -1.1429 -0.1380
v  0.1956 -1.1574 -0.3148
v  0.1533 -1.1573 -0.3354
v  0.1607 -1.1430 -0.3547
v  0.2693 -1.1570 0.3314
v  0.2833 -1.1429 0.3463
v  0.4010 -1.1572 0.0264
v  0.4211 -1.1430 0.0242
v  0.2781 -1.1580 -0.2537
v  0.0548 -1.1572 -0.3624
v  0.0528 -1.1429 -0.3837
v  0.0804 -1.1428 0.4483
v  0.0766 -1.1570 0.4283
v  0.2072 -1.1430 -0.3320
v  0.2231 -1.1428 0.3921
v  0.2130 -1.1571 0.3740
v  0.4144 -1.1428 0.1114
v  0.3942 -1.1569 0.1082
v  0.3534 -1.1430 -0.1950
v  0.3363 -1.1574 -0.1830
v  0.3435 -1.1427 0.2783
v  0.3280 -1.1567 0.2652
v  0.4105 -1.1429 -0.0590
v  0.3914 -1.1570 -0.0528
v  0.2939 -1.1432 -0.2670
v  0.1075 -1.1430 -0.3726
v  0.1046 -1.1576 -0.3522
v  0.1371 -0.8762 -0.3706
v  0.1370 -0.9366 -0.3787
v  0.0002 -1.4097 0.4622
v  0.0002 -1.4195 0.4428
v  -0.0805 -1.4181 0.4375
v  -0.0884 -1.4026 0.4657
v  -0.1764 -1.3905 0.4614
v  -0.1607 -1.4104 0.4289
v  -0.2144 -1.4164 0.3884
v  -0.2298 -1.4005 0.4143
v  -0.4285 -1.3890 0.2131
v  -0.3928 -1.4100 0.2008
v  -0.4023 -1.4181 0.1185
v  -0.4286 -1.4044 0.1223
v  -0.4278 -1.3900 -0.1418
v  -0.3927 -1.4099 -0.1324
v  -0.3526 -1.4163 -0.1827
v  -0.3755 -1.4031 -0.1944
v  -0.1764 -1.3899 -0.3932
v  -0.1625 -1.4103 -0.3591
v  -0.1221 -1.4139 -0.3661
v  -0.1325 -1.3980 -0.3943
v  -0.2543 -1.4284 0.3291
v  -0.3138 -1.4285 0.2645
v  -0.3319 -1.4187 0.2749
v  -0.2669 -1.4184 0.3459
v  -0.3882 -1.4288 0.0355
v  -0.3811 -1.4283 -0.0445
v  -0.4023 -1.4182 -0.0488
v  -0.4082 -1.4194 0.0355
v  -0.0738 -1.4282 -0.3479
v  0.0002 -1.4282 -0.3547
v  0.0002 -1.4196 -0.3726
v  -0.0814 -1.4159 -0.3722
v  -0.0905 -1.3325 0.4716
v  0.0002 -1.3321 0.4716
v  -0.2805 -1.4077 0.3616
v  -0.3540 -1.4052 0.2886
v  -0.3645 -1.3305 0.2882
v  -0.2920 -1.3301 0.3607
v  -0.4283 -1.4094 0.0355
v  -0.4286 -1.4043 -0.0539
v  -0.4370 -1.3316 -0.0558
v  -0.4370 -1.3317 0.0340
v  -0.0884 -1.4046 -0.3935
v  0.0002 -1.4099 -0.3925
v  0.0002 -1.3322 -0.4024
v  -0.0793 -1.3308 -0.4024
v  -0.2370 -1.3315 0.4156
v  -0.1811 -1.3328 0.4695
v  -0.4370 -1.3313 0.1241
v  -0.4355 -1.3309 0.2142
v  -0.3822 -1.3318 -0.2012
v  -0.4352 -1.3316 -0.1458
v  -0.1298 -1.3316 -0.4024
v  -0.1804 -1.3324 -0.4005
v  -0.1794 -1.2740 0.4619
v  -0.0889 -1.2594 0.4634
v  -0.4280 -1.2735 0.2104
v  -0.3616 -1.2589 0.2796
v  -0.4287 -1.2742 -0.1422
v  -0.4277 -1.2585 -0.0518
v  -0.2172 -1.2641 -0.3548
v  -0.2950 -1.2542 -0.2758
v  -0.3040 -1.3316 -0.2794
v  -0.1788 -1.2748 -0.3941
v  0.0002 -1.2542 -0.3936
v  -0.0701 -1.2572 -0.3936
v  -0.2930 -1.2544 0.3474
v  -0.2370 -1.2602 0.4044
v  -0.4282 -1.2541 0.0329
v  -0.4282 -1.2587 0.1197
v  -0.3736 -1.2605 -0.1977
v  -0.1246 -1.2651 -0.3953
v  0.0002 -1.2542 0.4629
v  -0.0819 -1.2458 0.4389
v  0.0002 -1.2460 0.4474
v  -0.3404 -1.2459 0.2675
v  -0.2812 -1.2464 0.3377
v  -0.4038 -1.2460 -0.0494
v  -0.4138 -1.2465 0.0319
v  0.0002 -1.2464 -0.3789
v  -0.0651 -1.2465 -0.3740
v  -0.2240 -1.2464 0.3823
v  -0.1581 -1.2464 0.4168
v  -0.4049 -1.2460 0.1137
v  -0.3840 -1.2466 0.1907
v  -0.3496 -1.2464 -0.1859
v  -0.3817 -1.2466 -0.1266
v  -0.1121 -1.2464 -0.3632
v  -0.1573 -1.2464 -0.3477
v  -0.1502 -1.1571 0.4062
v  -0.1576 -1.1429 0.4256
v  -0.0800 -1.1428 0.4482
v  -0.0763 -1.1569 0.4282
v  -0.3708 -1.1575 0.1867
v  -0.3889 -1.1431 0.1959
v  -0.3433 -1.1429 0.2784
v  -0.3279 -1.1571 0.2654
v  -0.3662 -1.1573 -0.1277
v  -0.3841 -1.1430 -0.1380
v  -0.4102 -1.1429 -0.0590
v  -0.3911 -1.1571 -0.0528
v  -0.1954 -1.1577 -0.3151
v  -0.2070 -1.1431 -0.3321
v  -0.2935 -1.1432 -0.2669
v  -0.2776 -1.1580 -0.2536
v  -0.1531 -1.1576 -0.3357
v  -0.1605 -1.1431 -0.3548
v  0.0002 -1.1430 -0.3865
v  -0.0524 -1.1429 -0.3837
v  -0.0544 -1.1573 -0.3624
v  -0.2691 -1.1572 0.3315
v  -0.2830 -1.1430 0.3464
v  -0.2229 -1.1430 0.3922
v  -0.2129 -1.1574 0.3744
v  -0.4006 -1.1573 0.0265
v  -0.4207 -1.1430 0.0242
v  -0.4142 -1.1429 0.1114
v  -0.3940 -1.1571 0.1083
v  -0.3531 -1.1431 -0.1950
v  -0.3362 -1.1576 -0.1831
v  -0.1071 -1.1429 -0.3725
v  -0.1042 -1.1575 -0.3521
v  -0.1684 -1.1285 0.4795
v  -0.1689 -1.1088 0.5025
v  -0.0861 -1.1089 0.5246
v  -0.0855 -1.1298 0.4999
v  -0.4368 -1.1289 0.2206
v  -0.4574 -1.1088 0.2302
v  -0.4068 -1.1089 0.3208
v  -0.3867 -1.1294 0.3083
v  -0.4360 -1.1286 -0.1549
v  -0.4596 -1.1089 -0.1557
v  -0.4867 -1.1088 -0.0679
v  -0.4626 -1.1293 -0.0670
v  -0.2362 -1.1296 -0.3756
v  -0.2484 -1.1089 -0.3964
v  -0.3429 -1.1089 -0.3255
v  -0.3279 -1.1297 -0.3065
v  -0.1803 -1.1291 -0.4042
v  -0.1895 -1.1089 -0.4254
v  0.0002 -1.1292 -0.4397
v  0.0002 -1.1089 -0.4630
v  -0.0563 -1.1089 -0.4594
v  -0.0547 -1.1293 -0.4359
v  -0.3209 -1.1285 0.3858
v  -0.3383 -1.1088 0.3993
v  -0.2585 -1.1088 0.4595
v  -0.2480 -1.1292 0.4387
v  -0.4746 -1.1288 0.0222
v  -0.4970 -1.1089 0.0222
v  -0.4885 -1.1089 0.1285
v  -0.4653 -1.1294 0.1234
v  -0.4193 -1.1088 -0.2331
v  -0.3997 -1.1285 -0.2235
v  -0.1239 -1.1090 -0.4463
v  -0.1177 -1.1308 -0.4208
v  -0.1666 -1.0524 0.5093
v  -0.1661 -1.0338 0.4963
v  -0.0843 -1.0338 0.5178
v  -0.0846 -1.0524 0.5303
v  -0.4644 -1.0524 0.2279
v  -0.4551 -1.0338 0.2180
v  -0.4064 -1.0338 0.3096
v  -0.4144 -1.0524 0.3199
v  -0.4663 -1.0524 -0.1542
v  -0.4531 -1.0338 -0.1537
v  -0.4800 -1.0338 -0.0675
v  -0.4925 -1.0524 -0.0676
v  -0.2559 -1.0524 -0.3986
v  -0.2541 -1.0338 -0.3852
v  -0.3367 -1.0338 -0.3224
v  -0.3452 -1.0524 -0.3312
v  -0.1967 -1.0524 -0.4283
v  -0.1963 -1.0337 -0.4150
v  0.0002 -1.0524 -0.4685
v  0.0002 -1.0338 -0.4561
v  -0.0557 -1.0337 -0.4526
v  -0.0563 -1.0524 -0.4650
v  -0.3474 -1.0524 0.3983
v  -0.3414 -1.0338 0.3870
v  -0.2583 -1.0338 0.4518
v  -0.2624 -1.0524 0.4637
v  -0.5026 -1.0524 0.0216
v  -0.4902 -1.0338 0.0209
v  -0.4829 -1.0338 0.1223
v  -0.4945 -1.0523 0.1273
v  -0.4120 -1.0338 -0.2322
v  -0.4238 -1.0524 -0.2365
v  -0.1268 -1.0335 -0.4380
v  -0.1276 -1.0522 -0.4514
v  -0.1646 -1.0218 0.4799
v  -0.1630 -0.9970 0.4550
v  -0.0826 -0.9966 0.4781
v  -0.0832 -1.0217 0.5016
v  -0.4417 -1.0218 0.2085
v  -0.4207 -0.9969 0.1963
v  -0.3774 -0.9969 0.2813
v  -0.3944 -1.0217 0.2973
v  -0.4364 -1.0218 -0.1514
v  -0.4119 -0.9969 -0.1483
v  -0.4396 -0.9966 -0.0664
v  -0.4625 -1.0217 -0.0664
v  -0.2498 -1.0217 -0.3685
v  -0.2442 -0.9969 -0.3443
v  -0.3094 -0.9969 -0.2931
v  -0.3253 -1.0217 -0.3103
v  -0.1949 -1.0217 -0.3977
v  -0.1952 -0.9969 -0.3716
v  0.0002 -1.0217 -0.4398
v  0.0001 -0.9969 -0.4162
v  -0.0541 -1.0217 -0.4360
v  -0.3320 -1.0218 0.3736
v  -0.3177 -0.9969 0.3546
v  -0.2452 -0.9966 0.4134
v  -0.2518 -1.0217 0.4359
v  -0.4741 -1.0218 0.0204
v  -0.4502 -0.9969 0.0187
v  -0.4445 -0.9967 0.1093
v  -0.4660 -1.0216 0.1167
v  -0.3741 -0.9967 -0.2171
v  -0.3958 -1.0216 -0.2252
v  -0.1253 -1.0216 -0.4214
v  0.0001 -0.9969 0.4855
v  -0.0825 -0.9377 0.4623
v  -0.0001 -0.9393 0.4705
v  -0.3685 -0.9399 0.2674
v  -0.3117 -0.9400 0.3392
v  -0.4237 -0.9399 -0.0678
v  -0.4349 -0.9400 0.0115
v  -0.2422 -0.9399 0.3970
v  -0.1621 -0.9394 0.4392
v  -0.4306 -0.9399 0.0996
v  -0.4091 -0.9400 0.1849
v  -0.3614 -0.9399 -0.2089
v  -0.3977 -0.9400 -0.1437
v  -0.1770 -0.7557 0.4509
v  -0.1889 -0.6956 0.4757
v  -0.0963 -0.6955 0.5048
v  -0.0903 -0.7558 0.4779
v  -0.4323 -0.7558 0.1678
v  -0.4575 -0.6956 0.1796
v  -0.4159 -0.6958 0.2741
v  -0.3950 -0.7559 0.2550
v  -0.4149 -0.7558 -0.1454
v  -0.4421 -0.6957 -0.1519
v  -0.4676 -0.6958 -0.0731
v  -0.4398 -0.7560 -0.0713
v  -0.2439 -0.7560 -0.3463
v  -0.2607 -0.6942 -0.3693
v  -0.3434 -0.6944 -0.3016
v  -0.3156 -0.7561 -0.2892
v  -0.1883 -0.7559 -0.3767
v  -0.1968 -0.6937 -0.4043
v  -0.3408 -0.7557 0.3321
v  -0.3558 -0.6956 0.3568
v  -0.2787 -0.6956 0.4253
v  -0.2655 -0.7559 0.4009
v  -0.4511 -0.7558 0.0056
v  -0.4788 -0.6956 0.0084
v  -0.4760 -0.6958 0.0952
v  -0.4485 -0.7581 0.0874
v  -0.4070 -0.6958 -0.2194
v  -0.3791 -0.7560 -0.2122
v  -0.2913 -0.4659 0.7864
v  -0.3225 -0.4460 0.9085
v  -0.1639 -0.4472 0.9441
v  -0.1481 -0.4669 0.8209
v  -0.7540 -0.4658 0.3222
v  -0.8714 -0.4463 0.3591
v  -0.7816 -0.4461 0.5413
v  -0.6767 -0.4657 0.4748
v  -0.7558 -0.4660 -0.2440
v  -0.8765 -0.4465 -0.2717
v  -0.9156 -0.4463 -0.1287
v  -0.7923 -0.4660 -0.1117
v  -0.4769 -0.4661 -0.6137
v  -0.5610 -0.4461 -0.7083
v  -0.6599 -0.4462 -0.6217
v  -0.5635 -0.4660 -0.5409
v  -0.3072 -0.4660 -0.7101
v  -0.3559 -0.4465 -0.8230
v  -0.4623 -0.4462 -0.7725
v  -0.3950 -0.4660 -0.6674
v  0.0001 -0.4658 -0.7724
v  0.0001 -0.4462 -0.8958
v  -0.1199 -0.4467 -0.8851
v  -0.1080 -0.4663 -0.7621
v  -0.5687 -0.4658 0.6072
v  -0.6549 -0.4458 0.6988
v  -0.5003 -0.4459 0.8215
v  -0.4395 -0.4658 0.7111
v  -0.8058 -0.4660 0.0246
v  -0.9309 -0.4461 0.0185
v  -0.9176 -0.4461 0.1917
v  -0.7939 -0.4659 0.1759
v  -0.6387 -0.4659 -0.4567
v  -0.7452 -0.4463 -0.5216
v  -0.8200 -0.4465 -0.4016
v  -0.7057 -0.4659 -0.3550
v  -0.2399 -0.4466 -0.8614
v  -0.2091 -0.4662 -0.7418
v  -0.2543 -0.5093 0.6571
v  -0.1281 -0.5095 0.6944
v  -0.6265 -0.5109 0.2690
v  -0.5641 -0.5103 0.3967
v  -0.6252 -0.5107 -0.2049
v  -0.6563 -0.5113 -0.0911
v  -0.3973 -0.5105 -0.5047
v  -0.4666 -0.5114 -0.4435
v  -0.2595 -0.5112 -0.5813
v  -0.3292 -0.5127 -0.5439
v  -0.4753 -0.5108 0.5057
v  -0.3745 -0.5092 0.5935
v  -0.6692 -0.5108 0.0253
v  -0.6591 -0.5109 0.1496
v  -0.5290 -0.5107 -0.3754
v  -0.5820 -0.5116 -0.2925
v  -0.0897 -0.5109 -0.6284
v  -0.1756 -0.5117 -0.6093
v  -0.1619 -0.8765 0.4335
v  -0.1677 -0.8153 0.4371
v  -0.0855 -0.8154 0.4622
v  -0.0824 -0.8769 0.4571
v  -0.4069 -0.8765 0.1752
v  -0.4152 -0.8154 0.1680
v  -0.3786 -0.8155 0.2511
v  -0.3686 -0.8765 0.2569
v  -0.3941 -0.8765 -0.1384
v  -0.3994 -0.8154 -0.1404
v  -0.4232 -0.8168 -0.0698
v  -0.4180 -0.8765 -0.0682
v  -0.2327 -0.8765 -0.3275
v  -0.2352 -0.8155 -0.3326
v  -0.3018 -0.8160 -0.2800
v  -0.2975 -0.8765 -0.2764
v  -0.1833 -0.8765 -0.3548
v  -0.1839 -0.8154 -0.3608
v  -0.3140 -0.8765 0.3290
v  -0.3254 -0.8154 0.3250
v  -0.2529 -0.8154 0.3899
v  -0.2436 -0.8765 0.3895
v  -0.4292 -0.8765 0.0050
v  -0.4348 -0.8156 0.0036
v  -0.4326 -0.8155 0.0866
v  -0.4263 -0.8766 0.0912
v  -0.3637 -0.8155 -0.2060
v  -0.3587 -0.8765 -0.2034
v  0.0001 -0.7192 -0.4321
v  -0.0763 -0.6956 -0.4392
v  -0.0434 -0.7289 -0.4263
v  -0.0798 -0.7557 -0.4101
v  -0.1372 -0.6953 -0.4255
v  -0.1348 -0.7572 -0.3967
v  -0.1369 -0.8020 -0.3790
v  -0.1013 -0.7922 -0.3946
v  -0.0944 -0.8760 -0.3852
v  -0.1377 -0.8763 -0.3733
v  -0.1367 -0.9366 -0.3787
v  -0.0729 -0.9056 -0.3905
v  -0.0449 -0.9230 -0.3963
v  -0.0489 -0.9612 -0.4029
v  0.0001 -0.9655 -0.4070
v  0.0001 -0.9323 -0.3992
v  0.0001 -0.4465 0.9637
v  0.0001 -0.4659 0.8411
v  -0.2042 -0.6379 0.5101
v  -0.2266 -0.5656 0.5758
v  -0.1139 -0.5654 0.6104
v  -0.1037 -0.6377 0.5418
v  -0.4919 -0.6382 0.1947
v  -0.5526 -0.5664 0.2293
v  -0.4978 -0.5663 0.3436
v  -0.4449 -0.6383 0.2984
v  -0.4785 -0.6381 -0.1619
v  -0.5451 -0.5663 -0.1809
v  -0.5735 -0.5668 -0.0826
v  -0.5048 -0.6385 -0.0769
v  -0.3047 -0.6379 -0.3838
v  -0.3465 -0.5662 -0.4381
v  -0.4054 -0.5667 -0.3878
v  -0.3530 -0.6398 -0.3418
v  -0.2083 -0.6385 -0.4386
v  -0.2311 -0.5667 -0.5033
v  -0.2907 -0.5668 -0.4736
v  -0.2577 -0.6397 -0.4127
v  -0.3776 -0.6381 0.3882
v  -0.4212 -0.5663 0.4419
v  -0.3315 -0.5656 0.5187
v  -0.2974 -0.6380 0.4580
v  -0.5164 -0.6381 0.0108
v  -0.5857 -0.5663 0.0181
v  -0.5784 -0.5667 0.1259
v  -0.5125 -0.6384 0.1042
v  -0.3980 -0.6379 -0.2961
v  -0.4578 -0.5663 -0.3312
v  -0.5067 -0.5668 -0.2587
v  -0.4433 -0.6384 -0.2316
v  -0.0745 -0.6379 -0.4775
v  -0.0804 -0.5662 -0.5460
v  -0.1567 -0.5669 -0.5294
v  -0.1421 -0.6384 -0.4627
v  0.0001 -0.5113 -0.6337
v  0.0001 -0.6374 -0.4834
v  0.0001 -0.5663 -0.5515
v  -0.3293 -0.4384 0.9246
v  -0.3338 -0.4255 0.9345
v  -0.1708 -0.4291 0.9771
v  -0.1679 -0.4419 0.9632
v  -0.8880 -0.4392 0.3661
v  -0.8983 -0.4266 0.3708
v  -0.8053 -0.4258 0.5568
v  -0.7961 -0.4386 0.5508
v  -0.8946 -0.4398 -0.2762
v  -0.9062 -0.4274 -0.2785
v  -0.9449 -0.4265 -0.1309
v  -0.9336 -0.4390 -0.1304
v  -0.5727 -0.4388 -0.7212
v  -0.5807 -0.4261 -0.7291
v  -0.6826 -0.4262 -0.6397
v  -0.6736 -0.4389 -0.6330
v  -0.3643 -0.4397 -0.8396
v  -0.3701 -0.4271 -0.8499
v  -0.4794 -0.4265 -0.7964
v  -0.4725 -0.4391 -0.7873
v  0.0001 -0.4390 -0.9137
v  0.0001 -0.4260 -0.9251
v  -0.1268 -0.4278 -0.9155
v  -0.1238 -0.4404 -0.9035
v  -0.6669 -0.4380 0.7106
v  -0.6746 -0.4251 0.7179
v  -0.5160 -0.4251 0.8442
v  -0.5099 -0.4380 0.8356
v  -0.9485 -0.4386 0.0195
v  -0.9596 -0.4258 0.0207
v  -0.9454 -0.4260 0.1988
v  -0.9348 -0.4386 0.1959
v  -0.7605 -0.4392 -0.5311
v  -0.7705 -0.4266 -0.5367
v  -0.8481 -0.4272 -0.4127
v  -0.8371 -0.4397 -0.4087
v  -0.2507 -0.4277 -0.8905
v  -0.2462 -0.4402 -0.8792
v  0.0001 -0.4273 0.9936
v  0.0001 -0.4397 0.9820
v  -0.3360 -0.4069 0.9385
v  -0.3383 -0.3563 0.9377
v  -0.1731 -0.3570 0.9835
v  -0.1720 -0.4088 0.9836
v  -0.9028 -0.4082 0.3732
v  -0.9020 -0.3565 0.3756
v  -0.8089 -0.3564 0.5600
v  -0.8092 -0.4074 0.5594
v  -0.9121 -0.4089 -0.2788
v  -0.9142 -0.3565 -0.2728
v  -0.9510 -0.3564 -0.1249
v  -0.9501 -0.4079 -0.1306
v  -0.5848 -0.4078 -0.7320
v  -0.5896 -0.3564 -0.7284
v  -0.6911 -0.3564 -0.6379
v  -0.6871 -0.4079 -0.6420
v  -0.3734 -0.4084 -0.8543
v  -0.3779 -0.3564 -0.8525
v  -0.4878 -0.3564 -0.7974
v  -0.4831 -0.4081 -0.8001
v  0.0001 -0.4075 -0.9299
v  0.0001 -0.3563 -0.9299
v  -0.1338 -0.3564 -0.9206
v  -0.1289 -0.4088 -0.9212
v  -0.6778 -0.4067 0.7207
v  -0.6786 -0.3564 0.7199
v  -0.5202 -0.3563 0.8467
v  -0.5187 -0.4066 0.8476
v  -0.9643 -0.4070 0.0219
v  -0.9644 -0.3565 0.0267
v  -0.9494 -0.3564 0.2043
v  -0.9499 -0.4075 0.2008
v  -0.7755 -0.4082 -0.5386
v  -0.7789 -0.3565 -0.5343
v  -0.8566 -0.3565 -0.4087
v  -0.8537 -0.4088 -0.4138
v  -0.2581 -0.3564 -0.8946
v  -0.2534 -0.4088 -0.8957
v  0.0001 -0.3563 0.9992
v  0.0001 -0.4090 0.9991
v  -0.3405 -0.3391 0.9412
v  -0.3447 -0.3265 0.9501
v  -0.1757 -0.3309 0.9927
v  -0.1739 -0.3422 0.9861
v  -0.9053 -0.3398 0.3777
v  -0.9137 -0.3272 0.3818
v  -0.8197 -0.3271 0.5676
v  -0.8119 -0.3397 0.5623
v  -0.9183 -0.3400 -0.2720
v  -0.9276 -0.3274 -0.2729
v  -0.9649 -0.3268 -0.1235
v  -0.9551 -0.3395 -0.1237
v  -0.5933 -0.3402 -0.7300
v  -0.6002 -0.3279 -0.7357
v  -0.7028 -0.3276 -0.6439
v  -0.6950 -0.3401 -0.6390
v  -0.3808 -0.3397 -0.8554
v  -0.3860 -0.3272 -0.8633
v  -0.4973 -0.3275 -0.8066
v  -0.4912 -0.3400 -0.7997
v  0.0001 -0.3396 -0.9338
v  0.0000 -0.3270 -0.9432
v  -0.1388 -0.3277 -0.9325
v  -0.1359 -0.3400 -0.9239
v  -0.6817 -0.3394 0.7225
v  -0.6888 -0.3267 0.7291
v  -0.5287 -0.3264 0.8579
v  -0.5229 -0.3391 0.8498
v  -0.9683 -0.3396 0.0282
v  -0.9778 -0.3270 0.0298
v  -0.9622 -0.3269 0.2090
v  -0.9530 -0.3396 0.2061
v  -0.7829 -0.3401 -0.5349
v  -0.7912 -0.3276 -0.5387
v  -0.8697 -0.3274 -0.4111
v  -0.8608 -0.3400 -0.4086
v  -0.2648 -0.3273 -0.9063
v  -0.2607 -0.3398 -0.8978
v  0.0000 -0.3283 1.0111
v  0.0001 -0.3405 1.0026
v  -0.1785 -0.3189 1.0031
v  -0.3511 -0.3183 0.9644
v  -0.3932 -0.2854 1.0551
v  -0.2002 -0.2883 1.1016
v  -0.8320 -0.3187 0.5760
v  -0.9271 -0.3188 0.3879
v  -1.0198 -0.2862 0.4231
v  -0.9157 -0.2863 0.6284
v  -0.9802 -0.3186 -0.1241
v  -0.9421 -0.3189 -0.2756
v  -1.0381 -0.2857 -0.3066
v  -1.0781 -0.2856 -0.1452
v  -0.7144 -0.3191 -0.6525
v  -0.6104 -0.3193 -0.7456
v  -0.6563 -0.2861 -0.8375
v  -0.7772 -0.2863 -0.7311
v  -0.5061 -0.3190 -0.8182
v  -0.3934 -0.3187 -0.8764
v  -0.4111 -0.2866 -0.9751
v  -0.5386 -0.2861 -0.9148
v  -0.1425 -0.3191 -0.9466
v  0.0000 -0.3186 -0.9583
v  0.0000 -0.2867 -1.0554
v  -0.1469 -0.2871 -1.0444
v  -0.5377 -0.3183 0.8707
v  -0.6998 -0.3185 0.7397
v  -0.7707 -0.2864 0.8070
v  -0.5951 -0.2857 0.9512
v  -0.9768 -0.3186 0.2128
v  -0.9930 -0.3186 0.0313
v  -1.0912 -0.2862 0.0206
v  -1.0744 -0.2863 0.2256
v  -0.8836 -0.3190 -0.4160
v  -0.8039 -0.3191 -0.5457
v  -0.8810 -0.2866 -0.6078
v  -0.9719 -0.2860 -0.4634
v  -0.2704 -0.3188 -0.9201
v  -0.2813 -0.2868 -1.0182
v  0.0000 -0.3197 1.0244
v  0.0000 -0.2862 1.1261
v  -0.4216 -0.2341 1.1376
v  -0.2151 -0.2386 1.1905
v  -1.1032 -0.2349 0.4528
v  -0.9914 -0.2354 0.6736
v  -1.1169 -0.2362 -0.3420
v  -1.1631 -0.2354 -0.1602
v  -0.6856 -0.2354 -0.9249
v  -0.8263 -0.2359 -0.8062
v  -0.4257 -0.2376 -1.0627
v  -0.5605 -0.2358 -1.0025
v  0.0000 -0.2371 -1.1431
v  -0.1472 -0.2378 -1.1328
v  -0.8358 -0.2362 0.8656
v  -0.6431 -0.2352 1.0236
v  -1.1790 -0.2358 0.0265
v  -1.1612 -0.2350 0.2436
v  -0.9465 -0.2365 -0.6669
v  -1.0448 -0.2361 -0.5111
v  -0.2886 -0.2376 -1.1063
v  0.0000 -0.2345 1.2153
v  -0.4351 -0.1608 1.1994
v  -0.4371 -0.0693 1.2377
v  -0.2230 -0.0708 1.2949
v  -0.2224 -0.1639 1.2564
v  -1.1626 -0.1605 0.4762
v  -1.1945 -0.0695 0.4947
v  -1.0725 -0.0698 0.7337
v  -1.0447 -0.1617 0.7083
v  -1.1741 -0.1655 -0.3671
v  -1.2127 -0.0721 -0.3736
v  -1.2638 -0.0712 -0.1653
v  -1.2253 -0.1637 -0.1666
v  -0.7041 -0.1612 -0.9898
v  -0.7189 -0.0700 -1.0242
v  -0.8838 -0.0704 -0.8908
v  -0.8608 -0.1620 -0.8615
v  -0.4342 -0.1656 -1.1275
v  -0.4349 -0.0717 -1.1686
v  -0.5817 -0.0705 -1.1055
v  -0.5740 -0.1626 -1.0675
v  0.0000 -0.1644 -1.2070
v  0.0000 -0.0707 -1.2454
v  -0.1379 -0.0710 -1.2375
v  -0.1441 -0.1652 -1.1978
v  -0.8814 -0.1633 0.9099
v  -0.9038 -0.0703 0.9411
v  -0.6867 -0.0700 1.1147
v  -0.6738 -0.1625 1.0787
v  -1.2427 -0.1625 0.0392
v  -1.2798 -0.0704 0.0484
v  -1.2573 -0.0695 0.2756
v  -1.2229 -0.1606 0.2617
v  -0.9943 -0.1635 -0.7094
v  -1.0244 -0.0710 -0.7322
v  -1.1329 -0.0716 -0.5604
v  -1.0976 -0.1645 -0.5452
v  -0.2886 -0.0714 -1.2122
v  -0.2914 -0.1655 -1.1715
v  0.0000 -0.0684 1.3152
v  0.0000 -0.1592 1.2793
v  -0.0790 -0.7543 -0.3785
v  -0.0434 -0.7289 -0.3785
v  0.0001 -0.7192 -0.3785
v  -0.1013 -0.7922 -0.3785
v  -0.1069 -0.8307 -0.3853
v  -0.1069 -0.8307 -0.3785
v  -0.0944 -0.8760 -0.3785
v  -0.0729 -0.9056 -0.3785
v  -0.0449 -0.9230 -0.3785
v  0.0001 -0.9323 -0.3785
v  -0.0715 -0.7612 -0.3691
v  -0.0387 -0.7377 -0.3692
v  0.0001 -0.7297 -0.3691
v  -0.0913 -0.7947 -0.3692
v  -0.0969 -0.8310 -0.3693
v  -0.0880 -0.8678 -0.3696
v  -0.0660 -0.8977 -0.3695
v  -0.0378 -0.9150 -0.3691
v  0.0001 -0.9229 -0.3688
v  -0.0643 -0.7679 -0.3594
v  -0.0342 -0.7461 -0.3594
v  0.0001 -0.7398 -0.3592
v  -0.0818 -0.7971 -0.3594
v  -0.0871 -0.8312 -0.3599
v  -0.0788 -0.8647 -0.3599
v  -0.0595 -0.8903 -0.3597
v  -0.0308 -0.9074 -0.3593
v  0.0001 -0.9132 -0.3594
v  -0.1508 -1.2158 0.3981
v  -0.1487 -1.1830 0.3987
v  -0.0757 -1.1830 0.4206
v  -0.0758 -1.2157 0.4208
v  -0.3648 -1.2158 0.1824
v  -0.3649 -1.1830 0.1817
v  -0.3232 -1.1831 0.2593
v  -0.3234 -1.2156 0.2585
v  -0.3617 -1.2158 -0.1199
v  -0.3603 -1.1830 -0.1228
v  -0.3843 -1.1830 -0.0490
v  -0.3850 -1.2157 -0.0462
v  -0.1894 -1.2157 -0.3101
v  -0.1900 -1.1830 -0.3101
v  -0.2723 -1.1830 -0.2490
v  -0.2721 -1.2157 -0.2495
v  -0.1514 -1.2158 -0.3285
v  -0.1507 -1.1830 -0.3290
v  0.0002 -1.1829 -0.3585
v  -0.0576 -1.1830 -0.3544
v  -0.0614 -1.2158 -0.3539
v  -0.2666 -1.2158 0.3237
v  -0.2649 -1.1830 0.3254
v  -0.2102 -1.1830 0.3674
v  -0.2120 -1.2157 0.3662
v  -0.3936 -1.2158 0.0306
v  -0.3935 -1.1830 0.0282
v  -0.3868 -1.1830 0.1063
v  -0.3867 -1.2157 0.1079
v  -0.3308 -1.1830 -0.1784
v  -0.3316 -1.2157 -0.1773
v  -0.1049 -1.1830 -0.3444
v  -0.1072 -1.2157 -0.3441
v  -0.1997 -1.2463 -0.3270
v  -0.2849 -1.2463 -0.2641
v  -0.1649 -1.0760 0.5149
v  -0.0835 -1.0760 0.5352
v  0.0002 -1.1289 0.5096
v  0.0002 -1.1351 0.4822
v  -0.0841 -1.1353 0.4746
v  -0.4685 -1.0767 0.2303
v  -0.4160 -1.0761 0.3257
v  -0.3016 -1.1353 0.3655
v  -0.3644 -1.1353 0.2941
v  -0.4724 -1.0761 -0.1518
v  -0.4976 -1.0761 -0.0663
v  -0.4472 -1.1353 0.0225
v  -0.4358 -1.1353 -0.0647
v  -0.2536 -1.0760 -0.4053
v  -0.3483 -1.0761 -0.3347
v  -0.1942 -1.0760 -0.4345
v  0.0002 -1.0760 -0.4732
v  -0.0558 -1.0760 -0.4698
v  -0.0524 -1.1353 -0.4113
v  0.0002 -1.1353 -0.4132
v  -0.3481 -1.0760 0.4042
v  -0.2624 -1.0760 0.4693
v  -0.1654 -1.1353 0.4512
v  -0.2360 -1.1353 0.4156
v  -0.5073 -1.0761 0.0223
v  -0.4986 -1.0762 0.1307
v  -0.4128 -1.1353 0.2076
v  -0.4404 -1.1353 0.1163
v  -0.4291 -1.0761 -0.2367
v  -0.4086 -1.1353 -0.1486
v  -0.3760 -1.1353 -0.2097
v  -0.1263 -1.0762 -0.4571
v  -0.1703 -1.1353 -0.3798
v  -0.1123 -1.1353 -0.3990
v  0.0002 -1.0524 0.5378
v  0.0002 -1.0759 0.5425
v  -0.2382 -0.9399 -0.3304
v  -0.3002 -0.9399 -0.2813
v  -0.1909 -0.9400 -0.3571
v  -0.0732 -1.4280 0.4177
v  -0.1447 -1.4285 0.3957
v  -0.2032 -1.4282 0.3670
v  -0.3805 -1.4286 0.1137
v  -0.3294 -1.4284 -0.1727
v  -0.2700 -1.4285 -0.2453
v  -0.2857 -1.4194 -0.2561
v  -0.1944 -1.4284 -0.3023
v  -0.1507 -1.4287 -0.3236
v  -0.2088 -1.4144 -0.3274
v  -0.3566 -1.4288 0.1883
v  -0.3568 -1.4281 -0.1226
v  -0.2999 -1.4095 -0.2706
v  -0.2217 -1.4013 -0.3490
v  0.0002 -1.1428 0.4557
v  0.0002 -1.1572 0.4355
v  0.0002 -1.1088 0.5322
v  0.0002 -1.0219 0.5099
v  0.0001 -0.6382 0.5521
v  0.0001 -0.6936 0.5157
v  0.0001 -0.8156 0.4708
v  0.0001 -0.8764 0.4652
v  0.0001 -0.5666 0.6204
v  0.0001 -0.5108 0.7038
v  0.0002 -1.1830 0.4281
v  0.0002 -1.2158 0.4284
v  -0.3128 -1.1353 -0.2859
v  -0.2217 -1.1353 -0.3547
v  0.0001 -0.7556 0.4871
v  -0.1113 -1.4287 -0.3376
v  0.0002 -1.4287 0.4232
v  0.0002 -1.3959 0.4716
v  0.0881 -1.3884 0.4716
v  0.1802 -1.3766 0.4698
v  0.2347 -1.3861 0.4179
v  0.2862 -1.3935 0.3665
v  0.3588 -1.3908 0.2938
v  0.4349 -1.3745 0.2155
v  0.4370 -1.3903 0.1216
v  0.4370 -1.3954 0.0355
v  0.4370 -1.3902 -0.0533
v  0.4355 -1.3758 -0.1449
v  0.3819 -1.3893 -0.2013
v  0.3066 -1.3956 -0.2768
v  0.2287 -1.3874 -0.3546
v  0.1800 -1.3758 -0.4007
v  0.1320 -1.3840 -0.4024
v  0.0881 -1.3908 -0.4023
v  0.0002 -1.3963 -0.4023
v  -0.0877 -1.3908 -0.4023
v  -0.1316 -1.3840 -0.4024
v  -0.1797 -1.3759 -0.4008
v  -0.2285 -1.3876 -0.3548
v  -0.3063 -1.3957 -0.2770
v  -0.3817 -1.3895 -0.2015
v  -0.4355 -1.3760 -0.1450
v  -0.4370 -1.3904 -0.0533
v  -0.4370 -1.3954 0.0355
v  -0.4370 -1.3905 0.1216
v  -0.4349 -1.3747 0.2157
v  -0.3586 -1.3909 0.2940
v  -0.2860 -1.3936 0.3667
v  -0.2345 -1.3862 0.4181
v  -0.1799 -1.3767 0.4700
v  -0.0877 -1.3885 0.4716
v  0.1827 -1.2886 0.4687
v  0.0887 -1.2736 0.4718
v  0.0002 -1.2684 0.4716
v  -0.0884 -1.2737 0.4716
v  -0.1824 -1.2886 0.4689
v  -0.2431 -1.2748 0.4095
v  -0.2992 -1.2688 0.3535
v  -0.3670 -1.2734 0.2857
v  -0.4357 -1.2881 0.2135
v  -0.4370 -1.2731 0.1191
v  -0.4370 -1.2685 0.0329
v  -0.4370 -1.2728 -0.0511
v  -0.4355 -1.2892 -0.1449
v  -0.3792 -1.2750 -0.2042
v  -0.3014 -1.2686 -0.2820
v  -0.2236 -1.2791 -0.3598
v  -0.1814 -1.2898 -0.4001
v  -0.1235 -1.2806 -0.4024
v  -0.0695 -1.2717 -0.4024
v  0.0002 -1.2685 -0.4024
v  0.0698 -1.2717 -0.4024
v  0.1239 -1.2806 -0.4024
v  0.1817 -1.2898 -0.3999
v  0.2237 -1.2789 -0.3596
v  0.3015 -1.2685 -0.2818
v  0.3794 -1.2749 -0.2040
v  0.4355 -1.2891 -0.1448
v  0.4370 -1.2727 -0.0511
v  0.4370 -1.2684 0.0329
v  0.4370 -1.2730 0.1191
v  0.4358 -1.2880 0.2134
v  0.3672 -1.2733 0.2855
v  0.2993 -1.2687 0.3533
v  0.2433 -1.2748 0.4094
v  0.0002 -1.4146 0.4525
v  0.0849 -1.4106 0.4518
v  0.1690 -1.4006 0.4453
v  0.2225 -1.4087 0.4015
v  0.4112 -1.3996 0.2070
v  0.4158 -1.4111 0.1204
v  0.4107 -1.4000 -0.1371
v  0.3644 -1.4096 -0.1885
v  0.1699 -1.4003 -0.3763
v  0.1278 -1.4061 -0.3803
v  0.3433 -1.4118 0.2817
v  0.2742 -1.4131 0.3538
v  0.4158 -1.4111 -0.0513
v  0.4186 -1.4143 0.0355
v  0.0002 -1.4148 -0.3825
v  0.0853 -1.4103 -0.3829
v  0.2933 -1.4145 -0.2634
v  0.2157 -1.4079 -0.3382
v  -0.0845 -1.4107 0.4518
v  -0.2221 -1.4088 0.4015
v  -0.1686 -1.4007 0.4453
v  -0.4154 -1.4113 0.1204
v  -0.4108 -1.3998 0.2070
v  -0.3641 -1.4097 -0.1886
v  -0.4103 -1.4002 -0.1371
v  -0.1273 -1.4062 -0.3803
v  -0.1695 -1.4004 -0.3763
v  -0.2738 -1.4133 0.3538
v  -0.3430 -1.4121 0.2818
v  -0.4182 -1.4144 0.0355
v  -0.4154 -1.4113 -0.0513
v  -0.0849 -1.4103 -0.3828
v  -0.2928 -1.4145 -0.2634
v  -0.2153 -1.4080 -0.3383
v  0.0851 -1.2514 0.4487
v  0.0002 -1.2496 0.4539
v  0.3494 -1.2514 0.2724
v  0.2876 -1.2507 0.3427
v  0.4143 -1.2515 -0.0504
v  0.4217 -1.2508 0.0324
v  0.0002 -1.2506 -0.3866
v  0.0681 -1.2523 -0.3843
v  0.2310 -1.2537 0.3937
v  0.1692 -1.2605 0.4396
v  0.4152 -1.2516 0.1163
v  0.4073 -1.2610 0.2009
v  0.3621 -1.2537 -0.1919
v  0.4062 -1.2611 -0.1346
v  0.1188 -1.2556 -0.3792
v  0.1686 -1.2609 -0.3714
v  0.2088 -1.2552 -0.3409
v  0.2903 -1.2503 -0.2699
v  -0.0847 -1.2514 0.4487
v  -0.2873 -1.2506 0.3428
v  -0.3491 -1.2513 0.2724
v  -0.4215 -1.2507 0.0324
v  -0.4140 -1.2514 -0.0504
v  -0.0677 -1.2522 -0.3843
v  -0.1689 -1.2605 0.4397
v  -0.2307 -1.2536 0.3938
v  -0.4071 -1.2608 0.2010
v  -0.4150 -1.2515 0.1163
v  -0.4061 -1.2608 -0.1347
v  -0.3618 -1.2537 -0.1919
v  -0.1682 -1.2608 -0.3714
v  -0.1184 -1.2556 -0.3792
v  -0.2900 -1.2503 -0.2700
v  -0.2085 -1.2551 -0.3410
v  0.1258 -1.4300 0.3451
v  0.3086 -1.4298 0.1648
v  0.3059 -1.4300 -0.1024
v  0.1656 -1.4303 -0.2563
v  0.1286 -1.4303 -0.2744
v  0.2203 -1.4300 0.2867
v  0.3351 -1.4301 0.0325
v  0.2318 -1.4300 -0.2076
v  0.0621 -1.4301 -0.2943
v  0.0633 -1.4300 0.3637
v  0.1760 -1.4300 0.3197
v  0.3284 -1.4300 0.1000
v  0.2819 -1.4301 -0.1460
v  0.2718 -1.4300 0.2310
v  0.3271 -1.4300 -0.0363
v  0.0951 -1.4300 -0.2864
v  -0.2202 -1.4300 0.2870
v  -0.2717 -1.4300 0.2310
v  -0.3346 -1.4300 0.0318
v  -0.3262 -1.4300 -0.0380
v  -0.0632 -1.4300 -0.2938
v  -0.0006 -1.4300 -0.3000
v  -0.0633 -1.4300 0.3637
v  -0.1259 -1.4300 0.3450
v  -0.1759 -1.4300 0.3198
v  -0.3293 -1.4300 0.1003
v  -0.2800 -1.4300 -0.1484
v  -0.2292 -1.4302 -0.2088
v  -0.1656 -1.4300 -0.2560
v  -0.1270 -1.4300 -0.2748
v  -0.3087 -1.4300 0.1650
v  -0.3038 -1.4300 -0.1050
v  -0.0958 -1.4300 -0.2858
v  -0.0001 -1.4300 0.3699
v  0.0455 -0.7256 -0.4279
v  0.0001 -0.7155 -0.4341
v  -0.0453 -0.7256 -0.4279
v  -0.0830 -0.7530 -0.4104
v  -0.1049 -0.7906 -0.3936
v  -0.1108 -0.8308 -0.3839
v  -0.0979 -0.8778 -0.3841
v  -0.0757 -0.9086 -0.3901
v  -0.0465 -0.9267 -0.3967
v  0.0001 -0.9363 -0.4001
v  0.0467 -0.9267 -0.3967
v  0.0759 -0.9086 -0.3901
v  0.0982 -0.8777 -0.3841
v  0.1110 -0.8308 -0.3839
v  0.1052 -0.7906 -0.3936
v  0.0832 -0.7530 -0.4104
v  0.0001 -0.6938 -0.4481
v  0.0887 -1.3964 0.4703
v  0.0002 -1.4040 0.4689
v  0.1793 -1.3846 0.4675
v  0.2333 -1.3941 0.4175
v  0.2846 -1.4015 0.3655
v  0.3579 -1.3988 0.2923
v  0.4336 -1.3826 0.2150
v  0.4348 -1.3983 0.1221
v  0.4347 -1.4034 0.0355
v  0.4348 -1.3982 -0.0538
v  0.4336 -1.3839 -0.1439
v  0.3806 -1.3973 -0.1989
v  0.3048 -1.4036 -0.2750
v  0.2267 -1.3954 -0.3532
v  0.1791 -1.3839 -0.3987
v  0.1330 -1.3920 -0.4002
v  0.0891 -1.3989 -0.3998
v  0.0002 -1.4044 -0.3994
v  -0.0887 -1.3989 -0.3998
v  -0.1326 -1.3921 -0.4002
v  -0.1787 -1.3840 -0.3988
v  -0.2263 -1.3955 -0.3532
v  -0.3045 -1.4038 -0.2751
v  -0.3802 -1.3975 -0.1989
v  -0.4334 -1.3841 -0.1440
v  -0.4347 -1.3985 -0.0538
v  -0.4343 -1.4038 0.0355
v  -0.4347 -1.3985 0.1221
v  -0.4334 -1.3829 0.2151
v  -0.3577 -1.3991 0.2925
v  -0.2844 -1.4017 0.3657
v  -0.2330 -1.3943 0.4177
v  -0.1789 -1.3847 0.4675
v  -0.0883 -1.3965 0.4703
v  0.0894 -1.2653 0.4694
v  0.1820 -1.2802 0.4669
v  0.0002 -1.2601 0.4692
v  -0.0890 -1.2653 0.4694
v  -0.1817 -1.2802 0.4671
v  -0.2413 -1.2664 0.4085
v  -0.2977 -1.2605 0.3516
v  -0.3660 -1.2650 0.2836
v  -0.4337 -1.2796 0.2127
v  -0.4346 -1.2646 0.1196
v  -0.4346 -1.2601 0.0330
v  -0.4343 -1.2644 -0.0515
v  -0.4339 -1.2805 -0.1442
v  -0.3780 -1.2666 -0.2020
v  -0.2994 -1.2602 -0.2804
v  -0.2216 -1.2701 -0.3588
v  -0.1809 -1.2813 -0.3988
v  -0.1244 -1.2717 -0.4009
v  -0.0699 -1.2633 -0.3999
v  0.0002 -1.2601 -0.4000
v  0.0703 -1.2633 -0.3999
v  0.1248 -1.2716 -0.4008
v  0.1812 -1.2813 -0.3987
v  0.2219 -1.2704 -0.3587
v  0.2996 -1.2602 -0.2802
v  0.3782 -1.2666 -0.2018
v  0.4340 -1.2806 -0.1441
v  0.4344 -1.2644 -0.0515
v  0.4346 -1.2601 0.0330
v  0.4346 -1.2647 0.1196
v  0.4338 -1.2797 0.2126
v  0.3662 -1.2650 0.2835
v  0.2979 -1.2605 0.3514
v  0.2415 -1.2664 0.4083
v  0.2490 -1.4302 0.3220
v  0.3070 -1.4302 0.2588
v  0.3795 -1.4302 0.0350
v  0.3723 -1.4302 -0.0431
v  0.0721 -1.4302 -0.3388
v  0.0001 -1.4302 -0.3455
v  0.0718 -1.4302 0.4086
v  0.1419 -1.4302 0.3872
v  0.1989 -1.4302 0.3590
v  0.3720 -1.4302 0.1113
v  0.3217 -1.4302 -0.1681
v  0.2639 -1.4302 -0.2389
v  0.1899 -1.4302 -0.2945
v  0.1453 -1.4302 -0.3158
v  0.3488 -1.4302 0.1843
v  0.3485 -1.4302 -0.1192
v  0.1089 -1.4302 -0.3289
v  0.0002 -1.4302 0.4141
v  -0.3067 -1.4302 0.2588
v  -0.2486 -1.4302 0.3220
v  -0.3718 -1.4302 -0.0434
v  -0.3791 -1.4302 0.0349
v  -0.0720 -1.4302 -0.3387
v  -0.1415 -1.4302 0.3871
v  -0.0715 -1.4302 0.4086
v  -0.1985 -1.4302 0.3590
v  -0.3717 -1.4302 0.1114
v  -0.2631 -1.4302 -0.2391
v  -0.3210 -1.4302 -0.1686
v  -0.1466 -1.4302 -0.3152
v  -0.1895 -1.4302 -0.2945
v  -0.3484 -1.4302 0.1843
v  -0.3479 -1.4302 -0.1196
v  -0.1087 -1.4302 -0.3288
v  -0.2259 -1.3310 -0.3574
v  0.2261 -1.3309 -0.3573
v  0.1531 -1.2339 0.4031
v  0.0784 -1.2336 0.4267
v  0.3703 -1.2339 0.1847
v  0.3294 -1.2336 0.2610
v  0.3676 -1.2339 -0.1213
v  0.3910 -1.2336 -0.0471
v  0.1924 -1.2338 -0.3146
v  0.2757 -1.2338 -0.2533
v  0.1530 -1.2339 -0.3340
v  0.2708 -1.2339 0.3274
v  0.2161 -1.2338 0.3700
v  0.3993 -1.2339 0.0313
v  0.3924 -1.2336 0.1102
v  0.3367 -1.2338 -0.1791
v  0.0630 -1.2339 -0.3594
v  0.1087 -1.2338 -0.3493
v  0.0002 -1.2337 0.4340
v  0.0002 -1.2339 -0.3647
v  -0.0781 -1.2335 0.4268
v  -0.1528 -1.2339 0.4033
v  -0.3293 -1.2336 0.2612
v  -0.3702 -1.2339 0.1848
v  -0.3910 -1.2336 -0.0472
v  -0.3675 -1.2339 -0.1215
v  -0.2755 -1.2338 -0.2535
v  -0.1921 -1.2338 -0.3147
v  -0.1527 -1.2339 -0.3341
v  -0.2158 -1.2338 0.3701
v  -0.2706 -1.2339 0.3275
v  -0.3924 -1.2336 0.1102
v  -0.3992 -1.2339 0.0313
v  -0.3366 -1.2338 -0.1792
v  -0.1084 -1.2338 -0.3494
v  -0.0627 -1.2339 -0.3595
v  -0.0509 -0.9967 -0.4131
v  -0.1276 -0.9967 -0.3978
v  0.0524 -0.9967 -0.4129
v  0.1291 -0.9967 -0.3974
v  0.1635 -1.0118 0.4646
v  0.0828 -1.0116 0.4867
v  0.4288 -1.0118 0.2010
v  0.3838 -1.0117 0.2874
v  0.4214 -1.0117 -0.1493
v  0.4484 -1.0116 -0.0658
v  0.2463 -1.0117 -0.3535
v  0.3155 -1.0117 -0.2995
v  0.1949 -1.0117 -0.3816
v  0.0002 -1.0117 -0.4250
v  0.3230 -1.0118 0.3618
v  0.2473 -1.0116 0.4223
v  0.4594 -1.0118 0.0199
v  0.4534 -1.0115 0.1126
v  0.3829 -1.0116 -0.2201
v  0.0002 -1.0119 0.4949
v  -0.0825 -1.0116 0.4870
v  -0.1633 -1.0118 0.4648
v  -0.3837 -1.0117 0.2876
v  -0.4286 -1.0118 0.2011
v  -0.4484 -1.0116 -0.0658
v  -0.4213 -1.0117 -0.1494
v  -0.3153 -1.0117 -0.2997
v  -0.2461 -1.0117 -0.3536
v  -0.1947 -1.0117 -0.3817
v  -0.2472 -1.0115 0.4226
v  -0.3229 -1.0117 0.3620
v  -0.4530 -1.0115 0.1126
v  -0.4592 -1.0118 0.0199
v  -0.3828 -1.0116 -0.2201
v  -0.0523 -1.0116 -0.4219
v  -0.1255 -1.0115 -0.4077
v  0.0535 -1.0116 -0.4215
v  0.1265 -1.0115 -0.4074
v  0.2733 -0.4822 0.7218
v  0.1385 -0.4832 0.7579
v  0.6879 -0.4833 0.2969
v  0.6185 -0.4830 0.4358
v  0.6887 -0.4834 -0.2247
v  0.7227 -0.4836 -0.1008
v  0.4354 -0.4835 -0.5583
v  0.5135 -0.4837 -0.4913
v  0.2822 -0.4836 -0.6441
v  0.3606 -0.4841 -0.6043
v  0.5205 -0.4833 0.5554
v  0.4066 -0.4826 0.6509
v  0.7358 -0.4834 0.0265
v  0.7246 -0.4833 0.1642
v  0.5823 -0.4834 -0.4151
v  0.6421 -0.4836 -0.3234
v  0.0990 -0.4838 -0.6934
v  0.1918 -0.4841 -0.6737
v  0.0001 -0.4835 -0.7011
v  0.0001 -0.4834 0.7706
v  -0.1383 -0.4839 0.7560
v  -0.2733 -0.4828 0.7200
v  -0.6186 -0.4840 0.4359
v  -0.6877 -0.4833 0.2969
v  -0.7225 -0.4837 -0.1008
v  -0.6885 -0.4834 -0.2247
v  -0.5133 -0.4837 -0.4913
v  -0.4353 -0.4835 -0.5583
v  -0.3603 -0.4842 -0.6042
v  -0.2820 -0.4837 -0.6441
v  -0.4064 -0.4826 0.6509
v  -0.5203 -0.4833 0.5554
v  -0.7244 -0.4834 0.1642
v  -0.7356 -0.4835 0.0265
v  -0.6419 -0.4837 -0.3233
v  -0.5822 -0.4834 -0.4152
v  -0.1917 -0.4841 -0.6737
v  -0.0989 -0.4838 -0.6934
v  0.1347 0.0000 -1.2454
v  0.1349 -0.0050 -1.2448
v  0.1341 0.0000 -1.2404
v  0.0000 -0.0000 -1.2528
v  0.0000 -0.0000 -1.2478
v  0.0000 -0.0050 -1.2523
v  -0.1347 0.0000 -1.2454
v  -0.1341 0.0000 -1.2404
v  -0.1350 -0.0050 -1.2448
v  -0.2898 0.0000 -1.2155
v  -0.2885 0.0000 -1.2107
v  -0.2897 -0.0050 -1.2153
v  -0.4338 0.0000 -1.1765
v  -0.4319 0.0000 -1.1719
v  -0.4339 -0.0050 -1.1759
v  -0.5847 -0.0000 -1.1121
v  -0.5822 -0.0000 -1.1078
v  -0.5845 -0.0050 -1.1117
v  -0.7249 0.0000 -1.0269
v  -0.7218 0.0000 -1.0230
v  -0.7245 -0.0050 -1.0268
v  -0.8908 0.0000 -0.8901
v  -0.8870 0.0000 -0.8868
v  -0.8903 -0.0050 -0.8901
v  -1.0331 0.0000 -0.7292
v  -1.0288 0.0000 -0.7267
v  -1.0325 -0.0050 -0.7294
v  -1.1416 0.0000 -0.5551
v  -1.1369 0.0000 -0.5533
v  -1.1410 -0.0049 -0.5554
v  -1.2190 0.0000 -0.3648
v  -1.2141 0.0000 -0.3639
v  -1.2186 -0.0049 -0.3654
v  -1.2701 0.0000 -0.1576
v  -1.2651 0.0000 -0.1574
v  -1.2696 -0.0049 -0.1581
v  -1.2857 0.0000 0.0549
v  -1.2808 0.0000 0.0542
v  -1.2853 -0.0050 0.0544
v  -1.2628 0.0000 0.2833
v  -1.2581 0.0000 0.2818
v  -1.2624 -0.0050 0.2828
v  -1.1973 0.0000 0.5031
v  -1.1929 0.0000 0.5008
v  -1.1971 -0.0050 0.5025
v  -1.0740 -0.0000 0.7442
v  -1.0701 -0.0000 0.7411
v  -1.0739 -0.0049 0.7435
v  -0.9028 -0.0000 0.9522
v  -0.8995 -0.0000 0.9483
v  -0.9028 -0.0050 0.9514
v  -0.6834 0.0000 1.1251
v  -0.6810 0.0000 1.1208
v  -0.6836 -0.0049 1.1244
v  -0.4305 0.0000 1.2461
v  -0.4290 0.0000 1.2413
v  -0.4310 -0.0049 1.2455
v  -0.2186 0.0000 1.2945
v  -0.2178 0.0000 1.2896
v  -0.2189 -0.0050 1.2945
v  0.0000 -0.0000 1.3220
v  0.0000 -0.0000 1.3170
v  0.0000 -0.0050 1.3215
v  0.2186 0.0000 1.2945
v  0.2178 0.0000 1.2896
v  0.2189 -0.0050 1.2945
v  0.4306 0.0000 1.2463
v  0.4291 0.0000 1.2416
v  0.4310 -0.0049 1.2457
v  0.6834 0.0000 1.1251
v  0.6810 0.0000 1.1208
v  0.6836 -0.0049 1.1244
v  0.9028 -0.0000 0.9522
v  0.8995 -0.0000 0.9483
v  0.9028 -0.0050 0.9514
v  1.0740 -0.0000 0.7442
v  1.0701 -0.0000 0.7411
v  1.0739 -0.0049 0.7435
v  1.1973 0.0000 0.5031
v  1.1929 0.0000 0.5008
v  1.1971 -0.0050 0.5025
v  1.2628 0.0000 0.2833
v  1.2581 0.0000 0.2818
v  1.2624 -0.0050 0.2828
v  1.2857 0.0000 0.0549
v  1.2808 0.0000 0.0542
v  1.2853 -0.0050 0.0544
v  1.2701 0.0000 -0.1576
v  1.2651 0.0000 -0.1574
v  1.2696 -0.0049 -0.1581
v  1.2190 0.0000 -0.3648
v  1.2141 0.0000 -0.3638
v  1.2186 -0.0049 -0.3655
v  1.1416 0.0000 -0.5551
v  1.1369 0.0000 -0.5533
v  1.1410 -0.0049 -0.5554
v  1.0330 0.0000 -0.7292
v  1.0287 0.0000 -0.7266
v  1.0324 -0.0050 -0.7294
v  0.8908 0.0000 -0.8901
v  0.8870 0.0000 -0.8868
v  0.8903 -0.0050 -0.8901
v  0.7249 0.0000 -1.0269
v  0.7218 0.0000 -1.0230
v  0.7245 -0.0050 -1.0268
v  0.5847 -0.0000 -1.1121
v  0.5822 -0.0000 -1.1078
v  0.5845 -0.0050 -1.1117
v  0.4338 0.0000 -1.1765
v  0.4319 0.0000 -1.1719
v  0.4339 -0.0050 -1.1759
v  0.2898 0.0000 -1.2155
v  0.2885 0.0000 -1.2107
v  0.2897 -0.0050 -1.2153
v  -0.0000 -1.4300 0.0721
v  0.0000 -2.0079 -0.6317
v  0.0477 -2.5032 -0.6317
v  0.0951 -2.4890 -0.6317
v  0.1776 -2.4337 -0.6317
v  0.2306 -2.3544 -0.6317
v  0.2450 -2.3075 -0.6317
v  0.2450 -2.2081 -0.6317
v  0.2306 -2.1612 -0.6317
v  0.1768 -1.7260 0.2114
v  0.2093 -1.7260 0.1714
v  0.2325 -1.7260 0.1266
v  0.2479 -1.7260 0.0573
v  0.2458 -1.7260 -0.0109
v  0.2324 -1.7260 -0.0574
v  0.1768 -1.7260 -0.1421
v  0.0000 -2.0141 -0.4304
v  0.1776 -2.0819 -0.6317
v  0.2082 -2.1194 -0.6317
v  0.1949 -2.1057 -0.4088
v  0.2208 -2.1443 -0.3994
v  0.0508 -2.0079 0.2371
v  0.0516 -2.0951 0.2037
v  0.0492 -1.9163 0.2608
v  0.0471 -1.8219 0.2748
v  0.0956 -1.8199 0.2602
v  0.1411 -1.8169 0.2357
v  0.1807 -1.8130 0.2021
v  0.2124 -1.8084 0.1613
v  0.2346 -1.8034 0.1159
v  0.2483 -1.7981 0.0527
v  0.2467 -1.7927 -0.0096
v  0.2344 -1.7876 -0.0560
v  0.2125 -1.7829 -0.1006
v  0.1838 -1.7804 -0.1397
v  0.1694 -1.7763 -0.1539
v  0.1333 -1.7723 -0.1807
v  0.0893 -1.7702 -0.2026
v  0.0433 -1.7690 -0.2153
v  0.0407 -1.8111 -0.2236
v  0.0380 -1.8892 -0.2508
v  0.0378 -1.9528 -0.2886
v  0.0379 -1.9767 -0.3099
v  0.0380 -1.9948 -0.3324
v  0.0380 -2.0071 -0.3559
v  0.0380 -2.0135 -0.3805
v  0.0380 -2.0169 -0.4303
v  0.0826 -2.0278 -0.4277
v  0.1245 -2.0466 -0.4231
v  0.1624 -2.0729 -0.4167
v  0.0860 -1.8134 -0.2118
v  0.0827 -1.8937 -0.2405
v  0.1291 -1.8174 -0.1915
v  0.1647 -1.8234 -0.1668
v  0.1247 -1.9014 -0.2228
v  0.1618 -1.9125 -0.1992
v  0.0824 -1.9594 -0.2796
v  0.0825 -1.9843 -0.3017
v  0.0826 -2.0033 -0.3251
v  0.1243 -1.9708 -0.2642
v  0.1622 -1.9870 -0.2428
v  0.1244 -1.9974 -0.2876
v  0.1623 -2.0158 -0.2681
v  0.1245 -2.0180 -0.3126
v  0.1624 -2.0385 -0.2953
v  0.1898 -1.8314 -0.1422
v  0.2164 -1.8390 -0.1032
v  0.1952 -1.9276 -0.1683
v  0.2207 -1.9439 -0.1315
v  0.2193 -1.8932 -0.1134
v  0.2382 -1.9071 -0.0710
v  0.2366 -1.8484 -0.0595
v  0.2390 -1.9622 -0.0910
v  0.2476 -1.8586 -0.0133
v  0.2483 -1.9223 -0.0257
v  0.2487 -1.9823 -0.0470
v  0.1953 -2.0076 -0.2154
v  0.2211 -2.0313 -0.1835
v  0.2392 -2.0578 -0.1479
v  0.1951 -2.0391 -0.2434
v  0.2209 -2.0661 -0.2144
v  0.1950 -2.0642 -0.2735
v  0.2209 -2.0944 -0.2478
v  0.2391 -2.0964 -0.1821
v  0.2487 -2.0864 -0.1096
v  0.2487 -2.0374 -0.0757
v  0.2490 -2.0619 -0.0333
v  0.2490 -2.0021 -0.0016
v  0.2490 -2.1156 -0.0702
v  0.2487 -2.1290 -0.1473
v  0.2391 -2.1282 -0.2192
v  0.2487 -2.1645 -0.1884
v  0.2486 -1.8690 0.0417
v  0.2371 -1.8790 0.0975
v  0.2162 -1.8890 0.1430
v  0.1856 -1.8982 0.1842
v  0.2489 -1.9374 0.0236
v  0.2388 -1.9521 0.0734
v  0.2396 -2.0215 0.0439
v  0.2188 -1.9670 0.1181
v  0.1891 -1.9806 0.1590
v  0.2201 -2.0411 0.0871
v  0.1909 -2.0591 0.1267
v  0.1464 -1.9061 0.2188
v  0.1002 -1.9123 0.2448
v  0.1504 -1.9925 0.1937
v  0.1524 -2.0747 0.1606
v  0.1037 -2.0018 0.2204
v  0.1055 -2.0870 0.1869
v  0.2398 -2.0861 0.0091
v  0.2397 -2.1446 -0.0309
v  0.2490 -2.1625 -0.1115
v  0.2490 -2.2021 -0.1566
v  0.2396 -2.1960 -0.0756
v  0.2396 -2.2396 -0.1248
v  0.2205 -2.1102 0.0500
v  0.2204 -2.1730 0.0071
v  0.1914 -2.1323 0.0875
v  0.1914 -2.1990 0.0419
v  0.2203 -2.2284 -0.0411
v  0.2203 -2.2758 -0.0943
v  0.1912 -2.2582 -0.0095
v  0.1911 -2.3090 -0.0662
v  0.1530 -2.1515 0.1197
v  0.1529 -2.2216 0.0719
v  0.1061 -2.1666 0.1449
v  0.1060 -2.2394 0.0954
v  0.1528 -2.2839 0.0178
v  0.1527 -2.3377 -0.0421
v  0.1059 -2.3042 0.0392
v  0.1058 -2.3603 -0.0231
v  0.0519 -2.1766 0.1611
v  0.0519 -2.2511 0.1106
v  0.0518 -2.3176 0.0530
v  0.0518 -2.3752 -0.0108
v  0.0826 -2.0164 -0.3497
v  0.0826 -2.0234 -0.3754
v  0.1245 -2.0324 -0.3390
v  0.1624 -2.0548 -0.3241
v  0.1245 -2.0405 -0.3666
v  0.1624 -2.0644 -0.3545
v  0.1949 -2.0828 -0.3055
v  0.2208 -2.1157 -0.2835
v  0.1949 -2.0943 -0.3393
v  0.2208 -2.1295 -0.3214
v  0.2390 -2.1526 -0.2590
v  0.2487 -2.1927 -0.2324
v  0.2390 -2.1688 -0.3014
v  0.2487 -2.2134 -0.2789
v  0.2390 -2.1875 -0.3889
v  0.2487 -2.2338 -0.3777
v  0.2486 -2.2264 -0.3276
v  0.2491 -2.2728 -0.3105
v  0.2490 -2.2575 -0.2566
v  0.2490 -2.2818 -0.3661
v  0.2490 -2.2338 -0.2051
v  0.2396 -2.2749 -0.1779
v  0.2396 -2.3015 -0.2344
v  0.2399 -2.3193 -0.2934
v  0.2396 -2.3298 -0.3544
v  0.2202 -2.3144 -0.1518
v  0.1911 -2.3507 -0.1278
v  0.2202 -2.3438 -0.2131
v  0.1911 -2.3827 -0.1935
v  0.2207 -2.3641 -0.2770
v  0.1916 -2.4052 -0.2620
v  0.2202 -2.3758 -0.3433
v  0.1911 -2.4181 -0.3330
v  0.1526 -2.3820 -0.1071
v  0.1057 -2.4067 -0.0909
v  0.1526 -2.4162 -0.1766
v  0.1057 -2.4426 -0.1634
v  0.1532 -2.4408 -0.2491
v  0.1062 -2.4687 -0.2389
v  0.1526 -2.4545 -0.3242
v  0.1057 -2.4830 -0.3173
v  0.0518 -2.4229 -0.0804
v  0.0518 -2.4599 -0.1548
v  0.0519 -2.4870 -0.2323
v  0.0518 -2.5015 -0.3128
v  0.1551 -2.4833 -0.7409
v  0.1572 -2.0325 -0.7407
v  0.1076 -1.8798 -1.0356
v  0.3233 -1.9305 -1.0356
v  0.2487 -2.4018 -0.7157
v  0.2396 -2.1061 -0.7166
v  0.2162 -1.8986 -1.0356
v  0.3964 -2.5509 -0.9850
v  0.3964 -2.5356 -0.9294
v  0.3964 -2.4706 -0.8278
v  0.3964 -2.4235 -0.7887
v  0.3964 -2.3154 -0.7438
v  0.3964 -2.2614 -0.7382
v  0.3964 -2.3706 -0.7604
v  0.2847 -2.3117 -0.7002
v  0.3323 -2.1492 -0.7303
v  0.1076 -2.5252 -0.7682
v  0.2162 -2.5118 -0.7816
v  0.2162 -2.0038 -0.7816
v  0.3233 -2.0787 -0.7616
v  0.1076 -1.8861 -0.9668
v  0.2162 -1.9046 -0.9702
v  0.3233 -1.9360 -0.9760
v  0.3233 -1.9535 -0.9151
v  0.3233 -1.9838 -0.8565
v  0.3233 -2.0264 -0.8041
v  0.3233 -2.4370 -0.7616
v  0.1076 -1.8861 -1.1044
v  0.2162 -1.9046 -1.1009
v  0.3233 -1.9360 -1.0951
v  0.3233 -1.9535 -1.1561
v  0.3233 -1.9838 -1.2147
v  0.3233 -2.0264 -1.2670
v  0.3233 -2.0787 -1.3096
v  0.3233 -2.1373 -1.3399
v  0.3233 -2.1983 -1.3575
v  0.3233 -2.2578 -1.3629
v  0.3233 -2.3174 -1.3575
v  0.3233 -2.3783 -1.3399
v  0.3233 -2.4370 -1.3096
v  0.3233 -2.4893 -1.2670
v  0.3233 -2.5318 -1.2147
v  0.3233 -2.5622 -1.1561
v  0.3233 -2.5797 -1.0951
v  0.3233 -2.5852 -1.0356
v  0.3233 -2.5797 -0.9760
v  0.3233 -2.5622 -0.9151
v  0.3233 -2.5318 -0.8565
v  0.3233 -2.4893 -0.8041
v  0.3356 -2.3200 -0.7201
v  0.1076 -1.9063 -1.1748
v  0.2162 -1.9238 -1.1678
v  0.1076 -1.9414 -1.2425
v  0.2162 -1.9572 -1.2321
v  0.1076 -1.9905 -1.3029
v  0.2162 -2.0038 -1.2896
v  0.1076 -2.0509 -1.3520
v  0.2162 -2.0613 -1.3362
v  0.1076 -2.1187 -1.3871
v  0.2162 -2.1256 -1.3696
v  0.1076 -2.1890 -1.4073
v  0.2162 -2.1925 -1.3888
v  0.1076 -2.2578 -1.4137
v  0.2162 -2.2578 -1.3948
v  0.1076 -2.3266 -1.4073
v  0.2162 -2.3232 -1.3888
v  0.1076 -2.3970 -1.3871
v  0.2162 -2.3901 -1.3696
v  0.1076 -2.4647 -1.3520
v  0.2162 -2.4544 -1.3362
v  0.1076 -2.5252 -1.3029
v  0.2162 -2.5118 -1.2896
v  0.1076 -2.5743 -1.2425
v  0.2162 -2.5585 -1.2321
v  0.1076 -2.6094 -1.1748
v  0.2162 -2.5918 -1.1678
v  0.1076 -2.6296 -1.1044
v  0.2162 -2.6110 -1.1009
v  0.1076 -2.6359 -1.0356
v  0.2162 -2.6170 -1.0356
v  0.1076 -2.6296 -0.9668
v  0.2162 -2.6110 -0.9702
v  0.1076 -2.6094 -0.8964
v  0.2162 -2.5918 -0.9034
v  0.1076 -2.5743 -0.8287
v  0.2162 -2.5585 -0.8390
v  0.1076 -1.9414 -0.8287
v  0.2162 -1.9572 -0.8390
v  0.1076 -1.9063 -0.8964
v  0.2162 -1.9238 -0.9034
v  0.3964 -2.5552 -1.0392
v  0.3964 -2.5087 -0.8759
v  0.4185 -2.5552 -1.0392
v  0.4074 -2.5531 -1.0391
v  0.3964 -1.9605 -1.0320
v  0.3964 -1.9648 -1.0862
v  0.3964 -1.9800 -1.1417
v  0.3964 -2.0070 -1.1953
v  0.3964 -2.0450 -1.2433
v  0.3964 -2.0921 -1.2825
v  0.3964 -2.1451 -1.3107
v  0.3964 -2.2002 -1.3273
v  0.3964 -2.2543 -1.3329
v  0.3964 -2.3084 -1.3286
v  0.3964 -2.3640 -1.3134
v  0.3964 -2.4176 -1.2864
v  0.3964 -2.4656 -1.2484
v  0.3964 -2.5048 -1.2013
v  0.3964 -2.5330 -1.1484
v  0.3964 -2.5496 -1.0932
v  0.3964 -1.9661 -0.9780
v  0.3964 -1.9827 -0.9228
v  0.3964 -2.0109 -0.8699
v  0.3964 -2.0501 -0.8228
v  0.3964 -2.0981 -0.7847
v  0.3964 -2.1517 -0.7578
v  0.3964 -2.2072 -0.7425
v  0.4074 -2.5475 -1.0928
v  0.4185 -2.5496 -1.0932
v  0.4295 -2.5574 -1.0929
v  0.4295 -2.5407 -1.1495
v  0.4295 -2.5121 -1.2040
v  0.4295 -2.4722 -1.2525
v  0.4295 -2.4232 -1.2918
v  0.4295 -2.3684 -1.3198
v  0.4295 -2.3115 -1.3358
v  0.4295 -2.2560 -1.3406
v  0.4295 -2.2005 -1.3351
v  0.4295 -2.1439 -1.3185
v  0.4295 -2.0894 -1.2899
v  0.4295 -2.0409 -1.2499
v  0.4295 -2.0016 -1.2009
v  0.4295 -1.9736 -1.1461
v  0.4295 -1.9576 -1.0893
v  0.4295 -1.9528 -1.0338
v  0.4295 -1.9583 -0.9783
v  0.4295 -1.9749 -0.9216
v  0.4295 -2.0036 -0.8672
v  0.4295 -2.0435 -0.8186
v  0.4295 -2.0925 -0.7793
v  0.4295 -2.1473 -0.7513
v  0.4295 -2.2041 -0.7354
v  0.4295 -2.2597 -0.7306
v  0.4295 -2.3151 -0.7360
v  0.4295 -2.3718 -0.7527
v  0.4295 -2.4262 -0.7813
v  0.4295 -2.4748 -0.8212
v  0.4295 -2.5141 -0.8702
v  0.4295 -2.5421 -0.9250
v  0.4295 -2.5581 -0.9819
v  0.4185 -2.5509 -0.9850
v  0.4074 -2.5488 -0.9853
v  0.4185 -2.5330 -1.1484
v  0.4074 -2.5310 -1.1476
v  0.4185 -2.5048 -1.2013
v  0.4074 -2.5030 -1.2001
v  0.4185 -2.4656 -1.2484
v  0.4074 -2.4641 -1.2469
v  0.4185 -2.4176 -1.2864
v  0.4074 -2.4164 -1.2846
v  0.4185 -2.3640 -1.3134
v  0.4074 -2.3632 -1.3114
v  0.4185 -2.3084 -1.3286
v  0.4074 -2.3081 -1.3265
v  0.4185 -2.2543 -1.3329
v  0.4074 -2.2543 -1.3308
v  0.4185 -2.2002 -1.3273
v  0.4074 -2.2006 -1.3253
v  0.4185 -2.1451 -1.3107
v  0.4074 -2.1459 -1.3088
v  0.4185 -2.0921 -1.2825
v  0.4074 -2.0933 -1.2808
v  0.4185 -2.0450 -1.2433
v  0.4074 -2.0466 -1.2418
v  0.4185 -2.0070 -1.1953
v  0.4074 -2.0088 -1.1942
v  0.4185 -1.9800 -1.1417
v  0.4074 -1.9820 -1.1410
v  0.4185 -1.9648 -1.0862
v  0.4074 -1.9669 -1.0858
v  0.4185 -1.9605 -1.0320
v  0.4074 -1.9626 -1.0320
v  0.4185 -1.9661 -0.9780
v  0.4074 -1.9682 -0.9784
v  0.4185 -1.9827 -0.9228
v  0.4074 -1.9846 -0.9236
v  0.4185 -2.0109 -0.8699
v  0.4074 -2.0126 -0.8711
v  0.4185 -2.0501 -0.8228
v  0.4074 -2.0516 -0.8243
v  0.4185 -2.0981 -0.7847
v  0.4074 -2.0992 -0.7865
v  0.4185 -2.1517 -0.7578
v  0.4074 -2.1524 -0.7598
v  0.4185 -2.2072 -0.7425
v  0.4074 -2.2076 -0.7446
v  0.4185 -2.2614 -0.7382
v  0.4074 -2.2614 -0.7403
v  0.4185 -2.3154 -0.7438
v  0.4074 -2.3150 -0.7459
v  0.4185 -2.3706 -0.7604
v  0.4074 -2.3698 -0.7624
v  0.4185 -2.4235 -0.7887
v  0.4074 -2.4224 -0.7904
v  0.4185 -2.4706 -0.8278
v  0.4074 -2.4691 -0.8293
v  0.4185 -2.5087 -0.8759
v  0.4074 -2.5069 -0.8770
v  0.4185 -2.5356 -0.9294
v  0.4074 -2.5337 -0.9302
v  0.4406 -1.9422 -1.0356
v  0.4535 -1.9349 -1.0356
v  0.4671 -1.9315 -1.0356
v  0.5069 -1.9446 -1.0356
v  0.5177 -1.9568 -1.0356
v  0.5255 -1.9766 -0.9796
v  0.5255 -1.9930 -0.9257
v  0.5255 -2.1482 -0.7707
v  0.5255 -2.2578 -0.7489
v  0.5255 -2.3137 -0.7544
v  0.5255 -2.4170 -0.7971
v  0.5255 -2.4605 -0.8328
v  0.5255 -2.5390 -0.9796
v  0.5177 -2.5589 -1.0356
v  0.4671 -2.5842 -1.0356
v  0.4535 -2.5808 -1.0356
v  0.4406 -1.9474 -0.9781
v  0.4535 -1.9403 -0.9768
v  0.4672 -1.9370 -0.9762
v  0.4810 -1.9374 -0.9763
v  0.4945 -1.9417 -0.9771
v  0.5069 -1.9499 -0.9786
v  0.5177 -1.9618 -0.9808
v  0.5177 -1.9779 -0.9248
v  0.5177 -2.0058 -0.8708
v  0.5177 -2.0449 -0.8227
v  0.5177 -2.0931 -0.7836
v  0.5177 -2.1470 -0.7557
v  0.5177 -2.2030 -0.7395
v  0.5177 -2.2578 -0.7345
v  0.5177 -2.3126 -0.7395
v  0.5177 -2.3686 -0.7557
v  0.5177 -2.4226 -0.7836
v  0.5177 -2.4707 -0.8227
v  0.5177 -2.5098 -0.8708
v  0.5177 -2.5378 -0.9248
v  0.5177 -2.5539 -0.9808
v  0.5069 -2.5658 -0.9786
v  0.4945 -2.5739 -0.9771
v  0.4810 -2.5782 -0.9763
v  0.4672 -2.5787 -0.9762
v  0.4535 -2.5754 -0.9768
v  0.4406 -2.5682 -0.9781
v  0.4406 -2.5513 -0.9194
v  0.4406 -2.5220 -0.8628
v  0.4406 -2.4810 -0.8124
v  0.4406 -2.4306 -0.7714
v  0.4406 -2.3740 -0.7421
v  0.4406 -2.3153 -0.7252
v  0.4406 -2.2578 -0.7199
v  0.4406 -2.2004 -0.7252
v  0.4406 -2.1416 -0.7421
v  0.4406 -2.0851 -0.7714
v  0.4406 -2.0346 -0.8124
v  0.4406 -1.9936 -0.8628
v  0.4406 -1.9643 -0.9194
v  0.5069 -1.9666 -0.9203
v  0.4945 -1.9589 -0.9173
v  0.4810 -1.9549 -0.9156
v  0.4672 -1.9544 -0.9155
v  0.4535 -1.9576 -0.9167
v  0.5069 -1.9957 -0.8642
v  0.4945 -1.9888 -0.8597
v  0.4810 -1.9851 -0.8573
v  0.5069 -2.0364 -0.8141
v  0.4945 -2.0305 -0.8083
v  0.4810 -2.0274 -0.8052
v  0.4672 -1.9847 -0.8570
v  0.4535 -1.9875 -0.8589
v  0.4672 -2.0271 -0.8048
v  0.4535 -2.0295 -0.8072
v  0.5069 -2.0864 -0.7734
v  0.4945 -2.0819 -0.7665
v  0.4810 -2.0795 -0.7629
v  0.5069 -2.1425 -0.7444
v  0.4945 -2.1395 -0.7367
v  0.4810 -2.1379 -0.7326
v  0.4672 -2.0793 -0.7624
v  0.4535 -2.0811 -0.7653
v  0.4672 -2.1377 -0.7322
v  0.4535 -2.1390 -0.7353
v  0.5069 -2.2008 -0.7276
v  0.4945 -2.1993 -0.7195
v  0.4810 -2.1985 -0.7152
v  0.5069 -2.2578 -0.7224
v  0.4945 -2.2578 -0.7141
v  0.4810 -2.2578 -0.7097
v  0.4672 -2.1985 -0.7147
v  0.4535 -2.1991 -0.7180
v  0.4672 -2.2578 -0.7093
v  0.4535 -2.2578 -0.7126
v  0.5069 -2.3148 -0.7276
v  0.4945 -2.3163 -0.7195
v  0.4810 -2.3171 -0.7152
v  0.5069 -2.3731 -0.7444
v  0.4945 -2.3762 -0.7367
v  0.4810 -2.3778 -0.7326
v  0.4672 -2.3172 -0.7147
v  0.4535 -2.3166 -0.7180
v  0.4672 -2.3779 -0.7322
v  0.4535 -2.3767 -0.7353
v  0.5069 -2.4292 -0.7734
v  0.4945 -2.4337 -0.7665
v  0.4810 -2.4361 -0.7629
v  0.5069 -2.4793 -0.8141
v  0.4945 -2.4851 -0.8083
v  0.4810 -2.4882 -0.8052
v  0.4672 -2.4364 -0.7624
v  0.4535 -2.4345 -0.7653
v  0.4672 -2.4886 -0.8048
v  0.4535 -2.4862 -0.8072
v  0.5069 -2.5200 -0.8642
v  0.4945 -2.5269 -0.8597
v  0.4810 -2.5306 -0.8573
v  0.5069 -2.5490 -0.9203
v  0.4945 -2.5567 -0.9173
v  0.4810 -2.5608 -0.9156
v  0.4672 -2.5310 -0.8570
v  0.4535 -2.5281 -0.8589
v  0.4672 -2.5612 -0.9155
v  0.4535 -2.5581 -0.9167
v  0.4406 -2.5735 -1.0356
v  0.4295 -2.5628 -1.0392
v  0.4810 -1.9320 -1.0356
v  0.4945 -1.9364 -1.0356
v  0.5255 -1.9711 -1.0356
v  0.5255 -1.9930 -1.1455
v  0.5255 -2.0195 -1.1950
v  0.5255 -2.2019 -1.3168
v  0.5255 -2.3137 -1.3168
v  0.5255 -2.4170 -1.2740
v  0.5255 -2.4961 -1.1950
v  0.5255 -2.5446 -1.0356
v  0.5069 -2.5710 -1.0356
v  0.4945 -2.5793 -1.0356
v  0.4810 -2.5837 -1.0356
v  0.4406 -2.5682 -1.0930
v  0.4406 -2.5513 -1.1518
v  0.4406 -2.5220 -1.2083
v  0.4406 -2.4810 -1.2588
v  0.4406 -2.4306 -1.2998
v  0.4406 -2.3740 -1.3291
v  0.4406 -2.3153 -1.3460
v  0.4406 -2.2578 -1.3513
v  0.4406 -2.2004 -1.3460
v  0.4406 -2.1416 -1.3291
v  0.4406 -2.0851 -1.2998
v  0.4406 -2.0346 -1.2588
v  0.4406 -1.9936 -1.2083
v  0.4406 -1.9643 -1.1518
v  0.4406 -1.9474 -1.0930
v  0.4535 -1.9403 -1.0943
v  0.4672 -1.9370 -1.0950
v  0.4810 -1.9374 -1.0949
v  0.4945 -1.9417 -1.0941
v  0.5069 -1.9499 -1.0926
v  0.5177 -1.9618 -1.0904
v  0.5177 -1.9779 -1.1464
v  0.5177 -2.0058 -1.2003
v  0.5177 -2.0449 -1.2485
v  0.5177 -2.0931 -1.2876
v  0.5177 -2.1470 -1.3155
v  0.5177 -2.2030 -1.3316
v  0.5177 -2.2578 -1.3366
v  0.5177 -2.3126 -1.3316
v  0.5177 -2.3686 -1.3155
v  0.5177 -2.4226 -1.2876
v  0.5177 -2.4707 -1.2485
v  0.5177 -2.5098 -1.2003
v  0.5177 -2.5378 -1.1464
v  0.5177 -2.5539 -1.0904
v  0.5069 -2.5658 -1.0926
v  0.4945 -2.5739 -1.0941
v  0.4810 -2.5782 -1.0949
v  0.4672 -2.5787 -1.0950
v  0.4535 -2.5754 -1.0943
v  0.5069 -2.5490 -1.1509
v  0.4945 -2.5567 -1.1539
v  0.4810 -2.5608 -1.1555
v  0.4672 -2.5612 -1.1557
v  0.4535 -2.5581 -1.1545
v  0.5069 -2.5200 -1.2070
v  0.4945 -2.5269 -1.2115
v  0.4810 -2.5306 -1.2139
v  0.5069 -2.4793 -1.2570
v  0.4945 -2.4851 -1.2629
v  0.4810 -2.4882 -1.2660
v  0.4672 -2.5310 -1.2142
v  0.4535 -2.5281 -1.2123
v  0.4672 -2.4886 -1.2663
v  0.4535 -2.4862 -1.2639
v  0.5069 -2.4292 -1.2977
v  0.4945 -2.4337 -1.3046
v  0.4810 -2.4361 -1.3083
v  0.5069 -2.3731 -1.3268
v  0.4945 -2.3762 -1.3345
v  0.4810 -2.3778 -1.3385
v  0.4672 -2.4364 -1.3087
v  0.4535 -2.4345 -1.3059
v  0.4672 -2.3779 -1.3390
v  0.4535 -2.3767 -1.3358
v  0.5069 -2.3148 -1.3436
v  0.4945 -2.3163 -1.3517
v  0.4810 -2.3171 -1.3560
v  0.5069 -2.2578 -1.3488
v  0.4945 -2.2578 -1.3570
v  0.4810 -2.2578 -1.3614
v  0.4672 -2.3172 -1.3565
v  0.4535 -2.3166 -1.3531
v  0.4672 -2.2578 -1.3619
v  0.4535 -2.2578 -1.3585
v  0.5069 -2.2008 -1.3436
v  0.4945 -2.1993 -1.3517
v  0.4810 -2.1985 -1.3560
v  0.5069 -2.1425 -1.3268
v  0.4945 -2.1395 -1.3345
v  0.4810 -2.1379 -1.3385
v  0.4672 -2.1985 -1.3565
v  0.4535 -2.1991 -1.3531
v  0.4672 -2.1377 -1.3390
v  0.4535 -2.1390 -1.3358
v  0.5069 -2.0864 -1.2977
v  0.4945 -2.0819 -1.3046
v  0.4810 -2.0795 -1.3083
v  0.5069 -2.0364 -1.2570
v  0.4945 -2.0305 -1.2629
v  0.4810 -2.0274 -1.2660
v  0.4672 -2.0793 -1.3087
v  0.4535 -2.0811 -1.3059
v  0.4672 -2.0271 -1.2663
v  0.4535 -2.0295 -1.2639
v  0.5069 -1.9957 -1.2070
v  0.4945 -1.9888 -1.2115
v  0.4810 -1.9851 -1.2139
v  0.5069 -1.9666 -1.1509
v  0.4945 -1.9589 -1.1539
v  0.4810 -1.9549 -1.1555
v  0.4672 -1.9847 -1.2142
v  0.4535 -1.9875 -1.2123
v  0.4672 -1.9544 -1.1557
v  0.4535 -1.9576 -1.1545
v  0.5255 -2.0120 -1.0811
v  0.5255 -2.2019 -0.7544
v  0.5255 -2.2578 -0.7855
v  0.5255 -2.2080 -0.7905
v  0.5255 -2.0986 -0.7971
v  0.5255 -2.1612 -0.8050
v  0.5255 -2.3075 -0.7905
v  0.5255 -2.3543 -0.8049
v  0.5255 -2.3675 -0.7707
v  0.5255 -2.3961 -0.8273
v  0.5255 -2.4337 -0.8579
v  0.5255 -2.0552 -0.8328
v  0.5255 -2.1194 -0.8273
v  0.5255 -2.0195 -0.8762
v  0.5255 -2.0818 -0.8580
v  0.5255 -2.0502 -0.8963
v  0.5255 -2.0266 -0.9405
v  0.5255 -2.0124 -0.9879
v  0.5255 -1.9766 -1.0916
v  0.5255 -2.0079 -1.0356
v  0.5255 -2.4654 -0.8963
v  0.5255 -2.4961 -0.8761
v  0.5255 -2.4890 -0.9404
v  0.5255 -2.5227 -0.9257
v  0.5255 -2.5032 -0.9878
v  0.5255 -2.5078 -1.0355
v  0.5255 -2.5036 -1.0810
v  0.5255 -2.5390 -1.0916
v  0.5255 -2.4903 -1.1275
v  0.5255 -2.4671 -1.1723
v  0.5255 -2.5226 -1.1455
v  0.5255 -2.4346 -1.2123
v  0.5255 -2.4605 -1.2384
v  0.5255 -2.3947 -1.2448
v  0.5255 -2.3499 -1.2680
v  0.5255 -2.3675 -1.3005
v  0.5255 -2.3034 -1.2814
v  0.5255 -2.2579 -1.2855
v  0.5255 -2.2578 -1.3223
v  0.5255 -2.2124 -1.2814
v  0.5255 -2.1659 -1.2680
v  0.5255 -2.1211 -1.2448
v  0.5255 -2.1482 -1.3005
v  0.5255 -2.0986 -1.2740
v  0.5255 -2.0811 -1.2124
v  0.5255 -2.0552 -1.2384
v  0.5255 -2.0486 -1.1724
v  0.5255 -2.0254 -1.1276
v  0.2019 -2.0652 -0.7287
v  0.2681 -2.1534 -0.7064
v  0.2857 -2.2048 -0.6996
v  0.2915 -2.2578 -0.6972
v  0.2684 -2.3637 -0.7076
v  0.0903 -2.4922 -0.7187
v  0.0430 -2.0066 -0.7386
v  0.0450 -2.0005 -0.7498
v  0.0971 -2.0138 -0.7433
v  0.1950 -2.0656 -0.7262
v  0.2330 -2.1067 -0.7140
v  0.2615 -2.1543 -0.7036
v  0.2789 -2.2059 -0.6968
v  0.2846 -2.2589 -0.6944
v  0.0413 -2.0102 -0.7262
v  0.0892 -2.0230 -0.7189
v  0.1348 -2.0457 -0.7072
v  0.1321 -2.0453 -0.7002
v  0.1719 -2.0759 -0.6858
v  0.2053 -2.1144 -0.6713
v  0.2303 -2.1593 -0.6588
v  0.2455 -2.2082 -0.6505
v  0.1357 -2.4694 -0.7069
v  0.0983 -2.5014 -0.7431
v  0.1478 -2.4776 -0.7327
v  0.2786 -2.3112 -0.6969
v  0.2614 -2.3613 -0.7036
v  0.1967 -2.4485 -0.7257
v  0.0453 -2.5152 -0.7499
v  0.0433 -2.5090 -0.7386
v  0.0417 -2.5054 -0.7262
v  0.0939 -2.4954 -0.7315
v  0.1411 -2.4720 -0.7206
v  0.1443 -2.4745 -0.7269
v  0.1867 -2.4420 -0.7144
v  0.1914 -2.4449 -0.7204
v  0.1824 -2.4399 -0.7078
v  0.1382 -2.4703 -0.7139
v  0.1788 -2.4385 -0.7007
v  0.1757 -2.4380 -0.6931
v  0.2272 -2.4047 -0.7084
v  0.2213 -2.4023 -0.7023
v  0.2162 -2.4006 -0.6953
v  0.2538 -2.3590 -0.6984
v  0.2469 -2.3572 -0.6921
v  0.2411 -2.3560 -0.6849
v  0.2119 -2.3997 -0.6877
v  0.2084 -2.3995 -0.6795
v  0.2362 -2.3555 -0.6768
v  0.2326 -2.3556 -0.6680
v  0.2701 -2.3099 -0.6918
v  0.2626 -2.3089 -0.6854
v  0.2562 -2.3084 -0.6779
v  0.2758 -2.2589 -0.6893
v  0.2680 -2.2589 -0.6829
v  0.2615 -2.2588 -0.6754
v  0.2512 -2.3081 -0.6695
v  0.2474 -2.3082 -0.6604
v  0.2563 -2.2588 -0.6668
v  0.2526 -2.2588 -0.6575
v  0.2704 -2.2071 -0.6916
v  0.2629 -2.2080 -0.6853
v  0.2565 -2.2086 -0.6778
v  0.2538 -2.1566 -0.6984
v  0.2469 -2.1584 -0.6921
v  0.2411 -2.1596 -0.6849
v  0.2514 -2.2088 -0.6694
v  0.2477 -2.2087 -0.6602
v  0.2363 -2.1601 -0.6768
v  0.2326 -2.1600 -0.6681
v  0.2264 -2.1098 -0.7087
v  0.2206 -2.1122 -0.7026
v  0.2155 -2.1139 -0.6956
v  0.1898 -2.0693 -0.7210
v  0.1851 -2.0722 -0.7150
v  0.1809 -2.0743 -0.7084
v  0.2111 -2.1149 -0.6880
v  0.2077 -2.1150 -0.6798
v  0.1773 -2.0756 -0.7012
v  0.1743 -2.0762 -0.6937
v  0.0927 -2.0198 -0.7318
v  0.0455 -1.7260 -0.2112
v  0.0920 -1.7260 -0.1978
v  0.1368 -1.7260 -0.1746
v  0.2092 -1.7260 -0.1022
v  0.1369 -1.7260 0.2438
v  0.0921 -1.7260 0.2670
v  0.0456 -1.7260 0.2804
v  0.0936 -2.0261 -0.7056
v  0.0476 -2.0124 -0.6317
v  0.1310 -2.0451 -0.6947
v  0.0950 -2.0266 -0.6317
v  0.1392 -2.0502 -0.6317
v  0.2500 -2.2578 -0.6317
v  0.1393 -2.4654 -0.6317
v  0.2083 -2.3962 -0.6317
v  0.0000 -1.8238 0.2791
v  0.0000 -2.0123 0.2416
v  0.0000 -2.4933 -0.2300
v  0.0000 -2.4660 -0.1518
v  0.0000 -2.5249 -0.7588
v  0.0000 -2.5126 -0.7405
v  0.0000 -2.0079 -0.7171
v  0.0000 -2.0032 -0.7405
v  0.0000 -2.0067 -0.7289
v  0.0000 -1.9974 -0.7511
v  0.0000 -1.9897 -0.7601
v  0.0000 -2.5184 -0.7511
v  0.0000 -2.5090 -0.7290
v  0.1011 -2.5080 -0.7516
v  0.0378 -1.9234 -0.2687
v  0.0824 -1.9290 -0.2591
v  0.1243 -1.9386 -0.2424
v  0.1619 -1.9523 -0.2197
v  0.1955 -1.9703 -0.1900
v  0.2211 -1.9904 -0.1555
v  0.2392 -2.0128 -0.1172
v  0.0389 -1.8515 -0.2355
v  0.0838 -1.8549 -0.2246
v  0.1261 -1.8607 -0.2056
v  0.1625 -1.8692 -0.1816
v  0.1936 -1.8810 -0.1518
v  0.0378 -2.0164 -0.4052
v  0.0823 -2.0269 -0.4014
v  0.1242 -2.0449 -0.3947
v  0.1620 -2.0701 -0.3854
v  0.1945 -2.1016 -0.3737
v  0.2205 -2.1388 -0.3600
v  0.2388 -2.1803 -0.3447
v  0.2503 -2.2584 -0.6408
v  0.2453 -2.2082 -0.6439
v  0.2303 -2.1598 -0.6521
v  0.1713 -2.0770 -0.6794
v  0.2048 -2.1157 -0.6644
v  0.0419 -2.0117 -0.7145
v  0.2288 -2.3549 -0.6521
v  0.2060 -2.3992 -0.6639
v  0.1724 -2.4370 -0.6788
v  0.1330 -2.4683 -0.6937
v  0.0887 -2.4904 -0.7061
v  0.0406 -2.5042 -0.7147
v  0.2440 -2.3076 -0.6437
v  0.0917 -2.0247 -0.7115
v  0.0000 -2.0074 -0.7224
v  0.0417 -2.0111 -0.7197
v  0.1342 -2.4688 -0.6997
v  0.1739 -2.4375 -0.6853
v  0.2071 -2.3993 -0.6710
v  0.2305 -2.3552 -0.6593
v  0.2455 -2.3079 -0.6513
v  0.2514 -2.2586 -0.6484
v  0.0894 -2.4913 -0.7118
v  0.0411 -2.5047 -0.7199
v  0.0424 -2.5071 -0.7318
v  0.0920 -2.4937 -0.7245
v  0.0000 -2.5106 -0.7342
v  0.0442 -2.5118 -0.7437
v  0.0959 -2.4981 -0.7368
v  0.0000 -2.5152 -0.7453
v  0.0505 -2.5275 -0.7659
v  0.0505 -1.8829 -0.9662
v  0.0505 -1.8765 -1.0356
v  0.0505 -1.8829 -1.1050
v  0.0505 -1.9033 -1.1759
v  0.0505 -1.9387 -1.2443
v  0.0505 -1.9882 -1.3052
v  0.0505 -2.0492 -1.3548
v  0.0505 -2.1175 -1.3901
v  0.0505 -2.1884 -1.4106
v  0.0505 -2.2578 -1.4169
v  0.0505 -2.3272 -1.4106
v  0.0505 -2.3982 -1.3901
v  0.0505 -2.4665 -1.3548
v  0.0505 -2.5275 -1.3052
v  0.0505 -2.5770 -1.2443
v  0.0505 -2.6124 -1.1759
v  0.0505 -2.6328 -1.1050
v  0.0505 -2.6392 -1.0356
v  0.0505 -2.6328 -0.9662
v  0.0505 -2.6124 -0.8952
v  0.0505 -2.5770 -0.8269
v  0.0505 -1.9387 -0.8269
v  0.0505 -1.9033 -0.8952
v  0.0202 -2.0048 -0.7396
v  0.0211 -1.9988 -0.7505
v  0.0256 -1.9920 -0.7590
v  0.0194 -2.0084 -0.7276
v  0.0196 -2.0091 -0.7211
v  0.0479 -2.5214 -0.7580
v  0.0278 -1.9873 -0.7650
v  0.1010 -1.9902 -0.7680
v  0.0982 -2.0063 -0.7521
v  0.0219 -2.0100 -0.6317
v  0.0000 -1.7694 -0.2180
v  0.0000 -1.8118 -0.2261
v  0.0000 -1.8898 -0.2530
v  0.0000 -1.9525 -0.2907
v  0.0000 -1.9759 -0.3118
v  0.0000 -1.9936 -0.3339
v  0.0000 -2.0056 -0.3569
v  0.0000 -2.0119 -0.3805
v  0.0175 -2.0154 -0.4304
v  0.0192 -2.0097 -0.7159
v  0.0475 -1.9881 -0.7658
v  0.0463 -1.9938 -0.7581
v  0.0440 -2.0035 -0.7443
v  0.0949 -2.0168 -0.7377
v  0.0000 -2.0002 -0.7459
v  0.0207 -2.0018 -0.7451
v  0.0422 -2.0084 -0.7325
v  0.0910 -2.0214 -0.7255
v  0.0000 -2.0049 -0.7348
v  0.0198 -2.0066 -0.7337
v  0.0000 -1.9936 -0.7555
v  0.0233 -1.9955 -0.7547
v  0.0976 -2.0101 -0.7476
v  0.0456 -1.9972 -0.7539
v  0.1535 -2.0358 -0.7374
v  0.1491 -2.0392 -0.7323
v  0.1449 -2.0419 -0.7267
v  0.1411 -2.0439 -0.7205
v  0.1377 -2.0451 -0.7140
v  0.3374 -2.2578 -0.7151
v  0.2781 -2.0737 -0.7493
v  0.3352 -2.2057 -0.7197
v  0.2375 -2.4029 -0.7118
v  0.2055 -2.4512 -0.7299
v  0.3283 -2.3973 -0.7434
v  0.1514 -2.4804 -0.7367
v  0.0000 -2.5216 -0.7549
v  0.0997 -2.5046 -0.7473
v  0.0466 -2.5182 -0.7539
v  0.5255 -2.2578 -1.0352
v  0.0000 -1.9006 -1.1770
v  0.0000 -1.9862 -1.3073
v  0.0000 -2.1879 -1.4134
v  0.0000 -2.3993 -1.3928
v  0.0000 -2.5794 -1.2458
v  0.0000 -2.6420 -1.0356
v  0.0000 -2.6356 -0.9657
v  0.0000 -2.5794 -0.8253
v  0.0000 -1.9006 -0.8942
v  0.0000 -1.9862 -0.7639
v  -0.2082 -2.1194 -0.6317
v  -0.2306 -2.1612 -0.6317
v  -0.0175 -2.0154 -0.4304
v  -0.0951 -2.4890 -0.6317
v  -0.0477 -2.5032 -0.6317
v  -0.1393 -2.4654 -0.6317
v  -0.1776 -2.4337 -0.6317
v  -0.2083 -2.3962 -0.6317
v  -0.2306 -2.3544 -0.6317
v  -0.2450 -2.3075 -0.6317
v  -0.2500 -2.2578 -0.6317
v  -0.2450 -2.2081 -0.6317
v  -0.0519 -2.1766 0.1611
v  -0.0516 -2.0951 0.2037
v  0.0000 -2.0998 0.2082
v  0.0000 -2.1814 0.1657
v  -0.0508 -2.0079 0.2371
v  -0.0492 -1.9163 0.2608
v  0.0000 -1.9198 0.2652
v  -0.0471 -1.8219 0.2748
v  -0.0456 -1.7260 0.2804
v  0.0000 -1.7260 0.2846
v  -0.0956 -1.8199 0.2602
v  -0.0921 -1.7260 0.2670
v  -0.1411 -1.8169 0.2357
v  -0.1369 -1.7260 0.2438
v  -0.1807 -1.8130 0.2021
v  -0.1768 -1.7260 0.2114
v  -0.2137 -1.8084 0.1593
v  -0.2118 -1.7260 0.1674
v  -0.2362 -1.8034 0.1109
v  -0.2356 -1.7260 0.1167
v  -0.2483 -1.7981 0.0527
v  -0.2479 -1.7260 0.0573
v  -0.2467 -1.7927 -0.0096
v  -0.2458 -1.7260 -0.0109
v  -0.2344 -1.7876 -0.0560
v  -0.2324 -1.7260 -0.0574
v  -0.2125 -1.7829 -0.1006
v  -0.2092 -1.7260 -0.1022
v  -0.1838 -1.7804 -0.1397
v  -0.1768 -1.7260 -0.1421
v  -0.1694 -1.7763 -0.1539
v  -0.1333 -1.7723 -0.1807
v  -0.1368 -1.7260 -0.1746
v  -0.0893 -1.7702 -0.2026
v  -0.0920 -1.7260 -0.1978
v  -0.0433 -1.7690 -0.2153
v  -0.0455 -1.7260 -0.2112
v  0.0000 -1.7260 -0.2140
v  -0.0407 -1.8111 -0.2236
v  -0.0380 -1.8892 -0.2508
v  0.0000 -1.8522 -0.2379
v  -0.0389 -1.8515 -0.2355
v  -0.0378 -1.9528 -0.2886
v  0.0000 -1.9237 -0.2709
v  -0.0378 -1.9234 -0.2687
v  -0.0379 -1.9767 -0.3099
v  -0.0379 -1.9948 -0.3324
v  -0.0380 -2.0071 -0.3559
v  -0.0380 -2.0135 -0.3805
v  -0.0380 -2.0169 -0.4303
v  0.0000 -2.0142 -0.4065
v  -0.0378 -2.0164 -0.4052
v  -0.0826 -2.0278 -0.4277
v  -0.1245 -2.0466 -0.4231
v  -0.1624 -2.0729 -0.4167
v  -0.1949 -2.1057 -0.4088
v  -0.0860 -1.8134 -0.2118
v  -0.0838 -1.8549 -0.2246
v  -0.1291 -1.8174 -0.1915
v  -0.1647 -1.8234 -0.1668
v  -0.1261 -1.8607 -0.2056
v  -0.1625 -1.8692 -0.1816
v  -0.0827 -1.8937 -0.2405
v  -0.0824 -1.9290 -0.2591
v  -0.0824 -1.9594 -0.2796
v  -0.0825 -1.9843 -0.3017
v  -0.0826 -2.0033 -0.3251
v  -0.1247 -1.9014 -0.2228
v  -0.1243 -1.9386 -0.2424
v  -0.1618 -1.9125 -0.1992
v  -0.1619 -1.9523 -0.2197
v  -0.1243 -1.9708 -0.2642
v  -0.1244 -1.9974 -0.2876
v  -0.1622 -1.9870 -0.2428
v  -0.1623 -2.0158 -0.2681
v  -0.1245 -2.0180 -0.3126
v  -0.1624 -2.0385 -0.2953
v  -0.1898 -1.8314 -0.1422
v  -0.2164 -1.8390 -0.1032
v  -0.1936 -1.8810 -0.1518
v  -0.2193 -1.8932 -0.1134
v  -0.2366 -1.8484 -0.0595
v  -0.2382 -1.9071 -0.0710
v  -0.2390 -1.9622 -0.0910
v  -0.2207 -1.9439 -0.1315
v  -0.2476 -1.8586 -0.0133
v  -0.2483 -1.9223 -0.0257
v  -0.2487 -1.9823 -0.0470
v  -0.1952 -1.9276 -0.1683
v  -0.1955 -1.9703 -0.1900
v  -0.2211 -1.9904 -0.1555
v  -0.2392 -2.0128 -0.1172
v  -0.1953 -2.0076 -0.2154
v  -0.1951 -2.0391 -0.2434
v  -0.2211 -2.0313 -0.1835
v  -0.2209 -2.0661 -0.2144
v  -0.1950 -2.0642 -0.2735
v  -0.2209 -2.0944 -0.2478
v  -0.2392 -2.0578 -0.1479
v  -0.2391 -2.0964 -0.1821
v  -0.2487 -2.0374 -0.0757
v  -0.2490 -2.0021 -0.0016
v  -0.2490 -2.0619 -0.0333
v  -0.2490 -2.1156 -0.0702
v  -0.2487 -2.0864 -0.1096
v  -0.2487 -2.1290 -0.1473
v  -0.2391 -2.1282 -0.2192
v  -0.2487 -2.1645 -0.1884
v  -0.2486 -1.8690 0.0417
v  -0.2376 -1.8791 0.0958
v  -0.2166 -1.8891 0.1423
v  -0.1856 -1.8982 0.1842
v  -0.2489 -1.9374 0.0236
v  -0.2388 -1.9522 0.0730
v  -0.2395 -2.0216 0.0440
v  -0.2189 -1.9670 0.1180
v  -0.1891 -1.9806 0.1590
v  -0.2201 -2.0411 0.0871
v  -0.1909 -2.0591 0.1267
v  -0.1464 -1.9061 0.2188
v  -0.1002 -1.9123 0.2448
v  -0.1504 -1.9925 0.1937
v  -0.1524 -2.0747 0.1606
v  -0.1037 -2.0018 0.2204
v  -0.1055 -2.0870 0.1869
v  -0.2397 -2.0862 0.0092
v  -0.2397 -2.1446 -0.0308
v  -0.2490 -2.1625 -0.1115
v  -0.2490 -2.2021 -0.1566
v  -0.2396 -2.1960 -0.0756
v  -0.2396 -2.2396 -0.1248
v  -0.2205 -2.1102 0.0500
v  -0.2204 -2.1730 0.0071
v  -0.1914 -2.1323 0.0875
v  -0.1914 -2.1990 0.0419
v  -0.2203 -2.2284 -0.0411
v  -0.2203 -2.2758 -0.0943
v  -0.1912 -2.2582 -0.0095
v  -0.1911 -2.3090 -0.0662
v  -0.1530 -2.1515 0.1197
v  -0.1529 -2.2216 0.0719
v  -0.1061 -2.1666 0.1449
v  -0.1060 -2.2394 0.0954
v  -0.1528 -2.2839 0.0178
v  -0.1527 -2.3377 -0.0421
v  -0.1059 -2.3042 0.0392
v  -0.1058 -2.3603 -0.0231
v  -0.0519 -2.2511 0.1106
v  0.0000 -2.2561 0.1151
v  -0.0518 -2.3176 0.0530
v  0.0000 -2.3229 0.0573
v  -0.0518 -2.3752 -0.0108
v  0.0000 -2.3808 -0.0069
v  -0.0826 -2.0164 -0.3497
v  -0.0826 -2.0234 -0.3754
v  -0.0823 -2.0269 -0.4014
v  -0.1245 -2.0324 -0.3390
v  -0.1624 -2.0548 -0.3241
v  -0.1245 -2.0405 -0.3666
v  -0.1624 -2.0644 -0.3545
v  -0.1242 -2.0449 -0.3947
v  -0.1620 -2.0701 -0.3854
v  -0.1949 -2.0828 -0.3055
v  -0.2208 -2.1157 -0.2835
v  -0.1949 -2.0943 -0.3393
v  -0.2208 -2.1295 -0.3214
v  -0.1945 -2.1016 -0.3737
v  -0.2205 -2.1388 -0.3600
v  -0.2390 -2.1526 -0.2590
v  -0.2487 -2.1927 -0.2324
v  -0.2390 -2.1688 -0.3014
v  -0.2487 -2.2134 -0.2789
v  -0.2388 -2.1803 -0.3447
v  -0.2486 -2.2264 -0.3276
v  -0.2490 -2.2575 -0.2566
v  -0.2491 -2.2728 -0.3105
v  -0.2490 -2.2818 -0.3661
v  -0.2487 -2.2338 -0.3777
v  -0.2208 -2.1443 -0.3994
v  -0.2390 -2.1875 -0.3889
v  -0.2490 -2.2338 -0.2051
v  -0.2396 -2.2749 -0.1779
v  -0.2396 -2.3015 -0.2344
v  -0.2399 -2.3193 -0.2934
v  -0.2396 -2.3298 -0.3544
v  -0.2202 -2.3144 -0.1518
v  -0.1911 -2.3507 -0.1278
v  -0.2202 -2.3438 -0.2131
v  -0.1911 -2.3827 -0.1935
v  -0.2207 -2.3641 -0.2770
v  -0.1916 -2.4052 -0.2620
v  -0.2202 -2.3758 -0.3433
v  -0.1911 -2.4181 -0.3330
v  -0.1526 -2.3820 -0.1071
v  -0.1057 -2.4067 -0.0909
v  -0.1526 -2.4162 -0.1766
v  -0.1057 -2.4426 -0.1634
v  -0.1532 -2.4408 -0.2491
v  -0.1062 -2.4687 -0.2389
v  -0.1526 -2.4545 -0.3242
v  -0.1057 -2.4830 -0.3173
v  -0.0518 -2.4229 -0.0804
v  0.0000 -2.4288 -0.0769
v  -0.0518 -2.4599 -0.1548
v  -0.0519 -2.4870 -0.2323
v  -0.0518 -2.5015 -0.3128
v  0.0000 -2.5077 -0.3113
v  -0.3323 -2.1492 -0.7303
v  -0.2681 -2.1534 -0.7064
v  -0.2857 -2.2048 -0.6996
v  -0.3352 -2.2057 -0.7197
v  -0.0479 -2.5214 -0.7580
v  0.0000 -2.5295 -0.7639
v  -0.0505 -2.5275 -0.7659
v  -0.0982 -2.0063 -0.7521
v  -0.0976 -2.0101 -0.7476
v  -0.1535 -2.0358 -0.7374
v  -0.1572 -2.0325 -0.7407
v  -0.3233 -1.9360 -1.0951
v  -0.3233 -1.9305 -1.0356
v  -0.3964 -1.9605 -1.0320
v  -0.3964 -1.9648 -1.0862
v  -0.1076 -1.8861 -0.9668
v  -0.1076 -1.8798 -1.0356
v  -0.0505 -1.8765 -1.0356
v  -0.0505 -1.8829 -0.9662
v  -0.2162 -1.9046 -0.9702
v  -0.2162 -1.8986 -1.0356
v  -0.3233 -1.9360 -0.9760
v  -0.3964 -1.9661 -0.9780
v  -0.3233 -1.9535 -0.9151
v  -0.3964 -1.9827 -0.9228
v  -0.3233 -2.0264 -0.8041
v  -0.3964 -2.0501 -0.8228
v  -0.3964 -2.0109 -0.8699
v  -0.3233 -1.9838 -0.8565
v  -0.3233 -2.0787 -0.7616
v  -0.3964 -2.0981 -0.7847
v  -0.3964 -2.1517 -0.7578
v  -0.3283 -2.3973 -0.7434
v  -0.2487 -2.4018 -0.7157
v  -0.2055 -2.4512 -0.7299
v  -0.3233 -2.4370 -0.7616
v  -0.2162 -1.9046 -1.1009
v  -0.1076 -1.8861 -1.1044
v  -0.3233 -1.9535 -1.1561
v  -0.3964 -1.9800 -1.1417
v  -0.3233 -1.9838 -1.2147
v  -0.3964 -2.0070 -1.1953
v  -0.3964 -2.2002 -1.3273
v  -0.3233 -2.1983 -1.3575
v  -0.3233 -2.1373 -1.3399
v  -0.3964 -2.1451 -1.3107
v  -0.3964 -2.2543 -1.3329
v  -0.3233 -2.2578 -1.3629
v  -0.3964 -2.3640 -1.3134
v  -0.3233 -2.3783 -1.3399
v  -0.3233 -2.3174 -1.3575
v  -0.3964 -2.3084 -1.3286
v  -0.3964 -2.4176 -1.2864
v  -0.3233 -2.4370 -1.3096
v  -0.3964 -2.5496 -1.0932
v  -0.3233 -2.5797 -1.0951
v  -0.3233 -2.5622 -1.1561
v  -0.3964 -2.5330 -1.1484
v  -0.3964 -2.5552 -1.0392
v  -0.3233 -2.5852 -1.0356
v  -0.3964 -2.5509 -0.9850
v  -0.3233 -2.5797 -0.9760
v  -0.3964 -2.5356 -0.9294
v  -0.3233 -2.5622 -0.9151
v  -0.3964 -2.4706 -0.8278
v  -0.3233 -2.4893 -0.8041
v  -0.3233 -2.5318 -0.8565
v  -0.3964 -2.5087 -0.8759
v  -0.3964 -2.4235 -0.7887
v  -0.3374 -2.2578 -0.7151
v  -0.2915 -2.2578 -0.6972
v  -0.2847 -2.3117 -0.7002
v  -0.3356 -2.3200 -0.7201
v  -0.2684 -2.3637 -0.7076
v  -0.2614 -2.3613 -0.7036
v  -0.2375 -2.4029 -0.7118
v  -0.2162 -1.9238 -1.1678
v  -0.1076 -1.9063 -1.1748
v  -0.2162 -1.9572 -1.2321
v  -0.1076 -1.9414 -1.2425
v  -0.2162 -2.0038 -1.2896
v  -0.1076 -1.9905 -1.3029
v  -0.3233 -2.0264 -1.2670
v  -0.2162 -2.0613 -1.3362
v  -0.1076 -2.0509 -1.3520
v  -0.2162 -2.1256 -1.3696
v  -0.1076 -2.1187 -1.3871
v  -0.3233 -2.0787 -1.3096
v  -0.2162 -2.1925 -1.3888
v  -0.1076 -2.1890 -1.4073
v  -0.2162 -2.2578 -1.3948
v  -0.1076 -2.2578 -1.4137
v  -0.2162 -2.3232 -1.3888
v  -0.1076 -2.3266 -1.4073
v  -0.2162 -2.3901 -1.3696
v  -0.1076 -2.3970 -1.3871
v  -0.2162 -2.4544 -1.3362
v  -0.1076 -2.4647 -1.3520
v  -0.2162 -2.5118 -1.2896
v  -0.1076 -2.5252 -1.3029
v  -0.3233 -2.4893 -1.2670
v  -0.2162 -2.5585 -1.2321
v  -0.1076 -2.5743 -1.2425
v  -0.2162 -2.5918 -1.1678
v  -0.1076 -2.6094 -1.1748
v  -0.3233 -2.5318 -1.2147
v  -0.2162 -2.6110 -1.1009
v  -0.1076 -2.6296 -1.1044
v  -0.2162 -2.6170 -1.0356
v  -0.1076 -2.6359 -1.0356
v  -0.2162 -2.6110 -0.9702
v  -0.1076 -2.6296 -0.9668
v  -0.2162 -2.5918 -0.9034
v  -0.1076 -2.6094 -0.8964
v  -0.2162 -2.5585 -0.8390
v  -0.1076 -2.5743 -0.8287
v  -0.2162 -2.5118 -0.7816
v  -0.1076 -2.5252 -0.7682
v  -0.2162 -2.0038 -0.7816
v  -0.2162 -1.9572 -0.8390
v  -0.1076 -1.9414 -0.8287
v  -0.2162 -1.9238 -0.9034
v  -0.1076 -1.9063 -0.8964
v  -0.3964 -2.0450 -1.2433
v  -0.4074 -2.5475 -1.0928
v  -0.4074 -2.5531 -1.0391
v  -0.4185 -2.5496 -1.0932
v  -0.4185 -2.5552 -1.0392
v  -0.4295 -2.5574 -1.0929
v  -0.4295 -2.5628 -1.0392
v  -0.4295 -2.5407 -1.1495
v  -0.4185 -2.5330 -1.1484
v  -0.4295 -2.5121 -1.2040
v  -0.4185 -2.5048 -1.2013
v  -0.4295 -2.4722 -1.2525
v  -0.4185 -2.4656 -1.2484
v  -0.4295 -2.4232 -1.2918
v  -0.4185 -2.4176 -1.2864
v  -0.4295 -2.3684 -1.3198
v  -0.4185 -2.3640 -1.3134
v  -0.4295 -2.3115 -1.3358
v  -0.4185 -2.3084 -1.3286
v  -0.4295 -2.2560 -1.3406
v  -0.4185 -2.2543 -1.3329
v  -0.4295 -2.2005 -1.3351
v  -0.4185 -2.2002 -1.3273
v  -0.4295 -2.1439 -1.3185
v  -0.4185 -2.1451 -1.3107
v  -0.4295 -2.0894 -1.2899
v  -0.4185 -2.0921 -1.2825
v  -0.4295 -2.0016 -1.2009
v  -0.4295 -2.0409 -1.2499
v  -0.4185 -2.0450 -1.2433
v  -0.4185 -2.0070 -1.1953
v  -0.4295 -1.9736 -1.1461
v  -0.4185 -1.9800 -1.1417
v  -0.4295 -1.9583 -0.9783
v  -0.4295 -1.9528 -1.0338
v  -0.4185 -1.9605 -1.0320
v  -0.4185 -1.9661 -0.9780
v  -0.4295 -1.9749 -0.9216
v  -0.4185 -1.9827 -0.9228
v  -0.4295 -2.0435 -0.8186
v  -0.4295 -2.0036 -0.8672
v  -0.4185 -2.0109 -0.8699
v  -0.4185 -2.0501 -0.8228
v  -0.4295 -2.0925 -0.7793
v  -0.4185 -2.0981 -0.7847
v  -0.4295 -2.1473 -0.7513
v  -0.4185 -2.1517 -0.7578
v  -0.4295 -2.2041 -0.7354
v  -0.4185 -2.2072 -0.7425
v  -0.4295 -2.2597 -0.7306
v  -0.4185 -2.2614 -0.7382
v  -0.4295 -2.3718 -0.7527
v  -0.4295 -2.3151 -0.7360
v  -0.4185 -2.3154 -0.7438
v  -0.4185 -2.3706 -0.7604
v  -0.4295 -2.4262 -0.7813
v  -0.4185 -2.4235 -0.7887
v  -0.4295 -2.5421 -0.9250
v  -0.4295 -2.5141 -0.8702
v  -0.4185 -2.5087 -0.8759
v  -0.4185 -2.5356 -0.9294
v  -0.4295 -2.5581 -0.9819
v  -0.4185 -2.5509 -0.9850
v  -0.4074 -2.5488 -0.9853
v  -0.4074 -2.5310 -1.1476
v  -0.4074 -2.5030 -1.2001
v  -0.4074 -2.4641 -1.2469
v  -0.3964 -2.5048 -1.2013
v  -0.3964 -2.4656 -1.2484
v  -0.4074 -2.4164 -1.2846
v  -0.4074 -2.3632 -1.3114
v  -0.4074 -2.3081 -1.3265
v  -0.4074 -2.2543 -1.3308
v  -0.4074 -2.2006 -1.3253
v  -0.4074 -2.1459 -1.3088
v  -0.4074 -2.0933 -1.2808
v  -0.4074 -2.0466 -1.2418
v  -0.3964 -2.0921 -1.2825
v  -0.4074 -2.0088 -1.1942
v  -0.4074 -1.9820 -1.1410
v  -0.4074 -1.9669 -1.0858
v  -0.4185 -1.9648 -1.0862
v  -0.4074 -1.9626 -1.0320
v  -0.4074 -1.9682 -0.9784
v  -0.4074 -1.9846 -0.9236
v  -0.4074 -2.0126 -0.8711
v  -0.4074 -2.0516 -0.8243
v  -0.4074 -2.0992 -0.7865
v  -0.4074 -2.1524 -0.7598
v  -0.4074 -2.2076 -0.7446
v  -0.4074 -2.2614 -0.7403
v  -0.3964 -2.2072 -0.7425
v  -0.3964 -2.2614 -0.7382
v  -0.4074 -2.3150 -0.7459
v  -0.4074 -2.3698 -0.7624
v  -0.4074 -2.4224 -0.7904
v  -0.4074 -2.4691 -0.8293
v  -0.4185 -2.4706 -0.8278
v  -0.3964 -2.3154 -0.7438
v  -0.3964 -2.3706 -0.7604
v  -0.4074 -2.5069 -0.8770
v  -0.4074 -2.5337 -0.9302
v  -0.4406 -1.9643 -0.9194
v  -0.4406 -1.9474 -0.9781
v  -0.4406 -1.9422 -1.0356
v  -0.4406 -2.5735 -1.0356
v  -0.4406 -2.5682 -0.9781
v  -0.4535 -1.9403 -0.9768
v  -0.4535 -1.9349 -1.0356
v  -0.4672 -1.9370 -0.9762
v  -0.4671 -1.9315 -1.0356
v  -0.4810 -1.9374 -0.9763
v  -0.4810 -1.9320 -1.0356
v  -0.4945 -1.9417 -0.9771
v  -0.4945 -1.9364 -1.0356
v  -0.5069 -1.9499 -0.9786
v  -0.5069 -1.9446 -1.0356
v  -0.5177 -1.9618 -0.9808
v  -0.5177 -1.9568 -1.0356
v  -0.5255 -1.9766 -0.9796
v  -0.5254 -1.9711 -1.0356
v  -0.5177 -1.9779 -0.9248
v  -0.5255 -1.9930 -0.9257
v  -0.5177 -2.0058 -0.8708
v  -0.5255 -2.0195 -0.8762
v  -0.5177 -2.0449 -0.8227
v  -0.5255 -2.0552 -0.8328
v  -0.5177 -2.0931 -0.7836
v  -0.5255 -2.0986 -0.7971
v  -0.5177 -2.1470 -0.7557
v  -0.5255 -2.1482 -0.7707
v  -0.5177 -2.2030 -0.7395
v  -0.5255 -2.2019 -0.7544
v  -0.5177 -2.2578 -0.7345
v  -0.5255 -2.2578 -0.7489
v  -0.5177 -2.3126 -0.7395
v  -0.5255 -2.3137 -0.7544
v  -0.5177 -2.3686 -0.7557
v  -0.5255 -2.3675 -0.7707
v  -0.5177 -2.4226 -0.7836
v  -0.5255 -2.4170 -0.7971
v  -0.5177 -2.4707 -0.8227
v  -0.5255 -2.4605 -0.8328
v  -0.5177 -2.5098 -0.8708
v  -0.5255 -2.4961 -0.8761
v  -0.5177 -2.5378 -0.9248
v  -0.5255 -2.5227 -0.9257
v  -0.5177 -2.5539 -0.9808
v  -0.5255 -2.5390 -0.9796
v  -0.5177 -2.5589 -1.0356
v  -0.5254 -2.5446 -1.0356
v  -0.5069 -2.5658 -0.9786
v  -0.5069 -2.5710 -1.0356
v  -0.4945 -2.5739 -0.9771
v  -0.4945 -2.5793 -1.0356
v  -0.4810 -2.5782 -0.9763
v  -0.4810 -2.5837 -1.0356
v  -0.4672 -2.5787 -0.9762
v  -0.4671 -2.5842 -1.0356
v  -0.4535 -2.5754 -0.9768
v  -0.4535 -2.5808 -1.0356
v  -0.4406 -2.5513 -0.9194
v  -0.4406 -2.5220 -0.8628
v  -0.4406 -2.4810 -0.8124
v  -0.4295 -2.4748 -0.8212
v  -0.4406 -2.4306 -0.7714
v  -0.4406 -2.3740 -0.7421
v  -0.4406 -2.3153 -0.7252
v  -0.4406 -2.2578 -0.7199
v  -0.4406 -2.2004 -0.7252
v  -0.4406 -2.1416 -0.7421
v  -0.4406 -2.0851 -0.7714
v  -0.4406 -2.0346 -0.8124
v  -0.4406 -1.9936 -0.8628
v  -0.5069 -1.9666 -0.9203
v  -0.4945 -1.9589 -0.9173
v  -0.4810 -1.9549 -0.9156
v  -0.4672 -1.9544 -0.9155
v  -0.4535 -1.9576 -0.9167
v  -0.5069 -1.9957 -0.8642
v  -0.4945 -1.9888 -0.8597
v  -0.4810 -1.9851 -0.8573
v  -0.5069 -2.0364 -0.8141
v  -0.4945 -2.0305 -0.8083
v  -0.4810 -2.0274 -0.8052
v  -0.4672 -1.9847 -0.8570
v  -0.4535 -1.9875 -0.8589
v  -0.4672 -2.0271 -0.8048
v  -0.4535 -2.0295 -0.8072
v  -0.5069 -2.0864 -0.7734
v  -0.4945 -2.0819 -0.7665
v  -0.4810 -2.0795 -0.7629
v  -0.5069 -2.1425 -0.7444
v  -0.4945 -2.1395 -0.7367
v  -0.4810 -2.1379 -0.7326
v  -0.4672 -2.0793 -0.7624
v  -0.4535 -2.0811 -0.7653
v  -0.4672 -2.1377 -0.7322
v  -0.4535 -2.1390 -0.7353
v  -0.5069 -2.2008 -0.7276
v  -0.4945 -2.1993 -0.7195
v  -0.4810 -2.1985 -0.7152
v  -0.5069 -2.2578 -0.7224
v  -0.4945 -2.2578 -0.7141
v  -0.4810 -2.2578 -0.7097
v  -0.4672 -2.1985 -0.7147
v  -0.4535 -2.1991 -0.7180
v  -0.4672 -2.2578 -0.7093
v  -0.4535 -2.2578 -0.7126
v  -0.5069 -2.3148 -0.7276
v  -0.4945 -2.3163 -0.7195
v  -0.4810 -2.3171 -0.7152
v  -0.5069 -2.3731 -0.7444
v  -0.4945 -2.3762 -0.7367
v  -0.4810 -2.3778 -0.7326
v  -0.4672 -2.3172 -0.7147
v  -0.4535 -2.3166 -0.7180
v  -0.4672 -2.3779 -0.7322
v  -0.4535 -2.3767 -0.7353
v  -0.5069 -2.4292 -0.7734
v  -0.4945 -2.4337 -0.7665
v  -0.4810 -2.4361 -0.7629
v  -0.5069 -2.4793 -0.8141
v  -0.4945 -2.4851 -0.8083
v  -0.4810 -2.4882 -0.8052
v  -0.4672 -2.4364 -0.7624
v  -0.4535 -2.4345 -0.7653
v  -0.4672 -2.4886 -0.8048
v  -0.4535 -2.4862 -0.8072
v  -0.5069 -2.5200 -0.8642
v  -0.4945 -2.5269 -0.8597
v  -0.4810 -2.5306 -0.8573
v  -0.5069 -2.5490 -0.9203
v  -0.4945 -2.5567 -0.9173
v  -0.4810 -2.5608 -0.9156
v  -0.4672 -2.5310 -0.8570
v  -0.4535 -2.5281 -0.8589
v  -0.4672 -2.5612 -0.9155
v  -0.4535 -2.5581 -0.9167
v  -0.4406 -1.9474 -1.0930
v  -0.4295 -1.9576 -1.0893
v  -0.4406 -2.5513 -1.1518
v  -0.4406 -2.5682 -1.0930
v  -0.4406 -2.4810 -1.2588
v  -0.4406 -2.5220 -1.2083
v  -0.4406 -2.4306 -1.2998
v  -0.4406 -2.3740 -1.3291
v  -0.4406 -2.3153 -1.3460
v  -0.4406 -2.2004 -1.3460
v  -0.4406 -2.2578 -1.3513
v  -0.4406 -2.1416 -1.3291
v  -0.4406 -2.0851 -1.2998
v  -0.4406 -1.9936 -1.2083
v  -0.4406 -2.0346 -1.2588
v  -0.4406 -1.9643 -1.1518
v  -0.4535 -1.9403 -1.0943
v  -0.4672 -1.9370 -1.0950
v  -0.4810 -1.9374 -1.0949
v  -0.4945 -1.9417 -1.0941
v  -0.5069 -1.9499 -1.0926
v  -0.5177 -1.9618 -1.0904
v  -0.5255 -1.9766 -1.0916
v  -0.5255 -1.9930 -1.1455
v  -0.5177 -1.9779 -1.1464
v  -0.5255 -2.0195 -1.1950
v  -0.5177 -2.0058 -1.2003
v  -0.5255 -2.0552 -1.2384
v  -0.5177 -2.0449 -1.2485
v  -0.5255 -2.0986 -1.2740
v  -0.5177 -2.0931 -1.2876
v  -0.5255 -2.1482 -1.3005
v  -0.5177 -2.1470 -1.3155
v  -0.5255 -2.2019 -1.3168
v  -0.5177 -2.2030 -1.3316
v  -0.5255 -2.2578 -1.3223
v  -0.5177 -2.2578 -1.3366
v  -0.5255 -2.3137 -1.3168
v  -0.5177 -2.3126 -1.3316
v  -0.5255 -2.3675 -1.3005
v  -0.5177 -2.3686 -1.3155
v  -0.5255 -2.4170 -1.2740
v  -0.5177 -2.4226 -1.2876
v  -0.5255 -2.4605 -1.2384
v  -0.5177 -2.4707 -1.2485
v  -0.5255 -2.4961 -1.1950
v  -0.5177 -2.5098 -1.2003
v  -0.5255 -2.5226 -1.1455
v  -0.5177 -2.5378 -1.1464
v  -0.5255 -2.5390 -1.0916
v  -0.5177 -2.5539 -1.0904
v  -0.5069 -2.5658 -1.0926
v  -0.4945 -2.5739 -1.0941
v  -0.4810 -2.5782 -1.0949
v  -0.4672 -2.5787 -1.0950
v  -0.4535 -2.5754 -1.0943
v  -0.5069 -2.5490 -1.1509
v  -0.4945 -2.5567 -1.1539
v  -0.4810 -2.5608 -1.1555
v  -0.4672 -2.5612 -1.1557
v  -0.4535 -2.5581 -1.1545
v  -0.5069 -2.5200 -1.2070
v  -0.4945 -2.5269 -1.2115
v  -0.4810 -2.5306 -1.2139
v  -0.5069 -2.4793 -1.2570
v  -0.4945 -2.4851 -1.2629
v  -0.4810 -2.4882 -1.2660
v  -0.4672 -2.5310 -1.2142
v  -0.4535 -2.5281 -1.2123
v  -0.4672 -2.4886 -1.2663
v  -0.4535 -2.4862 -1.2639
v  -0.5069 -2.4292 -1.2977
v  -0.4945 -2.4337 -1.3046
v  -0.4810 -2.4361 -1.3083
v  -0.5069 -2.3731 -1.3268
v  -0.4945 -2.3762 -1.3345
v  -0.4810 -2.3778 -1.3385
v  -0.4672 -2.4364 -1.3087
v  -0.4535 -2.4345 -1.3059
v  -0.4672 -2.3779 -1.3390
v  -0.4535 -2.3767 -1.3358
v  -0.5069 -2.3148 -1.3436
v  -0.4945 -2.3163 -1.3517
v  -0.4810 -2.3171 -1.3560
v  -0.5069 -2.2578 -1.3488
v  -0.4945 -2.2578 -1.3570
v  -0.4810 -2.2578 -1.3614
v  -0.4672 -2.3172 -1.3565
v  -0.4535 -2.3166 -1.3531
v  -0.4672 -2.2578 -1.3619
v  -0.4535 -2.2578 -1.3585
v  -0.5069 -2.2008 -1.3436
v  -0.4945 -2.1993 -1.3517
v  -0.4810 -2.1985 -1.3560
v  -0.5069 -2.1425 -1.3268
v  -0.4945 -2.1395 -1.3345
v  -0.4810 -2.1379 -1.3385
v  -0.4672 -2.1985 -1.3565
v  -0.4535 -2.1991 -1.3531
v  -0.4672 -2.1377 -1.3390
v  -0.4535 -2.1390 -1.3358
v  -0.5069 -2.0864 -1.2977
v  -0.4945 -2.0819 -1.3046
v  -0.4810 -2.0795 -1.3083
v  -0.5069 -2.0364 -1.2570
v  -0.4945 -2.0305 -1.2629
v  -0.4810 -2.0274 -1.2660
v  -0.4672 -2.0793 -1.3087
v  -0.4535 -2.0811 -1.3059
v  -0.4672 -2.0271 -1.2663
v  -0.4535 -2.0295 -1.2639
v  -0.5069 -1.9957 -1.2070
v  -0.4945 -1.9888 -1.2115
v  -0.4810 -1.9851 -1.2139
v  -0.5069 -1.9666 -1.1509
v  -0.4945 -1.9589 -1.1539
v  -0.4810 -1.9549 -1.1555
v  -0.4672 -1.9847 -1.2142
v  -0.4535 -1.9875 -1.2123
v  -0.4672 -1.9544 -1.1557
v  -0.4535 -1.9576 -1.1545
v  -0.5255 -2.0254 -1.1276
v  -0.5255 -2.0120 -1.0811
v  -0.5255 -2.2578 -0.7855
v  -0.5255 -2.2080 -0.7905
v  -0.5255 -2.1612 -0.8050
v  -0.5255 -2.1194 -0.8273
v  -0.5255 -2.3075 -0.7905
v  -0.5255 -2.3543 -0.8049
v  -0.5255 -2.3961 -0.8273
v  -0.5255 -2.4337 -0.8579
v  -0.5255 -2.0818 -0.8580
v  -0.5255 -2.0502 -0.8963
v  -0.5255 -2.0266 -0.9405
v  -0.5255 -2.0124 -0.9879
v  -0.5255 -2.0079 -1.0356
v  -0.5255 -2.4654 -0.8963
v  -0.5255 -2.4890 -0.9404
v  -0.5255 -2.5032 -0.9878
v  -0.5255 -2.5078 -1.0355
v  -0.5255 -2.5036 -1.0810
v  -0.5255 -2.4903 -1.1275
v  -0.5255 -2.4671 -1.1723
v  -0.5255 -2.4346 -1.2123
v  -0.5255 -2.3947 -1.2448
v  -0.5255 -2.3499 -1.2680
v  -0.5255 -2.3034 -1.2814
v  -0.5255 -2.2579 -1.2855
v  -0.5255 -2.2124 -1.2814
v  -0.5255 -2.1659 -1.2680
v  -0.5255 -2.1211 -1.2448
v  -0.5255 -2.0811 -1.2124
v  -0.5255 -2.0486 -1.1724
v  -0.0887 -2.4904 -0.7061
v  -0.0894 -2.4913 -0.7118
v  -0.1342 -2.4688 -0.6997
v  -0.1330 -2.4683 -0.6937
v  -0.0430 -2.0066 -0.7386
v  -0.0440 -2.0035 -0.7443
v  -0.0207 -2.0018 -0.7451
v  -0.0202 -2.0048 -0.7396
v  -0.0449 -2.0005 -0.7498
v  -0.0971 -2.0138 -0.7433
v  -0.0456 -1.9972 -0.7539
v  -0.2330 -2.1067 -0.7140
v  -0.2396 -2.1061 -0.7166
v  -0.2019 -2.0652 -0.7287
v  -0.1950 -2.0656 -0.7262
v  -0.2615 -2.1543 -0.7036
v  -0.2789 -2.2059 -0.6968
v  -0.2846 -2.2589 -0.6944
v  -0.0198 -2.0066 -0.7337
v  -0.0936 -2.0261 -0.7056
v  -0.0917 -2.0247 -0.7115
v  -0.0416 -2.0111 -0.7197
v  -0.0419 -2.0117 -0.7145
v  -0.1310 -2.0451 -0.6947
v  -0.1321 -2.0453 -0.7002
v  -0.1713 -2.0770 -0.6794
v  -0.1719 -2.0759 -0.6858
v  -0.2048 -2.1157 -0.6644
v  -0.2303 -2.1598 -0.6521
v  -0.2453 -2.2082 -0.6439
v  -0.2503 -2.2584 -0.6408
v  -0.2440 -2.3076 -0.6437
v  -0.0453 -2.5152 -0.7499
v  -0.0466 -2.5182 -0.7539
v  -0.2786 -2.3112 -0.6969
v  -0.1966 -2.4485 -0.7257
v  -0.0406 -2.5042 -0.7147
v  0.0000 -2.5078 -0.7172
v  -0.0983 -2.5014 -0.7431
v  -0.0997 -2.5046 -0.7473
v  -0.0433 -2.5090 -0.7386
v  -0.0442 -2.5118 -0.7437
v  -0.0417 -2.5054 -0.7262
v  -0.0424 -2.5071 -0.7318
v  -0.0959 -2.4981 -0.7368
v  -0.0939 -2.4954 -0.7315
v  -0.0920 -2.4937 -0.7245
v  -0.1478 -2.4776 -0.7327
v  -0.1443 -2.4745 -0.7269
v  -0.1914 -2.4449 -0.7204
v  -0.1867 -2.4420 -0.7144
v  -0.1824 -2.4399 -0.7078
v  -0.1411 -2.4720 -0.7206
v  -0.1382 -2.4703 -0.7139
v  -0.1788 -2.4385 -0.7007
v  -0.1757 -2.4380 -0.6931
v  -0.1357 -2.4694 -0.7069
v  -0.2272 -2.4047 -0.7084
v  -0.2213 -2.4023 -0.7023
v  -0.2162 -2.4006 -0.6953
v  -0.2538 -2.3590 -0.6984
v  -0.2469 -2.3572 -0.6921
v  -0.2411 -2.3560 -0.6849
v  -0.2119 -2.3997 -0.6877
v  -0.2084 -2.3995 -0.6795
v  -0.2362 -2.3555 -0.6768
v  -0.2326 -2.3556 -0.6680
v  -0.2701 -2.3099 -0.6918
v  -0.2626 -2.3089 -0.6854
v  -0.2562 -2.3084 -0.6779
v  -0.2758 -2.2589 -0.6893
v  -0.2680 -2.2589 -0.6829
v  -0.2615 -2.2588 -0.6754
v  -0.2512 -2.3081 -0.6695
v  -0.2474 -2.3082 -0.6604
v  -0.2563 -2.2588 -0.6668
v  -0.2526 -2.2588 -0.6575
v  -0.2704 -2.2071 -0.6916
v  -0.2629 -2.2080 -0.6853
v  -0.2565 -2.2086 -0.6778
v  -0.2538 -2.1566 -0.6984
v  -0.2469 -2.1584 -0.6921
v  -0.2411 -2.1596 -0.6849
v  -0.2514 -2.2088 -0.6694
v  -0.2477 -2.2087 -0.6602
v  -0.2363 -2.1601 -0.6768
v  -0.2326 -2.1600 -0.6681
v  -0.2303 -2.1593 -0.6588
v  -0.2455 -2.2082 -0.6505
v  -0.2264 -2.1098 -0.7087
v  -0.2206 -2.1122 -0.7026
v  -0.2155 -2.1139 -0.6956
v  -0.1898 -2.0693 -0.7210
v  -0.1851 -2.0722 -0.7150
v  -0.1809 -2.0743 -0.7084
v  -0.2111 -2.1149 -0.6880
v  -0.2077 -2.1150 -0.6798
v  -0.2053 -2.1144 -0.6713
v  -0.1773 -2.0756 -0.7012
v  -0.1743 -2.0762 -0.6937
v  -0.1491 -2.0392 -0.7323
v  -0.1449 -2.0419 -0.7267
v  -0.1411 -2.0439 -0.7205
v  -0.1377 -2.0451 -0.7140
v  -0.1348 -2.0457 -0.7072
v  -0.0949 -2.0168 -0.7377
v  -0.0927 -2.0198 -0.7318
v  -0.0422 -2.0084 -0.7325
v  -0.0910 -2.0214 -0.7255
v  -0.2288 -2.3549 -0.6521
v  -0.0192 -2.0097 -0.7159
v  -0.0196 -2.0091 -0.7211
v  -0.0476 -2.0124 -0.6317
v  -0.0950 -2.0266 -0.6317
v  -0.1392 -2.0502 -0.6317
v  -0.1776 -2.0819 -0.6317
v  -0.2060 -2.3992 -0.6639
v  -0.1724 -2.4370 -0.6788
v  -0.1739 -2.4375 -0.6853
v  -0.2071 -2.3993 -0.6710
v  0.0000 -2.5078 -0.6317
v  -0.1514 -2.4804 -0.7367
v  -0.1551 -2.4833 -0.7409
v  -0.1011 -2.5080 -0.7516
v  -0.0219 -2.0100 -0.6317
v  -0.2305 -2.3552 -0.6593
v  -0.2455 -2.3079 -0.6513
v  -0.2514 -2.2586 -0.6484
v  -0.0903 -2.4922 -0.7187
v  -0.0411 -2.5047 -0.7199
v  0.0000 -2.5084 -0.7225
v  -0.0413 -2.0102 -0.7262
v  -0.0194 -2.0084 -0.7276
v  -0.0892 -2.0230 -0.7189
v  -0.1010 -1.9902 -0.7680
v  0.0000 -1.8736 -1.0356
v  0.0000 -1.8800 -0.9657
v  -0.0505 -1.8829 -1.1050
v  -0.0505 -1.9033 -1.1759
v  -0.0505 -1.9387 -1.2443
v  -0.0505 -1.9882 -1.3052
v  -0.0505 -2.0492 -1.3548
v  -0.0505 -2.1175 -1.3901
v  -0.0505 -2.1884 -1.4106
v  -0.0505 -2.2578 -1.4169
v  -0.0505 -2.3272 -1.4106
v  -0.0505 -2.3982 -1.3901
v  -0.0505 -2.4665 -1.3548
v  -0.0505 -2.5275 -1.3052
v  -0.0505 -2.5770 -1.2443
v  -0.0505 -2.6124 -1.1759
v  -0.0505 -2.6328 -1.1050
v  -0.0505 -2.6392 -1.0356
v  -0.0505 -2.6328 -0.9662
v  -0.0505 -2.6124 -0.8952
v  -0.0505 -2.5770 -0.8269
v  -0.0505 -1.9387 -0.8269
v  -0.0505 -1.9033 -0.8952
v  -0.0211 -1.9988 -0.7505
v  -0.0256 -1.9920 -0.7590
v  -0.0233 -1.9955 -0.7547
v  -0.2781 -2.0737 -0.7493
v  -0.0463 -1.9938 -0.7581
v  -0.0475 -1.9881 -0.7658
v  -0.0278 -1.9873 -0.7650
v  -0.5255 -2.2578 -1.0352
v  0.0000 -1.8800 -1.1055
v  0.0000 -1.9362 -1.2458
v  0.0000 -2.0476 -1.3572
v  0.0000 -2.1164 -1.3928
v  0.0000 -2.2578 -1.4198
v  0.0000 -2.3277 -1.4134
v  0.0000 -2.4681 -1.3572
v  0.0000 -2.5295 -1.3073
v  0.0000 -2.6151 -1.1770
v  0.0000 -2.6356 -1.1055
v  0.0000 -2.6151 -0.8942
v  0.0000 -1.9362 -0.8253
v  1.7852 -2.0079 -0.9091
v  1.8884 -2.0079 -0.7931
v  1.9963 -2.5078 -0.3872
v  1.8885 -2.5078 -0.7930
v  1.4193 -2.5029 -1.0828
v  1.8687 -2.0105 -0.8809
v  1.8088 -2.0104 -0.9384
v  1.7404 -2.0103 -0.9855
v  1.6655 -2.0101 -1.0215
v  1.5859 -2.0099 -1.0466
v  1.5032 -2.0099 -1.0619
v  1.4186 -2.0105 -1.0691
v  1.9196 -2.0105 -0.8141
v  1.9607 -2.0105 -0.7392
v  1.9918 -2.0104 -0.6578
v  2.0134 -2.0105 -0.5717
v  2.0264 -2.0103 -0.4799
v  2.0340 -2.0105 -0.3872
v  2.0781 -2.0208 -0.3872
v  2.1204 -2.0390 -0.3872
v  2.1594 -2.0649 -0.3872
v  2.1934 -2.0982 -0.3872
v  2.2208 -2.1379 -0.3872
v  2.2403 -2.1828 -0.3872
v  2.2506 -2.2313 -0.3872
v  2.2509 -2.2816 -0.3872
v  2.2406 -2.3316 -0.3872
v  2.2200 -2.3791 -0.3872
v  2.1892 -2.4221 -0.3872
v  2.1494 -2.4583 -0.3872
v  2.1016 -2.4858 -0.3872
v  2.0476 -2.5028 -0.3872
v  2.0412 -2.5029 -0.4815
v  2.0269 -2.5030 -0.5749
v  2.0049 -2.5030 -0.6625
v  1.9731 -2.5030 -0.7454
v  1.9310 -2.5030 -0.8218
v  1.8789 -2.5030 -0.8901
v  1.8176 -2.5030 -0.9491
v  1.7477 -2.5032 -0.9973
v  1.6712 -2.5034 -1.0342
v  1.5899 -2.5036 -1.0600
v  1.5055 -2.5036 -1.0755
v  1.4210 -2.0207 -1.1132
v  1.4234 -2.0388 -1.1557
v  1.4255 -2.0646 -1.1948
v  1.4274 -2.0978 -1.2290
v  1.4288 -2.1375 -1.2566
v  1.4299 -2.1826 -1.2763
v  1.4304 -2.2313 -1.2867
v  1.4305 -2.2817 -1.2870
v  1.4299 -2.3318 -1.2767
v  1.4288 -2.3794 -1.2558
v  1.4271 -2.4224 -1.2249
v  1.4250 -2.4586 -1.1848
v  1.4223 -2.4860 -1.1369
v  2.0959 -2.4858 -0.4878
v  2.0805 -2.4863 -0.5873
v  2.1443 -2.4580 -0.4934
v  2.1280 -2.4591 -0.5984
v  2.1846 -2.4213 -0.4979
v  2.1678 -2.4231 -0.6075
v  2.2155 -2.3777 -0.5015
v  2.1986 -2.3801 -0.6146
v  2.2362 -2.3296 -0.5038
v  2.2194 -2.3323 -0.6193
v  2.2461 -2.2791 -0.5050
v  2.2297 -2.2819 -0.6217
v  2.2452 -2.2284 -0.5049
v  2.2294 -2.2312 -0.6216
v  2.0568 -2.4864 -0.6809
v  2.0222 -2.4864 -0.7700
v  2.1027 -2.4592 -0.6972
v  2.0656 -2.4592 -0.7917
v  2.1412 -2.4232 -0.7108
v  2.1020 -2.4232 -0.8098
v  1.9763 -2.4864 -0.8526
v  1.9194 -2.4864 -0.9269
v  2.0163 -2.4592 -0.8798
v  1.9552 -2.4592 -0.9594
v  2.0497 -2.4232 -0.9025
v  1.9850 -2.4232 -0.9865
v  2.1710 -2.3802 -0.7212
v  2.1300 -2.3802 -0.8238
v  2.1911 -2.3324 -0.7283
v  2.1490 -2.3324 -0.8332
v  2.2010 -2.2819 -0.7318
v  2.1583 -2.2820 -0.8379
v  2.2007 -2.2311 -0.7317
v  2.1580 -2.2311 -0.8377
v  2.0755 -2.3802 -0.9200
v  2.0080 -2.3802 -1.0075
v  2.0928 -2.3324 -0.9319
v  2.0234 -2.3324 -1.0217
v  2.1014 -2.2820 -0.9377
v  2.0310 -2.2820 -1.0287
v  2.1012 -2.2311 -0.9375
v  2.0308 -2.2311 -1.0285
v  2.2342 -2.1797 -0.5038
v  2.2190 -2.1822 -0.6192
v  2.2141 -2.1349 -0.5015
v  2.1994 -2.1369 -0.6148
v  2.1860 -2.0955 -0.4983
v  2.1719 -2.0971 -0.6085
v  2.1516 -2.0628 -0.4944
v  2.1379 -2.0639 -0.6007
v  2.1124 -2.0376 -0.4899
v  2.0990 -2.0383 -0.5917
v  2.0701 -2.0201 -0.4850
v  2.0570 -2.0205 -0.5819
v  2.1907 -2.1821 -0.7282
v  2.1486 -2.1821 -0.8331
v  2.1718 -2.1368 -0.7215
v  2.1308 -2.1368 -0.8242
v  2.1452 -2.0969 -0.7122
v  2.1057 -2.0969 -0.8117
v  2.1123 -2.0638 -0.7006
v  2.0747 -2.0638 -0.7962
v  2.0925 -2.1821 -0.9316
v  2.0231 -2.1820 -1.0214
v  2.0762 -2.1368 -0.9205
v  2.0086 -2.1367 -1.0081
v  2.0532 -2.0969 -0.9049
v  1.9881 -2.0969 -0.9894
v  2.0247 -2.0638 -0.8855
v  1.9627 -2.0637 -0.9662
v  2.0747 -2.0382 -0.6873
v  2.0392 -2.0382 -0.7785
v  2.0340 -2.0204 -0.6729
v  2.0007 -2.0204 -0.7593
v  1.9920 -2.0382 -0.8633
v  1.9335 -2.0381 -0.9396
v  1.9565 -2.0204 -0.8392
v  1.9018 -2.0204 -0.9108
v  1.8528 -2.4865 -0.9912
v  1.7768 -2.4866 -1.0440
v  1.8838 -2.4594 -1.0284
v  1.8025 -2.4595 -1.0854
v  1.9096 -2.4233 -1.0597
v  1.8238 -2.4235 -1.1201
v  1.6938 -2.4868 -1.0845
v  1.6059 -2.4870 -1.1126
v  1.7138 -2.4597 -1.1291
v  1.6200 -2.4598 -1.1594
v  1.7304 -2.4236 -1.1665
v  1.6317 -2.4236 -1.1986
v  1.9295 -2.3804 -1.0838
v  1.8403 -2.3805 -1.1469
v  1.9429 -2.3325 -1.1001
v  1.8514 -2.3326 -1.1651
v  1.9495 -2.2820 -1.1081
v  1.8568 -2.2820 -1.1740
v  1.9493 -2.2311 -1.1079
v  1.8567 -2.2311 -1.1738
v  1.7432 -2.3806 -1.1955
v  1.6407 -2.3805 -1.2289
v  1.7518 -2.3326 -1.2151
v  1.6467 -2.3326 -1.2495
v  1.7560 -2.2821 -1.2248
v  1.6497 -2.2820 -1.2596
v  1.7559 -2.2311 -1.2245
v  1.6496 -2.2311 -1.2593
v  1.5149 -2.4869 -1.1295
v  1.5230 -2.4595 -1.1772
v  1.5299 -2.4233 -1.2173
v  1.5351 -2.3802 -1.2482
v  1.5386 -2.3324 -1.2692
v  1.5403 -2.2819 -1.2795
v  1.5402 -2.2312 -1.2792
v  1.9427 -2.1820 -1.0998
v  1.8511 -2.1819 -1.1647
v  1.9301 -2.1366 -1.0845
v  1.8407 -2.1365 -1.1477
v  1.9123 -2.0967 -1.0629
v  1.8261 -2.0966 -1.1237
v  1.8903 -2.0636 -1.0362
v  1.8079 -2.0635 -1.0940
v  1.7516 -2.1819 -1.2147
v  1.6466 -2.1819 -1.2491
v  1.7435 -2.1365 -1.1963
v  1.6409 -2.1365 -1.2298
v  1.7322 -2.0965 -1.1704
v  1.6329 -2.0966 -1.2026
v  1.7180 -2.0633 -1.1384
v  1.6229 -2.0633 -1.1691
v  1.8650 -2.0380 -1.0057
v  1.7870 -2.0379 -1.0601
v  1.8375 -2.0203 -0.9727
v  1.7642 -2.0202 -1.0235
v  1.7017 -2.0377 -1.1018
v  1.6115 -2.0377 -1.1308
v  1.6840 -2.0200 -1.0624
v  1.5990 -2.0199 -1.0895
v  1.5385 -2.1822 -1.2688
v  1.5352 -2.1369 -1.2491
v  1.5306 -2.0970 -1.2214
v  1.5248 -2.0637 -1.1872
v  1.5181 -2.0379 -1.1481
v  1.5108 -2.0200 -1.1058
v  1.9268 -2.0079 -0.7226
v  1.9963 -2.0079 -0.3872
v  1.8410 -2.0079 -0.8554
v  1.7213 -2.0077 -0.9528
v  1.5766 -2.5085 -1.0098
v  1.6515 -2.5082 -0.9863
v  1.7216 -2.5080 -0.9527
v  1.7854 -2.5079 -0.9090
v  1.8411 -2.5078 -0.8553
v  1.9269 -2.5078 -0.7225
v  1.9459 -2.5028 -0.3872
v  1.8577 -2.0104 -0.7719
v  1.8134 -2.0104 -0.8304
v  1.8934 -2.0104 -0.7056
v  1.9202 -2.0104 -0.6327
v  1.9378 -2.0104 -0.5543
v  1.9598 -2.0105 -0.3872
v  1.7613 -2.0104 -0.8805
v  1.7015 -2.0103 -0.9213
v  1.6359 -2.0101 -0.9526
v  1.5659 -2.0099 -0.9745
v  1.4928 -2.0099 -0.9882
v  1.4174 -2.0105 -0.9950
v  1.4148 -2.0206 -0.9509
v  1.4123 -2.0386 -0.9084
v  1.4101 -2.0644 -0.8692
v  1.4082 -2.0976 -0.8350
v  1.4066 -2.1374 -0.8073
v  1.4055 -2.1824 -0.7876
v  1.4050 -2.2310 -0.7771
v  1.4049 -2.2815 -0.7768
v  1.4055 -2.3317 -0.7871
v  1.4067 -2.3793 -0.8080
v  1.4084 -2.4224 -0.8390
v  1.4107 -2.4586 -0.8790
v  1.4134 -2.4860 -0.9270
v  1.4166 -2.5029 -0.9811
v  1.4904 -2.5035 -0.9743
v  1.5618 -2.5035 -0.9609
v  1.6301 -2.5033 -0.9396
v  1.6940 -2.5031 -0.9093
v  1.7522 -2.5030 -0.8697
v  1.8030 -2.5029 -0.8209
v  1.8460 -2.5029 -0.7640
v  1.8807 -2.5029 -0.6993
v  1.9069 -2.5029 -0.6280
v  1.9240 -2.5029 -0.5512
v  1.9156 -2.0208 -0.3872
v  1.8733 -2.0389 -0.3872
v  1.8343 -2.0648 -0.3872
v  1.8002 -2.0980 -0.3872
v  1.7727 -2.1377 -0.3872
v  1.7532 -2.1826 -0.3872
v  1.7428 -2.2311 -0.3872
v  1.7425 -2.2814 -0.3872
v  1.7527 -2.3314 -0.3872
v  1.7735 -2.3790 -0.3872
v  1.8042 -2.4220 -0.3872
v  1.8441 -2.4583 -0.3872
v  1.8918 -2.4858 -0.3872
v  1.8944 -2.0205 -0.5445
v  1.8525 -2.0383 -0.5351
v  1.8139 -2.0639 -0.5265
v  1.8780 -2.0204 -0.6178
v  1.8533 -2.0204 -0.6856
v  1.8373 -2.0381 -0.6035
v  1.8147 -2.0381 -0.6664
v  1.8206 -2.0204 -0.7468
v  1.7803 -2.0203 -0.8005
v  1.7851 -2.0381 -0.7227
v  1.7485 -2.0380 -0.7717
v  1.7523 -2.0637 -0.7005
v  1.7792 -2.0637 -0.6487
v  1.7192 -2.0636 -0.7451
v  1.7797 -2.0971 -0.5185
v  1.7524 -2.1369 -0.5124
v  1.7330 -2.1821 -0.5081
v  1.7227 -2.2310 -0.5058
v  1.7473 -2.0968 -0.6322
v  1.7997 -2.0637 -0.5903
v  1.7237 -2.0968 -0.6808
v  1.6937 -2.0967 -0.7218
v  1.7223 -2.1367 -0.6197
v  1.7007 -2.1366 -0.6651
v  1.6732 -2.1366 -0.7030
v  1.7045 -2.1819 -0.6109
v  1.6843 -2.1819 -0.6539
v  1.6585 -2.1818 -0.6896
v  1.6950 -2.2309 -0.6061
v  1.6756 -2.2309 -0.6480
v  1.6508 -2.2309 -0.6825
v  1.7224 -2.2816 -0.5057
v  1.7325 -2.3320 -0.5080
v  1.7531 -2.3798 -0.5126
v  1.7840 -2.4228 -0.5198
v  1.6948 -2.2817 -0.6060
v  1.6753 -2.2817 -0.6478
v  1.6506 -2.2817 -0.6823
v  1.7041 -2.3322 -0.6107
v  1.6839 -2.3322 -0.6537
v  1.6582 -2.3322 -0.6893
v  1.7230 -2.3800 -0.6201
v  1.7013 -2.3801 -0.6655
v  1.6737 -2.3801 -0.7035
v  1.6967 -2.4232 -0.7246
v  1.7271 -2.4231 -0.6834
v  1.8235 -2.4590 -0.5287
v  1.8707 -2.4862 -0.5392
v  1.8091 -2.4591 -0.5936
v  1.7707 -2.4230 -0.5802
v  1.7517 -2.4231 -0.6351
v  1.7881 -2.4592 -0.6532
v  1.7606 -2.4592 -0.7061
v  1.7266 -2.4592 -0.7518
v  1.8550 -2.4863 -0.6097
v  1.8316 -2.4863 -0.6748
v  1.8006 -2.4863 -0.7333
v  1.7624 -2.4864 -0.7842
v  1.7325 -2.0203 -0.8462
v  1.6776 -2.0202 -0.8834
v  1.7049 -2.0379 -0.8132
v  1.6548 -2.0378 -0.8468
v  1.6795 -2.0635 -0.7827
v  1.6338 -2.0634 -0.8129
v  1.6173 -2.0200 -0.9117
v  1.5527 -2.0199 -0.9317
v  1.5995 -2.0377 -0.8723
v  1.5401 -2.0377 -0.8904
v  1.6572 -2.0966 -0.7558
v  1.6151 -2.0965 -0.7826
v  1.6394 -2.1365 -0.7342
v  1.6003 -2.1364 -0.7587
v  1.5178 -2.0966 -0.8177
v  1.5831 -2.0633 -0.8358
v  1.5286 -2.0634 -0.8521
v  1.5097 -2.1365 -0.7907
v  1.6267 -2.1818 -0.7189
v  1.5898 -2.1817 -0.7416
v  1.6200 -2.2309 -0.7107
v  1.5843 -2.2309 -0.7326
v  1.5040 -2.1818 -0.7714
v  1.5010 -2.2309 -0.7612
v  1.4850 -2.0200 -0.9443
v  1.6198 -2.2818 -0.7105
v  1.5841 -2.2818 -0.7323
v  1.6265 -2.3323 -0.7185
v  1.5896 -2.3323 -0.7413
v  1.5009 -2.2817 -0.7609
v  1.5039 -2.3323 -0.7710
v  1.6399 -2.3802 -0.7348
v  1.6007 -2.3803 -0.7593
v  1.6600 -2.4233 -0.7591
v  1.6176 -2.4234 -0.7866
v  1.5100 -2.3802 -0.7914
v  1.5197 -2.4234 -0.8225
v  1.6859 -2.4593 -0.7903
v  1.6391 -2.4594 -0.8213
v  1.7170 -2.4864 -0.8276
v  1.6648 -2.4866 -0.8627
v  1.5873 -2.4595 -0.8448
v  1.5706 -2.4234 -0.8075
v  1.5315 -2.4595 -0.8616
v  1.6073 -2.4867 -0.8894
v  1.5457 -2.4868 -0.9083
v  1.4809 -2.4867 -0.9204
v  1.4178 -2.5078 -1.0316
v  1.4984 -2.5085 -1.0244
v  1.2499 -2.0119 -1.0381
v  1.2500 -2.4985 -1.0850
v  1.2500 -2.0145 -1.0716
v  1.2500 -2.0245 -1.1150
v  1.2500 -2.0422 -1.1567
v  1.2500 -2.0676 -1.1952
v  1.2500 -2.1003 -1.2288
v  1.2500 -2.1394 -1.2559
v  1.2500 -2.1836 -1.2752
v  1.2500 -2.2315 -1.2855
v  1.2500 -2.2811 -1.2858
v  1.2500 -2.3303 -1.2756
v  1.2500 -2.3771 -1.2551
v  1.2500 -2.4194 -1.2247
v  1.2500 -2.4549 -1.1853
v  1.2500 -2.4819 -1.1382
v  1.2500 -2.0144 -0.9988
v  1.2500 -2.0244 -0.9554
v  1.2500 -2.0421 -0.9136
v  1.2500 -2.0675 -0.8751
v  1.2500 -2.1001 -0.8414
v  1.2500 -2.1392 -0.8142
v  1.2500 -2.1834 -0.7948
v  1.2500 -2.2313 -0.7846
v  1.2500 -2.2809 -0.7843
v  1.2500 -2.3302 -0.7944
v  1.2500 -2.3771 -0.8149
v  1.2500 -2.4193 -0.8454
v  1.2500 -2.4549 -0.8847
v  1.2500 -2.4819 -0.9318
v  1.2500 -2.4985 -0.9851
v  1.2500 -2.5034 -1.0347
v  0.3716 -2.0119 -1.0381
v  0.3718 -2.4985 -1.0850
v  0.3718 -2.0145 -1.0716
v  0.3718 -2.0245 -1.1150
v  0.3718 -2.0422 -1.1567
v  0.3718 -2.0676 -1.1952
v  0.3718 -2.1003 -1.2288
v  0.3718 -2.1394 -1.2559
v  0.3718 -2.1836 -1.2752
v  0.3718 -2.2315 -1.2855
v  0.3718 -2.2811 -1.2858
v  0.3718 -2.3303 -1.2756
v  0.3718 -2.3771 -1.2551
v  0.3718 -2.4194 -1.2247
v  0.3718 -2.4549 -1.1853
v  0.3718 -2.4819 -1.1382
v  0.3718 -2.0144 -0.9988
v  0.3718 -2.0244 -0.9554
v  0.3718 -2.0421 -0.9136
v  0.3718 -2.0675 -0.8751
v  0.3718 -2.1001 -0.8414
v  0.3718 -2.1392 -0.8142
v  0.3718 -2.1834 -0.7948
v  0.3718 -2.2313 -0.7846
v  0.3718 -2.2809 -0.7843
v  0.3718 -2.3302 -0.7944
v  0.3718 -2.3771 -0.8149
v  0.3718 -2.4193 -0.8454
v  0.3718 -2.4549 -0.8847
v  0.3718 -2.4819 -0.9318
v  0.3718 -2.4985 -0.9851
v  0.3718 -2.5034 -1.0347
v  1.9527 -2.0103 -0.4711
v  1.9377 -2.5029 -0.4695
v  1.9089 -2.0202 -0.4661
v  1.8666 -2.0378 -0.4614
v  1.8275 -2.0633 -0.4570
v  1.7930 -2.0963 -0.4530
v  1.7653 -2.1359 -0.4499
v  1.7454 -2.1809 -0.4477
v  1.7347 -2.2296 -0.4466
v  1.7341 -2.2801 -0.4465
v  1.7441 -2.3304 -0.4477
v  1.7647 -2.3783 -0.4500
v  1.7955 -2.4216 -0.4536
v  1.8354 -2.4581 -0.4581
v  1.8833 -2.4858 -0.4635
v  1.9899 -2.0079 -0.4757
v  1.9899 -2.5078 -0.4756
v  1.9766 -2.5078 -0.5629
v  1.9562 -2.5078 -0.6453
v  1.9766 -2.0079 -0.5632
v  1.9561 -2.0079 -0.6454
v  1.7660 -2.0969 -0.5779
v  1.7395 -2.1367 -0.5686
v  1.7207 -2.1819 -0.5620
v  1.7107 -2.2309 -0.5585
v  1.7104 -2.2817 -0.5584
v  1.7202 -2.3321 -0.5619
v  1.7402 -2.3800 -0.5689
v  1.5683 -2.0965 -0.8029
v  1.5568 -2.1364 -0.7771
v  1.5487 -2.1817 -0.7587
v  1.5443 -2.2309 -0.7489
v  1.5442 -2.2818 -0.7486
v  1.5485 -2.3323 -0.7583
v  1.5571 -2.3803 -0.7778
v  1.4645 -2.0970 -0.8282
v  1.4709 -2.0637 -0.8630
v  1.4776 -2.0379 -0.9020
v  1.4598 -2.1369 -0.8006
v  1.4564 -2.1821 -0.7810
v  1.4547 -2.2310 -0.7705
v  1.4546 -2.2817 -0.7702
v  1.4564 -2.3320 -0.7805
v  1.4599 -2.3799 -0.8013
v  1.4657 -2.4230 -0.8327
v  1.4726 -2.4593 -0.8727
v  1.4180 -2.0081 -1.0317
v  1.4981 -2.0074 -1.0242
v  1.5762 -2.0074 -1.0097
v  1.6511 -2.0076 -0.9863
v  2.0000 -2.5654 -0.1613
v  2.0000 -2.5767 -0.1591
v  2.0000 -2.5866 -0.1525
v  2.0000 -2.5932 -0.1426
v  2.0000 -2.5954 -0.1313
v  2.0000 -2.5954 -0.0719
v  2.0000 -2.5975 -0.0608
v  2.0000 -2.6042 -0.0507
v  2.0000 -2.6171 -0.0431
v  2.0000 -2.6377 -0.0357
v  2.0000 -2.6708 -0.0155
v  2.0000 -2.6930 0.0100
v  2.0000 -2.7042 0.0384
v  2.0000 -2.7045 0.0677
v  2.0000 -2.6938 0.0952
v  2.0000 -2.6719 0.1186
v  2.0000 -2.6389 0.1355
v  2.0000 -2.6198 0.1404
v  2.0000 -2.6104 0.1439
v  2.0000 -2.6023 0.1508
v  2.0000 -2.5971 0.1600
v  2.0000 -2.5954 0.1699
v  2.0000 -2.5954 0.2084
v  2.0000 -2.5926 0.2212
v  2.0000 -2.5847 0.2315
v  2.0000 -2.5731 0.2374
v  2.0000 -2.5602 0.2380
v  2.0000 -2.4317 0.2215
v  2.0599 -2.5595 -0.1613
v  2.0622 -2.5706 -0.1591
v  2.0641 -2.5803 -0.1525
v  2.0654 -2.5867 -0.1426
v  2.0658 -2.5889 -0.1313
v  2.0658 -2.5889 -0.0719
v  2.0662 -2.5910 -0.0608
v  2.0675 -2.5976 -0.0507
v  2.0700 -2.6102 -0.0431
v  2.0741 -2.6304 -0.0357
v  2.0805 -2.6629 -0.0155
v  2.0848 -2.6846 0.0100
v  2.0870 -2.6956 0.0384
v  2.0871 -2.6959 0.0677
v  2.0850 -2.6854 0.0952
v  2.0807 -2.6639 0.1186
v  2.0743 -2.6316 0.1355
v  2.0706 -2.6128 0.1404
v  2.0687 -2.6036 0.1439
v  2.0672 -2.5957 0.1508
v  2.0661 -2.5906 0.1600
v  2.0658 -2.5889 0.1699
v  2.0658 -2.5889 0.2084
v  2.0653 -2.5862 0.2212
v  2.0637 -2.5784 0.2315
v  2.0615 -2.5670 0.2374
v  2.0590 -2.5544 0.2380
v  2.0339 -2.4283 0.2215
v  2.1176 -2.5420 -0.1613
v  2.1220 -2.5524 -0.1591
v  2.1258 -2.5616 -0.1525
v  2.1283 -2.5677 -0.1426
v  2.1291 -2.5697 -0.1313
v  2.1291 -2.5697 -0.0719
v  2.1300 -2.5717 -0.0608
v  2.1325 -2.5778 -0.0507
v  2.1374 -2.5897 -0.0431
v  2.1453 -2.6088 -0.0357
v  2.1580 -2.6394 -0.0155
v  2.1665 -2.6598 0.0100
v  2.1708 -2.6702 0.0384
v  2.1709 -2.6705 0.0677
v  2.1668 -2.6606 0.0952
v  2.1584 -2.6404 0.1186
v  2.1458 -2.6099 0.1355
v  2.1385 -2.5922 0.1404
v  2.1349 -2.5836 0.1439
v  2.1318 -2.5761 0.1508
v  2.1298 -2.5713 0.1600
v  2.1291 -2.5697 0.1699
v  2.1291 -2.5697 0.2084
v  2.1281 -2.5671 0.2212
v  2.1250 -2.5598 0.2315
v  2.1206 -2.5491 0.2374
v  2.1157 -2.5372 0.2380
v  2.0665 -2.4184 0.2215
v  2.1708 -2.5135 -0.1613
v  2.1771 -2.5230 -0.1591
v  2.1826 -2.5312 -0.1525
v  2.1863 -2.5367 -0.1426
v  2.1875 -2.5385 -0.1313
v  2.1875 -2.5385 -0.0719
v  2.1887 -2.5403 -0.0608
v  2.1924 -2.5458 -0.0507
v  2.1995 -2.5565 -0.0431
v  2.2110 -2.5737 -0.0357
v  2.2294 -2.6012 -0.0155
v  2.2417 -2.6196 0.0100
v  2.2480 -2.6290 0.0384
v  2.2481 -2.6292 0.0677
v  2.2421 -2.6203 0.0952
v  2.2300 -2.6021 0.1186
v  2.2117 -2.5747 0.1355
v  2.2010 -2.5588 0.1404
v  2.1958 -2.5510 0.1439
v  2.1913 -2.5442 0.1508
v  2.1884 -2.5399 0.1600
v  2.1875 -2.5385 0.1699
v  2.1875 -2.5385 0.2084
v  2.1859 -2.5362 0.2212
v  2.1815 -2.5296 0.2315
v  2.1751 -2.5200 0.2374
v  2.1680 -2.5093 0.2380
v  2.0965 -2.4024 0.2215
v  2.2174 -2.4753 -0.1613
v  2.2254 -2.4833 -0.1591
v  2.2324 -2.4903 -0.1525
v  2.2371 -2.4950 -0.1426
v  2.2387 -2.4965 -0.1313
v  2.2387 -2.4965 -0.0719
v  2.2402 -2.4980 -0.0608
v  2.2449 -2.5028 -0.0507
v  2.2540 -2.5119 -0.0431
v  2.2686 -2.5265 -0.0357
v  2.2920 -2.5498 -0.0155
v  2.3076 -2.5655 0.0100
v  2.3156 -2.5735 0.0384
v  2.3158 -2.5737 0.0677
v  2.3082 -2.5661 0.0952
v  2.2927 -2.5506 0.1186
v  2.2694 -2.5273 0.1355
v  2.2559 -2.5137 0.1404
v  2.2493 -2.5071 0.1439
v  2.2435 -2.5014 0.1508
v  2.2398 -2.4977 0.1600
v  2.2387 -2.4965 0.1699
v  2.2387 -2.4965 0.2084
v  2.2367 -2.4945 0.2212
v  2.2311 -2.4889 0.2315
v  2.2229 -2.4808 0.2374
v  2.2138 -2.4717 0.2380
v  2.1229 -2.3807 0.2215
v  2.2557 -2.4287 -0.1613
v  2.2651 -2.4350 -0.1591
v  2.2733 -2.4405 -0.1525
v  2.2788 -2.4441 -0.1426
v  2.2806 -2.4454 -0.1313
v  2.2806 -2.4454 -0.0719
v  2.2824 -2.4466 -0.0608
v  2.2880 -2.4503 -0.0507
v  2.2987 -2.4574 -0.0431
v  2.3158 -2.4689 -0.0357
v  2.3433 -2.4873 -0.0155
v  2.3618 -2.4996 0.0100
v  2.3711 -2.5058 0.0384
v  2.3714 -2.5060 0.0677
v  2.3624 -2.5000 0.0952
v  2.3442 -2.4879 0.1186
v  2.3168 -2.4696 0.1355
v  2.3009 -2.4589 0.1404
v  2.2931 -2.4537 0.1439
v  2.2864 -2.4492 0.1508
v  2.2820 -2.4463 0.1600
v  2.2807 -2.4454 0.1699
v  2.2806 -2.4454 0.2084
v  2.2783 -2.4438 0.2212
v  2.2717 -2.4394 0.2315
v  2.2621 -2.4330 0.2374
v  2.2514 -2.4258 0.2380
v  2.1445 -2.3544 0.2215
v  2.2841 -2.3755 -0.1613
v  2.2945 -2.3799 -0.1591
v  2.3037 -2.3836 -0.1525
v  2.3098 -2.3862 -0.1426
v  2.3118 -2.3870 -0.1313
v  2.3118 -2.3870 -0.0719
v  2.3138 -2.3878 -0.0608
v  2.3200 -2.3904 -0.0507
v  2.3319 -2.3953 -0.0431
v  2.3509 -2.4032 -0.0357
v  2.3815 -2.4159 -0.0155
v  2.4020 -2.4243 0.0100
v  2.4124 -2.4287 0.0384
v  2.4126 -2.4288 0.0677
v  2.4027 -2.4247 0.0952
v  2.3825 -2.4163 0.1186
v  2.3521 -2.4037 0.1355
v  2.3343 -2.3963 0.1404
v  2.3257 -2.3928 0.1439
v  2.3182 -2.3897 0.1508
v  2.3134 -2.3877 0.1600
v  2.3118 -2.3870 0.1699
v  2.3118 -2.3870 0.2084
v  2.3092 -2.3859 0.2212
v  2.3019 -2.3829 0.2315
v  2.2912 -2.3785 0.2374
v  2.2793 -2.3736 0.2380
v  2.1605 -2.3244 0.2215
v  2.3016 -2.3178 -0.1613
v  2.3127 -2.3200 -0.1591
v  2.3224 -2.3220 -0.1525
v  2.3289 -2.3233 -0.1426
v  2.3310 -2.3237 -0.1313
v  2.3310 -2.3237 -0.0719
v  2.3331 -2.3241 -0.0608
v  2.3397 -2.3254 -0.0507
v  2.3523 -2.3279 -0.0431
v  2.3725 -2.3319 -0.0357
v  2.4050 -2.3384 -0.0155
v  2.4267 -2.3427 0.0100
v  2.4378 -2.3449 0.0384
v  2.4381 -2.3450 0.0677
v  2.4275 -2.3429 0.0952
v  2.4061 -2.3386 0.1186
v  2.3737 -2.3322 0.1355
v  2.3549 -2.3284 0.1404
v  2.3457 -2.3266 0.1439
v  2.3378 -2.3250 0.1508
v  2.3327 -2.3240 0.1600
v  2.3311 -2.3237 0.1699
v  2.3310 -2.3237 0.2084
v  2.3283 -2.3231 0.2212
v  2.3205 -2.3216 0.2315
v  2.3092 -2.3193 0.2374
v  2.2966 -2.3168 0.2380
v  2.1704 -2.2917 0.2215
v  2.3075 -2.2578 -0.1613
v  2.3188 -2.2578 -0.1591
v  2.3287 -2.2578 -0.1525
v  2.3353 -2.2578 -0.1426
v  2.3375 -2.2578 -0.1313
v  2.3375 -2.2578 -0.0719
v  2.3397 -2.2578 -0.0608
v  2.3463 -2.2578 -0.0507
v  2.3592 -2.2578 -0.0431
v  2.3798 -2.2578 -0.0357
v  2.4129 -2.2578 -0.0155
v  2.4351 -2.2578 0.0100
v  2.4463 -2.2578 0.0384
v  2.4466 -2.2578 0.0677
v  2.4359 -2.2578 0.0952
v  2.4140 -2.2578 0.1186
v  2.3811 -2.2578 0.1355
v  2.3619 -2.2578 0.1404
v  2.3525 -2.2578 0.1439
v  2.3444 -2.2578 0.1508
v  2.3392 -2.2578 0.1600
v  2.3375 -2.2578 0.1699
v  2.3375 -2.2578 0.2084
v  2.3347 -2.2578 0.2212
v  2.3268 -2.2578 0.2315
v  2.3152 -2.2578 0.2374
v  2.3024 -2.2578 0.2380
v  2.1738 -2.2578 0.2215
v  2.3016 -2.1978 -0.1613
v  2.3127 -2.1956 -0.1591
v  2.3224 -2.1937 -0.1525
v  2.3289 -2.1924 -0.1426
v  2.3310 -2.1920 -0.1313
v  2.3310 -2.1920 -0.0719
v  2.3331 -2.1916 -0.0608
v  2.3397 -2.1903 -0.0507
v  2.3523 -2.1877 -0.0431
v  2.3725 -2.1837 -0.0357
v  2.4050 -2.1773 -0.0155
v  2.4267 -2.1729 0.0100
v  2.4378 -2.1707 0.0384
v  2.4381 -2.1707 0.0677
v  2.4275 -2.1728 0.0952
v  2.4061 -2.1770 0.1186
v  2.3737 -2.1835 0.1355
v  2.3549 -2.1872 0.1404
v  2.3457 -2.1890 0.1439
v  2.3378 -2.1906 0.1508
v  2.3327 -2.1916 0.1600
v  2.3311 -2.1920 0.1699
v  2.3310 -2.1920 0.2084
v  2.3283 -2.1925 0.2212
v  2.3205 -2.1941 0.2315
v  2.3092 -2.1963 0.2374
v  2.2966 -2.1988 0.2380
v  2.1704 -2.2239 0.2215
v  2.2841 -2.1401 -0.1613
v  2.2945 -2.1358 -0.1591
v  2.3037 -2.1320 -0.1525
v  2.3098 -2.1295 -0.1426
v  2.3118 -2.1286 -0.1313
v  2.3118 -2.1286 -0.0719
v  2.3138 -2.1278 -0.0608
v  2.3200 -2.1253 -0.0507
v  2.3319 -2.1204 -0.0431
v  2.3509 -2.1125 -0.0357
v  2.3815 -2.0998 -0.0155
v  2.4020 -2.0913 0.0100
v  2.4124 -2.0870 0.0384
v  2.4126 -2.0869 0.0677
v  2.4027 -2.0910 0.0952
v  2.3825 -2.0994 0.1186
v  2.3521 -2.1120 0.1355
v  2.3343 -2.1193 0.1404
v  2.3257 -2.1229 0.1439
v  2.3182 -2.1260 0.1508
v  2.3134 -2.1280 0.1600
v  2.3119 -2.1286 0.1699
v  2.3118 -2.1286 0.2084
v  2.3092 -2.1297 0.2212
v  2.3019 -2.1328 0.2315
v  2.2912 -2.1372 0.2374
v  2.2793 -2.1421 0.2380
v  2.1605 -2.1913 0.2215
v  2.2557 -2.0870 -0.1613
v  2.2651 -2.0807 -0.1591
v  2.2733 -2.0752 -0.1525
v  2.2788 -2.0715 -0.1426
v  2.2806 -2.0703 -0.1313
v  2.2806 -2.0703 -0.0719
v  2.2824 -2.0691 -0.0608
v  2.2880 -2.0654 -0.0507
v  2.2987 -2.0582 -0.0431
v  2.3158 -2.0468 -0.0357
v  2.3433 -2.0284 -0.0155
v  2.3618 -2.0161 0.0100
v  2.3711 -2.0098 0.0384
v  2.3714 -2.0097 0.0677
v  2.3624 -2.0156 0.0952
v  2.3442 -2.0278 0.1186
v  2.3168 -2.0461 0.1355
v  2.3009 -2.0568 0.1404
v  2.2931 -2.0620 0.1439
v  2.2864 -2.0665 0.1508
v  2.2820 -2.0693 0.1600
v  2.2807 -2.0703 0.1699
v  2.2806 -2.0703 0.2084
v  2.2783 -2.0719 0.2212
v  2.2717 -2.0763 0.2315
v  2.2621 -2.0827 0.2374
v  2.2514 -2.0898 0.2380
v  2.1445 -2.1613 0.2215
v  2.2174 -2.0404 -0.1613
v  2.2254 -2.0324 -0.1591
v  2.2324 -2.0254 -0.1525
v  2.2371 -2.0207 -0.1426
v  2.2387 -2.0191 -0.1313
v  2.2387 -2.0191 -0.0719
v  2.2402 -2.0176 -0.0608
v  2.2449 -2.0129 -0.0507
v  2.2540 -2.0038 -0.0431
v  2.2686 -1.9892 -0.0357
v  2.2920 -1.9658 -0.0155
v  2.3076 -1.9501 0.0100
v  2.3156 -1.9422 0.0384
v  2.3158 -1.9420 0.0677
v  2.3082 -1.9496 0.0952
v  2.2927 -1.9650 0.1186
v  2.2694 -1.9883 0.1355
v  2.2559 -2.0019 0.1404
v  2.2493 -2.0085 0.1439
v  2.2435 -2.0143 0.1508
v  2.2398 -2.0179 0.1600
v  2.2387 -2.0191 0.1699
v  2.2387 -2.0191 0.2084
v  2.2367 -2.0211 0.2212
v  2.2311 -2.0267 0.2315
v  2.2229 -2.0349 0.2374
v  2.2138 -2.0440 0.2380
v  2.1229 -2.1349 0.2215
v  2.1708 -2.0021 -0.1613
v  2.1771 -1.9927 -0.1591
v  2.1826 -1.9845 -0.1525
v  2.1863 -1.9790 -0.1426
v  2.1875 -1.9771 -0.1313
v  2.1875 -1.9771 -0.0719
v  2.1887 -1.9754 -0.0608
v  2.1924 -1.9698 -0.0507
v  2.1995 -1.9591 -0.0431
v  2.2110 -1.9420 -0.0357
v  2.2294 -1.9145 -0.0155
v  2.2417 -1.8960 0.0100
v  2.2480 -1.8867 0.0384
v  2.2481 -1.8864 0.0677
v  2.2421 -1.8954 0.0952
v  2.2300 -1.9135 0.1186
v  2.2117 -1.9409 0.1355
v  2.2010 -1.9569 0.1404
v  2.1958 -1.9647 0.1439
v  2.1913 -1.9714 0.1508
v  2.1884 -1.9757 0.1600
v  2.1875 -1.9771 0.1699
v  2.1875 -1.9771 0.2084
v  2.1859 -1.9795 0.2212
v  2.1815 -1.9861 0.2315
v  2.1751 -1.9957 0.2374
v  2.1680 -2.0064 0.2380
v  2.0965 -2.1133 0.2215
v  2.1176 -1.9737 -0.1613
v  2.1220 -1.9632 -0.1591
v  2.1258 -1.9541 -0.1525
v  2.1283 -1.9480 -0.1426
v  2.1291 -1.9459 -0.1313
v  2.1291 -1.9459 -0.0719
v  2.1300 -1.9440 -0.0608
v  2.1325 -1.9378 -0.0507
v  2.1374 -1.9259 -0.0431
v  2.1453 -1.9069 -0.0357
v  2.1580 -1.8763 -0.0155
v  2.1665 -1.8558 0.0100
v  2.1708 -1.8454 0.0384
v  2.1709 -1.8451 0.0677
v  2.1668 -1.8551 0.0952
v  2.1584 -1.8753 0.1186
v  2.1458 -1.9057 0.1355
v  2.1385 -1.9235 0.1404
v  2.1349 -1.9321 0.1439
v  2.1318 -1.9396 0.1508
v  2.1298 -1.9444 0.1600
v  2.1291 -1.9459 0.1699
v  2.1291 -1.9459 0.2084
v  2.1281 -1.9486 0.2212
v  2.1250 -1.9559 0.2315
v  2.1206 -1.9666 0.2374
v  2.1157 -1.9784 0.2380
v  2.0665 -2.0972 0.2215
v  2.0599 -1.9562 -0.1613
v  2.0622 -1.9451 -0.1591
v  2.0641 -1.9354 -0.1525
v  2.0654 -1.9289 -0.1426
v  2.0658 -1.9267 -0.1313
v  2.0658 -1.9267 -0.0719
v  2.0662 -1.9247 -0.0608
v  2.0675 -1.9181 -0.0507
v  2.0700 -1.9055 -0.0431
v  2.0741 -1.8852 -0.0357
v  2.0805 -1.8528 -0.0155
v  2.0848 -1.8311 0.0100
v  2.0870 -1.8200 0.0384
v  2.0871 -1.8197 0.0677
v  2.0850 -1.8303 0.0952
v  2.0807 -1.8517 0.1186
v  2.0743 -1.8840 0.1355
v  2.0706 -1.9029 0.1404
v  2.0687 -1.9120 0.1439
v  2.0672 -1.9200 0.1508
v  2.0661 -1.9251 0.1600
v  2.0658 -1.9267 0.1699
v  2.0658 -1.9267 0.2084
v  2.0653 -1.9295 0.2212
v  2.0637 -1.9373 0.2315
v  2.0615 -1.9486 0.2374
v  2.0590 -1.9612 0.2380
v  2.0339 -2.0873 0.2215
v  2.0000 -1.9503 -0.1613
v  2.0000 -1.9390 -0.1591
v  2.0000 -1.9291 -0.1525
v  2.0000 -1.9225 -0.1426
v  2.0000 -1.9203 -0.1313
v  2.0000 -1.9203 -0.0719
v  2.0000 -1.9181 -0.0608
v  2.0000 -1.9114 -0.0507
v  2.0000 -1.8986 -0.0431
v  2.0000 -1.8779 -0.0357
v  2.0000 -1.8449 -0.0155
v  2.0000 -1.8227 0.0100
v  2.0000 -1.8114 0.0384
v  2.0000 -1.8111 0.0677
v  2.0000 -1.8219 0.0952
v  2.0000 -1.8438 0.1186
v  2.0000 -1.8767 0.1355
v  2.0000 -1.8959 0.1404
v  2.0000 -1.9053 0.1439
v  2.0000 -1.9134 0.1508
v  2.0000 -1.9186 0.1600
v  2.0000 -1.9202 0.1699
v  2.0000 -1.9203 0.2084
v  2.0000 -1.9231 0.2212
v  2.0000 -1.9310 0.2315
v  2.0000 -1.9426 0.2374
v  2.0000 -1.9554 0.2380
v  2.0000 -2.0840 0.2215
v  1.9400 -1.9562 -0.1613
v  1.9377 -1.9451 -0.1591
v  1.9358 -1.9354 -0.1525
v  1.9345 -1.9289 -0.1426
v  1.9341 -1.9267 -0.1313
v  1.9341 -1.9267 -0.0719
v  1.9337 -1.9247 -0.0608
v  1.9324 -1.9181 -0.0507
v  1.9299 -1.9055 -0.0431
v  1.9258 -1.8852 -0.0357
v  1.9194 -1.8528 -0.0155
v  1.9151 -1.8311 0.0100
v  1.9129 -1.8200 0.0384
v  1.9128 -1.8197 0.0677
v  1.9149 -1.8303 0.0952
v  1.9192 -1.8517 0.1186
v  1.9256 -1.8840 0.1355
v  1.9293 -1.9029 0.1404
v  1.9312 -1.9120 0.1439
v  1.9328 -1.9200 0.1508
v  1.9338 -1.9251 0.1600
v  1.9341 -1.9267 0.1699
v  1.9341 -1.9267 0.2084
v  1.9346 -1.9295 0.2212
v  1.9362 -1.9373 0.2315
v  1.9384 -1.9486 0.2374
v  1.9410 -1.9612 0.2380
v  1.9660 -2.0873 0.2215
v  1.8823 -1.9737 -0.1613
v  1.8779 -1.9632 -0.1591
v  1.8741 -1.9541 -0.1525
v  1.8716 -1.9480 -0.1426
v  1.8708 -1.9459 -0.1313
v  1.8708 -1.9459 -0.0719
v  1.8700 -1.9440 -0.0608
v  1.8674 -1.9378 -0.0507
v  1.8625 -1.9259 -0.0431
v  1.8546 -1.9069 -0.0357
v  1.8419 -1.8763 -0.0155
v  1.8334 -1.8558 0.0100
v  1.8291 -1.8454 0.0384
v  1.8290 -1.8451 0.0677
v  1.8331 -1.8551 0.0952
v  1.8415 -1.8753 0.1186
v  1.8541 -1.9057 0.1355
v  1.8615 -1.9235 0.1404
v  1.8650 -1.9321 0.1439
v  1.8681 -1.9396 0.1508
v  1.8701 -1.9444 0.1600
v  1.8708 -1.9459 0.1699
v  1.8708 -1.9459 0.2084
v  1.8718 -1.9486 0.2212
v  1.8749 -1.9559 0.2315
v  1.8793 -1.9666 0.2374
v  1.8842 -1.9784 0.2380
v  1.9334 -2.0972 0.2215
v  1.8291 -2.0021 -0.1613
v  1.8228 -1.9927 -0.1591
v  1.8173 -1.9845 -0.1525
v  1.8136 -1.9790 -0.1426
v  1.8124 -1.9771 -0.1313
v  1.8124 -1.9771 -0.0719
v  1.8112 -1.9754 -0.0608
v  1.8075 -1.9698 -0.0507
v  1.8004 -1.9591 -0.0431
v  1.7889 -1.9420 -0.0357
v  1.7705 -1.9145 -0.0155
v  1.7582 -1.8960 0.0100
v  1.7520 -1.8867 0.0384
v  1.7518 -1.8864 0.0677
v  1.7578 -1.8954 0.0952
v  1.7699 -1.9135 0.1186
v  1.7882 -1.9409 0.1355
v  1.7989 -1.9569 0.1404
v  1.8041 -1.9647 0.1439
v  1.8086 -1.9714 0.1508
v  1.8115 -1.9757 0.1600
v  1.8124 -1.9771 0.1699
v  1.8124 -1.9771 0.2084
v  1.8140 -1.9795 0.2212
v  1.8184 -1.9861 0.2315
v  1.8248 -1.9957 0.2374
v  1.8319 -2.0064 0.2380
v  1.9034 -2.1133 0.2215
v  1.7825 -2.0404 -0.1613
v  1.7745 -2.0324 -0.1591
v  1.7675 -2.0254 -0.1525
v  1.7628 -2.0207 -0.1426
v  1.7612 -2.0191 -0.1313
v  1.7612 -2.0191 -0.0719
v  1.7597 -2.0176 -0.0608
v  1.7550 -2.0129 -0.0507
v  1.7459 -2.0038 -0.0431
v  1.7313 -1.9892 -0.0357
v  1.7079 -1.9658 -0.0155
v  1.6923 -1.9501 0.0100
v  1.6843 -1.9422 0.0384
v  1.6841 -1.9420 0.0677
v  1.6917 -1.9496 0.0952
v  1.7072 -1.9650 0.1186
v  1.7305 -1.9883 0.1355
v  1.7440 -2.0019 0.1404
v  1.7507 -2.0085 0.1439
v  1.7564 -2.0143 0.1508
v  1.7601 -2.0179 0.1600
v  1.7612 -2.0191 0.1699
v  1.7612 -2.0191 0.2084
v  1.7632 -2.0211 0.2212
v  1.7689 -2.0267 0.2315
v  1.7770 -2.0349 0.2374
v  1.7861 -2.0440 0.2380
v  1.8770 -2.1349 0.2215
v  1.7443 -2.0870 -0.1613
v  1.7348 -2.0807 -0.1591
v  1.7266 -2.0752 -0.1525
v  1.7211 -2.0715 -0.1426
v  1.7193 -2.0703 -0.1313
v  1.7193 -2.0703 -0.0719
v  1.7175 -2.0691 -0.0608
v  1.7119 -2.0654 -0.0507
v  1.7012 -2.0582 -0.0431
v  1.6841 -2.0468 -0.0357
v  1.6566 -2.0284 -0.0155
v  1.6382 -2.0161 0.0100
v  1.6288 -2.0098 0.0384
v  1.6285 -2.0097 0.0677
v  1.6375 -2.0156 0.0952
v  1.6557 -2.0278 0.1186
v  1.6831 -2.0461 0.1355
v  1.6990 -2.0568 0.1404
v  1.7068 -2.0620 0.1439
v  1.7135 -2.0665 0.1508
v  1.7179 -2.0693 0.1600
v  1.7193 -2.0703 0.1699
v  1.7193 -2.0703 0.2084
v  1.7216 -2.0719 0.2212
v  1.7282 -2.0763 0.2315
v  1.7378 -2.0827 0.2374
v  1.7485 -2.0898 0.2380
v  1.8554 -2.1613 0.2215
v  1.7158 -2.1401 -0.1613
v  1.7054 -2.1358 -0.1591
v  1.6962 -2.1320 -0.1525
v  1.6901 -2.1295 -0.1426
v  1.6881 -2.1286 -0.1313
v  1.6881 -2.1286 -0.0719
v  1.6861 -2.1278 -0.0608
v  1.6799 -2.1253 -0.0507
v  1.6680 -2.1204 -0.0431
v  1.6490 -2.1125 -0.0357
v  1.6184 -2.0998 -0.0155
v  1.5979 -2.0913 0.0100
v  1.5875 -2.0870 0.0384
v  1.5873 -2.0869 0.0677
v  1.5972 -2.0910 0.0952
v  1.6174 -2.0994 0.1186
v  1.6479 -2.1120 0.1355
v  1.6656 -2.1193 0.1404
v  1.6742 -2.1229 0.1439
v  1.6817 -2.1260 0.1508
v  1.6865 -2.1280 0.1600
v  1.6881 -2.1286 0.1699
v  1.6881 -2.1286 0.2084
v  1.6907 -2.1297 0.2212
v  1.6980 -2.1328 0.2315
v  1.7087 -2.1372 0.2374
v  1.7206 -2.1421 0.2380
v  1.8394 -2.1913 0.2215
v  1.6983 -2.1978 -0.1613
v  1.6872 -2.1956 -0.1591
v  1.6775 -2.1937 -0.1525
v  1.6710 -2.1924 -0.1426
v  1.6689 -2.1920 -0.1313
v  1.6689 -2.1920 -0.0719
v  1.6668 -2.1916 -0.0608
v  1.6602 -2.1903 -0.0507
v  1.6476 -2.1877 -0.0431
v  1.6274 -2.1837 -0.0357
v  1.5949 -2.1773 -0.0155
v  1.5732 -2.1729 0.0100
v  1.5621 -2.1707 0.0384
v  1.5618 -2.1707 0.0677
v  1.5724 -2.1728 0.0952
v  1.5938 -2.1770 0.1186
v  1.6262 -2.1835 0.1355
v  1.6450 -2.1872 0.1404
v  1.6542 -2.1890 0.1439
v  1.6621 -2.1906 0.1508
v  1.6672 -2.1916 0.1600
v  1.6688 -2.1920 0.1699
v  1.6689 -2.1920 0.2084
v  1.6716 -2.1925 0.2212
v  1.6794 -2.1941 0.2315
v  1.6907 -2.1963 0.2374
v  1.7033 -2.1988 0.2380
v  1.8295 -2.2239 0.2215
v  1.6924 -2.2578 -0.1613
v  1.6811 -2.2578 -0.1591
v  1.6712 -2.2578 -0.1525
v  1.6646 -2.2578 -0.1426
v  1.6624 -2.2578 -0.1313
v  1.6624 -2.2578 -0.0719
v  1.6602 -2.2578 -0.0608
v  1.6536 -2.2578 -0.0507
v  1.6407 -2.2578 -0.0431
v  1.6201 -2.2578 -0.0357
v  1.5870 -2.2578 -0.0155
v  1.5648 -2.2578 0.0100
v  1.5536 -2.2578 0.0384
v  1.5533 -2.2578 0.0677
v  1.5640 -2.2578 0.0952
v  1.5859 -2.2578 0.1186
v  1.6188 -2.2578 0.1355
v  1.6380 -2.2578 0.1404
v  1.6474 -2.2578 0.1439
v  1.6555 -2.2578 0.1508
v  1.6607 -2.2578 0.1600
v  1.6624 -2.2578 0.1699
v  1.6624 -2.2578 0.2084
v  1.6652 -2.2578 0.2212
v  1.6731 -2.2578 0.2315
v  1.6847 -2.2578 0.2374
v  1.6975 -2.2578 0.2380
v  1.8261 -2.2578 0.2215
v  1.6983 -2.3178 -0.1613
v  1.6872 -2.3200 -0.1591
v  1.6775 -2.3220 -0.1525
v  1.6710 -2.3233 -0.1426
v  1.6689 -2.3237 -0.1313
v  1.6689 -2.3237 -0.0719
v  1.6668 -2.3241 -0.0608
v  1.6602 -2.3254 -0.0507
v  1.6476 -2.3279 -0.0431
v  1.6274 -2.3319 -0.0357
v  1.5949 -2.3384 -0.0155
v  1.5732 -2.3427 0.0100
v  1.5621 -2.3449 0.0384
v  1.5618 -2.3450 0.0677
v  1.5724 -2.3429 0.0952
v  1.5938 -2.3386 0.1186
v  1.6262 -2.3322 0.1355
v  1.6450 -2.3284 0.1404
v  1.6542 -2.3266 0.1439
v  1.6621 -2.3250 0.1508
v  1.6672 -2.3240 0.1600
v  1.6688 -2.3237 0.1699
v  1.6689 -2.3237 0.2084
v  1.6716 -2.3231 0.2212
v  1.6794 -2.3216 0.2315
v  1.6907 -2.3193 0.2374
v  1.7033 -2.3168 0.2380
v  1.8295 -2.2917 0.2215
v  1.7158 -2.3755 -0.1613
v  1.7054 -2.3799 -0.1591
v  1.6962 -2.3836 -0.1525
v  1.6901 -2.3862 -0.1426
v  1.6881 -2.3870 -0.1313
v  1.6881 -2.3870 -0.0719
v  1.6861 -2.3878 -0.0608
v  1.6799 -2.3904 -0.0507
v  1.6680 -2.3953 -0.0431
v  1.6490 -2.4032 -0.0357
v  1.6184 -2.4159 -0.0155
v  1.5979 -2.4243 0.0100
v  1.5875 -2.4287 0.0384
v  1.5873 -2.4288 0.0677
v  1.5972 -2.4247 0.0952
v  1.6174 -2.4163 0.1186
v  1.6479 -2.4037 0.1355
v  1.6656 -2.3963 0.1404
v  1.6742 -2.3927 0.1439
v  1.6817 -2.3896 0.1508
v  1.6865 -2.3877 0.1600
v  1.6881 -2.3870 0.1699
v  1.6881 -2.3870 0.2084
v  1.6907 -2.3859 0.2212
v  1.6980 -2.3829 0.2315
v  1.7087 -2.3785 0.2374
v  1.7206 -2.3736 0.2380
v  1.8394 -2.3244 0.2215
v  1.7443 -2.4287 -0.1613
v  1.7348 -2.4350 -0.1591
v  1.7266 -2.4405 -0.1525
v  1.7211 -2.4441 -0.1426
v  1.7193 -2.4454 -0.1313
v  1.7193 -2.4454 -0.0719
v  1.7175 -2.4466 -0.0608
v  1.7119 -2.4503 -0.0507
v  1.7012 -2.4574 -0.0431
v  1.6841 -2.4689 -0.0357
v  1.6566 -2.4873 -0.0155
v  1.6382 -2.4996 0.0100
v  1.6288 -2.5058 0.0384
v  1.6285 -2.5060 0.0677
v  1.6375 -2.5000 0.0952
v  1.6557 -2.4879 0.1186
v  1.6831 -2.4696 0.1355
v  1.6990 -2.4589 0.1404
v  1.7068 -2.4537 0.1439
v  1.7135 -2.4492 0.1508
v  1.7179 -2.4463 0.1600
v  1.7193 -2.4454 0.1699
v  1.7193 -2.4454 0.2084
v  1.7216 -2.4438 0.2212
v  1.7282 -2.4394 0.2315
v  1.7378 -2.4330 0.2374
v  1.7485 -2.4258 0.2380
v  1.8554 -2.3544 0.2215
v  1.7825 -2.4753 -0.1613
v  1.7745 -2.4833 -0.1591
v  1.7675 -2.4903 -0.1525
v  1.7628 -2.4950 -0.1426
v  1.7612 -2.4965 -0.1313
v  1.7612 -2.4965 -0.0719
v  1.7597 -2.4980 -0.0608
v  1.7550 -2.5028 -0.0507
v  1.7459 -2.5119 -0.0431
v  1.7313 -2.5264 -0.0357
v  1.7079 -2.5498 -0.0155
v  1.6923 -2.5655 0.0100
v  1.6843 -2.5735 0.0384
v  1.6841 -2.5737 0.0677
v  1.6917 -2.5661 0.0952
v  1.7072 -2.5506 0.1186
v  1.7305 -2.5273 0.1355
v  1.7440 -2.5137 0.1404
v  1.7507 -2.5071 0.1439
v  1.7564 -2.5014 0.1508
v  1.7601 -2.4977 0.1600
v  1.7612 -2.4965 0.1699
v  1.7612 -2.4965 0.2084
v  1.7632 -2.4945 0.2212
v  1.7689 -2.4889 0.2315
v  1.7770 -2.4808 0.2374
v  1.7861 -2.4717 0.2380
v  1.8770 -2.3807 0.2215
v  1.8291 -2.5135 -0.1613
v  1.8228 -2.5230 -0.1591
v  1.8173 -2.5312 -0.1525
v  1.8136 -2.5367 -0.1426
v  1.8124 -2.5385 -0.1313
v  1.8124 -2.5385 -0.0719
v  1.8112 -2.5403 -0.0608
v  1.8075 -2.5458 -0.0507
v  1.8004 -2.5565 -0.0431
v  1.7889 -2.5737 -0.0357
v  1.7705 -2.6012 -0.0155
v  1.7582 -2.6196 0.0100
v  1.7520 -2.6290 0.0384
v  1.7518 -2.6292 0.0677
v  1.7578 -2.6203 0.0952
v  1.7699 -2.6021 0.1186
v  1.7882 -2.5747 0.1355
v  1.7989 -2.5588 0.1404
v  1.8041 -2.5510 0.1439
v  1.8086 -2.5442 0.1508
v  1.8115 -2.5399 0.1600
v  1.8124 -2.5385 0.1699
v  1.8124 -2.5385 0.2084
v  1.8140 -2.5362 0.2212
v  1.8184 -2.5296 0.2315
v  1.8248 -2.5200 0.2374
v  1.8319 -2.5093 0.2380
v  1.9034 -2.4024 0.2215
v  1.8823 -2.5420 -0.1613
v  1.8779 -2.5524 -0.1591
v  1.8741 -2.5616 -0.1525
v  1.8716 -2.5677 -0.1426
v  1.8708 -2.5697 -0.1313
v  1.8708 -2.5697 -0.0719
v  1.8700 -2.5717 -0.0608
v  1.8674 -2.5778 -0.0507
v  1.8625 -2.5897 -0.0431
v  1.8546 -2.6088 -0.0357
v  1.8419 -2.6394 -0.0155
v  1.8334 -2.6598 0.0100
v  1.8291 -2.6702 0.0384
v  1.8290 -2.6705 0.0677
v  1.8331 -2.6606 0.0952
v  1.8415 -2.6404 0.1186
v  1.8541 -2.6099 0.1355
v  1.8615 -2.5922 0.1404
v  1.8650 -2.5836 0.1439
v  1.8681 -2.5761 0.1508
v  1.8701 -2.5713 0.1600
v  1.8708 -2.5697 0.1699
v  1.8708 -2.5697 0.2084
v  1.8718 -2.5671 0.2212
v  1.8749 -2.5598 0.2315
v  1.8793 -2.5491 0.2374
v  1.8842 -2.5372 0.2380
v  1.9334 -2.4184 0.2215
v  2.0000 -2.2578 -0.1613
v  1.9400 -2.5595 -0.1613
v  1.9377 -2.5706 -0.1591
v  1.9358 -2.5803 -0.1525
v  1.9345 -2.5867 -0.1426
v  1.9341 -2.5889 -0.1313
v  1.9341 -2.5889 -0.0719
v  1.9337 -2.5910 -0.0608
v  1.9324 -2.5976 -0.0507
v  1.9299 -2.6102 -0.0431
v  1.9258 -2.6304 -0.0357
v  1.9194 -2.6629 -0.0155
v  1.9151 -2.6846 0.0100
v  1.9129 -2.6956 0.0384
v  1.9128 -2.6959 0.0677
v  1.9149 -2.6854 0.0952
v  1.9192 -2.6639 0.1186
v  1.9256 -2.6316 0.1355
v  1.9293 -2.6128 0.1404
v  1.9312 -2.6036 0.1439
v  1.9327 -2.5957 0.1508
v  1.9338 -2.5906 0.1600
v  1.9341 -2.5889 0.1699
v  1.9341 -2.5889 0.2084
v  1.9346 -2.5862 0.2212
v  1.9362 -2.5784 0.2315
v  1.9384 -2.5670 0.2374
v  1.9410 -2.5544 0.2380
v  1.9660 -2.4283 0.2215
v  2.0000 -2.2578 0.2215
v  -1.7857 -2.0079 -0.9080
v  -1.8877 -2.0079 -0.7936
v  -1.9963 -2.5078 -0.3873
v  -1.8878 -2.5078 -0.7935
v  -1.4193 -2.5029 -1.0828
v  -1.8684 -2.0104 -0.8807
v  -1.8088 -2.0104 -0.9377
v  -1.7411 -2.0104 -0.9844
v  -1.6668 -2.0103 -1.0202
v  -1.5871 -2.0101 -1.0457
v  -1.5036 -2.0099 -1.0617
v  -1.4186 -2.0105 -1.0691
v  -1.9190 -2.0104 -0.8143
v  -1.9599 -2.0104 -0.7398
v  -1.9911 -2.0104 -0.6583
v  -2.0128 -2.0103 -0.5715
v  -2.0262 -2.0103 -0.4806
v  -2.0340 -2.0105 -0.3872
v  -2.0781 -2.0208 -0.3872
v  -2.1204 -2.0390 -0.3873
v  -2.1594 -2.0649 -0.3873
v  -2.1934 -2.0982 -0.3873
v  -2.2208 -2.1379 -0.3873
v  -2.2403 -2.1828 -0.3873
v  -2.2506 -2.2313 -0.3874
v  -2.2509 -2.2816 -0.3874
v  -2.2407 -2.3316 -0.3873
v  -2.2200 -2.3791 -0.3873
v  -2.1892 -2.4221 -0.3873
v  -2.1494 -2.4583 -0.3873
v  -2.1016 -2.4858 -0.3872
v  -2.0476 -2.5028 -0.3872
v  -2.0410 -2.5029 -0.4821
v  -2.0271 -2.5029 -0.5745
v  -2.0045 -2.5030 -0.6629
v  -1.9724 -2.5030 -0.7459
v  -1.9304 -2.5030 -0.8220
v  -1.8786 -2.5030 -0.8900
v  -1.8175 -2.5030 -0.9484
v  -1.7482 -2.5030 -0.9963
v  -1.6722 -2.5031 -1.0331
v  -1.5909 -2.5033 -1.0591
v  -1.5058 -2.5035 -1.0754
v  -1.4210 -2.0207 -1.1132
v  -1.4234 -2.0388 -1.1557
v  -1.4255 -2.0646 -1.1948
v  -1.4274 -2.0978 -1.2290
v  -1.4288 -2.1375 -1.2566
v  -1.4299 -2.1826 -1.2763
v  -1.4304 -2.2313 -1.2867
v  -1.4305 -2.2817 -1.2870
v  -1.4299 -2.3318 -1.2767
v  -1.4288 -2.3794 -1.2558
v  -1.4271 -2.4224 -1.2249
v  -1.4250 -2.4586 -1.1848
v  -1.4223 -2.4860 -1.1369
v  -2.0958 -2.4858 -0.4882
v  -2.0811 -2.4861 -0.5863
v  -2.1442 -2.4580 -0.4935
v  -2.1289 -2.4585 -0.5967
v  -2.1845 -2.4213 -0.4979
v  -2.1688 -2.4221 -0.6054
v  -2.2155 -2.3777 -0.5012
v  -2.1995 -2.3787 -0.6121
v  -2.2361 -2.3296 -0.5035
v  -2.2201 -2.3306 -0.6166
v  -2.2460 -2.2791 -0.5046
v  -2.2301 -2.2801 -0.6188
v  -2.2452 -2.2284 -0.5045
v  -2.2294 -2.2293 -0.6187
v  -2.0567 -2.4862 -0.6807
v  -2.0217 -2.4863 -0.7701
v  -2.1029 -2.4589 -0.6965
v  -2.0653 -2.4591 -0.7915
v  -2.1415 -2.4228 -0.7097
v  -2.1017 -2.4231 -0.8093
v  -1.9757 -2.4864 -0.8527
v  -1.9189 -2.4864 -0.9268
v  -2.0158 -2.4592 -0.8797
v  -1.9545 -2.4592 -0.9593
v  -2.0492 -2.4232 -0.9023
v  -1.9842 -2.4232 -0.9866
v  -2.1713 -2.3796 -0.7198
v  -2.1298 -2.3801 -0.8231
v  -2.1913 -2.3317 -0.7266
v  -2.1488 -2.3322 -0.8323
v  -2.2011 -2.2812 -0.7300
v  -2.1581 -2.2818 -0.8369
v  -2.2007 -2.2303 -0.7299
v  -2.1578 -2.2309 -0.8368
v  -2.0749 -2.3802 -0.9198
v  -2.0071 -2.3803 -1.0076
v  -2.0923 -2.3324 -0.9316
v  -2.0225 -2.3324 -1.0218
v  -2.1008 -2.2820 -0.9374
v  -2.0300 -2.2820 -1.0288
v  -2.1006 -2.2311 -0.9372
v  -2.0298 -2.2312 -1.0286
v  -2.2342 -2.1797 -0.5034
v  -2.2187 -2.1804 -0.6165
v  -2.2140 -2.1349 -0.5013
v  -2.1988 -2.1353 -0.6122
v  -2.1859 -2.0955 -0.4982
v  -2.1710 -2.0958 -0.6063
v  -2.1515 -2.0628 -0.4945
v  -2.1369 -2.0630 -0.5989
v  -2.1123 -2.0376 -0.4902
v  -2.0981 -2.0377 -0.5904
v  -2.0700 -2.0201 -0.4855
v  -2.0562 -2.0202 -0.5811
v  -2.1905 -2.1813 -0.7265
v  -2.1483 -2.1819 -0.8322
v  -2.1714 -2.1361 -0.7201
v  -2.1304 -2.1366 -0.8235
v  -2.1447 -2.0964 -0.7110
v  -2.1053 -2.0968 -0.8112
v  -2.1117 -2.0634 -0.6998
v  -2.0742 -2.0637 -0.7960
v  -2.0919 -2.1821 -0.9314
v  -2.0222 -2.1821 -1.0216
v  -2.0756 -2.1368 -0.9203
v  -2.0077 -2.1368 -1.0082
v  -2.0526 -2.0969 -0.9047
v  -1.9873 -2.0969 -0.9894
v  -2.0241 -2.0638 -0.8854
v  -1.9620 -2.0638 -0.9662
v  -2.0740 -2.0379 -0.6869
v  -2.0386 -2.0381 -0.7785
v  -2.0333 -2.0203 -0.6729
v  -2.0000 -2.0204 -0.7595
v  -1.9914 -2.0382 -0.8633
v  -1.9330 -2.0382 -0.9395
v  -1.9560 -2.0204 -0.8393
v  -1.9014 -2.0204 -0.9107
v  -1.8521 -2.4864 -0.9908
v  -1.7765 -2.4865 -1.0434
v  -1.8826 -2.4593 -1.0283
v  -1.8015 -2.4594 -1.0852
v  -1.9080 -2.4233 -1.0598
v  -1.8223 -2.4234 -1.1202
v  -1.6939 -2.4866 -1.0837
v  -1.6061 -2.4867 -1.1120
v  -1.7130 -2.4595 -1.1287
v  -1.6194 -2.4596 -1.1590
v  -1.7288 -2.4235 -1.1665
v  -1.6305 -2.4235 -1.1985
v  -1.9275 -2.3803 -1.0841
v  -1.8383 -2.3805 -1.1473
v  -1.9407 -2.3325 -1.1005
v  -1.8490 -2.3326 -1.1656
v  -1.9471 -2.2820 -1.1087
v  -1.8543 -2.2820 -1.1747
v  -1.9470 -2.2311 -1.1084
v  -1.8541 -2.2311 -1.1744
v  -1.7410 -2.3805 -1.1958
v  -1.6390 -2.3805 -1.2291
v  -1.7492 -2.3326 -1.2156
v  -1.6447 -2.3326 -1.2498
v  -1.7532 -2.2821 -1.2254
v  -1.6475 -2.2820 -1.2600
v  -1.7531 -2.2311 -1.2251
v  -1.6474 -2.2311 -1.2597
v  -1.5150 -2.4868 -1.1293
v  -1.5230 -2.4594 -1.1771
v  -1.5297 -2.4233 -1.2172
v  -1.5348 -2.3802 -1.2483
v  -1.5382 -2.3324 -1.2692
v  -1.5399 -2.2819 -1.2796
v  -1.5399 -2.2312 -1.2793
v  -1.9404 -2.1820 -1.1003
v  -1.8488 -2.1819 -1.1653
v  -1.9281 -2.1367 -1.0848
v  -1.8387 -2.1365 -1.1480
v  -1.9107 -2.0968 -1.0631
v  -1.8245 -2.0966 -1.1238
v  -1.8890 -2.0637 -1.0362
v  -1.8068 -2.0635 -1.0938
v  -1.7490 -2.1819 -1.2152
v  -1.6446 -2.1819 -1.2494
v  -1.7413 -2.1365 -1.1966
v  -1.6392 -2.1365 -1.2299
v  -1.7305 -2.0966 -1.1704
v  -1.6316 -2.0966 -1.2026
v  -1.7170 -2.0634 -1.1381
v  -1.6222 -2.0634 -1.1688
v  -1.8642 -2.0381 -1.0054
v  -1.7864 -2.0380 -1.0597
v  -1.8371 -2.0204 -0.9722
v  -1.7643 -2.0203 -1.0227
v  -1.7015 -2.0379 -1.1012
v  -1.6114 -2.0378 -1.1303
v  -1.6845 -2.0202 -1.0614
v  -1.5995 -2.0201 -1.0887
v  -1.5382 -2.1822 -1.2688
v  -1.5349 -2.1369 -1.2491
v  -1.5304 -2.0970 -1.2214
v  -1.5247 -2.0637 -1.1871
v  -1.5182 -2.0379 -1.1480
v  -1.5110 -2.0200 -1.1056
v  -1.9259 -2.0079 -0.7238
v  -1.9963 -2.0079 -0.3873
v  -1.8409 -2.0079 -0.8552
v  -1.7225 -2.0079 -0.9516
v  -1.5783 -2.5082 -1.0084
v  -1.6541 -2.5080 -0.9845
v  -1.7232 -2.5079 -0.9512
v  -1.7860 -2.5078 -0.9078
v  -1.8410 -2.5078 -0.8550
v  -1.9259 -2.5078 -0.7238
v  -1.9459 -2.5028 -0.3872
v  -1.8571 -2.0104 -0.7723
v  -1.8133 -2.0104 -0.8301
v  -1.8928 -2.0104 -0.7068
v  -1.9205 -2.0104 -0.6342
v  -1.9404 -2.0103 -0.5557
v  -1.9598 -2.0105 -0.3872
v  -1.7618 -2.0104 -0.8794
v  -1.7030 -2.0104 -0.9199
v  -1.6384 -2.0103 -0.9509
v  -1.5682 -2.0101 -0.9734
v  -1.4934 -2.0100 -0.9880
v  -1.4174 -2.0105 -0.9950
v  -1.4148 -2.0206 -0.9509
v  -1.4123 -2.0386 -0.9084
v  -1.4101 -2.0644 -0.8692
v  -1.4082 -2.0976 -0.8350
v  -1.4066 -2.1374 -0.8073
v  -1.4055 -2.1824 -0.7876
v  -1.4050 -2.2310 -0.7771
v  -1.4049 -2.2815 -0.7768
v  -1.4055 -2.3317 -0.7871
v  -1.4067 -2.3793 -0.8080
v  -1.4084 -2.4224 -0.8390
v  -1.4107 -2.4586 -0.8790
v  -1.4134 -2.4860 -0.9270
v  -1.4166 -2.5029 -0.9811
v  -1.4910 -2.5034 -0.9741
v  -1.5643 -2.5033 -0.9597
v  -1.6328 -2.5031 -0.9378
v  -1.6958 -2.5030 -0.9077
v  -1.7529 -2.5030 -0.8685
v  -1.8029 -2.5029 -0.8206
v  -1.8454 -2.5029 -0.7645
v  -1.8800 -2.5029 -0.7006
v  -1.9067 -2.5029 -0.6296
v  -1.9258 -2.5029 -0.5527
v  -1.9156 -2.0208 -0.3871
v  -1.8733 -2.0389 -0.3871
v  -1.8343 -2.0648 -0.3871
v  -1.8002 -2.0980 -0.3871
v  -1.7727 -2.1377 -0.3870
v  -1.7532 -2.1826 -0.3870
v  -1.7429 -2.2311 -0.3870
v  -1.7426 -2.2814 -0.3870
v  -1.7528 -2.3314 -0.3870
v  -1.7735 -2.3790 -0.3870
v  -1.8042 -2.4220 -0.3871
v  -1.8441 -2.4583 -0.3871
v  -1.8918 -2.4858 -0.3871
v  -1.8969 -2.0202 -0.5461
v  -1.8549 -2.0378 -0.5368
v  -1.8160 -2.0632 -0.5283
v  -1.8782 -2.0203 -0.6196
v  -1.8526 -2.0203 -0.6870
v  -1.8374 -2.0379 -0.6056
v  -1.8140 -2.0380 -0.6680
v  -1.8200 -2.0204 -0.7474
v  -1.7803 -2.0203 -0.8001
v  -1.7845 -2.0381 -0.7234
v  -1.7486 -2.0381 -0.7713
v  -1.7518 -2.0637 -0.7012
v  -1.7784 -2.0636 -0.6505
v  -1.7195 -2.0636 -0.7447
v  -1.7815 -2.0962 -0.5201
v  -1.7539 -2.1359 -0.5141
v  -1.7342 -2.1810 -0.5099
v  -1.7236 -2.2299 -0.5076
v  -1.7468 -2.0967 -0.6345
v  -1.7997 -2.0634 -0.5927
v  -1.7232 -2.0968 -0.6817
v  -1.6942 -2.0968 -0.7213
v  -1.7217 -2.1365 -0.6222
v  -1.7001 -2.1366 -0.6660
v  -1.6737 -2.1366 -0.7025
v  -1.7038 -2.1818 -0.6134
v  -1.6838 -2.1819 -0.6549
v  -1.6592 -2.1819 -0.6891
v  -1.6943 -2.2308 -0.6088
v  -1.6751 -2.2309 -0.6490
v  -1.6515 -2.2309 -0.6821
v  -1.7231 -2.2807 -0.5075
v  -1.7332 -2.3311 -0.5098
v  -1.7537 -2.3791 -0.5143
v  -1.7847 -2.4223 -0.5218
v  -1.6940 -2.2816 -0.6086
v  -1.6748 -2.2817 -0.6489
v  -1.6513 -2.2817 -0.6819
v  -1.7033 -2.3321 -0.6132
v  -1.6834 -2.3322 -0.6547
v  -1.6588 -2.3322 -0.6889
v  -1.7222 -2.3799 -0.6225
v  -1.7007 -2.3800 -0.6665
v  -1.6743 -2.3801 -0.7030
v  -1.6971 -2.4231 -0.7241
v  -1.7265 -2.4231 -0.6842
v  -1.8244 -2.4586 -0.5304
v  -1.8720 -2.4861 -0.5409
v  -1.8085 -2.4590 -0.5960
v  -1.7700 -2.4228 -0.5828
v  -1.7507 -2.4230 -0.6371
v  -1.7871 -2.4591 -0.6549
v  -1.7600 -2.4592 -0.7068
v  -1.7269 -2.4592 -0.7514
v  -1.8546 -2.4862 -0.6117
v  -1.8307 -2.4863 -0.6763
v  -1.8000 -2.4863 -0.7339
v  -1.7625 -2.4864 -0.7839
v  -1.7334 -2.0203 -0.8449
v  -1.6797 -2.0202 -0.8816
v  -1.7063 -2.0380 -0.8117
v  -1.6575 -2.0379 -0.8447
v  -1.6813 -2.0635 -0.7810
v  -1.6370 -2.0634 -0.8105
v  -1.6206 -2.0202 -0.9097
v  -1.5557 -2.0201 -0.9304
v  -1.6035 -2.0378 -0.8700
v  -1.5437 -2.0378 -0.8888
v  -1.6594 -2.0967 -0.7539
v  -1.6185 -2.0965 -0.7799
v  -1.6419 -2.1365 -0.7322
v  -1.6042 -2.1364 -0.7558
v  -1.5226 -2.0966 -0.8162
v  -1.5879 -2.0633 -0.8331
v  -1.5327 -2.0634 -0.8504
v  -1.5149 -2.1365 -0.7889
v  -1.6295 -2.1818 -0.7167
v  -1.5940 -2.1817 -0.7386
v  -1.6229 -2.2309 -0.7085
v  -1.5886 -2.2309 -0.7295
v  -1.5095 -2.1818 -0.7695
v  -1.5066 -2.2309 -0.7592
v  -1.4858 -2.0200 -0.9441
v  -1.6227 -2.2818 -0.7083
v  -1.5885 -2.2818 -0.7292
v  -1.6292 -2.3323 -0.7164
v  -1.5938 -2.3323 -0.7382
v  -1.5065 -2.2818 -0.7589
v  -1.5093 -2.3323 -0.7691
v  -1.6424 -2.3802 -0.7328
v  -1.6046 -2.3803 -0.7565
v  -1.6622 -2.4232 -0.7572
v  -1.6214 -2.4233 -0.7841
v  -1.5151 -2.3802 -0.7896
v  -1.5244 -2.4234 -0.8205
v  -1.6876 -2.4593 -0.7886
v  -1.6422 -2.4594 -0.8190
v  -1.7182 -2.4864 -0.8262
v  -1.6673 -2.4865 -0.8607
v  -1.5919 -2.4595 -0.8423
v  -1.5759 -2.4234 -0.8046
v  -1.5355 -2.4595 -0.8599
v  -1.6110 -2.4866 -0.8872
v  -1.5490 -2.4867 -0.9068
v  -1.4818 -2.4866 -0.9201
v  -1.4178 -2.5078 -1.0316
v  -1.4987 -2.5084 -1.0240
v  -1.2499 -2.0119 -1.0381
v  -1.2500 -2.4985 -1.0850
v  -1.2500 -2.0145 -1.0716
v  -1.2500 -2.0245 -1.1150
v  -1.2500 -2.0422 -1.1567
v  -1.2500 -2.0676 -1.1952
v  -1.2500 -2.1003 -1.2288
v  -1.2500 -2.1394 -1.2559
v  -1.2500 -2.1836 -1.2752
v  -1.2500 -2.2315 -1.2855
v  -1.2500 -2.2811 -1.2858
v  -1.2500 -2.3303 -1.2756
v  -1.2500 -2.3771 -1.2551
v  -1.2500 -2.4194 -1.2247
v  -1.2500 -2.4549 -1.1853
v  -1.2500 -2.4819 -1.1382
v  -1.2500 -2.0144 -0.9988
v  -1.2500 -2.0244 -0.9554
v  -1.2500 -2.0421 -0.9136
v  -1.2500 -2.0675 -0.8751
v  -1.2500 -2.1001 -0.8414
v  -1.2500 -2.1392 -0.8142
v  -1.2500 -2.1834 -0.7948
v  -1.2500 -2.2313 -0.7846
v  -1.2500 -2.2809 -0.7843
v  -1.2500 -2.3302 -0.7944
v  -1.2500 -2.3771 -0.8149
v  -1.2500 -2.4193 -0.8454
v  -1.2500 -2.4549 -0.8847
v  -1.2500 -2.4819 -0.9318
v  -1.2500 -2.4985 -0.9851
v  -1.2500 -2.5034 -1.0347
v  -0.3716 -2.0119 -1.0381
v  -0.3718 -2.4985 -1.0850
v  -0.3718 -2.0145 -1.0716
v  -0.3718 -2.0245 -1.1150
v  -0.3718 -2.0422 -1.1567
v  -0.3718 -2.0676 -1.1952
v  -0.3718 -2.1003 -1.2288
v  -0.3718 -2.1394 -1.2559
v  -0.3718 -2.1836 -1.2752
v  -0.3718 -2.2315 -1.2855
v  -0.3718 -2.2811 -1.2858
v  -0.3718 -2.3303 -1.2756
v  -0.3718 -2.3771 -1.2551
v  -0.3718 -2.4194 -1.2247
v  -0.3718 -2.4549 -1.1853
v  -0.3718 -2.4819 -1.1382
v  -0.3718 -2.0144 -0.9988
v  -0.3718 -2.0244 -0.9554
v  -0.3718 -2.0421 -0.9136
v  -0.3718 -2.0675 -0.8751
v  -0.3718 -2.1001 -0.8414
v  -0.3718 -2.1392 -0.8142
v  -0.3718 -2.1834 -0.7948
v  -0.3718 -2.2313 -0.7846
v  -0.3718 -2.2809 -0.7843
v  -0.3718 -2.3302 -0.7944
v  -0.3718 -2.3771 -0.8149
v  -0.3718 -2.4193 -0.8454
v  -0.3718 -2.4549 -0.8847
v  -0.3718 -2.4819 -0.9318
v  -0.3718 -2.4985 -0.9851
v  -0.3718 -2.5034 -1.0347
v  -1.9528 -2.0103 -0.4723
v  -1.9378 -2.5029 -0.4708
v  -1.9089 -2.0202 -0.4675
v  -1.8666 -2.0378 -0.4629
v  -1.8274 -2.0633 -0.4586
v  -1.7930 -2.0962 -0.4547
v  -1.7651 -2.1359 -0.4517
v  -1.7452 -2.1808 -0.4496
v  -1.7345 -2.2295 -0.4484
v  -1.7339 -2.2801 -0.4484
v  -1.7439 -2.3304 -0.4495
v  -1.7645 -2.3783 -0.4518
v  -1.7953 -2.4216 -0.4554
v  -1.8353 -2.4581 -0.4597
v  -1.8833 -2.4858 -0.4649
v  -1.9897 -2.0079 -0.4766
v  -1.9897 -2.5078 -0.4765
v  -1.9765 -2.5078 -0.5637
v  -1.9555 -2.5078 -0.6465
v  -1.9765 -2.0079 -0.5637
v  -1.9555 -2.0079 -0.6465
v  -1.7654 -2.0965 -0.5797
v  -1.7389 -2.1363 -0.5706
v  -1.7199 -2.1815 -0.5641
v  -1.7098 -2.2305 -0.5607
v  -1.7094 -2.2813 -0.5606
v  -1.7192 -2.3317 -0.5640
v  -1.7392 -2.3797 -0.5708
v  -1.5729 -2.0965 -0.7995
v  -1.5619 -2.1364 -0.7735
v  -1.5542 -2.1817 -0.7550
v  -1.5501 -2.2308 -0.7452
v  -1.5500 -2.2818 -0.7449
v  -1.5540 -2.3324 -0.7546
v  -1.5622 -2.3803 -0.7742
v  -1.4659 -2.0969 -0.8283
v  -1.4719 -2.0637 -0.8626
v  -1.4785 -2.0380 -0.9018
v  -1.4612 -2.1368 -0.8007
v  -1.4579 -2.1820 -0.7809
v  -1.4562 -2.2310 -0.7705
v  -1.4561 -2.2817 -0.7702
v  -1.4579 -2.3321 -0.7805
v  -1.4613 -2.3799 -0.8014
v  -1.4668 -2.4230 -0.8324
v  -1.4736 -2.4593 -0.8724
v  -1.4180 -2.0081 -1.0317
v  -1.4985 -2.0075 -1.0241
v  -1.5777 -2.0076 -1.0089
v  -1.6528 -2.0078 -0.9850
v  -2.0000 -2.5654 -0.1613
v  -2.0000 -2.5767 -0.1591
v  -2.0000 -2.5866 -0.1525
v  -2.0000 -2.5932 -0.1426
v  -2.0000 -2.5954 -0.1313
v  -2.0000 -2.5954 -0.0719
v  -2.0000 -2.5975 -0.0608
v  -2.0000 -2.6042 -0.0507
v  -2.0000 -2.6171 -0.0431
v  -2.0000 -2.6377 -0.0357
v  -2.0000 -2.6708 -0.0155
v  -2.0000 -2.6930 0.0100
v  -2.0000 -2.7042 0.0384
v  -2.0000 -2.7045 0.0677
v  -2.0000 -2.6938 0.0952
v  -2.0000 -2.6719 0.1186
v  -2.0000 -2.6389 0.1355
v  -2.0000 -2.6198 0.1404
v  -1.9999 -2.6104 0.1439
v  -1.9999 -2.6023 0.1508
v  -1.9999 -2.5971 0.1600
v  -1.9999 -2.5954 0.1699
v  -2.0000 -2.5954 0.2084
v  -2.0000 -2.5926 0.2212
v  -2.0000 -2.5847 0.2315
v  -2.0000 -2.5731 0.2374
v  -2.0000 -2.5602 0.2380
v  -2.0000 -2.4317 0.2215
v  -2.0599 -2.5595 -0.1613
v  -2.0622 -2.5706 -0.1591
v  -2.0641 -2.5803 -0.1525
v  -2.0654 -2.5867 -0.1426
v  -2.0658 -2.5889 -0.1313
v  -2.0658 -2.5889 -0.0719
v  -2.0662 -2.5910 -0.0608
v  -2.0675 -2.5976 -0.0507
v  -2.0700 -2.6102 -0.0431
v  -2.0741 -2.6304 -0.0357
v  -2.0805 -2.6629 -0.0155
v  -2.0848 -2.6846 0.0100
v  -2.0870 -2.6956 0.0384
v  -2.0871 -2.6959 0.0677
v  -2.0850 -2.6854 0.0952
v  -2.0807 -2.6639 0.1186
v  -2.0743 -2.6316 0.1355
v  -2.0706 -2.6128 0.1404
v  -2.0687 -2.6036 0.1439
v  -2.0672 -2.5957 0.1508
v  -2.0661 -2.5906 0.1600
v  -2.0658 -2.5889 0.1699
v  -2.0658 -2.5889 0.2084
v  -2.0653 -2.5862 0.2212
v  -2.0637 -2.5784 0.2315
v  -2.0615 -2.5670 0.2374
v  -2.0589 -2.5544 0.2380
v  -2.0339 -2.4283 0.2215
v  -2.1176 -2.5420 -0.1613
v  -2.1220 -2.5524 -0.1591
v  -2.1258 -2.5616 -0.1525
v  -2.1283 -2.5677 -0.1426
v  -2.1291 -2.5697 -0.1313
v  -2.1291 -2.5697 -0.0719
v  -2.1300 -2.5717 -0.0608
v  -2.1325 -2.5778 -0.0507
v  -2.1374 -2.5897 -0.0431
v  -2.1453 -2.6088 -0.0357
v  -2.1580 -2.6394 -0.0155
v  -2.1665 -2.6598 0.0100
v  -2.1708 -2.6702 0.0384
v  -2.1709 -2.6705 0.0677
v  -2.1668 -2.6606 0.0952
v  -2.1584 -2.6404 0.1186
v  -2.1458 -2.6099 0.1355
v  -2.1385 -2.5922 0.1404
v  -2.1349 -2.5836 0.1439
v  -2.1318 -2.5761 0.1508
v  -2.1298 -2.5713 0.1600
v  -2.1291 -2.5697 0.1699
v  -2.1291 -2.5697 0.2084
v  -2.1281 -2.5671 0.2212
v  -2.1250 -2.5598 0.2315
v  -2.1206 -2.5491 0.2374
v  -2.1157 -2.5372 0.2380
v  -2.0665 -2.4184 0.2215
v  -2.1708 -2.5135 -0.1613
v  -2.1771 -2.5230 -0.1591
v  -2.1826 -2.5312 -0.1525
v  -2.1863 -2.5367 -0.1426
v  -2.1875 -2.5385 -0.1313
v  -2.1875 -2.5385 -0.0719
v  -2.1887 -2.5403 -0.0608
v  -2.1924 -2.5458 -0.0507
v  -2.1995 -2.5565 -0.0431
v  -2.2110 -2.5737 -0.0357
v  -2.2294 -2.6012 -0.0155
v  -2.2417 -2.6196 0.0100
v  -2.2479 -2.6290 0.0384
v  -2.2481 -2.6292 0.0677
v  -2.2421 -2.6203 0.0952
v  -2.2300 -2.6021 0.1186
v  -2.2117 -2.5747 0.1355
v  -2.2010 -2.5588 0.1404
v  -2.1958 -2.5510 0.1439
v  -2.1913 -2.5442 0.1508
v  -2.1884 -2.5399 0.1600
v  -2.1875 -2.5385 0.1699
v  -2.1875 -2.5385 0.2084
v  -2.1859 -2.5362 0.2212
v  -2.1815 -2.5296 0.2315
v  -2.1751 -2.5200 0.2374
v  -2.1680 -2.5093 0.2380
v  -2.0965 -2.4024 0.2215
v  -2.2174 -2.4753 -0.1613
v  -2.2254 -2.4833 -0.1591
v  -2.2324 -2.4903 -0.1525
v  -2.2371 -2.4950 -0.1426
v  -2.2387 -2.4965 -0.1313
v  -2.2387 -2.4965 -0.0719
v  -2.2402 -2.4980 -0.0608
v  -2.2449 -2.5028 -0.0507
v  -2.2540 -2.5119 -0.0431
v  -2.2686 -2.5265 -0.0357
v  -2.2920 -2.5498 -0.0155
v  -2.3076 -2.5655 0.0100
v  -2.3156 -2.5735 0.0384
v  -2.3158 -2.5737 0.0677
v  -2.3082 -2.5661 0.0952
v  -2.2927 -2.5506 0.1186
v  -2.2694 -2.5273 0.1355
v  -2.2559 -2.5137 0.1404
v  -2.2492 -2.5071 0.1439
v  -2.2435 -2.5014 0.1508
v  -2.2398 -2.4977 0.1600
v  -2.2387 -2.4965 0.1699
v  -2.2387 -2.4965 0.2084
v  -2.2367 -2.4945 0.2212
v  -2.2310 -2.4889 0.2315
v  -2.2229 -2.4808 0.2374
v  -2.2138 -2.4717 0.2380
v  -2.1229 -2.3807 0.2215
v  -2.2557 -2.4287 -0.1613
v  -2.2651 -2.4350 -0.1591
v  -2.2733 -2.4405 -0.1525
v  -2.2788 -2.4441 -0.1426
v  -2.2806 -2.4454 -0.1313
v  -2.2806 -2.4454 -0.0719
v  -2.2824 -2.4466 -0.0608
v  -2.2880 -2.4503 -0.0507
v  -2.2987 -2.4574 -0.0431
v  -2.3158 -2.4689 -0.0357
v  -2.3433 -2.4873 -0.0155
v  -2.3618 -2.4996 0.0100
v  -2.3711 -2.5058 0.0384
v  -2.3714 -2.5060 0.0677
v  -2.3624 -2.5000 0.0952
v  -2.3442 -2.4879 0.1186
v  -2.3168 -2.4696 0.1355
v  -2.3009 -2.4589 0.1404
v  -2.2931 -2.4537 0.1439
v  -2.2864 -2.4492 0.1508
v  -2.2820 -2.4463 0.1600
v  -2.2807 -2.4454 0.1699
v  -2.2806 -2.4454 0.2084
v  -2.2783 -2.4438 0.2212
v  -2.2717 -2.4394 0.2315
v  -2.2621 -2.4330 0.2374
v  -2.2514 -2.4258 0.2380
v  -2.1445 -2.3544 0.2215
v  -2.2841 -2.3755 -0.1613
v  -2.2945 -2.3799 -0.1591
v  -2.3037 -2.3836 -0.1525
v  -2.3098 -2.3862 -0.1426
v  -2.3118 -2.3870 -0.1313
v  -2.3118 -2.3870 -0.0719
v  -2.3138 -2.3878 -0.0608
v  -2.3200 -2.3904 -0.0507
v  -2.3319 -2.3953 -0.0431
v  -2.3509 -2.4032 -0.0357
v  -2.3815 -2.4159 -0.0155
v  -2.4020 -2.4243 0.0100
v  -2.4124 -2.4287 0.0384
v  -2.4126 -2.4288 0.0677
v  -2.4027 -2.4247 0.0952
v  -2.3825 -2.4163 0.1186
v  -2.3520 -2.4037 0.1355
v  -2.3343 -2.3963 0.1404
v  -2.3257 -2.3928 0.1439
v  -2.3182 -2.3897 0.1508
v  -2.3134 -2.3877 0.1600
v  -2.3118 -2.3870 0.1699
v  -2.3118 -2.3870 0.2084
v  -2.3092 -2.3859 0.2212
v  -2.3019 -2.3829 0.2315
v  -2.2912 -2.3785 0.2374
v  -2.2793 -2.3736 0.2380
v  -2.1605 -2.3244 0.2215
v  -2.3016 -2.3178 -0.1613
v  -2.3127 -2.3200 -0.1591
v  -2.3224 -2.3220 -0.1525
v  -2.3289 -2.3233 -0.1426
v  -2.3310 -2.3237 -0.1313
v  -2.3310 -2.3237 -0.0719
v  -2.3331 -2.3241 -0.0608
v  -2.3397 -2.3254 -0.0507
v  -2.3523 -2.3279 -0.0431
v  -2.3725 -2.3319 -0.0357
v  -2.4050 -2.3384 -0.0155
v  -2.4267 -2.3427 0.0100
v  -2.4378 -2.3449 0.0384
v  -2.4381 -2.3450 0.0677
v  -2.4275 -2.3429 0.0952
v  -2.4061 -2.3386 0.1186
v  -2.3737 -2.3322 0.1355
v  -2.3549 -2.3284 0.1404
v  -2.3457 -2.3266 0.1439
v  -2.3378 -2.3250 0.1508
v  -2.3327 -2.3240 0.1600
v  -2.3311 -2.3237 0.1699
v  -2.3310 -2.3237 0.2084
v  -2.3283 -2.3231 0.2212
v  -2.3205 -2.3216 0.2315
v  -2.3092 -2.3193 0.2374
v  -2.2966 -2.3168 0.2380
v  -2.1704 -2.2917 0.2215
v  -2.3075 -2.2578 -0.1613
v  -2.3188 -2.2578 -0.1591
v  -2.3287 -2.2578 -0.1525
v  -2.3353 -2.2578 -0.1426
v  -2.3375 -2.2578 -0.1313
v  -2.3375 -2.2578 -0.0719
v  -2.3397 -2.2578 -0.0608
v  -2.3463 -2.2578 -0.0507
v  -2.3592 -2.2578 -0.0431
v  -2.3798 -2.2578 -0.0357
v  -2.4129 -2.2578 -0.0155
v  -2.4351 -2.2578 0.0100
v  -2.4463 -2.2578 0.0384
v  -2.4466 -2.2578 0.0677
v  -2.4359 -2.2578 0.0952
v  -2.4140 -2.2578 0.1186
v  -2.3811 -2.2578 0.1355
v  -2.3619 -2.2578 0.1404
v  -2.3525 -2.2578 0.1439
v  -2.3444 -2.2578 0.1508
v  -2.3392 -2.2578 0.1600
v  -2.3375 -2.2578 0.1699
v  -2.3375 -2.2578 0.2084
v  -2.3347 -2.2578 0.2212
v  -2.3268 -2.2578 0.2315
v  -2.3152 -2.2578 0.2374
v  -2.3024 -2.2578 0.2380
v  -2.1738 -2.2578 0.2215
v  -2.3016 -2.1978 -0.1613
v  -2.3127 -2.1956 -0.1591
v  -2.3224 -2.1937 -0.1525
v  -2.3289 -2.1924 -0.1426
v  -2.3310 -2.1920 -0.1313
v  -2.3310 -2.1920 -0.0719
v  -2.3331 -2.1916 -0.0608
v  -2.3397 -2.1903 -0.0507
v  -2.3523 -2.1877 -0.0431
v  -2.3725 -2.1837 -0.0357
v  -2.4050 -2.1773 -0.0155
v  -2.4267 -2.1729 0.0100
v  -2.4378 -2.1707 0.0384
v  -2.4381 -2.1707 0.0677
v  -2.4275 -2.1728 0.0952
v  -2.4061 -2.1770 0.1186
v  -2.3737 -2.1835 0.1355
v  -2.3549 -2.1872 0.1404
v  -2.3457 -2.1890 0.1439
v  -2.3378 -2.1906 0.1508
v  -2.3327 -2.1916 0.1600
v  -2.3311 -2.1920 0.1699
v  -2.3310 -2.1920 0.2084
v  -2.3283 -2.1925 0.2212
v  -2.3205 -2.1941 0.2315
v  -2.3092 -2.1963 0.2374
v  -2.2966 -2.1988 0.2380
v  -2.1704 -2.2239 0.2215
v  -2.2841 -2.1401 -0.1613
v  -2.2945 -2.1358 -0.1591
v  -2.3037 -2.1320 -0.1525
v  -2.3098 -2.1295 -0.1426
v  -2.3118 -2.1286 -0.1313
v  -2.3118 -2.1286 -0.0719
v  -2.3138 -2.1278 -0.0608
v  -2.3200 -2.1253 -0.0507
v  -2.3319 -2.1204 -0.0431
v  -2.3509 -2.1125 -0.0357
v  -2.3815 -2.0998 -0.0155
v  -2.4020 -2.0913 0.0100
v  -2.4124 -2.0870 0.0384
v  -2.4126 -2.0869 0.0677
v  -2.4027 -2.0910 0.0952
v  -2.3825 -2.0994 0.1186
v  -2.3521 -2.1120 0.1355
v  -2.3343 -2.1193 0.1404
v  -2.3257 -2.1229 0.1439
v  -2.3182 -2.1260 0.1508
v  -2.3134 -2.1280 0.1600
v  -2.3118 -2.1286 0.1699
v  -2.3118 -2.1286 0.2084
v  -2.3092 -2.1297 0.2212
v  -2.3019 -2.1328 0.2315
v  -2.2912 -2.1372 0.2374
v  -2.2793 -2.1421 0.2380
v  -2.1605 -2.1913 0.2215
v  -2.2557 -2.0870 -0.1613
v  -2.2651 -2.0807 -0.1591
v  -2.2733 -2.0752 -0.1525
v  -2.2788 -2.0715 -0.1426
v  -2.2806 -2.0703 -0.1313
v  -2.2806 -2.0703 -0.0719
v  -2.2824 -2.0691 -0.0608
v  -2.2880 -2.0654 -0.0507
v  -2.2987 -2.0582 -0.0431
v  -2.3158 -2.0468 -0.0357
v  -2.3433 -2.0284 -0.0155
v  -2.3618 -2.0161 0.0100
v  -2.3711 -2.0098 0.0384
v  -2.3714 -2.0097 0.0677
v  -2.3624 -2.0156 0.0952
v  -2.3442 -2.0278 0.1186
v  -2.3168 -2.0461 0.1355
v  -2.3009 -2.0568 0.1404
v  -2.2931 -2.0620 0.1439
v  -2.2864 -2.0665 0.1508
v  -2.2820 -2.0693 0.1600
v  -2.2807 -2.0703 0.1699
v  -2.2806 -2.0703 0.2084
v  -2.2783 -2.0719 0.2212
v  -2.2717 -2.0763 0.2315
v  -2.2621 -2.0827 0.2374
v  -2.2514 -2.0898 0.2380
v  -2.1445 -2.1613 0.2215
v  -2.2174 -2.0404 -0.1613
v  -2.2254 -2.0324 -0.1591
v  -2.2324 -2.0254 -0.1525
v  -2.2371 -2.0207 -0.1426
v  -2.2387 -2.0191 -0.1313
v  -2.2387 -2.0191 -0.0719
v  -2.2402 -2.0176 -0.0608
v  -2.2449 -2.0129 -0.0507
v  -2.2540 -2.0038 -0.0431
v  -2.2686 -1.9892 -0.0357
v  -2.2920 -1.9658 -0.0155
v  -2.3076 -1.9501 0.0100
v  -2.3156 -1.9422 0.0384
v  -2.3158 -1.9420 0.0677
v  -2.3082 -1.9496 0.0952
v  -2.2927 -1.9650 0.1186
v  -2.2694 -1.9883 0.1355
v  -2.2559 -2.0019 0.1404
v  -2.2493 -2.0085 0.1439
v  -2.2435 -2.0143 0.1508
v  -2.2398 -2.0179 0.1600
v  -2.2387 -2.0191 0.1699
v  -2.2387 -2.0191 0.2084
v  -2.2367 -2.0211 0.2212
v  -2.2310 -2.0267 0.2315
v  -2.2229 -2.0349 0.2374
v  -2.2138 -2.0440 0.2380
v  -2.1229 -2.1349 0.2215
v  -2.1708 -2.0021 -0.1613
v  -2.1771 -1.9927 -0.1591
v  -2.1826 -1.9845 -0.1525
v  -2.1863 -1.9790 -0.1426
v  -2.1875 -1.9771 -0.1313
v  -2.1875 -1.9771 -0.0719
v  -2.1887 -1.9754 -0.0608
v  -2.1924 -1.9698 -0.0507
v  -2.1995 -1.9591 -0.0431
v  -2.2110 -1.9420 -0.0357
v  -2.2294 -1.9145 -0.0155
v  -2.2417 -1.8960 0.0100
v  -2.2479 -1.8867 0.0384
v  -2.2481 -1.8864 0.0677
v  -2.2421 -1.8954 0.0952
v  -2.2300 -1.9135 0.1186
v  -2.2117 -1.9409 0.1355
v  -2.2010 -1.9569 0.1404
v  -2.1958 -1.9647 0.1439
v  -2.1913 -1.9714 0.1508
v  -2.1884 -1.9757 0.1600
v  -2.1875 -1.9771 0.1699
v  -2.1875 -1.9771 0.2084
v  -2.1859 -1.9795 0.2212
v  -2.1815 -1.9861 0.2315
v  -2.1751 -1.9957 0.2374
v  -2.1680 -2.0064 0.2380
v  -2.0965 -2.1133 0.2215
v  -2.1176 -1.9737 -0.1613
v  -2.1220 -1.9632 -0.1591
v  -2.1258 -1.9541 -0.1525
v  -2.1283 -1.9480 -0.1426
v  -2.1291 -1.9459 -0.1313
v  -2.1291 -1.9459 -0.0719
v  -2.1299 -1.9440 -0.0608
v  -2.1325 -1.9378 -0.0507
v  -2.1374 -1.9259 -0.0431
v  -2.1453 -1.9069 -0.0357
v  -2.1580 -1.8763 -0.0155
v  -2.1665 -1.8558 0.0100
v  -2.1708 -1.8454 0.0384
v  -2.1709 -1.8451 0.0677
v  -2.1668 -1.8551 0.0952
v  -2.1584 -1.8753 0.1186
v  -2.1458 -1.9057 0.1355
v  -2.1385 -1.9235 0.1404
v  -2.1349 -1.9321 0.1439
v  -2.1318 -1.9396 0.1508
v  -2.1298 -1.9444 0.1600
v  -2.1291 -1.9459 0.1699
v  -2.1291 -1.9459 0.2084
v  -2.1281 -1.9486 0.2212
v  -2.1250 -1.9559 0.2315
v  -2.1206 -1.9666 0.2374
v  -2.1157 -1.9784 0.2380
v  -2.0665 -2.0972 0.2215
v  -2.0599 -1.9562 -0.1613
v  -2.0622 -1.9451 -0.1591
v  -2.0641 -1.9354 -0.1525
v  -2.0654 -1.9289 -0.1426
v  -2.0658 -1.9267 -0.1313
v  -2.0658 -1.9267 -0.0719
v  -2.0662 -1.9247 -0.0608
v  -2.0675 -1.9181 -0.0507
v  -2.0700 -1.9055 -0.0431
v  -2.0741 -1.8852 -0.0357
v  -2.0805 -1.8528 -0.0155
v  -2.0848 -1.8311 0.0100
v  -2.0870 -1.8200 0.0384
v  -2.0871 -1.8197 0.0677
v  -2.0850 -1.8303 0.0952
v  -2.0807 -1.8517 0.1186
v  -2.0743 -1.8840 0.1355
v  -2.0706 -1.9029 0.1404
v  -2.0687 -1.9120 0.1439
v  -2.0672 -1.9200 0.1508
v  -2.0661 -1.9251 0.1600
v  -2.0658 -1.9267 0.1699
v  -2.0658 -1.9267 0.2084
v  -2.0653 -1.9295 0.2212
v  -2.0637 -1.9373 0.2315
v  -2.0615 -1.9486 0.2374
v  -2.0589 -1.9612 0.2380
v  -2.0339 -2.0873 0.2215
v  -2.0000 -1.9503 -0.1613
v  -1.9999 -1.9390 -0.1591
v  -2.0000 -1.9291 -0.1525
v  -2.0000 -1.9225 -0.1426
v  -2.0000 -1.9203 -0.1313
v  -2.0000 -1.9203 -0.0719
v  -2.0000 -1.9181 -0.0608
v  -2.0000 -1.9114 -0.0507
v  -2.0000 -1.8986 -0.0431
v  -2.0000 -1.8779 -0.0357
v  -2.0000 -1.8449 -0.0155
v  -2.0000 -1.8227 0.0100
v  -2.0000 -1.8114 0.0384
v  -2.0000 -1.8111 0.0677
v  -2.0000 -1.8219 0.0952
v  -2.0000 -1.8438 0.1186
v  -2.0000 -1.8767 0.1355
v  -2.0000 -1.8959 0.1404
v  -2.0000 -1.9053 0.1439
v  -2.0000 -1.9134 0.1508
v  -2.0000 -1.9186 0.1600
v  -2.0000 -1.9202 0.1699
v  -2.0000 -1.9203 0.2084
v  -2.0000 -1.9231 0.2212
v  -2.0000 -1.9310 0.2315
v  -2.0000 -1.9426 0.2374
v  -2.0000 -1.9554 0.2380
v  -2.0000 -2.0840 0.2215
v  -1.9400 -1.9562 -0.1613
v  -1.9377 -1.9451 -0.1591
v  -1.9358 -1.9354 -0.1525
v  -1.9345 -1.9289 -0.1426
v  -1.9341 -1.9267 -0.1313
v  -1.9341 -1.9267 -0.0719
v  -1.9337 -1.9247 -0.0608
v  -1.9324 -1.9181 -0.0507
v  -1.9299 -1.9055 -0.0431
v  -1.9258 -1.8852 -0.0357
v  -1.9194 -1.8528 -0.0155
v  -1.9151 -1.8311 0.0100
v  -1.9129 -1.8200 0.0384
v  -1.9128 -1.8197 0.0677
v  -1.9149 -1.8303 0.0952
v  -1.9192 -1.8517 0.1186
v  -1.9256 -1.8840 0.1355
v  -1.9293 -1.9029 0.1404
v  -1.9312 -1.9120 0.1439
v  -1.9328 -1.9200 0.1508
v  -1.9338 -1.9251 0.1600
v  -1.9341 -1.9267 0.1699
v  -1.9341 -1.9267 0.2084
v  -1.9346 -1.9295 0.2212
v  -1.9362 -1.9373 0.2315
v  -1.9384 -1.9486 0.2374
v  -1.9410 -1.9612 0.2380
v  -1.9660 -2.0873 0.2215
v  -1.8823 -1.9737 -0.1613
v  -1.8779 -1.9632 -0.1591
v  -1.8741 -1.9541 -0.1525
v  -1.8716 -1.9480 -0.1426
v  -1.8708 -1.9459 -0.1313
v  -1.8708 -1.9459 -0.0719
v  -1.8700 -1.9440 -0.0608
v  -1.8674 -1.9378 -0.0507
v  -1.8625 -1.9259 -0.0431
v  -1.8546 -1.9069 -0.0357
v  -1.8419 -1.8763 -0.0155
v  -1.8334 -1.8558 0.0100
v  -1.8291 -1.8454 0.0384
v  -1.8290 -1.8451 0.0677
v  -1.8331 -1.8551 0.0952
v  -1.8415 -1.8753 0.1186
v  -1.8541 -1.9057 0.1355
v  -1.8615 -1.9235 0.1404
v  -1.8650 -1.9321 0.1439
v  -1.8681 -1.9396 0.1508
v  -1.8701 -1.9444 0.1600
v  -1.8708 -1.9459 0.1699
v  -1.8708 -1.9459 0.2084
v  -1.8718 -1.9486 0.2212
v  -1.8749 -1.9559 0.2315
v  -1.8793 -1.9666 0.2374
v  -1.8842 -1.9784 0.2380
v  -1.9334 -2.0972 0.2215
v  -1.8291 -2.0021 -0.1613
v  -1.8228 -1.9927 -0.1591
v  -1.8173 -1.9845 -0.1525
v  -1.8136 -1.9790 -0.1426
v  -1.8124 -1.9771 -0.1313
v  -1.8124 -1.9771 -0.0719
v  -1.8112 -1.9754 -0.0608
v  -1.8075 -1.9698 -0.0507
v  -1.8004 -1.9591 -0.0431
v  -1.7889 -1.9420 -0.0357
v  -1.7705 -1.9145 -0.0155
v  -1.7582 -1.8960 0.0100
v  -1.7520 -1.8867 0.0384
v  -1.7518 -1.8864 0.0677
v  -1.7578 -1.8954 0.0952
v  -1.7699 -1.9135 0.1186
v  -1.7882 -1.9409 0.1355
v  -1.7989 -1.9569 0.1404
v  -1.8041 -1.9647 0.1439
v  -1.8086 -1.9714 0.1508
v  -1.8115 -1.9757 0.1600
v  -1.8124 -1.9771 0.1699
v  -1.8124 -1.9771 0.2084
v  -1.8140 -1.9795 0.2212
v  -1.8184 -1.9861 0.2315
v  -1.8248 -1.9957 0.2374
v  -1.8319 -2.0064 0.2380
v  -1.9034 -2.1133 0.2215
v  -1.7825 -2.0404 -0.1613
v  -1.7745 -2.0324 -0.1591
v  -1.7675 -2.0254 -0.1525
v  -1.7628 -2.0207 -0.1426
v  -1.7612 -2.0191 -0.1313
v  -1.7612 -2.0191 -0.0719
v  -1.7597 -2.0176 -0.0608
v  -1.7550 -2.0129 -0.0507
v  -1.7459 -2.0038 -0.0431
v  -1.7313 -1.9892 -0.0357
v  -1.7079 -1.9658 -0.0155
v  -1.6923 -1.9501 0.0100
v  -1.6843 -1.9422 0.0384
v  -1.6841 -1.9420 0.0677
v  -1.6917 -1.9496 0.0952
v  -1.7072 -1.9650 0.1186
v  -1.7305 -1.9883 0.1355
v  -1.7440 -2.0019 0.1404
v  -1.7507 -2.0085 0.1439
v  -1.7564 -2.0143 0.1508
v  -1.7601 -2.0179 0.1600
v  -1.7612 -2.0191 0.1699
v  -1.7612 -2.0191 0.2084
v  -1.7632 -2.0211 0.2212
v  -1.7689 -2.0267 0.2315
v  -1.7770 -2.0349 0.2374
v  -1.7861 -2.0440 0.2380
v  -1.8770 -2.1349 0.2215
v  -1.7442 -2.0870 -0.1613
v  -1.7348 -2.0807 -0.1591
v  -1.7266 -2.0752 -0.1525
v  -1.7211 -2.0715 -0.1426
v  -1.7193 -2.0703 -0.1313
v  -1.7193 -2.0703 -0.0719
v  -1.7175 -2.0691 -0.0608
v  -1.7119 -2.0654 -0.0507
v  -1.7012 -2.0582 -0.0431
v  -1.6841 -2.0468 -0.0357
v  -1.6566 -2.0284 -0.0155
v  -1.6381 -2.0161 0.0100
v  -1.6288 -2.0098 0.0384
v  -1.6285 -2.0097 0.0677
v  -1.6375 -2.0156 0.0952
v  -1.6557 -2.0278 0.1186
v  -1.6831 -2.0461 0.1355
v  -1.6990 -2.0568 0.1404
v  -1.7068 -2.0620 0.1439
v  -1.7135 -2.0665 0.1508
v  -1.7179 -2.0693 0.1600
v  -1.7193 -2.0703 0.1699
v  -1.7193 -2.0703 0.2084
v  -1.7216 -2.0719 0.2212
v  -1.7282 -2.0763 0.2315
v  -1.7378 -2.0827 0.2374
v  -1.7485 -2.0898 0.2380
v  -1.8554 -2.1613 0.2215
v  -1.7158 -2.1401 -0.1613
v  -1.7054 -2.1358 -0.1591
v  -1.6962 -2.1320 -0.1525
v  -1.6901 -2.1295 -0.1426
v  -1.6881 -2.1286 -0.1313
v  -1.6881 -2.1286 -0.0719
v  -1.6861 -2.1278 -0.0608
v  -1.6799 -2.1253 -0.0507
v  -1.6680 -2.1204 -0.0431
v  -1.6490 -2.1125 -0.0357
v  -1.6184 -2.0998 -0.0155
v  -1.5979 -2.0913 0.0100
v  -1.5875 -2.0870 0.0384
v  -1.5873 -2.0869 0.0677
v  -1.5972 -2.0910 0.0952
v  -1.6174 -2.0994 0.1186
v  -1.6479 -2.1120 0.1355
v  -1.6656 -2.1193 0.1404
v  -1.6742 -2.1229 0.1439
v  -1.6817 -2.1260 0.1508
v  -1.6865 -2.1280 0.1600
v  -1.6881 -2.1286 0.1699
v  -1.6881 -2.1286 0.2084
v  -1.6907 -2.1297 0.2212
v  -1.6980 -2.1328 0.2315
v  -1.7087 -2.1372 0.2374
v  -1.7206 -2.1421 0.2380
v  -1.8394 -2.1913 0.2215
v  -1.6983 -2.1978 -0.1613
v  -1.6872 -2.1956 -0.1591
v  -1.6775 -2.1937 -0.1525
v  -1.6710 -2.1924 -0.1426
v  -1.6689 -2.1920 -0.1313
v  -1.6689 -2.1920 -0.0719
v  -1.6668 -2.1916 -0.0608
v  -1.6602 -2.1903 -0.0507
v  -1.6476 -2.1877 -0.0431
v  -1.6274 -2.1837 -0.0357
v  -1.5949 -2.1773 -0.0155
v  -1.5732 -2.1729 0.0100
v  -1.5621 -2.1707 0.0384
v  -1.5618 -2.1707 0.0677
v  -1.5724 -2.1728 0.0952
v  -1.5938 -2.1770 0.1186
v  -1.6262 -2.1835 0.1355
v  -1.6450 -2.1872 0.1404
v  -1.6542 -2.1890 0.1439
v  -1.6621 -2.1906 0.1508
v  -1.6672 -2.1916 0.1600
v  -1.6688 -2.1920 0.1699
v  -1.6689 -2.1920 0.2084
v  -1.6716 -2.1925 0.2212
v  -1.6794 -2.1941 0.2315
v  -1.6907 -2.1963 0.2374
v  -1.7033 -2.1988 0.2380
v  -1.8295 -2.2239 0.2215
v  -1.6924 -2.2578 -0.1613
v  -1.6811 -2.2578 -0.1591
v  -1.6712 -2.2578 -0.1525
v  -1.6646 -2.2578 -0.1426
v  -1.6624 -2.2578 -0.1313
v  -1.6624 -2.2578 -0.0719
v  -1.6602 -2.2578 -0.0608
v  -1.6536 -2.2578 -0.0507
v  -1.6407 -2.2578 -0.0431
v  -1.6201 -2.2578 -0.0357
v  -1.5870 -2.2578 -0.0155
v  -1.5648 -2.2578 0.0100
v  -1.5536 -2.2578 0.0384
v  -1.5533 -2.2578 0.0677
v  -1.5640 -2.2578 0.0952
v  -1.5859 -2.2578 0.1186
v  -1.6188 -2.2578 0.1355
v  -1.6380 -2.2578 0.1404
v  -1.6474 -2.2578 0.1439
v  -1.6555 -2.2578 0.1508
v  -1.6607 -2.2578 0.1600
v  -1.6624 -2.2578 0.1699
v  -1.6624 -2.2578 0.2084
v  -1.6652 -2.2578 0.2212
v  -1.6731 -2.2578 0.2315
v  -1.6847 -2.2578 0.2374
v  -1.6975 -2.2578 0.2380
v  -1.8261 -2.2578 0.2215
v  -1.6983 -2.3178 -0.1613
v  -1.6872 -2.3200 -0.1591
v  -1.6775 -2.3220 -0.1525
v  -1.6710 -2.3233 -0.1426
v  -1.6689 -2.3237 -0.1313
v  -1.6689 -2.3237 -0.0719
v  -1.6668 -2.3241 -0.0608
v  -1.6602 -2.3254 -0.0507
v  -1.6476 -2.3279 -0.0431
v  -1.6274 -2.3319 -0.0357
v  -1.5949 -2.3384 -0.0155
v  -1.5732 -2.3427 0.0100
v  -1.5621 -2.3449 0.0384
v  -1.5618 -2.3450 0.0677
v  -1.5724 -2.3429 0.0952
v  -1.5938 -2.3386 0.1186
v  -1.6262 -2.3322 0.1355
v  -1.6450 -2.3284 0.1404
v  -1.6542 -2.3266 0.1439
v  -1.6621 -2.3250 0.1508
v  -1.6672 -2.3240 0.1600
v  -1.6688 -2.3237 0.1699
v  -1.6689 -2.3237 0.2084
v  -1.6716 -2.3231 0.2212
v  -1.6794 -2.3216 0.2315
v  -1.6907 -2.3193 0.2374
v  -1.7033 -2.3168 0.2380
v  -1.8295 -2.2917 0.2215
v  -1.7158 -2.3755 -0.1613
v  -1.7054 -2.3799 -0.1591
v  -1.6962 -2.3836 -0.1525
v  -1.6901 -2.3862 -0.1426
v  -1.6881 -2.3870 -0.1313
v  -1.6881 -2.3870 -0.0719
v  -1.6861 -2.3878 -0.0608
v  -1.6799 -2.3904 -0.0507
v  -1.6680 -2.3953 -0.0431
v  -1.6490 -2.4032 -0.0357
v  -1.6184 -2.4159 -0.0155
v  -1.5979 -2.4243 0.0100
v  -1.5875 -2.4287 0.0384
v  -1.5873 -2.4288 0.0677
v  -1.5972 -2.4247 0.0952
v  -1.6174 -2.4163 0.1186
v  -1.6479 -2.4037 0.1355
v  -1.6656 -2.3963 0.1404
v  -1.6742 -2.3927 0.1439
v  -1.6817 -2.3896 0.1508
v  -1.6865 -2.3877 0.1600
v  -1.6881 -2.3870 0.1699
v  -1.6881 -2.3870 0.2084
v  -1.6907 -2.3859 0.2212
v  -1.6980 -2.3829 0.2315
v  -1.7087 -2.3785 0.2374
v  -1.7206 -2.3736 0.2380
v  -1.8394 -2.3244 0.2215
v  -1.7442 -2.4287 -0.1613
v  -1.7348 -2.4350 -0.1591
v  -1.7266 -2.4405 -0.1525
v  -1.7211 -2.4441 -0.1426
v  -1.7193 -2.4454 -0.1313
v  -1.7193 -2.4454 -0.0719
v  -1.7175 -2.4466 -0.0608
v  -1.7119 -2.4503 -0.0507
v  -1.7012 -2.4574 -0.0431
v  -1.6841 -2.4689 -0.0357
v  -1.6566 -2.4873 -0.0155
v  -1.6381 -2.4996 0.0100
v  -1.6288 -2.5058 0.0384
v  -1.6285 -2.5060 0.0677
v  -1.6375 -2.5000 0.0952
v  -1.6557 -2.4879 0.1186
v  -1.6831 -2.4696 0.1355
v  -1.6990 -2.4589 0.1404
v  -1.7068 -2.4537 0.1439
v  -1.7135 -2.4492 0.1508
v  -1.7179 -2.4463 0.1600
v  -1.7192 -2.4454 0.1699
v  -1.7193 -2.4454 0.2084
v  -1.7216 -2.4438 0.2212
v  -1.7282 -2.4394 0.2315
v  -1.7378 -2.4330 0.2374
v  -1.7485 -2.4258 0.2380
v  -1.8554 -2.3544 0.2215
v  -1.7825 -2.4753 -0.1613
v  -1.7745 -2.4833 -0.1591
v  -1.7675 -2.4903 -0.1525
v  -1.7628 -2.4950 -0.1426
v  -1.7612 -2.4965 -0.1313
v  -1.7612 -2.4965 -0.0719
v  -1.7597 -2.4980 -0.0608
v  -1.7550 -2.5028 -0.0507
v  -1.7459 -2.5119 -0.0431
v  -1.7313 -2.5264 -0.0357
v  -1.7079 -2.5498 -0.0155
v  -1.6923 -2.5655 0.0100
v  -1.6843 -2.5735 0.0384
v  -1.6841 -2.5737 0.0677
v  -1.6917 -2.5661 0.0952
v  -1.7072 -2.5506 0.1186
v  -1.7305 -2.5273 0.1355
v  -1.7440 -2.5137 0.1404
v  -1.7507 -2.5071 0.1439
v  -1.7564 -2.5014 0.1508
v  -1.7601 -2.4977 0.1600
v  -1.7612 -2.4965 0.1699
v  -1.7612 -2.4965 0.2084
v  -1.7632 -2.4945 0.2212
v  -1.7689 -2.4889 0.2315
v  -1.7770 -2.4808 0.2374
v  -1.7861 -2.4717 0.2380
v  -1.8770 -2.3807 0.2215
v  -1.8291 -2.5135 -0.1613
v  -1.8228 -2.5230 -0.1591
v  -1.8173 -2.5312 -0.1525
v  -1.8136 -2.5367 -0.1426
v  -1.8124 -2.5385 -0.1313
v  -1.8124 -2.5385 -0.0719
v  -1.8112 -2.5403 -0.0608
v  -1.8075 -2.5458 -0.0507
v  -1.8004 -2.5565 -0.0431
v  -1.7889 -2.5737 -0.0357
v  -1.7705 -2.6012 -0.0155
v  -1.7582 -2.6196 0.0100
v  -1.7520 -2.6290 0.0384
v  -1.7518 -2.6292 0.0677
v  -1.7578 -2.6203 0.0952
v  -1.7699 -2.6021 0.1186
v  -1.7882 -2.5747 0.1355
v  -1.7989 -2.5588 0.1404
v  -1.8041 -2.5510 0.1439
v  -1.8086 -2.5442 0.1508
v  -1.8115 -2.5399 0.1600
v  -1.8124 -2.5385 0.1699
v  -1.8124 -2.5385 0.2084
v  -1.8140 -2.5362 0.2212
v  -1.8184 -2.5296 0.2315
v  -1.8248 -2.5200 0.2374
v  -1.8319 -2.5093 0.2380
v  -1.9034 -2.4024 0.2215
v  -1.8823 -2.5420 -0.1613
v  -1.8779 -2.5524 -0.1591
v  -1.8741 -2.5616 -0.1525
v  -1.8716 -2.5677 -0.1426
v  -1.8708 -2.5697 -0.1313
v  -1.8708 -2.5697 -0.0719
v  -1.8700 -2.5717 -0.0608
v  -1.8674 -2.5778 -0.0507
v  -1.8625 -2.5897 -0.0431
v  -1.8546 -2.6088 -0.0357
v  -1.8419 -2.6394 -0.0155
v  -1.8334 -2.6598 0.0100
v  -1.8291 -2.6702 0.0384
v  -1.8290 -2.6705 0.0677
v  -1.8331 -2.6606 0.0952
v  -1.8415 -2.6404 0.1186
v  -1.8541 -2.6099 0.1355
v  -1.8614 -2.5922 0.1404
v  -1.8650 -2.5836 0.1439
v  -1.8681 -2.5761 0.1508
v  -1.8701 -2.5713 0.1600
v  -1.8708 -2.5697 0.1699
v  -1.8708 -2.5697 0.2084
v  -1.8718 -2.5671 0.2212
v  -1.8749 -2.5598 0.2315
v  -1.8793 -2.5491 0.2374
v  -1.8842 -2.5372 0.2380
v  -1.9334 -2.4184 0.2215
v  -2.0000 -2.2578 -0.1613
v  -1.9400 -2.5595 -0.1613
v  -1.9377 -2.5706 -0.1591
v  -1.9358 -2.5803 -0.1525
v  -1.9345 -2.5867 -0.1426
v  -1.9341 -2.5889 -0.1313
v  -1.9341 -2.5889 -0.0719
v  -1.9337 -2.5910 -0.0608
v  -1.9324 -2.5976 -0.0507
v  -1.9299 -2.6102 -0.0431
v  -1.9258 -2.6304 -0.0357
v  -1.9194 -2.6629 -0.0155
v  -1.9151 -2.6846 0.0100
v  -1.9129 -2.6956 0.0384
v  -1.9128 -2.6959 0.0677
v  -1.9149 -2.6854 0.0952
v  -1.9192 -2.6639 0.1186
v  -1.9256 -2.6316 0.1355
v  -1.9293 -2.6128 0.1404
v  -1.9312 -2.6036 0.1439
v  -1.9327 -2.5957 0.1508
v  -1.9338 -2.5906 0.1600
v  -1.9341 -2.5889 0.1699
v  -1.9341 -2.5889 0.2084
v  -1.9346 -2.5862 0.2212
v  -1.9362 -2.5784 0.2315
v  -1.9384 -2.5670 0.2374
v  -1.9410 -2.5544 0.2380
v  -1.9660 -2.4283 0.2215
v  -2.0000 -2.2578 0.2215
v  0.2492 -1.4774 0.1356
v  -0.2492 -1.4774 0.1356
v  -0.1958 -1.4774 -0.0429
v  -0.2492 -1.4774 -0.0663
v  -0.2292 -1.4774 -0.1059
v  0.2030 -1.4774 -0.1417
v  0.1744 -1.4774 -0.0835
v  -0.2292 -1.4774 0.1752
v  0.2292 -1.4774 0.1752
v  0.1744 -1.4774 0.1527
v  0.1958 -1.4774 0.1122
v  0.2292 -1.4774 -0.1059
v  0.2418 -1.4574 -0.1235
v  0.2492 -1.4774 -0.0663
v  0.2694 -1.4302 -0.0711
v  0.2689 -1.4574 -0.0709
v  0.2121 -1.4302 -0.1622
v  0.2422 -1.4302 -0.1237
v  -0.2121 -1.4302 -0.1622
v  -0.2119 -1.4574 -0.1617
v  0.2119 -1.4574 -0.1617
v  -0.2030 -1.4774 -0.1417
v  -0.2449 -1.4574 -0.1187
v  -0.2452 -1.4302 -0.1190
v  -0.2692 -1.4574 0.1394
v  -0.2697 -1.4302 -0.0703
v  -0.1958 -1.4774 0.1122
v  -0.1744 -1.4774 0.1527
v  -0.2106 -1.4774 0.0346
v  0.1958 -1.4774 -0.0429
v  0.2106 -1.4774 0.0346
v  -0.2121 -1.4302 0.2315
v  -0.2030 -1.4774 0.2110
v  -0.2119 -1.4574 0.2310
v  0.2449 -1.4574 0.1879
v  0.2119 -1.4574 0.2310
v  0.2030 -1.4774 0.2110
v  0.2452 -1.4302 0.1882
v  0.2121 -1.4302 0.2315
v  0.2697 -1.4302 0.1395
v  0.2692 -1.4574 0.1394
v  -0.2449 -1.4574 0.1879
v  -0.2692 -1.4574 -0.0702
v  -0.2452 -1.4302 0.1882
v  -0.2697 -1.4302 0.1395
v  -0.1744 -1.4774 -0.0835
v  0.0000 -0.0000 -0.0000
v  1.9963 -2.5078 -0.1272
v  2.0340 -2.0105 -0.1272
v  2.0781 -2.0208 -0.1272
v  2.1204 -2.0390 -0.1272
v  2.1594 -2.0649 -0.1272
v  2.1934 -2.0982 -0.1272
v  2.2208 -2.1379 -0.1272
v  2.2403 -2.1828 -0.1272
v  2.2506 -2.2313 -0.1272
v  2.2509 -2.2816 -0.1272
v  2.2406 -2.3316 -0.1272
v  2.2200 -2.3791 -0.1272
v  2.1892 -2.4221 -0.1272
v  2.1494 -2.4583 -0.1272
v  2.1016 -2.4858 -0.1272
v  2.0476 -2.5028 -0.1272
v  1.9963 -2.0079 -0.1272
v  1.9459 -2.5028 -0.1272
v  1.9598 -2.0105 -0.1272
v  1.9156 -2.0208 -0.1272
v  1.8733 -2.0389 -0.1272
v  1.8343 -2.0648 -0.1272
v  1.8002 -2.0980 -0.1272
v  1.7727 -2.1377 -0.1272
v  1.7532 -2.1826 -0.1272
v  1.7428 -2.2311 -0.1272
v  1.7425 -2.2814 -0.1272
v  1.7527 -2.3314 -0.1272
v  1.7735 -2.3790 -0.1272
v  1.8042 -2.4220 -0.1272
v  1.8441 -2.4583 -0.1272
v  1.8918 -2.4858 -0.1272
v  -1.9963 -2.5078 -0.1244
v  -2.0340 -2.0105 -0.1243
v  -2.0781 -2.0208 -0.1243
v  -2.1204 -2.0390 -0.1243
v  -2.1594 -2.0649 -0.1244
v  -2.1934 -2.0982 -0.1244
v  -2.2208 -2.1379 -0.1244
v  -2.2403 -2.1828 -0.1244
v  -2.2506 -2.2313 -0.1244
v  -2.2509 -2.2816 -0.1244
v  -2.2407 -2.3316 -0.1244
v  -2.2200 -2.3791 -0.1244
v  -2.1892 -2.4221 -0.1244
v  -2.1494 -2.4583 -0.1243
v  -2.1016 -2.4858 -0.1243
v  -2.0476 -2.5028 -0.1243
v  -1.9963 -2.0079 -0.1244
v  -1.9459 -2.5028 -0.1242
v  -1.9598 -2.0105 -0.1242
v  -1.9156 -2.0208 -0.1242
v  -1.8733 -2.0389 -0.1242
v  -1.8343 -2.0648 -0.1241
v  -1.8002 -2.0980 -0.1241
v  -1.7727 -2.1377 -0.1241
v  -1.7532 -2.1826 -0.1241
v  -1.7429 -2.2311 -0.1241
v  -1.7426 -2.2814 -0.1241
v  -1.7528 -2.3314 -0.1241
v  -1.7735 -2.3790 -0.1241
v  -1.8042 -2.4220 -0.1241
v  -1.8441 -2.4583 -0.1242
v  -1.8918 -2.4858 -0.1242
v  0.0000 -1.5627 0.3757
v  0.0001 -1.5606 0.3865
v  0.0001 -1.5539 0.3967
v  0.0001 -1.5438 0.4033
v  -0.0000 -1.5327 0.4055
v  0.0000 -1.4400 0.3592
v  0.0000 -1.4519 0.3590
v  -0.0665 -1.5627 0.3691
v  -0.0686 -1.5606 0.3797
v  -0.0705 -1.5539 0.3897
v  -0.0718 -1.5438 0.3963
v  -0.0724 -1.5327 0.3984
v  -0.0633 -1.4400 0.3530
v  -0.0633 -1.4519 0.3528
v  -0.1305 -1.5627 0.3497
v  -0.1346 -1.5606 0.3597
v  -0.1385 -1.5539 0.3691
v  -0.1410 -1.5438 0.3753
v  -0.1419 -1.5327 0.3773
v  -0.1242 -1.4400 0.3345
v  -0.1241 -1.4519 0.3343
v  -0.1895 -1.5627 0.3182
v  -0.1954 -1.5606 0.3272
v  -0.2011 -1.5539 0.3357
v  -0.2048 -1.5438 0.3412
v  -0.2060 -1.5327 0.3430
v  -0.1803 -1.4400 0.3045
v  -0.1802 -1.4519 0.3043
v  -0.2412 -1.5627 0.2758
v  -0.2487 -1.5606 0.2835
v  -0.2559 -1.5539 0.2907
v  -0.2606 -1.5438 0.2954
v  -0.2622 -1.5327 0.2969
v  -0.2295 -1.4400 0.2641
v  -0.2294 -1.4519 0.2640
v  -0.2836 -1.5627 0.2241
v  -0.2925 -1.5606 0.2302
v  -0.3010 -1.5539 0.2358
v  -0.3065 -1.5438 0.2396
v  -0.3084 -1.5327 0.2407
v  -0.2699 -1.4400 0.2150
v  -0.2697 -1.4519 0.2148
v  -0.3151 -1.5627 0.1651
v  -0.3250 -1.5606 0.1694
v  -0.3344 -1.5539 0.1733
v  -0.3406 -1.5438 0.1758
v  -0.3426 -1.5327 0.1766
v  -0.2999 -1.4400 0.1588
v  -0.2997 -1.4519 0.1588
v  -0.3345 -1.5627 0.1012
v  -0.3451 -1.5606 0.1034
v  -0.3550 -1.5539 0.1054
v  -0.3616 -1.5438 0.1067
v  -0.3637 -1.5327 0.1070
v  -0.3183 -1.4400 0.0980
v  -0.3181 -1.4519 0.0979
v  -0.3411 -1.5627 0.0346
v  -0.3518 -1.5606 0.0347
v  -0.3620 -1.5539 0.0347
v  -0.3687 -1.5438 0.0347
v  -0.3709 -1.5327 0.0346
v  -0.3246 -1.4400 0.0346
v  -0.3244 -1.4519 0.0346
v  -0.3345 -1.5627 -0.0319
v  -0.3451 -1.5606 -0.0339
v  -0.3551 -1.5539 -0.0359
v  -0.3616 -1.5438 -0.0372
v  -0.3637 -1.5327 -0.0377
v  -0.3183 -1.4400 -0.0287
v  -0.3181 -1.4519 -0.0286
v  -0.3151 -1.5627 -0.0959
v  -0.3251 -1.5606 -0.0999
v  -0.3345 -1.5539 -0.1038
v  -0.3407 -1.5438 -0.1064
v  -0.3426 -1.5327 -0.1073
v  -0.2999 -1.4400 -0.0896
v  -0.2997 -1.4519 -0.0895
v  -0.2836 -1.5627 -0.1548
v  -0.2926 -1.5606 -0.1608
v  -0.3011 -1.5539 -0.1664
v  -0.3066 -1.5438 -0.1701
v  -0.3084 -1.5327 -0.1714
v  -0.2699 -1.4400 -0.1457
v  -0.2697 -1.4519 -0.1456
v  -0.2412 -1.5627 -0.2065
v  -0.2489 -1.5606 -0.2141
v  -0.2561 -1.5539 -0.2213
v  -0.2608 -1.5438 -0.2260
v  -0.2622 -1.5327 -0.2276
v  -0.2295 -1.4400 -0.1949
v  -0.2294 -1.4519 -0.1947
v  -0.1895 -1.5627 -0.2489
v  -0.1956 -1.5606 -0.2579
v  -0.2012 -1.5539 -0.2663
v  -0.2049 -1.5438 -0.2719
v  -0.2060 -1.5327 -0.2737
v  -0.1803 -1.4400 -0.2352
v  -0.1802 -1.4519 -0.2351
v  -0.1305 -1.5627 -0.2805
v  -0.1347 -1.5606 -0.2904
v  -0.1386 -1.5539 -0.2998
v  -0.1412 -1.5438 -0.3060
v  -0.1419 -1.5327 -0.3080
v  -0.1242 -1.4400 -0.2652
v  -0.1241 -1.4519 -0.2651
v  -0.0665 -1.5627 -0.2999
v  -0.0687 -1.5606 -0.3104
v  -0.0707 -1.5539 -0.3204
v  -0.0720 -1.5438 -0.3270
v  -0.0723 -1.5327 -0.3291
v  -0.0633 -1.4400 -0.2837
v  -0.0633 -1.4519 -0.2835
v  0.0000 -1.5627 -0.3064
v  -0.0001 -1.5606 -0.3172
v  -0.0001 -1.5539 -0.3274
v  -0.0001 -1.5438 -0.3341
v  0.0000 -1.5327 -0.3362
v  0.0000 -1.4400 -0.2900
v  0.0000 -1.4519 -0.2897
v  0.0665 -1.5627 -0.2999
v  0.0686 -1.5606 -0.3105
v  0.0705 -1.5539 -0.3204
v  0.0718 -1.5438 -0.3270
v  0.0724 -1.5327 -0.3291
v  0.0633 -1.4400 -0.2837
v  0.0633 -1.4519 -0.2835
v  0.1305 -1.5627 -0.2805
v  0.1346 -1.5606 -0.2905
v  0.1385 -1.5539 -0.2999
v  0.1410 -1.5438 -0.3060
v  0.1419 -1.5327 -0.3080
v  0.1242 -1.4400 -0.2652
v  0.1241 -1.4519 -0.2651
v  0.1895 -1.5627 -0.2489
v  0.1954 -1.5606 -0.2580
v  0.2011 -1.5539 -0.2664
v  0.2048 -1.5438 -0.2720
v  0.2060 -1.5327 -0.2737
v  0.1803 -1.4400 -0.2352
v  0.1802 -1.4519 -0.2351
v  0.2412 -1.5627 -0.2065
v  0.2487 -1.5606 -0.2142
v  0.2559 -1.5539 -0.2214
v  0.2606 -1.5438 -0.2261
v  0.2622 -1.5327 -0.2276
v  0.2295 -1.4400 -0.1949
v  0.2294 -1.4519 -0.1947
v  0.2836 -1.5627 -0.1548
v  0.2925 -1.5606 -0.1609
v  0.3010 -1.5539 -0.1666
v  0.3065 -1.5438 -0.1703
v  0.3084 -1.5327 -0.1714
v  0.2699 -1.4400 -0.1457
v  0.2697 -1.4519 -0.1456
v  0.3151 -1.5627 -0.0959
v  0.3250 -1.5606 -0.1001
v  0.3344 -1.5539 -0.1040
v  0.3406 -1.5438 -0.1065
v  0.3426 -1.5327 -0.1073
v  0.2999 -1.4400 -0.0896
v  0.2997 -1.4519 -0.0895
v  0.3345 -1.5627 -0.0319
v  0.3451 -1.5606 -0.0341
v  0.3550 -1.5539 -0.0361
v  0.3616 -1.5438 -0.0374
v  0.3637 -1.5327 -0.0377
v  0.3183 -1.4400 -0.0287
v  0.3181 -1.4519 -0.0286
v  0.3411 -1.5627 0.0346
v  0.3519 -1.5606 0.0345
v  0.3620 -1.5539 0.0345
v  0.3687 -1.5438 0.0345
v  0.3709 -1.5327 0.0346
v  0.3246 -1.4400 0.0346
v  0.3244 -1.4519 0.0346
v  0.3345 -1.5627 0.1012
v  0.3451 -1.5606 0.1032
v  0.3551 -1.5539 0.1052
v  0.3616 -1.5438 0.1065
v  0.3637 -1.5327 0.1070
v  0.3183 -1.4400 0.0980
v  0.3181 -1.4519 0.0979
v  0.3151 -1.5627 0.1651
v  0.3251 -1.5606 0.1692
v  0.3345 -1.5539 0.1731
v  0.3407 -1.5438 0.1756
v  0.3426 -1.5327 0.1766
v  0.2999 -1.4400 0.1588
v  0.2997 -1.4519 0.1588
v  0.2836 -1.5627 0.2241
v  0.2926 -1.5606 0.2300
v  0.3011 -1.5539 0.2357
v  0.3066 -1.5438 0.2394
v  0.3084 -1.5327 0.2407
v  0.2699 -1.4400 0.2150
v  0.2697 -1.4519 0.2148
v  0.2412 -1.5627 0.2758
v  0.2489 -1.5606 0.2834
v  0.2561 -1.5539 0.2906
v  0.2608 -1.5438 0.2953
v  0.2622 -1.5327 0.2969
v  0.2295 -1.4400 0.2641
v  0.2294 -1.4519 0.2640
v  0.1895 -1.5627 0.3182
v  0.1956 -1.5606 0.3271
v  0.2012 -1.5539 0.3356
v  0.2049 -1.5438 0.3411
v  0.2060 -1.5327 0.3430
v  0.1803 -1.4400 0.3045
v  0.1802 -1.4519 0.3043
v  0.1305 -1.5627 0.3497
v  0.1347 -1.5606 0.3597
v  0.1386 -1.5539 0.3691
v  0.1412 -1.5438 0.3752
v  0.1419 -1.5327 0.3773
v  0.1242 -1.4400 0.3345
v  0.1241 -1.4519 0.3343
v  0.0665 -1.5627 0.3691
v  0.0687 -1.5606 0.3797
v  0.0707 -1.5539 0.3897
v  0.0720 -1.5438 0.3962
v  0.0723 -1.5327 0.3984
v  0.0633 -1.4400 0.3530
v  0.0633 -1.4519 0.3528
v  0.0000 -1.4519 0.0346
v  0.0000 -1.5430 0.0346
v  0.0000 -1.4400 0.4055
v  0.0000 -1.4400 0.3995
v  0.0000 -1.4460 0.4055
v  -0.0723 -1.4400 0.3984
v  -0.0723 -1.4460 0.3984
v  -0.0712 -1.4400 0.3925
v  -0.1419 -1.4400 0.3773
v  -0.1419 -1.4460 0.3773
v  -0.1396 -1.4400 0.3717
v  -0.2060 -1.4400 0.3430
v  -0.2060 -1.4460 0.3430
v  -0.2027 -1.4400 0.3380
v  -0.2622 -1.4400 0.2969
v  -0.2622 -1.4460 0.2969
v  -0.2580 -1.4400 0.2926
v  -0.3084 -1.4400 0.2407
v  -0.3084 -1.4460 0.2407
v  -0.3034 -1.4400 0.2373
v  -0.3426 -1.4400 0.1766
v  -0.3426 -1.4460 0.1766
v  -0.3371 -1.4400 0.1743
v  -0.3637 -1.4400 0.1070
v  -0.3637 -1.4460 0.1070
v  -0.3578 -1.4400 0.1058
v  -0.3709 -1.4400 0.0346
v  -0.3709 -1.4460 0.0346
v  -0.3649 -1.4400 0.0346
v  -0.3637 -1.4400 -0.0377
v  -0.3637 -1.4460 -0.0377
v  -0.3578 -1.4400 -0.0365
v  -0.3426 -1.4400 -0.1073
v  -0.3426 -1.4460 -0.1073
v  -0.3371 -1.4400 -0.1050
v  -0.3084 -1.4400 -0.1714
v  -0.3084 -1.4460 -0.1714
v  -0.3034 -1.4400 -0.1681
v  -0.2622 -1.4400 -0.2276
v  -0.2622 -1.4460 -0.2276
v  -0.2580 -1.4400 -0.2234
v  -0.2060 -1.4400 -0.2737
v  -0.2060 -1.4460 -0.2737
v  -0.2027 -1.4400 -0.2687
v  -0.1419 -1.4400 -0.3080
v  -0.1419 -1.4460 -0.3080
v  -0.1396 -1.4400 -0.3024
v  -0.0723 -1.4400 -0.3291
v  -0.0723 -1.4460 -0.3291
v  -0.0712 -1.4400 -0.3232
v  0.0000 -1.4400 -0.3362
v  0.0000 -1.4460 -0.3362
v  0.0000 -1.4400 -0.3302
v  0.0724 -1.4400 -0.3291
v  0.0724 -1.4460 -0.3291
v  0.0712 -1.4400 -0.3232
v  0.1419 -1.4400 -0.3080
v  0.1419 -1.4460 -0.3080
v  0.1396 -1.4400 -0.3024
v  0.2060 -1.4400 -0.2737
v  0.2060 -1.4460 -0.2737
v  0.2027 -1.4400 -0.2687
v  0.2622 -1.4400 -0.2276
v  0.2622 -1.4460 -0.2276
v  0.2580 -1.4400 -0.2234
v  0.3084 -1.4400 -0.1714
v  0.3084 -1.4460 -0.1714
v  0.3034 -1.4400 -0.1681
v  0.3426 -1.4400 -0.1073
v  0.3426 -1.4460 -0.1073
v  0.3371 -1.4400 -0.1050
v  0.3637 -1.4400 -0.0377
v  0.3637 -1.4460 -0.0377
v  0.3578 -1.4400 -0.0365
v  0.3709 -1.4400 0.0346
v  0.3709 -1.4460 0.0346
v  0.3649 -1.4400 0.0346
v  0.3637 -1.4400 0.1070
v  0.3637 -1.4460 0.1070
v  0.3578 -1.4400 0.1058
v  0.3426 -1.4400 0.1766
v  0.3426 -1.4460 0.1766
v  0.3371 -1.4400 0.1743
v  0.3084 -1.4400 0.2407
v  0.3084 -1.4460 0.2407
v  0.3034 -1.4400 0.2373
v  0.2622 -1.4400 0.2969
v  0.2622 -1.4460 0.2969
v  0.2580 -1.4400 0.2926
v  0.2060 -1.4400 0.3430
v  0.2060 -1.4460 0.3430
v  0.2027 -1.4400 0.3380
v  0.1419 -1.4400 0.3773
v  0.1419 -1.4460 0.3773
v  0.1396 -1.4400 0.3717
v  0.0724 -1.4400 0.3984
v  0.0724 -1.4460 0.3984
v  0.0712 -1.4400 0.3925
v  0.0000 -1.5627 0.2905
v  0.0000 -1.5627 0.2965
v  0.0000 -1.5567 0.2905
v  -0.0499 -1.5627 0.2856
v  -0.0499 -1.5567 0.2856
v  -0.0511 -1.5627 0.2915
v  -0.0499 -1.5430 0.2856
v  -0.0488 -1.5430 0.2797
v  -0.0499 -1.5490 0.2856
v  0.0000 -1.5430 0.2905
v  0.0000 -1.5490 0.2905
v  0.0000 -1.5430 0.2845
v  -0.0979 -1.5627 0.2711
v  -0.0979 -1.5567 0.2711
v  -0.1002 -1.5627 0.2766
v  -0.0979 -1.5430 0.2711
v  -0.0956 -1.5430 0.2655
v  -0.0979 -1.5490 0.2711
v  -0.1422 -1.5627 0.2474
v  -0.1422 -1.5567 0.2474
v  -0.1455 -1.5627 0.2524
v  -0.1422 -1.5430 0.2474
v  -0.1388 -1.5430 0.2424
v  -0.1422 -1.5490 0.2474
v  -0.1810 -1.5627 0.2156
v  -0.1810 -1.5567 0.2156
v  -0.1852 -1.5627 0.2198
v  -0.1810 -1.5430 0.2156
v  -0.1767 -1.5430 0.2113
v  -0.1810 -1.5490 0.2156
v  -0.2128 -1.5627 0.1768
v  -0.2128 -1.5567 0.1768
v  -0.2178 -1.5627 0.1801
v  -0.2128 -1.5430 0.1768
v  -0.2078 -1.5430 0.1735
v  -0.2128 -1.5490 0.1768
v  -0.2364 -1.5627 0.1326
v  -0.2364 -1.5567 0.1326
v  -0.2420 -1.5627 0.1349
v  -0.2364 -1.5430 0.1326
v  -0.2309 -1.5430 0.1303
v  -0.2364 -1.5490 0.1326
v  -0.2510 -1.5627 0.0846
v  -0.2510 -1.5567 0.0846
v  -0.2569 -1.5627 0.0857
v  -0.2510 -1.5430 0.0846
v  -0.2451 -1.5430 0.0834
v  -0.2510 -1.5490 0.0846
v  -0.2559 -1.5627 0.0346
v  -0.2559 -1.5567 0.0346
v  -0.2619 -1.5627 0.0346
v  -0.2559 -1.5430 0.0346
v  -0.2499 -1.5430 0.0346
v  -0.2559 -1.5490 0.0346
v  -0.2510 -1.5627 -0.0153
v  -0.2510 -1.5567 -0.0153
v  -0.2569 -1.5627 -0.0165
v  -0.2510 -1.5430 -0.0153
v  -0.2451 -1.5430 -0.0141
v  -0.2510 -1.5490 -0.0153
v  -0.2364 -1.5627 -0.0633
v  -0.2364 -1.5567 -0.0633
v  -0.2420 -1.5627 -0.0656
v  -0.2364 -1.5430 -0.0633
v  -0.2309 -1.5430 -0.0610
v  -0.2364 -1.5490 -0.0633
v  -0.2128 -1.5627 -0.1075
v  -0.2128 -1.5567 -0.1075
v  -0.2178 -1.5627 -0.1109
v  -0.2128 -1.5430 -0.1075
v  -0.2078 -1.5430 -0.1042
v  -0.2128 -1.5490 -0.1075
v  -0.1810 -1.5627 -0.1463
v  -0.1810 -1.5567 -0.1463
v  -0.1852 -1.5627 -0.1506
v  -0.1810 -1.5430 -0.1463
v  -0.1767 -1.5430 -0.1421
v  -0.1810 -1.5490 -0.1463
v  -0.1422 -1.5627 -0.1781
v  -0.1422 -1.5567 -0.1781
v  -0.1455 -1.5627 -0.1831
v  -0.1422 -1.5430 -0.1781
v  -0.1388 -1.5430 -0.1732
v  -0.1422 -1.5490 -0.1781
v  -0.0979 -1.5627 -0.2018
v  -0.0979 -1.5567 -0.2018
v  -0.1002 -1.5627 -0.2073
v  -0.0979 -1.5430 -0.2018
v  -0.0956 -1.5430 -0.1962
v  -0.0979 -1.5490 -0.2018
v  -0.0499 -1.5627 -0.2164
v  -0.0499 -1.5567 -0.2164
v  -0.0511 -1.5627 -0.2222
v  -0.0499 -1.5430 -0.2164
v  -0.0488 -1.5430 -0.2105
v  -0.0499 -1.5490 -0.2164
v  0.0000 -1.5627 -0.2213
v  0.0000 -1.5567 -0.2213
v  0.0000 -1.5627 -0.2273
v  0.0000 -1.5430 -0.2213
v  0.0000 -1.5430 -0.2153
v  0.0000 -1.5490 -0.2213
v  0.0499 -1.5627 -0.2164
v  0.0499 -1.5567 -0.2164
v  0.0511 -1.5627 -0.2222
v  0.0499 -1.5430 -0.2164
v  0.0488 -1.5430 -0.2105
v  0.0499 -1.5490 -0.2164
v  0.0979 -1.5627 -0.2018
v  0.0979 -1.5567 -0.2018
v  0.1002 -1.5627 -0.2073
v  0.0979 -1.5430 -0.2018
v  0.0956 -1.5430 -0.1962
v  0.0979 -1.5490 -0.2018
v  0.1422 -1.5627 -0.1781
v  0.1422 -1.5567 -0.1781
v  0.1455 -1.5627 -0.1831
v  0.1422 -1.5430 -0.1781
v  0.1388 -1.5430 -0.1732
v  0.1422 -1.5490 -0.1781
v  0.1810 -1.5627 -0.1463
v  0.1810 -1.5567 -0.1463
v  0.1852 -1.5627 -0.1506
v  0.1810 -1.5430 -0.1463
v  0.1767 -1.5430 -0.1421
v  0.1810 -1.5490 -0.1463
v  0.2128 -1.5627 -0.1075
v  0.2128 -1.5567 -0.1075
v  0.2178 -1.5627 -0.1109
v  0.2128 -1.5430 -0.1075
v  0.2078 -1.5430 -0.1042
v  0.2128 -1.5490 -0.1075
v  0.2364 -1.5627 -0.0633
v  0.2364 -1.5567 -0.0633
v  0.2420 -1.5627 -0.0656
v  0.2364 -1.5430 -0.0633
v  0.2309 -1.5430 -0.0610
v  0.2364 -1.5490 -0.0633
v  0.2510 -1.5627 -0.0153
v  0.2510 -1.5567 -0.0153
v  0.2569 -1.5627 -0.0165
v  0.2510 -1.5430 -0.0153
v  0.2451 -1.5430 -0.0141
v  0.2510 -1.5490 -0.0153
v  0.2559 -1.5627 0.0346
v  0.2559 -1.5567 0.0346
v  0.2619 -1.5627 0.0346
v  0.2559 -1.5430 0.0346
v  0.2499 -1.5430 0.0346
v  0.2559 -1.5490 0.0346
v  0.2510 -1.5627 0.0846
v  0.2510 -1.5567 0.0846
v  0.2569 -1.5627 0.0857
v  0.2510 -1.5430 0.0846
v  0.2451 -1.5430 0.0834
v  0.2510 -1.5490 0.0846
v  0.2364 -1.5627 0.1326
v  0.2364 -1.5567 0.1326
v  0.2420 -1.5627 0.1349
v  0.2364 -1.5430 0.1326
v  0.2309 -1.5430 0.1303
v  0.2364 -1.5490 0.1326
v  0.2128 -1.5627 0.1768
v  0.2128 -1.5567 0.1768
v  0.2178 -1.5627 0.1801
v  0.2128 -1.5430 0.1768
v  0.2078 -1.5430 0.1735
v  0.2128 -1.5490 0.1768
v  0.1810 -1.5627 0.2156
v  0.1810 -1.5567 0.2156
v  0.1852 -1.5627 0.2198
v  0.1810 -1.5430 0.2156
v  0.1767 -1.5430 0.2113
v  0.1810 -1.5490 0.2156
v  0.1422 -1.5627 0.2474
v  0.1422 -1.5567 0.2474
v  0.1455 -1.5627 0.2524
v  0.1422 -1.5430 0.2474
v  0.1388 -1.5430 0.2424
v  0.1422 -1.5490 0.2474
v  0.0979 -1.5627 0.2711
v  0.0979 -1.5567 0.2711
v  0.1002 -1.5627 0.2766
v  0.0979 -1.5430 0.2711
v  0.0956 -1.5430 0.2655
v  0.0979 -1.5490 0.2711
v  0.0499 -1.5627 0.2856
v  0.0499 -1.5567 0.2856
v  0.0511 -1.5627 0.2915
v  0.0499 -1.5430 0.2856
v  0.0488 -1.5430 0.2797
v  0.0499 -1.5490 0.2856
v  0.2016 -2.1126 -0.5202
v  0.2257 -2.1528 -0.5155
v  0.0197 -2.0127 -0.5310
v  0.1004 -2.4860 -0.4745
v  0.0498 -2.5023 -0.4722
v  0.1459 -2.4600 -0.4779
v  0.1844 -2.4259 -0.4823
v  0.2142 -2.3860 -0.4875
v  0.2351 -2.3421 -0.4931
v  0.2470 -2.2947 -0.4989
v  0.2493 -2.2458 -0.5047
v  0.2420 -2.1978 -0.5103
v  0.0888 -2.0272 -0.5297
v  0.0428 -2.0147 -0.5310
v  0.1319 -2.0484 -0.5274
v  0.0000 -2.5078 -0.4715
v  0.1700 -2.0774 -0.5242
v  0.0000 -2.0110 -0.5310
v  -0.2257 -2.1528 -0.5155
v  -0.2016 -2.1126 -0.5202
v  -0.0498 -2.5023 -0.4722
v  -0.1004 -2.4860 -0.4745
v  -0.2420 -2.1978 -0.5103
v  -0.0888 -2.0272 -0.5297
v  -0.1700 -2.0774 -0.5242
v  -0.2493 -2.2458 -0.5047
v  -0.2470 -2.2947 -0.4989
v  -0.2351 -2.3421 -0.4931
v  -0.2142 -2.3860 -0.4875
v  -0.1844 -2.4259 -0.4823
v  -0.1459 -2.4600 -0.4779
v  -0.0197 -2.0127 -0.5310
v  -0.0428 -2.0147 -0.5310
v  -0.1319 -2.0484 -0.5274
v  0.1768 -1.3323 0.2114
v  0.2093 -1.3323 0.1714
v  0.2325 -1.3323 0.1266
v  0.2479 -1.3323 0.0573
v  0.2458 -1.3323 -0.0109
v  0.2324 -1.3323 -0.0574
v  0.1768 -1.3323 -0.1421
v  0.0455 -1.3323 -0.2112
v  0.0920 -1.3323 -0.1978
v  0.1368 -1.3323 -0.1746
v  0.2092 -1.3323 -0.1022
v  0.1369 -1.3323 0.2438
v  0.0921 -1.3323 0.2670
v  0.0456 -1.3323 0.2804
v  -0.0456 -1.3323 0.2804
v  0.0000 -1.3323 0.2846
v  -0.0921 -1.3323 0.2670
v  -0.1369 -1.3323 0.2438
v  -0.1768 -1.3323 0.2114
v  -0.2118 -1.3323 0.1674
v  -0.2356 -1.3323 0.1167
v  -0.2479 -1.3323 0.0573
v  -0.2458 -1.3323 -0.0109
v  -0.2324 -1.3323 -0.0574
v  -0.2092 -1.3323 -0.1022
v  -0.1768 -1.3323 -0.1421
v  -0.1368 -1.3323 -0.1746
v  -0.0920 -1.3323 -0.1978
v  -0.0455 -1.3323 -0.2112
v  0.0000 -1.3323 -0.2140
v  -0.0715 -0.8395 -0.3739
v  -0.0702 -0.8381 -0.3731
v  -0.0914 -0.8544 -0.3549
v  -0.0951 -0.8189 -0.3568
v  -0.0932 -0.8060 -0.3575
v  -0.0920 -0.8010 -0.3578
v  -0.0817 -0.7772 -0.3591
v  -0.0758 -0.7686 -0.3597
v  -0.0691 -0.7607 -0.3602
v  -0.0615 -0.7536 -0.3608
v  -0.0443 -0.7421 -0.3619
v  -0.0250 -0.7345 -0.3630
v  0.0536 -0.7798 -0.3545
v  0.0590 -0.7869 -0.3551
v  0.0694 -0.8111 -0.3570
v  0.0708 -0.8198 -0.3576
v  0.0711 -0.8287 -0.3583
v  0.0764 -0.8799 -0.3739
v  0.0614 -0.8625 -0.3608
v  0.0723 -0.8845 -0.3739
v  0.0565 -0.8699 -0.3614
v  0.0611 -0.8943 -0.3739
v  0.0506 -0.8766 -0.3620
v  0.0534 -0.8995 -0.3739
v  0.0440 -0.8825 -0.3626
v  0.0445 -0.9041 -0.3739
v  0.0367 -0.8876 -0.3633
v  0.0252 -0.9103 -0.3739
v  0.0288 -0.8917 -0.3639
v  0.0152 -0.9116 -0.3739
v  0.0060 -0.9118 -0.3739
v  -0.0021 -0.9112 -0.3739
v  -0.0090 -0.9100 -0.3739
v  -0.0057 -0.8976 -0.3664
v  -0.0323 -0.9012 -0.3739
v  -0.0312 -0.8906 -0.3683
v  -0.0388 -0.8863 -0.3689
v  -0.0531 -0.8842 -0.3739
v  -0.0577 -0.8784 -0.3739
v  -0.0459 -0.8810 -0.3695
v  -0.0621 -0.8715 -0.3739
v  -0.0659 -0.8638 -0.3739
v  -0.0687 -0.8557 -0.3739
v  -0.0632 -0.8593 -0.3715
v  -0.0644 -0.7863 -0.3739
v  -0.0707 -0.8473 -0.3739
v  -0.0712 -0.8296 -0.3738
v  -0.0717 -0.8184 -0.3739
v  -0.0712 -0.8102 -0.3739
v  -0.0699 -0.8020 -0.3739
v  -0.0676 -0.7940 -0.3739
v  -0.0486 -0.8890 -0.3739
v  -0.0404 -0.8959 -0.3739
v  -0.0236 -0.9055 -0.3739
v  -0.0144 -0.9087 -0.3739
v  0.0350 -0.9077 -0.3739
v  0.0674 -0.8892 -0.3739
v  0.0810 -0.8741 -0.3739
v  0.0856 -0.8670 -0.3739
v  0.0924 -0.8508 -0.3739
v  0.0951 -0.8348 -0.3739
v  0.0951 -0.8185 -0.3739
v  0.0512 -0.7988 -0.3739
v  0.0217 -0.7425 -0.3739
v  0.0074 -0.7415 -0.3739
v  0.0000 -0.7693 -0.3739
v  -0.0243 -0.7481 -0.3739
v  -0.0516 -0.7675 -0.3739
v  -0.0562 -0.7728 -0.3739
v  0.0431 -0.7702 -0.3535
v  0.0703 -0.8375 -0.3589
v  0.0684 -0.8462 -0.3595
v  0.0654 -0.8546 -0.3601
v  0.0205 -0.8948 -0.3645
v  0.0119 -0.8968 -0.3652
v  0.0031 -0.8977 -0.3658
v  -0.0145 -0.8963 -0.3670
v  -0.0230 -0.8940 -0.3676
v  -0.0365 -0.9149 -0.3539
v  -0.0523 -0.8749 -0.3701
v  -0.0675 -0.8942 -0.3559
v  -0.0580 -0.8679 -0.3708
v  -0.0842 -0.8717 -0.3574
v  -0.0655 -0.8544 -0.3719
v  -0.0675 -0.8491 -0.3723
v  -0.0691 -0.8437 -0.3727
v  -0.0943 -0.8407 -0.3591
v  -0.0922 -0.8018 -0.3611
v  -0.0865 -0.7862 -0.3620
v  -0.0605 -0.7791 -0.3739
v  -0.0428 -0.7593 -0.3739
v  -0.0339 -0.7531 -0.3739
v  -0.0510 -0.7461 -0.3649
v  -0.0401 -0.7400 -0.3655
v  -0.0140 -0.7445 -0.3739
v  -0.0034 -0.7423 -0.3739
v  0.0252 -0.7346 -0.3690
v  0.0406 -0.7476 -0.3739
v  0.0536 -0.7542 -0.3739
v  0.0658 -0.7628 -0.3739
v  0.0731 -0.7697 -0.3739
v  0.0512 -0.8579 -0.3739
v  0.0000 -0.7693 -0.2754
v  0.0512 -0.7988 -0.2754
v  -0.0512 -0.7988 -0.3739
v  -0.0512 -0.8579 -0.2754
v  -0.0512 -0.8579 -0.3739
v  -0.0512 -0.7988 -0.2754
v  0.0000 -0.8875 -0.2754
v  0.0000 -0.8875 -0.3739
v  0.0512 -0.8579 -0.2754
v  -0.0955 -0.8267 -0.3564
v  -0.0955 -0.8267 -0.3598
v  -0.0277 -0.9180 -0.3534
v  -0.0450 -0.9109 -0.3544
v  -0.0530 -0.9061 -0.3549
v  -0.0605 -0.9005 -0.3554
v  -0.0738 -0.8872 -0.3564
v  -0.0794 -0.8797 -0.3569
v  -0.0794 -0.8797 -0.3535
v  -0.0882 -0.8632 -0.3579
v  -0.0914 -0.8544 -0.3583
v  -0.0943 -0.8407 -0.3557
v  0.0900 -0.8585 -0.3739
v  0.0941 -0.8429 -0.3739
v  0.0955 -0.8267 -0.3739
v  0.0941 -0.8104 -0.3739
v  -0.0951 -0.8183 -0.3603
v  -0.0940 -0.8100 -0.3607
v  -0.0942 -0.8111 -0.3572
v  -0.0897 -0.7939 -0.3616
v  -0.0904 -0.7960 -0.3581
v  -0.0866 -0.7864 -0.3586
v  -0.0826 -0.7788 -0.3624
v  -0.0781 -0.7717 -0.3629
v  -0.0730 -0.7651 -0.3633
v  -0.0673 -0.7590 -0.3638
v  -0.0611 -0.7533 -0.3642
v  -0.0532 -0.7474 -0.3613
v  -0.0323 -0.7368 -0.3660
v  -0.0348 -0.7378 -0.3624
v  -0.0243 -0.7343 -0.3664
v  -0.0162 -0.7326 -0.3668
v  -0.0079 -0.7315 -0.3673
v  -0.0174 -0.7328 -0.3634
v  0.0004 -0.7312 -0.3677
v  -0.0071 -0.7315 -0.3639
v  0.0924 -0.8025 -0.3739
v  0.0869 -0.7871 -0.3734
v  0.0900 -0.7948 -0.3739
v  0.0007 -0.7312 -0.3643
v  0.0088 -0.7316 -0.3681
v  0.0085 -0.7316 -0.3647
v  0.0238 -0.7342 -0.3656
v  0.0409 -0.7404 -0.3699
v  0.0586 -0.7514 -0.3710
v  0.0680 -0.7596 -0.3717
v  0.0755 -0.7684 -0.3723
v  0.0777 -0.8718 -0.3739
v  0.0734 -0.8773 -0.3739
v  0.0694 -0.8817 -0.3739
v  0.0647 -0.8862 -0.3739
v  0.0587 -0.8911 -0.3739
v  0.0514 -0.8960 -0.3739
v  0.0428 -0.9005 -0.3739
v  0.0338 -0.9039 -0.3739
v  0.0244 -0.9063 -0.3739
v  0.0149 -0.9076 -0.3739
v  0.0061 -0.9078 -0.3739
v  -0.0016 -0.9072 -0.3739
v  -0.0081 -0.9061 -0.3739
v  -0.0133 -0.9048 -0.3739
v  -0.0220 -0.9018 -0.3739
v  -0.0303 -0.8977 -0.3739
v  -0.0380 -0.8927 -0.3739
v  -0.0458 -0.8861 -0.3739
v  -0.0501 -0.8816 -0.3739
v  -0.0544 -0.8761 -0.3739
v  -0.0586 -0.8695 -0.3739
v  -0.0622 -0.8622 -0.3739
v  -0.0649 -0.8546 -0.3739
v  -0.0667 -0.8467 -0.3739
v  -0.0675 -0.8394 -0.3739
v  -0.0672 -0.8296 -0.3738
v  -0.0677 -0.8184 -0.3739
v  -0.0673 -0.8106 -0.3739
v  -0.0660 -0.8029 -0.3739
v  -0.0638 -0.7954 -0.3739
v  -0.0608 -0.7881 -0.3739
v  -0.0571 -0.7812 -0.3739
v  -0.0530 -0.7753 -0.3739
v  -0.0487 -0.7702 -0.3739
v  -0.0403 -0.7624 -0.3739
v  -0.0318 -0.7565 -0.3739
v  -0.0227 -0.7518 -0.3739
v  -0.0129 -0.7484 -0.3739
v  -0.0028 -0.7463 -0.3739
v  0.0074 -0.7455 -0.3739
v  0.0211 -0.7465 -0.3739
v  0.0392 -0.7513 -0.3739
v  0.0515 -0.7576 -0.3739
v  0.0633 -0.7659 -0.3739
v  0.0701 -0.7724 -0.3739
v  0.0834 -0.7891 -0.3735
v  0.0862 -0.7962 -0.3739
v  0.0885 -0.8035 -0.3739
v  0.0901 -0.8111 -0.3739
v  0.0911 -0.8188 -0.3739
v  0.0915 -0.8267 -0.3739
v  0.0911 -0.8345 -0.3739
v  0.0901 -0.8423 -0.3739
v  0.0885 -0.8498 -0.3739
v  0.0863 -0.8570 -0.3739
v  0.0821 -0.8650 -0.3739
v  0.0552 -0.7965 -0.3739
v  0.0000 -0.7647 -0.3739
v  -0.0552 -0.7965 -0.3739
v  -0.0552 -0.8602 -0.3739
v  0.0000 -0.8921 -0.3739
v  0.0552 -0.8602 -0.3739
v  -0.0878 -0.8631 -0.3542
v  -0.0904 -0.8541 -0.3544
v  -0.0925 -0.8404 -0.3546
v  -0.0927 -0.8267 -0.3548
v  -0.0917 -0.8186 -0.3549
v  -0.0905 -0.8121 -0.3550
v  -0.0889 -0.8063 -0.3551
v  -0.0876 -0.8022 -0.3552
v  -0.0852 -0.7965 -0.3553
v  -0.0764 -0.7806 -0.3555
v  -0.0817 -0.7891 -0.3554
v  -0.0704 -0.7731 -0.3556
v  -0.0640 -0.7666 -0.3557
v  -0.0572 -0.7611 -0.3558
v  -0.0474 -0.7549 -0.3559
v  -0.0553 -0.7598 -0.3558
v  -0.0386 -0.7508 -0.3560
v  -0.0292 -0.7478 -0.3560
v  -0.0157 -0.7453 -0.3560
v  -0.0239 -0.7465 -0.3560
v  -0.0062 -0.7451 -0.3560
v  0.0023 -0.7458 -0.3560
v  0.0054 -0.7463 -0.3560
v  0.0109 -0.7476 -0.3560
v  0.0220 -0.7513 -0.3559
v  0.0324 -0.7580 -0.3558
v  0.0450 -0.7679 -0.3557
v  0.0634 -0.7945 -0.3558
v  0.0669 -0.8026 -0.3564
v  0.0728 -0.8106 -0.3550
v  0.0755 -0.8193 -0.3549
v  0.0772 -0.8293 -0.3548
v  0.0775 -0.8399 -0.3546
v  0.0767 -0.8492 -0.3545
v  0.0748 -0.8581 -0.3543
v  0.0719 -0.8668 -0.3542
v  0.0669 -0.8770 -0.3540
v  0.0604 -0.8868 -0.3539
v  0.0544 -0.8938 -0.3538
v  0.0452 -0.9019 -0.3537
v  0.0346 -0.9089 -0.3535
v  0.0262 -0.9130 -0.3535
v  0.0137 -0.9171 -0.3534
v  0.0004 -0.9196 -0.3534
v  -0.0091 -0.9200 -0.3534
v  -0.0185 -0.9195 -0.3534
v  0.0000 -0.8875 -0.3539
v  0.0512 -0.8579 -0.3543
v  0.0512 -0.7988 -0.3552
v  0.0000 -0.7693 -0.3557
v  -0.0512 -0.7988 -0.3552
v  -0.0512 -0.8579 -0.3543
v  -0.0365 -0.9149 -0.3535
v  -0.0450 -0.9109 -0.3535
v  -0.0530 -0.9061 -0.3536
v  -0.0605 -0.9005 -0.3537
v  -0.0675 -0.8942 -0.3538
v  -0.0738 -0.8872 -0.3530
v  -0.0842 -0.8717 -0.3540
# 7511 vertices

o 72572
g 72572
s 1
f 682 1507 1508 426 
f 2 1509 1510 436 
f 4 1511 1512 438 
f 6 1513 1514 439 
f 9 1515 1516 617 
f 10 435 643 636 
f 12 437 644 637 
f 15 711 712 638 
f 1439 1440 448 715 
f 1443 1444 449 28 
f 1447 1448 450 29 
s 2
f 1455 1456 726 30 
s 1
f 1441 1442 452 24 
f 1445 1446 453 25 
f 1449 1450 454 26 
s 2
f 1453 1454 619 27 
s 1
f 24 1473 1474 448 
f 25 1503 1504 449 
f 26 1499 1500 450 
f 1496 1497 451 1729 
s 2
f 726 1492 1493 30 
s 1
f 28 1505 1506 452 
f 29 1501 1502 453 
f 451 1497 1498 454 
s 2
f 30 1493 1494 619 
s 1
f 754 440 1541 1542 
f 21 441 1543 1544 
f 22 442 1545 1546 
f 23 746 1547 1548 
f 17 445 1549 1550 
f 18 446 1551 1552 
f 19 447 1553 1554 
f 20 618 1555 1556 
s 5
f 648 649 664 665 
f 650 651 673 674 
f 652 653 675 676 
f 654 666 677 661 
s 9
f 655 656 666 654 
s 5
f 647 789 663 662 
f 657 658 667 668 
f 659 660 669 670 
s 9
f 661 677 671 672 
f 662 663 678 679 
s 6
f 381 382 555 556 
f 383 384 557 558 
f 385 386 559 560 
f 387 562 561 394 
s 10
f 388 389 562 387 
s 6
f 822 823 396 395 
f 390 391 563 564 
f 392 393 565 566 
s 10
f 394 561 567 568 
f 395 396 626 627 
s 1
f 397 398 569 570 
f 399 400 571 572 
f 401 402 573 574 
f 403 576 575 410 
f 404 405 576 403 
f 856 857 412 411 
f 406 407 577 578 
f 408 409 579 580 
f 410 575 581 582 
f 411 412 628 629 
f 58 1768 1769 487 
f 59 1770 1771 488 
f 60 1772 1773 489 
f 491 1774 1775 490 
f 61 1776 1774 491 
f 1766 1767 1801 1800 
f 62 1778 1779 492 
f 63 1780 1781 493 
f 490 1775 1782 494 
f 904 479 592 906 
f 56 480 593 424 
f 57 481 594 425 
f 52 484 597 420 
f 53 485 598 421 
f 54 486 599 422 
f 73 600 608 495 
f 74 601 609 496 
f 75 602 610 497 
f 499 603 607 498 
f 76 604 603 499 
f 77 605 611 500 
f 78 606 612 501 
f 498 607 613 502 
f 80 65 108 118 
f 81 66 109 119 
f 82 67 110 120 
f 83 68 111 121 
f 84 69 112 122 
f 965 966 113 123 
f 85 70 114 124 
f 86 71 115 125 
f 87 72 116 126 
f 123 113 117 127 
f 128 1802 1803 521 
f 129 1804 1805 522 
f 130 1806 1807 523 
f 131 1808 1809 524 
f 132 1810 1811 525 
f 133 1812 1813 526 
f 134 1814 1815 527 
f 135 1816 1817 528 
f 137 1818 1819 529 
f 96 414 583 512 
f 97 415 584 513 
f 98 416 585 514 
f 516 587 586 515 
f 99 417 587 516 
f 100 418 588 517 
f 101 419 589 518 
f 515 586 590 519 
f 1610 1625 615 1609 
f 1609 615 1624 
f 1624 615 614 520 
f 1624 520 591 1623 
f 1621 680 681 1620 
f 1619 630 1043 1618 
f 108 1045 1046 118 
f 109 70 85 119 
f 110 71 86 120 
f 111 72 87 121 
f 112 68 83 122 
f 114 65 80 124 
f 115 66 81 125 
f 116 67 82 126 
f 117 69 84 127 
f 88 357 530 503 
f 89 358 531 504 
f 90 359 532 505 
f 91 360 533 506 
f 92 361 534 507 
f 93 362 535 508 
f 94 363 536 509 
f 95 364 537 510 
f 136 365 538 511 
f 1083 1820 1818 137 
f 136 1084 1085 365 
f 321 322 339 338 
f 323 324 341 340 
f 325 326 343 342 
f 327 328 345 344 
f 329 330 347 346 
f 1106 1107 348 337 
f 331 332 350 349 
f 333 334 352 351 
f 335 336 354 353 
f 337 348 356 355 
f 338 339 1124 1125 
f 340 341 332 331 
f 342 343 334 333 
f 344 345 336 335 
f 346 347 328 327 
f 349 350 322 321 
f 351 352 324 323 
f 353 354 326 325 
f 355 356 330 329 
f 156 174 182 164 
f 157 175 183 165 
f 158 176 184 166 
f 159 177 185 167 
f 160 178 186 168 
f 1146 1147 187 169 
f 161 179 188 170 
f 162 180 189 171 
f 163 181 190 172 
f 169 187 191 173 
f 164 182 1164 1165 
f 165 183 179 161 
f 166 184 180 162 
f 167 185 181 163 
f 168 186 177 159 
f 170 188 174 156 
f 171 189 175 157 
f 172 190 176 158 
f 173 191 178 160 
f 285 286 303 302 
f 287 288 305 304 
f 289 290 307 306 
f 291 292 309 308 
f 293 294 311 310 
f 1186 1187 312 301 
f 295 296 314 313 
f 297 298 316 315 
f 299 300 318 317 
f 301 312 320 319 
f 302 303 1204 1205 
f 304 305 296 295 
f 306 307 298 297 
f 308 309 300 299 
f 310 311 292 291 
f 313 314 286 285 
f 315 316 288 287 
f 317 318 290 289 
f 319 320 294 293 
f 146 138 192 200 
f 147 139 193 201 
f 148 140 194 202 
f 149 141 195 203 
f 150 142 196 204 
f 151 1227 1228 205 
f 152 143 197 206 
f 153 144 198 207 
f 154 145 199 208 
f 155 151 205 209 
f 1244 146 200 1245 
f 143 147 201 197 
f 144 148 202 198 
f 145 149 203 199 
f 141 150 204 195 
f 138 152 206 192 
f 139 153 207 193 
f 140 154 208 194 
f 142 155 209 196 
f 192 249 257 200 
f 193 250 258 201 
f 194 251 259 202 
f 195 252 260 203 
f 196 253 261 204 
f 1228 1256 262 205 
f 197 254 263 206 
f 198 255 264 207 
f 199 256 265 208 
f 205 262 266 209 
f 200 257 1265 1245 
f 201 258 254 197 
f 202 259 255 198 
f 203 260 256 199 
f 204 261 252 195 
f 206 263 249 192 
f 207 264 250 193 
f 208 265 251 194 
f 209 266 253 196 
f 210 267 275 218 
f 211 268 276 219 
f 212 269 277 220 
f 213 270 278 221 
f 214 271 279 222 
f 1286 1287 280 223 
f 215 272 281 224 
f 216 273 282 225 
f 217 274 283 226 
f 223 280 284 227 
f 218 275 1304 1305 
f 219 276 272 215 
f 220 277 273 216 
f 221 278 274 217 
f 222 279 270 213 
f 224 281 267 210 
f 225 282 268 211 
f 226 283 269 212 
f 227 284 271 214 
s 2
f 103 79 228 229 
f 1029 103 229 1308 
f 79 104 230 228 
f 104 105 231 230 
f 105 102 232 231 
f 102 106 233 232 
f 106 107 234 233 
f 107 1044 1315 234 
s 1
f 229 228 242 243 
f 1308 229 243 1318 
f 228 230 244 242 
f 230 231 245 244 
f 231 232 246 245 
f 232 233 247 246 
f 233 234 248 247 
f 234 1315 1324 248 
f 242 235 236 243 
f 243 236 1327 1318 
f 244 237 235 242 
f 245 238 237 244 
f 246 239 238 245 
f 247 240 239 246 
f 248 241 240 247 
f 1324 1333 241 248 
f 249 210 218 257 
f 250 211 219 258 
f 251 212 220 259 
f 252 213 221 260 
f 253 214 222 261 
f 1256 1286 223 262 
f 254 215 224 263 
f 255 216 225 264 
f 256 217 226 265 
f 262 223 227 266 
f 257 218 1305 1265 
f 258 219 215 254 
f 259 220 216 255 
f 260 221 217 256 
f 261 222 213 252 
f 263 224 210 249 
f 264 225 211 250 
f 265 226 212 251 
f 266 227 214 253 
f 267 1908 1905 275 
f 268 1920 1917 276 
f 269 1932 1929 277 
f 270 1944 1941 278 
f 271 1950 1947 279 
f 1287 1845 1841 280 
f 272 1914 1911 281 
f 273 1926 1923 282 
f 274 1938 1935 283 
f 280 1841 1953 284 
f 275 1905 1902 1304 
f 276 1917 1914 272 
f 277 1929 1926 273 
f 278 1941 1938 274 
f 279 1947 1944 270 
f 281 1911 1908 267 
f 282 1923 1920 268 
f 283 1935 1932 269 
f 284 1953 1950 271 
f 286 138 146 303 
f 302 182 174 285 
f 288 139 147 305 
f 304 183 175 287 
f 290 140 148 307 
f 306 184 176 289 
f 292 141 149 309 
f 308 185 177 291 
f 294 142 150 311 
f 310 186 178 293 
f 1187 1227 151 312 
f 301 187 1147 1186 
f 296 143 152 314 
f 313 188 179 295 
f 298 144 153 316 
f 315 189 180 297 
f 300 145 154 318 
f 317 190 181 299 
f 312 151 155 320 
f 319 191 187 301 
f 303 146 1244 1204 
f 1205 1164 182 302 
f 305 147 143 296 
f 295 179 183 304 
f 307 148 144 298 
f 297 180 184 306 
f 309 149 145 300 
f 299 181 185 308 
f 311 150 141 292 
f 291 177 186 310 
f 314 152 138 286 
f 285 174 188 313 
f 316 153 139 288 
f 287 175 189 315 
f 318 154 140 290 
f 289 176 190 317 
f 320 155 142 294 
f 293 178 191 319 
f 322 156 164 339 
f 338 108 65 321 
f 324 157 165 341 
f 340 109 66 323 
f 326 158 166 343 
f 342 110 67 325 
f 328 159 167 345 
f 344 111 68 327 
f 330 160 168 347 
f 346 112 69 329 
f 1107 1146 169 348 
f 337 113 966 1106 
f 332 161 170 350 
f 349 114 70 331 
f 334 162 171 352 
f 351 115 71 333 
f 336 163 172 354 
f 353 116 72 335 
f 348 169 173 356 
f 355 117 113 337 
f 339 164 1165 1124 
f 1125 1045 108 338 
f 341 165 161 332 
f 331 70 109 340 
f 343 166 162 334 
f 333 71 110 342 
f 345 167 163 336 
f 335 72 111 344 
f 347 168 159 328 
f 327 68 112 346 
f 350 170 156 322 
f 321 65 114 349 
f 352 171 157 324 
f 323 66 115 351 
f 354 172 158 326 
f 325 67 116 353 
f 356 173 160 330 
f 329 69 117 355 
f 357 128 521 530 
f 358 129 522 531 
f 359 130 523 532 
f 360 131 524 533 
f 361 132 525 534 
f 362 133 526 535 
f 363 134 527 536 
f 364 135 528 537 
f 365 137 529 538 
f 1085 1083 137 365 
f 366 38 463 539 
f 367 39 464 540 
f 368 40 465 541 
f 543 467 466 542 
f 369 41 467 543 
f 370 1352 44 373 
f 371 42 468 544 
f 372 43 469 545 
f 542 466 470 546 
f 373 44 621 624 
f 374 1730 1731 547 
f 375 1732 1733 548 
f 376 1734 1735 549 
f 551 1736 1737 550 
f 377 1738 1736 551 
f 378 1739 1740 552 
f 379 1741 1742 553 
f 550 1737 1743 554 
f 380 1744 1745 625 
s 5
f 382 45 471 555 
s 2
f 1371 1372 455 556 
s 5
f 384 46 472 557 
s 2
f 390 35 456 558 
s 5
f 386 47 473 559 
s 2
f 392 36 457 560 
s 5
f 562 475 474 561 
s 9
f 389 48 475 562 
s 5
f 823 1385 51 396 
s 2
f 395 37 1388 822 
s 5
f 391 49 476 563 
s 2
f 381 31 460 564 
s 5
f 393 50 477 565 
s 2
f 383 32 461 566 
s 9
f 561 474 478 567 
s 2
f 385 33 462 568 
s 9
f 396 51 622 626 
s 2
f 388 34 620 627 
s 1
f 398 58 487 569 
f 1403 1404 471 570 
f 400 59 488 571 
f 406 49 472 572 
f 402 60 489 573 
f 408 50 473 574 
f 576 491 490 575 
f 405 61 491 576 
f 857 890 64 412 
f 411 51 1385 856 
f 407 62 492 577 
f 397 45 476 578 
f 409 63 493 579 
f 399 46 477 580 
f 575 490 494 581 
f 401 47 478 582 
f 412 64 623 628 
f 404 48 622 629 
f 414 73 495 583 
f 415 74 496 584 
f 416 75 497 585 
f 587 499 498 586 
f 417 76 499 587 
f 418 77 500 588 
f 419 78 501 589 
f 586 498 502 590 
f 417 99 680 591 
f 420 96 512 592 
f 421 97 513 593 
f 422 98 514 594 
f 596 516 515 595 
f 423 99 516 596 
f 424 100 517 597 
f 425 101 518 598 
f 595 515 519 599 
f 427 1 631 639 
f 428 10 636 640 
f 430 12 637 641 
f 432 14 645 642 
f 7 8 635 634 
f 435 3 632 643 
f 437 5 633 644 
f 14 7 634 645 
f 1440 1441 24 448 
f 1444 1445 25 449 
f 1448 1449 26 450 
f 1451 1452 1729 451 
f 1442 1443 28 452 
f 1446 1447 29 453 
f 1450 1451 451 454 
f 1474 1475 715 448 
f 1504 1505 28 449 
f 1500 1501 29 450 
f 1506 1473 24 452 
f 1502 1503 25 453 
f 1498 1499 26 454 
f 440 17 1550 1541 
f 441 18 1552 1543 
f 442 19 1554 1545 
f 443 444 1557 1558 
f 444 20 1556 1557 
f 445 21 1544 1549 
f 446 22 1546 1551 
f 447 443 1558 1553 
s 9
f 1422 1423 665 664 
f 658 657 674 673 
f 660 659 676 675 
f 649 648 668 667 
f 651 650 670 669 
s 17
f 653 652 672 671 
s 10
f 555 1424 1371 556 
f 557 391 390 558 
f 559 393 392 560 
f 563 382 381 564 
f 565 384 383 566 
s 18
f 567 386 385 568 
s 1
f 569 413 1403 570 
f 571 407 406 572 
f 573 409 408 574 
f 577 398 397 578 
f 579 400 399 580 
f 581 402 401 582 
f 479 904 1783 1769 
f 480 56 1778 1771 
f 481 57 1780 1773 
f 484 52 1768 1779 
f 485 53 1770 1781 
f 486 54 1772 1782 
f 479 52 420 592 
f 480 53 421 593 
f 481 54 422 594 
f 482 483 596 595 
f 483 55 423 596 
f 484 56 424 597 
f 485 57 425 598 
f 486 482 595 599 
f 503 1426 1427 608 
f 504 93 605 609 
f 505 94 606 610 
f 506 95 607 
f 507 91 603 
f 508 88 600 611 
f 509 89 601 612 
f 510 90 602 613 
f 583 1428 1429 512 
f 584 418 100 513 
f 585 419 101 514 
f 588 414 96 517 
f 589 415 97 518 
f 590 416 98 519 
f 511 92 604 614 
f 520 76 417 591 
f 530 1430 1426 503 
f 531 362 93 504 
f 532 363 94 505 
f 533 364 95 506 
f 534 360 91 507 
f 535 357 88 508 
f 536 358 89 509 
f 537 359 90 510 
f 538 361 92 511 
f 521 1431 1430 530 
f 522 133 362 531 
f 523 134 363 532 
f 524 135 364 533 
f 525 131 360 534 
f 526 128 357 535 
f 527 129 358 536 
f 528 130 359 537 
f 529 132 361 538 
f 463 1432 1433 539 
f 464 42 371 540 
f 465 43 372 541 
f 468 38 366 544 
f 469 39 367 545 
f 470 40 368 546 
f 539 1433 1746 1731 
f 540 371 1739 1733 
f 541 372 1741 1735 
f 544 366 1730 1740 
f 545 367 1732 1742 
f 546 368 1734 1743 
s 9
f 471 1404 1424 555 
s 2
f 455 31 381 556 
s 9
f 472 49 391 557 
s 2
f 456 32 383 558 
s 9
f 473 50 393 559 
s 2
f 457 33 385 560 
f 458 459 387 394 
f 459 34 388 387 
s 9
f 476 45 382 563 
s 2
f 460 35 390 564 
s 9
f 477 46 384 565 
s 2
f 461 36 392 566 
s 17
f 478 47 386 567 
s 2
f 462 458 394 568 
s 1
f 487 1425 413 569 
f 471 45 397 570 
f 488 62 407 571 
f 472 46 399 572 
f 489 63 409 573 
f 473 47 401 574 
f 474 475 403 410 
f 475 48 404 403 
f 492 58 398 577 
f 476 49 406 578 
f 493 59 400 579 
f 477 50 408 580 
f 494 60 402 581 
f 478 474 410 582 
f 495 1436 1428 583 
f 496 77 418 584 
f 497 78 419 585 
f 500 73 414 588 
f 501 74 415 589 
f 502 75 416 590 
f 512 1429 906 592 
f 513 100 424 593 
f 514 101 425 594 
f 517 96 420 597 
f 518 97 421 598 
f 519 98 422 599 
f 127 84 1810 1819 
f 122 83 1808 1811 
f 121 87 1816 1809 
f 126 82 1806 1817 
f 120 86 1814 1807 
f 125 81 1804 1815 
f 119 85 1812 1805 
f 124 80 1802 1813 
f 118 1046 1821 1803 
f 600 88 503 608 
f 601 89 504 609 
f 602 90 505 610 
f 603 91 506 607 
f 604 92 507 603 
f 605 93 508 611 
f 606 94 509 612 
f 607 95 510 613 
f 615 136 511 614 
f 1427 1436 495 608 
f 605 77 496 609 
f 606 78 497 610 
f 600 73 500 611 
f 601 74 501 612 
f 602 75 502 613 
f 604 76 520 614 
f 616 15 638 646 
s 2
f 1454 1455 30 619 
f 1494 1495 27 619 
s 1
f 618 23 1548 1555 
s 5
f 656 655 679 678 
s 6
f 626 389 388 627 
s 1
f 628 405 404 629 
f 1767 55 1776 1801 
f 621 41 369 624 
f 624 369 1738 1745 
s 5
f 622 48 389 626 
s 2
f 620 37 395 627 
s 1
f 623 61 405 628 
f 622 51 411 629 
f 423 55 1767 681 
f 683 1438 427 639 
f 631 1 428 640 
f 632 3 430 641 
f 633 5 432 642 
f 635 8 616 646 
f 643 1517 1518 636 
f 644 1519 1520 637 
f 712 1521 1522 638 
f 631 1509 1508 639 
f 636 1518 1510 640 
f 637 1520 1512 641 
f 645 1523 1514 642 
f 635 1515 1524 634 
f 632 1511 1517 643 
f 633 1513 1519 644 
f 634 1524 1523 645 
f 638 1522 1516 646 
s 6
f 649 31 455 664 
s 1
f 665 463 38 648 
s 6
f 651 32 456 673 
s 1
f 674 464 39 650 
s 6
f 653 33 457 675 
s 1
f 676 465 40 652 
s 6
f 666 459 458 677 
s 1
f 661 466 467 654 
s 10
f 656 34 459 666 
s 1
f 654 467 41 655 
s 6
f 789 1388 37 663 
s 1
f 662 44 1352 647 
s 6
f 658 35 460 667 
s 1
f 668 468 42 657 
s 6
f 660 36 461 669 
s 1
f 670 469 43 659 
s 10
f 677 458 462 671 
s 1
f 672 470 466 661 
s 10
f 663 37 620 678 
s 1
f 679 621 44 662 
f 1423 1432 463 665 
s 10
f 664 455 1372 1422 
s 1
f 657 42 464 674 
s 10
f 673 456 35 658 
s 1
f 659 43 465 676 
s 10
f 675 457 36 660 
s 1
f 648 38 468 668 
s 10
f 667 460 31 649 
s 1
f 650 39 469 670 
s 10
f 669 461 32 651 
s 1
f 652 40 470 672 
s 18
f 671 462 33 653 
s 1
f 655 41 621 679 
s 6
f 678 620 34 656 
s 1
f 680 99 423 681 
f 680 1622 591 
f 680 1621 1622 
f 681 630 1619 1620 
f 370 373 1744 1747 
f 682 685 1525 1507 
f 686 689 1526 1527 
f 690 693 1528 1529 
f 694 697 1530 1531 
f 698 701 1532 1533 
f 702 705 704 703 
f 706 709 708 707 
f 710 713 712 711 
f 1439 715 714 1472 
f 1469 719 718 1468 
f 1465 723 722 1464 
s 2
f 1457 727 726 1456 
s 1
f 1471 729 728 1470 
f 1467 731 730 1466 
f 1463 733 732 1462 
s 2
f 1459 735 734 1458 
s 1
f 729 714 1476 1477 
f 731 718 1480 1481 
f 733 722 1484 1485 
f 1728 1488 1489 735 
s 2
f 726 727 1491 1492 
s 1
f 719 728 1478 1479 
f 723 730 1482 1483 
f 744 732 1486 1487 
s 2
f 727 734 1490 1491 
s 1
f 754 1542 1559 737 
f 748 1560 1561 739 
f 750 1562 1563 741 
f 747 1564 1547 746 
f 736 1565 1566 749 
f 738 1567 1568 751 
f 740 1569 1570 752 
f 745 1571 1572 753 
s 5
f 771 774 773 772 
f 775 778 777 776 
f 779 782 781 780 
f 783 786 785 784 
s 9
f 787 783 784 788 
f 647 791 790 789 
s 5
f 792 795 794 793 
f 796 799 798 797 
s 9
f 786 801 800 785 
s 5
f 791 803 802 790 
s 6
f 804 807 806 805 
f 808 811 810 809 
f 812 815 814 813 
f 816 819 818 817 
s 10
f 820 816 817 821 
f 822 825 824 823 
s 6
f 826 829 828 827 
f 830 833 832 831 
s 10
f 819 835 834 818 
s 6
f 825 837 836 824 
s 1
f 838 841 840 839 
f 842 845 844 843 
f 846 849 848 847 
f 850 853 852 851 
f 854 850 851 855 
f 856 859 858 857 
f 860 863 862 861 
f 864 867 866 865 
f 853 869 868 852 
f 859 871 870 858 
f 872 875 1784 1785 
f 876 879 1786 1787 
f 880 883 1788 1789 
f 884 887 1790 1791 
f 888 884 1791 1792 
f 890 892 1798 1777 
f 893 896 1793 1794 
f 897 900 1795 1796 
f 887 902 1797 1790 
f 904 906 905 874 
f 894 908 907 878 
f 898 910 909 882 
f 873 912 911 895 
f 877 914 913 899 
f 881 916 915 901 
f 917 920 919 918 
f 921 924 923 922 
f 925 928 927 926 
f 929 932 931 930 
f 933 929 930 934 
f 935 938 937 936 
f 939 942 941 940 
f 932 944 943 931 
f 945 948 947 946 
f 949 952 951 950 
f 953 956 955 954 
f 957 960 959 958 
f 961 964 963 962 
f 965 968 967 966 
f 969 972 971 970 
f 973 976 975 974 
f 977 980 979 978 
f 968 982 981 967 
f 983 984 1822 1823 
f 985 986 1824 1825 
f 987 988 1826 1827 
f 989 990 1828 1829 
f 991 992 1830 1831 
f 993 994 1832 1833 
f 995 996 1834 1835 
f 997 998 1836 1837 
f 999 1000 1838 1839 
f 1001 1004 1003 1002 
f 1005 1008 1007 1006 
f 1009 1012 1011 1010 
f 1013 1016 1015 1014 
f 1017 1013 1014 1018 
f 1019 1022 1021 1020 
f 1023 1026 1025 1024 
f 1016 1028 1027 1015 
f 1610 1611 1030 1625 
f 1611 1612 1030 
f 1612 1034 1033 1030 
f 1612 1613 1035 1034 
f 1615 1616 1039 1038 
f 1617 1618 1043 1042 
f 947 948 1046 1045 
f 951 952 969 970 
f 955 956 973 974 
f 959 960 977 978 
f 963 964 957 958 
f 971 972 945 946 
f 975 976 949 950 
f 979 980 953 954 
f 981 982 961 962 
f 1047 1050 1049 1048 
f 1051 1054 1053 1052 
f 1055 1058 1057 1056 
f 1059 1062 1061 1060 
f 1063 1066 1065 1064 
f 1067 1070 1069 1068 
f 1071 1074 1073 1072 
f 1075 1078 1077 1076 
f 1079 1082 1081 1080 
f 1083 999 1839 1820 
f 1079 1080 1085 1084 
f 1086 1089 1088 1087 
f 1090 1093 1092 1091 
f 1094 1097 1096 1095 
f 1098 1101 1100 1099 
f 1102 1105 1104 1103 
f 1106 1109 1108 1107 
f 1110 1113 1112 1111 
f 1114 1117 1116 1115 
f 1118 1121 1120 1119 
f 1109 1123 1122 1108 
f 1089 1125 1124 1088 
f 1093 1110 1111 1092 
f 1097 1114 1115 1096 
f 1101 1118 1119 1100 
f 1105 1098 1099 1104 
f 1113 1086 1087 1112 
f 1117 1090 1091 1116 
f 1121 1094 1095 1120 
f 1123 1102 1103 1122 
f 1126 1129 1128 1127 
f 1130 1133 1132 1131 
f 1134 1137 1136 1135 
f 1138 1141 1140 1139 
f 1142 1145 1144 1143 
f 1146 1149 1148 1147 
f 1150 1153 1152 1151 
f 1154 1157 1156 1155 
f 1158 1161 1160 1159 
f 1149 1163 1162 1148 
f 1129 1165 1164 1128 
f 1133 1150 1151 1132 
f 1137 1154 1155 1136 
f 1141 1158 1159 1140 
f 1145 1138 1139 1144 
f 1153 1126 1127 1152 
f 1157 1130 1131 1156 
f 1161 1134 1135 1160 
f 1163 1142 1143 1162 
f 1166 1169 1168 1167 
f 1170 1173 1172 1171 
f 1174 1177 1176 1175 
f 1178 1181 1180 1179 
f 1182 1185 1184 1183 
f 1186 1189 1188 1187 
f 1190 1193 1192 1191 
f 1194 1197 1196 1195 
f 1198 1201 1200 1199 
f 1189 1203 1202 1188 
f 1169 1205 1204 1168 
f 1173 1190 1191 1172 
f 1177 1194 1195 1176 
f 1181 1198 1199 1180 
f 1185 1178 1179 1184 
f 1193 1166 1167 1192 
f 1197 1170 1171 1196 
f 1201 1174 1175 1200 
f 1203 1182 1183 1202 
f 1206 1209 1208 1207 
f 1210 1213 1212 1211 
f 1214 1217 1216 1215 
f 1218 1221 1220 1219 
f 1222 1225 1224 1223 
f 1226 1229 1228 1227 
f 1230 1233 1232 1231 
f 1234 1237 1236 1235 
f 1238 1241 1240 1239 
f 1242 1243 1229 1226 
f 1244 1245 1209 1206 
f 1231 1232 1213 1210 
f 1235 1236 1217 1214 
f 1239 1240 1221 1218 
f 1219 1220 1225 1222 
f 1207 1208 1233 1230 
f 1211 1212 1237 1234 
f 1215 1216 1241 1238 
f 1223 1224 1243 1242 
f 1208 1209 1247 1246 
f 1212 1213 1249 1248 
f 1216 1217 1251 1250 
f 1220 1221 1253 1252 
f 1224 1225 1255 1254 
f 1228 1229 1257 1256 
f 1232 1233 1259 1258 
f 1236 1237 1261 1260 
f 1240 1241 1263 1262 
f 1229 1243 1264 1257 
f 1209 1245 1265 1247 
f 1213 1232 1258 1249 
f 1217 1236 1260 1251 
f 1221 1240 1262 1253 
f 1225 1220 1252 1255 
f 1233 1208 1246 1259 
f 1237 1212 1248 1261 
f 1241 1216 1250 1263 
f 1243 1224 1254 1264 
f 1266 1269 1268 1267 
f 1270 1273 1272 1271 
f 1274 1277 1276 1275 
f 1278 1281 1280 1279 
f 1282 1285 1284 1283 
f 1286 1289 1288 1287 
f 1290 1293 1292 1291 
f 1294 1297 1296 1295 
f 1298 1301 1300 1299 
f 1289 1303 1302 1288 
f 1269 1305 1304 1268 
f 1273 1290 1291 1272 
f 1277 1294 1295 1276 
f 1281 1298 1299 1280 
f 1285 1278 1279 1284 
f 1293 1266 1267 1292 
f 1297 1270 1271 1296 
f 1301 1274 1275 1300 
f 1303 1282 1283 1302 
s 2
f 1031 1307 1306 1032 
f 1029 1308 1307 1031 
f 1032 1306 1309 1036 
f 1036 1309 1311 1310 
f 1310 1311 1312 1037 
f 1037 1312 1313 1040 
f 1040 1313 1314 1041 
f 1041 1314 1315 1044 
s 1
f 1307 1317 1316 1306 
f 1308 1318 1317 1307 
f 1306 1316 1319 1309 
f 1309 1319 1320 1311 
f 1311 1320 1321 1312 
f 1312 1321 1322 1313 
f 1313 1322 1323 1314 
f 1314 1323 1324 1315 
f 1316 1317 1326 1325 
f 1317 1318 1327 1326 
f 1319 1316 1325 1328 
f 1320 1319 1328 1329 
f 1321 1320 1329 1330 
f 1322 1321 1330 1331 
f 1323 1322 1331 1332 
f 1324 1323 1332 1333 
f 1246 1247 1269 1266 
f 1248 1249 1273 1270 
f 1250 1251 1277 1274 
f 1252 1253 1281 1278 
f 1254 1255 1285 1282 
f 1256 1257 1289 1286 
f 1258 1259 1293 1290 
f 1260 1261 1297 1294 
f 1262 1263 1301 1298 
f 1257 1264 1303 1289 
f 1247 1265 1305 1269 
f 1249 1258 1290 1273 
f 1251 1260 1294 1277 
f 1253 1262 1298 1281 
f 1255 1252 1278 1285 
f 1259 1246 1266 1293 
f 1261 1248 1270 1297 
f 1263 1250 1274 1301 
f 1264 1254 1282 1303 
f 1267 1268 1899 1896 
f 1271 1272 1887 1884 
f 1275 1276 1875 1872 
f 1279 1280 1863 1860 
f 1283 1284 1857 1854 
f 1287 1288 1848 1845 
f 1291 1292 1893 1890 
f 1295 1296 1881 1878 
f 1299 1300 1869 1866 
f 1288 1302 1851 1848 
f 1268 1304 1902 1899 
f 1272 1291 1890 1887 
f 1276 1295 1878 1875 
f 1280 1299 1866 1863 
f 1284 1279 1860 1857 
f 1292 1267 1896 1893 
f 1296 1271 1884 1881 
f 1300 1275 1872 1869 
f 1302 1283 1854 1851 
f 1167 1168 1206 1207 
f 1169 1166 1127 1128 
f 1171 1172 1210 1211 
f 1173 1170 1131 1132 
f 1175 1176 1214 1215 
f 1177 1174 1135 1136 
f 1179 1180 1218 1219 
f 1181 1178 1139 1140 
f 1183 1184 1222 1223 
f 1185 1182 1143 1144 
f 1187 1188 1226 1227 
f 1189 1186 1147 1148 
f 1191 1192 1230 1231 
f 1193 1190 1151 1152 
f 1195 1196 1234 1235 
f 1197 1194 1155 1156 
f 1199 1200 1238 1239 
f 1201 1198 1159 1160 
f 1188 1202 1242 1226 
f 1203 1189 1148 1162 
f 1168 1204 1244 1206 
f 1205 1169 1128 1164 
f 1172 1191 1231 1210 
f 1190 1173 1132 1151 
f 1176 1195 1235 1214 
f 1194 1177 1136 1155 
f 1180 1199 1239 1218 
f 1198 1181 1140 1159 
f 1184 1179 1219 1222 
f 1178 1185 1144 1139 
f 1192 1167 1207 1230 
f 1166 1193 1152 1127 
f 1196 1171 1211 1234 
f 1170 1197 1156 1131 
f 1200 1175 1215 1238 
f 1174 1201 1160 1135 
f 1202 1183 1223 1242 
f 1182 1203 1162 1143 
f 1087 1088 1129 1126 
f 1089 1086 946 947 
f 1091 1092 1133 1130 
f 1093 1090 950 951 
f 1095 1096 1137 1134 
f 1097 1094 954 955 
f 1099 1100 1141 1138 
f 1101 1098 958 959 
f 1103 1104 1145 1142 
f 1105 1102 962 963 
f 1107 1108 1149 1146 
f 1109 1106 966 967 
f 1111 1112 1153 1150 
f 1113 1110 970 971 
f 1115 1116 1157 1154 
f 1117 1114 974 975 
f 1119 1120 1161 1158 
f 1121 1118 978 979 
f 1108 1122 1163 1149 
f 1123 1109 967 981 
f 1088 1124 1165 1129 
f 1125 1089 947 1045 
f 1092 1111 1150 1133 
f 1110 1093 951 970 
f 1096 1115 1154 1137 
f 1114 1097 955 974 
f 1100 1119 1158 1141 
f 1118 1101 959 978 
f 1104 1099 1138 1145 
f 1098 1105 963 958 
f 1112 1087 1126 1153 
f 1086 1113 971 946 
f 1116 1091 1130 1157 
f 1090 1117 975 950 
f 1120 1095 1134 1161 
f 1094 1121 979 954 
f 1122 1103 1142 1163 
f 1102 1123 981 962 
f 1048 1049 984 983 
f 1052 1053 986 985 
f 1056 1057 988 987 
f 1060 1061 990 989 
f 1064 1065 992 991 
f 1068 1069 994 993 
f 1072 1073 996 995 
f 1076 1077 998 997 
f 1080 1081 1000 999 
f 1085 1080 999 1083 
f 1334 1337 1336 1335 
f 1338 1341 1340 1339 
f 1342 1345 1344 1343 
f 1346 1349 1348 1347 
f 1350 1346 1347 1351 
f 370 1354 1353 1352 
f 1355 1358 1357 1356 
f 1359 1362 1361 1360 
f 1349 1364 1363 1348 
f 1354 1366 1365 1353 
f 764 755 1748 1749 
f 766 757 1750 1751 
f 768 759 1752 1753 
f 1367 1368 1754 1755 
f 770 1367 1755 1756 
f 758 763 1757 1758 
f 760 765 1759 1760 
f 1368 767 1761 1754 
f 762 769 1762 1763 
s 5
f 805 806 1370 1369 
s 2
f 1371 807 1373 1372 
s 5
f 809 810 1375 1374 
s 2
f 826 811 1377 1376 
s 5
f 813 814 1379 1378 
s 2
f 830 815 1381 1380 
s 5
f 817 818 1383 1382 
s 9
f 821 817 1382 1384 
f 823 824 1386 1385 
s 2
f 825 822 1388 1387 
s 5
f 827 828 1390 1389 
s 2
f 804 829 1392 1391 
s 5
f 831 832 1394 1393 
s 2
f 808 833 1396 1395 
s 9
f 818 834 1397 1383 
s 2
f 812 835 1399 1398 
s 5
f 824 836 1400 1386 
s 2
f 820 837 1402 1401 
s 1
f 839 840 875 872 
f 1403 841 1370 1404 
f 843 844 879 876 
f 860 845 1375 1389 
f 847 848 883 880 
f 864 849 1379 1393 
f 851 852 887 884 
f 855 851 884 888 
f 857 858 892 890 
f 859 856 1385 1386 
f 861 862 896 893 
f 838 863 1390 1369 
f 865 866 900 897 
f 842 867 1394 1374 
f 852 868 902 887 
f 846 869 1397 1378 
f 858 870 903 892 
f 854 871 1400 1384 
f 1002 1003 920 917 
f 1006 1007 924 921 
f 1010 1011 928 925 
f 1014 1015 932 929 
f 1018 1014 929 933 
f 1020 1021 938 935 
f 1024 1025 942 939 
f 1015 1027 944 932 
f 1018 1035 1038 1017 
f 912 905 1004 1001 
f 914 907 1008 1005 
f 916 909 1012 1009 
f 1405 1406 1016 1013 
f 1407 1405 1013 1017 
f 908 911 1022 1019 
f 910 913 1026 1023 
f 1406 915 1028 1016 
f 1408 684 687 1409 
f 1410 688 705 702 
f 1411 692 709 706 
f 1412 696 1414 1413 
f 1415 1417 699 1416 
f 703 704 691 1418 
f 707 708 695 1419 
f 1413 1414 1417 1415 
f 1472 714 729 1471 
f 1468 718 731 1467 
f 1464 722 733 1463 
f 1728 735 1459 1460 
f 1470 728 719 1469 
f 1466 730 723 1465 
f 1462 732 744 1461 
f 1476 714 715 1475 
f 1480 718 719 1479 
f 1484 722 723 1483 
f 1478 728 729 1477 
f 1482 730 731 1481 
f 1486 732 733 1485 
f 737 1559 1565 736 
f 739 1561 1567 738 
f 741 1563 1569 740 
f 743 1573 1574 742 
f 742 1574 1571 745 
f 749 1566 1560 748 
f 751 1568 1562 750 
f 752 1570 1573 743 
s 17
f 1422 773 774 1423 
s 9
f 793 777 778 792 
f 797 781 782 796 
f 772 794 795 771 
f 776 798 799 775 
s 17
f 780 800 801 779 
s 18
f 806 807 1371 1424 
s 10
f 810 811 826 827 
f 814 815 830 831 
f 828 829 804 805 
f 832 833 808 809 
s 18
f 834 835 812 813 
s 1
f 840 841 1403 413 
f 844 845 860 861 
f 848 849 864 865 
f 862 863 838 839 
f 866 867 842 843 
f 868 869 846 847 
f 874 1784 1783 904 
f 878 1786 1794 894 
f 882 1788 1796 898 
f 895 1793 1785 873 
f 899 1795 1787 877 
f 901 1797 1789 881 
f 874 905 912 873 
f 878 907 914 877 
f 882 909 916 881 
f 886 1406 1405 885 
f 885 1405 1407 889 
f 895 911 908 894 
f 899 913 910 898 
f 901 915 1406 886 
f 1050 919 1427 1426 
f 1054 923 936 1067 
f 1058 927 940 1071 
f 1062 931 1075 
f 1066 930 1059 
f 1070 937 918 1047 
f 1074 941 922 1051 
f 1078 943 926 1055 
f 1003 1004 1429 1428 
f 1007 1008 1019 1020 
f 1011 1012 1023 1024 
f 1021 1022 1001 1002 
f 1025 1026 1005 1006 
f 1027 1028 1009 1010 
f 1082 1033 934 1063 
f 1034 1035 1018 933 
f 1049 1050 1426 1430 
f 1053 1054 1067 1068 
f 1057 1058 1071 1072 
f 1061 1062 1075 1076 
f 1065 1066 1059 1060 
f 1069 1070 1047 1048 
f 1073 1074 1051 1052 
f 1077 1078 1055 1056 
f 1081 1082 1063 1064 
f 984 1049 1430 1431 
f 986 1053 1068 993 
f 988 1057 1072 995 
f 990 1061 1076 997 
f 992 1065 1060 989 
f 994 1069 1048 983 
f 996 1073 1052 985 
f 998 1077 1056 987 
f 1000 1081 1064 991 
f 1336 1337 1433 1432 
f 1340 1341 1355 1356 
f 1344 1345 1359 1360 
f 1357 1358 1334 1335 
f 1361 1362 1338 1339 
f 1363 1364 1342 1343 
f 1337 1748 1746 1433 
f 1341 1750 1758 1355 
f 1345 1752 1760 1359 
f 1358 1757 1749 1334 
f 1362 1759 1751 1338 
f 1364 1761 1753 1342 
s 17
f 1370 806 1424 1404 
s 2
f 1373 807 804 1391 
s 9
f 1375 810 827 1389 
s 2
f 1377 811 808 1395 
s 9
f 1379 814 831 1393 
s 2
f 1381 815 812 1398 
f 1434 819 816 1435 
f 1435 816 820 1401 
s 9
f 1390 828 805 1369 
s 2
f 1392 829 826 1376 
s 9
f 1394 832 809 1374 
s 2
f 1396 833 830 1380 
s 17
f 1397 834 813 1378 
s 2
f 1399 835 819 1434 
s 1
f 875 840 413 1425 
f 1370 841 838 1369 
f 879 844 861 893 
f 1375 845 842 1374 
f 883 848 865 897 
f 1379 849 846 1378 
f 1383 853 850 1382 
f 1382 850 854 1384 
f 896 862 839 872 
f 1390 863 860 1389 
f 900 866 843 876 
f 1394 867 864 1393 
f 902 868 847 880 
f 1397 869 853 1383 
f 920 1003 1428 1436 
f 924 1007 1020 935 
f 928 1011 1024 939 
f 938 1021 1002 917 
f 942 1025 1006 921 
f 944 1027 1010 925 
f 1004 905 906 1429 
f 1008 907 908 1019 
f 1012 909 910 1023 
f 1022 911 912 1001 
f 1026 913 914 1005 
f 1028 915 916 1009 
f 982 1838 1831 961 
f 964 1830 1829 957 
f 960 1828 1837 977 
f 980 1836 1827 953 
f 956 1826 1835 973 
f 976 1834 1825 949 
f 952 1824 1833 969 
f 972 1832 1823 945 
f 948 1822 1821 1046 
f 918 919 1050 1047 
f 922 923 1054 1051 
f 926 927 1058 1055 
f 930 931 1062 1059 
f 934 930 1066 1063 
f 936 937 1070 1067 
f 940 941 1074 1071 
f 931 943 1078 1075 
f 1030 1033 1082 1079 
f 1427 919 920 1436 
f 936 923 924 935 
f 940 927 928 939 
f 918 937 938 917 
f 922 941 942 921 
f 926 943 944 925 
f 934 1033 1034 933 
f 1437 700 713 710 
s 2
f 1458 734 727 1457 
f 1490 734 735 1489 
s 1
f 753 1572 1564 747 
s 17
f 788 802 803 787 
s 18
f 836 837 820 821 
s 1
f 870 871 854 855 
f 1365 1366 1350 1351 
f 1366 1762 1756 1350 
s 17
f 1400 836 821 1384 
s 2
f 1402 837 825 1387 
s 1
f 903 870 855 888 
f 1400 871 859 1386 
f 1042 1043 891 1764 
f 1039 1042 1764 1765 
f 683 684 1408 1438 
f 687 688 1410 1409 
f 691 692 1411 1418 
f 695 696 1412 1419 
f 699 700 1437 1416 
f 704 705 1534 1535 
f 708 709 1536 1537 
f 712 713 1538 1521 
f 687 684 1525 1527 
f 705 688 1526 1534 
f 709 692 1528 1536 
f 1414 696 1530 1539 
f 699 1417 1540 1533 
f 691 704 1535 1529 
f 695 708 1537 1531 
f 1417 1414 1539 1540 
f 713 700 1532 1538 
s 6
f 772 773 1373 1391 
s 1
f 774 771 1335 1336 
s 6
f 776 777 1377 1395 
s 1
f 778 775 1339 1340 
s 6
f 780 781 1381 1398 
s 1
f 782 779 1343 1344 
s 6
f 784 785 1434 1435 
s 1
f 786 783 1347 1348 
s 10
f 788 784 1435 1401 
s 1
f 783 787 1351 1347 
s 10
f 789 790 1387 1388 
s 1
f 791 647 1352 1353 
s 6
f 793 794 1392 1376 
s 1
f 795 792 1356 1357 
s 6
f 797 798 1396 1380 
s 1
f 799 796 1360 1361 
s 10
f 785 800 1399 1434 
s 1
f 801 786 1348 1363 
s 6
f 790 802 1402 1387 
s 1
f 803 791 1353 1365 
f 1423 774 1336 1432 
s 18
f 773 1422 1372 1373 
s 1
f 792 778 1340 1356 
s 10
f 777 793 1376 1377 
s 1
f 796 782 1344 1360 
s 10
f 781 797 1380 1381 
s 1
f 771 795 1357 1335 
s 10
f 794 772 1391 1392 
s 1
f 775 799 1361 1339 
s 10
f 798 776 1395 1396 
s 1
f 779 801 1363 1343 
s 18
f 800 780 1398 1399 
s 1
f 787 803 1365 1351 
s 18
f 802 788 1401 1402 
s 1
f 1038 1039 1407 1017 
f 1038 1035 1614 
f 1038 1614 1615 
f 1039 1616 1617 1042 
f 370 1747 1763 1354 
f 682 426 1626 1627 
f 426 2 1628 1626 
f 2 436 1629 1628 
f 436 11 1630 1629 
f 11 429 1631 1630 
f 429 4 1632 1631 
f 4 438 1633 1632 
f 438 13 1634 1633 
f 13 431 1635 1634 
f 431 6 1636 1635 
f 6 439 1637 1636 
f 439 433 1638 1637 
f 433 434 1639 1638 
f 434 9 1640 1639 
f 9 617 1641 1640 
f 617 16 1642 1641 
f 16 725 1643 1642 
f 725 724 1644 1643 
f 724 701 1645 1644 
f 701 698 1646 1645 
f 698 1421 1647 1646 
f 1421 1420 1648 1647 
f 1420 697 1649 1648 
f 697 694 1650 1649 
f 694 721 1651 1650 
f 721 720 1652 1651 
f 720 693 1653 1652 
f 693 690 1654 1653 
f 690 717 1655 1654 
f 717 716 1656 1655 
f 716 689 1657 1656 
f 689 686 1658 1657 
f 686 685 1659 1658 
f 685 682 1627 1659 
f 17 440 1660 1661 
f 440 754 1662 1660 
f 754 737 1663 1662 
f 737 736 1664 1663 
f 736 749 1665 1664 
f 749 748 1666 1665 
f 748 739 1667 1666 
f 739 738 1668 1667 
f 738 751 1669 1668 
f 751 750 1670 1669 
f 750 741 1671 1670 
f 741 740 1672 1671 
f 740 752 1673 1672 
f 752 743 1674 1673 
f 743 742 1675 1674 
f 742 745 1676 1675 
f 745 753 1677 1676 
f 753 747 1678 1677 
f 747 746 1679 1678 
f 746 23 1680 1679 
f 23 618 1681 1680 
f 618 20 1682 1681 
f 20 444 1683 1682 
f 444 443 1684 1683 
f 443 447 1685 1684 
f 447 19 1686 1685 
f 19 442 1687 1686 
f 442 22 1688 1687 
f 22 446 1689 1688 
f 446 18 1690 1689 
f 18 441 1691 1690 
f 441 21 1692 1691 
f 21 445 1693 1692 
f 445 17 1661 1693 
f 1507 683 639 1508 
f 1509 631 640 1510 
f 1511 632 641 1512 
f 1513 633 642 1514 
f 1515 635 646 1516 
f 1517 429 11 1518 
f 1519 431 13 1520 
f 1521 725 16 1522 
f 1509 2 426 1508 
f 1518 11 436 1510 
f 1520 13 438 1512 
f 1523 433 439 1514 
f 1515 9 434 1524 
f 1511 4 429 1517 
f 1513 6 431 1519 
f 1524 434 433 1523 
f 1522 16 617 1516 
f 1525 684 683 1507 
f 1526 688 687 1527 
f 1528 692 691 1529 
f 1530 696 695 1531 
f 1532 700 699 1533 
f 1534 716 717 1535 
f 1536 720 721 1537 
f 1538 724 725 1521 
f 1525 685 686 1527 
f 1526 689 716 1534 
f 1528 693 720 1536 
f 1530 697 1420 1539 
f 1540 1421 698 1533 
f 1535 717 690 1529 
f 1537 721 694 1531 
f 1539 1420 1421 1540 
f 1532 701 724 1538 
f 1541 547 756 1542 
f 1543 548 378 1544 
f 1545 549 379 1546 
f 1547 761 380 1548 
f 1549 552 374 1550 
f 1551 553 375 1552 
f 1553 554 376 1554 
f 1555 625 377 1556 
f 1550 374 547 1541 
f 1552 375 548 1543 
f 1554 376 549 1545 
f 1557 551 550 1558 
f 1556 377 551 1557 
f 1544 378 552 1549 
f 1546 379 553 1551 
f 1558 550 554 1553 
f 1548 380 625 1555 
f 1542 756 755 1559 
f 1560 758 757 1561 
f 1562 760 759 1563 
f 1564 762 761 1547 
f 1565 764 763 1566 
f 1567 766 765 1568 
f 1569 768 767 1570 
f 1571 770 769 1572 
f 1559 755 764 1565 
f 1561 757 766 1567 
f 1563 759 768 1569 
f 1573 1368 1367 1574 
f 1574 1367 770 1571 
f 1566 763 758 1560 
f 1568 765 760 1562 
f 1570 767 1368 1573 
f 1572 769 762 1564 
f 435 10 1694 1695 
f 437 12 1696 1697 
f 711 15 1698 1699 
f 1 427 1700 1701 
f 10 428 1702 1694 
f 12 430 1703 1696 
f 14 432 1704 1705 
f 8 7 1706 1707 
f 3 435 1695 1708 
f 5 437 1697 1709 
f 7 14 1705 1706 
f 15 616 1710 1698 
f 427 1438 1711 1700 
f 428 1 1701 1702 
f 430 3 1708 1703 
f 432 5 1709 1704 
f 616 8 1707 1710 
f 702 703 1712 1713 
f 706 707 1714 1715 
f 710 711 1699 1716 
f 1408 1409 1717 1718 
f 1410 702 1713 1719 
f 1411 706 1715 1720 
f 1412 1413 1721 1722 
f 1415 1416 1723 1724 
f 703 1418 1725 1712 
f 707 1419 1726 1714 
f 1413 1415 1724 1721 
f 1437 710 1716 1727 
f 1438 1408 1718 1711 
f 1409 1410 1719 1717 
f 1418 1411 1720 1725 
f 1419 1412 1722 1726 
f 1416 1437 1727 1723 
f 1622 1623 591 
f 1035 1613 1614 
f 103 1029 1610 1609 
f 1029 1031 1611 1610 
f 1031 1032 1612 1611 
f 1032 1036 1613 1612 
f 1036 1310 1614 1613 
f 1310 1037 1615 1614 
f 1037 1040 1616 1615 
f 1040 1041 1617 1616 
f 1041 1044 1618 1617 
f 1044 107 1619 1618 
f 107 106 1620 1619 
f 106 102 1621 1620 
f 102 105 1622 1621 
f 105 104 1623 1622 
f 104 79 1624 1623 
f 79 103 1609 1624 
f 1030 1079 1084 1625 
f 1625 1084 136 615 
f 1626 1440 1439 1627 
f 1628 1441 1440 1626 
f 1629 1442 1441 1628 
f 1630 1443 1442 1629 
f 1631 1444 1443 1630 
f 1632 1445 1444 1631 
f 1633 1446 1445 1632 
f 1634 1447 1446 1633 
f 1635 1448 1447 1634 
f 1636 1449 1448 1635 
f 1637 1450 1449 1636 
f 1638 1451 1450 1637 
f 1639 1452 1451 1638 
f 1640 1453 1452 1639 
s 2
f 1641 1454 1453 1640 
f 1642 1455 1454 1641 
f 1643 1456 1455 1642 
f 1644 1457 1456 1643 
f 1645 1458 1457 1644 
f 1646 1459 1458 1645 
s 1
f 1647 1460 1459 1646 
f 1648 1461 1460 1647 
f 1649 1462 1461 1648 
f 1650 1463 1462 1649 
f 1651 1464 1463 1650 
f 1652 1465 1464 1651 
f 1653 1466 1465 1652 
f 1654 1467 1466 1653 
f 1655 1468 1467 1654 
f 1656 1469 1468 1655 
f 1657 1470 1469 1656 
f 1658 1471 1470 1657 
f 1659 1472 1471 1658 
f 1627 1439 1472 1659 
f 1660 1474 1473 1661 
f 1662 1475 1474 1660 
f 1663 1476 1475 1662 
f 1664 1477 1476 1663 
f 1665 1478 1477 1664 
f 1666 1479 1478 1665 
f 1667 1480 1479 1666 
f 1668 1481 1480 1667 
f 1669 1482 1481 1668 
f 1670 1483 1482 1669 
f 1671 1484 1483 1670 
f 1672 1485 1484 1671 
f 1673 1486 1485 1672 
f 1674 1487 1486 1673 
f 1675 1488 1487 1674 
f 1676 1489 1488 1675 
s 2
f 1677 1490 1489 1676 
f 1678 1491 1490 1677 
f 1679 1492 1491 1678 
f 1680 1493 1492 1679 
f 1681 1494 1493 1680 
f 1682 1495 1494 1681 
s 1
f 1683 1496 1495 1682 
f 1684 1497 1496 1683 
f 1685 1498 1497 1684 
f 1686 1499 1498 1685 
f 1687 1500 1499 1686 
f 1688 1501 1500 1687 
f 1689 1502 1501 1688 
f 1690 1503 1502 1689 
f 1691 1504 1503 1690 
f 1692 1505 1504 1691 
f 1693 1506 1505 1692 
f 1661 1473 1506 1693 
f 1694 1580 1588 1695 
f 1696 1581 1589 1697 
f 1698 1583 1596 1699 
f 1700 1584 1575 1701 
f 1702 1585 1580 1694 
f 1703 1586 1581 1696 
f 1704 1587 1582 1705 
f 1706 1578 1579 1707 
f 1695 1588 1576 1708 
f 1697 1589 1577 1709 
f 1705 1582 1578 1706 
f 1710 1590 1583 1698 
f 1711 1608 1584 1700 
f 1701 1575 1585 1702 
f 1708 1576 1586 1703 
f 1709 1577 1587 1704 
f 1707 1579 1590 1710 
f 1712 1592 1591 1713 
f 1714 1594 1593 1715 
f 1699 1596 1595 1716 
f 1717 1598 1597 1718 
f 1713 1591 1599 1719 
f 1715 1593 1600 1720 
f 1721 1602 1601 1722 
f 1723 1604 1603 1724 
f 1725 1605 1592 1712 
f 1726 1606 1594 1714 
f 1724 1603 1602 1721 
f 1716 1595 1607 1727 
f 1718 1597 1608 1711 
f 1719 1599 1598 1717 
f 1720 1600 1605 1725 
f 1722 1601 1606 1726 
f 1727 1607 1604 1723 
f 1460 1461 744 1728 
f 1728 744 1487 1488 
f 1452 1453 27 1729 
f 1729 27 1495 1496 
f 1730 366 539 1731 
f 1732 367 540 1733 
f 1734 368 541 1735 
f 1736 543 542 1737 
f 1738 369 543 1736 
f 1739 371 544 1740 
f 1741 372 545 1742 
f 1737 542 546 1743 
f 1744 373 624 1745 
f 1746 756 547 1731 
f 1739 378 548 1733 
f 1741 379 549 1735 
f 1730 374 552 1740 
f 1732 375 553 1742 
f 1734 376 554 1743 
f 1738 377 625 1745 
f 1744 380 761 1747 
f 1748 1337 1334 1749 
f 1750 1341 1338 1751 
f 1752 1345 1342 1753 
f 1754 1349 1346 1755 
f 1755 1346 1350 1756 
f 1757 1358 1355 1758 
f 1759 1362 1359 1760 
f 1761 1364 1349 1754 
f 1762 1366 1354 1763 
f 1748 755 756 1746 
f 1750 757 758 1758 
f 1752 759 760 1760 
f 1757 763 764 1749 
f 1759 765 766 1751 
f 1761 767 768 1753 
f 1762 769 770 1756 
f 1747 761 762 1763 
f 892 903 1799 1798 
f 903 888 1792 1799 
f 1765 889 1407 1039 
f 64 890 1777 1800 
f 1766 891 1043 630 
f 1767 1766 630 681 
f 1768 52 479 1769 
f 1770 53 480 1771 
f 1772 54 481 1773 
f 1774 483 482 1775 
f 1776 55 483 1774 
f 1801 623 64 1800 
f 1778 56 484 1779 
f 1780 57 485 1781 
f 1775 482 486 1782 
f 1783 1425 487 1769 
f 1778 62 488 1771 
f 1780 63 489 1773 
f 1768 58 492 1779 
f 1770 59 493 1781 
f 1772 60 494 1782 
f 1776 61 623 1801 
f 1784 874 873 1785 
f 1786 878 877 1787 
f 1788 882 881 1789 
f 1790 886 885 1791 
f 1791 885 889 1792 
f 1798 1764 891 1777 
f 1793 895 894 1794 
f 1795 899 898 1796 
f 1797 901 886 1790 
f 1784 875 1425 1783 
f 1786 879 893 1794 
f 1788 883 897 1796 
f 1793 896 872 1785 
f 1795 900 876 1787 
f 1797 902 880 1789 
f 1799 1765 1764 1798 
f 1792 889 1765 1799 
f 1777 891 1766 1800 
f 1802 80 118 1803 
f 1804 81 119 1805 
f 1806 82 120 1807 
f 1808 83 121 1809 
f 1810 84 122 1811 
f 1812 85 124 1813 
f 1814 86 125 1815 
f 1816 87 126 1817 
f 1818 123 127 1819 
f 1820 965 123 1818 
f 1810 132 529 1819 
f 1808 131 525 1811 
f 1816 135 524 1809 
f 1806 130 528 1817 
f 1814 134 523 1807 
f 1804 129 527 1815 
f 1812 133 522 1805 
f 1802 128 526 1813 
f 1821 1431 521 1803 
f 1822 948 945 1823 
f 1824 952 949 1825 
f 1826 956 953 1827 
f 1828 960 957 1829 
f 1830 964 961 1831 
f 1832 972 969 1833 
f 1834 976 973 1835 
f 1836 980 977 1837 
f 1838 982 968 1839 
f 1839 968 965 1820 
f 1838 1000 991 1831 
f 1830 992 989 1829 
f 1828 990 997 1837 
f 1836 998 987 1827 
f 1826 988 995 1835 
f 1834 996 985 1825 
f 1824 986 993 1833 
f 1832 994 983 1823 
f 1822 984 1431 1821 
f 1905 1908 1906 1903 
f 1917 1920 1918 1915 
f 1929 1932 1930 1927 
f 1941 1944 1942 1939 
f 1947 1950 1948 1945 
f 1841 1845 1843 1840 
f 1911 1914 1912 1909 
f 1923 1926 1924 1921 
f 1935 1938 1936 1933 
f 1953 1841 1840 1951 
f 1902 1905 1903 1900 
f 1914 1917 1915 1912 
f 1926 1929 1927 1924 
f 1938 1941 1939 1936 
f 1944 1947 1945 1942 
f 1908 1911 1909 1906 
f 1920 1923 1921 1918 
f 1932 1935 1933 1930 
f 1950 1953 1951 1948 
f 1896 1899 1897 1894 
f 1884 1887 1885 1882 
f 1872 1875 1873 1870 
f 1860 1863 1861 1858 
f 1854 1857 1855 1852 
f 1845 1848 1846 1843 
f 1890 1893 1891 1888 
f 1878 1881 1879 1876 
f 1866 1869 1867 1864 
f 1848 1851 1849 1846 
f 1899 1902 1900 1897 
f 1887 1890 1888 1885 
f 1875 1878 1876 1873 
f 1863 1866 1864 1861 
f 1857 1860 1858 1855 
f 1893 1896 1894 1891 
f 1881 1884 1882 1879 
f 1869 1872 1870 1867 
f 1851 1854 1852 1849 
s 2
f 1844 1842 1840 1843 
f 1847 1844 1843 1846 
f 1850 1847 1846 1849 
f 1853 1850 1849 1852 
f 1856 1853 1852 1855 
f 1859 1856 1855 1858 
f 1862 1859 1858 1861 
f 1865 1862 1861 1864 
f 1868 1865 1864 1867 
f 1871 1868 1867 1870 
f 1874 1871 1870 1873 
f 1877 1874 1873 1876 
f 1880 1877 1876 1879 
f 1883 1880 1879 1882 
f 1886 1883 1882 1885 
f 1889 1886 1885 1888 
f 1892 1889 1888 1891 
f 1895 1892 1891 1894 
f 1898 1895 1894 1897 
f 1901 1898 1897 1900 
f 1904 1901 1900 1903 
f 1907 1904 1903 1906 
f 1910 1907 1906 1909 
f 1913 1910 1909 1912 
f 1916 1913 1912 1915 
f 1919 1916 1915 1918 
f 1922 1919 1918 1921 
f 1925 1922 1921 1924 
f 1928 1925 1924 1927 
f 1931 1928 1927 1930 
f 1934 1931 1930 1933 
f 1937 1934 1933 1936 
f 1940 1937 1936 1939 
f 1943 1940 1939 1942 
f 1946 1943 1942 1945 
f 1949 1946 1945 1948 
f 1952 1949 1948 1951 
f 1842 1952 1951 1840 
s off
f 1588 1580 1954 
f 1580 1585 1954 
f 1585 1575 1954 
f 1575 1584 1954 
f 1584 1608 1954 
f 1608 1597 1954 
f 1597 1598 1954 
f 1598 1599 1954 
f 1599 1591 1954 
f 1591 1592 1954 
f 1592 1605 1954 
f 1605 1600 1954 
f 1600 1593 1954 
f 1593 1594 1954 
f 1594 1606 1954 
f 1606 1601 1954 
f 1601 1602 1954 
f 1602 1603 1954 
f 1603 1604 1954 
f 1604 1607 1954 
f 1607 1595 1954 
f 1595 1596 1954 
f 1596 1583 1954 
f 1583 1590 1954 
f 1590 1579 1954 
f 1579 1578 1954 
f 1578 1582 1954 
f 1582 1587 1954 
f 1587 1577 1954 
f 1577 1589 1954 
f 1589 1581 1954 
f 1581 1586 1954 
f 1586 1576 1954 
f 1576 1588 1954 
s 1
f 1972 7169 7170 1962 
f 1970 2834 7171 7186 
f 1957 7172 7173 1956 
f 2727 7174 7172 1957 
f 1958 7175 7174 2727 
f 2728 7176 7175 1958 
f 1959 7177 7176 2728 
f 1960 7178 7177 1959 
f 2726 7179 7178 1960 
f 1961 7180 7179 2726 
f 1962 7170 7180 1961 
f 2085 1976 2890 2891 
f 1976 1975 2730 2890 
f 1975 1977 2894 2730 
f 1977 1978 2729 2894 
f 1978 2720 2897 2729 
f 1978 1979 2719 2720 
f 1979 1980 2718 2719 
f 1980 1981 1963 2718 
f 1981 1982 1964 1963 
f 1982 1983 1965 1964 
f 1983 1984 1966 1965 
f 1985 1967 1966 1984 
f 1986 1968 1967 1985 
f 1987 2717 1968 1986 
f 1988 1969 2717 1987 
f 1989 1969 1988 
f 1989 1990 2716 1969 
f 1990 1991 2715 2716 
f 1991 1992 2714 2715 
f 1993 2827 2826 1992 
f 1994 2828 2928 2750 
f 1995 2829 2931 2743 
f 1996 2830 2829 1995 
f 1997 2831 2830 1996 
f 1998 2832 2831 1997 
f 1999 2833 2832 1998 
f 2000 2834 2938 2755 
f 2001 7181 7182 2000 
f 2002 7183 7181 2001 
f 2003 7185 7183 2002 
f 1973 7169 7185 2003 
f 1992 1991 2004 1993 
f 1993 2004 2751 2750 
f 1991 1990 2006 2004 
f 1990 1989 2007 2006 
f 2004 2006 2752 2751 
f 2006 2007 2753 2752 
f 1994 2005 2744 2743 
f 1995 2010 2011 1996 
f 1996 2011 2012 1997 
f 2005 2008 2745 2744 
f 2008 2009 2746 2745 
f 2010 2013 2015 2011 
f 2013 2014 2016 2015 
f 2011 2015 2017 2012 
f 2015 2016 2018 2017 
f 1989 1988 2019 2007 
f 1988 1987 2020 2019 
f 2007 2019 2754 2753 
f 2019 2020 2023 2754 
f 2020 2025 2024 2023 
f 2023 2024 2026 2022 
f 1987 1986 2025 2020 
f 1986 1985 2027 2025 
f 2025 2027 2028 2024 
f 2024 2028 2029 2026 
f 2009 2021 2747 2746 
f 2021 2022 2748 2747 
f 2022 2026 2749 2748 
f 2014 2030 2033 2016 
f 2030 2031 2034 2033 
f 2016 2033 2035 2018 
f 2033 2034 2036 2035 
f 2031 2032 2037 2034 
f 2026 2029 2039 2749 
f 2029 2041 2040 2039 
f 2039 2040 2042 2038 
f 2032 2038 2043 2037 
f 2034 2037 2044 2036 
f 2037 2043 2045 2044 
f 1985 1984 2046 2027 
f 1984 1983 2047 2046 
f 1983 1982 2048 2047 
f 1982 1981 2049 2048 
f 2027 2046 2050 2028 
f 2046 2047 2051 2050 
f 2028 2050 2041 2029 
f 2050 2051 2052 2041 
f 2047 2048 2053 2051 
f 2048 2049 2054 2053 
f 2051 2053 2055 2052 
f 2053 2054 2056 2055 
f 1981 1980 2057 2049 
f 1980 1979 2058 2057 
f 2049 2057 2059 2054 
f 2054 2059 2060 2056 
f 2057 2058 2061 2059 
f 2059 2061 2062 2060 
f 1979 1978 1977 2058 
f 2058 1977 1975 2061 
f 2061 1975 1976 2062 
f 2041 2052 2063 2040 
f 2040 2063 2064 2042 
f 2038 2042 2065 2043 
f 2043 2065 2066 2045 
f 2042 2064 2067 2065 
f 2065 2067 2068 2066 
f 2052 2055 2069 2063 
f 2063 2069 2070 2064 
f 2055 2056 2071 2069 
f 2069 2071 2072 2070 
f 2064 2070 2073 2067 
f 2067 2073 2074 2068 
f 2070 2072 2075 2073 
f 2073 2075 2076 2074 
f 2056 2060 2077 2071 
f 2071 2077 2078 2072 
f 2060 2062 2079 2077 
f 2077 2079 2080 2078 
f 2072 2078 2081 2075 
f 2075 2081 2082 2076 
f 2078 2080 2083 2081 
f 2081 2083 2084 2082 
f 2062 1976 2085 2079 
f 2079 2085 2086 2080 
f 2085 2891 3036 2086 
f 2080 2086 2087 2083 
f 2086 3036 3038 2087 
f 2083 2087 2088 2084 
f 2087 3038 3040 2088 
f 1997 2012 2089 1998 
f 1998 2089 2090 1999 
f 1999 2090 2756 2755 
f 2012 2017 2091 2089 
f 2017 2018 2092 2091 
f 2089 2091 2093 2090 
f 2091 2092 2094 2093 
f 2090 2093 2757 2756 
f 2093 2094 2758 2757 
f 2018 2035 2095 2092 
f 2035 2036 2096 2095 
f 2092 2095 2097 2094 
f 2095 2096 2098 2097 
f 2094 2097 2759 2758 
f 2097 2098 2760 2759 
f 2036 2044 2099 2096 
f 2044 2045 2100 2099 
f 2096 2099 2101 2098 
f 2099 2100 2102 2101 
f 2098 2101 2761 2760 
f 2101 2102 2105 2761 
f 2102 2107 2106 2105 
f 2105 2106 2108 2104 
f 2045 2066 2109 2100 
f 2066 2068 2110 2109 
f 2100 2109 2107 2102 
f 2109 2110 2111 2107 
f 2107 2111 2112 2106 
f 2106 2112 2113 2108 
f 2068 2074 2114 2110 
f 2074 2076 2115 2114 
f 2110 2114 2116 2111 
f 2114 2115 2117 2116 
f 2111 2116 2118 2112 
f 2116 2117 2119 2118 
f 2112 2118 2120 2113 
f 2118 2119 2121 2120 
f 2076 2082 2122 2115 
f 2082 2084 2123 2122 
f 2115 2122 2124 2117 
f 2122 2123 2125 2124 
f 2117 2124 2126 2119 
f 2124 2125 2127 2126 
f 2119 2126 2128 2121 
f 2126 2127 2129 2128 
f 2084 2088 2130 2123 
f 2088 3040 3090 2130 
f 2123 2130 2131 2125 
f 2130 3090 2732 2131 
f 2125 2131 2132 2127 
f 2131 2732 2731 2132 
f 2127 2132 2133 2129 
f 2132 2731 3094 2133 
f 2133 3094 7184 7173 
f 2149 2634 2635 2857 
f 2821 2733 3100 2792 
f 2824 2848 2850 2135 
f 2163 2137 2228 2229 
f 2154 2136 2794 2793 
f 2155 2140 2136 2154 
f 2156 2137 2140 2155 
f 2156 2244 2228 2137 
f 2157 2245 2244 2156 
f 2159 2247 2246 2158 
f 2153 2248 2247 2159 
f 2153 2149 2249 2248 
f 2860 2138 2859 2160 
f 2136 2140 2162 2161 
f 2137 2163 2162 2140 
f 2164 2163 2229 2230 
f 2165 2164 2230 2231 
f 2235 2169 2168 2234 
f 2236 2170 2169 2235 
f 2238 2172 2171 2237 
f 2239 2173 2172 2238 
f 2243 2177 2176 2242 
f 2224 2178 2177 2243 
f 2141 2179 2178 2224 
f 2142 2180 2179 2141 
f 2143 2182 2181 2225 
f 2144 2160 2182 2143 
f 2855 2636 2148 2183 
f 2857 2635 2636 2855 
f 2860 2183 2148 2637 
f 2138 2637 2659 2858 
f 2161 2162 2185 2184 
f 2162 2163 2164 2185 
f 2184 2185 2187 2186 
f 2186 2187 2189 2188 
f 2185 2164 2165 2187 
f 2187 2165 2166 2189 
f 2188 2189 2191 2190 
f 2190 2191 2193 2192 
f 2189 2166 2167 2191 
f 2191 2167 2168 2193 
f 2192 2193 2195 2194 
f 2194 2195 2197 2196 
f 2193 2168 2169 2195 
f 2195 2169 2170 2197 
f 2196 2197 2199 2198 
f 2198 2199 2201 2200 
f 2197 2170 2171 2199 
f 2199 2171 2172 2201 
f 2200 2201 2203 2202 
f 2202 2203 2205 2204 
f 2201 2172 2173 2203 
f 2203 2173 2174 2205 
f 2204 2205 2207 2206 
f 2206 2207 2209 2208 
f 2205 2174 2175 2207 
f 2207 2175 2176 2209 
f 2208 2209 2211 2210 
f 2210 2211 2213 2212 
f 2209 2176 2177 2211 
f 2211 2177 2178 2213 
f 2212 2213 2215 2214 
f 2214 2215 2217 2216 
f 2213 2178 2179 2215 
f 2215 2179 2180 2217 
f 2216 2217 2219 2218 
f 2218 2219 2151 2150 
f 2217 2180 2181 2219 
f 2219 2181 2182 2151 
f 2151 2182 2160 2859 
f 2152 2159 2158 2221 
f 2220 2221 2223 2222 
f 2221 2158 2157 2223 
f 2222 2223 2155 2154 
f 2223 2157 2156 2155 
f 2232 2166 2165 2231 
f 2246 2245 2157 2158 
f 2142 2225 2181 2180 
f 2251 2227 2224 2243 
f 2252 2226 2227 2251 
f 2253 2466 2226 2252 
f 2254 2253 2252 2286 
f 2255 2254 2286 2288 
f 2256 2255 2288 2290 
f 2257 2256 2290 2292 
f 2258 2257 2292 2294 
f 2259 2258 2294 2296 
f 2260 2259 2296 2298 
f 2261 2260 2298 2300 
f 2262 2261 2300 2302 
f 2263 2262 2302 2304 
f 2265 2264 2306 2308 
f 2266 2265 2308 2310 
f 2269 2268 2314 2316 
f 2270 2269 2316 2318 
f 2272 2271 2320 2322 
f 2273 2272 2322 2324 
f 2274 2273 2324 2326 
f 2275 2274 2326 2328 
f 2276 2275 2328 2330 
f 2278 2277 2332 2334 
f 2279 2278 2334 2336 
f 2282 2281 2340 2342 
f 2283 2282 2342 2284 
f 2285 2227 2226 2284 
f 2141 2224 2227 2285 
f 2252 2251 2287 2286 
f 2286 2287 2289 2288 
f 2288 2289 2291 2290 
f 2251 2243 2242 2287 
f 2287 2242 2241 2289 
f 2289 2241 2240 2291 
f 2290 2291 2293 2292 
f 2292 2293 2295 2294 
f 2294 2295 2297 2296 
f 2296 2297 2299 2298 
f 2291 2240 2239 2293 
f 2293 2239 2238 2295 
f 2295 2238 2237 2297 
f 2297 2237 2236 2299 
f 2298 2299 2301 2300 
f 2300 2301 2303 2302 
f 2302 2303 2305 2304 
f 2304 2305 2307 2306 
f 2299 2236 2235 2301 
f 2301 2235 2234 2303 
f 2303 2234 2233 2305 
f 2305 2233 2232 2307 
f 2306 2307 2309 2308 
f 2308 2309 2311 2310 
f 2310 2311 2313 2312 
f 2312 2313 2315 2314 
f 2307 2232 2231 2309 
f 2309 2231 2230 2311 
f 2311 2230 2229 2313 
f 2313 2229 2228 2315 
f 2314 2315 2317 2316 
f 2316 2317 2319 2318 
f 2318 2319 2321 2320 
f 2320 2321 2323 2322 
f 2315 2228 2244 2317 
f 2317 2244 2245 2319 
f 2319 2245 2246 2321 
f 2321 2246 2247 2323 
f 2322 2323 2325 2324 
f 2324 2325 2327 2326 
f 2326 2327 2329 2328 
f 2328 2329 2331 2330 
f 2323 2247 2248 2325 
f 2325 2248 2249 2327 
f 2327 2249 2250 2329 
f 2329 2250 2146 2331 
f 2330 2331 2333 2332 
f 2332 2333 2335 2334 
f 2334 2335 2337 2336 
f 2336 2337 2339 2338 
f 2331 2146 2145 2333 
f 2333 2145 2147 2335 
f 2335 2147 2144 2337 
f 2337 2144 2143 2339 
f 2338 2339 2341 2340 
f 2340 2341 2343 2342 
f 2342 2343 2285 2284 
f 2339 2143 2225 2341 
f 2341 2225 2142 2343 
f 2343 2142 2141 2285 
f 2270 2399 2360 2269 
f 2360 2344 2268 2269 
f 2465 2386 2283 2466 
f 2361 2345 2344 2360 
f 2362 2346 2345 2361 
f 2363 2467 2346 2362 
f 2364 2468 2467 2363 
f 2365 2347 2468 2364 
f 2366 2348 2347 2365 
f 2366 2349 2469 2348 
f 2367 2350 2349 2366 
f 2368 2598 2350 2367 
f 2369 2596 2598 2368 
f 2370 2589 2596 2369 
f 2370 2371 2351 2589 
f 2371 2372 2586 2351 
f 2372 2373 2352 2586 
f 2374 2353 2352 2373 
f 2375 2593 2353 2374 
f 2376 2354 2593 2375 
f 2377 2355 2354 2376 
f 2377 2378 2606 2355 
f 2378 2379 2608 2606 
f 2379 2380 2356 2608 
f 2380 2357 2476 2356 
f 2381 2477 2357 2380 
f 2382 2478 2477 2381 
f 2383 2479 2478 2382 
f 2384 2358 2479 2383 
f 2385 2359 2358 2384 
f 2386 2465 2359 2385 
f 2386 2387 2282 2283 
f 2387 2388 2281 2282 
f 2388 2389 2280 2281 
f 2389 2390 2279 2280 
f 2390 2391 2278 2279 
f 2391 2392 2277 2278 
f 2392 2393 2276 2277 
f 2393 2394 2275 2276 
f 2394 2395 2274 2275 
f 2395 2396 2273 2274 
f 2396 2397 2272 2273 
f 2397 2398 2271 2272 
f 2366 2365 2400 2367 
f 2365 2364 2401 2400 
f 2364 2363 2402 2401 
f 2363 2362 2403 2402 
f 2362 2361 2404 2403 
f 2361 2360 2399 2404 
f 2367 2400 2405 2368 
f 2400 2401 2406 2405 
f 2401 2402 2407 2406 
f 2368 2405 2408 2369 
f 2405 2406 2409 2408 
f 2406 2407 2410 2409 
f 2402 2403 2411 2407 
f 2403 2404 2412 2411 
f 2404 2399 2398 2412 
f 2407 2411 2413 2410 
f 2411 2412 2414 2413 
f 2412 2398 2397 2414 
f 2369 2408 2415 2370 
f 2408 2409 2416 2415 
f 2409 2410 2417 2416 
f 2370 2415 2418 2371 
f 2415 2416 2419 2418 
f 2416 2417 2420 2419 
f 2410 2413 2421 2417 
f 2413 2414 2422 2421 
f 2414 2397 2396 2422 
f 2417 2421 2423 2420 
f 2421 2422 2424 2423 
f 2422 2396 2395 2424 
f 2371 2418 2425 2372 
f 2418 2419 2426 2425 
f 2419 2420 2427 2426 
f 2372 2425 2428 2373 
f 2425 2426 2429 2428 
f 2426 2427 2430 2429 
f 2420 2423 2431 2427 
f 2423 2424 2432 2431 
f 2424 2395 2394 2432 
f 2427 2431 2433 2430 
f 2431 2432 2434 2433 
f 2432 2394 2393 2434 
f 2373 2428 2435 2374 
f 2428 2429 2436 2435 
f 2429 2430 2437 2436 
f 2374 2435 2438 2375 
f 2435 2436 2439 2438 
f 2436 2437 2440 2439 
f 2430 2433 2441 2437 
f 2433 2434 2442 2441 
f 2434 2393 2392 2442 
f 2437 2441 2443 2440 
f 2441 2442 2444 2443 
f 2442 2392 2391 2444 
f 2375 2438 2445 2376 
f 2438 2439 2446 2445 
f 2439 2440 2447 2446 
f 2376 2445 2448 2377 
f 2445 2446 2449 2448 
f 2446 2447 2450 2449 
f 2440 2443 2451 2447 
f 2443 2444 2452 2451 
f 2444 2391 2390 2452 
f 2447 2451 2453 2450 
f 2451 2452 2454 2453 
f 2452 2390 2389 2454 
f 2377 2448 2455 2378 
f 2448 2449 2456 2455 
f 2449 2450 2457 2456 
f 2378 2455 2458 2379 
f 2455 2456 2459 2458 
f 2456 2457 2460 2459 
f 2450 2453 2461 2457 
f 2453 2454 2462 2461 
f 2454 2389 2388 2462 
f 2457 2461 2463 2460 
f 2461 2462 2464 2463 
f 2462 2388 2387 2464 
f 2379 2458 2381 2380 
f 2458 2459 2382 2381 
f 2459 2460 2383 2382 
f 2460 2463 2384 2383 
f 2463 2464 2385 2384 
f 2464 2387 2386 2385 
f 2344 2494 2267 2268 
f 2253 2254 2481 2480 
f 2256 2483 2482 2255 
f 2257 2484 2483 2256 
f 2257 2258 2485 2484 
f 2259 2486 2485 2258 
f 2261 2488 2487 2260 
f 2261 2262 2489 2488 
f 2262 2263 2490 2489 
f 2265 2492 2491 2264 
f 2266 2493 2492 2265 
f 2345 2495 2494 2344 
f 2346 2496 2495 2345 
f 2467 2497 2496 2346 
f 2468 2498 2497 2467 
f 2347 2499 2498 2468 
f 2348 2500 2499 2347 
f 2469 2603 2500 2348 
f 2603 2470 2501 2500 
f 2470 2471 2502 2501 
f 2471 2630 2503 2502 
f 2630 2628 2504 2503 
f 2627 2505 2504 2628 
f 2472 2506 2505 2627 
f 2623 2507 2506 2472 
f 2473 2508 2507 2623 
f 2473 2620 2509 2508 
f 2620 2474 2510 2509 
f 2474 2617 2511 2510 
f 2475 2512 2511 2617 
f 2615 2513 2512 2475 
f 2612 2514 2513 2615 
f 2476 2357 2514 2612 
f 2477 2515 2514 2357 
f 2478 2516 2515 2477 
f 2479 2517 2516 2478 
f 2358 2518 2517 2479 
f 2359 2519 2518 2358 
f 2465 2480 2519 2359 
f 2514 2515 2520 2513 
f 2515 2516 2521 2520 
f 2516 2517 2522 2521 
f 2517 2518 2523 2522 
f 2518 2519 2524 2523 
f 2519 2480 2481 2524 
f 2513 2520 2525 2512 
f 2520 2521 2526 2525 
f 2521 2522 2527 2526 
f 2512 2525 2528 2511 
f 2525 2526 2529 2528 
f 2526 2527 2530 2529 
f 2522 2523 2531 2527 
f 2523 2524 2532 2531 
f 2524 2481 2482 2532 
f 2527 2531 2533 2530 
f 2531 2532 2534 2533 
f 2532 2482 2483 2534 
f 2511 2528 2535 2510 
f 2528 2529 2536 2535 
f 2529 2530 2537 2536 
f 2510 2535 2538 2509 
f 2535 2536 2539 2538 
f 2536 2537 2540 2539 
f 2530 2533 2541 2537 
f 2533 2534 2542 2541 
f 2534 2483 2484 2542 
f 2537 2541 2543 2540 
f 2541 2542 2544 2543 
f 2542 2484 2485 2544 
f 2509 2538 2545 2508 
f 2538 2539 2546 2545 
f 2539 2540 2547 2546 
f 2508 2545 2548 2507 
f 2545 2546 2549 2548 
f 2546 2547 2550 2549 
f 2540 2543 2551 2547 
f 2543 2544 2552 2551 
f 2544 2485 2486 2552 
f 2547 2551 2553 2550 
f 2551 2552 2554 2553 
f 2552 2486 2487 2554 
f 2507 2548 2555 2506 
f 2548 2549 2556 2555 
f 2549 2550 2557 2556 
f 2506 2555 2558 2505 
f 2555 2556 2559 2558 
f 2556 2557 2560 2559 
f 2550 2553 2561 2557 
f 2553 2554 2562 2561 
f 2554 2487 2488 2562 
f 2557 2561 2563 2560 
f 2561 2562 2564 2563 
f 2562 2488 2489 2564 
f 2505 2558 2565 2504 
f 2558 2559 2566 2565 
f 2559 2560 2567 2566 
f 2504 2565 2568 2503 
f 2565 2566 2569 2568 
f 2566 2567 2570 2569 
f 2560 2563 2571 2567 
f 2563 2564 2572 2571 
f 2564 2489 2490 2572 
f 2567 2571 2573 2570 
f 2571 2572 2574 2573 
f 2572 2490 2491 2574 
f 2503 2568 2575 2502 
f 2568 2569 2576 2575 
f 2569 2570 2577 2576 
f 2502 2575 2578 2501 
f 2575 2576 2579 2578 
f 2576 2577 2580 2579 
f 2570 2573 2581 2577 
f 2573 2574 2582 2581 
f 2574 2491 2492 2582 
f 2577 2581 2583 2580 
f 2581 2582 2584 2583 
f 2582 2492 2493 2584 
f 2501 2578 2499 2500 
f 2578 2579 2498 2499 
f 2579 2580 2497 2498 
f 2580 2583 2496 2497 
f 2583 2584 2495 2496 
f 2584 2493 2494 2495 
f 2632 2470 2603 2585 
f 2587 2588 2586 2352 
f 2588 2590 2351 2586 
f 2590 2597 2589 2351 
f 2353 2591 2587 2352 
f 2593 2592 2591 2353 
f 2354 2594 2592 2593 
f 2355 2595 2594 2354 
f 2597 2599 2596 2589 
f 2599 2600 2598 2596 
f 2600 2601 2350 2598 
f 2601 2602 2349 2350 
f 2602 2604 2469 2349 
f 2604 2585 2603 2469 
f 2606 2605 2595 2355 
f 2608 2607 2605 2606 
f 2356 2609 2607 2608 
f 2476 2610 2609 2356 
f 2612 2611 2610 2476 
f 2615 2613 2611 2612 
f 2615 2475 2614 2613 
f 2617 2616 2614 2475 
f 2474 2618 2616 2617 
f 2620 2619 2618 2474 
f 2473 2621 2619 2620 
f 2623 2622 2621 2473 
f 2472 2624 2622 2623 
f 2627 2625 2624 2472 
f 2627 2628 2626 2625 
f 2630 2629 2626 2628 
f 2471 2631 2629 2630 
f 2470 2632 2631 2471 
f 2772 2784 2778 2771 
f 2639 2838 2841 2816 
f 2640 2641 2848 2849 
f 2643 2139 2633 2642 
f 2644 2634 2139 2643 
f 2645 2635 2634 2644 
f 2646 2636 2635 2645 
f 2736 2844 2845 2816 
f 2721 2775 2777 2767 
f 2721 2723 2650 2775 
f 2765 2651 2650 2723 
f 2766 1972 1962 2764 
f 2763 1961 2726 2762 
f 2762 2726 1960 2774 
f 2661 2740 2862 2864 
f 2658 2148 2636 2646 
f 2658 2659 2637 2148 
f 2859 2138 2858 2660 
f 2656 2661 2864 2863 
f 2662 2734 2791 2789 
f 2663 2741 2788 2786 
f 2661 2656 2790 2789 
f 2662 2664 2787 2786 
f 2656 2657 2666 2790 
f 2657 2668 2667 2666 
f 2666 2667 2669 2665 
f 2664 2665 2670 2787 
f 2665 2669 2671 2670 
f 2670 2671 2672 2655 
f 2660 2858 2673 2668 
f 2668 2673 2674 2667 
f 2667 2674 2675 2669 
f 2673 2676 2677 2674 
f 2674 2677 2678 2675 
f 2669 2675 2679 2671 
f 2671 2679 2680 2672 
f 2675 2678 2681 2679 
f 2679 2681 2682 2680 
f 2659 2658 2683 2676 
f 2676 2683 2684 2677 
f 2677 2684 2685 2678 
f 2658 2646 2686 2683 
f 2683 2686 2687 2684 
f 2684 2687 2688 2685 
f 2678 2685 2689 2681 
f 2681 2689 2690 2682 
f 2685 2688 2691 2689 
f 2689 2691 2692 2690 
f 2646 2645 2693 2686 
f 2686 2693 2694 2687 
f 2687 2694 2695 2688 
f 2645 2644 2696 2693 
f 2693 2696 2697 2694 
f 2694 2697 2698 2695 
f 2688 2695 2699 2691 
f 2691 2699 2700 2692 
f 2695 2698 2701 2699 
f 2699 2701 2702 2700 
f 2700 2702 2653 2654 
f 2644 2643 2703 2696 
f 2696 2703 2704 2697 
f 2697 2704 2705 2698 
f 2643 2642 2706 2703 
f 2703 2706 2707 2704 
f 2704 2707 2708 2705 
f 2698 2705 2709 2701 
f 2701 2709 2710 2702 
f 2702 2710 2652 2653 
f 2705 2708 2711 2709 
f 2709 2711 2712 2710 
f 2710 2712 2651 2652 
f 2642 2850 2851 2706 
f 2706 2851 2852 2707 
f 2707 2852 2853 2708 
f 2708 2853 2854 2711 
f 2711 2854 2649 2712 
f 2712 2649 2650 2651 
f 2641 2640 2838 2839 
f 2713 2639 2842 2843 
f 1960 1959 2768 2774 
f 2835 2820 2776 2735 
f 2722 2724 2721 2767 
f 2724 2725 2723 2721 
f 2725 1971 2765 2723 
f 1971 1972 2766 2765 
f 2769 2770 2779 2780 
f 2657 2656 2863 2861 
f 2151 2859 2134 
f 2150 2151 2134 2742 
f 2744 2010 1995 2743 
f 2745 2013 2010 2744 
f 2746 2014 2013 2745 
f 2747 2030 2014 2746 
f 2748 2031 2030 2747 
f 2749 2032 2031 2748 
f 2039 2038 2032 2749 
f 2751 2005 1994 2750 
f 2752 2008 2005 2751 
f 2753 2009 2008 2752 
f 2754 2021 2009 2753 
f 2023 2022 2021 2754 
f 2756 2001 2000 2755 
f 2757 2002 2001 2756 
f 2758 2003 2002 2757 
f 2759 1973 2003 2758 
f 2760 1974 1973 2759 
f 2761 2103 1974 2760 
f 2105 2104 2103 2761 
f 2722 2825 7171 7182 
f 2771 2778 2779 2770 
f 2769 2780 2781 2768 
f 2768 2781 2782 2774 
f 2774 2782 2783 2762 
f 2762 2783 2654 2763 
f 1962 1961 2763 2764 
f 2763 2654 2653 2764 
f 2764 2653 2652 2766 
f 2766 2652 2651 2765 
f 2769 2768 1959 2728 
f 2770 2769 2728 1958 
f 2771 2770 1958 2727 
f 2772 2771 2727 1957 
f 2663 2638 2784 2785 
f 2773 2772 1957 1956 
f 2773 1956 3730 3647 
f 3647 3740 2785 2773 
f 2777 2647 2819 2820 
f 2775 2648 2647 2777 
f 2650 2649 2648 2775 
f 2784 2638 2655 2778 
f 2779 2672 2680 2780 
f 2778 2655 2672 2779 
f 2780 2680 2682 2781 
f 2781 2682 2690 2782 
f 2782 2690 2692 2783 
f 2784 2772 2773 2785 
f 3740 2741 2663 2785 
f 2783 2692 2700 2654 
f 2788 2734 2662 2786 
f 2787 2638 2663 2786 
f 2670 2655 2638 2787 
f 2791 2740 2661 2789 
f 2790 2664 2662 2789 
f 2666 2665 2664 2790 
f 2824 2135 2152 2823 
f 2794 3745 3746 2793 
f 2794 2136 2161 2795 
f 2795 2161 2184 2796 
f 2796 2184 2186 2797 
f 2797 2186 2188 2798 
f 2798 2188 2190 2799 
f 2799 2190 2192 2800 
f 2800 2192 2194 2801 
f 2801 2194 2196 2802 
f 2802 2196 2198 2803 
f 2803 2198 2200 2804 
f 2804 2200 2202 2805 
f 2805 2202 2204 2806 
f 2806 2204 2206 2807 
f 2807 2206 2208 2808 
f 2808 2208 2210 2809 
f 2809 2210 2212 2810 
f 2810 2212 2214 2811 
f 2811 2214 2216 2812 
f 2812 2216 2218 2813 
f 2813 2218 2150 2792 
f 2823 2152 2221 2220 
f 2814 2220 2222 2815 
f 2815 2222 2154 2793 
f 2817 2738 2840 2841 
f 2818 2739 2846 2847 
f 2819 2647 2842 2845 
f 2819 2737 2776 2820 
f 2792 2150 2742 2821 
f 2634 2149 2856 2139 
f 2139 2856 2633 
f 2633 2856 2152 2135 
f 2850 2642 2633 2135 
f 2837 2824 2823 2836 
f 2836 2823 2220 2814 
f 2735 1955 2825 2835 
f 2834 1970 2938 
f 2828 1994 2743 2931 
f 2827 1993 2750 2928 
f 2833 1999 2755 2938 
f 2825 2722 2767 2835 
f 2835 2767 2777 2820 
f 2814 2822 2836 
f 2836 2822 2818 2837 
f 2837 2818 2847 2849 
f 2838 2640 2817 2841 
f 2838 2639 2713 2839 
f 2840 2736 2816 2841 
f 2844 2737 2819 2845 
f 2842 2647 2648 2843 
f 2842 2639 2816 2845 
f 2848 2824 2837 2849 
f 2846 2738 2817 2847 
f 2847 2817 2640 2849 
f 2848 2641 2851 2850 
f 2851 2641 2839 2852 
f 2852 2839 2713 2853 
f 2853 2713 2843 2854 
f 2854 2843 2648 2649 
f 2183 2145 2146 2855 
f 2855 2146 2250 2857 
f 2149 2153 2856 
f 2856 2153 2159 2152 
f 2253 2480 2465 2466 
f 2255 2482 2481 2254 
f 2260 2487 2486 2259 
f 2264 2491 2490 2263 
f 2263 2304 2306 2264 
f 2267 2494 2493 2266 
f 2266 2310 2312 2267 
f 2267 2312 2314 2268 
f 2270 2318 2320 2271 
f 2398 2399 2270 2271 
f 2276 2330 2332 2277 
f 2279 2336 2338 2280 
f 2280 2338 2340 2281 
f 2283 2284 2226 2466 
f 2147 2860 2160 2144 
f 2250 2249 2149 2857 
f 2242 2176 2175 2241 
f 2241 2175 2174 2240 
f 2240 2174 2173 2239 
f 2237 2171 2170 2236 
f 2234 2168 2167 2233 
f 2233 2167 2166 2232 
f 2138 2860 2637 
f 2659 2676 2673 2858 
f 2859 2660 2861 2134 
f 2860 2147 2145 2183 
f 2862 2733 2821 2864 
f 2864 2821 2742 2863 
f 2863 2742 2134 2861 
f 2660 2668 2657 2861 
f 2632 2585 2865 
f 2588 2587 2865 
f 2590 2588 2865 
f 2597 2590 2865 
f 2587 2591 2865 
f 2591 2592 2865 
f 2592 2594 2865 
f 2594 2595 2865 
f 2599 2597 2865 
f 2600 2599 2865 
f 2601 2600 2865 
f 2602 2601 2865 
f 2604 2602 2865 
f 2585 2604 2865 
f 2595 2605 2865 
f 2605 2607 2865 
f 2607 2609 2865 
f 2609 2610 2865 
f 2610 2611 2865 
f 2611 2613 2865 
f 2613 2614 2865 
f 2614 2616 2865 
f 2616 2618 2865 
f 2618 2619 2865 
f 2619 2621 2865 
f 2621 2622 2865 
f 2622 2624 2865 
f 2624 2625 2865 
f 2625 2626 2865 
f 2626 2629 2865 
f 2629 2631 2865 
f 2631 2632 2865 
f 2739 2818 2822 2875 
f 3745 2794 2795 3776 
f 3776 2795 2796 2866 
f 2866 2796 2797 3777 
f 3777 2797 2798 2867 
f 2867 2798 2799 3778 
f 3778 2799 2800 3779 
f 3779 2800 2801 2868 
f 2868 2801 2802 3780 
f 3780 2802 2803 3781 
f 3781 2803 2804 2869 
f 2869 2804 2805 3782 
f 3782 2805 2806 3783 
f 3783 2806 2807 2870 
f 2870 2807 2808 3784 
f 3784 2808 2809 3785 
f 3785 2809 2810 2871 
f 2871 2810 2811 2872 
f 2872 2811 2812 3786 
f 3786 2812 2813 2873 
f 2873 2813 2792 3100 
f 2875 2822 2814 3787 
f 3787 2814 2815 2874 
f 2874 2815 2793 3746 
f 2876 2877 7187 7188 
f 1970 7186 7200 2878 
f 2879 2880 7189 7190 
f 2881 2879 7190 7199 
f 2882 2881 7199 7198 
f 2883 2882 7198 7197 
f 2884 2883 7197 7196 
f 2885 2884 7196 7195 
f 2886 2885 7195 7194 
f 2887 2886 7194 7191 
f 2877 2887 7191 7187 
f 2888 2891 2890 2889 
f 2889 2890 2730 2892 
f 2892 2730 2894 2893 
f 2893 2894 2729 2895 
f 2895 2729 2897 2896 
f 2895 2896 2899 2898 
f 2898 2899 2901 2900 
f 2900 2901 2903 2902 
f 2902 2903 2905 2904 
f 2904 2905 2907 2906 
f 2906 2907 2909 2908 
f 2910 2908 2909 2911 
f 2912 2910 2911 2913 
f 2914 2912 2913 2915 
f 2916 2914 2915 2917 
f 2918 2916 2917 
f 2918 2917 2920 2919 
f 2919 2920 2922 2921 
f 2921 2922 2924 2923 
f 2926 2923 2826 2827 
f 2927 2929 2928 2828 
f 2930 2932 2931 2829 
f 2933 2930 2829 2830 
f 2934 2933 2830 2831 
f 2935 2934 2831 2832 
f 2936 2935 2832 2833 
f 2937 2939 2938 2878 
f 2940 2937 7201 7192 
f 2941 2940 7192 7202 
f 2942 2941 7202 7193 
f 2943 2942 7193 7188 
f 2923 2926 2944 2921 
f 2926 2929 2945 2944 
f 2921 2944 2946 2919 
f 2919 2946 2947 2918 
f 2944 2945 2948 2946 
f 2946 2948 2949 2947 
f 2927 2932 2951 2950 
f 2930 2933 2953 2952 
f 2933 2934 2954 2953 
f 2950 2951 2956 2955 
f 2955 2956 2958 2957 
f 2952 2953 2960 2959 
f 2959 2960 2962 2961 
f 2953 2954 2963 2960 
f 2960 2963 2964 2962 
f 2918 2947 2965 2916 
f 2916 2965 2966 2914 
f 2947 2949 2967 2965 
f 2965 2967 2968 2966 
f 2966 2968 2970 2969 
f 2968 2972 2971 2970 
f 2914 2966 2969 2912 
f 2912 2969 2973 2910 
f 2969 2970 2974 2973 
f 2970 2971 2975 2974 
f 2957 2958 2977 2976 
f 2976 2977 2978 2972 
f 2972 2978 2979 2971 
f 2961 2962 2981 2980 
f 2980 2981 2983 2982 
f 2962 2964 2984 2981 
f 2981 2984 2985 2983 
f 2982 2983 2987 2986 
f 2971 2979 2988 2975 
f 2975 2988 2990 2989 
f 2988 2992 2991 2990 
f 2986 2987 2993 2992 
f 2983 2985 2994 2987 
f 2987 2994 2995 2993 
f 2910 2973 2996 2908 
f 2908 2996 2997 2906 
f 2906 2997 2998 2904 
f 2904 2998 2999 2902 
f 2973 2974 3000 2996 
f 2996 3000 3001 2997 
f 2974 2975 2989 3000 
f 3000 2989 3002 3001 
f 2997 3001 3003 2998 
f 2998 3003 3004 2999 
f 3001 3002 3005 3003 
f 3003 3005 3006 3004 
f 2902 2999 3007 2900 
f 2900 3007 3008 2898 
f 2999 3004 3009 3007 
f 3004 3006 3010 3009 
f 3007 3009 3011 3008 
f 3009 3010 3012 3011 
f 2898 3008 2893 2895 
f 3008 3011 2892 2893 
f 3011 3012 2889 2892 
f 2989 2990 3013 3002 
f 2990 2991 3014 3013 
f 2992 2993 3015 2991 
f 2993 2995 3016 3015 
f 2991 3015 3017 3014 
f 3015 3016 3018 3017 
f 3002 3013 3019 3005 
f 3013 3014 3020 3019 
f 3005 3019 3021 3006 
f 3019 3020 3022 3021 
f 3014 3017 3023 3020 
f 3017 3018 3024 3023 
f 3020 3023 3025 3022 
f 3023 3024 3026 3025 
f 3006 3021 3027 3010 
f 3021 3022 3028 3027 
f 3010 3027 3029 3012 
f 3027 3028 3030 3029 
f 3022 3025 3031 3028 
f 3025 3026 3032 3031 
f 3028 3031 3033 3030 
f 3031 3032 3034 3033 
f 3012 3029 2888 2889 
f 3029 3030 3035 2888 
f 2888 3035 3036 2891 
f 3030 3033 3037 3035 
f 3035 3037 3038 3036 
f 3033 3034 3039 3037 
f 3037 3039 3040 3038 
f 2934 2935 3041 2954 
f 2935 2936 3042 3041 
f 2936 2939 3043 3042 
f 2954 3041 3044 2963 
f 2963 3044 3045 2964 
f 3041 3042 3046 3044 
f 3044 3046 3047 3045 
f 3042 3043 3048 3046 
f 3046 3048 3049 3047 
f 2964 3045 3050 2984 
f 2984 3050 3051 2985 
f 3045 3047 3052 3050 
f 3050 3052 3053 3051 
f 3047 3049 3054 3052 
f 3052 3054 3055 3053 
f 2985 3051 3056 2994 
f 2994 3056 3057 2995 
f 3051 3053 3058 3056 
f 3056 3058 3059 3057 
f 3053 3055 3060 3058 
f 3058 3060 3061 3059 
f 3059 3061 3063 3062 
f 3061 3065 3064 3063 
f 2995 3057 3068 3016 
f 3016 3068 3069 3018 
f 3057 3059 3062 3068 
f 3068 3062 3070 3069 
f 3062 3063 3071 3070 
f 3063 3064 3072 3071 
f 3018 3069 3073 3024 
f 3024 3073 3074 3026 
f 3069 3070 3075 3073 
f 3073 3075 3076 3074 
f 3070 3071 3077 3075 
f 3075 3077 3078 3076 
f 3071 3072 3079 3077 
f 3077 3079 3080 3078 
f 3026 3074 3081 3032 
f 3032 3081 3082 3034 
f 3074 3076 3083 3081 
f 3081 3083 3084 3082 
f 3076 3078 3085 3083 
f 3083 3085 3086 3084 
f 3078 3080 3087 3085 
f 3085 3087 3088 3086 
f 3034 3082 3089 3039 
f 3039 3089 3090 3040 
f 3082 3084 3091 3089 
f 3089 3091 2732 3090 
f 3084 3086 3092 3091 
f 3091 3092 2731 2732 
f 3086 3088 3093 3092 
f 3092 3093 3094 2731 
f 3093 7189 7184 3094 
f 3095 3098 3097 3096 
f 3099 3101 3100 2733 
f 3102 3105 3104 3103 
f 3106 3109 3108 3107 
f 3110 3113 3112 3111 
f 3114 3110 3111 3115 
f 3116 3114 3115 3107 
f 3116 3107 3108 3117 
f 3118 3116 3117 3119 
f 3120 3123 3122 3121 
f 3124 3120 3121 3125 
f 3124 3125 3126 3095 
f 3127 3130 3129 3128 
f 3111 3132 3131 3115 
f 3107 3115 3131 3106 
f 3133 3134 3109 3106 
f 3135 3136 3134 3133 
f 3137 3140 3139 3138 
f 3141 3137 3138 3142 
f 3143 3146 3145 3144 
f 3147 3143 3144 3148 
f 3149 3152 3151 3150 
f 3153 3149 3150 3154 
f 3155 3153 3154 3156 
f 3157 3155 3156 3158 
f 3159 3162 3161 3160 
f 3163 3159 3160 3130 
f 3164 3167 3166 3165 
f 3098 3164 3165 3097 
f 3127 3168 3166 3167 
f 3128 3170 3169 3168 
f 3132 3172 3171 3131 
f 3131 3171 3133 3106 
f 3172 3174 3173 3171 
f 3174 3176 3175 3173 
f 3171 3173 3135 3133 
f 3173 3175 3177 3135 
f 3176 3179 3178 3175 
f 3179 3181 3180 3178 
f 3175 3178 3182 3177 
f 3178 3180 3139 3182 
f 3181 3184 3183 3180 
f 3184 3186 3185 3183 
f 3180 3183 3138 3139 
f 3183 3185 3142 3138 
f 3186 3188 3187 3185 
f 3188 3190 3189 3187 
f 3185 3187 3145 3142 
f 3187 3189 3144 3145 
f 3190 3192 3191 3189 
f 3192 3194 3193 3191 
f 3189 3191 3148 3144 
f 3191 3193 3195 3148 
f 3194 3197 3196 3193 
f 3197 3199 3198 3196 
f 3193 3196 3200 3195 
f 3196 3198 3151 3200 
f 3199 3202 3201 3198 
f 3202 3204 3203 3201 
f 3198 3201 3150 3151 
f 3201 3203 3154 3150 
f 3204 3206 3205 3203 
f 3206 3208 3207 3205 
f 3203 3205 3156 3154 
f 3205 3207 3158 3156 
f 3208 3210 3209 3207 
f 3210 3212 3211 3209 
f 3207 3209 3161 3158 
f 3209 3211 3160 3161 
f 3211 3129 3130 3160 
f 3213 3214 3123 3120 
f 3215 3217 3216 3214 
f 3214 3216 3118 3123 
f 3217 3110 3114 3216 
f 3216 3114 3116 3118 
f 3218 3136 3135 3177 
f 3122 3123 3118 3119 
f 3157 3158 3161 3162 
f 3219 3149 3153 3220 
f 3221 3219 3220 3222 
f 3223 3221 3222 3224 
f 3225 3226 3221 3223 
f 3227 3228 3226 3225 
f 3229 3230 3228 3227 
f 3231 3232 3230 3229 
f 3233 3234 3232 3231 
f 3235 3236 3234 3233 
f 3237 3238 3236 3235 
f 3239 3240 3238 3237 
f 3241 3242 3240 3239 
f 3243 3244 3242 3241 
f 3245 3248 3247 3246 
f 3249 3250 3248 3245 
f 3251 3254 3253 3252 
f 3255 3256 3254 3251 
f 3257 3260 3259 3258 
f 3261 3262 3260 3257 
f 3263 3264 3262 3261 
f 3265 3266 3264 3263 
f 3267 3268 3266 3265 
f 3269 3272 3271 3270 
f 3273 3274 3272 3269 
f 3275 3278 3277 3276 
f 3279 3280 3278 3275 
f 3281 3280 3222 3220 
f 3155 3281 3220 3153 
f 3221 3226 3282 3219 
f 3226 3228 3283 3282 
f 3228 3230 3284 3283 
f 3219 3282 3152 3149 
f 3282 3283 3285 3152 
f 3283 3284 3286 3285 
f 3230 3232 3287 3284 
f 3232 3234 3288 3287 
f 3234 3236 3289 3288 
f 3236 3238 3290 3289 
f 3284 3287 3147 3286 
f 3287 3288 3143 3147 
f 3288 3289 3146 3143 
f 3289 3290 3141 3146 
f 3238 3240 3291 3290 
f 3240 3242 3292 3291 
f 3242 3244 3293 3292 
f 3244 3247 3294 3293 
f 3290 3291 3137 3141 
f 3291 3292 3140 3137 
f 3292 3293 3295 3140 
f 3293 3294 3218 3295 
f 3247 3248 3296 3294 
f 3248 3250 3297 3296 
f 3250 3299 3298 3297 
f 3299 3253 3300 3298 
f 3294 3296 3136 3218 
f 3296 3297 3134 3136 
f 3297 3298 3109 3134 
f 3298 3300 3108 3109 
f 3253 3254 3301 3300 
f 3254 3256 3302 3301 
f 3256 3259 3303 3302 
f 3259 3260 3304 3303 
f 3300 3301 3117 3108 
f 3301 3302 3119 3117 
f 3302 3303 3122 3119 
f 3303 3304 3121 3122 
f 3260 3262 3305 3304 
f 3262 3264 3306 3305 
f 3264 3266 3307 3306 
f 3266 3268 3308 3307 
f 3304 3305 3125 3121 
f 3305 3306 3126 3125 
f 3306 3307 3309 3126 
f 3307 3308 3310 3309 
f 3268 3271 3311 3308 
f 3271 3272 3312 3311 
f 3272 3274 3313 3312 
f 3274 3315 3314 3313 
f 3308 3311 3316 3310 
f 3311 3312 3317 3316 
f 3312 3313 3163 3317 
f 3313 3314 3159 3163 
f 3315 3277 3318 3314 
f 3277 3278 3319 3318 
f 3278 3280 3281 3319 
f 3314 3318 3162 3159 
f 3318 3319 3157 3162 
f 3319 3281 3155 3157 
f 3255 3251 3321 3320 
f 3321 3251 3252 3322 
f 3323 3224 3279 3324 
f 3325 3321 3322 3326 
f 3327 3325 3326 3328 
f 3329 3327 3328 3330 
f 3331 3329 3330 3332 
f 3333 3331 3332 3334 
f 3335 3333 3334 3336 
f 3335 3336 3338 3337 
f 3339 3335 3337 3340 
f 3341 3339 3340 3342 
f 3343 3341 3342 3344 
f 3345 3343 3344 3346 
f 3345 3346 3348 3347 
f 3347 3348 3350 3349 
f 3349 3350 3352 3351 
f 3353 3351 3352 3354 
f 3355 3353 3354 3356 
f 3357 3355 3356 3358 
f 3359 3357 3358 3360 
f 3359 3360 3362 3361 
f 3361 3362 3364 3363 
f 3363 3364 3366 3365 
f 3365 3366 3368 3367 
f 3369 3365 3367 3370 
f 3371 3369 3370 3372 
f 3373 3371 3372 3374 
f 3375 3373 3374 3376 
f 3377 3375 3376 3378 
f 3324 3377 3378 3323 
f 3324 3279 3275 3379 
f 3379 3275 3276 3380 
f 3380 3276 3382 3381 
f 3381 3382 3273 3383 
f 3383 3273 3269 3384 
f 3384 3269 3270 3385 
f 3385 3270 3267 3386 
f 3386 3267 3265 3387 
f 3387 3265 3263 3388 
f 3388 3263 3261 3389 
f 3389 3261 3257 3390 
f 3390 3257 3258 3391 
f 3335 3339 3392 3333 
f 3333 3392 3393 3331 
f 3331 3393 3394 3329 
f 3329 3394 3395 3327 
f 3327 3395 3396 3325 
f 3325 3396 3320 3321 
f 3339 3341 3397 3392 
f 3392 3397 3398 3393 
f 3393 3398 3399 3394 
f 3341 3343 3400 3397 
f 3397 3400 3401 3398 
f 3398 3401 3402 3399 
f 3394 3399 3403 3395 
f 3395 3403 3404 3396 
f 3396 3404 3391 3320 
f 3399 3402 3405 3403 
f 3403 3405 3406 3404 
f 3404 3406 3390 3391 
f 3343 3345 3407 3400 
f 3400 3407 3408 3401 
f 3401 3408 3409 3402 
f 3345 3347 3410 3407 
f 3407 3410 3411 3408 
f 3408 3411 3412 3409 
f 3402 3409 3413 3405 
f 3405 3413 3414 3406 
f 3406 3414 3389 3390 
f 3409 3412 3415 3413 
f 3413 3415 3416 3414 
f 3414 3416 3388 3389 
f 3347 3349 3417 3410 
f 3410 3417 3418 3411 
f 3411 3418 3419 3412 
f 3349 3351 3420 3417 
f 3417 3420 3421 3418 
f 3418 3421 3422 3419 
f 3412 3419 3423 3415 
f 3415 3423 3424 3416 
f 3416 3424 3387 3388 
f 3419 3422 3425 3423 
f 3423 3425 3426 3424 
f 3424 3426 3386 3387 
f 3351 3353 3427 3420 
f 3420 3427 3428 3421 
f 3421 3428 3429 3422 
f 3353 3355 3430 3427 
f 3427 3430 3431 3428 
f 3428 3431 3432 3429 
f 3422 3429 3433 3425 
f 3425 3433 3434 3426 
f 3426 3434 3385 3386 
f 3429 3432 3435 3433 
f 3433 3435 3436 3434 
f 3434 3436 3384 3385 
f 3355 3357 3437 3430 
f 3430 3437 3438 3431 
f 3431 3438 3439 3432 
f 3357 3359 3440 3437 
f 3437 3440 3441 3438 
f 3438 3441 3442 3439 
f 3432 3439 3443 3435 
f 3435 3443 3444 3436 
f 3436 3444 3383 3384 
f 3439 3442 3445 3443 
f 3443 3445 3446 3444 
f 3444 3446 3381 3383 
f 3359 3361 3447 3440 
f 3440 3447 3448 3441 
f 3441 3448 3449 3442 
f 3361 3363 3450 3447 
f 3447 3450 3451 3448 
f 3448 3451 3452 3449 
f 3442 3449 3453 3445 
f 3445 3453 3454 3446 
f 3446 3454 3380 3381 
f 3449 3452 3455 3453 
f 3453 3455 3456 3454 
f 3454 3456 3379 3380 
f 3363 3365 3369 3450 
f 3450 3369 3371 3451 
f 3451 3371 3373 3452 
f 3452 3373 3375 3455 
f 3455 3375 3377 3456 
f 3456 3377 3324 3379 
f 3322 3252 3458 3457 
f 3223 3460 3459 3225 
f 3229 3227 3462 3461 
f 3231 3229 3461 3463 
f 3231 3463 3464 3233 
f 3235 3233 3464 3465 
f 3239 3237 3467 3466 
f 3239 3466 3468 3241 
f 3241 3468 3469 3243 
f 3245 3246 3471 3470 
f 3249 3245 3470 3472 
f 3326 3322 3457 3473 
f 3328 3326 3473 3474 
f 3330 3328 3474 3475 
f 3332 3330 3475 3476 
f 3334 3332 3476 3477 
f 3336 3334 3477 3478 
f 3338 3336 3478 3479 
f 3479 3478 3481 3480 
f 3480 3481 3483 3482 
f 3482 3483 3485 3484 
f 3484 3485 3487 3486 
f 3488 3486 3487 3489 
f 3490 3488 3489 3491 
f 3492 3490 3491 3493 
f 3494 3492 3493 3495 
f 3494 3495 3497 3496 
f 3496 3497 3499 3498 
f 3498 3499 3501 3500 
f 3502 3500 3501 3503 
f 3504 3502 3503 3505 
f 3506 3504 3505 3507 
f 3368 3506 3507 3367 
f 3370 3367 3507 3508 
f 3372 3370 3508 3509 
f 3374 3372 3509 3510 
f 3376 3374 3510 3511 
f 3378 3376 3511 3512 
f 3323 3378 3512 3460 
f 3507 3505 3513 3508 
f 3508 3513 3514 3509 
f 3509 3514 3515 3510 
f 3510 3515 3516 3511 
f 3511 3516 3517 3512 
f 3512 3517 3459 3460 
f 3505 3503 3518 3513 
f 3513 3518 3519 3514 
f 3514 3519 3520 3515 
f 3503 3501 3521 3518 
f 3518 3521 3522 3519 
f 3519 3522 3523 3520 
f 3515 3520 3524 3516 
f 3516 3524 3525 3517 
f 3517 3525 3462 3459 
f 3520 3523 3526 3524 
f 3524 3526 3527 3525 
f 3525 3527 3461 3462 
f 3501 3499 3528 3521 
f 3521 3528 3529 3522 
f 3522 3529 3530 3523 
f 3499 3497 3531 3528 
f 3528 3531 3532 3529 
f 3529 3532 3533 3530 
f 3523 3530 3534 3526 
f 3526 3534 3535 3527 
f 3527 3535 3463 3461 
f 3530 3533 3536 3534 
f 3534 3536 3537 3535 
f 3535 3537 3464 3463 
f 3497 3495 3538 3531 
f 3531 3538 3539 3532 
f 3532 3539 3540 3533 
f 3495 3493 3541 3538 
f 3538 3541 3542 3539 
f 3539 3542 3543 3540 
f 3533 3540 3544 3536 
f 3536 3544 3545 3537 
f 3537 3545 3465 3464 
f 3540 3543 3546 3544 
f 3544 3546 3547 3545 
f 3545 3547 3467 3465 
f 3493 3491 3548 3541 
f 3541 3548 3549 3542 
f 3542 3549 3550 3543 
f 3491 3489 3551 3548 
f 3548 3551 3552 3549 
f 3549 3552 3553 3550 
f 3543 3550 3554 3546 
f 3546 3554 3555 3547 
f 3547 3555 3466 3467 
f 3550 3553 3556 3554 
f 3554 3556 3557 3555 
f 3555 3557 3468 3466 
f 3489 3487 3558 3551 
f 3551 3558 3559 3552 
f 3552 3559 3560 3553 
f 3487 3485 3561 3558 
f 3558 3561 3562 3559 
f 3559 3562 3563 3560 
f 3553 3560 3564 3556 
f 3556 3564 3565 3557 
f 3557 3565 3469 3468 
f 3560 3563 3566 3564 
f 3564 3566 3567 3565 
f 3565 3567 3471 3469 
f 3485 3483 3568 3561 
f 3561 3568 3569 3562 
f 3562 3569 3570 3563 
f 3483 3481 3571 3568 
f 3568 3571 3572 3569 
f 3569 3572 3573 3570 
f 3563 3570 3574 3566 
f 3566 3574 3575 3567 
f 3567 3575 3470 3471 
f 3570 3573 3576 3574 
f 3574 3576 3577 3575 
f 3575 3577 3472 3470 
f 3481 3478 3477 3571 
f 3571 3477 3476 3572 
f 3572 3476 3475 3573 
f 3573 3475 3474 3576 
f 3576 3474 3473 3577 
f 3577 3473 3457 3472 
f 3578 3579 3479 3480 
f 3580 3352 3350 3581 
f 3581 3350 3348 3582 
f 3582 3348 3346 3583 
f 3354 3352 3580 3584 
f 3356 3354 3584 3585 
f 3358 3356 3585 3586 
f 3360 3358 3586 3587 
f 3583 3346 3344 3588 
f 3588 3344 3342 3589 
f 3589 3342 3340 3590 
f 3590 3340 3337 3591 
f 3591 3337 3338 3592 
f 3592 3338 3479 3579 
f 3362 3360 3587 3593 
f 3364 3362 3593 3594 
f 3366 3364 3594 3595 
f 3368 3366 3595 3596 
f 3506 3368 3596 3597 
f 3504 3506 3597 3598 
f 3504 3598 3599 3502 
f 3500 3502 3599 3600 
f 3498 3500 3600 3601 
f 3496 3498 3601 3602 
f 3494 3496 3602 3603 
f 3492 3494 3603 3604 
f 3490 3492 3604 3605 
f 3488 3490 3605 3606 
f 3488 3606 3607 3486 
f 3484 3486 3607 3608 
f 3482 3484 3608 3609 
f 3480 3482 3609 3578 
f 3610 3613 3612 3611 
f 3614 3617 3616 3615 
f 3618 3620 3103 3619 
f 3621 3624 3623 3622 
f 3625 3621 3622 3096 
f 3626 3625 3096 3097 
f 3627 3626 3097 3165 
f 2736 3617 3628 2844 
f 3629 3632 3631 3630 
f 3629 3630 3634 3633 
f 3635 3633 3634 3636 
f 3637 3638 2877 2876 
f 3639 3640 2886 2887 
f 3640 3641 2885 2886 
f 3642 3643 2862 2740 
f 3644 3627 3165 3166 
f 3644 3166 3168 3169 
f 3129 3645 3170 3128 
f 3648 3649 3643 3642 
f 3650 3651 2791 2734 
f 3652 3653 2788 2741 
f 3642 3651 3654 3648 
f 3650 3653 3656 3655 
f 3648 3654 3658 3657 
f 3657 3658 3660 3659 
f 3658 3662 3661 3660 
f 3655 3656 3663 3662 
f 3662 3663 3664 3661 
f 3663 3666 3665 3664 
f 3645 3659 3667 3170 
f 3659 3660 3668 3667 
f 3660 3661 3669 3668 
f 3667 3668 3671 3670 
f 3668 3669 3672 3671 
f 3661 3664 3673 3669 
f 3664 3665 3674 3673 
f 3669 3673 3675 3672 
f 3673 3674 3676 3675 
f 3169 3670 3677 3644 
f 3670 3671 3678 3677 
f 3671 3672 3679 3678 
f 3644 3677 3680 3627 
f 3677 3678 3681 3680 
f 3678 3679 3682 3681 
f 3672 3675 3683 3679 
f 3675 3676 3684 3683 
f 3679 3683 3685 3682 
f 3683 3684 3686 3685 
f 3627 3680 3687 3626 
f 3680 3681 3688 3687 
f 3681 3682 3689 3688 
f 3626 3687 3690 3625 
f 3687 3688 3691 3690 
f 3688 3689 3692 3691 
f 3682 3685 3693 3689 
f 3685 3686 3694 3693 
f 3689 3693 3695 3692 
f 3693 3694 3696 3695 
f 3694 3698 3697 3696 
f 3625 3690 3699 3621 
f 3690 3691 3700 3699 
f 3691 3692 3701 3700 
f 3621 3699 3702 3624 
f 3699 3700 3703 3702 
f 3700 3701 3704 3703 
f 3692 3695 3705 3701 
f 3695 3696 3706 3705 
f 3696 3697 3707 3706 
f 3701 3705 3708 3704 
f 3705 3706 3709 3708 
f 3706 3707 3636 3709 
f 3624 3702 3710 3104 
f 3702 3703 3711 3710 
f 3703 3704 3712 3711 
f 3704 3708 3713 3712 
f 3708 3709 3714 3713 
f 3709 3636 3634 3714 
f 3619 3715 3615 3618 
f 3716 3718 3717 3614 
f 2885 3641 3719 2884 
f 3720 2735 2776 3721 
f 3722 3632 3629 3723 
f 3723 3629 3633 3724 
f 3724 3633 3635 3725 
f 3725 3635 3637 2876 
f 3726 3729 3728 3727 
f 3657 3731 3649 3648 
f 3211 3732 3129 
f 3212 3733 3732 3211 
f 2951 2932 2930 2952 
f 2956 2951 2952 2959 
f 2958 2956 2959 2961 
f 2977 2958 2961 2980 
f 2978 2977 2980 2982 
f 2979 2978 2982 2986 
f 2988 2979 2986 2992 
f 2945 2929 2927 2950 
f 2948 2945 2950 2955 
f 2949 2948 2955 2957 
f 2967 2949 2957 2976 
f 2968 2967 2976 2972 
f 3043 2939 2937 2940 
f 3048 3043 2940 2941 
f 3049 3048 2941 2942 
f 3054 3049 2942 2943 
f 3055 3054 2943 3066 
f 3060 3055 3066 3067 
f 3061 3060 3067 3065 
f 2937 2878 7200 7201 
f 3613 3727 3728 3612 
f 3726 3719 3735 3729 
f 3719 3641 3736 3735 
f 3641 3640 3737 3736 
f 3640 3639 3698 3737 
f 2877 3638 3639 2887 
f 3639 3638 3697 3698 
f 3638 3637 3707 3697 
f 3637 3635 3636 3707 
f 3726 2883 2884 3719 
f 3727 2882 2883 3726 
f 3613 2881 2882 3727 
f 3610 2879 2881 3613 
f 3652 3739 3611 3738 
f 3646 2880 2879 3610 
f 3631 3721 3742 3741 
f 3630 3631 3741 3743 
f 3634 3630 3743 3714 
f 3611 3612 3666 3738 
f 3728 3729 3674 3665 
f 3612 3728 3665 3666 
f 3729 3735 3676 3674 
f 3735 3736 3684 3676 
f 3736 3737 3686 3684 
f 3611 3739 3646 3610 
f 3740 3739 3652 2741 
f 3737 3698 3694 3686 
f 2788 3653 3650 2734 
f 3656 3653 3652 3738 
f 3663 3656 3738 3666 
f 2791 3651 3642 2740 
f 3654 3651 3650 3655 
f 3658 3654 3655 3662 
f 3102 3744 3213 3105 
f 3112 3113 3746 3745 
f 3112 3747 3132 3111 
f 3747 3748 3172 3132 
f 3748 3749 3174 3172 
f 3749 3750 3176 3174 
f 3750 3751 3179 3176 
f 3751 3752 3181 3179 
f 3752 3753 3184 3181 
f 3753 3754 3186 3184 
f 3754 3755 3188 3186 
f 3755 3756 3190 3188 
f 3756 3757 3192 3190 
f 3757 3758 3194 3192 
f 3758 3759 3197 3194 
f 3759 3760 3199 3197 
f 3760 3761 3202 3199 
f 3761 3762 3204 3202 
f 3762 3763 3206 3204 
f 3763 3764 3208 3206 
f 3764 3765 3210 3208 
f 3765 3101 3212 3210 
f 3744 3215 3214 3213 
f 3766 3767 3217 3215 
f 3767 3113 3110 3217 
f 3768 3616 2840 2738 
f 3769 3770 2846 2739 
f 3742 3628 3717 3741 
f 3742 3721 2776 2737 
f 3101 3099 3733 3212 
f 3096 3622 3771 3095 
f 3622 3623 3771 
f 3623 3105 3213 3771 
f 3104 3105 3623 3624 
f 3772 3773 3744 3102 
f 3773 3766 3215 3744 
f 2735 3720 3734 1955 
f 2878 2938 1970 
f 2828 2931 2932 2927 
f 2827 2928 2929 2926 
f 2833 2938 2939 2936 
f 3734 3720 3632 3722 
f 3720 3721 3631 3632 
f 3766 3773 3774 
f 3773 3772 3769 3774 
f 3772 3620 3770 3769 
f 3615 3616 3768 3618 
f 3615 3715 3716 3614 
f 2840 3616 3617 2736 
f 2844 3628 3742 2737 
f 3717 3718 3743 3741 
f 3717 3628 3617 3614 
f 3103 3620 3772 3102 
f 2846 3770 3768 2738 
f 3770 3620 3618 3768 
f 3103 3104 3710 3619 
f 3710 3711 3715 3619 
f 3711 3712 3716 3715 
f 3712 3713 3718 3716 
f 3713 3714 3743 3718 
f 3167 3164 3310 3316 
f 3164 3098 3309 3310 
f 3095 3771 3124 
f 3771 3213 3120 3124 
f 3223 3224 3323 3460 
f 3227 3225 3459 3462 
f 3237 3235 3465 3467 
f 3246 3243 3469 3471 
f 3243 3246 3247 3244 
f 3458 3249 3472 3457 
f 3249 3458 3299 3250 
f 3458 3252 3253 3299 
f 3255 3258 3259 3256 
f 3391 3258 3255 3320 
f 3267 3270 3271 3268 
f 3273 3382 3315 3274 
f 3382 3276 3277 3315 
f 3279 3224 3222 3280 
f 3317 3163 3130 3127 
f 3309 3098 3095 3126 
f 3152 3285 3200 3151 
f 3285 3286 3195 3200 
f 3286 3147 3148 3195 
f 3146 3141 3142 3145 
f 3140 3295 3182 3139 
f 3295 3218 3177 3182 
f 3128 3168 3127 
f 3169 3170 3667 3670 
f 3129 3732 3731 3645 
f 3127 3167 3316 3317 
f 2862 3643 3099 2733 
f 3643 3649 3733 3099 
f 3649 3731 3732 3733 
f 3645 3731 3657 3659 
f 3578 3775 3579 
f 3581 3775 3580 
f 3582 3775 3581 
f 3583 3775 3582 
f 3580 3775 3584 
f 3584 3775 3585 
f 3585 3775 3586 
f 3586 3775 3587 
f 3588 3775 3583 
f 3589 3775 3588 
f 3590 3775 3589 
f 3591 3775 3590 
f 3592 3775 3591 
f 3579 3775 3592 
f 3587 3775 3593 
f 3593 3775 3594 
f 3594 3775 3595 
f 3595 3775 3596 
f 3596 3775 3597 
f 3597 3775 3598 
f 3598 3775 3599 
f 3599 3775 3600 
f 3600 3775 3601 
f 3601 3775 3602 
f 3602 3775 3603 
f 3603 3775 3604 
f 3604 3775 3605 
f 3605 3775 3606 
f 3606 3775 3607 
f 3607 3775 3608 
f 3608 3775 3609 
f 3609 3775 3578 
f 2739 2875 3774 3769 
f 3745 3776 3747 3112 
f 3776 2866 3748 3747 
f 2866 3777 3749 3748 
f 3777 2867 3750 3749 
f 2867 3778 3751 3750 
f 3778 3779 3752 3751 
f 3779 2868 3753 3752 
f 2868 3780 3754 3753 
f 3780 3781 3755 3754 
f 3781 2869 3756 3755 
f 2869 3782 3757 3756 
f 3782 3783 3758 3757 
f 3783 2870 3759 3758 
f 2870 3784 3760 3759 
f 3784 3785 3761 3760 
f 3785 2871 3762 3761 
f 2871 2872 3763 3762 
f 2872 3786 3764 3763 
f 3786 2873 3765 3764 
f 2873 3100 3101 3765 
f 2875 3787 3766 3774 
f 3787 2874 3767 3766 
f 2874 3746 3113 3767 
f 3793 3794 3788 3989 
f 3794 3795 3990 3788 
f 3795 3796 4267 3990 
f 3796 3797 4266 4267 
f 3797 3798 4265 4266 
f 3798 3799 4264 4265 
f 3799 4156 4154 4264 
f 3989 3789 3800 3793 
f 3987 3801 3800 3789 
f 4238 3802 3801 3987 
f 4235 4236 3822 3821 
f 4236 3996 3823 3822 
f 3996 3791 3824 3823 
f 3791 3995 3825 3824 
f 3994 3826 3825 3995 
f 3993 3827 3826 3994 
f 3992 3828 3827 3993 
f 3991 3829 3828 3992 
f 4153 3830 3829 3991 
f 4152 3792 3830 4153 
f 3819 3820 3844 3818 
f 3820 3821 3845 3844 
f 3818 3844 3846 3817 
f 3844 3845 3847 3846 
f 3817 3846 3848 3816 
f 3846 3847 3849 3848 
f 3816 3848 3850 3815 
f 3848 3849 3851 3850 
f 3815 3850 3852 3814 
f 3850 3851 3853 3852 
f 3814 3852 3854 3813 
f 3852 3853 3855 3854 
f 3813 3854 3856 3812 
f 3854 3855 3857 3856 
f 3821 3822 3858 3845 
f 3822 3823 3859 3858 
f 3845 3858 3860 3847 
f 3858 3859 3861 3860 
f 3847 3860 3862 3849 
f 3860 3861 3863 3862 
f 3823 3824 3864 3859 
f 3824 3825 3865 3864 
f 3859 3864 3866 3861 
f 3864 3865 3867 3866 
f 3861 3866 3868 3863 
f 3866 3867 3869 3868 
f 3849 3862 3870 3851 
f 3862 3863 3871 3870 
f 3851 3870 3872 3853 
f 3870 3871 3873 3872 
f 3853 3872 3874 3855 
f 3872 3873 3875 3874 
f 3855 3874 3876 3857 
f 3874 3875 3877 3876 
f 3863 3868 3878 3871 
f 3868 3869 3879 3878 
f 3871 3878 3880 3873 
f 3878 3879 3881 3880 
f 3873 3880 3882 3875 
f 3880 3881 3883 3882 
f 3875 3882 3884 3877 
f 3882 3883 3885 3884 
f 3812 3856 3886 3811 
f 3856 3857 3887 3886 
f 3811 3886 3888 3810 
f 3886 3887 3889 3888 
f 3810 3888 3890 3809 
f 3888 3889 3891 3890 
f 3809 3890 3892 3808 
f 3890 3891 3893 3892 
f 3808 3892 3894 3807 
f 3892 3893 3895 3894 
f 3807 3894 3896 3806 
f 3894 3895 3897 3896 
f 3806 3896 3804 3805 
f 3896 3897 3803 3804 
f 3857 3876 3898 3887 
f 3876 3877 3899 3898 
f 3887 3898 3900 3889 
f 3898 3899 3901 3900 
f 3889 3900 3902 3891 
f 3900 3901 3903 3902 
f 3891 3902 3904 3893 
f 3902 3903 3905 3904 
f 3877 3884 3906 3899 
f 3884 3885 3907 3906 
f 3899 3906 3908 3901 
f 3906 3907 3909 3908 
f 3901 3908 3910 3903 
f 3908 3909 3911 3910 
f 3903 3910 3912 3905 
f 3910 3911 3913 3912 
f 3893 3904 3914 3895 
f 3904 3905 3915 3914 
f 3895 3914 3916 3897 
f 3914 3915 3917 3916 
f 3897 3916 3802 3803 
f 3916 3917 3801 3802 
f 3905 3912 3918 3915 
f 3912 3913 3919 3918 
f 3915 3918 3920 3917 
f 3918 3919 3921 3920 
f 3917 3920 3800 3801 
f 3920 3921 3793 3800 
f 3825 3826 3922 3865 
f 3826 3827 3923 3922 
f 3865 3922 3924 3867 
f 3922 3923 3925 3924 
f 3867 3924 3926 3869 
f 3924 3925 3927 3926 
f 3827 3828 3928 3923 
f 3828 3829 3929 3928 
f 3923 3928 3930 3925 
f 3928 3929 3931 3930 
f 3925 3930 3932 3927 
f 3930 3931 3933 3932 
f 3869 3926 3934 3879 
f 3926 3927 3935 3934 
f 3879 3934 3936 3881 
f 3934 3935 3937 3936 
f 3881 3936 3938 3883 
f 3936 3937 3939 3938 
f 3883 3938 3940 3885 
f 3938 3939 3941 3940 
f 3927 3932 3942 3935 
f 3932 3933 3943 3942 
f 3935 3942 3944 3937 
f 3942 3943 3945 3944 
f 3937 3944 3946 3939 
f 3944 3945 3947 3946 
f 3939 3946 3948 3941 
f 3946 3947 3949 3948 
f 3829 3830 3950 3929 
f 3830 3792 3843 3950 
f 3929 3950 3951 3931 
f 3950 3843 3842 3951 
f 3931 3951 3952 3933 
f 3951 3842 3841 3952 
f 3933 3952 3953 3943 
f 3952 3841 3840 3953 
f 3943 3953 3954 3945 
f 3953 3840 3839 3954 
f 3945 3954 3955 3947 
f 3954 3839 3838 3955 
f 3947 3955 3956 3949 
f 3955 3838 3837 3956 
f 3885 3940 3957 3907 
f 3940 3941 3958 3957 
f 3907 3957 3959 3909 
f 3957 3958 3960 3959 
f 3909 3959 3961 3911 
f 3959 3960 3962 3961 
f 3911 3961 3963 3913 
f 3961 3962 3964 3963 
f 3941 3948 3965 3958 
f 3948 3949 3966 3965 
f 3958 3965 3967 3960 
f 3965 3966 3968 3967 
f 3960 3967 3969 3962 
f 3967 3968 3970 3969 
f 3962 3969 3971 3964 
f 3969 3970 3972 3971 
f 3913 3963 3973 3919 
f 3963 3964 3974 3973 
f 3919 3973 3975 3921 
f 3973 3974 3976 3975 
f 3921 3975 3794 3793 
f 3975 3976 3795 3794 
f 3964 3971 3977 3974 
f 3971 3972 3978 3977 
f 3974 3977 3979 3976 
f 3977 3978 3980 3979 
f 3976 3979 3796 3795 
f 3979 3980 3797 3796 
f 3949 3956 3981 3966 
f 3956 3837 3836 3981 
f 3966 3981 3982 3968 
f 3981 3836 3835 3982 
f 3968 3982 3983 3970 
f 3982 3835 3834 3983 
f 3970 3983 3984 3972 
f 3983 3834 3833 3984 
f 3972 3984 3985 3978 
f 3984 3833 3832 3985 
f 3978 3985 3986 3980 
f 3985 3832 3831 3986 
f 3980 3986 3798 3797 
f 3986 3831 3799 3798 
f 3998 3789 3989 3999 
f 3998 4000 3987 3789 
f 4000 4001 4238 3987 
f 3788 4004 3999 3989 
f 3990 4005 4004 3788 
f 4267 4006 4005 3990 
f 4266 4007 4006 4267 
f 4265 4008 4007 4266 
f 4264 4009 4008 4265 
f 4154 4170 4009 4264 
f 3991 3992 4026 4025 
f 3992 3993 4027 4026 
f 3993 3994 4028 4027 
f 3994 3995 4029 4028 
f 3995 3791 4030 4029 
f 3996 4031 4030 3791 
f 4236 4032 4031 3996 
f 4003 4218 4220 4034 
f 4034 4220 4221 4035 
f 4035 4221 4222 4036 
f 4002 4001 4050 4047 
f 4001 4000 4051 4050 
f 4047 4050 4052 4048 
f 4050 4051 4053 4052 
f 4000 3998 4054 4051 
f 3998 3999 4055 4054 
f 4051 4054 4056 4053 
f 4054 4055 4057 4056 
f 4053 4056 4058 4059 
f 4056 4057 4060 4058 
f 4036 4222 4223 4037 
f 4037 4223 4224 4038 
f 4038 4224 4225 4039 
f 4039 4225 4226 4040 
f 4049 4066 4239 4061 
f 4065 4239 4066 4059 
f 4048 4052 4066 4049 
f 4052 4053 4059 4066 
f 4059 4058 4067 4065 
f 4058 4060 4068 4067 
f 4061 4239 4240 4062 
f 4065 4067 4070 4069 
f 4067 4068 4071 4070 
f 4062 4240 4241 4063 
f 4069 4070 4073 4072 
f 4070 4071 4074 4073 
f 4063 4241 4242 4064 
f 4072 4073 4076 4075 
f 4073 4074 4077 4076 
f 4040 4226 4227 4041 
f 4041 4227 4228 4042 
f 4042 4228 4229 4043 
f 4043 4229 4230 4044 
f 4064 4242 4243 4078 
f 4075 4076 4083 4082 
f 4076 4077 4084 4083 
f 4078 4243 4244 4079 
f 4082 4083 4086 4085 
f 4083 4084 4087 4086 
f 4079 4244 4245 4080 
f 4085 4086 4089 4088 
f 4086 4087 4090 4089 
f 4089 4090 4091 4092 
f 4044 4230 4231 4045 
f 4045 4231 4232 4046 
f 4046 4232 4219 3997 
f 4081 4096 4095 4093 
f 4080 4245 4096 4081 
f 4097 4096 4245 4088 
f 4088 4089 4092 4097 
f 4096 4097 4098 4095 
f 4097 4092 4099 4098 
f 4092 4091 4100 4099 
f 4093 4095 4101 4094 
f 4095 4098 4102 4101 
f 4098 4099 4103 4102 
f 4099 4100 4104 4103 
f 4094 4101 4032 4033 
f 4101 4102 4031 4032 
f 4102 4103 4030 4031 
f 4103 4104 4029 4030 
f 3999 4004 4105 4055 
f 4004 4005 4106 4105 
f 4055 4105 4107 4057 
f 4105 4106 4108 4107 
f 4057 4107 4109 4060 
f 4107 4108 4110 4109 
f 4005 4006 4111 4106 
f 4006 4007 4112 4111 
f 4106 4111 4113 4108 
f 4111 4112 4114 4113 
f 4060 4109 4115 4068 
f 4109 4110 4116 4115 
f 4068 4115 4117 4071 
f 4115 4116 4118 4117 
f 4110 4120 4246 4116 
f 4119 4246 4120 4121 
f 4108 4113 4120 4110 
f 4113 4114 4121 4120 
f 4121 4254 4253 4119 
f 4116 4246 4247 4118 
f 4071 4117 4123 4074 
f 4117 4118 4124 4123 
f 4074 4123 4125 4077 
f 4123 4124 4126 4125 
f 4118 4247 4248 4124 
f 4124 4248 4249 4126 
f 4112 4129 4255 4114 
f 4011 4255 4129 4010 
f 4007 4008 4129 4112 
f 4008 4009 4010 4129 
f 4114 4255 4254 4121 
f 4119 4253 4256 4122 
f 4122 4256 4257 4127 
f 4127 4257 4258 4128 
f 4077 4125 4130 4084 
f 4125 4126 4131 4130 
f 4084 4130 4132 4087 
f 4130 4131 4133 4132 
f 4126 4249 4250 4131 
f 4131 4250 4251 4133 
f 4087 4132 4136 4090 
f 4132 4133 4137 4136 
f 4090 4136 4138 4091 
f 4136 4137 4139 4138 
f 4133 4251 4252 4137 
f 4128 4258 4259 4134 
f 4134 4259 4260 4135 
f 4135 4260 4261 4140 
f 4140 4261 4262 4141 
f 4091 4138 4142 4100 
f 4138 4139 4143 4142 
f 4100 4142 4144 4104 
f 4142 4143 4145 4144 
f 4139 4147 4146 4143 
f 4137 4252 4147 4139 
f 4141 4147 4252 4140 
f 4147 4141 4148 4146 
f 4141 4262 4263 4148 
f 4143 4146 4149 4145 
f 4146 4148 4150 4149 
f 4104 4144 4028 4029 
f 4144 4145 4027 4028 
f 4145 4149 4026 4027 
f 4149 4150 4025 4026 
f 4150 4151 4024 4025 
f 4148 4263 4151 4150 
f 4022 4151 4263 4021 
f 4151 4022 4023 4024 
f 4152 4153 4024 4023 
f 4153 3991 4025 4024 
f 3799 3831 4157 4156 
f 3831 3832 4158 4157 
f 3832 3833 4159 4158 
f 3833 3834 4160 4159 
f 3834 3835 4161 4160 
f 3835 3836 4162 4161 
f 3836 3837 4163 4162 
f 3837 3838 4164 4163 
f 3838 3839 4165 4164 
f 3839 3840 4166 4165 
f 3840 3841 4167 4166 
f 3841 3842 4168 4167 
f 3842 3843 4169 4168 
f 3843 3792 4155 4169 
f 4010 4009 4170 4171 
f 4011 4010 4171 4172 
f 4012 4011 4172 4173 
f 4013 4012 4173 4174 
f 4014 4013 4174 4175 
f 4015 4014 4175 4176 
f 4016 4015 4176 4177 
f 4017 4016 4177 4178 
f 4018 4017 4178 4179 
f 4019 4018 4179 4180 
f 4020 4019 4180 4181 
f 4021 4020 4181 4182 
f 4022 4021 4182 4183 
f 4023 4022 4183 4184 
f 3792 4152 4185 4155 
f 4152 4023 4184 4185 
f 4154 4156 4188 4186 
f 4156 4157 4189 4188 
f 4157 4158 4190 4189 
f 4158 4159 4191 4190 
f 4159 4160 4192 4191 
f 4160 4161 4193 4192 
f 4161 4162 4194 4193 
f 4162 4163 4195 4194 
f 4163 4164 4196 4195 
f 4164 4165 4197 4196 
f 4165 4166 4198 4197 
f 4166 4167 4199 4198 
f 4167 4168 4200 4199 
f 4168 4169 4201 4200 
f 4169 4155 4187 4201 
f 4170 4154 4186 4202 
f 4171 4170 4202 4203 
f 4172 4171 4203 4204 
f 4173 4172 4204 4205 
f 4174 4173 4205 4206 
f 4175 4174 4206 4207 
f 4176 4175 4207 4208 
f 4177 4176 4208 4209 
f 4178 4177 4209 4210 
f 4179 4178 4210 4211 
f 4180 4179 4211 4212 
f 4181 4180 4212 4213 
f 4182 4181 4213 4214 
f 4183 4182 4214 4215 
f 4184 4183 4215 4216 
f 4155 4185 4217 4187 
f 4185 4184 4216 4217 
f 4218 4002 4047 4220 
f 4220 4047 4048 4221 
f 4221 4048 4049 4222 
f 4222 4049 4061 4223 
f 4223 4061 4062 4224 
f 4224 4062 4063 4225 
f 4225 4063 4064 4226 
f 4226 4064 4078 4227 
f 4227 4078 4079 4228 
f 4228 4079 4080 4229 
f 4229 4080 4081 4230 
f 4230 4081 4093 4231 
f 4231 4093 4094 4232 
f 4232 4094 4033 4219 
f 4218 4003 3988 4233 
f 4233 3988 3805 3804 
f 3820 3819 3790 4234 
f 4234 3790 3997 4219 
f 3821 3820 4234 4235 
f 4235 4234 4219 4033 
f 4236 4235 4033 4032 
f 4002 4218 4233 4237 
f 4237 4233 3804 3803 
f 4001 4002 4237 4238 
f 4238 4237 3803 3802 
f 4239 4065 4069 4240 
f 4240 4069 4072 4241 
f 4241 4072 4075 4242 
f 4242 4075 4082 4243 
f 4243 4082 4085 4244 
f 4244 4085 4088 4245 
f 4246 4119 4122 4247 
f 4247 4122 4127 4248 
f 4248 4127 4128 4249 
f 4249 4128 4134 4250 
f 4250 4134 4135 4251 
f 4251 4135 4140 4252 
f 4254 4012 4013 4253 
f 4255 4011 4012 4254 
f 4253 4013 4014 4256 
f 4256 4014 4015 4257 
f 4257 4015 4016 4258 
f 4258 4016 4017 4259 
f 4259 4017 4018 4260 
f 4260 4018 4019 4261 
f 4261 4019 4020 4262 
f 4262 4020 4021 4263 
s 4
f 5136 4296 4268 
s 6
f 4268 4296 4297 4269 
f 4269 4297 4298 4270 
f 4270 4298 4299 4271 
f 4271 4299 4300 4272 
s 2
f 4272 4300 4301 4273 
s 6
f 4273 4301 4302 4274 
f 4274 4302 4303 4275 
f 4275 4303 4304 4276 
s 4
f 4276 4304 4305 4277 
s 6
f 4277 4305 4306 4278 
f 4278 4306 4307 4279 
f 4279 4307 4308 4280 
f 4280 4308 4309 4281 
f 4281 4309 4310 4282 
f 4282 4310 4311 4283 
f 4283 4311 4312 4284 
s 2
f 4284 4312 4313 4285 
s 6
f 4285 4313 4314 4286 
f 4286 4314 4315 4287 
f 4287 4315 4316 4288 
f 4288 4316 4317 4289 
s 4
f 4289 4317 4318 4290 
s 6
f 4290 4318 4319 4291 
f 4291 4319 4320 4292 
f 4292 4320 4321 4293 
f 4293 4321 4322 4294 
s 2
f 4294 4322 4323 4295 
s 4
f 5136 4324 4296 
s 6
f 4296 4324 4325 4297 
f 4297 4325 4326 4298 
f 4298 4326 4327 4299 
f 4299 4327 4328 4300 
s 2
f 4300 4328 4329 4301 
s 6
f 4301 4329 4330 4302 
f 4302 4330 4331 4303 
f 4303 4331 4332 4304 
s 4
f 4304 4332 4333 4305 
s 6
f 4305 4333 4334 4306 
f 4306 4334 4335 4307 
f 4307 4335 4336 4308 
f 4308 4336 4337 4309 
f 4309 4337 4338 4310 
f 4310 4338 4339 4311 
f 4311 4339 4340 4312 
s 2
f 4312 4340 4341 4313 
s 6
f 4313 4341 4342 4314 
f 4314 4342 4343 4315 
f 4315 4343 4344 4316 
f 4316 4344 4345 4317 
s 4
f 4317 4345 4346 4318 
s 6
f 4318 4346 4347 4319 
f 4319 4347 4348 4320 
f 4320 4348 4349 4321 
f 4321 4349 4350 4322 
s 2
f 4322 4350 4351 4323 
s 4
f 5136 4352 4324 
s 6
f 4324 4352 4353 4325 
f 4325 4353 4354 4326 
f 4326 4354 4355 4327 
f 4327 4355 4356 4328 
s 2
f 4328 4356 4357 4329 
s 6
f 4329 4357 4358 4330 
f 4330 4358 4359 4331 
f 4331 4359 4360 4332 
s 4
f 4332 4360 4361 4333 
s 6
f 4333 4361 4362 4334 
f 4334 4362 4363 4335 
f 4335 4363 4364 4336 
f 4336 4364 4365 4337 
f 4337 4365 4366 4338 
f 4338 4366 4367 4339 
f 4339 4367 4368 4340 
s 2
f 4340 4368 4369 4341 
s 6
f 4341 4369 4370 4342 
f 4342 4370 4371 4343 
f 4343 4371 4372 4344 
f 4344 4372 4373 4345 
s 4
f 4345 4373 4374 4346 
s 6
f 4346 4374 4375 4347 
f 4347 4375 4376 4348 
f 4348 4376 4377 4349 
f 4349 4377 4378 4350 
s 2
f 4350 4378 4379 4351 
s 4
f 5136 4380 4352 
s 6
f 4352 4380 4381 4353 
f 4353 4381 4382 4354 
f 4354 4382 4383 4355 
f 4355 4383 4384 4356 
s 2
f 4356 4384 4385 4357 
s 6
f 4357 4385 4386 4358 
f 4358 4386 4387 4359 
f 4359 4387 4388 4360 
s 4
f 4360 4388 4389 4361 
s 6
f 4361 4389 4390 4362 
f 4362 4390 4391 4363 
f 4363 4391 4392 4364 
f 4364 4392 4393 4365 
f 4365 4393 4394 4366 
f 4366 4394 4395 4367 
f 4367 4395 4396 4368 
s 2
f 4368 4396 4397 4369 
s 6
f 4369 4397 4398 4370 
f 4370 4398 4399 4371 
f 4371 4399 4400 4372 
f 4372 4400 4401 4373 
s 4
f 4373 4401 4402 4374 
s 6
f 4374 4402 4403 4375 
f 4375 4403 4404 4376 
f 4376 4404 4405 4377 
f 4377 4405 4406 4378 
s 2
f 4378 4406 4407 4379 
s 4
f 5136 4408 4380 
s 6
f 4380 4408 4409 4381 
f 4381 4409 4410 4382 
f 4382 4410 4411 4383 
f 4383 4411 4412 4384 
s 2
f 4384 4412 4413 4385 
s 6
f 4385 4413 4414 4386 
f 4386 4414 4415 4387 
f 4387 4415 4416 4388 
s 4
f 4388 4416 4417 4389 
s 6
f 4389 4417 4418 4390 
f 4390 4418 4419 4391 
f 4391 4419 4420 4392 
f 4392 4420 4421 4393 
f 4393 4421 4422 4394 
f 4394 4422 4423 4395 
f 4395 4423 4424 4396 
s 2
f 4396 4424 4425 4397 
s 6
f 4397 4425 4426 4398 
f 4398 4426 4427 4399 
f 4399 4427 4428 4400 
f 4400 4428 4429 4401 
s 4
f 4401 4429 4430 4402 
s 6
f 4402 4430 4431 4403 
f 4403 4431 4432 4404 
f 4404 4432 4433 4405 
f 4405 4433 4434 4406 
s 2
f 4406 4434 4435 4407 
s 4
f 5136 4436 4408 
s 6
f 4408 4436 4437 4409 
f 4409 4437 4438 4410 
f 4410 4438 4439 4411 
f 4411 4439 4440 4412 
s 2
f 4412 4440 4441 4413 
s 6
f 4413 4441 4442 4414 
f 4414 4442 4443 4415 
f 4415 4443 4444 4416 
s 4
f 4416 4444 4445 4417 
s 6
f 4417 4445 4446 4418 
f 4418 4446 4447 4419 
f 4419 4447 4448 4420 
f 4420 4448 4449 4421 
f 4421 4449 4450 4422 
f 4422 4450 4451 4423 
f 4423 4451 4452 4424 
s 2
f 4424 4452 4453 4425 
s 6
f 4425 4453 4454 4426 
f 4426 4454 4455 4427 
f 4427 4455 4456 4428 
f 4428 4456 4457 4429 
s 4
f 4429 4457 4458 4430 
s 6
f 4430 4458 4459 4431 
f 4431 4459 4460 4432 
f 4432 4460 4461 4433 
f 4433 4461 4462 4434 
s 2
f 4434 4462 4463 4435 
s 4
f 5136 4464 4436 
s 6
f 4436 4464 4465 4437 
f 4437 4465 4466 4438 
f 4438 4466 4467 4439 
f 4439 4467 4468 4440 
s 2
f 4440 4468 4469 4441 
s 6
f 4441 4469 4470 4442 
f 4442 4470 4471 4443 
f 4443 4471 4472 4444 
s 4
f 4444 4472 4473 4445 
s 6
f 4445 4473 4474 4446 
f 4446 4474 4475 4447 
f 4447 4475 4476 4448 
f 4448 4476 4477 4449 
f 4449 4477 4478 4450 
f 4450 4478 4479 4451 
f 4451 4479 4480 4452 
s 2
f 4452 4480 4481 4453 
s 6
f 4453 4481 4482 4454 
f 4454 4482 4483 4455 
f 4455 4483 4484 4456 
f 4456 4484 4485 4457 
s 4
f 4457 4485 4486 4458 
s 6
f 4458 4486 4487 4459 
f 4459 4487 4488 4460 
f 4460 4488 4489 4461 
f 4461 4489 4490 4462 
s 2
f 4462 4490 4491 4463 
s 4
f 5136 4492 4464 
s 6
f 4464 4492 4493 4465 
f 4465 4493 4494 4466 
f 4466 4494 4495 4467 
f 4467 4495 4496 4468 
s 2
f 4468 4496 4497 4469 
s 6
f 4469 4497 4498 4470 
f 4470 4498 4499 4471 
f 4471 4499 4500 4472 
s 4
f 4472 4500 4501 4473 
s 6
f 4473 4501 4502 4474 
f 4474 4502 4503 4475 
f 4475 4503 4504 4476 
f 4476 4504 4505 4477 
f 4477 4505 4506 4478 
f 4478 4506 4507 4479 
f 4479 4507 4508 4480 
s 2
f 4480 4508 4509 4481 
s 6
f 4481 4509 4510 4482 
f 4482 4510 4511 4483 
f 4483 4511 4512 4484 
f 4484 4512 4513 4485 
s 4
f 4485 4513 4514 4486 
s 6
f 4486 4514 4515 4487 
f 4487 4515 4516 4488 
f 4488 4516 4517 4489 
f 4489 4517 4518 4490 
s 2
f 4490 4518 4519 4491 
s 4
f 5136 4520 4492 
s 6
f 4492 4520 4521 4493 
f 4493 4521 4522 4494 
f 4494 4522 4523 4495 
f 4495 4523 4524 4496 
s 2
f 4496 4524 4525 4497 
s 6
f 4497 4525 4526 4498 
f 4498 4526 4527 4499 
f 4499 4527 4528 4500 
s 4
f 4500 4528 4529 4501 
s 6
f 4501 4529 4530 4502 
f 4502 4530 4531 4503 
f 4503 4531 4532 4504 
f 4504 4532 4533 4505 
f 4505 4533 4534 4506 
f 4506 4534 4535 4507 
f 4507 4535 4536 4508 
s 2
f 4508 4536 4537 4509 
s 6
f 4509 4537 4538 4510 
f 4510 4538 4539 4511 
f 4511 4539 4540 4512 
f 4512 4540 4541 4513 
s 4
f 4513 4541 4542 4514 
s 6
f 4514 4542 4543 4515 
f 4515 4543 4544 4516 
f 4516 4544 4545 4517 
f 4517 4545 4546 4518 
s 2
f 4518 4546 4547 4519 
s 4
f 5136 4548 4520 
s 6
f 4520 4548 4549 4521 
f 4521 4549 4550 4522 
f 4522 4550 4551 4523 
f 4523 4551 4552 4524 
s 2
f 4524 4552 4553 4525 
s 6
f 4525 4553 4554 4526 
f 4526 4554 4555 4527 
f 4527 4555 4556 4528 
s 4
f 4528 4556 4557 4529 
s 6
f 4529 4557 4558 4530 
f 4530 4558 4559 4531 
f 4531 4559 4560 4532 
f 4532 4560 4561 4533 
f 4533 4561 4562 4534 
f 4534 4562 4563 4535 
f 4535 4563 4564 4536 
s 2
f 4536 4564 4565 4537 
s 6
f 4537 4565 4566 4538 
f 4538 4566 4567 4539 
f 4539 4567 4568 4540 
f 4540 4568 4569 4541 
s 4
f 4541 4569 4570 4542 
s 6
f 4542 4570 4571 4543 
f 4543 4571 4572 4544 
f 4544 4572 4573 4545 
f 4545 4573 4574 4546 
s 2
f 4546 4574 4575 4547 
s 4
f 5136 4576 4548 
s 6
f 4548 4576 4577 4549 
f 4549 4577 4578 4550 
f 4550 4578 4579 4551 
f 4551 4579 4580 4552 
s 2
f 4552 4580 4581 4553 
s 6
f 4553 4581 4582 4554 
f 4554 4582 4583 4555 
f 4555 4583 4584 4556 
s 4
f 4556 4584 4585 4557 
s 6
f 4557 4585 4586 4558 
f 4558 4586 4587 4559 
f 4559 4587 4588 4560 
f 4560 4588 4589 4561 
f 4561 4589 4590 4562 
f 4562 4590 4591 4563 
f 4563 4591 4592 4564 
s 2
f 4564 4592 4593 4565 
s 6
f 4565 4593 4594 4566 
f 4566 4594 4595 4567 
f 4567 4595 4596 4568 
f 4568 4596 4597 4569 
s 4
f 4569 4597 4598 4570 
s 6
f 4570 4598 4599 4571 
f 4571 4599 4600 4572 
f 4572 4600 4601 4573 
f 4573 4601 4602 4574 
s 2
f 4574 4602 4603 4575 
s 4
f 5136 4604 4576 
s 6
f 4576 4604 4605 4577 
f 4577 4605 4606 4578 
f 4578 4606 4607 4579 
f 4579 4607 4608 4580 
s 2
f 4580 4608 4609 4581 
s 6
f 4581 4609 4610 4582 
f 4582 4610 4611 4583 
f 4583 4611 4612 4584 
s 4
f 4584 4612 4613 4585 
s 6
f 4585 4613 4614 4586 
f 4586 4614 4615 4587 
f 4587 4615 4616 4588 
f 4588 4616 4617 4589 
f 4589 4617 4618 4590 
f 4590 4618 4619 4591 
f 4591 4619 4620 4592 
s 2
f 4592 4620 4621 4593 
s 6
f 4593 4621 4622 4594 
f 4594 4622 4623 4595 
f 4595 4623 4624 4596 
f 4596 4624 4625 4597 
s 4
f 4597 4625 4626 4598 
s 6
f 4598 4626 4627 4599 
f 4599 4627 4628 4600 
f 4600 4628 4629 4601 
f 4601 4629 4630 4602 
s 2
f 4602 4630 4631 4603 
s 4
f 5136 4632 4604 
s 6
f 4604 4632 4633 4605 
f 4605 4633 4634 4606 
f 4606 4634 4635 4607 
f 4607 4635 4636 4608 
s 2
f 4608 4636 4637 4609 
s 6
f 4609 4637 4638 4610 
f 4610 4638 4639 4611 
f 4611 4639 4640 4612 
s 4
f 4612 4640 4641 4613 
s 6
f 4613 4641 4642 4614 
f 4614 4642 4643 4615 
f 4615 4643 4644 4616 
f 4616 4644 4645 4617 
f 4617 4645 4646 4618 
f 4618 4646 4647 4619 
f 4619 4647 4648 4620 
s 2
f 4620 4648 4649 4621 
s 6
f 4621 4649 4650 4622 
f 4622 4650 4651 4623 
f 4623 4651 4652 4624 
f 4624 4652 4653 4625 
s 4
f 4625 4653 4654 4626 
s 6
f 4626 4654 4655 4627 
f 4627 4655 4656 4628 
f 4628 4656 4657 4629 
f 4629 4657 4658 4630 
s 2
f 4630 4658 4659 4631 
s 4
f 5136 4660 4632 
s 6
f 4632 4660 4661 4633 
f 4633 4661 4662 4634 
f 4634 4662 4663 4635 
f 4635 4663 4664 4636 
s 2
f 4636 4664 4665 4637 
s 6
f 4637 4665 4666 4638 
f 4638 4666 4667 4639 
f 4639 4667 4668 4640 
s 4
f 4640 4668 4669 4641 
s 6
f 4641 4669 4670 4642 
f 4642 4670 4671 4643 
f 4643 4671 4672 4644 
f 4644 4672 4673 4645 
f 4645 4673 4674 4646 
f 4646 4674 4675 4647 
f 4647 4675 4676 4648 
s 2
f 4648 4676 4677 4649 
s 6
f 4649 4677 4678 4650 
f 4650 4678 4679 4651 
f 4651 4679 4680 4652 
f 4652 4680 4681 4653 
s 4
f 4653 4681 4682 4654 
s 6
f 4654 4682 4683 4655 
f 4655 4683 4684 4656 
f 4656 4684 4685 4657 
f 4657 4685 4686 4658 
s 2
f 4658 4686 4687 4659 
s 4
f 5136 4688 4660 
s 6
f 4660 4688 4689 4661 
f 4661 4689 4690 4662 
f 4662 4690 4691 4663 
f 4663 4691 4692 4664 
s 2
f 4664 4692 4693 4665 
s 6
f 4665 4693 4694 4666 
f 4666 4694 4695 4667 
f 4667 4695 4696 4668 
s 4
f 4668 4696 4697 4669 
s 6
f 4669 4697 4698 4670 
f 4670 4698 4699 4671 
f 4671 4699 4700 4672 
f 4672 4700 4701 4673 
f 4673 4701 4702 4674 
f 4674 4702 4703 4675 
f 4675 4703 4704 4676 
s 2
f 4676 4704 4705 4677 
s 6
f 4677 4705 4706 4678 
f 4678 4706 4707 4679 
f 4679 4707 4708 4680 
f 4680 4708 4709 4681 
s 4
f 4681 4709 4710 4682 
s 6
f 4682 4710 4711 4683 
f 4683 4711 4712 4684 
f 4684 4712 4713 4685 
f 4685 4713 4714 4686 
s 2
f 4686 4714 4715 4687 
s 4
f 5136 4716 4688 
s 6
f 4688 4716 4717 4689 
f 4689 4717 4718 4690 
f 4690 4718 4719 4691 
f 4691 4719 4720 4692 
s 2
f 4692 4720 4721 4693 
s 6
f 4693 4721 4722 4694 
f 4694 4722 4723 4695 
f 4695 4723 4724 4696 
s 4
f 4696 4724 4725 4697 
s 6
f 4697 4725 4726 4698 
f 4698 4726 4727 4699 
f 4699 4727 4728 4700 
f 4700 4728 4729 4701 
f 4701 4729 4730 4702 
f 4702 4730 4731 4703 
f 4703 4731 4732 4704 
s 2
f 4704 4732 4733 4705 
s 6
f 4705 4733 4734 4706 
f 4706 4734 4735 4707 
f 4707 4735 4736 4708 
f 4708 4736 4737 4709 
s 4
f 4709 4737 4738 4710 
s 6
f 4710 4738 4739 4711 
f 4711 4739 4740 4712 
f 4712 4740 4741 4713 
f 4713 4741 4742 4714 
s 2
f 4714 4742 4743 4715 
s 4
f 5136 4744 4716 
s 6
f 4716 4744 4745 4717 
f 4717 4745 4746 4718 
f 4718 4746 4747 4719 
f 4719 4747 4748 4720 
s 2
f 4720 4748 4749 4721 
s 6
f 4721 4749 4750 4722 
f 4722 4750 4751 4723 
f 4723 4751 4752 4724 
s 4
f 4724 4752 4753 4725 
s 6
f 4725 4753 4754 4726 
f 4726 4754 4755 4727 
f 4727 4755 4756 4728 
f 4728 4756 4757 4729 
f 4729 4757 4758 4730 
f 4730 4758 4759 4731 
f 4731 4759 4760 4732 
s 2
f 4732 4760 4761 4733 
s 6
f 4733 4761 4762 4734 
f 4734 4762 4763 4735 
f 4735 4763 4764 4736 
f 4736 4764 4765 4737 
s 4
f 4737 4765 4766 4738 
s 6
f 4738 4766 4767 4739 
f 4739 4767 4768 4740 
f 4740 4768 4769 4741 
f 4741 4769 4770 4742 
s 2
f 4742 4770 4771 4743 
s 4
f 5136 4772 4744 
s 6
f 4744 4772 4773 4745 
f 4745 4773 4774 4746 
f 4746 4774 4775 4747 
f 4747 4775 4776 4748 
s 2
f 4748 4776 4777 4749 
s 6
f 4749 4777 4778 4750 
f 4750 4778 4779 4751 
f 4751 4779 4780 4752 
s 4
f 4752 4780 4781 4753 
s 6
f 4753 4781 4782 4754 
f 4754 4782 4783 4755 
f 4755 4783 4784 4756 
f 4756 4784 4785 4757 
f 4757 4785 4786 4758 
f 4758 4786 4787 4759 
f 4759 4787 4788 4760 
s 2
f 4760 4788 4789 4761 
s 6
f 4761 4789 4790 4762 
f 4762 4790 4791 4763 
f 4763 4791 4792 4764 
f 4764 4792 4793 4765 
s 4
f 4765 4793 4794 4766 
s 6
f 4766 4794 4795 4767 
f 4767 4795 4796 4768 
f 4768 4796 4797 4769 
f 4769 4797 4798 4770 
s 2
f 4770 4798 4799 4771 
s 4
f 5136 4800 4772 
s 6
f 4772 4800 4801 4773 
f 4773 4801 4802 4774 
f 4774 4802 4803 4775 
f 4775 4803 4804 4776 
s 2
f 4776 4804 4805 4777 
s 6
f 4777 4805 4806 4778 
f 4778 4806 4807 4779 
f 4779 4807 4808 4780 
s 4
f 4780 4808 4809 4781 
s 6
f 4781 4809 4810 4782 
f 4782 4810 4811 4783 
f 4783 4811 4812 4784 
f 4784 4812 4813 4785 
f 4785 4813 4814 4786 
f 4786 4814 4815 4787 
f 4787 4815 4816 4788 
s 2
f 4788 4816 4817 4789 
s 6
f 4789 4817 4818 4790 
f 4790 4818 4819 4791 
f 4791 4819 4820 4792 
f 4792 4820 4821 4793 
s 4
f 4793 4821 4822 4794 
s 6
f 4794 4822 4823 4795 
f 4795 4823 4824 4796 
f 4796 4824 4825 4797 
f 4797 4825 4826 4798 
s 2
f 4798 4826 4827 4799 
s 4
f 5136 4828 4800 
s 6
f 4800 4828 4829 4801 
f 4801 4829 4830 4802 
f 4802 4830 4831 4803 
f 4803 4831 4832 4804 
s 2
f 4804 4832 4833 4805 
s 6
f 4805 4833 4834 4806 
f 4806 4834 4835 4807 
f 4807 4835 4836 4808 
s 4
f 4808 4836 4837 4809 
s 6
f 4809 4837 4838 4810 
f 4810 4838 4839 4811 
f 4811 4839 4840 4812 
f 4812 4840 4841 4813 
f 4813 4841 4842 4814 
f 4814 4842 4843 4815 
f 4815 4843 4844 4816 
s 2
f 4816 4844 4845 4817 
s 6
f 4817 4845 4846 4818 
f 4818 4846 4847 4819 
f 4819 4847 4848 4820 
f 4820 4848 4849 4821 
s 4
f 4821 4849 4850 4822 
s 6
f 4822 4850 4851 4823 
f 4823 4851 4852 4824 
f 4824 4852 4853 4825 
f 4825 4853 4854 4826 
s 2
f 4826 4854 4855 4827 
s 4
f 5136 4856 4828 
s 6
f 4828 4856 4857 4829 
f 4829 4857 4858 4830 
f 4830 4858 4859 4831 
f 4831 4859 4860 4832 
s 2
f 4832 4860 4861 4833 
s 6
f 4833 4861 4862 4834 
f 4834 4862 4863 4835 
f 4835 4863 4864 4836 
s 4
f 4836 4864 4865 4837 
s 6
f 4837 4865 4866 4838 
f 4838 4866 4867 4839 
f 4839 4867 4868 4840 
f 4840 4868 4869 4841 
f 4841 4869 4870 4842 
f 4842 4870 4871 4843 
f 4843 4871 4872 4844 
s 2
f 4844 4872 4873 4845 
s 6
f 4845 4873 4874 4846 
f 4846 4874 4875 4847 
f 4847 4875 4876 4848 
f 4848 4876 4877 4849 
s 4
f 4849 4877 4878 4850 
s 6
f 4850 4878 4879 4851 
f 4851 4879 4880 4852 
f 4852 4880 4881 4853 
f 4853 4881 4882 4854 
s 2
f 4854 4882 4883 4855 
s 4
f 5136 4884 4856 
s 6
f 4856 4884 4885 4857 
f 4857 4885 4886 4858 
f 4858 4886 4887 4859 
f 4859 4887 4888 4860 
s 2
f 4860 4888 4889 4861 
s 6
f 4861 4889 4890 4862 
f 4862 4890 4891 4863 
f 4863 4891 4892 4864 
s 4
f 4864 4892 4893 4865 
s 6
f 4865 4893 4894 4866 
f 4866 4894 4895 4867 
f 4867 4895 4896 4868 
f 4868 4896 4897 4869 
f 4869 4897 4898 4870 
f 4870 4898 4899 4871 
f 4871 4899 4900 4872 
s 2
f 4872 4900 4901 4873 
s 6
f 4873 4901 4902 4874 
f 4874 4902 4903 4875 
f 4875 4903 4904 4876 
f 4876 4904 4905 4877 
s 4
f 4877 4905 4906 4878 
s 6
f 4878 4906 4907 4879 
f 4879 4907 4908 4880 
f 4880 4908 4909 4881 
f 4881 4909 4910 4882 
s 2
f 4882 4910 4911 4883 
s 4
f 5136 4912 4884 
s 6
f 4884 4912 4913 4885 
f 4885 4913 4914 4886 
f 4886 4914 4915 4887 
f 4887 4915 4916 4888 
s 2
f 4888 4916 4917 4889 
s 6
f 4889 4917 4918 4890 
f 4890 4918 4919 4891 
f 4891 4919 4920 4892 
s 4
f 4892 4920 4921 4893 
s 6
f 4893 4921 4922 4894 
f 4894 4922 4923 4895 
f 4895 4923 4924 4896 
f 4896 4924 4925 4897 
f 4897 4925 4926 4898 
f 4898 4926 4927 4899 
f 4899 4927 4928 4900 
s 2
f 4900 4928 4929 4901 
s 6
f 4901 4929 4930 4902 
f 4902 4930 4931 4903 
f 4903 4931 4932 4904 
f 4904 4932 4933 4905 
s 4
f 4905 4933 4934 4906 
s 6
f 4906 4934 4935 4907 
f 4907 4935 4936 4908 
f 4908 4936 4937 4909 
f 4909 4937 4938 4910 
s 2
f 4910 4938 4939 4911 
s 4
f 5136 4940 4912 
s 6
f 4912 4940 4941 4913 
f 4913 4941 4942 4914 
f 4914 4942 4943 4915 
f 4915 4943 4944 4916 
s 2
f 4916 4944 4945 4917 
s 6
f 4917 4945 4946 4918 
f 4918 4946 4947 4919 
f 4919 4947 4948 4920 
s 4
f 4920 4948 4949 4921 
s 6
f 4921 4949 4950 4922 
f 4922 4950 4951 4923 
f 4923 4951 4952 4924 
f 4924 4952 4953 4925 
f 4925 4953 4954 4926 
f 4926 4954 4955 4927 
f 4927 4955 4956 4928 
s 2
f 4928 4956 4957 4929 
s 6
f 4929 4957 4958 4930 
f 4930 4958 4959 4931 
f 4931 4959 4960 4932 
f 4932 4960 4961 4933 
s 4
f 4933 4961 4962 4934 
s 6
f 4934 4962 4963 4935 
f 4935 4963 4964 4936 
f 4936 4964 4965 4937 
f 4937 4965 4966 4938 
s 2
f 4938 4966 4967 4939 
s 4
f 5136 4968 4940 
s 6
f 4940 4968 4969 4941 
f 4941 4969 4970 4942 
f 4942 4970 4971 4943 
f 4943 4971 4972 4944 
s 2
f 4944 4972 4973 4945 
s 6
f 4945 4973 4974 4946 
f 4946 4974 4975 4947 
f 4947 4975 4976 4948 
s 4
f 4948 4976 4977 4949 
s 6
f 4949 4977 4978 4950 
f 4950 4978 4979 4951 
f 4951 4979 4980 4952 
f 4952 4980 4981 4953 
f 4953 4981 4982 4954 
f 4954 4982 4983 4955 
f 4955 4983 4984 4956 
s 2
f 4956 4984 4985 4957 
s 6
f 4957 4985 4986 4958 
f 4958 4986 4987 4959 
f 4959 4987 4988 4960 
f 4960 4988 4989 4961 
s 4
f 4961 4989 4990 4962 
s 6
f 4962 4990 4991 4963 
f 4963 4991 4992 4964 
f 4964 4992 4993 4965 
f 4965 4993 4994 4966 
s 2
f 4966 4994 4995 4967 
s 4
f 5136 4996 4968 
s 6
f 4968 4996 4997 4969 
f 4969 4997 4998 4970 
f 4970 4998 4999 4971 
f 4971 4999 5000 4972 
s 2
f 4972 5000 5001 4973 
s 6
f 4973 5001 5002 4974 
f 4974 5002 5003 4975 
f 4975 5003 5004 4976 
s 4
f 4976 5004 5005 4977 
s 6
f 4977 5005 5006 4978 
f 4978 5006 5007 4979 
f 4979 5007 5008 4980 
f 4980 5008 5009 4981 
f 4981 5009 5010 4982 
f 4982 5010 5011 4983 
f 4983 5011 5012 4984 
s 2
f 4984 5012 5013 4985 
s 6
f 4985 5013 5014 4986 
f 4986 5014 5015 4987 
f 4987 5015 5016 4988 
f 4988 5016 5017 4989 
s 4
f 4989 5017 5018 4990 
s 6
f 4990 5018 5019 4991 
f 4991 5019 5020 4992 
f 4992 5020 5021 4993 
f 4993 5021 5022 4994 
s 2
f 4994 5022 5023 4995 
s 4
f 5136 5024 4996 
s 6
f 4996 5024 5025 4997 
f 4997 5025 5026 4998 
f 4998 5026 5027 4999 
f 4999 5027 5028 5000 
s 2
f 5000 5028 5029 5001 
s 6
f 5001 5029 5030 5002 
f 5002 5030 5031 5003 
f 5003 5031 5032 5004 
s 4
f 5004 5032 5033 5005 
s 6
f 5005 5033 5034 5006 
f 5006 5034 5035 5007 
f 5007 5035 5036 5008 
f 5008 5036 5037 5009 
f 5009 5037 5038 5010 
f 5010 5038 5039 5011 
f 5011 5039 5040 5012 
s 2
f 5012 5040 5041 5013 
s 6
f 5013 5041 5042 5014 
f 5014 5042 5043 5015 
f 5015 5043 5044 5016 
f 5016 5044 5045 5017 
s 4
f 5017 5045 5046 5018 
s 6
f 5018 5046 5047 5019 
f 5019 5047 5048 5020 
f 5020 5048 5049 5021 
f 5021 5049 5050 5022 
s 2
f 5022 5050 5051 5023 
s 4
f 5136 5052 5024 
s 6
f 5024 5052 5053 5025 
f 5025 5053 5054 5026 
f 5026 5054 5055 5027 
f 5027 5055 5056 5028 
s 2
f 5028 5056 5057 5029 
s 6
f 5029 5057 5058 5030 
f 5030 5058 5059 5031 
f 5031 5059 5060 5032 
s 4
f 5032 5060 5061 5033 
s 6
f 5033 5061 5062 5034 
f 5034 5062 5063 5035 
f 5035 5063 5064 5036 
f 5036 5064 5065 5037 
f 5037 5065 5066 5038 
f 5038 5066 5067 5039 
f 5039 5067 5068 5040 
s 2
f 5040 5068 5069 5041 
s 6
f 5041 5069 5070 5042 
f 5042 5070 5071 5043 
f 5043 5071 5072 5044 
f 5044 5072 5073 5045 
s 4
f 5045 5073 5074 5046 
s 6
f 5046 5074 5075 5047 
f 5047 5075 5076 5048 
f 5048 5076 5077 5049 
f 5049 5077 5078 5050 
s 2
f 5050 5078 5079 5051 
s 4
f 5136 5080 5052 
s 6
f 5052 5080 5081 5053 
f 5053 5081 5082 5054 
f 5054 5082 5083 5055 
f 5055 5083 5084 5056 
s 2
f 5056 5084 5085 5057 
s 6
f 5057 5085 5086 5058 
f 5058 5086 5087 5059 
f 5059 5087 5088 5060 
s 4
f 5060 5088 5089 5061 
s 6
f 5061 5089 5090 5062 
f 5062 5090 5091 5063 
f 5063 5091 5092 5064 
f 5064 5092 5093 5065 
f 5065 5093 5094 5066 
f 5066 5094 5095 5067 
f 5067 5095 5096 5068 
s 2
f 5068 5096 5097 5069 
s 6
f 5069 5097 5098 5070 
f 5070 5098 5099 5071 
f 5071 5099 5100 5072 
f 5072 5100 5101 5073 
s 4
f 5073 5101 5102 5074 
s 6
f 5074 5102 5103 5075 
f 5075 5103 5104 5076 
f 5076 5104 5105 5077 
f 5077 5105 5106 5078 
s 2
f 5078 5106 5107 5079 
s 4
f 5136 5108 5080 
s 6
f 5080 5108 5109 5081 
f 5081 5109 5110 5082 
f 5082 5110 5111 5083 
f 5083 5111 5112 5084 
s 2
f 5084 5112 5113 5085 
s 6
f 5085 5113 5114 5086 
f 5086 5114 5115 5087 
f 5087 5115 5116 5088 
s 4
f 5088 5116 5117 5089 
s 6
f 5089 5117 5118 5090 
f 5090 5118 5119 5091 
f 5091 5119 5120 5092 
f 5092 5120 5121 5093 
f 5093 5121 5122 5094 
f 5094 5122 5123 5095 
f 5095 5123 5124 5096 
s 2
f 5096 5124 5125 5097 
s 6
f 5097 5125 5126 5098 
f 5098 5126 5127 5099 
f 5099 5127 5128 5100 
f 5100 5128 5129 5101 
s 4
f 5101 5129 5130 5102 
s 6
f 5102 5130 5131 5103 
f 5103 5131 5132 5104 
f 5104 5132 5133 5105 
f 5105 5133 5134 5106 
s 2
f 5106 5134 5135 5107 
s 4
f 5136 5137 5108 
s 6
f 5108 5137 5138 5109 
f 5109 5138 5139 5110 
f 5110 5139 5140 5111 
f 5111 5140 5141 5112 
s 2
f 5112 5141 5142 5113 
s 6
f 5113 5142 5143 5114 
f 5114 5143 5144 5115 
f 5115 5144 5145 5116 
s 4
f 5116 5145 5146 5117 
s 6
f 5117 5146 5147 5118 
f 5118 5147 5148 5119 
f 5119 5148 5149 5120 
f 5120 5149 5150 5121 
f 5121 5150 5151 5122 
f 5122 5151 5152 5123 
f 5123 5152 5153 5124 
s 2
f 5124 5153 5154 5125 
s 6
f 5125 5154 5155 5126 
f 5126 5155 5156 5127 
f 5127 5156 5157 5128 
f 5128 5157 5158 5129 
s 4
f 5129 5158 5159 5130 
s 6
f 5130 5159 5160 5131 
f 5131 5160 5161 5132 
f 5132 5161 5162 5133 
f 5133 5162 5163 5134 
s 2
f 5134 5163 5164 5135 
s 4
f 5136 4268 5137 
s 6
f 5137 4268 4269 5138 
f 5138 4269 4270 5139 
f 5139 4270 4271 5140 
f 5140 4271 4272 5141 
s 2
f 5141 4272 4273 5142 
s 6
f 5142 4273 4274 5143 
f 5143 4274 4275 5144 
f 5144 4275 4276 5145 
s 4
f 5145 4276 4277 5146 
s 6
f 5146 4277 4278 5147 
f 5147 4278 4279 5148 
f 5148 4279 4280 5149 
f 5149 4280 4281 5150 
f 5150 4281 4282 5151 
f 5151 4282 4283 5152 
f 5152 4283 4284 5153 
s 2
f 5153 4284 4285 5154 
s 6
f 5154 4285 4286 5155 
f 5155 4286 4287 5156 
f 5156 4287 4288 5157 
f 5157 4288 4289 5158 
s 4
f 5158 4289 4290 5159 
s 6
f 5159 4290 4291 5160 
f 5160 4291 4292 5161 
f 5161 4292 4293 5162 
f 5162 4293 4294 5163 
s 2
f 5163 4294 4295 5164 
s off
f 4295 4323 5165 
f 4323 4351 5165 
f 4351 4379 5165 
f 4379 4407 5165 
f 4407 4435 5165 
f 4435 4463 5165 
f 4463 4491 5165 
f 4491 4519 5165 
f 4519 4547 5165 
f 4547 4575 5165 
f 4575 4603 5165 
f 4603 4631 5165 
f 4631 4659 5165 
f 4659 4687 5165 
f 4687 4715 5165 
f 4715 4743 5165 
f 4743 4771 5165 
f 4771 4799 5165 
f 4799 4827 5165 
f 4827 4855 5165 
f 4855 4883 5165 
f 4883 4911 5165 
f 4911 4939 5165 
f 4939 4967 5165 
f 4967 4995 5165 
f 4995 5023 5165 
f 5023 5051 5165 
f 5051 5079 5165 
f 5079 5107 5165 
f 5107 5135 5165 
f 5135 5164 5165 
f 5164 4295 5165 
s 1
f 5171 5367 5166 5172 
f 5172 5166 5368 5173 
f 5173 5368 5645 5174 
f 5174 5645 5644 5175 
f 5175 5644 5643 5176 
f 5176 5643 5642 5177 
f 5177 5642 5532 5534 
f 5367 5171 5178 5167 
f 5365 5167 5178 5179 
f 5616 5365 5179 5180 
f 5613 5199 5200 5614 
f 5614 5200 5201 5374 
f 5374 5201 5202 5169 
f 5169 5202 5203 5373 
f 5372 5373 5203 5204 
f 5371 5372 5204 5205 
f 5370 5371 5205 5206 
f 5369 5370 5206 5207 
f 5531 5369 5207 5208 
f 5530 5531 5208 5170 
f 5197 5196 5222 5198 
f 5198 5222 5223 5199 
f 5196 5195 5224 5222 
f 5222 5224 5225 5223 
f 5195 5194 5226 5224 
f 5224 5226 5227 5225 
f 5194 5193 5228 5226 
f 5226 5228 5229 5227 
f 5193 5192 5230 5228 
f 5228 5230 5231 5229 
f 5192 5191 5232 5230 
f 5230 5232 5233 5231 
f 5191 5190 5234 5232 
f 5232 5234 5235 5233 
f 5199 5223 5236 5200 
f 5200 5236 5237 5201 
f 5223 5225 5238 5236 
f 5236 5238 5239 5237 
f 5225 5227 5240 5238 
f 5238 5240 5241 5239 
f 5201 5237 5242 5202 
f 5202 5242 5243 5203 
f 5237 5239 5244 5242 
f 5242 5244 5245 5243 
f 5239 5241 5246 5244 
f 5244 5246 5247 5245 
f 5227 5229 5248 5240 
f 5240 5248 5249 5241 
f 5229 5231 5250 5248 
f 5248 5250 5251 5249 
f 5231 5233 5252 5250 
f 5250 5252 5253 5251 
f 5233 5235 5254 5252 
f 5252 5254 5255 5253 
f 5241 5249 5256 5246 
f 5246 5256 5257 5247 
f 5249 5251 5258 5256 
f 5256 5258 5259 5257 
f 5251 5253 5260 5258 
f 5258 5260 5261 5259 
f 5253 5255 5262 5260 
f 5260 5262 5263 5261 
f 5190 5189 5264 5234 
f 5234 5264 5265 5235 
f 5189 5188 5266 5264 
f 5264 5266 5267 5265 
f 5188 5187 5268 5266 
f 5266 5268 5269 5267 
f 5187 5186 5270 5268 
f 5268 5270 5271 5269 
f 5186 5185 5272 5270 
f 5270 5272 5273 5271 
f 5185 5184 5274 5272 
f 5272 5274 5275 5273 
f 5184 5183 5182 5274 
f 5274 5182 5181 5275 
f 5235 5265 5276 5254 
f 5254 5276 5277 5255 
f 5265 5267 5278 5276 
f 5276 5278 5279 5277 
f 5267 5269 5280 5278 
f 5278 5280 5281 5279 
f 5269 5271 5282 5280 
f 5280 5282 5283 5281 
f 5255 5277 5284 5262 
f 5262 5284 5285 5263 
f 5277 5279 5286 5284 
f 5284 5286 5287 5285 
f 5279 5281 5288 5286 
f 5286 5288 5289 5287 
f 5281 5283 5290 5288 
f 5288 5290 5291 5289 
f 5271 5273 5292 5282 
f 5282 5292 5293 5283 
f 5273 5275 5294 5292 
f 5292 5294 5295 5293 
f 5275 5181 5180 5294 
f 5294 5180 5179 5295 
f 5283 5293 5296 5290 
f 5290 5296 5297 5291 
f 5293 5295 5298 5296 
f 5296 5298 5299 5297 
f 5295 5179 5178 5298 
f 5298 5178 5171 5299 
f 5203 5243 5300 5204 
f 5204 5300 5301 5205 
f 5243 5245 5302 5300 
f 5300 5302 5303 5301 
f 5245 5247 5304 5302 
f 5302 5304 5305 5303 
f 5205 5301 5306 5206 
f 5206 5306 5307 5207 
f 5301 5303 5308 5306 
f 5306 5308 5309 5307 
f 5303 5305 5310 5308 
f 5308 5310 5311 5309 
f 5247 5257 5312 5304 
f 5304 5312 5313 5305 
f 5257 5259 5314 5312 
f 5312 5314 5315 5313 
f 5259 5261 5316 5314 
f 5314 5316 5317 5315 
f 5261 5263 5318 5316 
f 5316 5318 5319 5317 
f 5305 5313 5320 5310 
f 5310 5320 5321 5311 
f 5313 5315 5322 5320 
f 5320 5322 5323 5321 
f 5315 5317 5324 5322 
f 5322 5324 5325 5323 
f 5317 5319 5326 5324 
f 5324 5326 5327 5325 
f 5207 5307 5328 5208 
f 5208 5328 5221 5170 
f 5307 5309 5329 5328 
f 5328 5329 5220 5221 
f 5309 5311 5330 5329 
f 5329 5330 5219 5220 
f 5311 5321 5331 5330 
f 5330 5331 5218 5219 
f 5321 5323 5332 5331 
f 5331 5332 5217 5218 
f 5323 5325 5333 5332 
f 5332 5333 5216 5217 
f 5325 5327 5334 5333 
f 5333 5334 5215 5216 
f 5263 5285 5335 5318 
f 5318 5335 5336 5319 
f 5285 5287 5337 5335 
f 5335 5337 5338 5336 
f 5287 5289 5339 5337 
f 5337 5339 5340 5338 
f 5289 5291 5341 5339 
f 5339 5341 5342 5340 
f 5319 5336 5343 5326 
f 5326 5343 5344 5327 
f 5336 5338 5345 5343 
f 5343 5345 5346 5344 
f 5338 5340 5347 5345 
f 5345 5347 5348 5346 
f 5340 5342 5349 5347 
f 5347 5349 5350 5348 
f 5291 5297 5351 5341 
f 5341 5351 5352 5342 
f 5297 5299 5353 5351 
f 5351 5353 5354 5352 
f 5299 5171 5172 5353 
f 5353 5172 5173 5354 
f 5342 5352 5355 5349 
f 5349 5355 5356 5350 
f 5352 5354 5357 5355 
f 5355 5357 5358 5356 
f 5354 5173 5174 5357 
f 5357 5174 5175 5358 
f 5327 5344 5359 5334 
f 5334 5359 5214 5215 
f 5344 5346 5360 5359 
f 5359 5360 5213 5214 
f 5346 5348 5361 5360 
f 5360 5361 5212 5213 
f 5348 5350 5362 5361 
f 5361 5362 5211 5212 
f 5350 5356 5363 5362 
f 5362 5363 5210 5211 
f 5356 5358 5364 5363 
f 5363 5364 5209 5210 
f 5358 5175 5176 5364 
f 5364 5176 5177 5209 
f 5376 5377 5367 5167 
f 5376 5167 5365 5378 
f 5378 5365 5616 5379 
f 5166 5367 5377 5382 
f 5368 5166 5382 5383 
f 5645 5368 5383 5384 
f 5644 5645 5384 5385 
f 5643 5644 5385 5386 
f 5642 5643 5386 5387 
f 5532 5642 5387 5548 
f 5369 5403 5404 5370 
f 5370 5404 5405 5371 
f 5371 5405 5406 5372 
f 5372 5406 5407 5373 
f 5373 5407 5408 5169 
f 5374 5169 5408 5409 
f 5614 5374 5409 5410 
f 5381 5412 5598 5596 
f 5412 5413 5599 5598 
f 5413 5414 5600 5599 
f 5380 5425 5428 5379 
f 5379 5428 5429 5378 
f 5425 5426 5430 5428 
f 5428 5430 5431 5429 
f 5378 5429 5432 5376 
f 5376 5432 5433 5377 
f 5429 5431 5434 5432 
f 5432 5434 5435 5433 
f 5431 5437 5436 5434 
f 5434 5436 5438 5435 
f 5414 5415 5601 5600 
f 5415 5416 5602 5601 
f 5416 5417 5603 5602 
f 5417 5418 5604 5603 
f 5427 5439 5617 5444 
f 5443 5437 5444 5617 
f 5426 5427 5444 5430 
f 5430 5444 5437 5431 
f 5437 5443 5445 5436 
f 5436 5445 5446 5438 
f 5439 5440 5618 5617 
f 5443 5447 5448 5445 
f 5445 5448 5449 5446 
f 5440 5441 5619 5618 
f 5447 5450 5451 5448 
f 5448 5451 5452 5449 
f 5441 5442 5620 5619 
f 5450 5453 5454 5451 
f 5451 5454 5455 5452 
f 5418 5419 5605 5604 
f 5419 5420 5606 5605 
f 5420 5421 5607 5606 
f 5421 5422 5608 5607 
f 5442 5456 5621 5620 
f 5453 5460 5461 5454 
f 5454 5461 5462 5455 
f 5456 5457 5622 5621 
f 5460 5463 5464 5461 
f 5461 5464 5465 5462 
f 5457 5458 5623 5622 
f 5463 5466 5467 5464 
f 5464 5467 5468 5465 
f 5467 5470 5469 5468 
f 5422 5423 5609 5608 
f 5423 5424 5610 5609 
f 5424 5375 5597 5610 
f 5459 5471 5473 5474 
f 5458 5459 5474 5623 
f 5475 5466 5623 5474 
f 5466 5475 5470 5467 
f 5474 5473 5476 5475 
f 5475 5476 5477 5470 
f 5470 5477 5478 5469 
f 5471 5472 5479 5473 
f 5473 5479 5480 5476 
f 5476 5480 5481 5477 
f 5477 5481 5482 5478 
f 5472 5411 5410 5479 
f 5479 5410 5409 5480 
f 5480 5409 5408 5481 
f 5481 5408 5407 5482 
f 5377 5433 5483 5382 
f 5382 5483 5484 5383 
f 5433 5435 5485 5483 
f 5483 5485 5486 5484 
f 5435 5438 5487 5485 
f 5485 5487 5488 5486 
f 5383 5484 5489 5384 
f 5384 5489 5490 5385 
f 5484 5486 5491 5489 
f 5489 5491 5492 5490 
f 5438 5446 5493 5487 
f 5487 5493 5494 5488 
f 5446 5449 5495 5493 
f 5493 5495 5496 5494 
f 5488 5494 5624 5498 
f 5497 5499 5498 5624 
f 5486 5488 5498 5491 
f 5491 5498 5499 5492 
f 5499 5497 5631 5632 
f 5494 5496 5625 5624 
f 5449 5452 5501 5495 
f 5495 5501 5502 5496 
f 5452 5455 5503 5501 
f 5501 5503 5504 5502 
f 5496 5502 5626 5625 
f 5502 5504 5627 5626 
f 5490 5492 5633 5507 
f 5389 5388 5507 5633 
f 5385 5490 5507 5386 
f 5386 5507 5388 5387 
f 5492 5499 5632 5633 
f 5497 5500 5634 5631 
f 5500 5505 5635 5634 
f 5505 5506 5636 5635 
f 5455 5462 5508 5503 
f 5503 5508 5509 5504 
f 5462 5465 5510 5508 
f 5508 5510 5511 5509 
f 5504 5509 5628 5627 
f 5509 5511 5629 5628 
f 5465 5468 5514 5510 
f 5510 5514 5515 5511 
f 5468 5469 5516 5514 
f 5514 5516 5517 5515 
f 5511 5515 5630 5629 
f 5506 5512 5637 5636 
f 5512 5513 5638 5637 
f 5513 5518 5639 5638 
f 5518 5519 5640 5639 
f 5469 5478 5520 5516 
f 5516 5520 5521 5517 
f 5478 5482 5522 5520 
f 5520 5522 5523 5521 
f 5517 5521 5524 5525 
f 5515 5517 5525 5630 
f 5519 5518 5630 5525 
f 5525 5524 5526 5519 
f 5519 5526 5641 5640 
f 5521 5523 5527 5524 
f 5524 5527 5528 5526 
f 5482 5407 5406 5522 
f 5522 5406 5405 5523 
f 5523 5405 5404 5527 
f 5527 5404 5403 5528 
f 5528 5403 5402 5529 
f 5526 5528 5529 5641 
f 5400 5399 5641 5529 
f 5529 5402 5401 5400 
f 5530 5401 5402 5531 
f 5531 5402 5403 5369 
f 5177 5534 5535 5209 
f 5209 5535 5536 5210 
f 5210 5536 5537 5211 
f 5211 5537 5538 5212 
f 5212 5538 5539 5213 
f 5213 5539 5540 5214 
f 5214 5540 5541 5215 
f 5215 5541 5542 5216 
f 5216 5542 5543 5217 
f 5217 5543 5544 5218 
f 5218 5544 5545 5219 
f 5219 5545 5546 5220 
f 5220 5546 5547 5221 
f 5221 5547 5533 5170 
f 5388 5549 5548 5387 
f 5389 5550 5549 5388 
f 5390 5551 5550 5389 
f 5391 5552 5551 5390 
f 5392 5553 5552 5391 
f 5393 5554 5553 5392 
f 5394 5555 5554 5393 
f 5395 5556 5555 5394 
f 5396 5557 5556 5395 
f 5397 5558 5557 5396 
f 5398 5559 5558 5397 
f 5399 5560 5559 5398 
f 5400 5561 5560 5399 
f 5401 5562 5561 5400 
f 5170 5533 5563 5530 
f 5530 5563 5562 5401 
f 5532 5564 5566 5534 
f 5534 5566 5567 5535 
f 5535 5567 5568 5536 
f 5536 5568 5569 5537 
f 5537 5569 5570 5538 
f 5538 5570 5571 5539 
f 5539 5571 5572 5540 
f 5540 5572 5573 5541 
f 5541 5573 5574 5542 
f 5542 5574 5575 5543 
f 5543 5575 5576 5544 
f 5544 5576 5577 5545 
f 5545 5577 5578 5546 
f 5546 5578 5579 5547 
f 5547 5579 5565 5533 
f 5548 5580 5564 5532 
f 5549 5581 5580 5548 
f 5550 5582 5581 5549 
f 5551 5583 5582 5550 
f 5552 5584 5583 5551 
f 5553 5585 5584 5552 
f 5554 5586 5585 5553 
f 5555 5587 5586 5554 
f 5556 5588 5587 5555 
f 5557 5589 5588 5556 
f 5558 5590 5589 5557 
f 5559 5591 5590 5558 
f 5560 5592 5591 5559 
f 5561 5593 5592 5560 
f 5562 5594 5593 5561 
f 5533 5565 5595 5563 
f 5563 5595 5594 5562 
f 5596 5598 5425 5380 
f 5598 5599 5426 5425 
f 5599 5600 5427 5426 
f 5600 5601 5439 5427 
f 5601 5602 5440 5439 
f 5602 5603 5441 5440 
f 5603 5604 5442 5441 
f 5604 5605 5456 5442 
f 5605 5606 5457 5456 
f 5606 5607 5458 5457 
f 5607 5608 5459 5458 
f 5608 5609 5471 5459 
f 5609 5610 5472 5471 
f 5610 5597 5411 5472 
f 5596 5611 5366 5381 
f 5611 5182 5183 5366 
f 5198 5612 5168 5197 
f 5612 5597 5375 5168 
f 5199 5613 5612 5198 
f 5613 5411 5597 5612 
f 5614 5410 5411 5613 
f 5380 5615 5611 5596 
f 5615 5181 5182 5611 
f 5379 5616 5615 5380 
f 5616 5180 5181 5615 
f 5617 5618 5447 5443 
f 5618 5619 5450 5447 
f 5619 5620 5453 5450 
f 5620 5621 5460 5453 
f 5621 5622 5463 5460 
f 5622 5623 5466 5463 
f 5624 5625 5500 5497 
f 5625 5626 5505 5500 
f 5626 5627 5506 5505 
f 5627 5628 5512 5506 
f 5628 5629 5513 5512 
f 5629 5630 5518 5513 
f 5632 5631 5391 5390 
f 5633 5632 5390 5389 
f 5631 5634 5392 5391 
f 5634 5635 5393 5392 
f 5635 5636 5394 5393 
f 5636 5637 5395 5394 
f 5637 5638 5396 5395 
f 5638 5639 5397 5396 
f 5639 5640 5398 5397 
f 5640 5641 5399 5398 
s 4
f 5646 5674 6514 
s 6
f 5646 5647 5675 5674 
f 5647 5648 5676 5675 
f 5648 5649 5677 5676 
f 5649 5650 5678 5677 
s 2
f 5650 5651 5679 5678 
s 6
f 5651 5652 5680 5679 
f 5652 5653 5681 5680 
f 5653 5654 5682 5681 
s 4
f 5654 5655 5683 5682 
s 6
f 5655 5656 5684 5683 
f 5656 5657 5685 5684 
f 5657 5658 5686 5685 
f 5658 5659 5687 5686 
f 5659 5660 5688 5687 
f 5660 5661 5689 5688 
f 5661 5662 5690 5689 
s 2
f 5662 5663 5691 5690 
s 6
f 5663 5664 5692 5691 
f 5664 5665 5693 5692 
f 5665 5666 5694 5693 
f 5666 5667 5695 5694 
s 4
f 5667 5668 5696 5695 
s 6
f 5668 5669 5697 5696 
f 5669 5670 5698 5697 
f 5670 5671 5699 5698 
f 5671 5672 5700 5699 
s 2
f 5672 5673 5701 5700 
s 4
f 5674 5702 6514 
s 6
f 5674 5675 5703 5702 
f 5675 5676 5704 5703 
f 5676 5677 5705 5704 
f 5677 5678 5706 5705 
s 2
f 5678 5679 5707 5706 
s 6
f 5679 5680 5708 5707 
f 5680 5681 5709 5708 
f 5681 5682 5710 5709 
s 4
f 5682 5683 5711 5710 
s 6
f 5683 5684 5712 5711 
f 5684 5685 5713 5712 
f 5685 5686 5714 5713 
f 5686 5687 5715 5714 
f 5687 5688 5716 5715 
f 5688 5689 5717 5716 
f 5689 5690 5718 5717 
s 2
f 5690 5691 5719 5718 
s 6
f 5691 5692 5720 5719 
f 5692 5693 5721 5720 
f 5693 5694 5722 5721 
f 5694 5695 5723 5722 
s 4
f 5695 5696 5724 5723 
s 6
f 5696 5697 5725 5724 
f 5697 5698 5726 5725 
f 5698 5699 5727 5726 
f 5699 5700 5728 5727 
s 2
f 5700 5701 5729 5728 
s 4
f 5702 5730 6514 
s 6
f 5702 5703 5731 5730 
f 5703 5704 5732 5731 
f 5704 5705 5733 5732 
f 5705 5706 5734 5733 
s 2
f 5706 5707 5735 5734 
s 6
f 5707 5708 5736 5735 
f 5708 5709 5737 5736 
f 5709 5710 5738 5737 
s 4
f 5710 5711 5739 5738 
s 6
f 5711 5712 5740 5739 
f 5712 5713 5741 5740 
f 5713 5714 5742 5741 
f 5714 5715 5743 5742 
f 5715 5716 5744 5743 
f 5716 5717 5745 5744 
f 5717 5718 5746 5745 
s 2
f 5718 5719 5747 5746 
s 6
f 5719 5720 5748 5747 
f 5720 5721 5749 5748 
f 5721 5722 5750 5749 
f 5722 5723 5751 5750 
s 4
f 5723 5724 5752 5751 
s 6
f 5724 5725 5753 5752 
f 5725 5726 5754 5753 
f 5726 5727 5755 5754 
f 5727 5728 5756 5755 
s 2
f 5728 5729 5757 5756 
s 4
f 5730 5758 6514 
s 6
f 5730 5731 5759 5758 
f 5731 5732 5760 5759 
f 5732 5733 5761 5760 
f 5733 5734 5762 5761 
s 2
f 5734 5735 5763 5762 
s 6
f 5735 5736 5764 5763 
f 5736 5737 5765 5764 
f 5737 5738 5766 5765 
s 4
f 5738 5739 5767 5766 
s 6
f 5739 5740 5768 5767 
f 5740 5741 5769 5768 
f 5741 5742 5770 5769 
f 5742 5743 5771 5770 
f 5743 5744 5772 5771 
f 5744 5745 5773 5772 
f 5745 5746 5774 5773 
s 2
f 5746 5747 5775 5774 
s 6
f 5747 5748 5776 5775 
f 5748 5749 5777 5776 
f 5749 5750 5778 5777 
f 5750 5751 5779 5778 
s 4
f 5751 5752 5780 5779 
s 6
f 5752 5753 5781 5780 
f 5753 5754 5782 5781 
f 5754 5755 5783 5782 
f 5755 5756 5784 5783 
s 2
f 5756 5757 5785 5784 
s 4
f 5758 5786 6514 
s 6
f 5758 5759 5787 5786 
f 5759 5760 5788 5787 
f 5760 5761 5789 5788 
f 5761 5762 5790 5789 
s 2
f 5762 5763 5791 5790 
s 6
f 5763 5764 5792 5791 
f 5764 5765 5793 5792 
f 5765 5766 5794 5793 
s 4
f 5766 5767 5795 5794 
s 6
f 5767 5768 5796 5795 
f 5768 5769 5797 5796 
f 5769 5770 5798 5797 
f 5770 5771 5799 5798 
f 5771 5772 5800 5799 
f 5772 5773 5801 5800 
f 5773 5774 5802 5801 
s 2
f 5774 5775 5803 5802 
s 6
f 5775 5776 5804 5803 
f 5776 5777 5805 5804 
f 5777 5778 5806 5805 
f 5778 5779 5807 5806 
s 4
f 5779 5780 5808 5807 
s 6
f 5780 5781 5809 5808 
f 5781 5782 5810 5809 
f 5782 5783 5811 5810 
f 5783 5784 5812 5811 
s 2
f 5784 5785 5813 5812 
s 4
f 5786 5814 6514 
s 6
f 5786 5787 5815 5814 
f 5787 5788 5816 5815 
f 5788 5789 5817 5816 
f 5789 5790 5818 5817 
s 2
f 5790 5791 5819 5818 
s 6
f 5791 5792 5820 5819 
f 5792 5793 5821 5820 
f 5793 5794 5822 5821 
s 4
f 5794 5795 5823 5822 
s 6
f 5795 5796 5824 5823 
f 5796 5797 5825 5824 
f 5797 5798 5826 5825 
f 5798 5799 5827 5826 
f 5799 5800 5828 5827 
f 5800 5801 5829 5828 
f 5801 5802 5830 5829 
s 2
f 5802 5803 5831 5830 
s 6
f 5803 5804 5832 5831 
f 5804 5805 5833 5832 
f 5805 5806 5834 5833 
f 5806 5807 5835 5834 
s 4
f 5807 5808 5836 5835 
s 6
f 5808 5809 5837 5836 
f 5809 5810 5838 5837 
f 5810 5811 5839 5838 
f 5811 5812 5840 5839 
s 2
f 5812 5813 5841 5840 
s 4
f 5814 5842 6514 
s 6
f 5814 5815 5843 5842 
f 5815 5816 5844 5843 
f 5816 5817 5845 5844 
f 5817 5818 5846 5845 
s 2
f 5818 5819 5847 5846 
s 6
f 5819 5820 5848 5847 
f 5820 5821 5849 5848 
f 5821 5822 5850 5849 
s 4
f 5822 5823 5851 5850 
s 6
f 5823 5824 5852 5851 
f 5824 5825 5853 5852 
f 5825 5826 5854 5853 
f 5826 5827 5855 5854 
f 5827 5828 5856 5855 
f 5828 5829 5857 5856 
f 5829 5830 5858 5857 
s 2
f 5830 5831 5859 5858 
s 6
f 5831 5832 5860 5859 
f 5832 5833 5861 5860 
f 5833 5834 5862 5861 
f 5834 5835 5863 5862 
s 4
f 5835 5836 5864 5863 
s 6
f 5836 5837 5865 5864 
f 5837 5838 5866 5865 
f 5838 5839 5867 5866 
f 5839 5840 5868 5867 
s 2
f 5840 5841 5869 5868 
s 4
f 5842 5870 6514 
s 6
f 5842 5843 5871 5870 
f 5843 5844 5872 5871 
f 5844 5845 5873 5872 
f 5845 5846 5874 5873 
s 2
f 5846 5847 5875 5874 
s 6
f 5847 5848 5876 5875 
f 5848 5849 5877 5876 
f 5849 5850 5878 5877 
s 4
f 5850 5851 5879 5878 
s 6
f 5851 5852 5880 5879 
f 5852 5853 5881 5880 
f 5853 5854 5882 5881 
f 5854 5855 5883 5882 
f 5855 5856 5884 5883 
f 5856 5857 5885 5884 
f 5857 5858 5886 5885 
s 2
f 5858 5859 5887 5886 
s 6
f 5859 5860 5888 5887 
f 5860 5861 5889 5888 
f 5861 5862 5890 5889 
f 5862 5863 5891 5890 
s 4
f 5863 5864 5892 5891 
s 6
f 5864 5865 5893 5892 
f 5865 5866 5894 5893 
f 5866 5867 5895 5894 
f 5867 5868 5896 5895 
s 2
f 5868 5869 5897 5896 
s 4
f 5870 5898 6514 
s 6
f 5870 5871 5899 5898 
f 5871 5872 5900 5899 
f 5872 5873 5901 5900 
f 5873 5874 5902 5901 
s 2
f 5874 5875 5903 5902 
s 6
f 5875 5876 5904 5903 
f 5876 5877 5905 5904 
f 5877 5878 5906 5905 
s 4
f 5878 5879 5907 5906 
s 6
f 5879 5880 5908 5907 
f 5880 5881 5909 5908 
f 5881 5882 5910 5909 
f 5882 5883 5911 5910 
f 5883 5884 5912 5911 
f 5884 5885 5913 5912 
f 5885 5886 5914 5913 
s 2
f 5886 5887 5915 5914 
s 6
f 5887 5888 5916 5915 
f 5888 5889 5917 5916 
f 5889 5890 5918 5917 
f 5890 5891 5919 5918 
s 4
f 5891 5892 5920 5919 
s 6
f 5892 5893 5921 5920 
f 5893 5894 5922 5921 
f 5894 5895 5923 5922 
f 5895 5896 5924 5923 
s 2
f 5896 5897 5925 5924 
s 4
f 5898 5926 6514 
s 6
f 5898 5899 5927 5926 
f 5899 5900 5928 5927 
f 5900 5901 5929 5928 
f 5901 5902 5930 5929 
s 2
f 5902 5903 5931 5930 
s 6
f 5903 5904 5932 5931 
f 5904 5905 5933 5932 
f 5905 5906 5934 5933 
s 4
f 5906 5907 5935 5934 
s 6
f 5907 5908 5936 5935 
f 5908 5909 5937 5936 
f 5909 5910 5938 5937 
f 5910 5911 5939 5938 
f 5911 5912 5940 5939 
f 5912 5913 5941 5940 
f 5913 5914 5942 5941 
s 2
f 5914 5915 5943 5942 
s 6
f 5915 5916 5944 5943 
f 5916 5917 5945 5944 
f 5917 5918 5946 5945 
f 5918 5919 5947 5946 
s 4
f 5919 5920 5948 5947 
s 6
f 5920 5921 5949 5948 
f 5921 5922 5950 5949 
f 5922 5923 5951 5950 
f 5923 5924 5952 5951 
s 2
f 5924 5925 5953 5952 
s 4
f 5926 5954 6514 
s 6
f 5926 5927 5955 5954 
f 5927 5928 5956 5955 
f 5928 5929 5957 5956 
f 5929 5930 5958 5957 
s 2
f 5930 5931 5959 5958 
s 6
f 5931 5932 5960 5959 
f 5932 5933 5961 5960 
f 5933 5934 5962 5961 
s 4
f 5934 5935 5963 5962 
s 6
f 5935 5936 5964 5963 
f 5936 5937 5965 5964 
f 5937 5938 5966 5965 
f 5938 5939 5967 5966 
f 5939 5940 5968 5967 
f 5940 5941 5969 5968 
f 5941 5942 5970 5969 
s 2
f 5942 5943 5971 5970 
s 6
f 5943 5944 5972 5971 
f 5944 5945 5973 5972 
f 5945 5946 5974 5973 
f 5946 5947 5975 5974 
s 4
f 5947 5948 5976 5975 
s 6
f 5948 5949 5977 5976 
f 5949 5950 5978 5977 
f 5950 5951 5979 5978 
f 5951 5952 5980 5979 
s 2
f 5952 5953 5981 5980 
s 4
f 5954 5982 6514 
s 6
f 5954 5955 5983 5982 
f 5955 5956 5984 5983 
f 5956 5957 5985 5984 
f 5957 5958 5986 5985 
s 2
f 5958 5959 5987 5986 
s 6
f 5959 5960 5988 5987 
f 5960 5961 5989 5988 
f 5961 5962 5990 5989 
s 4
f 5962 5963 5991 5990 
s 6
f 5963 5964 5992 5991 
f 5964 5965 5993 5992 
f 5965 5966 5994 5993 
f 5966 5967 5995 5994 
f 5967 5968 5996 5995 
f 5968 5969 5997 5996 
f 5969 5970 5998 5997 
s 2
f 5970 5971 5999 5998 
s 6
f 5971 5972 6000 5999 
f 5972 5973 6001 6000 
f 5973 5974 6002 6001 
f 5974 5975 6003 6002 
s 4
f 5975 5976 6004 6003 
s 6
f 5976 5977 6005 6004 
f 5977 5978 6006 6005 
f 5978 5979 6007 6006 
f 5979 5980 6008 6007 
s 2
f 5980 5981 6009 6008 
s 4
f 5982 6010 6514 
s 6
f 5982 5983 6011 6010 
f 5983 5984 6012 6011 
f 5984 5985 6013 6012 
f 5985 5986 6014 6013 
s 2
f 5986 5987 6015 6014 
s 6
f 5987 5988 6016 6015 
f 5988 5989 6017 6016 
f 5989 5990 6018 6017 
s 4
f 5990 5991 6019 6018 
s 6
f 5991 5992 6020 6019 
f 5992 5993 6021 6020 
f 5993 5994 6022 6021 
f 5994 5995 6023 6022 
f 5995 5996 6024 6023 
f 5996 5997 6025 6024 
f 5997 5998 6026 6025 
s 2
f 5998 5999 6027 6026 
s 6
f 5999 6000 6028 6027 
f 6000 6001 6029 6028 
f 6001 6002 6030 6029 
f 6002 6003 6031 6030 
s 4
f 6003 6004 6032 6031 
s 6
f 6004 6005 6033 6032 
f 6005 6006 6034 6033 
f 6006 6007 6035 6034 
f 6007 6008 6036 6035 
s 2
f 6008 6009 6037 6036 
s 4
f 6010 6038 6514 
s 6
f 6010 6011 6039 6038 
f 6011 6012 6040 6039 
f 6012 6013 6041 6040 
f 6013 6014 6042 6041 
s 2
f 6014 6015 6043 6042 
s 6
f 6015 6016 6044 6043 
f 6016 6017 6045 6044 
f 6017 6018 6046 6045 
s 4
f 6018 6019 6047 6046 
s 6
f 6019 6020 6048 6047 
f 6020 6021 6049 6048 
f 6021 6022 6050 6049 
f 6022 6023 6051 6050 
f 6023 6024 6052 6051 
f 6024 6025 6053 6052 
f 6025 6026 6054 6053 
s 2
f 6026 6027 6055 6054 
s 6
f 6027 6028 6056 6055 
f 6028 6029 6057 6056 
f 6029 6030 6058 6057 
f 6030 6031 6059 6058 
s 4
f 6031 6032 6060 6059 
s 6
f 6032 6033 6061 6060 
f 6033 6034 6062 6061 
f 6034 6035 6063 6062 
f 6035 6036 6064 6063 
s 2
f 6036 6037 6065 6064 
s 4
f 6038 6066 6514 
s 6
f 6038 6039 6067 6066 
f 6039 6040 6068 6067 
f 6040 6041 6069 6068 
f 6041 6042 6070 6069 
s 2
f 6042 6043 6071 6070 
s 6
f 6043 6044 6072 6071 
f 6044 6045 6073 6072 
f 6045 6046 6074 6073 
s 4
f 6046 6047 6075 6074 
s 6
f 6047 6048 6076 6075 
f 6048 6049 6077 6076 
f 6049 6050 6078 6077 
f 6050 6051 6079 6078 
f 6051 6052 6080 6079 
f 6052 6053 6081 6080 
f 6053 6054 6082 6081 
s 2
f 6054 6055 6083 6082 
s 6
f 6055 6056 6084 6083 
f 6056 6057 6085 6084 
f 6057 6058 6086 6085 
f 6058 6059 6087 6086 
s 4
f 6059 6060 6088 6087 
s 6
f 6060 6061 6089 6088 
f 6061 6062 6090 6089 
f 6062 6063 6091 6090 
f 6063 6064 6092 6091 
s 2
f 6064 6065 6093 6092 
s 4
f 6066 6094 6514 
s 6
f 6066 6067 6095 6094 
f 6067 6068 6096 6095 
f 6068 6069 6097 6096 
f 6069 6070 6098 6097 
s 2
f 6070 6071 6099 6098 
s 6
f 6071 6072 6100 6099 
f 6072 6073 6101 6100 
f 6073 6074 6102 6101 
s 4
f 6074 6075 6103 6102 
s 6
f 6075 6076 6104 6103 
f 6076 6077 6105 6104 
f 6077 6078 6106 6105 
f 6078 6079 6107 6106 
f 6079 6080 6108 6107 
f 6080 6081 6109 6108 
f 6081 6082 6110 6109 
s 2
f 6082 6083 6111 6110 
s 6
f 6083 6084 6112 6111 
f 6084 6085 6113 6112 
f 6085 6086 6114 6113 
f 6086 6087 6115 6114 
s 4
f 6087 6088 6116 6115 
s 6
f 6088 6089 6117 6116 
f 6089 6090 6118 6117 
f 6090 6091 6119 6118 
f 6091 6092 6120 6119 
s 2
f 6092 6093 6121 6120 
s 4
f 6094 6122 6514 
s 6
f 6094 6095 6123 6122 
f 6095 6096 6124 6123 
f 6096 6097 6125 6124 
f 6097 6098 6126 6125 
s 2
f 6098 6099 6127 6126 
s 6
f 6099 6100 6128 6127 
f 6100 6101 6129 6128 
f 6101 6102 6130 6129 
s 4
f 6102 6103 6131 6130 
s 6
f 6103 6104 6132 6131 
f 6104 6105 6133 6132 
f 6105 6106 6134 6133 
f 6106 6107 6135 6134 
f 6107 6108 6136 6135 
f 6108 6109 6137 6136 
f 6109 6110 6138 6137 
s 2
f 6110 6111 6139 6138 
s 6
f 6111 6112 6140 6139 
f 6112 6113 6141 6140 
f 6113 6114 6142 6141 
f 6114 6115 6143 6142 
s 4
f 6115 6116 6144 6143 
s 6
f 6116 6117 6145 6144 
f 6117 6118 6146 6145 
f 6118 6119 6147 6146 
f 6119 6120 6148 6147 
s 2
f 6120 6121 6149 6148 
s 4
f 6122 6150 6514 
s 6
f 6122 6123 6151 6150 
f 6123 6124 6152 6151 
f 6124 6125 6153 6152 
f 6125 6126 6154 6153 
s 2
f 6126 6127 6155 6154 
s 6
f 6127 6128 6156 6155 
f 6128 6129 6157 6156 
f 6129 6130 6158 6157 
s 4
f 6130 6131 6159 6158 
s 6
f 6131 6132 6160 6159 
f 6132 6133 6161 6160 
f 6133 6134 6162 6161 
f 6134 6135 6163 6162 
f 6135 6136 6164 6163 
f 6136 6137 6165 6164 
f 6137 6138 6166 6165 
s 2
f 6138 6139 6167 6166 
s 6
f 6139 6140 6168 6167 
f 6140 6141 6169 6168 
f 6141 6142 6170 6169 
f 6142 6143 6171 6170 
s 4
f 6143 6144 6172 6171 
s 6
f 6144 6145 6173 6172 
f 6145 6146 6174 6173 
f 6146 6147 6175 6174 
f 6147 6148 6176 6175 
s 2
f 6148 6149 6177 6176 
s 4
f 6150 6178 6514 
s 6
f 6150 6151 6179 6178 
f 6151 6152 6180 6179 
f 6152 6153 6181 6180 
f 6153 6154 6182 6181 
s 2
f 6154 6155 6183 6182 
s 6
f 6155 6156 6184 6183 
f 6156 6157 6185 6184 
f 6157 6158 6186 6185 
s 4
f 6158 6159 6187 6186 
s 6
f 6159 6160 6188 6187 
f 6160 6161 6189 6188 
f 6161 6162 6190 6189 
f 6162 6163 6191 6190 
f 6163 6164 6192 6191 
f 6164 6165 6193 6192 
f 6165 6166 6194 6193 
s 2
f 6166 6167 6195 6194 
s 6
f 6167 6168 6196 6195 
f 6168 6169 6197 6196 
f 6169 6170 6198 6197 
f 6170 6171 6199 6198 
s 4
f 6171 6172 6200 6199 
s 6
f 6172 6173 6201 6200 
f 6173 6174 6202 6201 
f 6174 6175 6203 6202 
f 6175 6176 6204 6203 
s 2
f 6176 6177 6205 6204 
s 4
f 6178 6206 6514 
s 6
f 6178 6179 6207 6206 
f 6179 6180 6208 6207 
f 6180 6181 6209 6208 
f 6181 6182 6210 6209 
s 2
f 6182 6183 6211 6210 
s 6
f 6183 6184 6212 6211 
f 6184 6185 6213 6212 
f 6185 6186 6214 6213 
s 4
f 6186 6187 6215 6214 
s 6
f 6187 6188 6216 6215 
f 6188 6189 6217 6216 
f 6189 6190 6218 6217 
f 6190 6191 6219 6218 
f 6191 6192 6220 6219 
f 6192 6193 6221 6220 
f 6193 6194 6222 6221 
s 2
f 6194 6195 6223 6222 
s 6
f 6195 6196 6224 6223 
f 6196 6197 6225 6224 
f 6197 6198 6226 6225 
f 6198 6199 6227 6226 
s 4
f 6199 6200 6228 6227 
s 6
f 6200 6201 6229 6228 
f 6201 6202 6230 6229 
f 6202 6203 6231 6230 
f 6203 6204 6232 6231 
s 2
f 6204 6205 6233 6232 
s 4
f 6206 6234 6514 
s 6
f 6206 6207 6235 6234 
f 6207 6208 6236 6235 
f 6208 6209 6237 6236 
f 6209 6210 6238 6237 
s 2
f 6210 6211 6239 6238 
s 6
f 6211 6212 6240 6239 
f 6212 6213 6241 6240 
f 6213 6214 6242 6241 
s 4
f 6214 6215 6243 6242 
s 6
f 6215 6216 6244 6243 
f 6216 6217 6245 6244 
f 6217 6218 6246 6245 
f 6218 6219 6247 6246 
f 6219 6220 6248 6247 
f 6220 6221 6249 6248 
f 6221 6222 6250 6249 
s 2
f 6222 6223 6251 6250 
s 6
f 6223 6224 6252 6251 
f 6224 6225 6253 6252 
f 6225 6226 6254 6253 
f 6226 6227 6255 6254 
s 4
f 6227 6228 6256 6255 
s 6
f 6228 6229 6257 6256 
f 6229 6230 6258 6257 
f 6230 6231 6259 6258 
f 6231 6232 6260 6259 
s 2
f 6232 6233 6261 6260 
s 4
f 6234 6262 6514 
s 6
f 6234 6235 6263 6262 
f 6235 6236 6264 6263 
f 6236 6237 6265 6264 
f 6237 6238 6266 6265 
s 2
f 6238 6239 6267 6266 
s 6
f 6239 6240 6268 6267 
f 6240 6241 6269 6268 
f 6241 6242 6270 6269 
s 4
f 6242 6243 6271 6270 
s 6
f 6243 6244 6272 6271 
f 6244 6245 6273 6272 
f 6245 6246 6274 6273 
f 6246 6247 6275 6274 
f 6247 6248 6276 6275 
f 6248 6249 6277 6276 
f 6249 6250 6278 6277 
s 2
f 6250 6251 6279 6278 
s 6
f 6251 6252 6280 6279 
f 6252 6253 6281 6280 
f 6253 6254 6282 6281 
f 6254 6255 6283 6282 
s 4
f 6255 6256 6284 6283 
s 6
f 6256 6257 6285 6284 
f 6257 6258 6286 6285 
f 6258 6259 6287 6286 
f 6259 6260 6288 6287 
s 2
f 6260 6261 6289 6288 
s 4
f 6262 6290 6514 
s 6
f 6262 6263 6291 6290 
f 6263 6264 6292 6291 
f 6264 6265 6293 6292 
f 6265 6266 6294 6293 
s 2
f 6266 6267 6295 6294 
s 6
f 6267 6268 6296 6295 
f 6268 6269 6297 6296 
f 6269 6270 6298 6297 
s 4
f 6270 6271 6299 6298 
s 6
f 6271 6272 6300 6299 
f 6272 6273 6301 6300 
f 6273 6274 6302 6301 
f 6274 6275 6303 6302 
f 6275 6276 6304 6303 
f 6276 6277 6305 6304 
f 6277 6278 6306 6305 
s 2
f 6278 6279 6307 6306 
s 6
f 6279 6280 6308 6307 
f 6280 6281 6309 6308 
f 6281 6282 6310 6309 
f 6282 6283 6311 6310 
s 4
f 6283 6284 6312 6311 
s 6
f 6284 6285 6313 6312 
f 6285 6286 6314 6313 
f 6286 6287 6315 6314 
f 6287 6288 6316 6315 
s 2
f 6288 6289 6317 6316 
s 4
f 6290 6318 6514 
s 6
f 6290 6291 6319 6318 
f 6291 6292 6320 6319 
f 6292 6293 6321 6320 
f 6293 6294 6322 6321 
s 2
f 6294 6295 6323 6322 
s 6
f 6295 6296 6324 6323 
f 6296 6297 6325 6324 
f 6297 6298 6326 6325 
s 4
f 6298 6299 6327 6326 
s 6
f 6299 6300 6328 6327 
f 6300 6301 6329 6328 
f 6301 6302 6330 6329 
f 6302 6303 6331 6330 
f 6303 6304 6332 6331 
f 6304 6305 6333 6332 
f 6305 6306 6334 6333 
s 2
f 6306 6307 6335 6334 
s 6
f 6307 6308 6336 6335 
f 6308 6309 6337 6336 
f 6309 6310 6338 6337 
f 6310 6311 6339 6338 
s 4
f 6311 6312 6340 6339 
s 6
f 6312 6313 6341 6340 
f 6313 6314 6342 6341 
f 6314 6315 6343 6342 
f 6315 6316 6344 6343 
s 2
f 6316 6317 6345 6344 
s 4
f 6318 6346 6514 
s 6
f 6318 6319 6347 6346 
f 6319 6320 6348 6347 
f 6320 6321 6349 6348 
f 6321 6322 6350 6349 
s 2
f 6322 6323 6351 6350 
s 6
f 6323 6324 6352 6351 
f 6324 6325 6353 6352 
f 6325 6326 6354 6353 
s 4
f 6326 6327 6355 6354 
s 6
f 6327 6328 6356 6355 
f 6328 6329 6357 6356 
f 6329 6330 6358 6357 
f 6330 6331 6359 6358 
f 6331 6332 6360 6359 
f 6332 6333 6361 6360 
f 6333 6334 6362 6361 
s 2
f 6334 6335 6363 6362 
s 6
f 6335 6336 6364 6363 
f 6336 6337 6365 6364 
f 6337 6338 6366 6365 
f 6338 6339 6367 6366 
s 4
f 6339 6340 6368 6367 
s 6
f 6340 6341 6369 6368 
f 6341 6342 6370 6369 
f 6342 6343 6371 6370 
f 6343 6344 6372 6371 
s 2
f 6344 6345 6373 6372 
s 4
f 6346 6374 6514 
s 6
f 6346 6347 6375 6374 
f 6347 6348 6376 6375 
f 6348 6349 6377 6376 
f 6349 6350 6378 6377 
s 2
f 6350 6351 6379 6378 
s 6
f 6351 6352 6380 6379 
f 6352 6353 6381 6380 
f 6353 6354 6382 6381 
s 4
f 6354 6355 6383 6382 
s 6
f 6355 6356 6384 6383 
f 6356 6357 6385 6384 
f 6357 6358 6386 6385 
f 6358 6359 6387 6386 
f 6359 6360 6388 6387 
f 6360 6361 6389 6388 
f 6361 6362 6390 6389 
s 2
f 6362 6363 6391 6390 
s 6
f 6363 6364 6392 6391 
f 6364 6365 6393 6392 
f 6365 6366 6394 6393 
f 6366 6367 6395 6394 
s 4
f 6367 6368 6396 6395 
s 6
f 6368 6369 6397 6396 
f 6369 6370 6398 6397 
f 6370 6371 6399 6398 
f 6371 6372 6400 6399 
s 2
f 6372 6373 6401 6400 
s 4
f 6374 6402 6514 
s 6
f 6374 6375 6403 6402 
f 6375 6376 6404 6403 
f 6376 6377 6405 6404 
f 6377 6378 6406 6405 
s 2
f 6378 6379 6407 6406 
s 6
f 6379 6380 6408 6407 
f 6380 6381 6409 6408 
f 6381 6382 6410 6409 
s 4
f 6382 6383 6411 6410 
s 6
f 6383 6384 6412 6411 
f 6384 6385 6413 6412 
f 6385 6386 6414 6413 
f 6386 6387 6415 6414 
f 6387 6388 6416 6415 
f 6388 6389 6417 6416 
f 6389 6390 6418 6417 
s 2
f 6390 6391 6419 6418 
s 6
f 6391 6392 6420 6419 
f 6392 6393 6421 6420 
f 6393 6394 6422 6421 
f 6394 6395 6423 6422 
s 4
f 6395 6396 6424 6423 
s 6
f 6396 6397 6425 6424 
f 6397 6398 6426 6425 
f 6398 6399 6427 6426 
f 6399 6400 6428 6427 
s 2
f 6400 6401 6429 6428 
s 4
f 6402 6430 6514 
s 6
f 6402 6403 6431 6430 
f 6403 6404 6432 6431 
f 6404 6405 6433 6432 
f 6405 6406 6434 6433 
s 2
f 6406 6407 6435 6434 
s 6
f 6407 6408 6436 6435 
f 6408 6409 6437 6436 
f 6409 6410 6438 6437 
s 4
f 6410 6411 6439 6438 
s 6
f 6411 6412 6440 6439 
f 6412 6413 6441 6440 
f 6413 6414 6442 6441 
f 6414 6415 6443 6442 
f 6415 6416 6444 6443 
f 6416 6417 6445 6444 
f 6417 6418 6446 6445 
s 2
f 6418 6419 6447 6446 
s 6
f 6419 6420 6448 6447 
f 6420 6421 6449 6448 
f 6421 6422 6450 6449 
f 6422 6423 6451 6450 
s 4
f 6423 6424 6452 6451 
s 6
f 6424 6425 6453 6452 
f 6425 6426 6454 6453 
f 6426 6427 6455 6454 
f 6427 6428 6456 6455 
s 2
f 6428 6429 6457 6456 
s 4
f 6430 6458 6514 
s 6
f 6430 6431 6459 6458 
f 6431 6432 6460 6459 
f 6432 6433 6461 6460 
f 6433 6434 6462 6461 
s 2
f 6434 6435 6463 6462 
s 6
f 6435 6436 6464 6463 
f 6436 6437 6465 6464 
f 6437 6438 6466 6465 
s 4
f 6438 6439 6467 6466 
s 6
f 6439 6440 6468 6467 
f 6440 6441 6469 6468 
f 6441 6442 6470 6469 
f 6442 6443 6471 6470 
f 6443 6444 6472 6471 
f 6444 6445 6473 6472 
f 6445 6446 6474 6473 
s 2
f 6446 6447 6475 6474 
s 6
f 6447 6448 6476 6475 
f 6448 6449 6477 6476 
f 6449 6450 6478 6477 
f 6450 6451 6479 6478 
s 4
f 6451 6452 6480 6479 
s 6
f 6452 6453 6481 6480 
f 6453 6454 6482 6481 
f 6454 6455 6483 6482 
f 6455 6456 6484 6483 
s 2
f 6456 6457 6485 6484 
s 4
f 6458 6486 6514 
s 6
f 6458 6459 6487 6486 
f 6459 6460 6488 6487 
f 6460 6461 6489 6488 
f 6461 6462 6490 6489 
s 2
f 6462 6463 6491 6490 
s 6
f 6463 6464 6492 6491 
f 6464 6465 6493 6492 
f 6465 6466 6494 6493 
s 4
f 6466 6467 6495 6494 
s 6
f 6467 6468 6496 6495 
f 6468 6469 6497 6496 
f 6469 6470 6498 6497 
f 6470 6471 6499 6498 
f 6471 6472 6500 6499 
f 6472 6473 6501 6500 
f 6473 6474 6502 6501 
s 2
f 6474 6475 6503 6502 
s 6
f 6475 6476 6504 6503 
f 6476 6477 6505 6504 
f 6477 6478 6506 6505 
f 6478 6479 6507 6506 
s 4
f 6479 6480 6508 6507 
s 6
f 6480 6481 6509 6508 
f 6481 6482 6510 6509 
f 6482 6483 6511 6510 
f 6483 6484 6512 6511 
s 2
f 6484 6485 6513 6512 
s 4
f 6486 6515 6514 
s 6
f 6486 6487 6516 6515 
f 6487 6488 6517 6516 
f 6488 6489 6518 6517 
f 6489 6490 6519 6518 
s 2
f 6490 6491 6520 6519 
s 6
f 6491 6492 6521 6520 
f 6492 6493 6522 6521 
f 6493 6494 6523 6522 
s 4
f 6494 6495 6524 6523 
s 6
f 6495 6496 6525 6524 
f 6496 6497 6526 6525 
f 6497 6498 6527 6526 
f 6498 6499 6528 6527 
f 6499 6500 6529 6528 
f 6500 6501 6530 6529 
f 6501 6502 6531 6530 
s 2
f 6502 6503 6532 6531 
s 6
f 6503 6504 6533 6532 
f 6504 6505 6534 6533 
f 6505 6506 6535 6534 
f 6506 6507 6536 6535 
s 4
f 6507 6508 6537 6536 
s 6
f 6508 6509 6538 6537 
f 6509 6510 6539 6538 
f 6510 6511 6540 6539 
f 6511 6512 6541 6540 
s 2
f 6512 6513 6542 6541 
s 4
f 6514 6515 5646 
s 6
f 6515 6516 5647 5646 
f 6516 6517 5648 5647 
f 6517 6518 5649 5648 
f 6518 6519 5650 5649 
s 2
f 6519 6520 5651 5650 
s 6
f 6520 6521 5652 5651 
f 6521 6522 5653 5652 
f 6522 6523 5654 5653 
s 4
f 6523 6524 5655 5654 
s 6
f 6524 6525 5656 5655 
f 6525 6526 5657 5656 
f 6526 6527 5658 5657 
f 6527 6528 5659 5658 
f 6528 6529 5660 5659 
f 6529 6530 5661 5660 
f 6530 6531 5662 5661 
s 2
f 6531 6532 5663 5662 
s 6
f 6532 6533 5664 5663 
f 6533 6534 5665 5664 
f 6534 6535 5666 5665 
f 6535 6536 5667 5666 
s 4
f 6536 6537 5668 5667 
s 6
f 6537 6538 5669 5668 
f 6538 6539 5670 5669 
f 6539 6540 5671 5670 
f 6540 6541 5672 5671 
s 2
f 6541 6542 5673 5672 
s off
f 5673 6543 5701 
f 5701 6543 5729 
f 5729 6543 5757 
f 5757 6543 5785 
f 5785 6543 5813 
f 5813 6543 5841 
f 5841 6543 5869 
f 5869 6543 5897 
f 5897 6543 5925 
f 5925 6543 5953 
f 5953 6543 5981 
f 5981 6543 6009 
f 6009 6543 6037 
f 6037 6543 6065 
f 6065 6543 6093 
f 6093 6543 6121 
f 6121 6543 6149 
f 6149 6543 6177 
f 6177 6543 6205 
f 6205 6543 6233 
f 6233 6543 6261 
f 6261 6543 6289 
f 6289 6543 6317 
f 6317 6543 6345 
f 6345 6543 6373 
f 6373 6543 6401 
f 6401 6543 6429 
f 6429 6543 6457 
f 6457 6543 6485 
f 6485 6543 6513 
f 6513 6543 6542 
f 6542 6543 5673 
s 1
f 6544 6557 6559 6584 
s 2
f 6555 6557 6573 6550 
f 6547 6572 6545 
f 6547 6546 6572 
f 6548 6589 6546 6547 
f 6565 6589 6548 
f 6549 6550 6589 6565 
f 6555 6550 6549 
f 6570 6571 6551 6545 
f 6571 6576 6551 
f 6571 6553 6580 6576 
f 6553 6552 6580 
f 6554 6544 6552 6553 
f 6554 6574 6544 
f 6573 6557 6574 
s 1
f 6556 6555 6549 6564 
f 6559 6557 6555 6556 
f 6556 6561 6558 6559 
f 6561 6556 6564 6560 
f 6564 6563 6562 6560 
f 6563 6564 6549 6565 
f 6586 6566 6548 6547 
f 6565 6548 6566 6563 
f 6569 6567 6566 6586 
f 6563 6566 6567 6562 
f 6588 6569 6586 6568 
f 6579 6582 6575 6577 
f 6579 6577 6576 6580 
f 6584 6578 6552 6544 
f 6580 6552 6578 6579 
f 6583 6581 6578 6584 
f 6579 6578 6581 6582 
f 6583 6584 6559 6558 
f 6551 6585 6568 6545 
f 6585 6551 6576 6577 
f 6545 6568 6586 6547 
f 6587 6585 6577 6575 
f 6568 6585 6587 6588 
s 2
f 6572 6570 6545 
f 6574 6557 6544 
s off
f 1842 1844 6590 
f 1844 1847 6590 
f 1847 1850 6590 
f 1850 1853 6590 
f 1853 1856 6590 
f 1856 1859 6590 
f 1859 1862 6590 
f 1862 1865 6590 
f 1865 1868 6590 
f 1868 1871 6590 
f 1871 1874 6590 
f 1874 1877 6590 
f 1877 1880 6590 
f 1880 1883 6590 
f 1883 1886 6590 
f 1886 1889 6590 
f 1889 1892 6590 
f 1892 1895 6590 
f 1895 1898 6590 
f 1898 1901 6590 
f 1901 1904 6590 
f 1904 1907 6590 
f 1907 1910 6590 
f 1910 1913 6590 
f 1913 1916 6590 
f 1916 1919 6590 
f 1919 1922 6590 
f 1922 1925 6590 
f 1925 1928 6590 
f 1928 1931 6590 
f 1931 1934 6590 
f 1934 1937 6590 
f 1937 1940 6590 
f 1940 1943 6590 
f 1943 1946 6590 
f 1946 1949 6590 
f 1949 1952 6590 
f 1952 1842 6590 
s 1
f 1992 2826 2925 2714 
f 2826 2923 2924 2925 
f 3805 3988 6607 6592 
f 3806 3805 6592 6593 
f 3807 3806 6593 6594 
f 3808 3807 6594 6595 
f 3809 3808 6595 6596 
f 3810 3809 6596 6597 
f 3811 3810 6597 6598 
f 3812 3811 6598 6599 
f 3813 3812 6599 6600 
f 3814 3813 6600 6601 
f 3815 3814 6601 6602 
f 3816 3815 6602 6603 
f 3817 3816 6603 6604 
f 3818 3817 6604 6605 
f 3819 3818 6605 6606 
f 3790 3819 6606 6591 
f 3988 4003 6609 6607 
f 3997 3790 6591 6608 
f 4003 4034 6610 6609 
f 4034 4035 6611 6610 
f 4035 4036 6612 6611 
f 4036 4037 6613 6612 
f 4037 4038 6614 6613 
f 4038 4039 6615 6614 
f 4039 4040 6616 6615 
f 4040 4041 6617 6616 
f 4041 4042 6618 6617 
f 4042 4043 6619 6618 
f 4043 4044 6620 6619 
f 4044 4045 6621 6620 
f 4045 4046 6622 6621 
f 4046 3997 6608 6622 
f 5366 5183 6624 6639 
f 5183 5184 6625 6624 
f 5184 5185 6626 6625 
f 5185 5186 6627 6626 
f 5186 5187 6628 6627 
f 5187 5188 6629 6628 
f 5188 5189 6630 6629 
f 5189 5190 6631 6630 
f 5190 5191 6632 6631 
f 5191 5192 6633 6632 
f 5192 5193 6634 6633 
f 5193 5194 6635 6634 
f 5194 5195 6636 6635 
f 5195 5196 6637 6636 
f 5196 5197 6638 6637 
f 5197 5168 6623 6638 
f 5381 5366 6639 6641 
f 5168 5375 6640 6623 
f 5412 5381 6641 6642 
f 5413 5412 6642 6643 
f 5414 5413 6643 6644 
f 5415 5414 6644 6645 
f 5416 5415 6645 6646 
f 5417 5416 6646 6647 
f 5418 5417 6647 6648 
f 5419 5418 6648 6649 
f 5420 5419 6649 6650 
f 5421 5420 6650 6651 
f 5422 5421 6651 6652 
f 5423 5422 6652 6653 
f 5424 5423 6653 6654 
f 5375 5424 6654 6640 
f 3647 3730 2880 3646 
f 3740 3647 3646 3739 
f 6979 6981 6985 6987 
s 4
f 6655 6662 6982 6978 
s 6
f 6655 6656 6663 6662 
f 6656 6657 6664 6663 
f 6657 6658 6665 6664 
f 6658 6659 6666 6665 
s 2
f 6659 6883 6885 6666 
s 4
f 6660 6667 6886 6882 
s 2
f 6660 6661 6668 6667 
s 1
f 6981 6990 6994 6985 
s 4
f 6662 6669 6991 6982 
s 6
f 6662 6663 6670 6669 
f 6663 6664 6671 6670 
f 6664 6665 6672 6671 
f 6665 6666 6673 6672 
s 2
f 6666 6885 6888 6673 
s 4
f 6667 6674 6889 6886 
s 2
f 6667 6668 6675 6674 
s 1
f 6990 6996 7000 6994 
s 4
f 6669 6676 6997 6991 
s 6
f 6669 6670 6677 6676 
f 6670 6671 6678 6677 
f 6671 6672 6679 6678 
f 6672 6673 6680 6679 
s 2
f 6673 6888 6891 6680 
s 4
f 6674 6681 6892 6889 
s 2
f 6674 6675 6682 6681 
s 1
f 6996 7002 7006 7000 
s 4
f 6676 6683 7003 6997 
s 6
f 6676 6677 6684 6683 
f 6677 6678 6685 6684 
f 6678 6679 6686 6685 
f 6679 6680 6687 6686 
s 2
f 6680 6891 6894 6687 
s 4
f 6681 6688 6895 6892 
s 2
f 6681 6682 6689 6688 
s 1
f 7002 7008 7012 7006 
s 4
f 6683 6690 7009 7003 
s 6
f 6683 6684 6691 6690 
f 6684 6685 6692 6691 
f 6685 6686 6693 6692 
f 6686 6687 6694 6693 
s 2
f 6687 6894 6897 6694 
s 4
f 6688 6695 6898 6895 
s 2
f 6688 6689 6696 6695 
s 1
f 7008 7014 7018 7012 
s 4
f 6690 6697 7015 7009 
s 6
f 6690 6691 6698 6697 
f 6691 6692 6699 6698 
f 6692 6693 6700 6699 
f 6693 6694 6701 6700 
s 2
f 6694 6897 6900 6701 
s 4
f 6695 6702 6901 6898 
s 2
f 6695 6696 6703 6702 
s 1
f 7014 7020 7024 7018 
s 4
f 6697 6704 7021 7015 
s 6
f 6697 6698 6705 6704 
f 6698 6699 6706 6705 
f 6699 6700 6707 6706 
f 6700 6701 6708 6707 
s 2
f 6701 6900 6903 6708 
s 4
f 6702 6709 6904 6901 
s 2
f 6702 6703 6710 6709 
s 1
f 7020 7026 7030 7024 
s 4
f 6704 6711 7027 7021 
s 6
f 6704 6705 6712 6711 
f 6705 6706 6713 6712 
f 6706 6707 6714 6713 
f 6707 6708 6715 6714 
s 2
f 6708 6903 6906 6715 
s 4
f 6709 6716 6907 6904 
s 2
f 6709 6710 6717 6716 
s 1
f 7026 7032 7036 7030 
s 4
f 6711 6718 7033 7027 
s 6
f 6711 6712 6719 6718 
f 6712 6713 6720 6719 
f 6713 6714 6721 6720 
f 6714 6715 6722 6721 
s 2
f 6715 6906 6909 6722 
s 4
f 6716 6723 6910 6907 
s 2
f 6716 6717 6724 6723 
s 1
f 7032 7038 7042 7036 
s 4
f 6718 6725 7039 7033 
s 6
f 6718 6719 6726 6725 
f 6719 6720 6727 6726 
f 6720 6721 6728 6727 
f 6721 6722 6729 6728 
s 2
f 6722 6909 6912 6729 
s 4
f 6723 6730 6913 6910 
s 2
f 6723 6724 6731 6730 
s 1
f 7038 7044 7048 7042 
s 4
f 6725 6732 7045 7039 
s 6
f 6725 6726 6733 6732 
f 6726 6727 6734 6733 
f 6727 6728 6735 6734 
f 6728 6729 6736 6735 
s 2
f 6729 6912 6915 6736 
s 4
f 6730 6737 6916 6913 
s 2
f 6730 6731 6738 6737 
s 1
f 7044 7050 7054 7048 
s 4
f 6732 6739 7051 7045 
s 6
f 6732 6733 6740 6739 
f 6733 6734 6741 6740 
f 6734 6735 6742 6741 
f 6735 6736 6743 6742 
s 2
f 6736 6915 6918 6743 
s 4
f 6737 6744 6919 6916 
s 2
f 6737 6738 6745 6744 
s 1
f 7050 7056 7060 7054 
s 4
f 6739 6746 7057 7051 
s 6
f 6739 6740 6747 6746 
f 6740 6741 6748 6747 
f 6741 6742 6749 6748 
f 6742 6743 6750 6749 
s 2
f 6743 6918 6921 6750 
s 4
f 6744 6751 6922 6919 
s 2
f 6744 6745 6752 6751 
s 1
f 7056 7062 7066 7060 
s 4
f 6746 6753 7063 7057 
s 6
f 6746 6747 6754 6753 
f 6747 6748 6755 6754 
f 6748 6749 6756 6755 
f 6749 6750 6757 6756 
s 2
f 6750 6921 6924 6757 
s 4
f 6751 6758 6925 6922 
s 2
f 6751 6752 6759 6758 
s 1
f 7062 7068 7072 7066 
s 4
f 6753 6760 7069 7063 
s 6
f 6753 6754 6761 6760 
f 6754 6755 6762 6761 
f 6755 6756 6763 6762 
f 6756 6757 6764 6763 
s 2
f 6757 6924 6927 6764 
s 4
f 6758 6765 6928 6925 
s 2
f 6758 6759 6766 6765 
s 1
f 7068 7074 7078 7072 
s 4
f 6760 6767 7075 7069 
s 6
f 6760 6761 6768 6767 
f 6761 6762 6769 6768 
f 6762 6763 6770 6769 
f 6763 6764 6771 6770 
s 2
f 6764 6927 6930 6771 
s 4
f 6765 6772 6931 6928 
s 2
f 6765 6766 6773 6772 
s 1
f 7074 7080 7084 7078 
s 4
f 6767 6774 7081 7075 
s 6
f 6767 6768 6775 6774 
f 6768 6769 6776 6775 
f 6769 6770 6777 6776 
f 6770 6771 6778 6777 
s 2
f 6771 6930 6933 6778 
s 4
f 6772 6779 6934 6931 
s 2
f 6772 6773 6780 6779 
s 1
f 7080 7086 7090 7084 
s 4
f 6774 6781 7087 7081 
s 6
f 6774 6775 6782 6781 
f 6775 6776 6783 6782 
f 6776 6777 6784 6783 
f 6777 6778 6785 6784 
s 2
f 6778 6933 6936 6785 
s 4
f 6779 6786 6937 6934 
s 2
f 6779 6780 6787 6786 
s 1
f 7086 7092 7096 7090 
s 4
f 6781 6788 7093 7087 
s 6
f 6781 6782 6789 6788 
f 6782 6783 6790 6789 
f 6783 6784 6791 6790 
f 6784 6785 6792 6791 
s 2
f 6785 6936 6939 6792 
s 4
f 6786 6793 6940 6937 
s 2
f 6786 6787 6794 6793 
s 1
f 7092 7098 7102 7096 
s 4
f 6788 6795 7099 7093 
s 6
f 6788 6789 6796 6795 
f 6789 6790 6797 6796 
f 6790 6791 6798 6797 
f 6791 6792 6799 6798 
s 2
f 6792 6939 6942 6799 
s 4
f 6793 6800 6943 6940 
s 2
f 6793 6794 6801 6800 
s 1
f 7098 7104 7108 7102 
s 4
f 6795 6802 7105 7099 
s 6
f 6795 6796 6803 6802 
f 6796 6797 6804 6803 
f 6797 6798 6805 6804 
f 6798 6799 6806 6805 
s 2
f 6799 6942 6945 6806 
s 4
f 6800 6807 6946 6943 
s 2
f 6800 6801 6808 6807 
s 1
f 7104 7110 7114 7108 
s 4
f 6802 6809 7111 7105 
s 6
f 6802 6803 6810 6809 
f 6803 6804 6811 6810 
f 6804 6805 6812 6811 
f 6805 6806 6813 6812 
s 2
f 6806 6945 6948 6813 
s 4
f 6807 6814 6949 6946 
s 2
f 6807 6808 6815 6814 
s 1
f 7110 7116 7120 7114 
s 4
f 6809 6816 7117 7111 
s 6
f 6809 6810 6817 6816 
f 6810 6811 6818 6817 
f 6811 6812 6819 6818 
f 6812 6813 6820 6819 
s 2
f 6813 6948 6951 6820 
s 4
f 6814 6821 6952 6949 
s 2
f 6814 6815 6822 6821 
s 1
f 7116 7122 7126 7120 
s 4
f 6816 6823 7123 7117 
s 6
f 6816 6817 6824 6823 
f 6817 6818 6825 6824 
f 6818 6819 6826 6825 
f 6819 6820 6827 6826 
s 2
f 6820 6951 6954 6827 
s 4
f 6821 6828 6955 6952 
s 2
f 6821 6822 6829 6828 
s 1
f 7122 7128 7132 7126 
s 4
f 6823 6830 7129 7123 
s 6
f 6823 6824 6831 6830 
f 6824 6825 6832 6831 
f 6825 6826 6833 6832 
f 6826 6827 6834 6833 
s 2
f 6827 6954 6957 6834 
s 4
f 6828 6835 6958 6955 
s 2
f 6828 6829 6836 6835 
s 1
f 7128 7134 7138 7132 
s 4
f 6830 6837 7135 7129 
s 6
f 6830 6831 6838 6837 
f 6831 6832 6839 6838 
f 6832 6833 6840 6839 
f 6833 6834 6841 6840 
s 2
f 6834 6957 6960 6841 
s 4
f 6835 6842 6961 6958 
s 2
f 6835 6836 6843 6842 
s 1
f 7134 7140 7144 7138 
s 4
f 6837 6844 7141 7135 
s 6
f 6837 6838 6845 6844 
f 6838 6839 6846 6845 
f 6839 6840 6847 6846 
f 6840 6841 6848 6847 
s 2
f 6841 6960 6963 6848 
s 4
f 6842 6849 6964 6961 
s 2
f 6842 6843 6850 6849 
s 1
f 7140 7146 7150 7144 
s 4
f 6844 6851 7147 7141 
s 6
f 6844 6845 6852 6851 
f 6845 6846 6853 6852 
f 6846 6847 6854 6853 
f 6847 6848 6855 6854 
s 2
f 6848 6963 6966 6855 
s 4
f 6849 6856 6967 6964 
s 2
f 6849 6850 6857 6856 
s 1
f 7146 7152 7156 7150 
s 4
f 6851 6858 7153 7147 
s 6
f 6851 6852 6859 6858 
f 6852 6853 6860 6859 
f 6853 6854 6861 6860 
f 6854 6855 6862 6861 
s 2
f 6855 6966 6969 6862 
s 4
f 6856 6863 6970 6967 
s 2
f 6856 6857 6864 6863 
s 1
f 7152 7158 7162 7156 
s 4
f 6858 6865 7159 7153 
s 6
f 6858 6859 6866 6865 
f 6859 6860 6867 6866 
f 6860 6861 6868 6867 
f 6861 6862 6869 6868 
s 2
f 6862 6969 6972 6869 
s 4
f 6863 6870 6973 6970 
s 2
f 6863 6864 6871 6870 
s 1
f 7158 7164 7168 7162 
s 4
f 6865 6872 7165 7159 
s 6
f 6865 6866 6873 6872 
f 6866 6867 6874 6873 
f 6867 6868 6875 6874 
f 6868 6869 6876 6875 
s 2
f 6869 6972 6975 6876 
s 4
f 6870 6877 6976 6973 
s 2
f 6870 6871 6878 6877 
s 1
f 7164 6979 6987 7168 
s 4
f 6872 6655 6978 7165 
s 6
f 6872 6873 6656 6655 
f 6873 6874 6657 6656 
f 6874 6875 6658 6657 
f 6875 6876 6659 6658 
s 2
f 6876 6975 6883 6659 
s 4
f 6877 6660 6882 6976 
s 2
f 6877 6878 6661 6660 
s off
f 6668 6661 6879 
f 6661 6878 6879 
f 6878 6871 6879 
f 6871 6864 6879 
f 6864 6857 6879 
f 6857 6850 6879 
f 6850 6843 6879 
f 6843 6836 6879 
f 6836 6829 6879 
f 6829 6822 6879 
f 6822 6815 6879 
f 6815 6808 6879 
f 6808 6801 6879 
f 6801 6794 6879 
f 6794 6787 6879 
f 6787 6780 6879 
f 6780 6773 6879 
f 6773 6766 6879 
f 6766 6759 6879 
f 6759 6752 6879 
f 6752 6745 6879 
f 6745 6738 6879 
f 6738 6731 6879 
f 6731 6724 6879 
f 6724 6717 6879 
f 6717 6710 6879 
f 6710 6703 6879 
f 6703 6696 6879 
f 6696 6689 6879 
f 6689 6682 6879 
f 6682 6675 6879 
f 6675 6668 6879 
f 6988 6984 6880 
f 6984 6993 6880 
f 6993 6999 6880 
f 6999 7005 6880 
f 7005 7011 6880 
f 7011 7017 6880 
f 7017 7023 6880 
f 7023 7029 6880 
f 7029 7035 6880 
f 7035 7041 6880 
f 7041 7047 6880 
f 7047 7053 6880 
f 7053 7059 6880 
f 7059 7065 6880 
f 7065 7071 6880 
f 7071 7077 6880 
f 7077 7083 6880 
f 7083 7089 6880 
f 7089 7095 6880 
f 7095 7101 6880 
f 7101 7107 6880 
f 7107 7113 6880 
f 7113 7119 6880 
f 7119 7125 6880 
f 7125 7131 6880 
f 7131 7137 6880 
f 7137 7143 6880 
f 7143 7149 6880 
f 7149 7155 6880 
f 7155 7161 6880 
f 7161 7167 6880 
f 7167 6988 6880 
s 2
f 6885 6883 6881 6884 
s 4
f 6882 6886 6884 6881 
s 2
f 6888 6885 6884 6887 
s 4
f 6886 6889 6887 6884 
s 2
f 6891 6888 6887 6890 
s 4
f 6889 6892 6890 6887 
s 2
f 6894 6891 6890 6893 
s 4
f 6892 6895 6893 6890 
s 2
f 6897 6894 6893 6896 
s 4
f 6895 6898 6896 6893 
s 2
f 6900 6897 6896 6899 
s 4
f 6898 6901 6899 6896 
s 2
f 6903 6900 6899 6902 
s 4
f 6901 6904 6902 6899 
s 2
f 6906 6903 6902 6905 
s 4
f 6904 6907 6905 6902 
s 2
f 6909 6906 6905 6908 
s 4
f 6907 6910 6908 6905 
s 2
f 6912 6909 6908 6911 
s 4
f 6910 6913 6911 6908 
s 2
f 6915 6912 6911 6914 
s 4
f 6913 6916 6914 6911 
s 2
f 6918 6915 6914 6917 
s 4
f 6916 6919 6917 6914 
s 2
f 6921 6918 6917 6920 
s 4
f 6919 6922 6920 6917 
s 2
f 6924 6921 6920 6923 
s 4
f 6922 6925 6923 6920 
s 2
f 6927 6924 6923 6926 
s 4
f 6925 6928 6926 6923 
s 2
f 6930 6927 6926 6929 
s 4
f 6928 6931 6929 6926 
s 2
f 6933 6930 6929 6932 
s 4
f 6931 6934 6932 6929 
s 2
f 6936 6933 6932 6935 
s 4
f 6934 6937 6935 6932 
s 2
f 6939 6936 6935 6938 
s 4
f 6937 6940 6938 6935 
s 2
f 6942 6939 6938 6941 
s 4
f 6940 6943 6941 6938 
s 2
f 6945 6942 6941 6944 
s 4
f 6943 6946 6944 6941 
s 2
f 6948 6945 6944 6947 
s 4
f 6946 6949 6947 6944 
s 2
f 6951 6948 6947 6950 
s 4
f 6949 6952 6950 6947 
s 2
f 6954 6951 6950 6953 
s 4
f 6952 6955 6953 6950 
s 2
f 6957 6954 6953 6956 
s 4
f 6955 6958 6956 6953 
s 2
f 6960 6957 6956 6959 
s 4
f 6958 6961 6959 6956 
s 2
f 6963 6960 6959 6962 
s 4
f 6961 6964 6962 6959 
s 2
f 6966 6963 6962 6965 
s 4
f 6964 6967 6965 6962 
s 2
f 6969 6966 6965 6968 
s 4
f 6967 6970 6968 6965 
s 2
f 6972 6969 6968 6971 
s 4
f 6970 6973 6971 6968 
s 2
f 6975 6972 6971 6974 
s 4
f 6973 6976 6974 6971 
s 2
f 6883 6975 6974 6881 
s 4
f 6976 6882 6881 6974 
s 1
f 6981 6979 6977 6980 
f 6987 6985 6983 6986 
s 4
f 6978 6982 6980 6977 
s 1
f 6990 6981 6980 6989 
f 6985 6994 6992 6983 
s 4
f 6982 6991 6989 6980 
s 1
f 6996 6990 6989 6995 
f 6994 7000 6998 6992 
s 4
f 6991 6997 6995 6989 
s 1
f 7002 6996 6995 7001 
f 7000 7006 7004 6998 
s 4
f 6997 7003 7001 6995 
s 1
f 7008 7002 7001 7007 
f 7006 7012 7010 7004 
s 4
f 7003 7009 7007 7001 
s 1
f 7014 7008 7007 7013 
f 7012 7018 7016 7010 
s 4
f 7009 7015 7013 7007 
s 1
f 7020 7014 7013 7019 
f 7018 7024 7022 7016 
s 4
f 7015 7021 7019 7013 
s 1
f 7026 7020 7019 7025 
f 7024 7030 7028 7022 
s 4
f 7021 7027 7025 7019 
s 1
f 7032 7026 7025 7031 
f 7030 7036 7034 7028 
s 4
f 7027 7033 7031 7025 
s 1
f 7038 7032 7031 7037 
f 7036 7042 7040 7034 
s 4
f 7033 7039 7037 7031 
s 1
f 7044 7038 7037 7043 
f 7042 7048 7046 7040 
s 4
f 7039 7045 7043 7037 
s 1
f 7050 7044 7043 7049 
f 7048 7054 7052 7046 
s 4
f 7045 7051 7049 7043 
s 1
f 7056 7050 7049 7055 
f 7054 7060 7058 7052 
s 4
f 7051 7057 7055 7049 
s 1
f 7062 7056 7055 7061 
f 7060 7066 7064 7058 
s 4
f 7057 7063 7061 7055 
s 1
f 7068 7062 7061 7067 
f 7066 7072 7070 7064 
s 4
f 7063 7069 7067 7061 
s 1
f 7074 7068 7067 7073 
f 7072 7078 7076 7070 
s 4
f 7069 7075 7073 7067 
s 1
f 7080 7074 7073 7079 
f 7078 7084 7082 7076 
s 4
f 7075 7081 7079 7073 
s 1
f 7086 7080 7079 7085 
f 7084 7090 7088 7082 
s 4
f 7081 7087 7085 7079 
s 1
f 7092 7086 7085 7091 
f 7090 7096 7094 7088 
s 4
f 7087 7093 7091 7085 
s 1
f 7098 7092 7091 7097 
f 7096 7102 7100 7094 
s 4
f 7093 7099 7097 7091 
s 1
f 7104 7098 7097 7103 
f 7102 7108 7106 7100 
s 4
f 7099 7105 7103 7097 
s 1
f 7110 7104 7103 7109 
f 7108 7114 7112 7106 
s 4
f 7105 7111 7109 7103 
s 1
f 7116 7110 7109 7115 
f 7114 7120 7118 7112 
s 4
f 7111 7117 7115 7109 
s 1
f 7122 7116 7115 7121 
f 7120 7126 7124 7118 
s 4
f 7117 7123 7121 7115 
s 1
f 7128 7122 7121 7127 
f 7126 7132 7130 7124 
s 4
f 7123 7129 7127 7121 
s 1
f 7134 7128 7127 7133 
f 7132 7138 7136 7130 
s 4
f 7129 7135 7133 7127 
s 1
f 7140 7134 7133 7139 
f 7138 7144 7142 7136 
s 4
f 7135 7141 7139 7133 
s 1
f 7146 7140 7139 7145 
f 7144 7150 7148 7142 
s 4
f 7141 7147 7145 7139 
s 1
f 7152 7146 7145 7151 
f 7150 7156 7154 7148 
s 4
f 7147 7153 7151 7145 
s 1
f 7158 7152 7151 7157 
f 7156 7162 7160 7154 
s 4
f 7153 7159 7157 7151 
s 1
f 7164 7158 7157 7163 
f 7162 7168 7166 7160 
s 4
f 7159 7165 7163 7157 
s 1
f 6979 7164 7163 6977 
f 7168 6987 6986 7166 
s 4
f 7165 6978 6977 7163 
s off
f 6984 6988 6986 6983 
f 6993 6984 6983 6992 
f 6999 6993 6992 6998 
f 7005 6999 6998 7004 
f 7011 7005 7004 7010 
f 7017 7011 7010 7016 
f 7023 7017 7016 7022 
f 7029 7023 7022 7028 
f 7035 7029 7028 7034 
f 7041 7035 7034 7040 
f 7047 7041 7040 7046 
f 7053 7047 7046 7052 
f 7059 7053 7052 7058 
f 7065 7059 7058 7064 
f 7071 7065 7064 7070 
f 7077 7071 7070 7076 
f 7083 7077 7076 7082 
f 7089 7083 7082 7088 
f 7095 7089 7088 7094 
f 7101 7095 7094 7100 
f 7107 7101 7100 7106 
f 7113 7107 7106 7112 
f 7119 7113 7112 7118 
f 7125 7119 7118 7124 
f 7131 7125 7124 7130 
f 7137 7131 7130 7136 
f 7143 7137 7136 7142 
f 7149 7143 7142 7148 
f 7155 7149 7148 7154 
f 7161 7155 7154 7160 
f 7167 7161 7160 7166 
f 6988 7167 7166 6986 
s 1
f 7169 1973 1974 7170 
f 7171 2825 1955 7186 
f 7172 2129 2133 7173 
f 7174 2128 2129 7172 
f 7175 2121 2128 7174 
f 7176 2120 2121 7175 
f 7177 2113 2120 7176 
f 7178 2108 2113 7177 
f 7179 2104 2108 7178 
f 7180 2103 2104 7179 
f 7170 1974 2103 7180 
f 7181 2724 2722 7182 
f 7183 2725 2724 7181 
f 7185 1971 2725 7183 
f 7169 1972 1971 7185 
f 7184 3730 1956 7173 
f 7171 2834 2000 7182 
f 7187 3066 2943 7188 
f 7186 1955 3734 7200 
f 7189 3093 3088 7190 
f 7190 3088 3087 7199 
f 7199 3087 3080 7198 
f 7198 3080 3079 7197 
f 7197 3079 3072 7196 
f 7196 3072 3064 7195 
f 7195 3064 3065 7194 
f 7194 3065 3067 7191 
f 7191 3067 3066 7187 
f 7201 3722 3723 7192 
f 7192 3723 3724 7202 
f 7202 3724 3725 7193 
f 7193 3725 2876 7188 
f 7189 2880 3730 7184 
f 7200 3734 3722 7201 
f 2897 2720 7216 7218 
f 2720 2719 7215 7216 
f 2719 2718 7214 7215 
f 2718 1963 7203 7214 
f 1963 1964 7204 7203 
f 1964 1965 7205 7204 
f 1965 1966 7206 7205 
f 1966 1967 7207 7206 
f 1967 1968 7208 7207 
f 1968 2717 7213 7208 
f 2717 1969 7209 7213 
f 1969 2716 7212 7209 
f 2716 2715 7211 7212 
f 2715 2714 7210 7211 
f 2714 2925 7232 7210 
f 2896 2897 7218 7217 
f 2899 2896 7217 7219 
f 2901 2899 7219 7220 
f 2903 2901 7220 7221 
f 2905 2903 7221 7222 
f 2907 2905 7222 7223 
f 2909 2907 7223 7224 
f 2911 2909 7224 7225 
f 2913 2911 7225 7226 
f 2915 2913 7226 7227 
f 2917 2915 7227 7228 
f 2920 2917 7228 7229 
f 2922 2920 7229 7230 
f 2924 2922 7230 7231 
f 2925 2924 7231 7232 
f 7278 7318 7234 7233 
s 2
f 7415 7416 7449 
s 1
f 7302 7245 7479 
f 7481 7382 7381 7480 
f 7481 7380 7382 
f 7481 7247 7359 7380 
f 7247 7248 7294 7359 
f 7249 7358 7294 7248 
f 7303 7293 7358 7249 
f 7303 7357 7293 
f 7303 7304 7292 7357 
f 7305 7291 7356 7304 
f 7305 7251 7290 7291 
f 7251 7253 7250 7290 
f 7253 7252 7250 
f 7253 7255 7289 7252 
f 7255 7254 7289 
f 7257 7256 7254 7255 
f 7259 7258 7256 7257 
f 7259 7261 7288 7258 
f 7261 7306 7260 7288 
f 7306 7307 7262 7260 
f 7307 7308 7263 7262 
f 7308 7264 7263 
f 7266 7265 7264 7308 
f 7266 7309 7287 7265 
f 7309 7310 7286 7287 
f 7310 7268 7267 7286 
f 7268 7269 7285 7267 
f 7269 7272 7284 7285 
f 7272 7270 7284 
f 7272 7312 7271 7270 
f 7312 7314 7273 7271 
f 7314 7276 7274 7273 
f 7276 7316 7275 7274 
f 7316 7317 7278 7275 
f 7318 7278 7317 
s 2
f 7423 7449 7422 
f 7450 7412 7413 
f 7413 7414 7449 7450 
f 7415 7449 7414 
f 7417 7449 7416 
f 7419 7449 7418 
f 7421 7449 7420 
f 7451 7408 7409 7450 
f 7451 7407 7408 
f 7451 7405 7406 
f 7451 7403 7404 
f 7451 7401 7402 
f 7452 7399 7400 7451 
f 7452 7398 7399 
f 7452 7396 7397 
f 7452 7393 7394 
f 7452 7391 7392 
f 7452 7445 7446 
f 7447 7444 7445 7452 
f 7447 7441 7442 
f 7447 7439 7440 
f 7447 7437 7438 
f 7447 7435 7436 
f 7448 7434 7435 7447 
f 7448 7433 7434 
f 7448 7432 7433 
f 7448 7430 7431 
f 7448 7428 7429 
f 7449 7425 7426 7448 
f 7449 7424 7425 
f 7436 7437 7447 
f 7381 7333 7390 
f 7311 7310 7346 
f 7347 7268 7310 7311 
f 7348 7269 7268 7347 
f 7348 7349 7272 7269 
f 7349 7313 7312 7272 
f 7350 7312 7313 
f 7351 7314 7312 7350 
f 7315 7276 7314 7351 
f 7353 7316 7276 7315 
f 7353 7317 7316 
f 7353 7354 7318 7317 
f 7354 7319 7234 7318 
f 7345 7279 7234 7319 
f 7360 7280 7279 7345 
f 7360 7361 7281 7280 
f 7361 7320 7282 7281 
f 7363 7282 7320 
f 7363 7321 7283 7282 
f 7321 7366 7277 7283 
f 7366 7367 7322 7277 
f 7367 7368 7301 7322 
f 7368 7369 7300 7301 
f 7370 7325 7323 7300 
f 7325 7326 7324 7323 
f 7326 7372 7299 7324 
f 7374 7375 7327 7299 
f 7375 7376 7328 7327 
f 7378 7328 7376 
f 7378 7384 7297 7328 
f 7384 7329 7296 7297 
f 7329 7387 7330 7296 
f 7387 7388 7331 7330 
f 7388 7389 7332 7331 
f 7389 7390 7333 7332 
s 1
f 7342 7499 7500 7334 
s 4
f 7334 7500 7501 7295 
s 1
f 7295 7501 7502 7298 
s 4
f 7298 7502 7503 7337 
s 1
f 7337 7503 7504 7339 
s 4
f 7339 7504 7499 7342 
s 2
f 7335 7341 7338 7340 
f 7343 7341 7335 7336 
s 4
f 7319 7355 7344 7345 
f 7453 7353 7315 7511 
f 7235 7354 7353 7453 
f 7355 7319 7354 7235 
s 1
f 7292 7304 7356 
s 2
f 7440 7441 7447 
s 4
f 7236 7360 7345 7344 
f 7236 7362 7361 7360 
f 7237 7361 7362 
f 7237 7238 7320 7361 
f 7238 7364 7363 7320 
s 1
f 7365 7364 7461 7463 
s 4
f 7239 7366 7321 7365 
f 7239 7240 7367 7366 
f 7240 7368 7367 
f 7241 7369 7368 7240 
f 7242 7370 7369 7241 
f 7371 7325 7370 7242 
f 7371 7243 7326 7325 
f 7373 7372 7326 7243 
s 1
f 7244 7373 7470 7472 
s 4
f 7377 7375 7374 7244 
f 7377 7379 7376 7375 
f 7379 7383 7378 7376 
f 7385 7384 7378 7383 
f 7385 7386 7329 7384 
f 7386 7387 7329 
s 2
f 7395 7452 7394 
f 7447 7443 7444 
f 7447 7442 7443 
f 7447 7438 7439 
f 7448 7431 7432 
s 4
f 7244 7374 7372 7373 
s 2
f 7374 7299 7372 
f 7370 7300 7369 
s 4
f 7365 7321 7363 7364 
s 2
f 7452 7395 7396 
f 7452 7397 7398 
f 7451 7400 7401 
f 7451 7404 7405 
f 7451 7402 7403 
f 7451 7406 7407 
f 7410 7411 7450 
f 7409 7410 7450 
f 7450 7411 7412 
s 1
f 7233 7234 7279 
s 2
f 7417 7418 7449 
f 7419 7420 7449 
f 7449 7421 7422 
f 7449 7423 7424 
f 7427 7428 7448 
f 7426 7427 7448 
f 7448 7429 7430 
f 7452 7446 7391 
f 7452 7392 7393 
s off
f 7290 7250 7392 7391 
f 7250 7252 7393 7392 
f 7252 7289 7394 7393 
f 7289 7254 7395 7394 
f 7254 7256 7396 7395 
f 7256 7258 7397 7396 
f 7258 7288 7398 7397 
f 7288 7260 7399 7398 
f 7260 7262 7400 7399 
f 7262 7263 7401 7400 
f 7263 7264 7402 7401 
f 7264 7265 7403 7402 
f 7265 7287 7404 7403 
f 7287 7286 7405 7404 
f 7286 7267 7406 7405 
f 7267 7285 7407 7406 
f 7285 7284 7408 7407 
f 7284 7270 7409 7408 
f 7270 7271 7410 7409 
f 7271 7273 7411 7410 
f 7273 7274 7412 7411 
f 7274 7275 7413 7412 
f 7275 7278 7414 7413 
f 7278 7233 7415 7414 
f 7233 7279 7416 7415 
f 7279 7280 7417 7416 
f 7280 7281 7418 7417 
f 7281 7282 7419 7418 
f 7282 7283 7420 7419 
f 7283 7277 7421 7420 
f 7277 7322 7422 7421 
f 7322 7301 7423 7422 
f 7301 7300 7424 7423 
f 7300 7323 7425 7424 
f 7323 7324 7426 7425 
f 7324 7299 7427 7426 
f 7299 7327 7428 7427 
f 7327 7328 7429 7428 
f 7328 7297 7430 7429 
f 7297 7296 7431 7430 
f 7296 7330 7432 7431 
f 7330 7331 7433 7432 
f 7331 7332 7434 7433 
f 7332 7333 7435 7434 
f 7333 7381 7436 7435 
f 7381 7382 7437 7436 
f 7382 7380 7438 7437 
f 7380 7359 7439 7438 
f 7359 7294 7440 7439 
f 7294 7358 7441 7440 
f 7358 7293 7442 7441 
f 7293 7357 7443 7442 
f 7357 7292 7444 7443 
f 7292 7356 7445 7444 
f 7356 7291 7446 7445 
f 7291 7290 7391 7446 
f 7295 7298 7448 7447 
f 7298 7337 7449 7448 
f 7337 7339 7450 7449 
f 7339 7342 7451 7450 
f 7342 7334 7452 7451 
f 7334 7295 7447 7452 
s 1
f 7454 7235 7453 
f 7455 7355 7235 7454 
f 7456 7344 7355 7455 
f 7457 7236 7344 7456 
f 7458 7362 7236 7457 
f 7459 7237 7362 7458 
f 7460 7238 7237 7459 
f 7461 7364 7238 7460 
f 7462 7239 7365 7463 
f 7464 7240 7239 7462 
f 7465 7241 7240 7464 
f 7466 7242 7241 7465 
f 7467 7371 7242 7468 
f 7469 7243 7371 7467 
f 7470 7373 7243 7469 
f 7471 7377 7244 7472 
f 7473 7379 7377 7471 
f 7474 7383 7379 7473 
f 7475 7385 7383 7474 
f 7476 7385 7475 
f 7477 7386 7385 7476 
f 7478 7387 7386 7477 
f 7479 7388 7387 7478 
f 7245 7389 7388 7479 
f 7246 7390 7389 7245 
f 7480 7381 7390 7246 
s 2
f 7482 7247 7481 
f 7483 7248 7247 7482 
f 7484 7249 7248 7483 
f 7485 7303 7249 7484 
f 7486 7304 7303 7485 
f 7487 7305 7304 7486 
f 7488 7251 7305 7487 
f 7489 7253 7251 7488 
f 7490 7255 7253 7489 
f 7491 7257 7255 7490 
f 7492 7259 7257 7491 
f 7493 7261 7259 7492 
f 7494 7306 7261 7493 
f 7495 7307 7306 7494 
f 7496 7308 7307 7495 
f 7497 7266 7308 7496 
f 7498 7309 7266 7497 
f 7346 7310 7309 7498 
s 1
f 7499 7341 7343 7500 
s 4
f 7500 7343 7336 7501 
s 1
f 7501 7336 7335 7502 
s 4
f 7502 7335 7340 7503 
s 1
f 7503 7340 7338 7504 
s 4
f 7504 7338 7341 7499 
f 7505 7311 7346 
f 7506 7347 7311 7505 
f 7507 7348 7347 7506 
f 7508 7349 7348 7507 
f 7509 7313 7349 7508 
f 7510 7350 7313 7509 
f 7352 7351 7350 7510 
f 7511 7315 7351 7352 
s 1
f 7468 7242 7466 
# 7155 polygons - 440 triangles

